sample_id,u_peak,u_r,tau_peak,tau_r,true_a,true_b,true_c,true_d,true_e,estimated_a,estimated_b,estimated_c,estimated_d,estimated_e,error_b,abs_error_b,error_d,abs_error_d,error_e,abs_error_e,curve_rmse_tau_u,curve_mae_tau_u,curve_r2_tau_u,curve_valid,dataset,model_name
7,0.72,2.75,0.044,0.03175,0.03175,0.0801325410005739,1.818181818181818,0.1118825410005739,3.441242286799551,0.03175,0.3523185641580898,1.818181818181818,0.3840685641580898,2.2074995237463697,0.27218602315751594,0.27218602315751594,0.27218602315751594,0.27218602315751594,-1.2337427630531814,1.2337427630531814,0.0031050930527827276,0.002543505946099297,0.7909093462091497,True,FULL,FULL_exp_log_rank_3
8,0.92,3.0,0.035,0.02825,0.02825,0.0557241852265918,1.6666666666666667,0.0839741852265918,3.007954906577982,0.02825,0.1906765708447079,1.6666666666666667,0.2189265708447079,2.0325747803566987,0.1349523856181161,0.1349523856181161,0.13495238561811612,0.13495238561811612,-0.9753801262212831,0.9753801262212831,0.0013206787102184108,0.0010728880999725048,0.940762746245819,True,FULL,FULL_exp_log_rank_3
9,0.97,3.0,0.029,0.0255,0.0255,0.0288872445152351,1.6666666666666667,0.0543872445152351,3.290221199159674,0.0255,0.1086088597811917,1.6666666666666667,0.1341088597811917,2.1434700490200185,0.0797216152659566,0.0797216152659566,0.07972161526595659,0.07972161526595659,-1.1467511501396555,1.1467511501396555,0.0010529026361435713,0.0008819729545411231,0.9468703292999107,True,FULL,FULL_exp_log_rank_3
11,0.78,3.5,0.05,0.0417499999999999,0.0417499999999999,0.0354980845491272,1.4285714285714286,0.0772480845491271,4.004659571873231,0.0417499999999999,0.3668230026877525,1.4285714285714286,0.4085730026877524,1.994806179841057,0.3313249181386253,0.3313249181386253,0.3313249181386253,0.3313249181386253,-2.0098533920321735,2.0098533920321735,0.013640770806994799,0.010407182400137455,-2.8422045002602325,True,FULL,FULL_exp_log_rank_3
12,1.25,3.5,0.04,0.034,0.034,0.0670624339164287,1.4285714285714286,0.1010624339164287,2.366794324621144,0.034,0.1881830115217537,1.4285714285714286,0.2221830115217537,1.7011391240065383,0.121120577605325,0.121120577605325,0.121120577605325,0.121120577605325,-0.6656552006146055,0.6656552006146055,0.0018626573759086451,0.0011397863101855346,0.9170530833373403,True,FULL,FULL_exp_log_rank_3
13,1.8,4.0,0.035,0.033,0.033,0.0334302203204883,1.25,0.0664302203204883,2.0972939397426664,0.033,0.0522428163320349,1.25,0.0852428163320349,1.6893266070064528,0.018812596011546598,0.018812596011546598,0.018812596011546598,0.018812596011546598,-0.40796733273621366,0.40796733273621366,0.0013303449146494996,0.0007740603362486906,0.9540000109631315,True,FULL,FULL_exp_log_rank_3
19,1.55,12.0,1.02,0.8525,0.8525,0.3782821788444106,0.4166666666666667,1.2307821788444109,2.3791759662313843,0.8525,0.909775047612742,0.4166666666666667,1.762275047612742,1.7800799021032911,0.5314928687683314,0.5314928687683314,0.5314928687683311,0.5314928687683311,-0.5990960641280931,0.5990960641280931,0.08200399701244533,0.05283521497728048,0.5245256195471738,True,FULL,FULL_exp_log_rank_3
20,1.71,12.0,2.57,1.7327500000000002,1.7327500000000002,2.210315622373947,0.4166666666666667,3.9430656223739473,1.6207235717983703,1.7327500000000002,0.4596800627530979,0.4166666666666667,2.192430062753098,2.339185046040977,-1.7506355596208492,1.7506355596208492,-1.7506355596208492,1.7506355596208492,0.7184614742426065,0.7184614742426065,0.2748647555378601,0.17800188944709777,0.390698424872325,True,FULL,FULL_exp_log_rank_3
27,0.87,3.25,2.35,1.9075,1.9075,2.7034029995062916,1.5384615384615383,4.610902999506291,3.276941309100947,1.9075,0.0710533981387135,1.5384615384615383,1.9785533981387136,7.123941828827372,-2.632349601367578,2.632349601367578,-2.6323496013675776,2.6323496013675776,3.8470005197264254,3.8470005197264254,0.20816353209552402,0.14698685291112829,0.6441069954644063,True,FULL,FULL_exp_log_rank_3
28,0.13,1.325,1.02,0.6675,0.6675,0.6738254010838505,3.7735849056603774,1.3413254010838505,23.891608655167115,0.6675,0.4983046828636803,3.7735849056603774,1.1658046828636803,24.792632853645653,-0.17552071822017018,0.17552071822017018,-0.17552071822017012,0.17552071822017012,0.9010241984785381,0.9010241984785381,0.03634984169904712,0.02226464960270553,0.9239942510252821,True,FULL,FULL_exp_log_rank_3
29,0.6,2.425,4.93,4.2975,4.2975,3.110870023650559,2.061855670103093,7.408370023650559,5.517814597970529,4.2975,0.3911565176264071,2.061855670103093,4.6886565176264074,8.577382280582022,-2.719713506024152,2.719713506024152,-2.719713506024152,2.719713506024152,3.059567682611493,3.059567682611493,0.25589849218326816,0.17631378604685774,0.8699616069534788,True,FULL,FULL_exp_log_rank_3
30,2.17,3.85,16.37,14.955,14.955,60.674147880173095,1.2987012987012987,75.6291478801731,1.6284330431129306,14.955,106.98663361806676,1.2987012987012987,121.94163361806676,1.3904545491108713,46.31248573789367,46.31248573789367,46.31248573789367,46.31248573789367,-0.23797849400205928,0.23797849400205928,1.5933622797823854,1.1462372339651699,0.7189973051814327,True,FULL,FULL_exp_log_rank_3
31,0.24,1.275,0.66,0.475,0.475,0.6758571313827281,3.9215686274509807,1.150857131382728,11.17767536247715,0.475,0.4983416852739468,3.9215686274509807,0.9733416852739468,11.013605630483791,-0.17751544610878128,0.17751544610878128,-0.17751544610878123,0.17751544610878123,-0.16406973199335795,0.16406973199335795,0.029438613226182395,0.0189871980600577,0.8993242907449932,True,FULL,FULL_exp_log_rank_3
33,2.26,4.125,16.14,11.3475,11.3475,422.7987490320256,1.2121212121212122,434.1462490320256,1.3091974223177918,11.3475,202.19489782421505,1.2121212121212122,213.54239782421504,1.2498417223959082,-220.60385120781058,220.60385120781058,-220.60385120781055,220.60385120781055,-0.05935569992188361,0.05935569992188361,5.235733208123137,4.033025384919876,-1.0627154674963704,True,FULL,FULL_exp_log_rank_3
34,0.47,1.525,1.07,0.6975,0.6975,4.0455139668571585,3.278688524590164,4.743013966857158,4.812842755740618,0.6975,2.0658168066224745,3.278688524590164,2.7633168066224747,4.63355362214719,-1.979697160234684,1.979697160234684,-1.9796971602346836,1.9796971602346836,-0.17928913359342857,0.17928913359342857,0.15417462162879858,0.11086100254384539,0.30233377339066947,True,FULL,FULL_exp_log_rank_3
35,0.47,2.2,4.91,4.25,4.25,2.5915991927768687,2.2727272727272725,6.841599192776869,7.213346651196478,4.25,0.5065850753094283,2.2727272727272725,4.756585075309428,10.240794627770525,-2.0850141174674404,2.0850141174674404,-2.0850141174674404,2.0850141174674404,3.027447976574047,3.027447976574047,0.2355999599690348,0.15780827273651257,0.8768957952311237,True,FULL,FULL_exp_log_rank_3
36,1.48,3.625,14.91,14.235,14.235,8.232456046268986,1.3793103448275863,22.467456046268985,2.7321098339023515,14.235,30.057132353410644,1.3793103448275863,44.29213235341064,1.8336599309004609,21.824676307141658,21.824676307141658,21.824676307141658,21.824676307141658,-0.8984499030018906,0.8984499030018906,0.4379767735418911,0.30806230523888617,0.9711011938521391,True,FULL,FULL_exp_log_rank_3
37,0.11,1.325,0.89,0.5625,0.5625,0.5639971811696873,3.7735849056603774,1.1264971811696871,29.2958502513531,0.5625,0.3552091693791752,3.7735849056603774,0.9177091693791752,31.770828291422365,-0.20878801179051215,0.20878801179051215,-0.20878801179051187,0.20878801179051187,2.4749780400692636,2.4749780400692636,0.04499515291903975,0.027248833888446705,0.8473404555317785,True,FULL,FULL_exp_log_rank_3
38,0.26,2.175,5.3,4.1,4.1,2.5910971306331803,2.298850574712644,6.69109713063318,13.042743993933716,4.1,0.8614122224410492,2.298850574712644,4.961412222441049,16.647872609608093,-1.729684908192131,1.729684908192131,-1.729684908192131,1.729684908192131,3.605128615674378,3.605128615674378,0.31193585561106024,0.19516463274358503,0.7521614730869839,True,FULL,FULL_exp_log_rank_3
39,0.54,3.35,15.9,14.4675,14.4675,3.852469877296928,1.4925373134328357,18.319969877296927,7.688914610134782,14.4675,16.82877647756665,1.4925373134328357,31.296276477566646,4.807586153983077,12.976306600269721,12.976306600269721,12.97630660026972,12.97630660026972,-2.8813284561517056,2.8813284561517056,1.6272807698390168,1.0786443020681733,0.31801086986613913,True,FULL,FULL_exp_log_rank_3
40,0.3,1.35,0.88,0.635,0.635,1.1651130574348498,3.7037037037037033,1.8001130574348498,8.547982610717572,0.635,0.8679724100972537,3.7037037037037033,1.5029724100972537,8.171614771198081,-0.29714064733759615,0.29714064733759615,-0.29714064733759615,0.29714064733759615,-0.3763678395194905,0.3763678395194905,0.04809159219161738,0.031308125527611176,0.8621629507596231,True,FULL,FULL_exp_log_rank_3
41,0.38,2.175,5.2,4.3975,4.3975,2.452688320111813,2.298850574712644,6.850188320111813,9.031706106944794,4.3975,0.5603654918823651,2.298850574712644,4.957865491882365,12.49007882489133,-1.8923228282294478,1.8923228282294478,-1.8923228282294478,1.8923228282294478,3.4583727179465367,3.4583727179465367,0.2596938761476788,0.16878773355232604,0.8476336808901166,True,FULL,FULL_exp_log_rank_3
42,0.71,3.35,16.28,14.8375,14.8375,5.373344828404187,1.4925373134328357,20.210844828404188,5.457009220110153,14.8375,27.82839982128116,1.4925373134328357,42.66589982128116,3.1435476704980254,22.455054992876974,22.455054992876974,22.45505499287697,22.45505499287697,-2.313461549612128,2.313461549612128,1.7301148743653467,1.2254168895624298,0.3943916162124169,True,FULL,FULL_exp_log_rank_3
43,0.88,1.475,0.58,0.535,0.535,2.3643732180319175,3.389830508474576,2.8993732180319176,4.157276354583812,0.535,3.5407214967749825,3.389830508474576,4.075721496774983,3.626394392791501,1.176348278743065,1.176348278743065,1.176348278743065,1.176348278743065,-0.5308819617923106,0.5308819617923106,0.05817230133574707,0.042436070076118944,0.709994033533466,True,FULL,FULL_exp_log_rank_3
44,1.5,2.625,3.89,3.6325,3.6325,10.486129835864666,1.9047619047619049,14.118629835864668,2.474961892115721,3.6325,6.268606701907975,1.9047619047619049,9.901106701907976,2.349342516886034,-4.217523133956691,4.217523133956691,-4.217523133956693,4.217523133956693,-0.1256193752296868,0.1256193752296868,0.2964898091921139,0.21704242832560497,0.8320122801787848,True,FULL,FULL_exp_log_rank_3
45,2.87,4.1,13.67,13.42,13.42,16.705556614946417,1.2195121951219514,30.12555661494642,1.6634039681803665,13.42,65.2360873174559,1.2195121951219514,78.6560873174559,1.3095007919027686,48.53053070250948,48.53053070250948,48.53053070250948,48.53053070250948,-0.35390317627759793,0.35390317627759793,0.6035924825885083,0.37451935570148964,0.9465512399908171,True,FULL,FULL_exp_log_rank_3
46,0.79,1.5,0.8,0.665,0.665,6.166849946093346,3.3333333333333335,6.831849946093346,3.9230290740544778,0.665,3.602806403868182,3.3333333333333335,4.267806403868183,3.6693025340348098,-2.5640435422251637,2.5640435422251637,-2.5640435422251633,2.5640435422251633,-0.253726540019668,0.253726540019668,0.13293764111204343,0.09992500491120782,0.1688994028725319,True,FULL,FULL_exp_log_rank_3
47,0.6,2.175,5.04,4.655,4.655,2.141531174694559,2.298850574712644,6.796531174694559,6.310564627174357,4.655,1.1655348265761116,2.298850574712644,5.820534826576112,6.782409303509026,-0.9759963481184473,0.9759963481184473,-0.9759963481184473,0.9759963481184473,0.4718446763346691,0.4718446763346691,0.10790496143007448,0.07459856237893576,0.9797542404680317,True,FULL,FULL_exp_log_rank_3
48,2.37,4.125,16.38,14.3675,14.3675,112.7264689844744,1.2121212121212122,127.0939689844744,1.4228254925840296,14.3675,107.97545015551545,1.2121212121212122,122.34295015551544,1.2916435022463697,-4.751018828958948,4.751018828958948,-4.751018828958962,4.751018828958962,-0.13118199033765987,0.13118199033765987,2.371710165021457,1.7742559064095544,0.38076211124659254,True,FULL,FULL_exp_log_rank_3
49,1.46,2.566666666666667,4.68,4.1066666666666665,4.1066666666666665,30.593215473314466,1.948051948051948,34.69988213998113,2.300589855794831,4.1066666666666665,11.004512582256734,1.948051948051948,15.1111792489234,2.270034525123967,-19.588702891057732,19.588702891057732,-19.58870289105773,19.58870289105773,-0.030555330670864134,0.030555330670864134,0.6586252271021804,0.4981870512441538,0.41137007283495697,True,FULL,FULL_exp_log_rank_3
50,4.16,4.75,15.04,14.775,14.775,58.5314735148253,1.0526315789473684,73.3064735148253,1.2144266984360343,14.775,148.2086550643983,1.0526315789473684,162.9836550643983,1.0821155998961531,89.67718154957299,89.67718154957299,89.677181549573,89.677181549573,-0.1323110985398812,0.1323110985398812,0.9493540066909337,0.6012236953443258,0.8752317660641687,True,FULL,FULL_exp_log_rank_3
51,1.26,1.85,0.94,0.785,0.785,27.151829140946248,2.702702702702702,27.936829140946248,2.8751003676389564,0.785,8.232249172134848,2.702702702702702,9.017249172134848,2.804265836345609,-18.919579968811398,18.919579968811398,-18.919579968811398,18.919579968811398,-0.07083453129334716,0.07083453129334716,0.26139658424826323,0.1946012452482092,-0.7352201395883531,True,FULL,FULL_exp_log_rank_3
52,3.13,4.466666666666667,15.58,14.793333333333337,14.793333333333337,75.02328336156236,1.1194029850746268,89.8166166948957,1.313812712287742,14.793333333333337,93.68991098294424,1.1194029850746268,108.48324431627756,1.1842273505245215,18.666627621381878,18.666627621381878,18.666627621381863,18.666627621381863,-0.12958536176322055,0.12958536176322055,1.4659304855925508,1.0348135548309925,0.7397823214290409,True,FULL,FULL_exp_log_rank_3
53,1.15,1.85,0.71,0.65,0.65,3.9933470021604136,2.702702702702702,4.6433470021604135,3.19021506632708,0.65,4.473821833669379,2.702702702702702,5.123821833669379,2.8741473642476256,0.4804748315089653,0.4804748315089653,0.48047483150896575,0.48047483150896575,-0.31606770207945445,0.31606770207945445,0.08527929119183876,0.06351549131396124,0.5887301060754913,True,FULL,FULL_exp_log_rank_3
55,0.63,3.85,16.18,14.365,14.365,5.024596391351091,1.2987012987012987,19.38959639135109,6.152370825583352,14.365,9.434660981513572,1.2987012987012987,23.799660981513572,4.863150047341714,4.410064590162481,4.410064590162481,4.410064590162481,4.410064590162481,-1.2892207782416385,1.2892207782416385,0.5324744231965811,0.3534488921521165,0.930208144949306,True,FULL,FULL_exp_log_rank_3
56,0.45,1.5666666666666669,0.87,0.6366666666666667,0.6366666666666667,1.8543711063769357,3.191489361702127,2.4910377730436024,5.520751658815112,0.6366666666666667,1.1689363524873375,3.191489361702127,1.8056030191540045,5.273892437920641,-0.6854347538895982,0.6854347538895982,-0.685434753889598,0.685434753889598,-0.24685922089447132,0.24685922089447132,0.07715916438164493,0.05330940431039525,0.6824742608673007,True,FULL,FULL_exp_log_rank_3
57,0.58,2.175,5.35,4.42,4.42,5.5363451785319135,2.298850574712644,9.956345178531912,5.059116621676996,4.42,3.870501793001031,2.298850574712644,8.290501793001031,4.926259207527483,-1.6658433855308825,1.6658433855308825,-1.6658433855308807,1.6658433855308807,-0.13285741414951246,0.13285741414951246,0.24037638215800797,0.15943701101169727,0.9077070166209856,True,FULL,FULL_exp_log_rank_3
58,0.94,3.875,16.28,13.935,13.935,11.349260923481204,1.2903225806451613,25.28426092348121,3.405427164282276,13.935,24.640222169885185,1.2903225806451613,38.57522216988519,2.448738091008603,13.290961246403981,13.290961246403981,13.290961246403977,13.290961246403977,-0.9566890732736733,0.9566890732736733,0.6116083811159483,0.4653681814188374,0.9309321154662422,True,FULL,FULL_exp_log_rank_3
59,0.13,1.5666666666666669,0.97,0.8033333333333333,0.8033333333333333,0.2782264175865835,3.191489361702127,1.0815597509199169,31.910981063129015,0.8033333333333333,0.022007974921972,3.191489361702127,0.8253413082553054,52.631660793528475,-0.2562184426646115,0.2562184426646115,-0.25621844266461147,0.25621844266461147,20.72067973039946,20.72067973039946,0.05388802270315414,0.03232190531821758,0.7186392339777816,True,FULL,FULL_exp_log_rank_3
60,2.38,2.85,5.22,4.84,4.84,137.35939252357494,1.7543859649122806,142.19939252357494,1.8523237169572588,4.84,41.13532880706778,1.7543859649122806,45.97532880706778,1.8155154049602855,-96.22406371650716,96.22406371650716,-96.22406371650716,96.22406371650716,-0.03680831199697332,0.03680831199697332,1.0430443712597417,0.7061477414216548,-0.16364906586191252,True,FULL,FULL_exp_log_rank_3
61,2.68,4.125,16.95,15.5375,15.5375,116.71406105996982,1.2121212121212122,132.25156105996982,1.3981039630569712,15.5375,145.90782986459914,1.2121212121212122,161.44532986459913,1.2661516963669996,29.193768804629315,29.193768804629315,29.193768804629315,29.193768804629315,-0.1319522666899715,0.1319522666899715,2.196609564904883,1.6204213214284637,0.5142701525425212,True,FULL,FULL_exp_log_rank_3
62,0.71,1.6,1.14,0.9133333333333334,0.9133333333333334,5.696830896813862,3.125,6.610164230147195,3.976020028848459,0.9133333333333334,3.738481074375653,3.125,4.6518144077089865,3.652569967600313,-1.9583498224382088,1.9583498224382088,-1.9583498224382083,1.9583498224382083,-0.3234500612481459,0.3234500612481459,0.15928619328253693,0.11691628671967612,0.3540250451646635,True,FULL,FULL_exp_log_rank_3
63,0.76,2.2,5.03,4.68,4.68,3.0326428857358856,2.2727272727272725,7.712642885735885,4.87933520201715,4.68,2.8412531002663473,2.2727272727272725,7.521253100266347,4.432581412652007,-0.19138978546953833,0.19138978546953833,-0.19138978546953833,0.19138978546953833,-0.4467537893651432,0.4467537893651432,0.12335031336947413,0.07197705783290384,0.9773378623815665,True,FULL,FULL_exp_log_rank_3
64,2.73,4.125,15.88,13.97,13.97,220.02903798852773,1.2121212121212122,233.99903798852773,1.3339956390040135,13.97,142.66509843481535,1.2121212121212122,156.63509843481535,1.2607485905897644,-77.36393955371238,77.36393955371238,-77.36393955371238,77.36393955371238,-0.07324704841424912,0.07324704841424912,3.052575334361388,2.277055544516203,-0.023679537007943008,True,FULL,FULL_exp_log_rank_3
65,0.63,1.5666666666666669,1.42,0.9733333333333332,0.9733333333333332,10.644929502666052,3.191489361702127,11.618262835999383,3.927118476960182,0.9733333333333332,5.3234851218407275,3.191489361702127,6.296818455174061,3.687195205242403,-5.321444380825325,5.321444380825325,-5.321444380825322,5.321444380825322,-0.23992327171777905,0.23992327171777905,0.28057443058429077,0.2090223886499995,-0.14966903371947726,True,FULL,FULL_exp_log_rank_3
67,3.13,4.533333333333333,14.91,14.596666666666666,14.596666666666666,20.35467702287054,1.1029411764705883,34.951343689537204,1.4882877719989878,14.596666666666666,65.13220806096496,1.1029411764705883,79.72887472763162,1.1924847502010891,44.777531038094416,44.777531038094416,44.777531038094416,44.777531038094416,-0.29580302179789864,0.29580302179789864,0.694171152787082,0.44000463988857236,0.9406444448421802,True,FULL,FULL_exp_log_rank_3
68,0.49,1.5666666666666669,0.79,0.63,0.63,1.4068332196782207,3.191489361702127,2.0368332196782206,5.5461514668738845,0.63,1.1118522089410594,3.191489361702127,1.7418522089410595,5.040239823173425,-0.2949810107371613,0.2949810107371613,-0.2949810107371611,0.2949810107371611,-0.5059116437004594,0.5059116437004594,0.053549991209120726,0.03565535132985434,0.8120137628975473,True,FULL,FULL_exp_log_rank_3
69,1.69,2.566666666666667,5.04,4.426666666666667,4.426666666666667,69.19774278410341,1.948051948051948,73.62440945077007,2.1459242646578933,4.426666666666667,21.125810985106735,1.948051948051948,25.5524776517734,2.107042600978428,-48.07193179899667,48.07193179899667,-48.07193179899667,48.07193179899667,-0.038881663679465106,0.038881663679465106,0.9665212874654125,0.7249614100152315,-0.016871618283983425,True,FULL,FULL_exp_log_rank_3
70,3.12,4.466666666666667,16.37,15.163333333333334,15.163333333333334,137.96164146287623,1.1194029850746268,153.12497479620956,1.2614658876838951,15.163333333333334,122.0783815092532,1.1194029850746268,137.24171484258653,1.171512002107454,-15.883259953623025,15.883259953623025,-15.883259953623025,15.883259953623025,-0.08995388557644102,0.08995388557644102,2.1802379232939937,1.571185245793521,0.4713473495379822,True,FULL,FULL_exp_log_rank_3
71,0.18,1.5666666666666669,0.87,0.6,0.6,0.5778652142592701,3.191489361702127,1.17786521425927,16.988625203858206,0.6,0.3043252201680524,3.191489361702127,0.9043252201680524,19.21549810481977,-0.27353999409121765,0.27353999409121765,-0.27353999409121765,0.27353999409121765,2.2268729009615633,2.2268729009615633,0.05097314015431105,0.03196027222022467,0.7892986773827104,True,FULL,FULL_exp_log_rank_3
72,0.42,2.175,5.1,3.8825,3.8825,4.482035276937978,2.298850574712644,8.364535276937978,6.759501195047857,3.8825,2.425213623691897,2.298850574712644,6.307713623691897,7.338239583236755,-2.056821653246081,2.056821653246081,-2.0568216532460815,2.0568216532460815,0.5787383881888974,0.5787383881888974,0.28000071110266844,0.18746407753417718,0.8395174141896388,True,FULL,FULL_exp_log_rank_3
73,1.09,3.85,15.19,13.3025,13.3025,11.821633061680007,1.2987012987012987,25.12413306168001,2.9737453064844868,13.3025,19.547527486268702,1.2987012987012987,32.85002748626871,2.2988285096268353,7.725894424588695,7.725894424588695,7.725894424588699,7.725894424588699,-0.6749167968576515,0.6749167968576515,0.33009147811160244,0.23233432856321465,0.9792243959865866,True,FULL,FULL_exp_log_rank_3
74,0.47,1.5666666666666669,0.66,0.5066666666666667,0.5066666666666667,1.2794449424210406,3.191489361702127,1.7861116090877074,5.540134014051035,0.5066666666666667,0.9067329526128296,3.191489361702127,1.4133996192794964,5.156936629281727,-0.37271198980821096,0.37271198980821096,-0.37271198980821096,0.37271198980821096,-0.383197384769308,0.383197384769308,0.050744842243472754,0.034475290101162,0.7575297578062345,True,FULL,FULL_exp_log_rank_3
76,4.13,4.7,14.9,13.285,13.285,1213.8760619263403,1.0638297872340423,1227.1610619263406,1.0940505167399543,13.285,209.5668078782483,1.0638297872340423,222.8518078782483,1.0830470947925153,-1004.309254048092,1004.309254048092,-1004.3092540480923,1004.3092540480923,-0.011003421947439085,0.011003421947439085,5.0620282459538055,3.366928551954283,-0.9770044666086071,True,FULL,FULL_exp_log_rank_3
77,0.18,1.5666666666666669,0.88,0.4966666666666666,0.4966666666666666,0.8494890683979475,3.191489361702127,1.346155735064614,14.732448429095294,0.4966666666666666,0.4910965140945922,3.191489361702127,0.9877631807612588,16.045679539060178,-0.35839255430335526,0.35839255430335526,-0.35839255430335526,0.35839255430335526,1.3132311099648835,1.3132311099648835,0.06591408013308168,0.0415444693968108,0.7581435618171966,True,FULL,FULL_exp_log_rank_3
78,1.25,2.566666666666667,4.37,3.77,3.77,17.6011784506471,1.948051948051948,21.3711784506471,2.4976694597033373,3.77,5.899101951125827,1.948051948051948,9.669101951125826,2.562766017089797,-11.702076499521274,11.702076499521274,-11.702076499521274,11.702076499521274,0.0650965573864597,0.0650965573864597,0.5000604466813372,0.3744637324055125,0.5772251498534836,True,FULL,FULL_exp_log_rank_3
79,3.62,4.5,14.62,13.843333333333334,13.843333333333334,173.78668847200146,1.1111111111111112,187.6300218053348,1.2115644521301927,13.843333333333334,125.2357941890892,1.1111111111111112,139.07912752242254,1.1494430886570366,-48.55089428291225,48.55089428291225,-48.55089428291225,48.55089428291225,-0.06212136347315611,0.06212136347315611,1.966991766147758,1.340350064283263,0.425322392444453,True,FULL,FULL_exp_log_rank_3
80,0.11,1.5633333333333332,1.04,0.5006666666666667,0.5006666666666667,0.863642983300683,3.1982942430703627,1.3643096499673495,27.24084861115649,0.5006666666666667,0.5913580370346095,3.1982942430703627,1.0920247037012762,28.732709627790825,-0.27228494626607347,0.27228494626607347,-0.27228494626607325,0.27228494626607325,1.491861016634335,1.491861016634335,0.061589879769663514,0.036850291383043486,0.8608942905868626,True,FULL,FULL_exp_log_rank_3
81,0.23,2.1775,4.79,3.54875,3.54875,2.4552355004571034,2.296211251435132,6.003985500457103,14.649101403235154,3.54875,0.32335647702538,2.296211251435132,3.87210647702538,23.13480359311965,-2.1318790234317233,2.1318790234317233,-2.1318790234317233,2.1318790234317233,8.485702189884496,8.485702189884496,0.4054421155557867,0.24900373511990095,0.4864400505743528,True,FULL,FULL_exp_log_rank_3
83,0.21,1.5566666666666666,0.75,0.4896666666666667,0.4896666666666667,0.6541837303857423,3.211991434689508,1.143850397052409,13.109251845364824,0.4896666666666667,0.3650438375986152,3.211991434689508,0.854710504265282,14.411385794994828,-0.2891398927871271,0.2891398927871271,-0.28913989278712704,0.28913989278712704,1.3021339496300044,1.3021339496300044,0.04906465457088351,0.031466504595341505,0.7782678115101209,True,FULL,FULL_exp_log_rank_3
84,1.52,2.19,4.53,3.98,3.98,84.48453784563569,2.2831050228310503,88.46453784563569,2.4678705594788535,3.98,25.980312232344716,2.2831050228310503,29.960312232344716,2.413387662086684,-58.50422561329097,58.50422561329097,-58.50422561329097,58.50422561329097,-0.054482897392169605,0.054482897392169605,0.9651599909697931,0.709574848319254,-0.22165152122564247,True,FULL,FULL_exp_log_rank_3
86,1.14,1.85,0.47,0.4455,0.4455,1.2635859558868447,2.702702702702702,1.7090859558868448,3.448989911906233,0.4455,3.181601424258023,2.702702702702702,3.627101424258023,2.8704926725519733,1.9180154683711783,1.9180154683711783,1.9180154683711783,1.9180154683711783,-0.5784972393542596,0.5784972393542596,0.035388456328593304,0.024934690390752277,0.8431263463538758,True,FULL,FULL_exp_log_rank_3
87,1.53,2.29,3.84,3.5879999999999996,3.5879999999999996,21.229112109709114,2.1834061135371177,24.817112109709115,2.5522940611621228,3.5879999999999996,13.08266658945645,2.1834061135371177,16.67066658945645,2.404988918303009,-8.146445520252664,8.146445520252664,-8.146445520252666,8.146445520252666,-0.14730514285911367,0.14730514285911367,0.4142222525295538,0.3021448344215072,0.6614354037968081,True,FULL,FULL_exp_log_rank_3
89,0.31,1.5733333333333333,0.64,0.434,0.434,0.831446191232911,3.1779661016949152,1.265446191232911,8.046929532076042,0.434,0.5017372682262935,3.1779661016949152,0.9357372682262936,8.275925875577329,-0.32970892300661747,0.32970892300661747,-0.32970892300661736,0.32970892300661736,0.2289963435012865,0.2289963435012865,0.04458469547533073,0.029859970388642826,0.7796125945246883,True,FULL,FULL_exp_log_rank_3
91,2.56,4.125,14.35,13.695,13.695,33.24347166872315,1.2121212121212122,46.93847166872315,1.5724619149710894,13.695,56.649063368789335,1.2121212121212122,70.34406336878934,1.3341785752565058,23.405591700066182,23.405591700066182,23.405591700066182,23.405591700066182,-0.2382833397145836,0.2382833397145836,0.9710824207647333,0.6825941972150524,0.8748354533452127,True,FULL,FULL_exp_log_rank_3
92,0.1,1.5666666666666669,0.84,0.5786666666666667,0.5786666666666667,0.3913124802400913,3.191489361702127,0.969979146906758,37.39184550372476,0.5786666666666667,0.124512989403787,3.191489361702127,0.7031796560704537,47.50751531999502,-0.2667994908363043,0.2667994908363043,-0.2667994908363043,0.2667994908363043,10.115669816270263,10.115669816270263,0.06164581612268974,0.03651492193957473,0.5908431244820933,True,FULL,FULL_exp_log_rank_3
94,2.24,4.125,16.29,15.185,15.185,36.934910613682646,1.2121212121212122,52.11991061368265,1.6343524111032697,15.185,67.95669317544377,1.2121212121212122,83.14169317544378,1.3503734100355678,31.02178256176113,31.02178256176113,31.02178256176113,31.02178256176113,-0.2839790010677019,0.2839790010677019,1.1462484374254522,0.7837664532598246,0.8538114861045792,True,FULL,FULL_exp_log_rank_3
95,0.15,1.5666666666666669,1.04,0.515,0.515,1.0180921290257392,3.191489361702127,1.533092129025739,17.824332391452327,0.515,0.6857087156609304,3.191489361702127,1.2007087156609304,18.720440206346424,-0.3323834133648088,0.3323834133648088,-0.3323834133648087,0.3323834133648087,0.8961078148940977,0.8961078148940977,0.0672136029742827,0.041431580825653375,0.8439208009331156,True,FULL,FULL_exp_log_rank_3
96,0.32,2.225,5.75,4.01075,4.01075,4.5926707536336835,2.2471910112359548,8.603420753633683,8.90252129065327,4.01075,4.113967450156107,2.2471910112359548,8.124717450156107,8.549381800180923,-0.4787033034775767,0.4787033034775767,-0.4787033034775767,0.4787033034775767,-0.3531394904723477,0.3531394904723477,0.11906596113777453,0.06982148837206542,0.975980639401167,True,FULL,FULL_exp_log_rank_3
97,0.98,3.925,16.9,13.655,13.655,17.423005323734152,1.2738853503184715,31.07800532373415,2.9328424113361327,13.655,41.672102976568354,1.2738853503184715,55.327102976568355,2.047167596611752,24.2490976528342,24.2490976528342,24.249097652834205,24.249097652834205,-0.8856748147243807,0.8856748147243807,0.7632162729875405,0.5988110627195069,0.903474131269741,True,FULL,FULL_exp_log_rank_3
98,0.12,1.5666666666666669,1.33,0.569,0.569,1.2856106349233354,3.191489361702127,1.854610634923335,23.13000566043724,0.569,1.226842128621046,3.191489361702127,1.795842128621046,22.72483212833051,-0.05876850630228936,0.05876850630228936,-0.058768506302289136,0.058768506302289136,-0.4051735321067298,0.4051735321067298,0.01506940729847568,0.008675773296007341,0.9957840705157369,True,FULL,FULL_exp_log_rank_3
99,0.38,2.1775,5.29,3.8055,3.8055,4.8847712477868654,2.296211251435132,8.690271247786866,7.231167894086396,3.8055,3.351033709514112,2.296211251435132,7.156533709514112,7.35720038984674,-1.5337375382727534,1.5337375382727534,-1.5337375382727538,1.5337375382727538,0.12603249576034425,0.12603249576034425,0.24469561589607158,0.15902533335100258,0.8870435332321531,True,FULL,FULL_exp_log_rank_3
100,1.12,3.865,15.69,14.2025,14.2025,9.330787016774106,1.2936610608020698,23.533287016774107,3.133851414322128,14.2025,19.010300803998028,1.2936610608020698,33.21280080399803,2.309164611596683,9.679513787223922,9.679513787223922,9.679513787223922,9.679513787223922,-0.824686802725445,0.824686802725445,0.3684986379899743,0.28455984297549797,0.9763302919197041,True,FULL,FULL_exp_log_rank_3
101,0.11,1.5599999999999998,1.19,0.5136666666666666,0.5136666666666666,1.0901897584596147,3.2051282051282053,1.6038564251262817,26.190812099681132,0.5136666666666666,0.9061414645643868,3.2051282051282053,1.4198081312310535,26.48669056635515,-0.18404829389522792,0.18404829389522792,-0.18404829389522814,0.18404829389522814,0.2958784666740186,0.2958784666740186,0.042196421091693616,0.025161336335126547,0.9571368962115573,True,FULL,FULL_exp_log_rank_3
102,0.33,2.175,5.38,4.15275,4.15275,3.3230952595070686,2.298850574712644,7.475845259507069,9.464816530487427,4.15275,1.8024504233088567,2.298850574712644,5.955200423308857,10.532797501252052,-1.520644836198212,1.520644836198212,-1.520644836198212,1.520644836198212,1.0679809707646246,1.0679809707646246,0.2451596187477423,0.1585811072644357,0.8702871137407078,True,FULL,FULL_exp_log_rank_3
104,0.46,1.61,0.57,0.4153333333333333,0.4153333333333333,1.2195408766373736,3.105590062111801,1.634874209970707,5.380408458094788,0.4153333333333333,0.7769218745345075,3.105590062111801,1.1922552078678408,5.125982827028729,-0.4426190021028662,0.4426190021028662,-0.4426190021028662,0.4426190021028662,-0.2544256310660593,0.2544256310660593,0.05058921859007552,0.034899031995758,0.682415915279213,True,FULL,FULL_exp_log_rank_3
106,6.69,7.0,11.06,11.03,11.03,6.769176332863529,0.7142857142857143,17.799176332863528,0.9707346090728766,11.03,72.69398151868378,0.7142857142857143,83.72398151868379,0.7408625313260895,65.92480518582026,65.92480518582026,65.92480518582026,65.92480518582026,-0.22987207774678708,0.22987207774678708,0.3322356879825412,0.17730617263465662,0.9723911113594675,True,FULL,FULL_exp_log_rank_3
107,0.15,1.5566666666666666,0.88,0.5103333333333334,0.5103333333333334,0.7081291518031402,3.211991434689508,1.2184624851364736,19.26598627033951,0.5103333333333334,0.3984204831802633,3.211991434689508,0.9087538165135968,21.33085735104789,-0.3097086686228769,0.3097086686228769,-0.3097086686228768,0.3097086686228768,2.0648710807083788,2.0648710807083788,0.062296485235033505,0.03841344638062928,0.7574056557342843,True,FULL,FULL_exp_log_rank_3
108,0.24,2.175,5.1,3.69825,3.69825,2.8769666070220197,2.298850574712644,6.5752166070220195,13.53664985652516,3.69825,1.1583512603911856,2.298850574712644,4.8566012603911854,16.477789447272556,-1.718615346630834,1.718615346630834,-1.718615346630834,1.718615346630834,2.9411395907473956,2.9411395907473956,0.32440673711852713,0.2020532216054244,0.7250875684607527,True,FULL,FULL_exp_log_rank_3
109,0.47,3.8575,14.84,13.285,13.285,3.275885261750222,1.2961762799740766,16.560885261750222,9.133208341560495,13.285,0.6485515260068873,1.2961762799740766,13.933551526006887,12.673668701500494,-2.627333735743335,2.627333735743335,-2.627333735743335,2.627333735743335,3.540460359939999,3.540460359939999,0.4686117941672562,0.291269283443102,0.9223989087058384,True,FULL,FULL_exp_log_rank_3
110,0.15,2.1675,1.23,0.6225,0.6225,0.9619833022068238,2.306805074971165,1.584483302206824,20.507804388385548,0.6225,0.5318907961588071,2.306805074971165,1.1543907961588071,22.72276170327539,-0.43009250604801674,0.43009250604801674,-0.43009250604801696,0.43009250604801696,2.2149573148898405,2.2149573148898405,0.09735277795898928,0.05821094128787933,0.7305862022540661,True,FULL,FULL_exp_log_rank_3
111,0.25,2.165,6.22,4.547499999999999,4.547499999999999,3.553532108811563,2.3094688221709005,8.101032108811562,12.896286747191096,4.547499999999999,4.484937161422412,2.3094688221709005,9.032437161422411,11.547753120205837,0.9314050526108488,0.9314050526108488,0.9314050526108488,0.9314050526108488,-1.34853362698526,1.34853362698526,0.14316591854421037,0.09134290048478498,0.9643253082594868,True,FULL,FULL_exp_log_rank_3
112,0.46,4.1075,18.37,16.2525,16.2525,4.204330792736471,1.217285453438831,20.456830792736472,9.296747223836368,16.2525,9.982792006623868,1.217285453438831,26.23529200662387,7.173981479867856,5.778461213887397,5.778461213887397,5.778461213887397,5.778461213887397,-2.122765743968512,2.122765743968512,1.0182576166838102,0.6336833901573297,0.7494463154719073,True,FULL,FULL_exp_log_rank_3
113,0.21,1.5599999999999998,0.72,0.5333333333333333,0.5333333333333333,0.4530839141628877,3.2051282051282053,0.9864172474962212,14.758619332850811,0.5333333333333333,0.2507837603134023,3.2051282051282053,0.7841170936467357,16.410557116505178,-0.20230015384948535,0.20230015384948535,-0.20230015384948552,0.20230015384948552,1.6519377836543665,1.6519377836543665,0.034963459247988576,0.02229298704035251,0.8503583904270017,True,FULL,FULL_exp_log_rank_3
114,0.46,2.215,4.54,3.755,3.755,3.0550946555112306,2.2573363431151243,6.8100946555112305,6.812602552841997,3.755,0.4445165645471398,2.2573363431151243,4.19951656454714,10.47614678508122,-2.6105780909640908,2.6105780909640908,-2.6105780909640908,2.6105780909640908,3.6635442322392224,3.6635442322392224,0.2979788331635741,0.19990395493066201,0.7675860968994159,True,FULL,FULL_exp_log_rank_3
115,3.02,4.84,14.29,13.226666666666668,13.226666666666668,67.62238227774218,1.0330578512396695,80.84904894440885,1.2379494369579531,13.226666666666668,43.43128445263813,1.0330578512396695,56.65795111930479,1.1592509617041749,-24.191097825104045,24.191097825104045,-24.19109782510406,24.19109782510406,-0.07869847525377827,0.07869847525377827,1.5189990795278758,1.1337935023379995,0.6802140126974299,True,FULL,FULL_exp_log_rank_3
116,0.1,1.5533333333333337,1.16,0.5640000000000001,0.5640000000000001,0.912890584776652,3.218884120171673,1.476890584776652,31.1344826944979,0.5640000000000001,0.7070463385765604,3.218884120171673,1.2710463385765605,32.073984230861655,-0.20584424620009156,0.20584424620009156,-0.20584424620009156,0.20584424620009156,0.9395015363637533,0.9395015363637533,0.04803526392828479,0.028489922969176133,0.9291823573915332,True,FULL,FULL_exp_log_rank_3
117,0.28,2.16,4.98,3.80875,3.80875,2.7207253448886286,2.314814814814815,6.5294753448886285,11.627647012732409,3.80875,0.7384499066830346,2.314814814814815,4.547199906683034,15.626871734886713,-1.982275438205594,1.982275438205594,-1.982275438205594,1.982275438205594,3.9992247221543042,3.9992247221543042,0.338765272820746,0.2141910841033512,0.68737393643941,True,FULL,FULL_exp_log_rank_3
118,0.84,3.88,14.83,12.9825,12.9825,7.331910697776193,1.288659793814433,20.314410697776193,4.123242699657944,12.9825,9.210929372493448,1.288659793814433,22.193429372493448,3.537853916149243,1.8790186747172548,1.8790186747172548,1.8790186747172548,1.8790186747172548,-0.5853887835087015,0.5853887835087015,0.17616848639631427,0.1150429114143818,0.9925228981022988,True,FULL,FULL_exp_log_rank_3
119,0.05,1.5533333333333337,1.06,0.4603333333333333,0.4603333333333333,0.7347138188950575,3.218884120171673,1.1950471522283908,76.69251608229672,0.4603333333333333,0.5360591996594488,3.218884120171673,0.9963925329927822,79.83548420274475,-0.19865461923560868,0.19865461923560868,-0.19865461923560856,0.19865461923560856,3.1429681204480318,3.1429681204480318,0.05178984959615742,0.02964258166964739,0.9021812124603227,True,FULL,FULL_exp_log_rank_3
120,0.24,2.1675,5.34,3.634,3.634,3.551284821064535,2.306805074971165,7.185284821064535,12.76758648025316,3.634,2.6399220367910528,2.306805074971165,6.273922036791053,13.173434604583472,-0.9113627842734822,0.9113627842734822,-0.9113627842734822,0.9113627842734822,0.40584812433031203,0.40584812433031203,0.18156141493644967,0.11231651684573617,0.9294905986993536,True,FULL,FULL_exp_log_rank_3
121,0.58,3.8475,15.72,12.52,12.52,8.509190021060213,1.299545159194282,21.029190021060213,5.626700720273117,12.52,17.563602496289374,1.299545159194282,30.083602496289373,4.284117013859026,9.05441247522916,9.05441247522916,9.05441247522916,9.05441247522916,-1.342583706414091,1.342583706414091,1.1310450498526028,0.7554281788197355,0.6651199342823539,True,FULL,FULL_exp_log_rank_3
122,0.16,1.7866666666666664,1.46,0.5153333333333333,0.5153333333333333,1.791622665699797,2.7985074626865676,2.3069559990331303,15.27471027903135,0.5153333333333333,1.65329596501245,2.7985074626865676,2.1686292983457833,14.979092732829129,-0.13832670068734698,0.13832670068734698,-0.13832670068734698,0.13832670068734698,-0.29561754620222125,0.29561754620222125,0.03204896013310542,0.019053328981600937,0.9879379849637582,True,FULL,FULL_exp_log_rank_3
123,0.34,2.19,5.86,3.70375,3.70375,6.4076526447249105,2.2831050228310503,10.11140264472491,7.4904783908875965,3.70375,7.653781578875604,2.2831050228310503,11.357531578875603,6.538598202657644,1.2461289341506934,1.2461289341506934,1.2461289341506934,1.2461289341506934,-0.9518801882299526,0.9518801882299526,0.09828264221400661,0.0708240909904449,0.9871050138676769,True,FULL,FULL_exp_log_rank_3
124,0.72,3.9025,15.23,13.1975,13.1975,6.547895084347095,1.2812299807815504,19.745395084347095,4.922489465268678,13.1975,8.567679891653126,1.2812299807815504,21.765179891653126,4.237402870552168,2.0197848073060314,2.0197848073060314,2.0197848073060314,2.0197848073060314,-0.6850865947165108,0.6850865947165108,0.1919758819341733,0.13545663724434712,0.9905916858807746,True,FULL,FULL_exp_log_rank_3
125,0.13,1.5766666666666669,0.83,0.5316666666666667,0.5316666666666667,0.5110542316499418,3.1712473572938684,1.0427208983166083,25.070549134255213,0.5316666666666667,0.2368428965066764,3.1712473572938684,0.7685095631733432,29.339425542260372,-0.2742113351432654,0.2742113351432654,-0.2742113351432651,0.2742113351432651,4.268876408005159,4.268876408005159,0.05872087874379762,0.03557366132062676,0.6927809012768399,True,FULL,FULL_exp_log_rank_3
127,2.99,4.513333333333333,16.39,14.923333333333332,14.923333333333332,140.10135047238424,1.1078286558345645,155.0246838057176,1.2549920885699382,14.923333333333332,107.61763548601948,1.1078286558345645,122.5409688193528,1.1693304042914348,-32.48371498636476,32.48371498636476,-32.48371498636479,32.48371498636479,-0.0856616842785034,0.0856616842785034,2.3597689445849253,1.7418794203133319,0.3972958631135076,True,FULL,FULL_exp_log_rank_3
128,0.22,1.5666666666666669,1.38,0.6789999999999999,0.6789999999999999,1.9691572578488556,3.191489361702127,2.6481572578488555,10.298464829923804,0.6789999999999999,1.7039319570788325,3.191489361702127,2.3829319570788323,9.828918101458688,-0.26522530077002315,0.26522530077002315,-0.26522530077002315,0.26522530077002315,-0.46954672846511514,0.46954672846511514,0.0562604297265115,0.03445232421846784,0.946910244651975,True,FULL,FULL_exp_log_rank_3
129,0.39,2.18,6.11,4.593,4.593,5.057943521426855,2.293577981651376,9.650943521426855,7.34235077378404,4.593,5.70423069342387,2.293577981651376,10.29723069342387,6.465434534614057,0.6462871719970149,0.6462871719970149,0.6462871719970149,0.6462871719970149,-0.876916239169983,0.876916239169983,0.0720148500212158,0.04370118784580992,0.9923600754901698,True,FULL,FULL_exp_log_rank_3
130,2.78,4.13,17.18,15.5675,15.5675,173.2142161184181,1.2106537530266344,188.7817161184181,1.354578535378103,15.5675,180.26735766375464,1.2106537530266344,195.83485766375463,1.2527417924704858,7.05314154533653,7.05314154533653,7.05314154533653,7.05314154533653,-0.10183674290761724,0.10183674290761724,2.6812401206129737,1.9701402011327607,0.29198703458893105,True,FULL,FULL_exp_log_rank_3
131,0.3,1.57,0.69,0.4403333333333333,0.4403333333333333,0.989606450202688,3.184713375796178,1.4299397835360212,7.9675990689291964,0.4403333333333333,0.5564206828605582,3.184713375796178,0.9967540161938916,8.334970111755089,-0.43318576734212977,0.43318576734212977,-0.43318576734212966,0.43318576734212966,0.3673710428258925,0.3673710428258925,0.056812323707801635,0.03825198093309473,0.7148510595736706,True,FULL,FULL_exp_log_rank_3
132,0.38,2.2025,4.61,3.49275,3.49275,3.5417527605950667,2.270147559591374,7.034502760595067,7.697329513236288,3.49275,0.9162970759197924,2.270147559591374,4.409047075919792,10.41299822632577,-2.6254556846752743,2.6254556846752743,-2.6254556846752743,2.6254556846752743,2.7156687130894825,2.7156687130894825,0.3599927999007948,0.23867199025732014,0.6542540301437447,True,FULL,FULL_exp_log_rank_3
133,0.58,3.89,14.25,12.71,12.71,3.870375185655917,1.2853470437017995,16.580375185655917,6.937928600833182,12.71,0.7699405343584136,1.2853470437017995,13.479940534358414,9.706799770791724,-3.1004346512975034,3.1004346512975034,-3.100434651297503,3.100434651297503,2.768871169958542,2.768871169958542,0.48530372896149465,0.3101168135374467,0.9204407580476462,True,FULL,FULL_exp_log_rank_3
134,0.29,1.5933333333333335,0.81,0.6846666666666668,0.6846666666666668,0.4027161872827163,3.1380753138075312,1.087382853949383,11.679447292728767,0.6846666666666668,0.3229276624682167,3.1380753138075312,1.0075943291348834,11.557423021428622,-0.0797885248144996,0.0797885248144996,-0.0797885248144996,0.0797885248144996,-0.1220242713001447,0.1220242713001447,0.015510012390920027,0.009658400905885963,0.9782117300463701,True,FULL,FULL_exp_log_rank_3
136,2.48,4.18,15.4,14.19,14.19,62.34454554337887,1.1961722488038278,76.53454554337887,1.469660738779334,14.19,71.75787859569147,1.1961722488038278,85.94787859569146,1.3036149302397124,9.413333052312595,9.413333052312595,9.413333052312595,9.413333052312595,-0.16604580853962148,0.16604580853962148,1.5399046466455872,1.1272868514162533,0.7109259668936336,True,FULL,FULL_exp_log_rank_3
137,1.18,1.85,0.63,0.575,0.575,4.239497230710774,2.702702702702702,4.814497230710774,3.1309195303367727,0.575,4.381932479278124,2.702702702702702,4.956932479278124,2.8530786661872423,0.14243524856734968,0.14243524856734968,0.14243524856734968,0.14243524856734968,-0.27784086414953046,0.27784086414953046,0.08229345675757684,0.06120843989542797,0.5101559018267378,True,FULL,FULL_exp_log_rank_3
138,0.99,2.6033333333333335,4.93,4.496666666666667,4.496666666666667,4.9592094785200045,1.9206145966709345,9.455876145186672,3.460965956174455,4.496666666666667,2.384498017029859,1.9206145966709345,6.881164683696526,3.635729616026766,-2.5747114614901454,2.5747114614901454,-2.5747114614901454,2.5747114614901454,0.17476365985231102,0.17476365985231102,0.21140487589030524,0.1516051230334323,0.9340462486479526,True,FULL,FULL_exp_log_rank_3
139,1.92,4.2125,17.14,16.56,16.56,9.158812659704571,1.1869436201780414,25.71881265970457,2.22655990128023,16.56,39.41118800464946,1.1869436201780414,55.971188004649456,1.4870465921383955,30.252375344944888,30.252375344944888,30.252375344944884,30.252375344944884,-0.7395133091418344,0.7395133091418344,0.5414740336757304,0.35471278311083415,0.968835382327986,True,FULL,FULL_exp_log_rank_3
140,0.42,1.7400000000000002,0.83,0.4525,0.4525,2.5886372580129136,2.8735632183908044,3.0411372580129137,4.84879553279124,0.4525,1.0519600096140471,2.8735632183908044,1.504460009614047,5.083735969458485,-1.5366772483988664,1.5366772483988664,-1.5366772483988667,1.5366772483988667,0.2349404366672445,0.2349404366672445,0.12918651875398157,0.09213076968489703,0.28028404516615213,True,FULL,FULL_exp_log_rank_3
141,1.23,2.5733333333333337,4.22,4.026666666666666,4.026666666666666,3.714553371745124,1.94300518134715,7.74122003841179,3.22230726876678,4.026666666666666,3.40562839502907,1.94300518134715,7.432295061695736,2.904265182046669,-0.308924976716054,0.308924976716054,-0.308924976716054,0.308924976716054,-0.31804208672011125,0.31804208672011125,0.14935832394104945,0.09695548666756366,0.9617397529373528,True,FULL,FULL_exp_log_rank_3
142,1.79,4.84,15.01,14.9025,14.9025,0.8901040923931092,1.0330578512396695,15.792604092393107,3.4546415460563873,14.9025,2.692853054877226,1.0330578512396695,17.595353054877226,2.5965806733694095,1.8027489624841166,1.8027489624841166,1.8027489624841184,1.8027489624841184,-0.8580608726869778,0.8580608726869778,0.3272936396399872,0.16486055634741936,0.9810987239029413,True,FULL,FULL_exp_log_rank_3
143,0.33,1.5733333333333333,0.58,0.4766666666666666,0.4766666666666666,0.4098600862261488,3.1779661016949152,0.8865267528928155,9.368454028225154,0.4766666666666666,0.3811211443465328,3.1779661016949152,0.8577878110131995,8.68162201521894,-0.028738941879615953,0.028738941879615953,-0.02873894187961601,0.02873894187961601,-0.6868320130062138,0.6868320130062138,0.012041187421296624,0.0066332546834271386,0.9769618009356617,True,FULL,FULL_exp_log_rank_3
145,3.33,4.496666666666667,14.77,14.159999999999998,14.159999999999998,71.68575820940592,1.111934766493699,85.84575820940591,1.2931877819034847,14.159999999999998,90.66960590910556,1.111934766493699,104.82960590910557,1.171074054084822,18.983847699699638,18.983847699699638,18.983847699699652,18.983847699699652,-0.12211372781866281,0.12211372781866281,1.302290663805574,0.8982328378408336,0.7670613705809374,True,FULL,FULL_exp_log_rank_3
146,0.13,1.5599999999999998,0.68,0.5633333333333334,0.5633333333333334,0.1951982739754749,3.2051282051282053,0.7585316073088083,31.88575510060682,0.5633333333333334,0.0148371996434438,3.2051282051282053,0.5781705329767772,52.9544458044429,-0.1803610743320311,0.1803610743320311,-0.18036107433203108,0.18036107433203108,21.06869070383608,21.06869070383608,0.03787605827423489,0.02272435219003148,0.7175770474582552,True,FULL,FULL_exp_log_rank_3
147,1.84,3.1775,4.39,3.69,3.69,48.191526905344915,1.5735641227380015,51.88152690534491,1.779339325853626,3.69,8.328597368569435,1.5735641227380015,12.018597368569434,1.8653344102866496,-39.86292953677548,39.86292953677548,-39.86292953677548,39.86292953677548,0.0859950844330235,0.0859950844330235,0.840454358261981,0.6456041381360117,-0.027184604098337006,True,FULL,FULL_exp_log_rank_3
148,2.23,4.3774999999999995,15.49,14.875,14.875,14.10295307840756,1.142204454597373,28.97795307840756,1.8301286904573817,14.875,32.48686427763911,1.142204454597373,47.36186427763911,1.4036986401285838,18.383911199231548,18.383911199231548,18.383911199231548,18.383911199231548,-0.4264300503287979,0.4264300503287979,0.6053948770905347,0.35684708018445443,0.955079832660875,True,FULL,FULL_exp_log_rank_3
149,0.18,1.5599999999999998,0.96,0.5433333333333333,0.5433333333333333,0.9264981470545324,3.2051282051282053,1.4698314803878656,14.731251978605432,0.5433333333333333,0.5665115760690854,3.2051282051282053,1.1098449094024188,15.805645763414224,-0.35998657098544695,0.35998657098544695,-0.35998657098544684,0.35998657098544684,1.0743937848087928,1.0743937848087928,0.0664631834673637,0.04186028332256193,0.7927425382392657,True,FULL,FULL_exp_log_rank_3
150,0.4,2.175,5.29,4.25,4.25,3.4798658017251105,2.298850574712644,7.7298658017251105,7.755705088302538,4.25,1.756643880231728,2.298850574712644,6.006643880231728,8.699702076396385,-1.7232219214933826,1.7232219214933826,-1.7232219214933826,1.7232219214933826,0.943996988093847,0.943996988093847,0.24209168382526164,0.16085388329165248,0.879555020791358,True,FULL,FULL_exp_log_rank_3
151,0.99,3.6125,15.85,14.965,14.965,4.712295648967803,1.384083044982699,19.677295648967803,4.185634509215309,14.965,18.10760203911732,1.384083044982699,33.07260203911732,2.647775203523607,13.395306390149518,13.395306390149518,13.395306390149518,13.395306390149518,-1.5378593056917023,1.5378593056917023,0.6693910479250536,0.5084749248964089,0.9210154855528063,True,FULL,FULL_exp_log_rank_3
152,1.16,1.9,0.64,0.54,0.54,8.918859589233094,2.6315789473684212,9.458859589233091,2.9158636476035604,0.54,4.045355827406527,2.6315789473684212,4.585355827406527,2.789984211359525,-4.873503761826567,4.873503761826567,-4.873503761826564,4.873503761826564,-0.12587943624403541,0.12587943624403541,0.13560177143928404,0.10376078939217781,-0.19423591811423302,True,FULL,FULL_exp_log_rank_3
153,1.3,2.566666666666667,4.2,3.9333333333333336,3.9333333333333336,6.732843008196392,1.948051948051948,10.666176341529724,2.832743127876559,3.9333333333333336,4.67244269640323,1.948051948051948,8.605776029736564,2.656444497503233,-2.0604003117931615,2.0604003117931615,-2.0604003117931597,2.0604003117931597,-0.17629863037332605,0.17629863037332605,0.23158526400448615,0.16337569469634652,0.9080854611732023,True,FULL,FULL_exp_log_rank_3
154,5.1,31.453947067343865,14.28,13.490170336848536,13.490170336848536,2.087839211051561,0.1589625616554528,15.578009547900097,0.9263059984631752,13.490170336848536,25.355833751220203,0.1589625616554528,38.84600408806874,0.4440215248433927,23.267994540168644,23.267994540168644,23.267994540168644,23.267994540168644,-0.4822844736197825,0.4822844736197825,2.8383054805827492,1.8996086560552354,-1.564379770836326,True,FULL,FULL_exp_log_rank_3
155,0.56,1.5599999999999998,0.58,0.4766666666666666,0.4766666666666666,1.2430840918042927,3.2051282051282053,1.7197507584709593,5.0236277196711585,0.4766666666666666,1.1064946076335878,3.2051282051282053,1.5831612743002543,4.4178605008773815,-0.13658948417070493,0.13658948417070493,-0.13658948417070493,0.13658948417070493,-0.605767218793777,0.605767218793777,0.04416616199193638,0.029687517739279117,0.7792075430606713,True,FULL,FULL_exp_log_rank_3
156,0.67,2.1775,4.06,3.745,3.745,2.1627193549790276,2.296211251435132,5.907719354979028,5.4890381882934465,3.745,0.5702002266215009,2.296211251435132,4.315200226621501,6.975369923380689,-1.5925191283575266,1.5925191283575266,-1.5925191283575266,1.5925191283575266,1.4863317350872425,1.4863317350872425,0.12228536880511147,0.08653717375599979,0.9628957782131282,True,FULL,FULL_exp_log_rank_3
157,1.32,3.9,14.36,13.5925,13.5925,6.126023681195667,1.2820512820512822,19.718523681195663,3.032176279008363,13.5925,11.257853088774466,1.2820512820512822,24.850353088774465,2.3366417452663484,5.131829407578799,5.131829407578799,5.1318294075788025,5.1318294075788025,-0.6955345337420145,0.6955345337420145,0.2910730839660202,0.18546336798212806,0.9843796348043946,True,FULL,FULL_exp_log_rank_3
158,0.17,1.6233333333333333,1.0,0.5720000000000001,0.5720000000000001,0.8749487231528226,3.080082135523614,1.4469487231528226,16.31818533574024,0.5720000000000001,0.5227796592472282,3.080082135523614,1.0947796592472283,17.720880249039595,-0.3521690639055943,0.3521690639055943,-0.3521690639055943,0.3521690639055943,1.4026949132993565,1.4026949132993565,0.06829056430188195,0.042505744574833464,0.7865326937770769,True,FULL,FULL_exp_log_rank_3
159,0.32,2.1825,5.06,4.11975,4.11975,2.410582651104151,2.290950744558992,6.530332651104151,10.626543938716322,4.11975,0.2986111105980695,2.290950744558992,4.418361110598069,16.96833928297777,-2.1119715405060813,2.1119715405060813,-2.1119715405060813,2.1119715405060813,6.341795344261447,6.341795344261447,0.3286762582366565,0.20886503908626686,0.7173847509011644,True,FULL,FULL_exp_log_rank_3
160,1.07,3.895,14.3,13.0025,13.0025,7.31537030166651,1.2836970474967908,20.31787030166651,3.3651116062820727,13.0025,8.689180543308433,1.2836970474967908,21.691680543308433,2.900513663961955,1.3738102416419231,1.3738102416419231,1.3738102416419231,1.3738102416419231,-0.46459794232011786,0.46459794232011786,0.23301914828259412,0.11771187742413253,0.9881886749471893,True,FULL,FULL_exp_log_rank_3
161,0.1,1.5666666666666669,0.85,0.5843333333333334,0.5843333333333334,0.3978559436075378,3.191489361702127,0.9821892769408712,37.33548887229885,0.5843333333333334,0.1288232961433681,3.191489361702127,0.7131566294767016,47.25473511826775,-0.26903264746416966,0.26903264746416966,-0.26903264746416966,0.26903264746416966,9.9192462459689,9.9192462459689,0.06217101378360926,0.03682803195389199,0.595127992725311,True,FULL,FULL_exp_log_rank_3
162,0.24,2.175,6.09,4.409,4.409,3.4511384121172206,2.298850574712644,7.86013841211722,13.515323404054092,4.409,3.90770103555714,2.298850574712644,8.31670103555714,12.50224970986008,0.4565626234399196,0.4565626234399196,0.45656262343991916,0.45656262343991916,-1.013073694194011,1.013073694194011,0.06834964539263727,0.04379289441533886,0.9914635077866283,True,FULL,FULL_exp_log_rank_3
163,0.5,3.8625,16.89,15.2325,15.2325,3.655467066441505,1.2944983818770228,18.887967066441504,8.601598077321363,15.2325,7.37781823043615,1.2944983818770228,22.61031823043615,6.873437258843132,3.7223511639946447,3.7223511639946447,3.722351163994645,3.722351163994645,-1.7281608184782309,1.7281608184782309,0.5878056510945504,0.3723641151778338,0.9090764414847944,True,FULL,FULL_exp_log_rank_3
164,0.07,1.5566666666666666,0.85,0.5843333333333334,0.5843333333333334,0.3510048045966245,3.211991434689508,0.935338137929958,59.36701870371923,0.5843333333333334,0.0766676486499455,3.211991434689508,0.661000981983279,79.89999339962331,-0.27433715594667896,0.27433715594667896,-0.27433715594667907,0.27433715594667907,20.53297469590408,20.53297469590408,0.06806630318715678,0.03952325984904844,0.47871740643524197,True,FULL,FULL_exp_log_rank_3
165,0.23,2.1675,5.85,4.43275,4.43275,2.80147060168731,2.306805074971165,7.23422060168731,14.978792929839672,4.43275,2.134960323700713,2.306805074971165,6.567710323700713,15.465292096861935,-0.666510277986597,0.666510277986597,-0.666510277986597,0.666510277986597,0.4864991670222629,0.4864991670222629,0.13683876227011182,0.08395899221553266,0.9595619179980509,True,FULL,FULL_exp_log_rank_3
166,0.75,3.8625,16.87,15.795,15.795,3.4935563581594646,1.2944983818770228,19.288556358159465,5.80409010742513,15.795,9.47224101184265,1.2944983818770228,25.26724101184265,4.158839839098559,5.978684653683185,5.978684653683185,5.978684653683185,5.978684653683185,-1.6452502683265706,1.6452502683265706,0.6183684987288968,0.4243111496842423,0.9232927379601776,True,FULL,FULL_exp_log_rank_3
167,0.17,1.5599999999999998,0.8,0.5579999999999999,0.5579999999999999,0.4953159279041487,3.2051282051282053,1.0533159279041486,18.51576110820791,0.5579999999999999,0.2435281470579798,3.2051282051282053,0.8015281470579798,21.37402023875065,-0.25178778084616893,0.25178778084616893,-0.2517877808461688,0.2517877808461688,2.858259130542738,2.858259130542738,0.04806656588653927,0.029939959827945693,0.768601933006559,True,FULL,FULL_exp_log_rank_3
168,1.11,2.563333333333333,4.61,4.293333333333333,4.293333333333333,4.918051194692046,1.950585175552666,9.21138452802538,3.258019017990617,4.293333333333333,3.1665381827587273,1.950585175552666,7.45987151609206,3.1560816822230167,-1.7515130119333184,1.7515130119333184,-1.7515130119333202,1.7515130119333202,-0.10193733576760033,0.10193733576760033,0.19255848968895828,0.1335805822829391,0.942719265924114,True,FULL,FULL_exp_log_rank_3
169,3.93,4.553333333333334,16.61,16.513333333333332,16.513333333333332,14.198414912137522,1.0980966325036603,30.711748245470854,1.4757256498343354,16.513333333333332,196.36731083206365,1.0980966325036603,212.88064416539697,1.1247432322463045,182.16889591992611,182.16889591992611,182.16889591992611,182.16889591992611,-0.35098241758803095,0.35098241758803095,0.5798227638638093,0.325820416857876,0.9642443066140942,True,FULL,FULL_exp_log_rank_3
170,0.19,1.5533333333333337,0.76,0.5436666666666666,0.5436666666666666,0.4848535368761771,3.218884120171673,1.0285202035428438,16.275028887164293,0.5436666666666666,0.2530895465062204,3.218884120171673,0.796756213172887,18.44206841068445,-0.2317639903699567,0.2317639903699567,-0.23176399036995676,0.23176399036995676,2.167039523520156,2.167039523520156,0.041873306558661186,0.02642759695418008,0.8079000063147207,True,FULL,FULL_exp_log_rank_3
172,1.88,4.13,15.76,14.8875,14.8875,14.997831291761866,1.2106537530266344,29.885331291761865,2.0220034481788933,14.8875,33.49719698684068,1.2106537530266344,48.38469698684068,1.531188682533619,18.49936569507881,18.49936569507881,18.499365695078815,18.499365695078815,-0.4908147656452744,0.4908147656452744,0.6009949966505416,0.34933329671872315,0.9540538963612687,True,FULL,FULL_exp_log_rank_3
173,0.23,1.5666666666666669,0.81,0.5826666666666666,0.5826666666666666,0.6080845262035995,3.191489361702127,1.190751192870266,12.675105003139644,0.5826666666666666,0.3548546208297632,3.191489361702127,0.9375212874964298,13.773039977181677,-0.25322990537383633,0.25322990537383633,-0.2532299053738363,0.2532299053738363,1.0979349740420332,1.0979349740420332,0.04175186651088725,0.026933450668874422,0.8456910790197509,True,FULL,FULL_exp_log_rank_3
175,1.85,4.1125,17.29,16.4125,16.4125,14.29966321375646,1.21580547112462,30.71216321375646,2.100213453400296,16.4125,48.27566742537652,1.21580547112462,64.68816742537652,1.480447929611322,33.97600421162006,33.97600421162006,33.97600421162006,33.97600421162006,-0.6197655237889741,0.6197655237889741,0.6102834927199104,0.37383250235301646,0.9605214535024662,True,FULL,FULL_exp_log_rank_3
176,0.65,1.5766666666666669,0.57,0.478,0.478,1.612273609680621,3.1712473572938684,2.090273609680621,4.48569879514461,0.478,1.448273999533709,3.1712473572938684,1.926273999533709,3.9465125017196674,-0.1639996101469119,0.1639996101469119,-0.1639996101469119,0.1639996101469119,-0.5391862934249425,0.5391862934249425,0.05291432429969581,0.0369477804715548,0.6958256370389069,True,FULL,FULL_exp_log_rank_3
177,1.47,2.6333333333333333,3.8,3.616,3.616,6.14964024424423,1.89873417721519,9.76564024424423,2.66832825839853,3.616,5.165318863554372,1.89873417721519,8.781318863554372,2.426600635240646,-0.9843213806898579,0.9843213806898579,-0.9843213806898579,0.9843213806898579,-0.241727623157884,0.241727623157884,0.20412579369279807,0.14300208282967694,0.9177858746911558,True,FULL,FULL_exp_log_rank_3
178,2.12,4.1575,13.69,12.965,12.965,17.833183532648366,1.2026458208057729,30.79818353264837,1.8070468059221405,12.965,25.663879741488497,1.2026458208057729,38.6288797414885,1.49963247840253,7.830696208840131,7.830696208840131,7.830696208840127,7.830696208840127,-0.3074143275196106,0.3074143275196106,0.6584622886837406,0.42048022668055596,0.9311016076516759,True,FULL,FULL_exp_log_rank_3
179,0.48,1.5666666666666669,0.88,0.6386666666666666,0.6386666666666666,2.2710172374402005,3.191489361702127,2.909683904106867,5.11752583659357,0.6386666666666666,1.3498758786960936,3.191489361702127,1.98854254536276,4.8856749633255445,-0.9211413587441069,0.9211413587441069,-0.9211413587441069,0.9211413587441069,-0.23185087326802556,0.23185087326802556,0.09100151430451754,0.06392504709058201,0.5880316728427384,True,FULL,FULL_exp_log_rank_3
181,0.9,3.925,17.84,14.94,14.94,13.029435602700998,1.2738853503184715,27.969435602700997,3.4621547532157915,14.94,41.08211263985123,1.2738853503184715,56.02211263985123,2.251161235620152,28.052677037150232,28.052677037150232,28.052677037150232,28.052677037150232,-1.2109935175956394,1.2109935175956394,1.4278705264757696,1.0565256222300403,0.6753409050906369,True,FULL,FULL_exp_log_rank_3
182,0.22,1.49,0.66,0.4575,0.4575,0.5513217275318822,3.3557046979865772,1.0088217275318825,12.75282127395527,0.4575,0.3336803822195598,3.3557046979865772,0.7911803822195599,13.661413410429889,-0.21764134531232243,0.21764134531232243,-0.2176413453123226,0.2176413453123226,0.9085921364746188,0.9085921364746188,0.03581305125282421,0.023124518193144667,0.8388896764635112,True,FULL,FULL_exp_log_rank_3
183,1.93,3.1,4.22,4.0145,4.0145,10.822557992923612,1.6129032258064515,14.837057992923611,2.064879723343122,4.0145,7.801884132953669,1.6129032258064515,11.816384132953669,1.917667888957624,-3.0206738599699428,3.0206738599699428,-3.0206738599699428,3.0206738599699428,-0.14721183438549823,0.14721183438549823,0.2957596786595899,0.21566173606690808,0.8652226199158934,True,FULL,FULL_exp_log_rank_3
184,3.98,4.75,15.12,14.85,14.85,45.661479023586836,1.0526315789473684,60.51147902358684,1.247654255784918,14.85,125.94954385582952,1.0526315789473684,140.7995438558295,1.0892208022666603,80.28806483224268,80.28806483224268,80.28806483224267,80.28806483224267,-0.15843345351825766,0.15843345351825766,0.8759768138653601,0.5580142221261126,0.898235647269915,True,FULL,FULL_exp_log_rank_3
185,0.13,1.5666666666666669,1.09,0.5446666666666667,0.5446666666666667,0.9576325699215577,3.191489361702127,1.5022992365882244,21.905585532286455,0.5446666666666667,0.6755703573829938,3.191489361702127,1.2202370240496605,22.89752029270785,-0.2820622125385639,0.2820622125385639,-0.2820622125385639,0.2820622125385639,0.991934760421394,0.991934760421394,0.0606538696526328,0.03679887138490426,0.8766810441215509,True,FULL,FULL_exp_log_rank_3
186,0.28,2.1775,5.16,3.81425,3.81425,3.130431077528114,2.296211251435132,6.944681077528114,11.220553160809676,3.81425,1.4048277872115515,2.296211251435132,5.2190777872115515,13.240622143030988,-1.7256032903165623,1.7256032903165623,-1.7256032903165623,1.7256032903165623,2.0200689822213125,2.0200689822213125,0.30082609597588955,0.19096516659583224,0.7796703968634895,True,FULL,FULL_exp_log_rank_3
187,0.7,3.88,16.09,11.71,11.71,14.993697153202367,1.288659793814433,26.70369715320237,3.931657649182005,11.71,37.82503525935736,1.288659793814433,49.53503525935736,2.7641390039557168,22.831338106154988,22.831338106154988,22.831338106154988,22.831338106154988,-1.1675186452262882,1.1675186452262882,1.8712106431535316,1.3380043208511734,0.2884928715709202,True,FULL,FULL_exp_log_rank_3
188,1.1,2.06,0.64,0.593,0.593,1.513280437089641,2.4271844660194173,2.1062804370896413,3.268679989536249,0.593,2.6373647756823435,2.4271844660194173,3.2303647756823435,2.712645674841175,1.1240843385927024,1.1240843385927024,1.1240843385927022,1.1240843385927022,-0.5560343146950739,0.5560343146950739,0.04662357989232131,0.03200275100656754,0.8412594600197671,True,FULL,FULL_exp_log_rank_3
189,3.11,3.85,4.79,4.4285,4.4285,105.61771145632456,1.2987012987012987,110.04621145632456,1.3813754414682702,4.4285,23.52876036055635,1.2987012987012987,27.95726036055635,1.3717476825394643,-82.08895109576821,82.08895109576821,-82.08895109576821,82.08895109576821,-0.009627758928805852,0.009627758928805852,0.9063577464492952,0.6229968034531342,-0.05758910234246395,True,FULL,FULL_exp_log_rank_3
190,2.95,4.833333333333333,17.57,15.660000000000002,15.660000000000002,133.5433516563727,1.0344827586206895,149.2033516563727,1.194201194728314,15.660000000000002,97.25944988162362,1.0344827586206895,112.91944988162362,1.1085233992858576,-36.28390177474907,36.28390177474907,-36.28390177474907,36.28390177474907,-0.08567779544245635,0.08567779544245635,2.5853535163037504,1.9492990688251512,0.37855982061741267,True,FULL,FULL_exp_log_rank_3
191,0.1,1.64,1.15,0.5823333333333333,0.5823333333333333,0.8468851223123651,3.048780487804878,1.4292184556456984,32.276683117014976,0.5823333333333333,0.5877035763802355,3.048780487804878,1.1700369097135688,34.0717195463829,-0.2591815459321296,0.2591815459321296,-0.2591815459321296,0.2591815459321296,1.7950364293679257,1.7950364293679257,0.06100824562305639,0.03608312733581792,0.8745115068339592,True,FULL,FULL_exp_log_rank_3
192,0.26,2.06,5.06,2.78625,2.78625,5.537602820988881,2.4271844660194173,8.323852820988881,9.67711986223781,2.78625,6.252771375201708,2.4271844660194173,9.039021375201708,8.797361613461955,0.715168554212827,0.715168554212827,0.715168554212827,0.715168554212827,-0.879758248775854,0.879758248775854,0.07713265206204169,0.052276592609911285,0.990753175670349,True,FULL,FULL_exp_log_rank_3
193,0.48,3.91,15.79,12.4225,12.4225,7.40432598861948,1.278772378516624,19.82682598861948,7.151633571136485,12.4225,14.43821623177185,1.278772378516624,26.86071623177185,5.6775245442547835,7.033890243152371,7.033890243152371,7.033890243152371,7.033890243152371,-1.4741090268817016,1.4741090268817016,1.1123658413980964,0.7152582540784169,0.6430480016320488,True,FULL,FULL_exp_log_rank_3
194,0.47,1.5599999999999998,0.9,0.6583333333333333,0.6583333333333333,2.1587521490528645,3.2051282051282053,2.8170854823861977,5.267358968714256,0.6583333333333333,1.3375227412691757,3.2051282051282053,1.995856074602509,5.0049979419693775,-0.8212294077836888,0.8212294077836888,-0.8212294077836888,0.8212294077836888,-0.2623610267448786,0.2623610267448786,0.08711576341610154,0.060730997745737134,0.6324735319840973,True,FULL,FULL_exp_log_rank_3
195,0.49,2.1875,5.79,4.2505,4.2505,7.336962282580967,2.2857142857142856,11.587462282580969,5.320972461121309,4.2505,6.737863720103545,2.2857142857142856,10.988363720103544,4.796559897645495,-0.5990985624774225,0.5990985624774225,-0.5990985624774243,0.5990985624774243,-0.5244125634758143,0.5244125634758143,0.23007265212392866,0.13552470103314615,0.9260138453629176,True,FULL,FULL_exp_log_rank_3
196,1.09,3.86,17.51,14.9375,14.9375,16.553387035413166,1.2953367875647668,31.490887035413166,2.8169440230151195,14.9375,48.75730858225014,1.2953367875647668,63.69480858225014,1.884413932446234,32.20392154683697,32.20392154683697,32.20392154683697,32.20392154683697,-0.9325300905688856,0.9325300905688856,0.7247516835549771,0.5896031429524506,0.9242703300977749,True,FULL,FULL_exp_log_rank_3
197,0.14,2.0725,0.99,0.65575,0.65575,0.5146811885872504,2.4125452352231607,1.1704311885872505,25.510159206488257,0.65575,0.1445998827506296,2.4125452352231607,0.8003498827506297,33.406436464982406,-0.3700813058366208,0.3700813058366208,-0.3700813058366208,0.3700813058366208,7.896277258494148,7.896277258494148,0.08416706166045931,0.05008232583784658,0.49723237514079033,True,FULL,FULL_exp_log_rank_3
199,2.66,4.3725000000000005,17.29,16.490000000000002,16.490000000000002,37.39926722177272,1.1435105774728416,53.88926722177272,1.504191322919805,16.490000000000002,89.37646923069937,1.1435105774728416,105.86646923069938,1.236581616208941,51.97720200892665,51.97720200892665,51.97720200892666,51.97720200892666,-0.26760970671086404,0.26760970671086404,1.137811775475646,0.7839127313505192,0.8807617944097569,True,FULL,FULL_exp_log_rank_3
200,1.09,1.85,0.51,0.452,0.452,3.5013968656521643,2.702702702702702,3.953396865652164,3.161464776235545,0.452,3.048027661692198,2.702702702702702,3.500027661692198,2.891513746908277,-0.45336920395996616,0.45336920395996616,-0.4533692039599657,0.4533692039599657,-0.269951029327268,0.269951029327268,0.07235172238996655,0.05423228134486775,0.4117378923864823,True,FULL,FULL_exp_log_rank_3
201,4.54,28.00018033053748,3.73,3.372542584212134,3.372542584212134,0.9705608512144872,0.178570278511632,4.343103435426621,0.8969826858645201,3.372542584212134,14.509786974136638,0.178570278511632,17.882329558348772,0.4049534244513009,13.539226122922152,13.539226122922152,13.539226122922152,13.539226122922152,-0.49202926141321923,0.49202926141321923,1.4931839276861973,1.0282243936323103,-9.394052945439066,True,FULL,FULL_exp_log_rank_3
202,5.68,6.0,13.66,13.51,13.51,45.684267603740025,0.8333333333333334,59.19426760374002,0.9611956816495174,13.51,113.50514865466474,0.8333333333333334,127.01514865466474,0.8583370905905171,67.82088105092471,67.82088105092471,67.82088105092473,67.82088105092473,-0.1028585910590003,0.1028585910590003,0.7164078264612564,0.436014236742987,0.9122417137416571,True,FULL,FULL_exp_log_rank_3
203,8.16,15.0,0.64,0.4826666666666666,0.4826666666666666,11.163229285157737,0.3333333333333333,11.645895951824402,0.3680224492093827,0.4826666666666666,8.083561030570914,0.3333333333333333,8.566227697237581,0.3444669139910583,-3.0796682545868226,3.0796682545868226,-3.079668254586821,3.079668254586821,-0.02355553521832443,0.02355553521832443,0.16824862103544383,0.12869597471996214,-0.6613049324300833,True,FULL,FULL_exp_log_rank_3
204,9.63,15.0,1.15,0.9263333333333332,0.9263333333333332,31.67109901569681,0.3333333333333333,32.59743234903014,0.356302565715436,0.9263333333333332,16.189557395933964,0.3333333333333333,17.115890729267296,0.3416791230342172,-15.481541619762847,15.481541619762847,-15.481541619762847,15.481541619762847,-0.01462344268121879,0.01462344268121879,0.336814560581593,0.25701776578466384,-0.8452172626551402,True,FULL,FULL_exp_log_rank_3
205,8.17,15.0,1.67,1.391,1.391,14.757831874738754,0.3333333333333333,16.148831874738754,0.3859250855203011,1.391,13.091483201802044,0.3333333333333333,14.482483201802046,0.3525551151297917,-1.66634867293671,1.66634867293671,-1.6663486729367083,1.6663486729367083,-0.033369970390509374,0.033369970390509374,0.2945057795306706,0.22163967439215387,0.08817424858269618,True,FULL,FULL_exp_log_rank_3
206,7.68,15.0,2.36,1.9943333333333333,1.9943333333333333,14.016889640854824,0.3333333333333333,16.011222974188158,0.404258783461519,1.9943333333333333,12.277055693916893,0.3333333333333333,14.271389027250226,0.3646110400265008,-1.7398339469379316,1.7398339469379316,-1.7398339469379316,1.7398339469379316,-0.0396477434350182,0.0396477434350182,0.3366394377857181,0.24929933407230642,0.36612467970706,True,FULL,FULL_exp_log_rank_3
207,12.65,17.5,2.87,2.478,2.478,85.54466261294648,0.2857142857142857,88.02266261294648,0.3027127732951231,2.478,41.963702696935776,0.2857142857142857,44.44170269693578,0.2919588580655353,-43.580959916010706,43.580959916010706,-43.5809599160107,43.5809599160107,-0.010753915229587796,0.010753915229587796,0.7509015459354166,0.543944090142681,-0.6216306521612498,True,FULL,FULL_exp_log_rank_3
209,0.55,3.75,0.015,0.014,0.014,0.0024195869070291,1.3333333333333333,0.0164195869070291,8.395940887010124,0.014,0.0478406213442724,1.3333333333333333,0.0618406213442724,3.611993595897582,0.0454210344372433,0.0454210344372433,0.045421034437243296,0.045421034437243296,-4.783947291112542,4.783947291112542,0.00594439028530123,0.003977340730665658,-9.887390311979509,True,FULL,FULL_exp_log_rank_3
210,0.73,3.75,0.017,0.0155,0.0155,0.0049950016940742,1.3333333333333333,0.0204950016940742,5.436911505105911,0.0155,0.0375724665653715,1.3333333333333333,0.0530724665653715,2.844342322771721,0.0325774648712973,0.0325774648712973,0.0325774648712973,0.0325774648712973,-2.59256918233419,2.59256918233419,0.0028543723076735823,0.002006145158412947,-0.6075152686284528,True,FULL,FULL_exp_log_rank_3
211,0.73,3.75,0.031,0.0205,0.0205,0.0421170527109933,1.3333333333333333,0.0626170527109933,3.3538139443417307,0.0205,0.285053496595559,1.3333333333333333,0.305553496595559,1.94736496527107,0.2429364438845657,0.2429364438845657,0.24293644388456573,0.24293644388456573,-1.4064489790706607,1.4064489790706607,0.012226939850999834,0.009214802911396638,-5.848186578810312,True,FULL,FULL_exp_log_rank_3
212,0.56,4.25,0.032,0.0305,0.0305,0.0032729190185453,1.1764705882352942,0.0337729190185453,9.217143579218789,0.0305,0.1590970740190737,1.1764705882352942,0.1895970740190737,3.367735092965225,0.1558241550005284,0.1558241550005284,0.15582415500052837,0.15582415500052837,-5.849408486253564,5.849408486253564,0.02247477856642825,0.014821417406361942,-35.654028851152404,True,FULL,FULL_exp_log_rank_3
213,0.61,4.25,0.036,0.032,0.032,0.0097117896904809,1.1764705882352942,0.0417117896904809,6.613265489413038,0.032,0.1830766977973892,1.1764705882352942,0.2150766977973892,2.944543169717088,0.1733649081069083,0.1733649081069083,0.1733649081069083,0.1733649081069083,-3.6687223196959504,3.6687223196959504,0.02219462039217984,0.014966472121027433,-25.720772227140895,True,FULL,FULL_exp_log_rank_3
214,0.8,4.25,0.041,0.0365,0.0365,0.0146135447707714,1.1764705882352942,0.0511135447707714,4.687843076991533,0.0365,0.1932460921730936,1.1764705882352942,0.2297460921730936,2.1414229664105044,0.1786325474023222,0.1786325474023222,0.1786325474023222,0.1786325474023222,-2.5464201105810287,2.5464201105810287,0.014322189127658261,0.010279502917949459,-6.135880846218978,True,FULL,FULL_exp_log_rank_3
215,0.85,4.25,0.053,0.0412499999999999,0.0412499999999999,0.0449535990108785,1.1764705882352942,0.0862035990108784,3.4008265344224067,0.0412499999999999,0.3011821460286242,1.1764705882352942,0.3424321460286241,1.8772021484783088,0.25622854701774567,0.25622854701774567,0.25622854701774567,0.25622854701774567,-1.5236243859440979,1.5236243859440979,0.01512282465678421,0.011239889417694429,-3.3307798880142183,True,FULL,FULL_exp_log_rank_3
216,1.18,4.75,0.072,0.06875,0.06875,0.0144953537063408,1.0526315789473684,0.0832453537063408,3.803418428356459,0.06875,0.2781873868719313,1.0526315789473684,0.3469373868719313,1.5885391033980578,0.2636920331655905,0.2636920331655905,0.26369203316559053,0.26369203316559053,-2.2148793249584013,2.2148793249584013,0.012094097886919912,0.00900300074028092,-0.34904579633755706,True,FULL,FULL_exp_log_rank_3
217,1.07,4.75,0.082,0.07425,0.07425,0.0316745022212473,1.0526315789473684,0.1059245022212473,3.494012368300583,0.07425,0.3341446439222382,1.0526315789473684,0.4083946439222382,1.6734042050312463,0.3024701417009909,0.3024701417009909,0.30247014170099085,0.30247014170099085,-1.8206081632693367,1.8206081632693367,0.01643271626779867,0.01218642077735683,-1.0619910809372093,True,FULL,FULL_exp_log_rank_3
218,0.99,4.75,0.091,0.0815,0.0815,0.0350845623553453,1.0526315789473684,0.1165845623553453,3.740061038065954,0.0815,0.3730815027835767,1.0526315789473684,0.4545815027835768,1.7865364599158169,0.3379969404282314,0.3379969404282314,0.3379969404282315,0.3379969404282315,-1.953524578150137,1.953524578150137,0.02216540738755745,0.016210112432675804,-2.22585797592029,True,FULL,FULL_exp_log_rank_3
219,1.33,4.75,0.123,0.109,0.109,0.0845437839006371,1.0526315789473684,0.1935437839006371,2.512415047002486,0.109,0.588943056539056,1.0526315789473684,0.697943056539056,1.3885553467420229,0.5043992726384189,0.5043992726384189,0.5043992726384189,0.5043992726384189,-1.1238597002604633,1.1238597002604633,0.011568867784508668,0.009048852362093001,0.608912846598958,True,FULL,FULL_exp_log_rank_3
220,0.57,3.0,0.057,0.045,0.045,0.0423378142666348,1.6666666666666667,0.0873378142666348,5.252909248352316,0.045,0.4860929917384093,1.6666666666666667,0.5310929917384093,2.606579884446641,0.4437551774717745,0.4437551774717745,0.4437551774717745,0.4437551774717745,-2.6463293639056755,2.6463293639056755,0.028155181254759108,0.020755576618044214,-12.564045284226069,True,FULL,FULL_exp_log_rank_3
221,0.74,3.0,0.052,0.0426666666666666,0.0426666666666666,0.0483380999196384,1.6666666666666667,0.091004766586305,3.990648101805694,0.0426666666666666,0.4337979230582913,1.6666666666666667,0.4764645897249579,2.116036722146197,0.3854598231386529,0.3854598231386529,0.3854598231386529,0.3854598231386529,-1.874611379659497,1.874611379659497,0.009609976491087028,0.007538933891524594,-0.6392047417337694,True,FULL,FULL_exp_log_rank_3
222,1.17,3.75,0.042,0.037,0.037,0.0379972465016185,1.3333333333333333,0.0749972465016185,2.7555455668379523,0.037,0.2072371225075361,1.3333333333333333,0.2442371225075361,1.662132902829695,0.16923987600591758,0.16923987600591758,0.1692398760059176,0.1692398760059176,-1.0934126640082573,1.0934126640082573,0.002215728743094148,0.0018367950767073785,0.8853100388131182,True,FULL,FULL_exp_log_rank_3
223,2.7,4.333333333333333,0.036,0.0356666666666666,0.0356666666666666,0.012315781767816,1.153846153846154,0.0479824484344826,2.0063850757344786,0.0356666666666666,0.0031672256626383,1.153846153846154,0.0388338923293049,2.344782952331238,-0.009148556105177699,0.009148556105177699,-0.009148556105177702,0.009148556105177702,0.33839787659675924,0.33839787659675924,0.0002701718933322707,0.00021554296099384845,0.9984906494616501,True,FULL,FULL_exp_log_rank_3
224,0.75,3.5,0.022,0.02125,0.02125,0.0026705992767688,1.4285714285714286,0.0239205992767688,6.637578410976577,0.02125,0.0573475494965008,1.4285714285714286,0.0785975494965009,2.695296177231118,0.054676950219732005,0.054676950219732005,0.054676950219732096,0.054676950219732096,-3.9422822337454586,3.9422822337454586,0.004054301817990237,0.002883207658668173,-0.8309091902111025,True,FULL,FULL_exp_log_rank_3
225,1.15,3.5,0.021,0.02,0.02,0.0073958891535081,1.4285714285714286,0.0273958891535081,3.6113543932907137,0.02,0.011517341947645,1.4285714285714286,0.031517341947645,2.9279824760683235,0.0041214527941369,0.0041214527941369,0.0041214527941369,0.0041214527941369,-0.6833719172223902,0.6833719172223902,0.0003634369446404063,0.00021012336947560419,0.9883711117465512,True,FULL,FULL_exp_log_rank_3
226,1.1,3.5,0.02,0.01925,0.01925,0.004956977641193,1.4285714285714286,0.024206977641193,4.054827267846036,0.01925,0.0095467342154085,1.4285714285714286,0.0287967342154085,3.1515575114381873,0.004589756574215499,0.004589756574215499,0.004589756574215502,0.004589756574215502,-0.9032697564078491,0.9032697564078491,0.0003492405184020297,0.00022603965749286065,0.9877172631728832,True,FULL,FULL_exp_log_rank_3
228,0.7,3.0,0.059,0.0456666666666666,0.0456666666666666,0.0656740182268081,1.6666666666666667,0.1113406848934747,3.9285722676402535,0.0456666666666666,0.2256333374700395,1.6666666666666667,0.2713000041367062,2.5213647302959403,0.1599593192432314,0.1599593192432314,0.15995931924323148,0.15995931924323148,-1.4072075373443131,1.4072075373443131,0.005748322182869412,0.004389177810473333,0.5435029741462749,True,FULL,FULL_exp_log_rank_3
229,0.8,3.75,0.039,0.03775,0.03775,0.0044128695173391,1.3333333333333333,0.0421628695173391,6.31959788609588,0.03775,0.1149078458318499,1.3333333333333333,0.1526578458318499,2.4478074208353218,0.1104949763145108,0.1104949763145108,0.1104949763145108,0.1104949763145108,-3.8717904652605584,3.8717904652605584,0.008044718414876806,0.005738274703956537,-1.3075555454662484,True,FULL,FULL_exp_log_rank_3
230,1.1,3.75,0.031,0.03025,0.03025,0.004226216061608,1.3333333333333333,0.034476216061608,4.574641618565765,0.03025,0.0481719799441422,1.3333333333333333,0.0784219799441423,2.253417528053728,0.0439457638825342,0.0439457638825342,0.043945763882534294,0.043945763882534294,-2.3212240905120365,2.3212240905120365,0.0019488869626437446,0.0014978241005694196,0.8289419752556838,True,FULL,FULL_exp_log_rank_3
234,0.99,3.0,0.523,0.4803333333333333,0.4803333333333333,0.3422582854093307,1.6666666666666667,0.822591618742664,3.6102895519762694,0.4803333333333333,0.4283991035696383,1.6666666666666667,0.9087324369029716,3.0300491714994178,0.08614081816030761,0.08614081816030761,0.08614081816030761,0.08614081816030761,-0.5802403804768517,0.5802403804768517,0.012421462807517481,0.006490483344400633,0.9779617523829126,True,FULL,FULL_exp_log_rank_3
235,1.49,3.0,0.929,0.87,0.87,1.3911680147990315,1.6666666666666667,2.261168014799032,2.4688599946843404,0.87,1.232314167332639,1.6666666666666667,2.102314167332639,2.216497081982564,-0.15885384746639253,0.15885384746639253,-0.15885384746639275,0.15885384746639275,-0.2523629127017766,0.2523629127017766,0.04922015808168462,0.033666607572162166,0.9143870563376099,True,FULL,FULL_exp_log_rank_3
236,2.48,3.5,1.278,1.2245,1.2245,4.974718816480315,1.4285714285714286,6.199218816480315,1.7047169871616714,1.2245,4.429888709728657,1.4285714285714286,5.654388709728657,1.563329731106217,-0.5448301067516574,0.5448301067516574,-0.5448301067516574,0.5448301067516574,-0.14138725605545432,0.14138725605545432,0.10277184852424989,0.07195524700373769,0.8115557439492704,True,FULL,FULL_exp_log_rank_3
238,1.16,3.0,0.606,0.5299999999999999,0.5299999999999999,0.9995028593983644,1.6666666666666667,1.5295028593983642,2.6762963684092975,0.5299999999999999,0.6648011334463576,1.6666666666666667,1.1948011334463575,2.532842089547651,-0.33470172595200676,0.33470172595200676,-0.33470172595200665,0.33470172595200665,-0.1434542788616464,0.1434542788616464,0.03824059284863314,0.02655796694251812,0.8553745033718262,True,FULL,FULL_exp_log_rank_3
239,2.0,3.5,0.785,0.745,0.745,1.4880839300345443,1.4285714285714286,2.2330839300345446,1.9471028822830023,0.745,1.9634370161324384,1.4285714285714286,2.7084370161324385,1.6664062352003934,0.47535308609789406,0.47535308609789406,0.47535308609789384,0.47535308609789384,-0.2806966470826089,0.2806966470826089,0.04772636486618533,0.032898278908006014,0.8952590351124573,True,FULL,FULL_exp_log_rank_3
240,1.84,3.0,1.067,0.9266666666666667,0.9266666666666667,11.34965538746409,1.6666666666666667,12.276322054130755,1.8769974838423913,0.9266666666666667,2.7320779539085085,1.6666666666666667,3.6587446205751752,1.8952419326075236,-8.617577433555581,8.617577433555581,-8.61757743355558,8.61757743355558,0.018244448765132315,0.018244448765132315,0.19115788262007194,0.14645766673757396,0.10466661819560519,True,FULL,FULL_exp_log_rank_3
241,2.5,3.5,1.53,1.435,1.435,11.191062390354295,1.4285714285714286,12.626062390354296,1.6206039521105755,1.435,4.884700447330186,1.4285714285714286,6.319700447330186,1.569137408519789,-6.306361943024109,6.306361943024109,-6.306361943024109,6.306361943024109,-0.05146654359078662,0.05146654359078662,0.17931952037350585,0.12831349654371252,0.5868504743990139,True,FULL,FULL_exp_log_rank_3
242,1.28,13.0,0.381,0.236,0.236,0.2798827945510767,0.3846153846153846,0.5158827945510767,2.332154177278262,0.236,0.8516516178804958,0.3846153846153846,1.0876516178804958,1.7669173154990925,0.5717688233294191,0.5717688233294191,0.5717688233294191,0.5717688233294191,-0.5652368617791694,0.5652368617791694,0.10532820943386917,0.06630491568389457,-3.1311799174614965,True,FULL,FULL_exp_log_rank_3
243,1.94,13.0,1.479,1.139,1.139,0.9051763320711632,0.3846153846153846,2.0441763320711632,1.6142343389282214,1.139,0.5388732517178478,0.3846153846153846,1.6778732517178478,1.7515217776018848,-0.3663030803533154,0.3663030803533154,-0.3663030803533154,0.3663030803533154,0.13728743867366333,0.13728743867366333,0.060726939752917854,0.03909554702832857,0.8939325121723611,True,FULL,FULL_exp_log_rank_3
244,2.29,13.0,30.401,2.493,2.493,191.4872115140508,0.3846153846153846,193.9802115140508,0.5794840127037909,2.493,100.10480117510556,0.3846153846153846,102.59780117510554,0.5573220790110371,-91.38241033894525,91.38241033894525,-91.38241033894526,91.38241033894526,-0.022161933692753766,0.022161933692753766,7.351449537717544,5.267077314473759,0.40153503961135506,True,FULL,FULL_exp_log_rank_3
245,3.95,13.0,5.488,4.171,4.171,11.473466241634494,0.3846153846153846,15.644466241634497,0.6512771868667829,4.171,0.437648384074274,0.3846153846153846,4.608648384074274,1.2862688527597497,-11.03581785756022,11.03581785756022,-11.035817857560222,11.035817857560222,0.6349916658929667,0.6349916658929667,0.6804934804261218,0.49967572786176206,0.3788777678466989,True,FULL,FULL_exp_log_rank_3
246,0.34,13.0,0.306,0.104,0.104,0.238125551076079,0.3846153846153846,0.342125551076079,11.465962069935722,0.104,0.8248094706346936,0.3846153846153846,0.9288094706346935,10.444407522432838,0.5866839195586145,0.5866839195586145,0.5866839195586145,0.5866839195586145,-1.021554547502884,1.021554547502884,0.1554529075800454,0.0884290130532004,-7.43366525912116,True,FULL,FULL_exp_log_rank_3
247,0.55,13.0,1.422,0.768,0.768,0.854926430267495,0.3846153846153846,1.622926430267495,6.829794290098721,0.768,0.3877617518766252,0.3846153846153846,1.1557617518766252,7.855175067093347,-0.46716467839086984,0.46716467839086984,-0.46716467839086984,0.46716467839086984,1.0253807769946262,1.0253807769946262,0.11757720627347641,0.06809550780468883,0.6341171804928267,True,FULL,FULL_exp_log_rank_3
250,0.1,15.0,0.367,0.136,0.136,0.2402542971419538,0.3333333333333333,0.3762542971419538,56.09759499434641,0.136,1.0561309063406092,0.3333333333333333,1.1921309063406094,52.05347399728976,0.8158766091986555,0.8158766091986555,0.8158766091986556,0.8158766091986556,-4.044120997056652,4.044120997056652,0.2223973830005324,0.12495617006928807,-14.368933967883317,True,FULL,FULL_exp_log_rank_3
251,0.67,15.0,1.297,0.843,0.843,0.5998183417647385,0.3333333333333333,1.4428183417647384,6.0080454699914485,0.843,0.6246618744895955,0.3333333333333333,1.4676618744895955,5.89623006997339,0.024843532724857065,0.024843532724857065,0.024843532724857065,0.024843532724857065,-0.11181540001805867,0.11181540001805867,0.005925794165665577,0.0034675041195102317,0.9984666931093465,True,FULL,FULL_exp_log_rank_3
254,0.42,15.0,0.464,0.223,0.223,0.286841251907236,0.3333333333333333,0.509841251907236,9.785018691865965,0.223,1.0357137012791704,0.3333333333333333,1.2587137012791705,8.51216128940595,0.7488724493719344,0.7488724493719344,0.7488724493719345,0.7488724493719345,-1.2728574024600139,1.2728574024600139,0.19736399285611675,0.11250605524829699,-7.635216897294534,True,FULL,FULL_exp_log_rank_3
255,1.34,15.0,1.532,0.812,0.812,1.3202731944591186,0.3333333333333333,2.1322731944591187,2.118955632610797,0.812,0.9762870343469094,0.3333333333333333,1.7882870343469095,2.1898158621427175,-0.34398616011220917,0.34398616011220917,-0.34398616011220917,0.34398616011220917,0.07086022953192073,0.07086022953192073,0.07265943126436135,0.044295350423822516,0.904043195408416,True,FULL,FULL_exp_log_rank_3
256,1.56,15.0,2.845,1.821,1.821,2.049502462074934,0.3333333333333333,3.870502462074933,1.917214666999875,1.821,0.3014009861227051,0.3333333333333333,2.122400986122705,2.9910993561478314,-1.7481014759522286,1.7481014759522286,-1.748101475952228,1.748101475952228,1.0738846891479563,1.0738846891479563,0.33422966279003985,0.20717336148868276,0.22518553669002872,True,FULL,FULL_exp_log_rank_3
258,2.09,15.0,55.263,3.813,3.813,190.18212243089908,0.3333333333333333,193.99512243089907,0.7174733228095233,3.813,1230.3690108567205,0.3333333333333333,1234.1820108567204,0.6659449811889744,1040.1868884258215,1040.1868884258215,1040.1868884258213,1040.1868884258213,-0.05152834162054887,0.05152834162054887,117.47352635851041,80.82805414865875,-46.02775790425618,True,FULL,FULL_exp_log_rank_3
284,0.27,1.6652089623887931,2.655,1.3036485066778338,1.3036485066778338,4.61028992899217,3.002626164602998,5.913938435670004,7.913618795998358,1.3036485066778338,3.224971591086989,3.002626164602998,4.528620097764823,7.791805695533414,-1.385318337905181,1.385318337905181,-1.385318337905181,1.385318337905181,-0.12181310046494431,0.12181310046494431,0.21389825843351426,0.13989136783331962,0.8047225529938136,True,FULL,FULL_exp_log_rank_3
285,0.5,3.083720300719987,2.417,0.6555920235894309,0.6555920235894309,7.127781251237852,1.621418128885619,7.783373274827283,3.420782268328867,0.6555920235894309,2.775090028748671,1.621418128885619,3.430682052338102,3.690481492553618,-4.352691222489181,4.352691222489181,-4.352691222489181,4.352691222489181,0.2696992242247509,0.2696992242247509,0.49816299990487556,0.34232974860853926,0.3081961421254783,True,FULL,FULL_exp_log_rank_3
286,0.88,5.4273477292671775,5.477,2.848434309388562,2.848434309388562,8.806082929225237,0.9212603005031926,11.6545172386138,2.5046228694450243,2.848434309388562,0.5222234254225633,0.9212603005031926,3.3706577348111253,4.9512934380988645,-8.283859503802674,8.283859503802674,-8.283859503802674,8.283859503802674,2.44667056865384,2.44667056865384,1.0883056793630232,0.7297416389860111,-0.29327180803082253,True,FULL,FULL_exp_log_rank_3
287,0.29,1.7885577744175924,3.214,1.959240530267265,1.959240530267265,3.9894927128527247,2.7955484980786536,5.94873324311999,8.412171305906568,1.959240530267265,2.379166974968687,2.7955484980786536,4.338407505235952,8.835049604952136,-1.6103257378840379,1.6103257378840379,-1.6103257378840379,1.6103257378840379,0.42287829904556773,0.42287829904556773,0.2413381019281849,0.1587649923460341,0.7616415232315267,True,FULL,FULL_exp_log_rank_3
288,0.44,2.7136738646335887,3.179,1.959240530267265,1.959240530267265,3.8637545585443656,1.8425206010063853,5.822995088811631,5.589277438658442,1.959240530267265,0.3906857611154897,1.8425206010063853,2.3499262913827548,9.6938734135291,-3.473068797428876,3.473068797428876,-3.473068797428876,3.473068797428876,4.104595974870659,4.104595974870659,0.47501133493648284,0.31569885346671345,0.038813039743741284,True,FULL,FULL_exp_log_rank_3
289,0.44,2.7136738646335887,5.856,2.848434309388562,2.848434309388562,10.290924987900752,1.8425206010063853,13.139359297289314,4.832563228905287,2.848434309388562,8.134342665933733,1.8425206010063853,10.982776975322295,4.608367021437195,-2.1565823219670186,2.1565823219670186,-2.1565823219670186,2.1565823219670186,-0.22419620746809255,0.22419620746809255,0.3798779054626583,0.24273488623107098,0.8750880537485997,True,FULL,FULL_exp_log_rank_3
291,0.42,2.590325052604789,4.293,1.959240530267265,1.959240530267265,8.144262348078403,1.9302596772447849,10.103502878345669,4.906645401620717,1.959240530267265,4.194449349221119,1.9302596772447849,6.153689879488384,5.20440333118561,-3.9498129988572837,3.9498129988572837,-3.9498129988572845,3.9498129988572845,0.29775792956489244,0.29775792956489244,0.5311807737679889,0.3561421756142999,0.5836852907534011,True,FULL,FULL_exp_log_rank_3
292,0.27,1.6652089623887931,1.816,0.6555920235894309,0.6555920235894309,4.340373544875488,3.002626164602998,4.99596556846492,6.93036783035678,0.6555920235894309,2.6149576887356263,3.002626164602998,3.270549712325057,6.927547192154129,-1.725415856139862,1.725415856139862,-1.7254158561398625,1.7254158561398625,-0.0028206382026514376,0.0028206382026514376,0.23002922823301475,0.15435584318600032,0.6674887324958716,True,FULL,FULL_exp_log_rank_3
293,0.55,3.392092330791986,3.752,1.3488617496840016,1.3488617496840016,8.999404803617814,1.4740164808051082,10.348266553301816,3.397073578572742,1.3488617496840016,2.9143681818175597,1.4740164808051082,4.263229931501561,3.964489445429087,-6.0850366218002545,6.0850366218002545,-6.0850366218002545,6.0850366218002545,0.5674158668563449,0.5674158668563449,0.7350087975889367,0.501568036651252,0.20800793792134764,True,FULL,FULL_exp_log_rank_3
295,1.2,7.400928721727968,0.0307,0.0217962758401608,0.0217962758401608,0.0268208917452208,0.6755908870356747,0.0486171675853816,2.3157906832156443,0.0217962758401608,0.0582456345766181,0.6755908870356747,0.0800419104167789,1.71851568605418,0.0314247428313973,0.0314247428313973,0.0314247428313973,0.0314247428313973,-0.5972749971614644,0.5972749971614644,0.0032095031540596525,0.0022304104867018897,0.4099923343777969,True,FULL,FULL_exp_log_rank_3
296,2.0,12.334881202879949,0.131,0.0508579769603752,0.0508579769603752,0.2935284290129898,0.4053545322214048,0.344386405973365,0.9614433155844516,0.0508579769603752,0.9845953063032676,0.4053545322214048,1.035453283263643,0.7126521328256856,0.6910668772902778,0.6910668772902778,0.6910668772902779,0.6910668772902779,-0.248791182758766,0.248791182758766,0.0538422940776452,0.03895278166736838,-2.777857281924,True,FULL,FULL_exp_log_rank_3
297,1.8,11.101393082591954,0.046,0.0145308505601072,0.0145308505601072,0.1222071066849876,0.4503939246904497,0.1367379572450948,0.9937795159488002,0.0145308505601072,0.1847050271304883,0.4503939246904497,0.1992358776905955,0.8362391108501285,0.062497920445500704,0.062497920445500704,0.062497920445500704,0.062497920445500704,-0.15754040509867173,0.15754040509867173,0.003615107812686693,0.0026997786213114453,0.8868380809038698,True,FULL,FULL_exp_log_rank_3
302,0.75,4.625580451079981,0.055,0.0153092991217785,0.0153092991217785,0.1595143577214117,1.080945419257079,0.1748236568431902,2.2969478423570417,0.0153092991217785,0.4347783820301958,1.080945419257079,0.4500876811519743,1.8265274625864645,0.2752640243087841,0.2752640243087841,0.27526402430878405,0.27526402430878405,-0.47042037977057727,0.47042037977057727,0.019670212897462305,0.014355241353759153,-1.1218489057038616,True,FULL,FULL_exp_log_rank_3
303,0.91,5.612370947310377,0.041,0.0153092991217785,0.0153092991217785,0.0951653865132687,0.8908890818052851,0.1104746856350472,2.0818876302589207,0.0153092991217785,0.2251072449249212,0.8908890818052851,0.2404165440466997,1.6209104003887438,0.1299418584116525,0.1299418584116525,0.1299418584116525,0.1299418584116525,-0.46097722987017686,0.46097722987017686,0.009754628160048816,0.007099525971401167,-0.2142461684233412,True,FULL,FULL_exp_log_rank_3
304,1.87,11.533113924692753,0.046,0.0153092991217785,0.0153092991217785,0.1174680513670647,0.4335342590603259,0.1327773504888432,0.9728764088168116,0.0153092991217785,0.1517364127038244,0.4335342590603259,0.167045711825603,0.8362514294591833,0.0342683613367597,0.0342683613367597,0.034268361336759784,0.034268361336759784,-0.1366249793576283,0.1366249793576283,0.0015132677202849257,0.0011405003216420427,0.9792435996693244,True,FULL,FULL_exp_log_rank_3
305,2.17,13.383346105124744,0.042,0.0153092991217785,0.0153092991217785,0.0995579974430193,0.373598647208668,0.1148672965647978,0.8653228395367738,0.0153092991217785,0.082228744126668,0.373598647208668,0.0975380432484465,0.8074276446369789,-0.017329253316351295,0.017329253316351295,-0.017329253316351295,0.017329253316351295,-0.05789519489979489,0.05789519489979489,0.003175867434747885,0.0020309960801864996,0.8803490099060367,True,FULL,FULL_exp_log_rank_3
311,1.45,8.942788872087963,1.14,0.7935883525311068,0.7935883525311068,1.051107361858608,0.5591096996157306,1.844695714389715,1.879665749713435,0.7935883525311068,0.7066474121732452,0.5591096996157306,1.500235764704352,1.9342730661473275,-0.34445994968536275,0.34445994968536275,-0.34445994968536287,0.34445994968536287,0.054607316433892494,0.054607316433892494,0.05588275333084893,0.036200098852325883,0.8740229911109947,True,FULL,FULL_exp_log_rank_3
314,1.8,11.101393082591954,3.8,2.3726672172613705,2.3726672172613705,4.501119428750482,0.4503939246904497,6.873786646011853,1.379736428464202,2.3726672172613705,0.4981038803834257,0.4503939246904497,2.870771097644796,2.3385573827346184,-4.003015548367056,4.003015548367056,-4.003015548367056,4.003015548367056,0.9588209542704165,0.9588209542704165,0.5493749270290863,0.3649320258970821,0.08048320595440805,True,FULL,FULL_exp_log_rank_3
316,1.1,6.784184661583972,1.23,0.5909609098097346,0.5909609098097346,2.195000047586552,0.7370082404025541,2.7859609573962865,1.920963652491806,0.5909609098097346,0.7476499831960683,0.7370082404025541,1.338610893005803,2.301844282203569,-1.4473500643904835,1.4473500643904835,-1.4473500643904835,1.4473500643904835,0.38088062971176306,0.38088062971176306,0.18880985306329248,0.12732532031095162,0.3126268728807613,True,FULL,FULL_exp_log_rank_3
317,0.75,4.625580451079981,0.94,0.7727950359050375,0.7727950359050375,0.4751593936736535,1.080945419257079,1.247954429578691,4.459377299507828,0.7727950359050375,0.0278376999309141,1.080945419257079,0.8006327358359516,8.27320876324158,-0.4473216937427394,0.4473216937427394,-0.44732169374273945,0.44732169374273945,3.8138314637337523,3.8138314637337523,0.0641348982285731,0.04152481074799391,0.7053230679757689,True,FULL,FULL_exp_log_rank_3
320,1.3,8.017672781871967,3.7,1.9806931592524069,1.9806931592524069,5.70674005649928,0.6236223572636995,7.687433215751687,1.723838260148718,1.9806931592524069,0.2247382078720856,0.6236223572636995,2.2054313671244925,3.762978788999423,-5.482001848627195,5.482001848627195,-5.482001848627195,5.482001848627195,2.039140528850705,2.039140528850705,0.7242323066957344,0.48397325725541046,-0.31198813920385726,True,FULL,FULL_exp_log_rank_3
321,1.5,9.25116090215996,2.94,0.5553062574145964,0.5553062574145964,10.568278952724356,0.5404727096285398,11.123585210138952,1.04691166819964,0.5553062574145964,10.047471953806408,0.5404727096285398,10.602778211221004,0.9577976174884084,-0.5208069989179478,0.5208069989179478,-0.5208069989179478,0.5208069989179478,-0.08911405071123157,0.08911405071123157,0.19411144309504283,0.12029581053458233,0.942246798976,True,FULL,FULL_exp_log_rank_3
322,1.7,10.484649022447956,1.47,1.1106125148291928,1.1106125148291928,1.0572811334663703,0.4768876849663586,2.1678936482955633,1.7502458150213789,1.1106125148291928,0.959361106768882,0.4768876849663586,2.069973621598075,1.664574336822199,-0.09792002669748834,0.09792002669748834,-0.09792002669748845,0.09792002669748845,-0.08567147819917986,0.08567147819917986,0.027673407751005435,0.015820145915968684,0.9792216260222539,True,FULL,FULL_exp_log_rank_3
323,1.7,10.484649022447956,7.35,2.2212250296583855,2.2212250296583855,20.160376750419932,0.4768876849663586,22.381601780078316,1.0379375597762583,2.2212250296583855,8.65018195651055,0.4768876849663586,10.871406986168935,1.1063630938456297,-11.510194793909381,11.510194793909381,-11.510194793909381,11.510194793909381,0.06842553406937135,0.06842553406937135,1.363953304722172,0.9325542813954574,0.3916907498444676,True,FULL,FULL_exp_log_rank_3
327,0.1,0.6167440601439975,0.08,0.0796743371481683,0.0796743371481683,0.0008090983306987,8.107090644428094,0.080483435478867,77.68977402204777,0.0796743371481683,0.3014229015842259,8.107090644428094,0.3810972387323942,18.93547371489929,0.3006138032535272,0.3006138032535272,0.3006138032535272,0.3006138032535272,-58.75430030714848,58.75430030714848,0.034117292061466596,0.02307619740926908,-12.38072394925274,True,FULL,FULL_exp_log_rank_3
329,1.2,7.400928721727968,0.024,0.0202072594216368,0.0202072594216368,0.010665146237602,0.6755908870356747,0.0308724056592388,2.9023919692701785,0.0202072594216368,0.014297312162315,0.6755908870356747,0.0345045715839519,2.500234550962726,0.0036321659247130003,0.0036321659247130003,0.0036321659247130975,0.0036321659247130975,-0.40215741830745255,0.40215741830745255,0.00039538764599505836,0.00027004159775651247,0.9826089122527798,True,FULL,FULL_exp_log_rank_3
330,1.1,6.784184661583972,0.025,0.0202072594216368,0.0202072594216368,0.0137190748784508,0.7370082404025541,0.0339263343000876,2.9611290302817843,0.0202072594216368,0.0276831657272898,0.7370082404025541,0.0478904251489266,2.249826990268163,0.013964090848839001,0.013964090848839001,0.013964090848838998,0.013964090848838998,-0.7113020400136212,0.7113020400136212,0.0015720463297285842,0.0010617341211380006,0.752522514321974,True,FULL,FULL_exp_log_rank_3
331,1.25,7.709300751799968,0.047,0.0398371685740841,0.0398371685740841,0.0200809505252075,0.6485672515542477,0.0599181190992916,2.820311710406355,0.0398371685740841,0.1340180524512077,0.6485672515542477,0.1738552210252918,1.557753278297373,0.1139371019260002,0.1139371019260002,0.1139371019260002,0.1139371019260002,-1.2625584321089818,1.2625584321089818,0.012688763895314873,0.008728532876280894,-3.682524896747368,True,FULL,FULL_exp_log_rank_3
332,1.2,7.400928721727968,0.05,0.0398371685740841,0.0398371685740841,0.0292663957131568,0.6755908870356747,0.0691035642872409,2.6576864448773354,0.0398371685740841,0.1614747673009696,0.6755908870356747,0.2013119358750537,1.5529495130024171,0.1322083715878128,0.1322083715878128,0.1322083715878128,0.1322083715878128,-1.1047369318749183,1.1047369318749183,0.014150043125222568,0.009809672220123104,-3.956167683015533,True,FULL,FULL_exp_log_rank_3
333,1.6,9.86790496230396,0.093,0.0796743371481683,0.0796743371481683,0.0371742575975103,0.5066931652767559,0.1168485947456786,2.2486028629786348,0.0796743371481683,0.3608986915203434,0.5066931652767559,0.4405730286685117,1.1359318756822827,0.32372443392283307,0.32372443392283307,0.3237244339228331,0.3237244339228331,-1.112670987296352,1.112670987296352,0.03500800059889823,0.02421607702485809,-8.135194419063428,True,FULL,FULL_exp_log_rank_3
334,2.5,15.418601503599936,0.1,0.0796743371481683,0.0796743371481683,0.0585327914263222,0.3242836257771238,0.1382071285744905,1.275689493540873,0.0796743371481683,0.4891717135530284,0.3242836257771238,0.5688460507011968,0.6820159201364178,0.4306389221267062,0.4306389221267062,0.4306389221267063,0.4306389221267063,-0.5936735734044551,0.5936735734044551,0.044101685981477554,0.030795971599886774,-11.035963401397636,True,FULL,FULL_exp_log_rank_3
335,1.8,11.101393082591954,0.233,0.1991858428704208,0.1991858428704208,0.0944249962521731,0.4503939246904497,0.2936108391225939,1.9904398436807709,0.1991858428704208,0.7994497113807748,0.4503939246904497,0.9986355542511955,1.037645895756914,0.7050247151286018,0.7050247151286018,0.7050247151286017,0.7050247151286017,-0.952793947923857,0.952793947923857,0.07725869618449534,0.05331484379047785,-6.0836705846665575,True,FULL,FULL_exp_log_rank_3
336,4.0,24.669762405759897,0.251,0.1991858428704208,0.1991858428704208,0.1494580982300445,0.2026772661107024,0.3486439411004653,0.792806515114832,0.1991858428704208,3.567242267588807,0.2026772661107024,3.766428110459228,0.3596170222896421,3.4177841693587623,3.4177841693587623,3.4177841693587627,3.4177841693587627,-0.4331894928251899,0.4331894928251899,0.30753032213133324,0.21814721108203905,-91.58053121173889,True,FULL,FULL_exp_log_rank_3
337,1.13,6.96920787962717,0.045,0.0153092991217785,0.0153092991217785,0.1129415099906837,0.7174416499493891,0.1282508091124622,1.6219045254507285,0.0153092991217785,0.2353379294673337,0.7174416499493891,0.2506472285891122,1.2976699434716477,0.12239641947665,0.12239641947665,0.12239641947665,0.12239641947665,-0.32423458197908084,0.32423458197908084,0.008718554614556843,0.006385337602848305,0.2653878377463438,True,FULL,FULL_exp_log_rank_3
338,1.74,10.731346646505555,0.033,0.0153092991217785,0.0153092991217785,0.0614267591501006,0.4659247496797756,0.0767360582718792,1.1936384711708052,0.0153092991217785,0.0407719124239688,0.4659247496797756,0.0560812115457474,1.186216217966239,-0.020654846726131805,0.020654846726131805,-0.020654846726131798,0.020654846726131798,-0.007422253204566243,0.007422253204566243,0.003045324020675072,0.002008476612067781,0.7632837190729647,True,FULL,FULL_exp_log_rank_3
339,2.13,13.136648481067144,0.035,0.0153092991217785,0.0153092991217785,0.0696089127687665,0.3806145842454505,0.084918211890545,0.9488333573269884,0.0153092991217785,0.0310943644817029,0.3806145842454505,0.0464036636034815,1.0408979564099714,-0.038514548287063605,0.038514548287063605,-0.03851454828706351,0.03851454828706351,0.09206459908298303,0.09206459908298303,0.005010623580863457,0.0033788408908566546,0.47250635608747127,True,FULL,FULL_exp_log_rank_3
341,1.13,6.96920787962717,0.055,0.0153092991217785,0.0153092991217785,0.1595143577209842,0.7174416499493891,0.1748236568427627,1.524522904222498,0.0153092991217785,0.3731804524976976,0.7174416499493891,0.3884897516194761,1.230288857918406,0.2136660947767134,0.2136660947767134,0.2136660947767134,0.2136660947767134,-0.294234046304092,0.294234046304092,0.014913481289462915,0.010924684904699097,-0.21970386923625584,True,FULL,FULL_exp_log_rank_3
342,1.22,7.524277533756768,0.039,0.0153092991217785,0.0153092991217785,0.0864894320112215,0.6645156265924669,0.101798731133,1.5829859963913084,0.0153092991217785,0.149769937265368,0.6645156265924669,0.1650792363871465,1.2845242377484956,0.0632805052541465,0.0632805052541465,0.0632805052541465,0.0632805052541465,-0.2984617586428129,0.2984617586428129,0.004423939800290923,0.0032459911208405274,0.7087100073279705,True,FULL,FULL_exp_log_rank_3
343,1.45,8.942788872087963,0.034,0.0153092991217785,0.0153092991217785,0.0654950286258003,0.5591096996157306,0.0808043277475788,1.4123161332544465,0.0153092991217785,0.0721863406553135,0.5591096996157306,0.087495639777092,1.242433730884892,0.006691312029513202,0.006691312029513202,0.006691312029513202,0.006691312029513202,-0.16988240236955443,0.16988240236955443,0.0006452777687921493,0.000370626735036855,0.9903774887275083,True,FULL,FULL_exp_log_rank_3
345,0.6,3.700464360863984,0.062,0.0153092991217785,0.0153092991217785,0.1936315334445874,1.3511817740713494,0.2089408325663659,2.78103428223211,0.0153092991217785,0.5548673662160554,1.3511817740713494,0.5701766653378338,2.236230167377513,0.361235832771468,0.361235832771468,0.361235832771468,0.361235832771468,-0.544804114854597,0.544804114854597,0.02550589994178617,0.018615356896321135,-1.5892791725961164,True,FULL,FULL_exp_log_rank_3
346,0.7,4.317208421007981,0.05,0.0153092991217785,0.0153092991217785,0.1358772828198478,1.1581558063468709,0.1511865819416263,2.530764500816095,0.0153092991217785,0.3790639031049888,1.1581558063468709,0.3943732022267673,1.9829175801851644,0.243186620285141,0.243186620285141,0.24318662028514101,0.24318662028514101,-0.5478469206309304,0.5478469206309304,0.01773009794017056,0.012917574597302616,-1.2448192857473397,True,FULL,FULL_exp_log_rank_3
347,0.9,5.550696541295977,0.034,0.0153092991217785,0.0153092991217785,0.0654950141480271,0.9007878493808994,0.0808043132698056,2.275398701589776,0.0153092991217785,0.1477615849062553,0.9007878493808994,0.1630708840280338,1.745104131886899,0.0822665707582282,0.0822665707582282,0.0822665707582282,0.0822665707582282,-0.5302945697028771,0.5302945697028771,0.006553106987217756,0.004739062795994966,0.007593615215325644,True,FULL,FULL_exp_log_rank_3
348,1.8,11.101393082591954,0.027,0.0153092991217785,0.0153092991217785,0.038082793731829,0.4503939246904497,0.0533920928536075,1.2897687725693818,0.0153092991217785,0.0060695293090841,0.4503939246904497,0.0213788284308627,1.9696095027425664,-0.032013264422744894,0.032013264422744894,-0.0320132644227448,0.0320132644227448,0.6798407301731846,0.6798407301731846,0.004303586069938119,0.0028810144706858504,0.046704201566025505,True,FULL,FULL_exp_log_rank_3
349,1.13,6.96920787962717,0.043,0.0153092991217785,0.0153092991217785,0.1039855497101338,0.7174416499493891,0.1192948488319123,1.6477168177591195,0.0153092991217785,0.2104051109160833,0.7174416499493891,0.2257144100378618,1.3174177287675433,0.1064195612059495,0.1064195612059495,0.1064195612059495,0.1064195612059495,-0.33029908899157623,0.33029908899157623,0.007622779542059412,0.00558095257222955,0.3576442620266127,True,FULL,FULL_exp_log_rank_3
350,1.37,8.449393623972766,0.041,0.0153092991217785,0.0153092991217785,0.0951653865075495,0.591758441199131,0.110474685629328,1.3828596668882291,0.0153092991217785,0.1513700040268408,0.591758441199131,0.1666793031486193,1.1419016194609617,0.05620461751929132,0.05620461751929132,0.05620461751929132,0.05620461751929132,-0.24095804742726745,0.24095804742726745,0.0036455031053034006,0.0026920723480489722,0.8304099966768312,True,FULL,FULL_exp_log_rank_3
351,1.67,10.299625804404757,0.032,0.0153092991217785,0.0153092991217785,0.057405854043788,0.4854545296064728,0.0727151531655665,1.2626030593869657,0.0153092991217785,0.0387806523562231,0.4854545296064728,0.0540899514780016,1.2520091207861883,-0.018625201687564902,0.018625201687564902,-0.018625201687564895,0.018625201687564895,-0.010593938600777397,0.010593938600777397,0.0027934072509468695,0.0018366333068141896,0.7790305714457717,True,FULL,FULL_exp_log_rank_3
353,0.9,5.550696541295977,0.037,0.0153092991217785,0.0153092991217785,0.0779670989319231,0.9007878493808994,0.0932763980537016,2.192227389199339,0.0153092991217785,0.1806796232635303,0.9007878493808994,0.1959889223853088,1.6908294198286618,0.10271252433160719,0.10271252433160719,0.1027125243316072,0.1027125243316072,-0.5013979693706772,0.5013979693706772,0.007952033725865533,0.005769396380125188,-0.11070368358162064,True,FULL,FULL_exp_log_rank_3
354,1.05,6.475812631511974,0.032,0.0153092991217785,0.0153092991217785,0.0574058541682785,0.7721038708979138,0.0727151532900571,2.0081400996379837,0.0153092991217785,0.1023753234014921,0.7721038708979138,0.1176846225232707,1.5969640853752556,0.04496946923321359,0.04496946923321359,0.0449694692332136,0.0449694692332136,-0.4111760142627281,0.4111760142627281,0.003487452738241203,0.0025252125180206418,0.6555863607552602,True,FULL,FULL_exp_log_rank_3
355,1.15,7.09255669165597,0.028,0.0153092991217785,0.0153092991217785,0.0418356081862674,0.7049644038633127,0.0571449073080459,1.9734344433232216,0.0153092991217785,0.0544333052283333,0.7049644038633127,0.0697426043501118,1.6708630572030465,0.012597697042065897,0.012597697042065897,0.012597697042065897,0.012597697042065897,-0.3025713861201751,0.3025713861201751,0.0008324044156623094,0.0006014028208224806,0.9687145362864272,True,FULL,FULL_exp_log_rank_3
356,1.4,8.634416842015963,0.024,0.0153092991217785,0.0153092991217785,0.0272042150777216,0.5790779031734354,0.0425135141995001,1.8037445140554815,0.0153092991217785,0.0103233979687703,0.5790779031734354,0.0256326970905488,2.17341690508937,-0.0168808171089513,0.0168808171089513,-0.0168808171089513,0.0168808171089513,0.3696723910338886,0.3696723910338886,0.002389708433547475,0.001587751771745295,0.5480703674849248,True,FULL,FULL_exp_log_rank_3
357,0.75,4.625580451079981,0.028,0.0153092991217785,0.0153092991217785,0.0418356081843982,1.080945419257079,0.0571449073061767,3.0259328132395527,0.0153092991217785,0.1146771805819938,1.080945419257079,0.1299864797037723,2.1885811494270877,0.0728415723975956,0.0728415723975956,0.07284157239759562,0.07284157239759562,-0.837351663812465,0.837351663812465,0.006413016963074369,0.0045791109311346554,-0.856943214275238,True,FULL,FULL_exp_log_rank_3
358,1.15,7.09255669165597,0.026,0.0153092991217785,0.0153092991217785,0.0343911653190034,0.7049644038633127,0.0497004644407819,2.0699745048837284,0.0153092991217785,0.0396264861547923,0.7049644038633127,0.0549357852765708,1.8080092486448305,0.005235320835788898,0.005235320835788898,0.005235320835788905,0.005235320835788905,-0.2619652562388979,0.2619652562388979,0.00036874287779286127,0.00026571223880941515,0.9919719357040816,True,FULL,FULL_exp_log_rank_3
359,1.1,6.784184661583972,0.024,0.0153092991217785,0.0153092991217785,0.0272042141314279,0.7370082404025541,0.0425135132532064,2.2956749282231264,0.0153092991217785,0.0307442837073061,0.7370082404025541,0.0460535828290846,2.021758630454526,0.003540069575878199,0.003540069575878199,0.003540069575878199,0.003540069575878199,-0.27391629776860027,0.27391629776860027,0.000299368829064123,0.00020421110121596293,0.9929075848745175,True,FULL,FULL_exp_log_rank_3
360,1.2,7.400928721727968,0.022,0.0153092991217785,0.0153092991217785,0.0203041095024898,0.6755908870356747,0.0356134086242683,2.2704692840433656,0.0153092991217785,0.0118748195030885,0.6755908870356747,0.0271841186248671,2.433778771024112,-0.0084292899994013,0.0084292899994013,-0.008429289999401204,0.008429289999401204,0.16330948698074632,0.16330948698074632,0.0012965721237218535,0.0008487311060749707,0.8180072130219554,True,FULL,FULL_exp_log_rank_3
