sample_id,u_peak,u_r,tau_peak,tau_r,true_a,true_b,true_c,true_d,true_e,estimated_a,estimated_b,estimated_c,estimated_d,estimated_e,error_b,abs_error_b,error_d,abs_error_d,error_e,abs_error_e,curve_rmse_tau_u,curve_mae_tau_u,curve_r2_tau_u,curve_valid,dataset,model_name
7,0.72,2.75,0.044,0.03175,0.03175,0.0801325410005739,1.818181818181818,0.1118825410005739,3.441242286799551,0.03175,0.361826893238541,1.818181818181818,0.393576893238541,2.1993286134769527,0.2816943522379671,0.2816943522379671,0.2816943522379671,0.2816943522379671,-1.2419136733225984,1.2419136733225984,0.0031837000485160235,0.0026045222414345496,0.7801888747067058,True,FULL,FULL_exp_log_rank_5
8,0.92,3.0,0.035,0.02825,0.02825,0.0557241852265918,1.6666666666666667,0.0839741852265918,3.007954906577982,0.02825,0.1848258885072849,1.6666666666666667,0.2130758885072849,2.0420733847120687,0.1291017032806931,0.1291017032806931,0.1291017032806931,0.1291017032806931,-0.9658815218659131,0.9658815218659131,0.0013098783661020892,0.001054385975058966,0.941727654196341,True,FULL,FULL_exp_log_rank_5
9,0.97,3.0,0.029,0.0255,0.0255,0.0288872445152351,1.6666666666666667,0.0543872445152351,3.290221199159674,0.0255,0.0998603813875056,1.6666666666666667,0.1253603813875057,2.176056789401792,0.0709731368722705,0.0709731368722705,0.07097313687227058,0.07097313687227058,-1.114164409757882,1.114164409757882,0.0010004795587978694,0.0008303390314107051,0.9520291804990271,True,FULL,FULL_exp_log_rank_5
11,0.78,3.5,0.05,0.0417499999999999,0.0417499999999999,0.0354980845491272,1.4285714285714286,0.0772480845491271,4.004659571873231,0.0417499999999999,0.2458433491437517,1.4285714285714286,0.2875933491437516,2.1592805123545205,0.2103452645946245,0.2103452645946245,0.21034526459462452,0.21034526459462452,-1.8453790595187103,1.8453790595187103,0.009913846161771503,0.007484315756135995,-1.0294904094354553,True,FULL,FULL_exp_log_rank_5
12,1.25,3.5,0.04,0.034,0.034,0.0670624339164287,1.4285714285714286,0.1010624339164287,2.366794324621144,0.034,0.1448833973510092,1.4285714285714286,0.1788833973510092,1.767551707175245,0.07782096343458049,0.07782096343458049,0.07782096343458049,0.07782096343458049,-0.5992426174458989,0.5992426174458989,0.00196288870449551,0.001152698867414588,0.9078859991763937,True,FULL,FULL_exp_log_rank_5
13,1.8,4.0,0.035,0.033,0.033,0.0334302203204883,1.25,0.0664302203204883,2.0972939397426664,0.033,0.0297122458217858,1.25,0.0627122458217858,1.8966288485375224,-0.0037179744987024983,0.0037179744987024983,-0.003717974498702495,0.003717974498702495,-0.20066509120514398,0.20066509120514398,0.0013235936364240385,0.0008622449203988928,0.9544657108040061,True,FULL,FULL_exp_log_rank_5
28,0.13,1.325,1.02,0.6675,0.6675,0.6738254010838505,3.7735849056603774,1.3413254010838505,23.891608655167115,0.6675,0.6317990439180128,3.7735849056603774,1.2992990439180128,23.334469737964213,-0.04202635716583769,0.04202635716583769,-0.04202635716583769,0.04202635716583769,-0.5571389172029022,0.5571389172029022,0.011133244513272264,0.006347455696711706,0.9928700761754595,True,FULL,FULL_exp_log_rank_5
29,0.6,2.425,4.93,4.2975,4.2975,3.110870023650559,2.061855670103093,7.408370023650559,5.517814597970529,4.2975,0.5513499380381948,2.061855670103093,4.848849938038195,7.930605981472705,-2.5595200856123643,2.5595200856123643,-2.5595200856123643,2.5595200856123643,2.412791383502176,2.412791383502176,0.24432098098983782,0.16792158648910344,0.8814619804265821,True,FULL,FULL_exp_log_rank_5
30,2.17,3.85,16.37,14.955,14.955,60.674147880173095,1.2987012987012987,75.6291478801731,1.6284330431129306,14.955,115.12869885071778,1.2987012987012987,130.08369885071778,1.384443755874124,54.45455097054469,54.45455097054469,54.45455097054469,54.45455097054469,-0.24398928723880653,0.24398928723880653,1.593506142015242,1.1448708881694936,0.7189465602873,True,FULL,FULL_exp_log_rank_5
31,0.24,1.275,0.66,0.475,0.475,0.6758571313827281,3.9215686274509807,1.150857131382728,11.17767536247715,0.475,0.7788759277756091,3.9215686274509807,1.253875927775609,9.663087236231156,0.10301879639288103,0.10301879639288103,0.10301879639288103,0.10301879639288103,-1.514588126245993,1.514588126245993,0.009826083205639304,0.005991129110252566,0.9887836674482473,True,FULL,FULL_exp_log_rank_5
33,2.26,4.125,16.14,11.3475,11.3475,422.7987490320256,1.2121212121212122,434.1462490320256,1.3091974223177918,11.3475,128.2094023732964,1.2121212121212122,139.5569023732964,1.270438968731327,-294.58934665872926,294.58934665872926,-294.5893466587292,294.5893466587292,-0.0387584535864649,0.0387584535864649,5.238114442125065,4.038525043304246,-1.0645921579112452,True,FULL,FULL_exp_log_rank_5
34,0.47,1.525,1.07,0.6975,0.6975,4.0455139668571585,3.278688524590164,4.743013966857158,4.812842755740618,0.6975,1.9884942550997424,3.278688524590164,2.6859942550997427,4.671846115275713,-2.057019711757416,2.057019711757416,-2.0570197117574156,2.0570197117574156,-0.14099664046490545,0.14099664046490545,0.1553777528989181,0.11195630533513352,0.29140254240372365,True,FULL,FULL_exp_log_rank_5
35,0.47,2.2,4.91,4.25,4.25,2.5915991927768687,2.2727272727272725,6.841599192776869,7.213346651196478,4.25,0.9070573050800056,2.2727272727272725,5.157057305080006,8.866898000500417,-1.684541887696863,1.684541887696863,-1.684541887696863,1.684541887696863,1.6535513493039389,1.6535513493039389,0.1990129776890575,0.13426864788842938,0.912161429787533,True,FULL,FULL_exp_log_rank_5
36,1.48,3.625,14.91,14.235,14.235,8.232456046268986,1.3793103448275863,22.467456046268985,2.7321098339023515,14.235,41.16736060061305,1.3793103448275863,55.40236060061305,1.7349774006713743,32.934904554344065,32.934904554344065,32.934904554344065,32.934904554344065,-0.9971324332309772,0.9971324332309772,0.4691954371639252,0.35471984515649607,0.9668345952351052,True,FULL,FULL_exp_log_rank_5
37,0.11,1.325,0.89,0.5625,0.5625,0.5639971811696873,3.7735849056603774,1.1264971811696871,29.2958502513531,0.5625,0.6104386401840862,3.7735849056603774,1.1729386401840862,27.89710517174601,0.04644145901439889,0.04644145901439889,0.04644145901439911,0.04644145901439911,-1.3987450796070924,1.3987450796070924,0.008500930774076055,0.0052384198421648685,0.9945508914801652,True,FULL,FULL_exp_log_rank_5
38,0.26,2.175,5.3,4.1,4.1,2.5910971306331803,2.298850574712644,6.69109713063318,13.042743993933716,4.1,1.1331423420812738,2.298850574712644,5.2331423420812735,15.531446027014328,-1.4579547885519064,1.4579547885519064,-1.4579547885519064,1.4579547885519064,2.488702033080612,2.488702033080612,0.26542848530546237,0.16633095887319244,0.8205542070318932,True,FULL,FULL_exp_log_rank_5
39,0.54,3.35,15.9,14.4675,14.4675,3.852469877296928,1.4925373134328357,18.319969877296927,7.688914610134782,14.4675,25.78384527321584,1.4925373134328357,40.25134527321584,4.259203979194698,21.93137539591891,21.93137539591891,21.931375395918913,21.931375395918913,-3.429710630940084,3.429710630940084,2.675603767741809,1.796551048616557,-0.8437246661480786,True,FULL,FULL_exp_log_rank_5
40,0.3,1.35,0.88,0.635,0.635,1.1651130574348498,3.7037037037037033,1.8001130574348498,8.547982610717572,0.635,0.9770831055350072,3.7037037037037033,1.612083105535007,7.896258768112796,-0.18802995189984262,0.18802995189984262,-0.18802995189984273,0.18802995189984273,-0.6517238426047758,0.6517238426047758,0.04154041426677539,0.025927200153682318,0.8971582868719208,True,FULL,FULL_exp_log_rank_5
41,0.38,2.175,5.2,4.3975,4.3975,2.452688320111813,2.298850574712644,6.850188320111813,9.031706106944794,4.3975,0.9561718331272236,2.298850574712644,5.3536718331272235,10.936465619960533,-1.4965164869845893,1.4965164869845893,-1.4965164869845893,1.4965164869845893,1.9047595130157386,1.9047595130157386,0.2118296863706984,0.13867760654849765,0.8986230537215512,True,FULL,FULL_exp_log_rank_5
42,0.71,3.35,16.28,14.8375,14.8375,5.373344828404187,1.4925373134328357,20.210844828404188,5.457009220110153,14.8375,39.534562756589125,1.4925373134328357,54.37206275658912,2.8547802284002017,34.16121792818494,34.16121792818494,34.16121792818494,34.16121792818494,-2.6022289917099517,2.6022289917099517,2.47528164470306,1.7754799237746286,-0.23962761278392763,True,FULL,FULL_exp_log_rank_5
43,0.88,1.475,0.58,0.535,0.535,2.3643732180319175,3.389830508474576,2.8993732180319176,4.157276354583812,0.535,2.7641414283516457,3.389830508474576,3.299141428351646,3.6861067391168794,0.3997682103197282,0.3997682103197282,0.3997682103197282,0.3997682103197282,-0.47116961546693226,0.47116961546693226,0.058064171647478395,0.04252640899923182,0.7110711478966372,True,FULL,FULL_exp_log_rank_5
44,1.5,2.625,3.89,3.6325,3.6325,10.486129835864666,1.9047619047619049,14.118629835864668,2.474961892115721,3.6325,5.411474148181744,1.9047619047619049,9.043974148181745,2.401690601115166,-5.074655687682922,5.074655687682922,-5.074655687682924,5.074655687682924,-0.07327129100055485,0.07327129100055485,0.29492058437433516,0.21730396759602424,0.833785783943509,True,FULL,FULL_exp_log_rank_5
45,2.87,4.1,13.67,13.42,13.42,16.705556614946417,1.2195121951219514,30.12555661494642,1.6634039681803665,13.42,73.46634462538395,1.2195121951219514,86.88634462538396,1.3003269135882882,56.76078801043754,56.76078801043754,56.76078801043754,56.76078801043754,-0.3630770545920783,0.3630770545920783,0.6070905149295687,0.3757429027355621,0.9459299358422399,True,FULL,FULL_exp_log_rank_5
46,0.79,1.5,0.8,0.665,0.665,6.166849946093346,3.3333333333333335,6.831849946093346,3.9230290740544778,0.665,2.9052376882453523,3.3333333333333335,3.5702376882453524,3.7399294053862873,-3.2616122578479936,3.2616122578479936,-3.2616122578479936,3.2616122578479936,-0.1830996686681905,0.1830996686681905,0.13308828443529427,0.1003056174333655,0.1670147494021994,True,FULL,FULL_exp_log_rank_5
47,0.6,2.175,5.04,4.655,4.655,2.141531174694559,2.298850574712644,6.796531174694559,6.310564627174357,4.655,1.6446181987292112,2.298850574712644,6.2996181987292115,6.187301528399158,-0.49691297596534767,0.49691297596534767,-0.49691297596534767,0.49691297596534767,-0.12326309877519925,0.12326309877519925,0.08990288454324202,0.05706890766738125,0.9859460469218085,True,FULL,FULL_exp_log_rank_5
48,2.37,4.125,16.38,14.3675,14.3675,112.7264689844744,1.2121212121212122,127.0939689844744,1.4228254925840296,14.3675,101.38965756787776,1.2121212121212122,115.75715756787775,1.2964012574965258,-11.336811416596632,11.336811416596632,-11.336811416596646,11.336811416596646,-0.12642423508750378,0.12642423508750378,2.37157022854783,1.7751903455060165,0.380835182072339,True,FULL,FULL_exp_log_rank_5
49,1.46,2.566666666666667,4.68,4.1066666666666665,4.1066666666666665,30.593215473314466,1.948051948051948,34.69988213998113,2.300589855794831,4.1066666666666665,9.63541464863368,1.948051948051948,13.742081315300346,2.3070695230133884,-20.95780082468079,20.95780082468079,-20.95780082468078,20.95780082468078,0.006479667218557417,0.006479667218557417,0.6579742444397233,0.49883702145902054,0.4125330969364015,True,FULL,FULL_exp_log_rank_5
50,4.16,4.75,15.04,14.775,14.775,58.5314735148253,1.0526315789473684,73.3064735148253,1.2144266984360343,14.775,153.9045319057916,1.0526315789473684,168.6795319057916,1.0810769032033252,95.37305839096629,95.37305839096629,95.3730583909663,95.3730583909663,-0.13334979523270918,0.13334979523270918,0.949973012313184,0.6015030929906757,0.8750690081961021,True,FULL,FULL_exp_log_rank_5
51,1.26,1.85,0.94,0.785,0.785,27.151829140946248,2.702702702702702,27.936829140946248,2.8751003676389564,0.785,5.421615099351768,2.702702702702702,6.206615099351768,2.8529627474436388,-21.73021404159448,21.73021404159448,-21.73021404159448,21.73021404159448,-0.02213762019531762,0.02213762019531762,0.2610676936410049,0.19453964909703256,-0.7308563597045634,True,FULL,FULL_exp_log_rank_5
52,3.13,4.466666666666667,15.58,14.793333333333337,14.793333333333337,75.02328336156236,1.1194029850746268,89.8166166948957,1.313812712287742,14.793333333333337,97.20234627097066,1.1194029850746268,111.995679604304,1.182065330107945,22.1790629094083,22.1790629094083,22.1790629094083,22.1790629094083,-0.1317473821797972,0.1317473821797972,1.4667594833024615,1.035030673068366,0.7394879270391892,True,FULL,FULL_exp_log_rank_5
53,1.15,1.85,0.71,0.65,0.65,3.9933470021604136,2.702702702702702,4.6433470021604135,3.19021506632708,0.65,3.032158504951527,2.702702702702702,3.682158504951527,2.9467753991105328,-0.9611884972088864,0.9611884972088864,-0.9611884972088864,0.9611884972088864,-0.2434396672165473,0.2434396672165473,0.08499638029338012,0.06358375635147674,0.5914543251825026,True,FULL,FULL_exp_log_rank_5
55,0.63,3.85,16.18,14.365,14.365,5.024596391351091,1.2987012987012987,19.38959639135109,6.152370825583352,14.365,11.65228075282233,1.2987012987012987,26.01728075282233,4.571189870847578,6.627684361471239,6.627684361471239,6.627684361471239,6.627684361471239,-1.5811809547357738,1.5811809547357738,0.806435703969455,0.5339696009268415,0.8399164402129927,True,FULL,FULL_exp_log_rank_5
56,0.45,1.5666666666666669,0.87,0.6366666666666667,0.6366666666666667,1.8543711063769357,3.191489361702127,2.4910377730436024,5.520751658815112,0.6366666666666667,1.2009910150867265,3.191489361702127,1.8376576817533932,5.237486510843472,-0.6533800912902092,0.6533800912902092,-0.6533800912902092,0.6533800912902092,-0.2832651479716404,0.2832651479716404,0.07630018006759053,0.05253793653095383,0.6895047003814263,True,FULL,FULL_exp_log_rank_5
57,0.58,2.175,5.35,4.42,4.42,5.5363451785319135,2.298850574712644,9.956345178531912,5.059116621676996,4.42,4.017079905055143,2.298850574712644,8.437079905055143,4.8740001591957975,-1.5192652734767709,1.5192652734767709,-1.519265273476769,1.519265273476769,-0.18511646248119806,0.18511646248119806,0.23404587386066036,0.1537825227129337,0.9125042266471707,True,FULL,FULL_exp_log_rank_5
58,0.94,3.875,16.28,13.935,13.935,11.349260923481204,1.2903225806451613,25.28426092348121,3.405427164282276,13.935,24.129748967003135,1.2903225806451613,38.06474896700314,2.4630266838112043,12.780488043521931,12.780488043521931,12.780488043521931,12.780488043521931,-0.9424004804710719,0.9424004804710719,0.588490721772517,0.44838335804023666,0.9360547133881363,True,FULL,FULL_exp_log_rank_5
60,2.38,2.85,5.22,4.84,4.84,137.35939252357494,1.7543859649122806,142.19939252357494,1.8523237169572588,4.84,31.214970754078717,1.7543859649122806,36.05497075407872,1.8334800034570031,-106.14442176949622,106.14442176949622,-106.14442176949623,106.14442176949623,-0.01884371350025571,0.01884371350025571,1.0411062461346323,0.7052675004754394,-0.15932863190660007,True,FULL,FULL_exp_log_rank_5
61,2.68,4.125,16.95,15.5375,15.5375,116.71406105996982,1.2121212121212122,132.25156105996982,1.3981039630569712,15.5375,149.70934742437163,1.2121212121212122,165.24684742437162,1.2648569674840866,32.99528636440181,32.99528636440181,32.99528636440181,32.99528636440181,-0.13324699557288455,0.13324699557288455,2.196933016704217,1.6204059213082325,0.514127094110166,True,FULL,FULL_exp_log_rank_5
62,0.71,1.6,1.14,0.9133333333333334,0.9133333333333334,5.696830896813862,3.125,6.610164230147195,3.976020028848459,0.9133333333333334,2.429043233518487,3.125,3.3423765668518204,3.87897292669486,-3.267787663295375,3.267787663295375,-3.2677876632953744,3.2677876632953744,-0.0970471021535988,0.0970471021535988,0.1618828157198888,0.120283204552699,0.33279251006514643,True,FULL,FULL_exp_log_rank_5
63,0.76,2.2,5.03,4.68,4.68,3.0326428857358856,2.2727272727272725,7.712642885735885,4.87933520201715,4.68,3.212960557518932,2.2727272727272725,7.892960557518932,4.291816869089191,0.18031767178304658,0.18031767178304658,0.18031767178304658,0.18031767178304658,-0.5875183329279592,0.5875183329279592,0.12066152191980274,0.06490806221090321,0.9783150734289829,True,FULL,FULL_exp_log_rank_5
64,2.73,4.125,15.88,13.97,13.97,220.02903798852773,1.2121212121212122,233.99903798852773,1.3339956390040135,13.97,133.26931471423268,1.2121212121212122,147.23931471423268,1.2639832700101306,-86.75972327429506,86.75972327429506,-86.75972327429506,86.75972327429506,-0.07001236899388297,0.07001236899388297,3.051816767506047,2.277018027783733,-0.023170830228777195,True,FULL,FULL_exp_log_rank_5
65,0.63,1.5666666666666669,1.42,0.9733333333333332,0.9733333333333332,10.644929502666052,3.191489361702127,11.618262835999383,3.927118476960182,0.9733333333333332,3.370404065265698,3.191489361702127,4.343737398599031,3.920919512119763,-7.274525437400355,7.274525437400355,-7.274525437400352,7.274525437400352,-0.006198964840419041,0.006198964840419041,0.2860440783350953,0.21489503918307995,-0.1949303071450108,True,FULL,FULL_exp_log_rank_5
66,0.34,2.175,5.0,4.24,4.24,2.0482757543105174,2.298850574712644,6.288275754310518,10.49368724913285,4.24,0.323868071699378,2.298850574712644,4.563868071699378,15.737810732035504,-1.7244076826111394,1.7244076826111394,-1.7244076826111394,1.7244076826111394,5.244123482902653,5.244123482902653,0.25731709403769215,0.16471905655748137,0.825705295940767,True,FULL,FULL_exp_log_rank_5
67,3.13,4.533333333333333,14.91,14.596666666666666,14.596666666666666,20.35467702287054,1.1029411764705883,34.951343689537204,1.4882877719989878,14.596666666666666,70.24167399198333,1.1029411764705883,84.83834065865,1.1866285661369682,49.88699696911279,49.88699696911279,49.88699696911279,49.88699696911279,-0.30165920586201955,0.30165920586201955,0.6967612528874052,0.44074665866168944,0.9402006821155319,True,FULL,FULL_exp_log_rank_5
68,0.49,1.5666666666666669,0.79,0.63,0.63,1.4068332196782207,3.191489361702127,2.0368332196782206,5.5461514668738845,0.63,1.0532312925506773,3.191489361702127,1.6832312925506772,5.108280414333054,-0.35360192712754346,0.35360192712754346,-0.35360192712754346,0.35360192712754346,-0.4378710525408307,0.4378710525408307,0.05469626457625999,0.03679672041534984,0.8038796849075343,True,FULL,FULL_exp_log_rank_5
69,1.69,2.566666666666667,5.04,4.426666666666667,4.426666666666667,69.19774278410341,1.948051948051948,73.62440945077007,2.1459242646578933,4.426666666666667,17.694003409306685,1.948051948051948,22.12067007597335,2.134165996093751,-51.50373937479672,51.50373937479672,-51.50373937479672,51.50373937479672,-0.011758268564142416,0.011758268564142416,0.9651446982243709,0.7247378770293548,-0.01397707744138188,True,FULL,FULL_exp_log_rank_5
70,3.12,4.466666666666667,16.37,15.163333333333334,15.163333333333334,137.96164146287623,1.1194029850746268,153.12497479620956,1.2614658876838951,15.163333333333334,121.7224845710011,1.1194029850746268,136.88581790433443,1.1716545119659263,-16.239156891875126,16.239156891875126,-16.239156891875126,16.239156891875126,-0.08981137571796882,0.08981137571796882,2.180185516013902,1.5711722592531385,0.47137276411704876,True,FULL,FULL_exp_log_rank_5
71,0.18,1.5666666666666669,0.87,0.6,0.6,0.5778652142592701,3.191489361702127,1.17786521425927,16.988625203858206,0.6,0.4553516789851358,3.191489361702127,1.0553516789851358,17.228292352961205,-0.12251353527413428,0.12251353527413428,-0.12251353527413422,0.12251353527413422,0.23966714910299913,0.23966714910299913,0.02475022176724746,0.015263680116352445,0.9503244512150885,True,FULL,FULL_exp_log_rank_5
72,0.42,2.175,5.1,3.8825,3.8825,4.482035276937978,2.298850574712644,8.364535276937978,6.759501195047857,3.8825,2.640300348009448,2.298850574712644,6.522800348009448,7.155822537644325,-1.8417349289285303,1.8417349289285303,-1.8417349289285303,1.8417349289285303,0.396321342596468,0.396321342596468,0.258942734374988,0.1723798290732654,0.8627484984850147,True,FULL,FULL_exp_log_rank_5
73,1.09,3.85,15.19,13.3025,13.3025,11.821633061680007,1.2987012987012987,25.12413306168001,2.9737453064844868,13.3025,20.700693919363715,1.2987012987012987,34.00319391936372,2.263814971148145,8.879060857683708,8.879060857683708,8.879060857683708,8.879060857683708,-0.7099303353363418,0.7099303353363418,0.34053604991203923,0.2506131775085054,0.9778888555237132,True,FULL,FULL_exp_log_rank_5
74,0.47,1.5666666666666669,0.66,0.5066666666666667,0.5066666666666667,1.2794449424210406,3.191489361702127,1.7861116090877074,5.540134014051035,0.5066666666666667,1.061117129398831,3.191489361702127,1.567783796065498,4.960219182699322,-0.2183278130222095,0.2183278130222095,-0.2183278130222095,0.2183278130222095,-0.5799148313517133,0.5799148313517133,0.047425930417488264,0.031292070087101116,0.78820956009982,True,FULL,FULL_exp_log_rank_5
75,0.57,2.175,4.24,4.0125,4.0125,1.1193350008113887,2.298850574712644,5.131835000811389,7.4273022742503985,4.0125,0.0516321231970691,2.298850574712644,4.064132123197069,12.997356182219498,-1.0677028776143196,1.0677028776143196,-1.0677028776143196,1.0677028776143196,5.5700539079691,5.5700539079691,0.14099772798711677,0.08883297326141033,0.9493594962820936,True,FULL,FULL_exp_log_rank_5
76,4.13,4.7,14.9,13.285,13.285,1213.8760619263403,1.0638297872340423,1227.1610619263406,1.0940505167399543,13.285,190.7098231043689,1.0638297872340423,203.9948231043689,1.0848794370443664,-1023.1662388219714,1023.1662388219714,-1023.1662388219718,1023.1662388219718,-0.009171079695587947,0.009171079695587947,5.061099880768805,3.366493750770348,-0.9762793762987003,True,FULL,FULL_exp_log_rank_5
77,0.18,1.5666666666666669,0.88,0.4966666666666666,0.4966666666666666,0.8494890683979475,3.191489361702127,1.346155735064614,14.732448429095294,0.4966666666666666,0.8690309768089641,3.191489361702127,1.3656976434756307,13.862125868515736,0.019541908411016662,0.019541908411016662,0.019541908411016662,0.019541908411016662,-0.8703225605795577,0.8703225605795577,0.005237522884534466,0.0024937101438311233,0.9984729504527537,True,FULL,FULL_exp_log_rank_5
78,1.25,2.566666666666667,4.37,3.77,3.77,17.6011784506471,1.948051948051948,21.3711784506471,2.4976694597033373,3.77,5.447376626392801,1.948051948051948,9.2173766263928,2.5996565985350566,-12.1538018242543,12.1538018242543,-12.1538018242543,12.1538018242543,0.10198713883171928,0.10198713883171928,0.500521415335607,0.37579528292380004,0.5764453410104462,True,FULL,FULL_exp_log_rank_5
79,3.62,4.5,14.62,13.843333333333334,13.843333333333334,173.78668847200146,1.1111111111111112,187.6300218053348,1.2115644521301927,13.843333333333334,125.70509474269156,1.1111111111111112,139.5484280760249,1.149307934046067,-48.0815937293099,48.0815937293099,-48.0815937293099,48.0815937293099,-0.06225651808412569,0.06225651808412569,1.9670544094205302,1.3403767132147792,0.42528578806207473,True,FULL,FULL_exp_log_rank_5
80,0.11,1.5633333333333332,1.04,0.5006666666666667,0.5006666666666667,0.863642983300683,3.1982942430703627,1.3643096499673495,27.24084861115649,0.5006666666666667,1.0063677336155084,3.1982942430703627,1.507034400282175,25.87525508163974,0.14272475031482534,0.14272475031482534,0.14272475031482545,0.14272475031482545,-1.365593529516751,1.365593529516751,0.030329689531309694,0.01840910728365564,0.9662664402918694,True,FULL,FULL_exp_log_rank_5
81,0.23,2.1775,4.79,3.54875,3.54875,2.4552355004571034,2.296211251435132,6.003985500457103,14.649101403235154,3.54875,0.713641023068492,2.296211251435132,4.262391023068492,19.32905694743583,-1.7415944773886114,1.7415944773886114,-1.7415944773886114,1.7415944773886114,4.679955544200677,4.679955544200677,0.3340874513608631,0.2064480199039883,0.6512985481052678,True,FULL,FULL_exp_log_rank_5
83,0.21,1.5566666666666666,0.75,0.4896666666666667,0.4896666666666667,0.6541837303857423,3.211991434689508,1.143850397052409,13.109251845364824,0.4896666666666667,0.6513100534156098,3.211991434689508,1.1409767200822765,12.260180228693647,-0.0028736769701325215,0.0028736769701325215,-0.0028736769701325215,0.0028736769701325215,-0.8490716166711767,0.8490716166711767,0.008111530928259633,0.003393258702383854,0.9939396611268008,True,FULL,FULL_exp_log_rank_5
84,1.52,2.19,4.53,3.98,3.98,84.48453784563569,2.2831050228310503,88.46453784563569,2.4678705594788535,3.98,23.31893540552245,2.2831050228310503,27.29893540552245,2.4269830222975615,-61.16560244011323,61.16560244011323,-61.16560244011324,61.16560244011324,-0.04088753718129201,0.04088753718129201,0.9645379667606064,0.7094104433240946,-0.22007737401652627,True,FULL,FULL_exp_log_rank_5
85,0.46,3.86,15.2,13.9425,13.9425,2.582793456166362,1.2953367875647668,16.525293456166363,10.00333623780827,13.9425,2.171813459459008,1.2953367875647668,16.11431345945901,10.121504056383833,-0.4109799967073542,0.4109799967073542,-0.4109799967073542,0.4109799967073542,0.11816781857556258,0.11816781857556258,0.0864027501023212,0.052620616585296286,0.9974528775934403,True,FULL,FULL_exp_log_rank_5
86,1.14,1.85,0.47,0.4455,0.4455,1.2635859558868447,2.702702702702702,1.7090859558868448,3.448989911906233,0.4455,2.405620705029404,2.702702702702702,2.851120705029404,2.919393868839503,1.1420347491425593,1.1420347491425593,1.1420347491425593,1.1420347491425593,-0.5295960430667299,0.5295960430667299,0.03524412218658039,0.024979637184500074,0.844403375795048,True,FULL,FULL_exp_log_rank_5
87,1.53,2.29,3.84,3.5879999999999996,3.5879999999999996,21.229112109709114,2.1834061135371177,24.817112109709115,2.5522940611621228,3.5879999999999996,11.83698414247015,2.1834061135371177,15.42498414247015,2.4250594520881465,-9.392127967238963,9.392127967238963,-9.392127967238965,9.392127967238965,-0.1272346090739762,0.1272346090739762,0.41335832178678633,0.3019434359653221,0.6628461987790089,True,FULL,FULL_exp_log_rank_5
89,0.31,1.5733333333333333,0.64,0.434,0.434,0.831446191232911,3.1779661016949152,1.265446191232911,8.046929532076042,0.434,0.8333553646256247,3.1779661016949152,1.2673553646256246,7.1427553241626365,0.0019091733927136811,0.0019091733927136811,0.0019091733927136811,0.0019091733927136811,-0.9041742079134059,0.9041742079134059,0.01919940189532645,0.009835901205878097,0.9591313245777974,True,FULL,FULL_exp_log_rank_5
91,2.56,4.125,14.35,13.695,13.695,33.24347166872315,1.2121212121212122,46.93847166872315,1.5724619149710894,13.695,62.31631709231706,1.2121212121212122,76.01131709231706,1.324296323057489,29.072845423593904,29.072845423593904,29.072845423593904,29.072845423593904,-0.24816559191360055,0.24816559191360055,0.9734246132589741,0.682305764653261,0.8742309464630907,True,FULL,FULL_exp_log_rank_5
92,0.1,1.5666666666666669,0.84,0.5786666666666667,0.5786666666666667,0.3913124802400913,3.191489361702127,0.969979146906758,37.39184550372476,0.5786666666666667,0.2809390104735709,3.191489361702127,0.8596056771402376,39.54415242224813,-0.1103734697665204,0.1103734697665204,-0.1103734697665204,0.1103734697665204,2.1523069185233723,2.1523069185233723,0.025847889867999553,0.015293703874859354,0.9280662287371084,True,FULL,FULL_exp_log_rank_5
94,2.24,4.125,16.29,15.185,15.185,36.934910613682646,1.2121212121212122,52.11991061368265,1.6343524111032697,15.185,74.0846707310081,1.2121212121212122,89.2696707310081,1.3402024350669024,37.14976011732546,37.14976011732546,37.14976011732546,37.14976011732546,-0.2941499760363673,0.2941499760363673,1.1465800235490247,0.78101080880128,0.8537268952038135,True,FULL,FULL_exp_log_rank_5
95,0.15,1.5666666666666669,1.04,0.515,0.515,1.0180921290257392,3.191489361702127,1.533092129025739,17.824332391452327,0.515,1.0937039034745817,3.191489361702127,1.6087039034745816,16.86042428546322,0.07561177444884248,0.07561177444884248,0.07561177444884248,0.07561177444884248,-0.9639081059891055,0.9639081059891055,0.011475544698922936,0.007319380437946763,0.9954503572813539,True,FULL,FULL_exp_log_rank_5
96,0.32,2.225,5.75,4.01075,4.01075,4.5926707536336835,2.2471910112359548,8.603420753633683,8.90252129065327,4.01075,3.653267216492642,2.2471910112359548,7.664017216492642,8.843969950239114,-0.9394035371410414,0.9394035371410414,-0.9394035371410414,0.9394035371410414,-0.05855134041415688,0.05855134041415688,0.18080319939819292,0.11283458903939968,0.9446142016012984,True,FULL,FULL_exp_log_rank_5
97,0.98,3.925,16.9,13.655,13.655,17.423005323734152,1.2738853503184715,31.07800532373415,2.9328424113361327,13.655,33.92328110573681,1.2738853503184715,47.578281105736814,2.1559720560387485,16.50027578200266,16.50027578200266,16.500275782002664,16.500275782002664,-0.7768703552973841,0.7768703552973841,0.5298670640770542,0.42323519207280424,0.9534754344994706,True,FULL,FULL_exp_log_rank_5
98,0.12,1.5666666666666669,1.33,0.569,0.569,1.2856106349233354,3.191489361702127,1.854610634923335,23.13000566043724,0.569,1.4681597946939315,3.191489361702127,2.0371597946939315,22.014488765768263,0.18254915977059616,0.18254915977059616,0.18254915977059638,0.18254915977059638,-1.1155168946689784,1.1155168946689784,0.03672636835160368,0.022593090369884595,0.9749586944624131,True,FULL,FULL_exp_log_rank_5
99,0.38,2.1775,5.29,3.8055,3.8055,4.8847712477868654,2.296211251435132,8.690271247786866,7.231167894086396,3.8055,3.3399396956091256,2.296211251435132,7.1454396956091255,7.364428540175985,-1.5448315521777398,1.5448315521777398,-1.5448315521777403,1.5448315521777403,0.13326064608958887,0.13326064608958887,0.24590417917746923,0.15988406269452773,0.8859249830304017,True,FULL,FULL_exp_log_rank_5
100,1.12,3.865,15.69,14.2025,14.2025,9.330787016774106,1.2936610608020698,23.533287016774107,3.133851414322128,14.2025,22.390146590139057,1.2936610608020698,36.592646590139054,2.2106635959909577,13.05935957336495,13.05935957336495,13.059359573364947,13.059359573364947,-0.9231878183311704,0.9231878183311704,0.4457386768512465,0.3540357685235565,0.965367665548065,True,FULL,FULL_exp_log_rank_5
101,0.11,1.5599999999999998,1.19,0.5136666666666666,0.5136666666666666,1.0901897584596147,3.2051282051282053,1.6038564251262817,26.190812099681132,0.5136666666666666,1.3108574867498262,3.2051282051282053,1.8245241534164929,24.818558476866517,0.22066772829021142,0.22066772829021142,0.2206677282902112,0.2206677282902112,-1.3722536228146147,1.3722536228146147,0.04715360797032223,0.02861313352562367,0.9464743145550115,True,FULL,FULL_exp_log_rank_5
102,0.33,2.175,5.38,4.15275,4.15275,3.3230952595070686,2.298850574712644,7.475845259507069,9.464816530487427,4.15275,1.986249506394256,2.298850574712644,6.138999506394256,10.247430326500396,-1.3368457531128126,1.3368457531128126,-1.3368457531128124,1.3368457531128124,0.7826137960129689,0.7826137960129689,0.219818878136632,0.14178098244483073,0.8957165903200407,True,FULL,FULL_exp_log_rank_5
104,0.46,1.61,0.57,0.4153333333333333,0.4153333333333333,1.2195408766373736,3.105590062111801,1.634874209970707,5.380408458094788,0.4153333333333333,1.0860982868744575,3.105590062111801,1.5014316202077909,4.719209408602839,-0.13344258976291612,0.13344258976291612,-0.13344258976291612,0.13344258976291612,-0.6611990494919491,0.6611990494919491,0.04322821961068064,0.028100163005646904,0.7681124212260353,True,FULL,FULL_exp_log_rank_5
106,6.69,7.0,11.06,11.03,11.03,6.769176332863529,0.7142857142857143,17.799176332863528,0.9707346090728766,11.03,75.6003260257154,0.7142857142857143,86.6303260257154,0.7399115710498742,68.83114969285188,68.83114969285188,68.83114969285188,68.83114969285188,-0.2308230380230024,0.2308230380230024,0.332939036694829,0.1776561073686689,0.9722740906310308,True,FULL,FULL_exp_log_rank_5
107,0.15,1.5566666666666666,0.88,0.5103333333333334,0.5103333333333334,0.7081291518031402,3.211991434689508,1.2184624851364736,19.26598627033951,0.5103333333333334,0.7296921214943793,3.211991434689508,1.2400254548277128,18.374091030782125,0.021562969691239164,0.021562969691239164,0.021562969691239164,0.021562969691239164,-0.8918952395573854,0.8918952395573854,0.003460082173880654,0.0021831705510886802,0.9992516127003233,True,FULL,FULL_exp_log_rank_5
108,0.24,2.175,5.1,3.69825,3.69825,2.8769666070220197,2.298850574712644,6.5752166070220195,13.53664985652516,3.69825,1.4202608889541235,2.298850574712644,5.118510888954123,15.62619351214184,-1.4567057180678962,1.4567057180678962,-1.4567057180678962,1.4567057180678962,2.08954365561668,2.08954365561668,0.27710297488032015,0.17258245048560597,0.7994156590492122,True,FULL,FULL_exp_log_rank_5
109,0.47,3.8575,14.84,13.285,13.285,3.275885261750222,1.2961762799740766,16.560885261750222,9.133208341560495,13.285,2.3724320963194767,1.2961762799740766,15.657432096319477,9.563289516135884,-0.9034531654307454,0.9034531654307454,-0.9034531654307454,0.9034531654307454,0.4300811745753883,0.4300811745753883,0.1726003451710949,0.10668474507847504,0.9894725128786743,True,FULL,FULL_exp_log_rank_5
110,0.15,2.1675,1.23,0.6225,0.6225,0.9619833022068238,2.306805074971165,1.584483302206824,20.507804388385548,0.6225,0.6846206589260704,2.306805074971165,1.3071206589260704,21.499297869271015,-0.27736264328075344,0.27736264328075344,-0.27736264328075366,0.27736264328075366,0.9914934808854667,0.9914934808854667,0.0632372784763404,0.03775072692840482,0.8863238179704178,True,FULL,FULL_exp_log_rank_5
111,0.25,2.165,6.22,4.547499999999999,4.547499999999999,3.553532108811563,2.3094688221709005,8.101032108811562,12.896286747191096,4.547499999999999,3.839301304953908,2.3094688221709005,8.386801304953908,12.039717825797116,0.2857691961423452,0.2857691961423452,0.2857691961423452,0.2857691961423452,-0.8565689213939809,0.8565689213939809,0.03981542731269004,0.026305639076555937,0.9972407966842308,True,FULL,FULL_exp_log_rank_5
112,0.46,4.1075,18.37,16.2525,16.2525,4.204330792736471,1.217285453438831,20.456830792736472,9.296747223836368,16.2525,11.195942868985298,1.217285453438831,27.4484428689853,6.955780338750976,6.991612076248828,6.991612076248828,6.991612076248828,6.991612076248828,-2.3409668850853924,2.3409668850853924,1.2334485387673806,0.7691186023465737,0.6323559610659302,True,FULL,FULL_exp_log_rank_5
113,0.21,1.5599999999999998,0.72,0.5333333333333333,0.5333333333333333,0.4530839141628877,3.2051282051282053,0.9864172474962212,14.758619332850811,0.5333333333333333,0.4036020766080966,3.2051282051282053,0.93693540994143,14.355413704596256,-0.049481837554791075,0.049481837554791075,-0.049481837554791186,0.049481837554791186,-0.40320562825455575,0.40320562825455575,0.011898598576882018,0.007010825453699144,0.982669335801202,True,FULL,FULL_exp_log_rank_5
114,0.46,2.215,4.54,3.755,3.755,3.0550946555112306,2.2573363431151243,6.8100946555112305,6.812602552841997,3.755,0.8496093380676735,2.2573363431151243,4.604609338067673,8.91804997400502,-2.205485317443557,2.205485317443557,-2.205485317443557,2.205485317443557,2.1054474211630234,2.1054474211630234,0.25969196711798254,0.17587467186413022,0.8234741521945179,True,FULL,FULL_exp_log_rank_5
115,3.02,4.84,14.29,13.226666666666668,13.226666666666668,67.62238227774218,1.0330578512396695,80.84904894440885,1.2379494369579531,13.226666666666668,41.15339655657082,1.0330578512396695,54.380063223237485,1.165196022893311,-26.468985721171357,26.468985721171357,-26.468985721171364,26.468985721171364,-0.0727534140646422,0.0727534140646422,1.517490813094614,1.133781671053406,0.6808487504266197,True,FULL,FULL_exp_log_rank_5
116,0.1,1.5533333333333337,1.16,0.5640000000000001,0.5640000000000001,0.912890584776652,3.218884120171673,1.476890584776652,31.1344826944979,0.5640000000000001,1.0105415714450026,3.218884120171673,1.5745415714450026,29.962920658928965,0.09765098666835059,0.09765098666835059,0.09765098666835059,0.09765098666835059,-1.171562035568936,1.171562035568936,0.021274799039314056,0.012816966324534752,0.9861084074661598,True,FULL,FULL_exp_log_rank_5
117,0.28,2.16,4.98,3.80875,3.80875,2.7207253448886286,2.314814814814815,6.5294753448886285,11.627647012732409,3.80875,1.0944418230906887,2.314814814814815,4.903191823090689,14.131723232415192,-1.62628352179794,1.62628352179794,-1.62628352179794,1.62628352179794,2.5040762196827835,2.5040762196827835,0.2813813720598392,0.17837459394731517,0.7843159150366521,True,FULL,FULL_exp_log_rank_5
118,0.84,3.88,14.83,12.9825,12.9825,7.331910697776193,1.288659793814433,20.314410697776193,4.123242699657944,12.9825,10.263661659504928,1.288659793814433,23.246161659504928,3.4259183257212125,2.931750961728735,2.931750961728735,2.931750961728735,2.931750961728735,-0.6973243739367319,0.6973243739367319,0.21873423850096171,0.15828166479562075,0.9884731566710522,True,FULL,FULL_exp_log_rank_5
119,0.05,1.5533333333333337,1.06,0.4603333333333333,0.4603333333333333,0.7347138188950575,3.218884120171673,1.1950471522283908,76.69251608229672,0.4603333333333333,1.00224037071182,3.218884120171673,1.4625737040451532,73.28431872364798,0.26752655181676244,0.26752655181676244,0.26752655181676244,0.26752655181676244,-3.408197358648735,3.408197358648735,0.06950016909527583,0.03983026304137917,0.8238410559363587,True,FULL,FULL_exp_log_rank_5
120,0.24,2.1675,5.34,3.634,3.634,3.551284821064535,2.306805074971165,7.185284821064535,12.76758648025316,3.634,2.6212605555174355,2.306805074971165,6.255260555517435,13.198502377614254,-0.9300242655470994,0.9300242655470994,-0.9300242655470994,0.9300242655470994,0.4309158973610945,0.4309158973610945,0.18486728747039186,0.1144187484801709,0.9268995504590067,True,FULL,FULL_exp_log_rank_5
121,0.58,3.8475,15.72,12.52,12.52,8.509190021060213,1.299545159194282,21.029190021060213,5.626700720273117,12.52,14.14876887699148,1.299545159194282,26.66876887699148,4.554758521962649,5.639578855931267,5.639578855931267,5.639578855931266,5.639578855931266,-1.0719421983104684,1.0719421983104684,0.6891846328299397,0.4574878559049243,0.8756629211742497,True,FULL,FULL_exp_log_rank_5
122,0.16,1.7866666666666664,1.46,0.5153333333333333,0.5153333333333333,1.791622665699797,2.7985074626865676,2.3069559990331303,15.27471027903135,0.5153333333333333,1.900612375605236,2.7985074626865676,2.4159457089385694,14.639423592845873,0.1089897099054391,0.1089897099054391,0.1089897099054391,0.1089897099054391,-0.6352866861854771,0.6352866861854771,0.0173268959096377,0.011029331522540068,0.9964743961434289,True,FULL,FULL_exp_log_rank_5
123,0.34,2.19,5.86,3.70375,3.70375,6.4076526447249105,2.2831050228310503,10.11140264472491,7.4904783908875965,3.70375,6.2277689170387625,2.2831050228310503,9.931518917038762,6.915038813537211,-0.17988372768614802,0.17988372768614802,-0.17988372768614802,0.17988372768614802,-0.5754395773503855,0.5754395773503855,0.11699909088955643,0.05950421085718838,0.9817260594850727,True,FULL,FULL_exp_log_rank_5
124,0.72,3.9025,15.23,13.1975,13.1975,6.547895084347095,1.2812299807815504,19.745395084347095,4.922489465268678,13.1975,9.226480398825418,1.2812299807815504,22.423980398825417,4.145461864150993,2.6785853144783225,2.6785853144783225,2.6785853144783225,2.6785853144783225,-0.7770276011176858,0.7770276011176858,0.25038625983640317,0.17648094965503636,0.9839955979836035,True,FULL,FULL_exp_log_rank_5
125,0.13,1.5766666666666669,0.83,0.5316666666666667,0.5316666666666667,0.5110542316499418,3.1712473572938684,1.0427208983166083,25.070549134255213,0.5316666666666667,0.4737774182895842,3.1712473572938684,1.005444084956251,24.771309500647916,-0.0372768133603576,0.0372768133603576,-0.037276813360357375,0.037276813360357375,-0.29923963360729644,0.29923963360729644,0.009220630546042809,0.005371659431568787,0.9924249699403891,True,FULL,FULL_exp_log_rank_5
127,2.99,4.513333333333333,16.39,14.923333333333332,14.923333333333332,140.10135047238424,1.1078286558345645,155.0246838057176,1.2549920885699382,14.923333333333332,103.67836486881411,1.1078286558345645,118.60169820214745,1.1714920753968878,-36.422985603570126,36.422985603570126,-36.42298560357014,36.42298560357014,-0.08350001317305034,0.08350001317305034,2.359127298981575,1.7418164043103468,0.39762358153994204,True,FULL,FULL_exp_log_rank_5
128,0.22,1.5666666666666669,1.38,0.6789999999999999,0.6789999999999999,1.9691572578488556,3.191489361702127,2.6481572578488555,10.298464829923804,0.6789999999999999,1.6631467986759765,3.191489361702127,2.342146798675976,9.887649539217348,-0.30601045917287917,0.30601045917287917,-0.3060104591728794,0.3060104591728794,-0.4108152907064557,0.4108152907064557,0.061492982311041805,0.03808516732979529,0.9365756907317906,True,FULL,FULL_exp_log_rank_5
129,0.39,2.18,6.11,4.593,4.593,5.057943521426855,2.293577981651376,9.650943521426855,7.34235077378404,4.593,5.0127180301476635,2.293577981651376,9.605718030147663,6.716063776808521,-0.04522549127919184,0.04522549127919184,-0.04522549127919184,0.04522549127919184,-0.6262869969755194,0.6262869969755194,0.10421242275485214,0.049091840810344935,0.98400132812235,True,FULL,FULL_exp_log_rank_5
130,2.78,4.13,17.18,15.5675,15.5675,173.2142161184181,1.2106537530266344,188.7817161184181,1.354578535378103,15.5675,179.22800084411253,1.2106537530266344,194.79550084411252,1.2529743456621292,6.013784725694421,6.013784725694421,6.013784725694421,6.013784725694421,-0.10160418971597385,0.10160418971597385,2.681173137461836,1.970133076771056,0.2920224095236238,True,FULL,FULL_exp_log_rank_5
131,0.3,1.57,0.69,0.4403333333333333,0.4403333333333333,0.989606450202688,3.184713375796178,1.4299397835360212,7.9675990689291964,0.4403333333333333,0.9473901187702444,3.184713375796178,1.3877234521035775,7.155449640532437,-0.04221633143244363,0.04221633143244363,-0.04221633143244374,0.04221633143244374,-0.8121494283967596,0.8121494283967596,0.024999981175771943,0.013952104281624866,0.9447838629851266,True,FULL,FULL_exp_log_rank_5
132,0.38,2.2025,4.61,3.49275,3.49275,3.5417527605950667,2.270147559591374,7.034502760595067,7.697329513236288,3.49275,1.3244566042238164,2.270147559591374,4.817206604223816,9.40991285087484,-2.2172961563712503,2.2172961563712503,-2.2172961563712503,2.2172961563712503,1.7125833376385513,1.7125833376385513,0.31034082295959836,0.20593365936568717,0.7430507750225552,True,FULL,FULL_exp_log_rank_5
133,0.58,3.89,14.25,12.71,12.71,3.870375185655917,1.2853470437017995,16.580375185655917,6.937928600833182,12.71,2.1232770784800383,1.2853470437017995,14.83327707848004,7.730208182079936,-1.7470981071758787,1.7470981071758787,-1.7470981071758782,1.7470981071758782,0.7922795812467545,0.7922795812467545,0.2855925326618245,0.18051396040404008,0.9724477496823241,True,FULL,FULL_exp_log_rank_5
134,0.29,1.5933333333333335,0.81,0.6846666666666668,0.6846666666666668,0.4027161872827163,3.1380753138075312,1.087382853949383,11.679447292728767,0.6846666666666668,0.2619544365820992,3.1380753138075312,0.946621103248766,12.270085244914313,-0.14076175070061708,0.14076175070061708,-0.14076175070061703,0.14076175070061703,0.5906379521855456,0.5906379521855456,0.02193916195678693,0.014314126337916561,0.9564048148714231,True,FULL,FULL_exp_log_rank_5
136,2.48,4.18,15.4,14.19,14.19,62.34454554337887,1.1961722488038278,76.53454554337887,1.469660738779334,14.19,74.06404723507494,1.1961722488038278,88.25404723507494,1.3006044072296077,11.719501691696067,11.719501691696067,11.719501691696067,11.719501691696067,-0.1690563315497262,0.1690563315497262,1.5403071844930627,1.1269471377156395,0.7107748166932204,True,FULL,FULL_exp_log_rank_5
137,1.18,1.85,0.63,0.575,0.575,4.239497230710774,2.702702702702702,4.814497230710774,3.1309195303367727,0.575,3.1527034808375953,2.702702702702702,3.727703480837595,2.9061991917454715,-1.0867937498731788,1.0867937498731788,-1.0867937498731792,1.0867937498731792,-0.22472033859130125,0.22472033859130125,0.08208483946445846,0.06122564118122684,0.512636303695174,True,FULL,FULL_exp_log_rank_5
138,0.99,2.6033333333333335,4.93,4.496666666666667,4.496666666666667,4.9592094785200045,1.9206145966709345,9.455876145186672,3.460965956174455,4.496666666666667,2.1067377758280497,1.9206145966709345,6.603404442494717,3.7506410685022455,-2.852471702691955,2.852471702691955,-2.852471702691955,2.852471702691955,0.28967511232779053,0.28967511232779053,0.21392771797371077,0.15535826113199513,0.9324627115777576,True,FULL,FULL_exp_log_rank_5
139,1.92,4.2125,17.14,16.56,16.56,9.158812659704571,1.1869436201780414,25.71881265970457,2.22655990128023,16.56,49.00435223143032,1.1869436201780414,65.56435223143032,1.4387890518077464,39.845539571725745,39.845539571725745,39.84553957172575,39.84553957172575,-0.7877708494724835,0.7877708494724835,0.5564587859231395,0.37888616012165954,0.9670866156570203,True,FULL,FULL_exp_log_rank_5
140,0.42,1.7400000000000002,0.83,0.4525,0.4525,2.5886372580129136,2.8735632183908044,3.0411372580129137,4.84879553279124,0.4525,1.6426188532874368,2.8735632183908044,2.095118853287437,4.543949419935305,-0.9460184047254767,0.9460184047254767,-0.9460184047254767,0.9460184047254767,-0.30484611285593566,0.30484611285593566,0.10675989122214476,0.07390890414107606,0.508477972988281,True,FULL,FULL_exp_log_rank_5
141,1.23,2.5733333333333337,4.22,4.026666666666666,4.026666666666666,3.714553371745124,1.94300518134715,7.74122003841179,3.22230726876678,4.026666666666666,2.9615172961517224,1.94300518134715,6.988183962818389,2.991957105771927,-0.7530360755934016,0.7530360755934016,-0.7530360755934016,0.7530360755934016,-0.23035016299485322,0.23035016299485322,0.14734968757205302,0.09842812450440289,0.962761914397486,True,FULL,FULL_exp_log_rank_5
142,1.79,4.84,15.01,14.9025,14.9025,0.8901040923931092,1.0330578512396695,15.792604092393107,3.4546415460563873,14.9025,3.749480533109722,1.0330578512396695,18.65198053310972,2.4003306693607147,2.8593764407166127,2.8593764407166127,2.8593764407166145,2.8593764407166145,-1.0543108766956726,1.0543108766956726,0.39642532900623745,0.21241444239283408,0.9722707077290708,True,FULL,FULL_exp_log_rank_5
143,0.33,1.5733333333333333,0.58,0.4766666666666666,0.4766666666666666,0.4098600862261488,3.1779661016949152,0.8865267528928155,9.368454028225154,0.4766666666666666,0.4805613006127842,3.1779661016949152,0.9572279672794508,8.10212166670848,0.0707012143866354,0.0707012143866354,0.07070121438663535,0.07070121438663535,-1.2663323615166728,1.2663323615166728,0.00786570909779924,0.004581270882964599,0.9901692725619141,True,FULL,FULL_exp_log_rank_5
144,0.43,2.1725,4.53,3.8975,3.8975,2.2412867147074325,2.3014959723820483,6.138786714707432,7.955893974394428,3.8975,0.3868731611622209,2.3014959723820483,4.284373161162221,11.668948678446498,-1.8544135535452115,1.8544135535452115,-1.8544135535452115,1.8544135535452115,3.7130547040520696,3.7130547040520696,0.22539776175250215,0.1493307664824666,0.8604992152537447,True,FULL,FULL_exp_log_rank_5
145,3.33,4.496666666666667,14.77,14.159999999999998,14.159999999999998,71.68575820940592,1.111934766493699,85.84575820940591,1.2931877819034847,14.159999999999998,93.76226668053924,1.111934766493699,107.92226668053922,1.1692701932049925,22.076508471133323,22.076508471133323,22.07650847113331,22.07650847113331,-0.12391758869849223,0.12391758869849223,1.3030579400585798,0.8985004338463487,0.7667868067914726,True,FULL,FULL_exp_log_rank_5
146,0.13,1.5599999999999998,0.68,0.5633333333333334,0.5633333333333334,0.1951982739754749,3.2051282051282053,0.7585316073088083,31.88575510060682,0.5633333333333334,0.0715258720482144,3.2051282051282053,0.6348592053815478,39.27592577156342,-0.1236724019272605,0.1236724019272605,-0.12367240192726048,0.12367240192726048,7.3901706709566035,7.3901706709566035,0.026224920766274435,0.015699286998308762,0.8646061910040597,True,FULL,FULL_exp_log_rank_5
147,1.84,3.1775,4.39,3.69,3.69,48.191526905344915,1.5735641227380015,51.88152690534491,1.779339325853626,3.69,6.922706754409825,1.5735641227380015,10.612706754409825,1.9114910867670307,-41.26882015093509,41.26882015093509,-41.268820150935085,41.268820150935085,0.13215176091340464,0.13215176091340464,0.8392041283606999,0.6460458493997828,-0.02413087080288534,True,FULL,FULL_exp_log_rank_5
148,2.23,4.3774999999999995,15.49,14.875,14.875,14.10295307840756,1.142204454597373,28.97795307840756,1.8301286904573817,14.875,36.57267498793908,1.142204454597373,51.44767498793908,1.3800685545300952,22.469721909531522,22.469721909531522,22.469721909531522,22.469721909531522,-0.45006013592728644,0.45006013592728644,0.6091116630970023,0.3589886508132989,0.9545265700810833,True,FULL,FULL_exp_log_rank_5
149,0.18,1.5599999999999998,0.96,0.5433333333333333,0.5433333333333333,0.9264981470545324,3.2051282051282053,1.4698314803878656,14.731251978605432,0.5433333333333333,0.8911142607049308,3.2051282051282053,1.4344475940382642,14.067046448091633,-0.035383886349601545,0.035383886349601545,-0.035383886349601434,0.035383886349601434,-0.664205530513799,0.664205530513799,0.012593275553637378,0.006686848412433058,0.9925591027251663,True,FULL,FULL_exp_log_rank_5
150,0.4,2.175,5.29,4.25,4.25,3.4798658017251105,2.298850574712644,7.7298658017251105,7.755705088302538,4.25,2.021551654038996,2.298850574712644,6.271551654038996,8.355533609296527,-1.4583141476861146,1.4583141476861146,-1.4583141476861146,1.4583141476861146,0.5998285209939898,0.5998285209939898,0.21325071947798463,0.140861219602786,0.9065434017512707,True,FULL,FULL_exp_log_rank_5
151,0.99,3.6125,15.85,14.965,14.965,4.712295648967803,1.384083044982699,19.677295648967803,4.185634509215309,14.965,27.564476301496665,1.384083044982699,42.529476301496665,2.362004616221314,22.85218065252886,22.85218065252886,22.85218065252886,22.85218065252886,-1.8236298929939951,1.8236298929939951,1.0208387878075644,0.7723386033390994,0.8163053622676208,True,FULL,FULL_exp_log_rank_5
152,1.16,1.9,0.64,0.54,0.54,8.918859589233094,2.6315789473684212,9.458859589233091,2.9158636476035604,0.54,3.325309116644958,2.6315789473684212,3.865309116644958,2.821320289614176,-5.593550472588136,5.593550472588136,-5.593550472588133,5.593550472588133,-0.09454335798938462,0.09454335798938462,0.13553196046230317,0.1038078301707549,-0.19300659323613423,True,FULL,FULL_exp_log_rank_5
153,1.3,2.566666666666667,4.2,3.9333333333333336,3.9333333333333336,6.732843008196392,1.948051948051948,10.666176341529724,2.832743127876559,3.9333333333333336,4.122733836232305,1.948051948051948,8.056067169565639,2.72019148915412,-2.610109171964087,2.610109171964087,-2.610109171964085,2.610109171964085,-0.11255163872243878,0.11255163872243878,0.2305709356387333,0.16455484315051702,0.9088888572818202,True,FULL,FULL_exp_log_rank_5
154,5.1,31.453947067343865,14.28,13.490170336848536,13.490170336848536,2.087839211051561,0.1589625616554528,15.578009547900097,0.9263059984631752,13.490170336848536,3.384190719164245,0.1589625616554528,16.87436105601278,0.7878483400228643,1.296351508112684,1.296351508112684,1.296351508112684,1.296351508112684,-0.13845765844031088,0.13845765844031088,0.18018246535583138,0.1190050358939102,0.9896655083083183,True,FULL,FULL_exp_log_rank_5
155,0.56,1.5599999999999998,0.58,0.4766666666666666,0.4766666666666666,1.2430840918042927,3.2051282051282053,1.7197507584709593,5.0236277196711585,0.4766666666666666,1.1799969602974063,3.2051282051282053,1.656663626964073,4.360863760253141,-0.06308713150688638,0.06308713150688638,-0.06308713150688616,0.06308713150688616,-0.6627639594180179,0.6627639594180179,0.043560124934315124,0.028995616399765778,0.7852252888704363,True,FULL,FULL_exp_log_rank_5
156,0.67,2.1775,4.06,3.745,3.745,2.1627193549790276,2.296211251435132,5.907719354979028,5.4890381882934465,3.745,0.9500969490458252,2.296211251435132,4.695096949045825,6.151701048383686,-1.2126224059332023,1.2126224059332023,-1.2126224059332023,1.2126224059332023,0.6626628600902391,0.6626628600902391,0.10957568426791713,0.07783792021979272,0.9702077904090198,True,FULL,FULL_exp_log_rank_5
157,1.32,3.9,14.36,13.5925,13.5925,6.126023681195667,1.2820512820512822,19.718523681195663,3.032176279008363,13.5925,15.413524679647995,1.2820512820512822,29.006024679647997,2.154176587629817,9.287500998452328,9.287500998452328,9.287500998452334,9.287500998452334,-0.8779996913785459,0.8779996913785459,0.34317435622234266,0.25355923314904066,0.9782871544129702,True,FULL,FULL_exp_log_rank_5
158,0.17,1.6233333333333333,1.0,0.5720000000000001,0.5720000000000001,0.8749487231528226,3.080082135523614,1.4469487231528226,16.31818533574024,0.5720000000000001,0.7914734282825608,3.080082135523614,1.363473428282561,15.954761147449826,-0.08347529487026173,0.08347529487026173,-0.08347529487026173,0.08347529487026173,-0.3634241882904128,0.3634241882904128,0.019585859642514636,0.01160331712603827,0.9824411834005927,True,FULL,FULL_exp_log_rank_5
159,0.32,2.1825,5.06,4.11975,4.11975,2.410582651104151,2.290950744558992,6.530332651104151,10.626543938716322,4.11975,0.6740866272742716,2.290950744558992,4.793836627274271,14.10015994161762,-1.7364960238298792,1.7364960238298792,-1.7364960238298792,1.7364960238298792,3.4736160029012986,3.4736160029012986,0.27437314669543805,0.17496598434069507,0.8030562825751733,True,FULL,FULL_exp_log_rank_5
160,1.07,3.895,14.3,13.0025,13.0025,7.31537030166651,1.2836970474967908,20.31787030166651,3.3651116062820727,13.0025,10.91295104186881,1.2836970474967908,23.91545104186881,2.7180319159721273,3.5975807402023,3.5975807402023,3.5975807402023,3.5975807402023,-0.6470796903099454,0.6470796903099454,0.23966371736616135,0.15845277408496958,0.9875054683025029,True,FULL,FULL_exp_log_rank_5
161,0.1,1.5666666666666669,0.85,0.5843333333333334,0.5843333333333334,0.3978559436075378,3.191489361702127,0.9821892769408712,37.33548887229885,0.5843333333333334,0.2829138211290388,3.191489361702127,0.8672471544623722,39.568851455807696,-0.114942122478499,0.114942122478499,-0.114942122478499,0.114942122478499,2.2333625835088426,2.2333625835088426,0.02690425833530068,0.015920613549176198,0.9241799788391774,True,FULL,FULL_exp_log_rank_5
162,0.24,2.175,6.09,4.409,4.409,3.4511384121172206,2.298850574712644,7.86013841211722,13.515323404054092,4.409,3.3935400305853314,2.298850574712644,7.802540030585331,12.980615448342814,-0.05759838153188923,0.05759838153188923,-0.05759838153188923,0.05759838153188923,-0.5347079557112782,0.5347079557112782,0.03626829833650141,0.016104657173304955,0.9975964050877474,True,FULL,FULL_exp_log_rank_5
163,0.5,3.8625,16.89,15.2325,15.2325,3.655467066441505,1.2944983818770228,18.887967066441504,8.601598077321363,15.2325,10.599367553903765,1.2944983818770228,25.831867553903763,6.21324882269684,6.94390048746226,6.94390048746226,6.943900487462258,6.943900487462258,-2.388349254624523,2.388349254624523,1.101321649162625,0.6989225917343367,0.6808188292469208,True,FULL,FULL_exp_log_rank_5
164,0.07,1.5566666666666666,0.85,0.5843333333333334,0.5843333333333334,0.3510048045966245,3.211991434689508,0.935338137929958,59.36701870371923,0.5843333333333334,0.2275080197638727,3.211991434689508,0.8118413530972061,64.16455187713296,-0.12349678483275178,0.12349678483275178,-0.12349678483275195,0.12349678483275195,4.797533173413733,4.797533173413733,0.030834864438564275,0.017895124865101714,0.8930223674571393,True,FULL,FULL_exp_log_rank_5
165,0.23,2.1675,5.85,4.43275,4.43275,2.80147060168731,2.306805074971165,7.23422060168731,14.978792929839672,4.43275,2.1044509398854423,2.306805074971165,6.537200939885443,15.524141221747124,-0.6970196618018676,0.6970196618018676,-0.6970196618018676,0.6970196618018676,0.5453482919074517,0.5453482919074517,0.14243008222148035,0.08747586098623486,0.9561897507446503,True,FULL,FULL_exp_log_rank_5
166,0.75,3.8625,16.87,15.795,15.795,3.4935563581594646,1.2944983818770228,19.288556358159465,5.80409010742513,15.795,15.262907247683229,1.2944983818770228,31.05790724768323,3.608702175185152,11.769350889523764,11.769350889523764,11.769350889523764,11.769350889523764,-2.195387932239978,2.195387932239978,1.1786627572046988,0.8043358993614192,0.7213103186960848,True,FULL,FULL_exp_log_rank_5
167,0.17,1.5599999999999998,0.8,0.5579999999999999,0.5579999999999999,0.4953159279041487,3.2051282051282053,1.0533159279041486,18.51576110820791,0.5579999999999999,0.4183063734841621,3.2051282051282053,0.976306373484162,18.503904776139837,-0.07700955441998658,0.07700955441998658,-0.07700955441998658,0.07700955441998658,-0.011856332068074238,0.011856332068074238,0.01658337105462343,0.010061601718715245,0.9724564970183025,True,FULL,FULL_exp_log_rank_5
168,1.11,2.563333333333333,4.61,4.293333333333333,4.293333333333333,4.918051194692046,1.950585175552666,9.21138452802538,3.258019017990617,4.293333333333333,2.8288608924611385,1.950585175552666,7.1221942257944715,3.239419956710386,-2.0891903022309073,2.0891903022309073,-2.089190302230909,2.089190302230909,-0.018599061280231144,0.018599061280231144,0.19273421812219196,0.13598646033714798,0.9426146696873311,True,FULL,FULL_exp_log_rank_5
169,3.93,4.553333333333334,16.61,16.513333333333332,16.513333333333332,14.198414912137522,1.0980966325036603,30.711748245470854,1.4757256498343354,16.513333333333332,219.6751734246838,1.0980966325036603,236.18850675801713,1.1220245162716576,205.47675851254627,205.47675851254627,205.47675851254627,205.47675851254627,-0.35370113356267785,0.35370113356267785,0.5816344984232312,0.3267043574953849,0.964020510529825,True,FULL,FULL_exp_log_rank_5
170,0.19,1.5533333333333337,0.76,0.5436666666666666,0.5436666666666666,0.4848535368761771,3.218884120171673,1.0285202035428438,16.275028887164293,0.5436666666666666,0.4238811254415785,3.218884120171673,0.9675477921082452,16.003558409367237,-0.060972411434598583,0.060972411434598583,-0.06097241143459864,0.06097241143459864,-0.271470477797056,0.271470477797056,0.01372268663915352,0.008226724768581908,0.9793684845354956,True,FULL,FULL_exp_log_rank_5
172,1.88,4.13,15.76,14.8875,14.8875,14.997831291761866,1.2106537530266344,29.885331291761865,2.0220034481788933,14.8875,38.876874296987864,1.2106537530266344,53.76437429698786,1.4955005172943174,23.879043005226,23.879043005226,23.879043005225995,23.879043005225995,-0.5265029308845759,0.5265029308845759,0.6012168016072541,0.35293629847508684,0.9540199760985075,True,FULL,FULL_exp_log_rank_5
173,0.23,1.5666666666666669,0.81,0.5826666666666666,0.5826666666666666,0.6080845262035995,3.191489361702127,1.190751192870266,12.675105003139644,0.5826666666666666,0.496331915045508,3.191489361702127,1.0789985817121746,12.505514481078654,-0.11175261115809154,0.11175261115809154,-0.11175261115809154,0.11175261115809154,-0.16959052206098946,0.16959052206098946,0.022249995200480426,0.013774535126391907,0.9561773045111197,True,FULL,FULL_exp_log_rank_5
175,1.85,4.1125,17.29,16.4125,16.4125,14.29966321375646,1.21580547112462,30.71216321375646,2.100213453400296,16.4125,58.02900957940648,1.21580547112462,74.44150957940649,1.4430676439253214,43.72934636565002,43.72934636565002,43.729346365650024,43.729346365650024,-0.6571458094749747,0.6571458094749747,0.6138548431253178,0.38692571782843727,0.9600580483368201,True,FULL,FULL_exp_log_rank_5
176,0.65,1.5766666666666669,0.57,0.478,0.478,1.612273609680621,3.1712473572938684,2.090273609680621,4.48569879514461,0.478,1.447049742325605,3.1712473572938684,1.925049742325605,3.947041762007207,-0.16522386735501593,0.16522386735501593,-0.16522386735501593,0.16522386735501593,-0.5386570331374028,0.5386570331374028,0.05291826784875423,0.03695283725924564,0.6957802969070194,True,FULL,FULL_exp_log_rank_5
177,1.47,2.6333333333333333,3.8,3.616,3.616,6.14964024424423,1.89873417721519,9.76564024424423,2.66832825839853,3.616,4.38344355391823,1.89873417721519,7.999443553918231,2.4932488284004335,-1.7661966903259998,1.7661966903259998,-1.766196690325999,1.766196690325999,-0.17507942999809645,0.17507942999809645,0.20188795936214737,0.1433141009170958,0.9195786230960175,True,FULL,FULL_exp_log_rank_5
178,2.12,4.1575,13.69,12.965,12.965,17.833183532648366,1.2026458208057729,30.79818353264837,1.8070468059221405,12.965,28.44561293021405,1.2026458208057729,41.41061293021405,1.4765851399753962,10.612429397565684,10.612429397565684,10.61242939756568,10.61242939756568,-0.3304616659467443,0.3304616659467443,0.66003067471161,0.4165928385642153,0.9307729997100488,True,FULL,FULL_exp_log_rank_5
179,0.48,1.5666666666666669,0.88,0.6386666666666666,0.6386666666666666,2.2710172374402005,3.191489361702127,2.909683904106867,5.11752583659357,0.6386666666666666,1.371025252762109,3.191489361702127,2.0096919194287755,4.867610272720484,-0.8999919846780915,0.8999919846780915,-0.8999919846780915,0.8999919846780915,-0.24991556387308567,0.24991556387308567,0.09058555820844973,0.06354065207217278,0.5917891730237919,True,FULL,FULL_exp_log_rank_5
181,0.9,3.925,17.84,14.94,14.94,13.029435602700998,1.2738853503184715,27.969435602700997,3.4621547532157915,14.94,36.54733046823222,1.2738853503184715,51.487330468232216,2.321534957944323,23.51789486553122,23.51789486553122,23.51789486553122,23.51789486553122,-1.1406197952714683,1.1406197952714683,1.2093135488652367,0.8938183377880843,0.7671223807760618,True,FULL,FULL_exp_log_rank_5
182,0.22,1.49,0.66,0.4575,0.4575,0.5513217275318822,3.3557046979865772,1.0088217275318825,12.75282127395527,0.4575,0.6042713963973083,3.3557046979865772,1.0617713963973083,11.527118898203687,0.05294966886542607,0.05294966886542607,0.05294966886542585,0.05294966886542585,-1.2257023757515828,1.2257023757515828,0.005855036327164276,0.003870714425532914,0.9956937433568306,True,FULL,FULL_exp_log_rank_5
183,1.93,3.1,4.22,4.0145,4.0145,10.822557992923612,1.6129032258064515,14.837057992923611,2.064879723343122,4.0145,5.814927019282541,1.6129032258064515,9.82942701928254,1.9950797079020384,-5.007630973641071,5.007630973641071,-5.007630973641071,5.007630973641071,-0.06980001544108383,0.06980001544108383,0.29087641737398373,0.2146523249220335,0.8696364724846467,True,FULL,FULL_exp_log_rank_5
184,3.98,4.75,15.12,14.85,14.85,45.661479023586836,1.0526315789473684,60.51147902358684,1.247654255784918,14.85,131.29973870325654,1.0526315789473684,146.14973870325653,1.087813921658532,85.6382596796697,85.6382596796697,85.63825967966969,85.63825967966969,-0.15984033412638587,0.15984033412638587,0.8767933111301024,0.5583654873916529,0.8980458499178758,True,FULL,FULL_exp_log_rank_5
185,0.13,1.5666666666666669,1.09,0.5446666666666667,0.5446666666666667,0.9576325699215577,3.191489361702127,1.5022992365882244,21.905585532286455,0.5446666666666667,1.0215213273967811,3.191489361702127,1.5661879940634478,20.954815627518595,0.06388875747522349,0.06388875747522349,0.06388875747522338,0.06388875747522338,-0.9507699047678599,0.9507699047678599,0.011265742999626842,0.007005809774955218,0.9957456571007495,True,FULL,FULL_exp_log_rank_5
186,0.28,2.1775,5.16,3.81425,3.81425,3.130431077528114,2.296211251435132,6.944681077528114,11.220553160809676,3.81425,1.641430559207977,2.296211251435132,5.455680559207977,12.691899398178789,-1.489000518320137,1.489000518320137,-1.489000518320137,1.489000518320137,1.4713462373691133,1.4713462373691133,0.2625568937309556,0.16652725768331375,0.8321626211972012,True,FULL,FULL_exp_log_rank_5
187,0.7,3.88,16.09,11.71,11.71,14.993697153202367,1.288659793814433,26.70369715320237,3.931657649182005,11.71,24.778102372440877,1.288659793814433,36.48810237244088,3.0917428863385203,9.78440521923851,9.78440521923851,9.784405219238508,9.784405219238508,-0.8399147628434847,0.8399147628434847,0.7526817767387793,0.5324066864343691,0.8848784309079991,True,FULL,FULL_exp_log_rank_5
188,1.1,2.06,0.64,0.593,0.593,1.513280437089641,2.4271844660194173,2.1062804370896413,3.268679989536249,0.593,1.8168098036400784,2.4271844660194173,2.4098098036400786,2.8205011724761015,0.3035293665504373,0.3035293665504373,0.3035293665504373,0.3035293665504373,-0.4481788170601475,0.4481788170601475,0.04659200878793363,0.03256447172626608,0.8414743691865627,True,FULL,FULL_exp_log_rank_5
189,3.11,3.85,4.79,4.4285,4.4285,105.61771145632456,1.2987012987012987,110.04621145632456,1.3813754414682702,4.4285,16.447397781419422,1.2987012987012987,20.87589778141942,1.39937238472613,-89.17031367490513,89.17031367490513,-89.17031367490513,89.17031367490513,0.01799694325785972,0.01799694325785972,0.9027534276060438,0.621374101704301,-0.049194384110881506,True,FULL,FULL_exp_log_rank_5
190,2.95,4.833333333333333,17.57,15.660000000000002,15.660000000000002,133.5433516563727,1.0344827586206895,149.2033516563727,1.194201194728314,15.660000000000002,87.58903655147166,1.0344827586206895,103.24903655147166,1.1159325747378928,-45.95431510490103,45.95431510490103,-45.95431510490103,45.95431510490103,-0.07826861999042123,0.07826861999042123,2.5839420702051803,1.950037318999776,0.37923817263501514,True,FULL,FULL_exp_log_rank_5
191,0.1,1.64,1.15,0.5823333333333333,0.5823333333333333,0.8468851223123651,3.048780487804878,1.4292184556456984,32.276683117014976,0.5823333333333333,0.849255410485784,3.048780487804878,1.4315887438191173,31.68003044395776,0.0023702881734188885,0.0023702881734188885,0.0023702881734188885,0.0023702881734188885,-0.5966526730572141,0.5966526730572141,0.0013713609170430895,0.0004894675866781096,0.9999365939983118,True,FULL,FULL_exp_log_rank_5
192,0.26,2.06,5.06,2.78625,2.78625,5.537602820988881,2.4271844660194173,8.323852820988881,9.67711986223781,2.78625,5.760460112910388,2.4271844660194173,8.546710112910388,8.973707964100326,0.22285729192150683,0.22285729192150683,0.22285729192150683,0.22285729192150683,-0.7034118981374835,0.7034118981374835,0.03798556143304156,0.020942343886148428,0.9977573929740287,True,FULL,FULL_exp_log_rank_5
193,0.48,3.91,15.79,12.4225,12.4225,7.40432598861948,1.278772378516624,19.82682598861948,7.151633571136485,12.4225,10.902427976174462,1.278772378516624,23.32492797617446,6.127607903182122,3.498101987554982,3.498101987554982,3.498101987554982,3.498101987554982,-1.024025667954363,1.024025667954363,0.5383309587491657,0.34417907762876626,0.9163986593181942,True,FULL,FULL_exp_log_rank_5
194,0.47,1.5599999999999998,0.9,0.6583333333333333,0.6583333333333333,2.1587521490528645,3.2051282051282053,2.8170854823861977,5.267358968714256,0.6583333333333333,1.3200949848160266,3.2051282051282053,1.97842831814936,5.021060334559444,-0.8386571642368379,0.8386571642368379,-0.8386571642368377,0.8386571642368377,-0.24629863415481257,0.24629863415481257,0.08749250099017872,0.06107705556466308,0.6292878761113719,True,FULL,FULL_exp_log_rank_5
195,0.49,2.1875,5.79,4.2505,4.2505,7.336962282580967,2.2857142857142856,11.587462282580969,5.320972461121309,4.2505,5.995499709750692,2.2857142857142856,10.245999709750691,4.960712150480011,-1.3414625728302756,1.3414625728302756,-1.3414625728302774,1.3414625728302774,-0.3602603106412987,0.3602603106412987,0.27167319630428693,0.1712640809303285,0.8968393563807819,True,FULL,FULL_exp_log_rank_5
196,1.09,3.86,17.51,14.9375,14.9375,16.553387035413166,1.2953367875647668,31.490887035413166,2.8169440230151195,14.9375,46.22740411869212,1.2953367875647668,61.16490411869212,1.907085699517843,29.674017083278954,29.674017083278954,29.674017083278954,29.674017083278954,-0.9098583234972766,0.9098583234972766,0.679722219522201,0.5545299297026279,0.9333882978036063,True,FULL,FULL_exp_log_rank_5
197,0.14,2.0725,0.99,0.65575,0.65575,0.5146811885872504,2.4125452352231607,1.1704311885872505,25.510159206488257,0.65575,0.216246558149591,2.4125452352231607,0.8719965581495911,30.492229746234063,-0.2984346304376594,0.2984346304376594,-0.2984346304376594,0.2984346304376594,4.982070539745806,4.982070539745806,0.06807591801685262,0.040521885537694216,0.6710953712356011,True,FULL,FULL_exp_log_rank_5
199,2.66,4.3725000000000005,17.29,16.490000000000002,16.490000000000002,37.39926722177272,1.1435105774728416,53.88926722177272,1.504191322919805,16.490000000000002,98.65051389155924,1.1435105774728416,115.14051389155924,1.2286023087111673,61.251246669786525,61.251246669786525,61.25124666978652,61.25124666978652,-0.2755890142086377,0.2755890142086377,1.1398806563927486,0.7831287009180956,0.8803277789933083,True,FULL,FULL_exp_log_rank_5
200,1.09,1.85,0.51,0.452,0.452,3.5013968656521643,2.702702702702702,3.953396865652164,3.161464776235545,0.452,2.568975773879719,2.702702702702702,3.020975773879719,2.923410148431536,-0.9324210917724454,0.9324210917724454,-0.9324210917724449,0.9324210917724449,-0.23805462780400877,0.23805462780400877,0.07231247612240824,0.05429488578363483,0.41237590982845373,True,FULL,FULL_exp_log_rank_5
201,4.54,28.00018033053748,3.73,3.372542584212134,3.372542584212134,0.9705608512144872,0.178570278511632,4.343103435426621,0.8969826858645201,3.372542584212134,3.2475005543004807,0.178570278511632,6.620043138512615,0.603777143594685,2.2769397030859935,2.2769397030859935,2.2769397030859935,2.2769397030859935,-0.2932055422698351,0.2932055422698351,0.28452599986005084,0.18803633086884694,0.6225997114988034,True,FULL,FULL_exp_log_rank_5
202,5.68,6.0,13.66,13.51,13.51,45.684267603740025,0.8333333333333334,59.19426760374002,0.9611956816495174,13.51,113.16387259647573,0.8333333333333334,126.67387259647572,0.8584081251989226,67.4796049927357,67.4796049927357,67.47960499273569,67.47960499273569,-0.10278755645059479,0.10278755645059479,0.7163554677130126,0.435989571348061,0.9122545409217545,True,FULL,FULL_exp_log_rank_5
203,8.16,15.0,0.64,0.4826666666666666,0.4826666666666666,11.163229285157737,0.3333333333333333,11.645895951824402,0.3680224492093827,0.4826666666666666,14.877966420045958,0.3333333333333333,15.360633086712625,0.3394880227583628,3.714737134888221,3.714737134888221,3.7147371348882228,3.7147371348882228,-0.02853442645101989,0.02853442645101989,0.16814174307886456,0.1284662567741529,-0.6591949539959938,True,FULL,FULL_exp_log_rank_5
204,9.63,15.0,1.15,0.9263333333333332,0.9263333333333332,31.67109901569681,0.3333333333333333,32.59743234903014,0.356302565715436,0.9263333333333332,41.44463189294521,0.3333333333333333,42.37096522627854,0.3366599562744173,9.7735328772484,9.7735328772484,9.7735328772484,9.7735328772484,-0.0196426094410187,0.0196426094410187,0.33701152782950833,0.2569542142315952,-0.8473760389050993,True,FULL,FULL_exp_log_rank_5
205,8.17,15.0,1.67,1.391,1.391,14.757831874738754,0.3333333333333333,16.148831874738754,0.3859250855203011,1.391,21.60598804298629,0.3333333333333333,22.996988042986292,0.3452802232370819,6.848156168247536,6.848156168247536,6.848156168247538,6.848156168247538,-0.040644862283219174,0.040644862283219174,0.29418671382256417,0.22076723082605546,0.09014891089582211,True,FULL,FULL_exp_log_rank_5
206,7.68,15.0,2.36,1.9943333333333333,1.9943333333333333,14.016889640854824,0.3333333333333333,16.011222974188158,0.404258783461519,1.9943333333333333,17.80217476108106,0.3333333333333333,19.796508094414392,0.3555672226923258,3.7852851202262343,3.7852851202262343,3.7852851202262343,3.7852851202262343,-0.048691560769193176,0.048691560769193176,0.3356156190279362,0.24730277977907528,0.3699744163182638,True,FULL,FULL_exp_log_rank_5
207,12.65,17.5,2.87,2.478,2.478,85.54466261294648,0.2857142857142857,88.02266261294648,0.3027127732951231,2.478,329.80294630191815,0.2857142857142857,332.28094630191816,0.2865319255183075,244.2582836889717,244.2582836889717,244.2582836889717,244.2582836889717,-0.01618084777681561,0.01618084777681561,0.7521947266907817,0.5443065460947243,-0.6272209117956478,True,FULL,FULL_exp_log_rank_5
209,0.55,3.75,0.015,0.014,0.014,0.0024195869070291,1.3333333333333333,0.0164195869070291,8.395940887010124,0.014,0.0321165026278688,1.3333333333333333,0.0461165026278688,3.97910932709648,0.029696915720839698,0.029696915720839698,0.0296969157208397,0.0296969157208397,-4.416831559913644,4.416831559913644,0.004013671780728279,0.0026602453593968377,-3.963555372773624,True,FULL,FULL_exp_log_rank_5
210,0.73,3.75,0.017,0.0155,0.0155,0.0049950016940742,1.3333333333333333,0.0204950016940742,5.436911505105911,0.0155,0.0239899946578728,1.3333333333333333,0.0394899946578728,3.226773055594392,0.0189949929637986,0.0189949929637986,0.0189949929637986,0.0189949929637986,-2.2101384495115193,2.2101384495115193,0.0017652452976084246,0.0012214077698223418,0.38518565138352023,True,FULL,FULL_exp_log_rank_5
211,0.73,3.75,0.031,0.0205,0.0205,0.0421170527109933,1.3333333333333333,0.0626170527109933,3.3538139443417307,0.0205,0.2009063478747975,1.3333333333333333,0.2214063478747975,2.067001480287772,0.1587892951638042,0.1587892951638042,0.1587892951638042,0.1587892951638042,-1.2868124640539587,1.2868124640539587,0.008558218044921295,0.006425654246982105,-2.355109718751487,True,FULL,FULL_exp_log_rank_5
212,0.56,4.25,0.032,0.0305,0.0305,0.0032729190185453,1.1764705882352942,0.0337729190185453,9.217143579218789,0.0305,0.1103379011591791,1.1764705882352942,0.1408379011591791,3.6187336707698736,0.1070649821406338,0.1070649821406338,0.1070649821406338,0.1070649821406338,-5.5984099084489145,5.5984099084489145,0.015801061327853333,0.010354229207119696,-17.11771366324808,True,FULL,FULL_exp_log_rank_5
213,0.61,4.25,0.036,0.032,0.032,0.0097117896904809,1.1764705882352942,0.0417117896904809,6.613265489413038,0.032,0.1423639229586175,1.1764705882352942,0.1743639229586175,3.094037974454984,0.1326521332681366,0.1326521332681366,0.1326521332681366,0.1326521332681366,-3.5192275149580543,3.5192275149580543,0.01733767291508925,0.011641474434060875,-15.305539511731425,True,FULL,FULL_exp_log_rank_5
214,0.8,4.25,0.041,0.0365,0.0365,0.0146135447707714,1.1764705882352942,0.0511135447707714,4.687843076991533,0.0365,0.1417842440568727,1.1764705882352942,0.1782842440568727,2.301749736179403,0.1271706992861013,0.1271706992861013,0.1271706992861013,0.1271706992861013,-2.3860933408121303,2.3860933408121303,0.010826285811337303,0.00770301911426308,-3.0774416727873213,True,FULL,FULL_exp_log_rank_5
215,0.85,4.25,0.053,0.0412499999999999,0.0412499999999999,0.0449535990108785,1.1764705882352942,0.0862035990108784,3.4008265344224067,0.0412499999999999,0.2510327551577548,1.1764705882352942,0.2922827551577547,1.9498478083257085,0.2060791561468763,0.2060791561468763,0.2060791561468763,0.2060791561468763,-1.4509787260966982,1.4509787260966982,0.012655644075934502,0.009370478129609068,-2.0329746645357893,True,FULL,FULL_exp_log_rank_5
216,1.18,4.75,0.072,0.06875,0.06875,0.0144953537063408,1.0526315789473684,0.0832453537063408,3.803418428356459,0.06875,0.1824107477716448,1.0526315789473684,0.2511607477716449,1.7586231777235188,0.16791539406530398,0.16791539406530398,0.1679153940653041,0.1679153940653041,-2.04479525063294,2.04479525063294,0.00889226390430799,0.006541831335499952,0.2707030107638533,True,FULL,FULL_exp_log_rank_5
217,1.07,4.75,0.082,0.07425,0.07425,0.0316745022212473,1.0526315789473684,0.1059245022212473,3.494012368300583,0.07425,0.236490784784885,1.0526315789473684,0.310740784784885,1.8190561793060105,0.2048162825636377,0.2048162825636377,0.20481628256363768,0.20481628256363768,-1.6749561889945725,1.6749561889945725,0.012251729097726358,0.008964490359083359,-0.1462064286403828,True,FULL,FULL_exp_log_rank_5
218,0.99,4.75,0.091,0.0815,0.0815,0.0350845623553453,1.0526315789473684,0.1165845623553453,3.740061038065954,0.0815,0.2573340848629112,1.0526315789473684,0.3388340848629113,1.9568539394565176,0.2222495225075659,0.2222495225075659,0.22224952250756597,0.22224952250756597,-1.7832070986094362,1.7832070986094362,0.01588553178011366,0.011465664266004833,-0.6569039099437968,True,FULL,FULL_exp_log_rank_5
219,1.33,4.75,0.123,0.109,0.109,0.0845437839006371,1.0526315789473684,0.1935437839006371,2.512415047002486,0.109,0.363246195143384,1.0526315789473684,0.472246195143384,1.532207290643808,0.2787024112427469,0.2787024112427469,0.2787024112427469,0.2787024112427469,-0.9802077563586782,0.9802077563586782,0.007689903371645281,0.006020886031155641,0.8272040337336963,True,FULL,FULL_exp_log_rank_5
220,0.57,3.0,0.057,0.045,0.045,0.0423378142666348,1.6666666666666667,0.0873378142666348,5.252909248352316,0.045,0.3442843469186153,1.6666666666666667,0.3892843469186153,2.779369520789721,0.3019465326519805,0.3019465326519805,0.3019465326519805,0.3019465326519805,-2.473539727562595,2.473539727562595,0.020684435397984584,0.015149153167196592,-6.3208231845528235,True,FULL,FULL_exp_log_rank_5
221,0.74,3.0,0.052,0.0426666666666666,0.0426666666666666,0.0483380999196384,1.6666666666666667,0.091004766586305,3.990648101805694,0.0426666666666666,0.3077458818019456,1.6666666666666667,0.3504125484686122,2.2441511103136937,0.25940778188230723,0.25940778188230723,0.2594077818823072,0.2594077818823072,-1.746496991492,1.746496991492,0.007497333222125661,0.00582216557622964,0.002294931465300576,True,FULL,FULL_exp_log_rank_5
222,1.17,3.75,0.042,0.037,0.037,0.0379972465016185,1.3333333333333333,0.0749972465016185,2.7555455668379523,0.037,0.1383864641006501,1.3333333333333333,0.1753864641006501,1.7853738923399292,0.10038921759903158,0.10038921759903158,0.10038921759903159,0.10038921759903159,-0.9701716744980231,0.9701716744980231,0.001627451561120166,0.0013575420459113828,0.9381259754642443,True,FULL,FULL_exp_log_rank_5
224,0.75,3.5,0.022,0.02125,0.02125,0.0026705992767688,1.4285714285714286,0.0239205992767688,6.637578410976577,0.02125,0.0451778839013665,1.4285714285714286,0.0664278839013665,2.8751629490633928,0.0425072846245977,0.0425072846245977,0.0425072846245977,0.0425072846245977,-3.762415461913184,3.762415461913184,0.0033204664880740714,0.0023447305884606016,-0.22809752261129757,True,FULL,FULL_exp_log_rank_5
225,1.15,3.5,0.021,0.02,0.02,0.0073958891535081,1.4285714285714286,0.0273958891535081,3.6113543932907137,0.02,0.0095312891646596,1.4285714285714286,0.0295312891646596,3.0799783889956185,0.0021354000111515007,0.0021354000111515007,0.002135400011151499,0.002135400011151499,-0.5313760042950952,0.5313760042950952,0.00033949130860949,0.00017300323258883602,0.9898530067313864,True,FULL,FULL_exp_log_rank_5
226,1.1,3.5,0.02,0.01925,0.01925,0.004956977641193,1.4285714285714286,0.024206977641193,4.054827267846036,0.01925,0.0076585431428981,1.4285714285714286,0.0269085431428981,3.3441789996110107,0.0027015655017050997,0.0027015655017050997,0.0027015655017051006,0.0027015655017051006,-0.7106482682350257,0.7106482682350257,0.00029656000902881694,0.00016864906429526444,0.991143317609281,True,FULL,FULL_exp_log_rank_5
228,0.7,3.0,0.059,0.0456666666666666,0.0456666666666666,0.0656740182268081,1.6666666666666667,0.1113406848934747,3.9285722676402535,0.0456666666666666,0.3839088879843039,1.6666666666666667,0.4295755546509705,2.2661916836637896,0.3182348697574958,0.3182348697574958,0.3182348697574958,0.3182348697574958,-1.6623805839764638,1.6623805839764638,0.009990285193184472,0.0077624036097133755,-0.3788325326347437,True,FULL,FULL_exp_log_rank_5
229,0.8,3.75,0.039,0.03775,0.03775,0.0044128695173391,1.3333333333333333,0.0421628695173391,6.31959788609588,0.03775,0.1202585531204679,1.3333333333333333,0.1580085531204679,2.4193723298229663,0.1158456836031288,0.1158456836031288,0.1158456836031288,0.1158456836031288,-3.900225556272914,3.900225556272914,0.008339956815014518,0.005958249713458045,-1.4800365011373073,True,FULL,FULL_exp_log_rank_5
230,1.1,3.75,0.031,0.03025,0.03025,0.004226216061608,1.3333333333333333,0.034476216061608,4.574641618565765,0.03025,0.0534363250075209,1.3333333333333333,0.0836863250075209,2.1938382179909897,0.0492101089459129,0.0492101089459129,0.049210108945912906,0.049210108945912906,-2.380803400574775,2.380803400574775,0.0020978032876653604,0.0016128550538525444,0.8018018139045381,True,FULL,FULL_exp_log_rank_5
234,0.99,3.0,0.523,0.4803333333333333,0.4803333333333333,0.3422582854093307,1.6666666666666667,0.822591618742664,3.6102895519762694,0.4803333333333333,0.7182082239083123,1.6666666666666667,1.1985415572416456,2.653810024024573,0.3759499384989816,0.3759499384989816,0.3759499384989816,0.3759499384989816,-0.9564795279516964,0.9564795279516964,0.012650452783324152,0.008978591800066424,0.9771417113954046,True,FULL,FULL_exp_log_rank_5
235,1.49,3.0,0.929,0.87,0.87,1.3911680147990315,1.6666666666666667,2.261168014799032,2.4688599946843404,0.87,1.8633177772984777,1.6666666666666667,2.7333177772984776,2.0689211582392533,0.4721497624994462,0.4721497624994462,0.47214976249944574,0.47214976249944574,-0.3999388364450871,0.3999388364450871,0.04940144446911987,0.03219531555664132,0.9137552402623687,True,FULL,FULL_exp_log_rank_5
236,2.48,3.5,1.278,1.2245,1.2245,4.974718816480315,1.4285714285714286,6.199218816480315,1.7047169871616714,1.2245,5.155974576605961,1.4285714285714286,6.380474576605961,1.5464688210979485,0.18125576012564615,0.18125576012564615,0.18125576012564615,0.18125576012564615,-0.15824816606372294,0.15824816606372294,0.10323080932972567,0.07210207549114628,0.8098688686038643,True,FULL,FULL_exp_log_rank_5
238,1.16,3.0,0.606,0.5299999999999999,0.5299999999999999,0.9995028593983644,1.6666666666666667,1.5295028593983642,2.6762963684092975,0.5299999999999999,1.0083352127360523,1.6666666666666667,1.5383352127360526,2.3135128796635116,0.008832353337687948,0.008832353337687948,0.008832353337688392,0.008832353337688392,-0.3627834887457859,0.3627834887457859,0.03575076353478601,0.02323068967577354,0.8735944119978215,True,FULL,FULL_exp_log_rank_5
239,2.0,3.5,0.785,0.745,0.745,1.4880839300345443,1.4285714285714286,2.2330839300345446,1.9471028822830023,0.745,2.047962554608624,1.4285714285714286,2.792962554608624,1.6582415526897871,0.5598786245740797,0.5598786245740797,0.5598786245740794,0.5598786245740794,-0.2888613295932152,0.2888613295932152,0.04778849369253362,0.03286177487939268,0.8949861599905751,True,FULL,FULL_exp_log_rank_5
240,1.84,3.0,1.067,0.9266666666666667,0.9266666666666667,11.34965538746409,1.6666666666666667,12.276322054130755,1.8769974838423913,0.9266666666666667,3.995002021189389,1.6666666666666667,4.921668687856055,1.8312062481954767,-7.3546533662747,7.3546533662747,-7.3546533662747,7.3546533662747,-0.04579123564691456,0.04579123564691456,0.19170098556578197,0.14636708019423944,0.0995718876000522,True,FULL,FULL_exp_log_rank_5
241,2.5,3.5,1.53,1.435,1.435,11.191062390354295,1.4285714285714286,12.626062390354296,1.6206039521105755,1.435,5.958924125614002,1.4285714285714286,7.393924125614002,1.5466438379663274,-5.232138264740293,5.232138264740293,-5.232138264740294,5.232138264740294,-0.07396011414424808,0.07396011414424808,0.18002576121026725,0.12855905098422313,0.5835897289713641,True,FULL,FULL_exp_log_rank_5
242,1.28,13.0,0.381,0.236,0.236,0.2798827945510767,0.3846153846153846,0.5158827945510767,2.332154177278262,0.236,0.6281300469054848,0.3846153846153846,0.8641300469054848,1.86883718556912,0.3482472523544081,0.3482472523544081,0.3482472523544081,0.3482472523544081,-0.463316991709142,0.463316991709142,0.06409839000004079,0.04032742286888708,-0.5299560284926834,True,FULL,FULL_exp_log_rank_5
243,1.94,13.0,1.479,1.139,1.139,0.9051763320711632,0.3846153846153846,2.0441763320711632,1.6142343389282214,1.139,0.205071986475561,0.3846153846153846,1.344071986475561,2.268494744645473,-0.7001043455956022,0.7001043455956022,-0.7001043455956022,0.7001043455956022,0.6542604057172514,0.6542604057172514,0.10810242724063321,0.06963826754214401,0.6638830751616651,True,FULL,FULL_exp_log_rank_5
244,2.29,13.0,30.401,2.493,2.493,191.4872115140508,0.3846153846153846,193.9802115140508,0.5794840127037909,2.493,62.17678595104231,0.3846153846153846,64.66978595104231,0.5846546000895214,-129.3104255630085,129.3104255630085,-129.3104255630085,129.3104255630085,0.005170587385730507,0.005170587385730507,9.39604428730982,6.787203865210214,0.02235118724051466,True,FULL,FULL_exp_log_rank_5
245,3.95,13.0,5.488,4.171,4.171,11.473466241634494,0.3846153846153846,15.644466241634497,0.6512771868667829,4.171,3.114232875757165,0.3846153846153846,7.285232875757165,0.7781801300871471,-8.35923336587733,8.35923336587733,-8.359233365877332,8.359233365877332,0.12690294322036422,0.12690294322036422,0.5858368417114327,0.42839007110020744,0.5396559898403186,True,FULL,FULL_exp_log_rank_5
246,0.34,13.0,0.306,0.104,0.104,0.238125551076079,0.3846153846153846,0.342125551076079,11.465962069935722,0.104,1.181881388778134,0.3846153846153846,1.2858813887781342,10.30313424464947,0.9437558377020551,0.9437558377020551,0.9437558377020552,0.9437558377020552,-1.1628278252862518,1.1628278252862518,0.2500711704122466,0.14225139262319564,-20.82458096691156,True,FULL,FULL_exp_log_rank_5
247,0.55,13.0,1.422,0.768,0.768,0.854926430267495,0.3846153846153846,1.622926430267495,6.829794290098721,0.768,1.1993846446619016,0.3846153846153846,1.9673846446619017,6.395540556407932,0.3444582143944066,0.3444582143944066,0.3444582143944066,0.3444582143944066,-0.434253733690789,0.434253733690789,0.08616179895576279,0.050009063118762,0.8035168738403367,True,FULL,FULL_exp_log_rank_5
248,1.07,13.0,2.417,1.547,1.547,1.4889207977309928,0.3846153846153846,3.0359207977309928,3.0462519251595546,1.547,0.8010306222681927,0.3846153846153846,2.3480306222681926,3.436347836260973,-0.6878901754628002,0.6878901754628002,-0.6878901754628002,0.6878901754628002,0.3900959111014184,0.3900959111014184,0.14787547455863106,0.08954412448703968,0.770451302736516,True,FULL,FULL_exp_log_rank_5
249,1.08,13.0,4.482,3.316,3.316,1.9761134955053168,0.3846153846153846,5.292113495505316,3.3738748448845737,3.316,2.211591922442107,0.3846153846153846,5.527591922442107,3.1922913935785973,0.23547842693679022,0.23547842693679022,0.23547842693679044,0.23547842693679044,-0.18158345130597642,0.18158345130597642,0.04512252139740858,0.027547781870378762,0.9919827526609514,True,FULL,FULL_exp_log_rank_5
250,0.1,15.0,0.367,0.136,0.136,0.2402542971419538,0.3333333333333333,0.3762542971419538,56.09759499434641,0.136,2.042586190445462,0.3333333333333333,2.178586190445462,51.3508685760491,1.8023318933035082,1.8023318933035082,1.8023318933035084,1.8023318933035084,-4.746726418297307,4.746726418297307,0.4912921805771692,0.2760374051643857,-74.00049048060791,True,FULL,FULL_exp_log_rank_5
251,0.67,15.0,1.297,0.843,0.843,0.5998183417647385,0.3333333333333333,1.4428183417647384,6.0080454699914485,0.843,0.5597430880947352,0.3333333333333333,1.4027430880947351,6.024643151842914,-0.04007525367000331,0.04007525367000331,-0.04007525367000331,0.04007525367000331,0.01659768185146593,0.01659768185146593,0.010279150106522687,0.005918247080496665,0.9953862890805739,True,FULL,FULL_exp_log_rank_5
252,0.78,15.0,3.232,2.23,2.23,1.3862854300913423,0.3333333333333333,3.6162854300913425,5.115435733153055,2.23,0.4237694152783868,0.3333333333333333,2.653769415278387,6.49195174171705,-0.9625160148129555,0.9625160148129555,-0.9625160148129557,0.9625160148129557,1.3765160085639945,1.3765160085639945,0.2329554994506255,0.13626330687235602,0.5852455717540388,True,FULL,FULL_exp_log_rank_5
254,0.42,15.0,0.464,0.223,0.223,0.286841251907236,0.3333333333333333,0.509841251907236,9.785018691865965,0.223,0.747960105936597,0.3333333333333333,0.970960105936597,8.729061694927006,0.46111885402936104,0.46111885402936104,0.46111885402936104,0.46111885402936104,-1.0559569969389582,1.0559569969389582,0.12151820135507385,0.06927212393278706,-2.2735582294619734,True,FULL,FULL_exp_log_rank_5
255,1.34,15.0,1.532,0.812,0.812,1.3202731944591186,0.3333333333333333,2.1322731944591187,2.118955632610797,0.812,0.9703614741959968,0.3333333333333333,1.7823614741959968,2.192949325488977,-0.3499117202631218,0.3499117202631218,-0.3499117202631219,0.3499117202631219,0.07399369287818036,0.07399369287818036,0.07384333354690195,0.04502706546510229,0.9008907072224015,True,FULL,FULL_exp_log_rank_5
256,1.56,15.0,2.845,1.821,1.821,2.049502462074934,0.3333333333333333,3.870502462074933,1.917214666999875,1.821,0.4942844654835199,0.3333333333333333,2.31528446548352,2.652830954388562,-1.555217996591414,1.555217996591414,-1.5552179965914132,1.5552179965914132,0.7356162873886871,0.7356162873886871,0.2983505236457611,0.18525263128420072,0.38260750444593183,True,FULL,FULL_exp_log_rank_5
257,1.9,15.0,4.37,3.015,3.015,3.1599174946212627,0.3333333333333333,6.174917494621263,1.5540138559861083,3.015,0.2133755939064259,0.3333333333333333,3.228375593906426,2.9021454203754553,-2.946541900714837,2.946541900714837,-2.946541900714837,2.946541900714837,1.348131564389347,1.348131564389347,0.5002253589988813,0.31490636242163966,0.2314904050605041,True,FULL,FULL_exp_log_rank_5
258,2.09,15.0,55.263,3.813,3.813,190.18212243089908,0.3333333333333333,193.99512243089907,0.7174733228095233,3.813,337.88917296175356,0.3333333333333333,341.70217296175355,0.6794150443892648,147.70705053085447,147.70705053085447,147.70705053085447,147.70705053085447,-0.03805827842025844,0.03805827842025844,15.979459109503741,11.067591741882136,0.12984140995569649,True,FULL,FULL_exp_log_rank_5
284,0.27,1.6652089623887931,2.655,1.3036485066778338,1.3036485066778338,4.61028992899217,3.002626164602998,5.913938435670004,7.913618795998358,1.3036485066778338,3.6431926949481994,3.002626164602998,4.946841201626033,7.551149713858709,-0.9670972340439707,0.9670972340439707,-0.9670972340439707,0.9670972340439707,-0.3624690821396497,0.3624690821396497,0.1705447077655739,0.1089351235471415,0.8758593297289624,True,FULL,FULL_exp_log_rank_5
285,0.5,3.083720300719987,2.417,0.6555920235894309,0.6555920235894309,7.127781251237852,1.621418128885619,7.783373274827283,3.420782268328867,0.6555920235894309,3.044636726012933,1.621418128885619,3.700228749602364,3.615057370494381,-4.0831445252249186,4.0831445252249186,-4.0831445252249186,4.0831445252249186,0.19427510216551402,0.19427510216551402,0.47205526864430897,0.3238536807473602,0.3788081604107678,True,FULL,FULL_exp_log_rank_5
286,0.88,5.4273477292671775,5.477,2.848434309388562,2.848434309388562,8.806082929225237,0.9212603005031926,11.6545172386138,2.5046228694450243,2.848434309388562,0.1085584066968072,0.9212603005031926,2.9569927160853693,6.9772992660163755,-8.69752452252843,8.69752452252843,-8.697524522528429,8.697524522528429,4.472676396571352,4.472676396571352,1.1373863343854371,0.757890173887996,-0.4125506562895318,True,FULL,FULL_exp_log_rank_5
287,0.29,1.7885577744175924,3.214,1.959240530267265,1.959240530267265,3.9894927128527247,2.7955484980786536,5.94873324311999,8.412171305906568,1.959240530267265,2.751219899776957,2.7955484980786536,4.710460430044222,8.473794363994056,-1.2382728130757679,1.2382728130757679,-1.2382728130757679,1.2382728130757679,0.06162305808748769,0.06162305808748769,0.19811146239139332,0.1286646693688849,0.8393805910497552,True,FULL,FULL_exp_log_rank_5
288,0.44,2.7136738646335887,3.179,1.959240530267265,1.959240530267265,3.8637545585443656,1.8425206010063853,5.822995088811631,5.589277438658442,1.959240530267265,0.6794351946834758,1.8425206010063853,2.638675724950741,8.364380454767437,-3.1843193638608898,3.1843193638608898,-3.1843193638608898,3.1843193638608898,2.7751030161089947,2.7751030161089947,0.4372961537997011,0.2913320524994127,0.18538718217790895,True,FULL,FULL_exp_log_rank_5
289,0.44,2.7136738646335887,5.856,2.848434309388562,2.848434309388562,10.290924987900752,1.8425206010063853,13.139359297289314,4.832563228905287,2.848434309388562,5.683527546003365,1.8425206010063853,8.531961855391927,5.06325144767559,-4.607397441897387,4.607397441897387,-4.607397441897387,4.607397441897387,0.230688218770303,0.230688218770303,0.6393808190041381,0.42637666907607247,0.6461370344505151,True,FULL,FULL_exp_log_rank_5
291,0.42,2.590325052604789,4.293,1.959240530267265,1.959240530267265,8.144262348078403,1.9302596772447849,10.103502878345669,4.906645401620717,1.959240530267265,3.733618836204754,1.9302596772447849,5.692859366472019,5.371356339922498,-4.410643511873649,4.410643511873649,-4.41064351187365,4.41064351187365,0.46471093830178045,0.46471093830178045,0.5819189138717291,0.39151730736581153,0.5003544688383377,True,FULL,FULL_exp_log_rank_5
292,0.27,1.6652089623887931,1.816,0.6555920235894309,0.6555920235894309,4.340373544875488,3.002626164602998,4.99596556846492,6.93036783035678,0.6555920235894309,3.369180942225833,3.002626164602998,4.024772965815264,6.54987771295869,-0.9711926026496553,0.9711926026496553,-0.9711926026496558,0.9711926026496558,-0.38049011739809036,0.38049011739809036,0.15808356946738386,0.10285007228334894,0.8429587335784499,True,FULL,FULL_exp_log_rank_5
293,0.55,3.392092330791986,3.752,1.3488617496840016,1.3488617496840016,8.999404803617814,1.4740164808051082,10.348266553301816,3.397073578572742,1.3488617496840016,2.8647031896359305,1.4740164808051082,4.213564939319932,3.9828250952751705,-6.134701613981884,6.134701613981884,-6.134701613981884,6.134701613981884,0.5857515167024285,0.5857515167024285,0.7404491481004014,0.5053512194793758,0.19624029528860165,True,FULL,FULL_exp_log_rank_5
295,1.2,7.400928721727968,0.0307,0.0217962758401608,0.0217962758401608,0.0268208917452208,0.6755908870356747,0.0486171675853816,2.3157906832156443,0.0217962758401608,0.0536450715727103,0.6755908870356747,0.0754413474128711,1.755494067706307,0.026824179827489497,0.026824179827489497,0.026824179827489504,0.026824179827489504,-0.5602966155093374,0.5602966155093374,0.0027215406688676502,0.0018886380826741325,0.575759918446662,True,FULL,FULL_exp_log_rank_5
296,2.0,12.334881202879949,0.131,0.0508579769603752,0.0508579769603752,0.2935284290129898,0.4053545322214048,0.344386405973365,0.9614433155844516,0.0508579769603752,0.8356716618910647,0.4053545322214048,0.8865296388514399,0.7269235138001336,0.5421432328780749,0.5421432328780749,0.5421432328780749,0.5421432328780749,-0.23451980178431797,0.23451980178431797,0.04194482177527029,0.030396979252422972,-1.2927417671622754,True,FULL,FULL_exp_log_rank_5
297,1.8,11.101393082591954,0.046,0.0145308505601072,0.0145308505601072,0.1222071066849876,0.4503939246904497,0.1367379572450948,0.9937795159488002,0.0145308505601072,0.1929848027251461,0.4503939246904497,0.2075156532852533,0.8310194456763796,0.07077769604015849,0.07077769604015849,0.07077769604015849,0.07077769604015849,-0.16276007027242057,0.16276007027242057,0.00428428323798483,0.0031910399381648237,0.8410669762644556,True,FULL,FULL_exp_log_rank_5
302,0.75,4.625580451079981,0.055,0.0153092991217785,0.0153092991217785,0.1595143577214117,1.080945419257079,0.1748236568431902,2.2969478423570417,0.0153092991217785,0.7865404765085157,1.080945419257079,0.8018497756302941,1.7458734400932758,0.627026118787104,0.627026118787104,0.6270261187871039,0.6270261187871039,-0.5510744022637659,0.5510744022637659,0.04623257931946979,0.03351534475123083,-10.721753413402626,True,FULL,FULL_exp_log_rank_5
303,0.91,5.612370947310377,0.041,0.0153092991217785,0.0153092991217785,0.0951653865132687,0.8908890818052851,0.1104746856350472,2.0818876302589207,0.0153092991217785,0.3830444899024515,0.8908890818052851,0.39835378902423,1.5237330378318394,0.28787910338918277,0.28787910338918277,0.2878791033891828,0.2878791033891828,-0.5581545924270812,0.5581545924270812,0.02226871831395654,0.016104198028603498,-5.328135169360819,True,FULL,FULL_exp_log_rank_5
304,1.87,11.533113924692753,0.046,0.0153092991217785,0.0153092991217785,0.1174680513670647,0.4335342590603259,0.1327773504888432,0.9728764088168116,0.0153092991217785,0.1728505686455397,0.4335342590603259,0.1881598677673182,0.819241585179561,0.055382517278474985,0.055382517278474985,0.055382517278474985,0.055382517278474985,-0.15363482363725056,0.15363482363725056,0.0031609886388021696,0.0023561944835077094,0.9094337528815842,True,FULL,FULL_exp_log_rank_5
305,2.17,13.383346105124744,0.042,0.0153092991217785,0.0153092991217785,0.0995579974430193,0.373598647208668,0.1148672965647978,0.8653228395367738,0.0153092991217785,0.0873386586068254,0.373598647208668,0.102647957728604,0.7974409103950388,-0.012219338836193902,0.012219338836193902,-0.012219338836193805,0.012219338836193805,-0.06788192914173496,0.06788192914173496,0.00271349116061911,0.0016919984959550159,0.9126529208542156,True,FULL,FULL_exp_log_rank_5
311,1.45,8.942788872087963,1.14,0.7935883525311068,0.7935883525311068,1.051107361858608,0.5591096996157306,1.844695714389715,1.879665749713435,0.7935883525311068,0.2187638788404008,0.5591096996157306,1.0123522313715076,2.702231277501008,-0.8323434830182072,0.8323434830182072,-0.8323434830182073,0.8323434830182073,0.8225655277875732,0.8225655277875732,0.11783265041984214,0.07783494746963339,0.43989816661212755,True,FULL,FULL_exp_log_rank_5
316,1.1,6.784184661583972,1.23,0.5909609098097346,0.5909609098097346,2.195000047586552,0.7370082404025541,2.7859609573962865,1.920963652491806,0.5909609098097346,0.9139959386574484,0.7370082404025541,1.5049568484671831,2.1735741005142204,-1.2810041089291033,1.2810041089291033,-1.2810041089291033,1.2810041089291033,0.2526104480224145,0.2526104480224145,0.16942085298448226,0.11397103228375594,0.44655181343965145,True,FULL,FULL_exp_log_rank_5
321,1.5,9.25116090215996,2.94,0.5553062574145964,0.5553062574145964,10.568278952724356,0.5404727096285398,11.123585210138952,1.04691166819964,0.5553062574145964,3.0156624080668024,0.5404727096285398,3.570968665481399,1.165403050132142,-7.552616544657553,7.552616544657553,-7.552616544657553,7.552616544657553,0.11849138193250197,0.11849138193250197,0.7849312825480158,0.5464672609207268,0.055641139922103844,True,FULL,FULL_exp_log_rank_5
323,1.7,10.484649022447956,7.35,2.2212250296583855,2.2212250296583855,20.160376750419932,0.4768876849663586,22.381601780078316,1.0379375597762583,2.2212250296583855,2.2358579637020704,0.4768876849663586,4.457082993360456,1.5916677652595297,-17.92451878671786,17.92451878671786,-17.92451878671786,17.92451878671786,0.5537302054832713,0.5537302054832713,2.0588043924907407,1.4157396777194606,-0.38597561096172117,True,FULL,FULL_exp_log_rank_5
327,0.1,0.6167440601439975,0.08,0.0796743371481683,0.0796743371481683,0.0008090983306987,8.107090644428094,0.080483435478867,77.68977402204777,0.0796743371481683,0.3498002758352796,8.107090644428094,0.4294746129834479,18.301572783233613,0.3489911775045809,0.3489911775045809,0.3489911775045809,0.3489911775045809,-59.38820123881416,59.38820123881416,0.03886024581343344,0.026396771892264605,-16.359675045441616,True,FULL,FULL_exp_log_rank_5
329,1.2,7.400928721727968,0.024,0.0202072594216368,0.0202072594216368,0.010665146237602,0.6755908870356747,0.0308724056592388,2.9023919692701785,0.0202072594216368,0.008940947397495,0.6755908870356747,0.0291482068191318,2.864056103521805,-0.0017241988401069993,0.0017241988401069993,-0.001724198840107001,0.001724198840107001,-0.03833586574837344,0.03833586574837344,0.0003661323454830382,0.00022302976317005628,0.9850872838755904,True,FULL,FULL_exp_log_rank_5
330,1.1,6.784184661583972,0.025,0.0202072594216368,0.0202072594216368,0.0137190748784508,0.7370082404025541,0.0339263343000876,2.9611290302817843,0.0202072594216368,0.023988459354302,0.7370082404025541,0.0441957187759388,2.3445631047357276,0.010269384475851202,0.010269384475851202,0.010269384475851198,0.010269384475851198,-0.6165659255460567,0.6165659255460567,0.0011382929932651626,0.0007665457290241978,0.8702482756328881,True,FULL,FULL_exp_log_rank_5
331,1.25,7.709300751799968,0.047,0.0398371685740841,0.0398371685740841,0.0200809505252075,0.6485672515542477,0.0599181190992916,2.820311710406355,0.0398371685740841,0.087606561680979,0.6485672515542477,0.1274437302550631,1.7361502900760766,0.06752561115577149,0.06752561115577149,0.06752561115577149,0.06752561115577149,-1.0841614203302783,1.0841614203302783,0.007803898485020205,0.00531672715716707,-0.7711880978043406,True,FULL,FULL_exp_log_rank_5
332,1.2,7.400928721727968,0.05,0.0398371685740841,0.0398371685740841,0.0292663957131568,0.6755908870356747,0.0691035642872409,2.6576864448773354,0.0398371685740841,0.1239013454238183,0.6755908870356747,0.1637385139979024,1.6540979553848052,0.0946349497106615,0.0946349497106615,0.0946349497106615,0.0946349497106615,-1.0035884894925302,1.0035884894925302,0.010363401227956986,0.007149595964419005,-1.6584903591988756,True,FULL,FULL_exp_log_rank_5
333,1.6,9.86790496230396,0.093,0.0796743371481683,0.0796743371481683,0.0371742575975103,0.5066931652767559,0.1168485947456786,2.2486028629786348,0.0796743371481683,0.1763016631508316,0.5066931652767559,0.2559760002989999,1.3541265986566096,0.1391274055533213,0.1391274055533213,0.13912740555332131,0.13912740555332131,-0.8944762643220252,0.8944762643220252,0.016150527576286322,0.010993970242088806,-0.9442701403304488,True,FULL,FULL_exp_log_rank_5
334,2.5,15.418601503599936,0.1,0.0796743371481683,0.0796743371481683,0.0585327914263222,0.3242836257771238,0.1382071285744905,1.275689493540873,0.0796743371481683,0.1988814243594651,0.3242836257771238,0.2785557615076334,0.8395431605097321,0.1403486329331429,0.1403486329331429,0.1403486329331429,0.1403486329331429,-0.4361463330311408,0.4361463330311408,0.015590089980664999,0.010709561128352401,-0.5040688498433188,True,FULL,FULL_exp_log_rank_5
335,1.8,11.101393082591954,0.233,0.1991858428704208,0.1991858428704208,0.0944249962521731,0.4503939246904497,0.2936108391225939,1.9904398436807709,0.1991858428704208,0.3128377687962779,0.4503939246904497,0.5120236116666987,1.3225494649833744,0.2184127725441048,0.2184127725441048,0.21841277254410485,0.21841277254410485,-0.6678903786973964,0.6678903786973964,0.025847276207604925,0.017436115708628467,0.20714608524215705,True,FULL,FULL_exp_log_rank_5
336,4.0,24.669762405759897,0.251,0.1991858428704208,0.1991858428704208,0.1494580982300445,0.2026772661107024,0.3486439411004653,0.792806515114832,0.1991858428704208,1.4582211674174768,0.2026772661107024,1.6574070102878975,0.412098243084428,1.3087630691874323,1.3087630691874323,1.3087630691874321,1.3087630691874321,-0.380708272030404,0.380708272030404,0.13117971847313412,0.09188353628834742,-15.84523876634334,True,FULL,FULL_exp_log_rank_5
337,1.13,6.96920787962717,0.045,0.0153092991217785,0.0153092991217785,0.1129415099906837,0.7174416499493891,0.1282508091124622,1.6219045254507285,0.0153092991217785,0.3592399608918537,0.7174416499493891,0.3745492600136322,1.2350825545171638,0.24629845090117003,0.24629845090117003,0.24629845090117,0.24629845090117,-0.38682197093356474,0.38682197093356474,0.018541049882561857,0.013458769812155153,-2.3222917988137945,True,FULL,FULL_exp_log_rank_5
338,1.74,10.731346646505555,0.033,0.0153092991217785,0.0153092991217785,0.0614267591501006,0.4659247496797756,0.0767360582718792,1.1936384711708052,0.0153092991217785,0.0485779303206563,0.4659247496797756,0.0638872294424349,1.1351432187745925,-0.012848828829444305,0.012848828829444305,-0.012848828829444298,0.012848828829444298,-0.05849525239621278,0.05849525239621278,0.002247502279029712,0.0014390853755325227,0.8710677996599685,True,FULL,FULL_exp_log_rank_5
339,2.13,13.136648481067144,0.035,0.0153092991217785,0.0153092991217785,0.0696089127687665,0.3806145842454505,0.084918211890545,0.9488333573269884,0.0153092991217785,0.0334210155421917,0.3806145842454505,0.0487303146639702,1.020866157389988,-0.036187897226574804,0.036187897226574804,-0.036187897226574804,0.036187897226574804,0.07203280006299961,0.07203280006299961,0.0047559089702181884,0.0032012106501613517,0.5247733995029402,True,FULL,FULL_exp_log_rank_5
341,1.13,6.96920787962717,0.055,0.0153092991217785,0.0153092991217785,0.1595143577209842,0.7174416499493891,0.1748236568427627,1.524522904222498,0.0153092991217785,0.5503022739302262,0.7174416499493891,0.5656115730520047,1.188151936880509,0.390787916209242,0.390787916209242,0.390787916209242,0.390787916209242,-0.336370967341989,0.336370967341989,0.02848289322574335,0.020710540462960784,-3.449021841261941,True,FULL,FULL_exp_log_rank_5
342,1.22,7.524277533756768,0.039,0.0153092991217785,0.0153092991217785,0.0864894320112215,0.6645156265924669,0.101798731133,1.5829859963913084,0.0153092991217785,0.2193659479538214,0.6645156265924669,0.2346752470755999,1.213262530246509,0.1328765159425999,0.1328765159425999,0.1328765159425999,0.1328765159425999,-0.36972346614479945,0.36972346614479945,0.01021782475261115,0.007414942643893594,-0.553903507438644,True,FULL,FULL_exp_log_rank_5
343,1.45,8.942788872087963,0.034,0.0153092991217785,0.0153092991217785,0.0654950286258003,0.5591096996157306,0.0808043277475788,1.4123161332544465,0.0153092991217785,0.0950263044894822,0.5591096996157306,0.1103356036112607,1.1733449354073455,0.0295312758636819,0.0295312758636819,0.0295312758636819,0.0295312758636819,-0.23897119784710097,0.23897119784710097,0.0019353463154660922,0.001408680318288026,0.9134409657025688,True,FULL,FULL_exp_log_rank_5
345,0.6,3.700464360863984,0.062,0.0153092991217785,0.0153092991217785,0.1936315334445874,1.3511817740713494,0.2089408325663659,2.78103428223211,0.0153092991217785,1.0574645152369997,1.3511817740713494,1.072773814358778,2.146810403025395,0.8638329817924123,0.8638329817924123,0.8638329817924121,0.8638329817924121,-0.634223879206715,0.634223879206715,0.06301957761752972,0.04568790972632758,-14.8069671515985,True,FULL,FULL_exp_log_rank_5
346,0.7,4.317208421007981,0.05,0.0153092991217785,0.0153092991217785,0.1358772828198478,1.1581558063468709,0.1511865819416263,2.530764500816095,0.0153092991217785,0.7189852135466696,1.1581558063468709,0.734294512668448,1.8813152751270716,0.5831079307268218,0.5831079307268218,0.5831079307268218,0.5831079307268218,-0.6494492256890232,0.6494492256890232,0.04355078168974298,0.031535887080273425,-12.544127225690739,True,FULL,FULL_exp_log_rank_5
347,0.9,5.550696541295977,0.034,0.0153092991217785,0.0153092991217785,0.0654950141480271,0.9007878493808994,0.0808043132698056,2.275398701589776,0.0153092991217785,0.2448193234976791,0.9007878493808994,0.2601286226194577,1.6209771993861772,0.179324309349652,0.179324309349652,0.1793243093496521,0.1793243093496521,-0.6544215022035988,0.6544215022035988,0.014608316020507028,0.010517175171947368,-3.9316851632911325,True,FULL,FULL_exp_log_rank_5
348,1.8,11.101393082591954,0.027,0.0153092991217785,0.0153092991217785,0.038082793731829,0.4503939246904497,0.0533920928536075,1.2897687725693818,0.0153092991217785,0.0069050323840105,0.4503939246904497,0.022214331505789,1.8989657251661511,-0.031177761347818498,0.031177761347818498,-0.031177761347818498,0.031177761347818498,0.6091969525967693,0.6091969525967693,0.004194844606455919,0.0028090804380765315,0.09427063648047962,True,FULL,FULL_exp_log_rank_5
349,1.13,6.96920787962717,0.043,0.0153092991217785,0.0153092991217785,0.1039855497101338,0.7174416499493891,0.1192948488319123,1.6477168177591195,0.0153092991217785,0.3217822409530611,0.7174416499493891,0.3370915400748396,1.2496840056508742,0.21779669124292733,0.21779669124292733,0.2177966912429273,0.2177966912429273,-0.39803281210824526,0.39803281210824526,0.016545692008746022,0.012003584411907069,-2.0263472613113636,True,FULL,FULL_exp_log_rank_5
350,1.37,8.449393623972766,0.041,0.0153092991217785,0.0153092991217785,0.0951653865075495,0.591758441199131,0.110474685629328,1.3828596668882291,0.0153092991217785,0.2084459146689894,0.591758441199131,0.2237552137907679,1.0880444265545068,0.11328052816143991,0.11328052816143991,0.11328052816143991,0.11328052816143991,-0.2948152403337223,0.2948152403337223,0.008392976054194335,0.006120065305867574,0.1010878061027084,True,FULL,FULL_exp_log_rank_5
351,1.67,10.299625804404757,0.032,0.0153092991217785,0.0153092991217785,0.057405854043788,0.4854545296064728,0.0727151531655665,1.2626030593869657,0.0153092991217785,0.0470173879800942,0.4854545296064728,0.0623266871018727,1.1922929505263,-0.0103884660636938,0.0103884660636938,-0.010388466063693792,0.010388466063693792,-0.07031010886066569,0.07031010886066569,0.001948447593741478,0.0012322645465978653,0.8924919117963508,True,FULL,FULL_exp_log_rank_5
353,0.9,5.550696541295977,0.037,0.0153092991217785,0.0153092991217785,0.0779670989319231,0.9007878493808994,0.0932763980537016,2.192227389199339,0.0153092991217785,0.3051489864113861,0.9007878493808994,0.3204582855331646,1.5783933447028735,0.227181887479463,0.227181887479463,0.227181887479463,0.227181887479463,-0.6138340444964654,0.6138340444964654,0.018036393645366758,0.013015165229266103,-4.714012630751339,True,FULL,FULL_exp_log_rank_5
354,1.05,6.475812631511974,0.032,0.0153092991217785,0.0153092991217785,0.0574058541682785,0.7721038708979138,0.0727151532900571,2.0081400996379837,0.0153092991217785,0.1556887867460152,0.7721038708979138,0.1709980858677937,1.4831480407370896,0.09828293257773668,0.09828293257773668,0.0982829325777366,0.0982829325777366,-0.5249920589008941,0.5249920589008941,0.008152020352967956,0.005864772170506844,-0.8818898105267836,True,FULL,FULL_exp_log_rank_5
355,1.15,7.09255669165597,0.028,0.0153092991217785,0.0153092991217785,0.0418356081862674,0.7049644038633127,0.0571449073080459,1.9734344433232216,0.0153092991217785,0.0758153844393692,0.7049644038633127,0.0911246835611477,1.549998907652693,0.03397977625310179,0.03397977625310179,0.03397977625310179,0.03397977625310179,-0.4234355356705286,0.4234355356705286,0.002850259367065323,0.002040647922402791,0.6331887820104358,True,FULL,FULL_exp_log_rank_5
356,1.4,8.634416842015963,0.024,0.0153092991217785,0.0153092991217785,0.0272042150777216,0.5790779031734354,0.0425135141995001,1.8037445140554815,0.0153092991217785,0.0124459504126632,0.5790779031734354,0.0277552495344418,2.0575532544186683,-0.0147582646650584,0.0147582646650584,-0.0147582646650583,0.0147582646650583,0.2538087403631868,0.2538087403631868,0.002124088032632847,0.0014077246693200442,0.6429524888460675,True,FULL,FULL_exp_log_rank_5
357,0.75,4.625580451079981,0.028,0.0153092991217785,0.0153092991217785,0.0418356081843982,1.080945419257079,0.0571449073061767,3.0259328132395527,0.0153092991217785,0.1884247652070464,1.080945419257079,0.2037340643288249,2.016413755326356,0.1465891570226482,0.1465891570226482,0.14658915702264821,0.14658915702264821,-1.0095190579131965,1.0095190579131965,0.012746315600766145,0.009106230284337836,-6.335727339417931,True,FULL,FULL_exp_log_rank_5
358,1.15,7.09255669165597,0.026,0.0153092991217785,0.0153092991217785,0.0343911653190034,0.7049644038633127,0.0497004644407819,2.0699745048837284,0.0153092991217785,0.053349955358314,0.7049644038633127,0.0686592544800926,1.67890656376526,0.0189587900393106,0.0189587900393106,0.018958790039310697,0.018958790039310697,-0.3910679411184683,0.3910679411184683,0.00156931294847737,0.0011120379783792161,0.8545938830386313,True,FULL,FULL_exp_log_rank_5
359,1.1,6.784184661583972,0.024,0.0153092991217785,0.0153092991217785,0.0272042141314279,0.7370082404025541,0.0425135132532064,2.2956749282231264,0.0153092991217785,0.0401658964083114,0.7370082404025541,0.0554751955300899,1.883613733210836,0.012961682276883497,0.012961682276883497,0.012961682276883497,0.012961682276883497,-0.4120611950122903,0.4120611950122903,0.001109772234236418,0.0007767433734435916,0.9025349971808002,True,FULL,FULL_exp_log_rank_5
360,1.2,7.400928721727968,0.022,0.0153092991217785,0.0153092991217785,0.0203041095024898,0.6755908870356747,0.0356134086242683,2.2704692840433656,0.0153092991217785,0.0140765842343326,0.6755908870356747,0.0293858833561111,2.3153749811384863,-0.006227525268157201,0.006227525268157201,-0.006227525268157202,0.006227525268157202,0.04490569709512071,0.04490569709512071,0.0010279724902739712,0.0006635420964128521,0.8856005857465742,True,FULL,FULL_exp_log_rank_5
