sample_id,u_peak,u_r,tau_peak,tau_r,true_a,true_b,true_c,true_d,true_e,estimated_a,estimated_b,estimated_c,estimated_d,estimated_e,error_b,abs_error_b,error_d,abs_error_d,error_e,abs_error_e,curve_rmse_tau_u,curve_mae_tau_u,curve_r2_tau_u,curve_valid,e_constraint_respected,d_positive,b_positive,dataset,model_name
7,0.72,2.75,0.044,0.03175,0.03175,0.0801325410005739,1.818181818181818,0.1118825410005739,3.441242286799551,0.03175,0.0569653364870464,1.818181818181818,0.0887153364870464,4.643062033055478,-0.023167204513527502,0.023167204513527502,-0.02316720451352751,0.02316720451352751,1.2018197462559268,1.2018197462559268,0.001600894598564,0.0009813417459865,0.9444209831601628,True,True,True,True,FULL,FULL_direct_exp_rank_4
8,0.92,3.0,0.035,0.02825,0.02825,0.0557241852265918,1.6666666666666667,0.0839741852265918,3.007954906577982,0.02825,0.0447826318829031,1.6666666666666667,0.0730326318829031,3.5012133902545552,-0.010941553343688702,0.010941553343688702,-0.010941553343688695,0.010941553343688695,0.49325848367657343,0.49325848367657343,0.0006417369645985,0.0003878886515927,0.986013318866191,True,True,True,True,FULL,FULL_direct_exp_rank_4
9,0.97,3.0,0.029,0.0255,0.0255,0.0288872445152351,1.6666666666666667,0.0543872445152351,3.290221199159674,0.0255,0.0297322730944351,1.6666666666666667,0.0552322730944351,3.2315152353767056,0.0008450285791999981,0.0008450285791999981,0.0008450285791999981,0.0008450285791999981,-0.05870596378296833,0.05870596378296833,5.726495337763001e-05,3.338193285118286e-05,0.9998428412662308,True,True,True,True,FULL,FULL_direct_exp_rank_4
11,0.78,3.5,0.05,0.0417499999999999,0.0417499999999999,0.0354980845491272,1.4285714285714286,0.0772480845491271,4.004659571873231,0.0417499999999999,0.0301067393483195,1.4285714285714286,0.0718567393483194,4.854349396836611,-0.005391345200807703,0.005391345200807703,-0.005391345200807696,0.005391345200807696,0.84968982496338,0.84968982496338,0.0009415591598249,0.0004864163566314,0.9816938136984804,True,True,True,True,FULL,FULL_direct_exp_rank_4
12,1.25,3.5,0.04,0.034,0.034,0.0670624339164287,1.4285714285714286,0.1010624339164287,2.366794324621144,0.034,0.0576350968498884,1.4285714285714286,0.0916350968498884,2.5753864972307836,-0.009427337066540302,0.009427337066540302,-0.009427337066540309,0.009427337066540309,0.2085921726096398,0.2085921726096398,0.0004259567096213,0.0002564472513472,0.9956622429824872,True,True,True,True,FULL,FULL_direct_exp_rank_4
13,1.8,4.0,0.035,0.033,0.033,0.0334302203204883,1.25,0.0664302203204883,2.0972939397426664,0.033,0.056891765669255,1.25,0.0898917656692551,1.7295696680529593,0.023461545348766703,0.023461545348766703,0.023461545348766794,0.023461545348766794,-0.3677242716897071,0.3677242716897071,0.0007681346685022,0.0004530743312747,0.9846642876491648,True,True,True,True,FULL,FULL_direct_exp_rank_4
15,1.64,10.5,4.17,3.725,3.725,1.1700588885069725,0.4761904761904761,4.895058888506973,2.4309486751406535,3.725,1.1065719949945616,0.4761904761904761,4.831571994994562,2.6581744278735036,-0.06348689351241088,0.06348689351241088,-0.06348689351241088,0.06348689351241088,0.22722575273285006,0.22722575273285006,0.0287219747506242,0.0116855327856048,0.9968443569188884,True,True,True,True,FULL,FULL_direct_exp_rank_4
16,1.61,10.5,13.41,12.8475,12.8475,1.3946189571869354,0.4761904761904761,14.242118957186936,3.178145408783804,12.8475,1.5131421580405997,0.4761904761904761,14.3606421580406,2.874185637571259,0.1185232008536643,0.1185232008536643,0.11852320085366408,0.11852320085366408,-0.3039597712125448,0.3039597712125448,0.0966053861926253,0.0337229314176974,0.9964869823652948,True,True,True,True,FULL,FULL_direct_exp_rank_4
17,2.76,10.5,3.72,3.5425,3.5425,0.8694826394566157,0.4761904761904761,4.411982639456616,1.5814976920825412,3.5425,0.8425109290149444,0.4761904761904761,4.385010929014944,1.6293867935544757,-0.026971710441671348,0.026971710441671348,-0.026971710441671348,0.026971710441671348,0.04788910147193448,0.04788910147193448,0.0104657870235769,0.0046004086825649,0.9996377233793104,True,True,True,True,FULL,FULL_direct_exp_rank_4
18,3.07,10.5,12.57,12.4375,12.4375,0.7124450836759753,0.4761904761904761,13.149945083675975,1.9539451798171723,12.4375,0.6800566323426764,0.4761904761904761,13.117556632342676,2.0382781734111917,-0.03238845133329882,0.03238845133329882,-0.03238845133329882,0.03238845133329882,0.08433299359401936,0.08433299359401936,0.0490105136147541,0.0186631342572667,0.9992991907499728,True,True,True,True,FULL,FULL_direct_exp_rank_4
19,1.55,12.0,1.02,0.8525,0.8525,0.3782821788444106,0.4166666666666667,1.2307821788444109,2.3791759662313843,0.8525,0.3711959752829241,0.4166666666666667,1.2236959752829242,2.4583559400264705,-0.007086203561486537,0.007086203561486537,-0.007086203561486704,0.007086203561486704,0.07917997379508623,0.07917997379508623,0.0024299155781773,0.0010773505001831,0.999582516371396,True,True,True,True,FULL,FULL_direct_exp_rank_4
20,1.71,12.0,2.57,1.7327500000000002,1.7327500000000002,2.210315622373947,0.4166666666666667,3.9430656223739473,1.6207235717983703,1.7327500000000002,1.8609071782609123,0.4166666666666667,3.593657178260913,2.2599525422766233,-0.34940844411303473,0.34940844411303473,-0.3494084441130343,0.3494084441130343,0.639228970478253,0.639228970478253,0.0740713675785328,0.0385377745667722,0.9557518706734178,True,True,True,True,FULL,FULL_direct_exp_rank_4
21,1.67,12.0,7.53,5.32,5.32,5.617172562155661,0.4166666666666667,10.93717256215566,1.7473164085592403,5.32,4.889170828556235,0.4166666666666667,10.209170828556235,2.2763919769875263,-0.7280017335994255,0.7280017335994255,-0.7280017335994238,0.7280017335994238,0.529075568428286,0.529075568428286,0.166238347382689,0.0845341738990368,0.9716662358927954,True,True,True,True,FULL,FULL_direct_exp_rank_4
22,1.67,12.0,19.67,18.994999999999997,18.994999999999997,1.5273740416856256,0.4166666666666667,20.522374041685623,3.2739688179792332,18.994999999999997,1.806963731417202,0.4166666666666667,20.8019637314172,2.707790444145114,0.2795896897315764,0.2795896897315764,0.2795896897315764,0.2795896897315764,-0.5661783738341191,0.5661783738341191,0.252398544013654,0.084158717208185,0.9880941688184952,True,True,True,True,FULL,FULL_direct_exp_rank_4
23,0.84,16.0,8.44,7.47,7.47,1.3255582927799532,0.3125,8.795558292779953,6.166176834932969,7.47,4.126314245534451,0.3125,11.596314245534453,1.976867885219068,2.800755952754498,2.800755952754498,2.8007559527545,2.8007559527545,-4.189308949713901,4.189308949713901,0.5850973712025912,0.3426872853615216,0.484033190254413,True,True,True,True,FULL,FULL_direct_exp_rank_4
24,1.81,16.0,7.62,7.29,7.29,0.6419185077225471,0.3125,7.931918507722547,3.0024433868829834,7.29,1.2931343043953865,0.3125,8.583134304395386,1.6877822651423875,0.6512157966728394,0.6512157966728394,0.6512157966728394,0.6512157966728394,-1.314661121740596,1.314661121740596,0.2698893719813389,0.1105082542454636,0.8983481261314529,True,True,True,True,FULL,FULL_direct_exp_rank_4
27,0.87,3.25,2.35,1.9075,1.9075,2.7034029995062916,1.5384615384615383,4.610902999506291,3.276941309100947,1.9075,2.0260865385249405,1.5384615384615383,3.93358653852494,4.356877472628993,-0.6773164609813511,0.6773164609813511,-0.6773164609813516,0.6773164609813516,1.0799361635280458,1.0799361635280458,0.0759206656395365,0.0418624405035602,0.952659791194304,True,True,True,True,FULL,FULL_direct_exp_rank_4
28,0.13,1.325,1.02,0.6675,0.6675,0.6738254010838505,3.7735849056603774,1.3413254010838505,23.891608655167115,0.6675,0.8605192563043844,3.7735849056603774,1.5280192563043844,16.696149201021903,0.18669385522053394,0.18669385522053394,0.18669385522053394,0.18669385522053394,-7.195459454145212,7.195459454145212,0.0292057566910655,0.0181537038845348,0.9509342636443766,True,True,True,True,FULL,FULL_direct_exp_rank_4
29,0.6,2.425,4.93,4.2975,4.2975,3.110870023650559,2.061855670103093,7.408370023650559,5.517814597970529,4.2975,3.1226430531464704,2.061855670103093,7.420143053146471,5.499528322760948,0.011773029495911302,0.011773029495911302,0.011773029495911302,0.011773029495911302,-0.01828627520958026,0.01828627520958026,0.001582170024899,0.0008568036637371,0.99999502901509,True,True,True,True,FULL,FULL_direct_exp_rank_4
30,2.17,3.85,16.37,14.955,14.955,60.674147880173095,1.2987012987012987,75.6291478801731,1.6284330431129306,14.955,47.28441290575393,1.2987012987012987,62.23941290575393,1.745815560999151,-13.389734974419163,13.389734974419163,-13.389734974419163,13.389734974419163,0.11738251788622045,0.11738251788622045,0.2056583843933057,0.1245200571688793,0.9953186160607176,True,True,True,True,FULL,FULL_direct_exp_rank_4
31,0.24,1.275,0.66,0.475,0.475,0.6758571313827281,3.9215686274509807,1.150857131382728,11.17767536247715,0.475,0.6975369925911835,3.9215686274509807,1.1725369925911835,10.830058530700676,0.021679861208455442,0.021679861208455442,0.021679861208455442,0.021679861208455442,-0.34761683177647384,0.34761683177647384,0.0020016504893071,0.00128070764446,0.9995345570070284,True,True,True,True,FULL,FULL_direct_exp_rank_4
32,0.3,2.175,4.71,4.1925,4.1925,1.211168346774408,2.298850574712644,5.403668346774408,13.642584509493682,4.1925,1.6257507810834744,2.298850574712644,5.818250781083474,9.903090316550331,0.4145824343090663,0.4145824343090663,0.4145824343090663,0.4145824343090663,-3.7394941929433507,3.7394941929433507,0.1076522112959732,0.0522780153571139,0.96232562450931,True,True,True,True,FULL,FULL_direct_exp_rank_4
33,2.26,4.125,16.14,11.3475,11.3475,422.7987490320256,1.2121212121212122,434.1462490320256,1.3091974223177918,11.3475,133.95389870014435,1.2121212121212122,145.30139870014435,1.60512165483608,-288.8448503318813,288.8448503318813,-288.8448503318813,288.8448503318813,0.29592423251828825,0.29592423251828825,1.190285399431244,0.7471474720969846,0.8933928039363227,True,True,True,True,FULL,FULL_direct_exp_rank_4
34,0.47,1.525,1.07,0.6975,0.6975,4.0455139668571585,3.278688524590164,4.743013966857158,4.812842755740618,0.6975,2.6460375412776944,3.278688524590164,3.343537541277694,6.055067922517777,-1.399476425579464,1.399476425579464,-1.399476425579464,1.399476425579464,1.2422251667771587,1.2422251667771587,0.0359308044309194,0.0246297984534893,0.9621072784908976,True,True,True,True,FULL,FULL_direct_exp_rank_4
35,0.47,2.2,4.91,4.25,4.25,2.5915991927768687,2.2727272727272725,6.841599192776869,7.213346651196478,4.25,2.7849554289108553,2.2727272727272725,7.034955428910855,6.733847337158872,0.19335623613398667,0.19335623613398667,0.19335623613398667,0.19335623613398667,-0.4794993140376054,0.4794993140376054,0.0302780350758281,0.016211431403573,0.997966810595136,True,True,True,True,FULL,FULL_direct_exp_rank_4
36,1.48,3.625,14.91,14.235,14.235,8.232456046268986,1.3793103448275863,22.467456046268985,2.7321098339023515,14.235,10.333558548027424,1.3793103448275863,24.568558548027426,2.4369741697431584,2.1011025017584384,2.1011025017584384,2.10110250175844,2.10110250175844,-0.2951356641591931,0.2951356641591931,0.1877682762987777,0.1022693223761196,0.9946884389087572,True,True,True,True,FULL,FULL_direct_exp_rank_4
37,0.11,1.325,0.89,0.5625,0.5625,0.5639971811696873,3.7735849056603774,1.1264971811696871,29.2958502513531,0.5625,0.7666491842437948,3.7735849056603774,1.3291491842437948,18.24160944891158,0.20265200307410747,0.20265200307410747,0.2026520030741077,0.2026520030741077,-11.054240802441523,11.054240802441523,0.0333684231566609,0.0208069715502191,0.9160416555083162,True,True,True,True,FULL,FULL_direct_exp_rank_4
38,0.26,2.175,5.3,4.1,4.1,2.5910971306331803,2.298850574712644,6.69109713063318,13.042743993933716,4.1,2.973085410166348,2.298850574712644,7.073085410166348,10.722088376972131,0.38198827953316794,0.38198827953316794,0.38198827953316794,0.38198827953316794,-2.3206556169615844,2.3206556169615844,0.0769894616023653,0.0421045828387007,0.9849026477321676,True,True,True,True,FULL,FULL_direct_exp_rank_4
39,0.54,3.35,15.9,14.4675,14.4675,3.852469877296928,1.4925373134328357,18.319969877296927,7.688914610134782,14.4675,5.2916060256896795,1.4925373134328357,19.75910602568968,5.6575739808650995,1.4391361483927514,1.4391361483927514,1.4391361483927518,1.4391361483927518,-2.0313406292696827,2.0313406292696827,0.3662917664723898,0.1764752557042179,0.96544532747077,True,True,True,True,FULL,FULL_direct_exp_rank_4
40,0.3,1.35,0.88,0.635,0.635,1.1651130574348498,3.7037037037037033,1.8001130574348498,8.547982610717572,0.635,1.0954963500900274,3.7037037037037033,1.7304963500900274,9.0192352217629,-0.06961670734482239,0.06961670734482239,-0.06961670734482239,0.06961670734482239,0.4712526110453279,0.4712526110453279,0.0049499696789415,0.003214767329256,0.998539731445268,True,True,True,True,FULL,FULL_direct_exp_rank_4
41,0.38,2.175,5.2,4.3975,4.3975,2.452688320111813,2.298850574712644,6.850188320111813,9.031706106944794,4.3975,2.7076442361960034,2.298850574712644,7.105144236196003,8.094889560399498,0.25495591608419055,0.25495591608419055,0.25495591608419055,0.25495591608419055,-0.9368165465452964,0.9368165465452964,0.0471423330220351,0.0249318179061008,0.994979029131714,True,True,True,True,FULL,FULL_direct_exp_rank_4
42,0.71,3.35,16.28,14.8375,14.8375,5.373344828404187,1.4925373134328357,20.210844828404188,5.457009220110153,14.8375,6.53413032495151,1.4925373134328357,21.37163032495151,4.5889069288914275,1.160785496547323,1.160785496547323,1.160785496547323,1.160785496547323,-0.868102291218726,0.868102291218726,0.240597817482473,0.1198573811060124,0.988288153660683,True,True,True,True,FULL,FULL_direct_exp_rank_4
43,0.88,1.475,0.58,0.535,0.535,2.3643732180319175,3.389830508474576,2.8993732180319176,4.157276354583812,0.535,4.723986469954309,3.389830508474576,5.258986469954309,3.748561694257973,2.359613251922392,2.359613251922392,2.359613251922392,2.359613251922392,-0.4087146603258387,0.4087146603258387,0.0102773657439761,0.0064313009343286,0.9909481350235316,True,True,True,True,FULL,FULL_direct_exp_rank_4
44,1.5,2.625,3.89,3.6325,3.6325,10.486129835864666,1.9047619047619049,14.118629835864668,2.474961892115721,3.6325,15.42902183290606,1.9047619047619049,19.06152183290606,2.2745903623224635,4.942891997041393,4.942891997041393,4.942891997041391,4.942891997041391,-0.20037152979325734,0.20037152979325734,0.0504182061152903,0.0309492576668651,0.9951422767065256,True,True,True,True,FULL,FULL_direct_exp_rank_4
45,2.87,4.1,13.67,13.42,13.42,16.705556614946417,1.2195121951219514,30.12555661494642,1.6634039681803665,13.42,33.38260773476487,1.2195121951219514,46.80260773476487,1.4365581512747223,16.67705111981845,16.67705111981845,16.67705111981845,16.67705111981845,-0.2268458169056442,0.2268458169056442,0.2575623117785019,0.1490568698080897,0.9902677194730708,True,True,True,True,FULL,FULL_direct_exp_rank_4
46,0.79,1.5,0.8,0.665,0.665,6.166849946093346,3.3333333333333335,6.831849946093346,3.9230290740544778,0.665,6.18070232546163,3.3333333333333335,6.84570232546163,3.9215100872092927,0.013852379368284318,0.013852379368284318,0.013852379368284318,0.013852379368284318,-0.001518986845185033,0.001518986845185033,6.432751123206965e-05,4.108523824031374e-05,0.9999998053962716,True,True,True,True,FULL,FULL_direct_exp_rank_4
47,0.6,2.175,5.04,4.655,4.655,2.141531174694559,2.298850574712644,6.796531174694559,6.310564627174357,4.655,2.827598800904169,2.298850574712644,7.482598800904169,5.218036531038985,0.6860676262096099,0.6860676262096099,0.6860676262096099,0.6860676262096099,-1.0925280961353723,1.0925280961353723,0.0897236895145923,0.0478731576056237,0.9860020159531228,True,True,True,True,FULL,FULL_direct_exp_rank_4
48,2.37,4.125,16.38,14.3675,14.3675,112.7264689844744,1.2121212121212122,127.0939689844744,1.4228254925840296,14.3675,65.33256666247186,1.2121212121212122,79.70006666247187,1.6280450141926532,-47.39390232200253,47.39390232200253,-47.39390232200253,47.39390232200253,0.20521952160862367,0.20521952160862367,0.5017847540239848,0.3068934397655675,0.972281532522446,True,True,True,True,FULL,FULL_direct_exp_rank_4
49,1.46,2.566666666666667,4.68,4.1066666666666665,4.1066666666666665,30.593215473314466,1.948051948051948,34.69988213998113,2.300589855794831,4.1066666666666665,29.035793281542244,1.948051948051948,33.14245994820891,2.3226058760454498,-1.557422191772222,1.557422191772222,-1.5574221917722184,1.5574221917722184,0.022016020250618773,0.022016020250618773,0.0092072854150081,0.0057602008031544,0.9998849653095824,True,True,True,True,FULL,FULL_direct_exp_rank_4
50,4.16,4.75,15.04,14.775,14.775,58.5314735148253,1.0526315789473684,73.3064735148253,1.2144266984360343,14.775,85.81247841699572,1.0526315789473684,100.58747841699572,1.1587882974130546,27.281004902170416,27.281004902170416,27.281004902170423,27.281004902170423,-0.05563840102297979,0.05563840102297979,0.1181596502498307,0.0648420097243672,0.9980672038755944,True,True,True,True,FULL,FULL_direct_exp_rank_4
51,1.26,1.85,0.94,0.785,0.785,27.151829140946248,2.702702702702702,27.936829140946248,2.8751003676389564,0.785,25.46953706265998,2.702702702702702,26.25453706265998,2.8875354520686214,-1.6822920782862667,1.6822920782862667,-1.6822920782862667,1.6822920782862667,0.012435084429665011,0.012435084429665011,0.0015113887665445,0.0009312244953298,0.9999419894286156,True,True,True,True,FULL,FULL_direct_exp_rank_4
52,3.13,4.466666666666667,15.58,14.793333333333337,14.793333333333337,75.02328336156236,1.1194029850746268,89.8166166948957,1.313812712287742,14.793333333333337,62.78515581296578,1.1194029850746268,77.57848914629912,1.3590940273053205,-12.23812754859658,12.23812754859658,-12.23812754859658,12.23812754859658,0.04528131501757837,0.04528131501757837,0.1041509853205691,0.0613024837961847,0.9986864796337483,True,True,True,True,FULL,FULL_direct_exp_rank_4
53,1.15,1.85,0.71,0.65,0.65,3.9933470021604136,2.702702702702702,4.6433470021604135,3.19021506632708,0.65,6.512127800308491,2.702702702702702,7.162127800308491,2.9862235504573102,2.5187807981480774,2.5187807981480774,2.518780798148078,2.518780798148078,-0.20399151586976982,0.20399151586976982,0.0091884690346036,0.0057666917113031,0.9952255201227416,True,True,True,True,FULL,FULL_direct_exp_rank_4
54,0.35,2.175,4.68,4.205,4.205,1.283914851902833,2.298850574712644,5.488914851902833,11.46515887900422,4.205,1.6662396773017818,2.298850574712644,5.871239677301782,8.795581858143949,0.38232482539894885,0.38232482539894885,0.38232482539894885,0.38232482539894885,-2.6695770208602703,2.6695770208602703,0.0941515704079733,0.0458960587282041,0.9736124083506448,True,True,True,True,FULL,FULL_direct_exp_rank_4
55,0.63,3.85,16.18,14.365,14.365,5.024596391351091,1.2987012987012987,19.38959639135109,6.152370825583352,14.365,5.8568433066146195,1.2987012987012987,20.22184330661462,5.189085799408076,0.8322469152635286,0.8322469152635286,0.8322469152635286,0.8322469152635286,-0.9632850261752761,0.9632850261752761,0.2139444582006443,0.1028117565674726,0.988732973357522,True,True,True,True,FULL,FULL_direct_exp_rank_4
56,0.45,1.5666666666666669,0.87,0.6366666666666667,0.6366666666666667,1.8543711063769357,3.191489361702127,2.4910377730436024,5.520751658815112,0.6366666666666667,1.475099661792016,3.191489361702127,2.1117663284586827,6.41965249649839,-0.3792714445849197,0.3792714445849197,-0.3792714445849197,0.3792714445849197,0.8989008376832777,0.8989008376832777,0.0162908679700758,0.0106487775368414,0.9858455710692924,True,True,True,True,FULL,FULL_direct_exp_rank_4
57,0.58,2.175,5.35,4.42,4.42,5.5363451785319135,2.298850574712644,9.956345178531912,5.059116621676996,4.42,5.1529149258526115,2.298850574712644,9.572914925852611,5.356696590197897,-0.3834302526793021,0.3834302526793021,-0.3834302526793003,0.3834302526793003,0.2975799685209015,0.2975799685209015,0.0323038586328437,0.0190280756593818,0.99833316006075,True,True,True,True,FULL,FULL_direct_exp_rank_4
58,0.94,3.875,16.28,13.935,13.935,11.349260923481204,1.2903225806451613,25.28426092348121,3.405427164282276,13.935,10.239418007420571,1.2903225806451613,24.174418007420577,3.768790684170756,-1.1098429160606322,1.1098429160606322,-1.1098429160606322,1.1098429160606322,0.3633635198884799,0.3633635198884799,0.1635080074014777,0.0869424431117181,0.995063634025432,True,True,True,True,FULL,FULL_direct_exp_rank_4
59,0.13,1.5666666666666669,0.97,0.8033333333333333,0.8033333333333333,0.2782264175865835,3.191489361702127,1.0815597509199169,31.910981063129015,0.8033333333333333,0.4591338752172077,3.191489361702127,1.262467208550541,17.108700120172625,0.1809074576306242,0.1809074576306242,0.1809074576306242,0.1809074576306242,-14.80228094295639,14.80228094295639,0.0386889417294792,0.0215838107361015,0.85497170483607,True,True,True,True,FULL,FULL_direct_exp_rank_4
60,2.38,2.85,5.22,4.84,4.84,137.35939252357494,1.7543859649122806,142.19939252357494,1.8523237169572588,4.84,212.8814990071084,1.7543859649122806,217.7214990071084,1.815708602095634,75.52210648353346,75.52210648353346,75.52210648353346,75.52210648353346,-0.03661511486162494,0.03661511486162494,0.0368026721779986,0.0209504229191603,0.9985513109948688,True,True,True,True,FULL,FULL_direct_exp_rank_4
61,2.68,4.125,16.95,15.5375,15.5375,116.71406105996982,1.2121212121212122,132.25156105996982,1.3981039630569712,15.5375,78.63856755498868,1.2121212121212122,94.17606755498868,1.5110801459654704,-38.07549350498114,38.07549350498114,-38.07549350498114,38.07549350498114,0.1129761829084992,0.1129761829084992,0.3019752638606428,0.1832943264345761,0.9908202302285964,True,True,True,True,FULL,FULL_direct_exp_rank_4
62,0.71,1.6,1.14,0.9133333333333334,0.9133333333333334,5.696830896813862,3.125,6.610164230147195,3.976020028848459,0.9133333333333334,4.816529577840281,3.125,5.729862911173614,4.1681067608394216,-0.8803013189735811,0.8803013189735811,-0.8803013189735811,0.8803013189735811,0.1920867319909627,0.1920867319909627,0.009233824532934,0.0059658565086297,0.9978291858257448,True,True,True,True,FULL,FULL_direct_exp_rank_4
63,0.76,2.2,5.03,4.68,4.68,3.0326428857358856,2.2727272727272725,7.712642885735885,4.87933520201715,4.68,4.2257606350760035,2.2727272727272725,8.905760635076003,4.078914493912756,1.193117749340118,1.193117749340118,1.193117749340118,1.193117749340118,-0.8004207081043937,0.8004207081043937,0.0921886187021556,0.0518233618818467,0.987341711959082,True,True,True,True,FULL,FULL_direct_exp_rank_4
64,2.73,4.125,15.88,13.97,13.97,220.02903798852773,1.2121212121212122,233.99903798852773,1.3339956390040135,13.97,117.36912035610445,1.2121212121212122,131.33912035610444,1.4691498793943805,-102.65991763242329,102.65991763242329,-102.65991763242329,102.65991763242329,0.13515424039036694,0.13515424039036694,0.456846227487738,0.2781923241102826,0.9770717279253504,True,True,True,True,FULL,FULL_direct_exp_rank_4
65,0.63,1.5666666666666669,1.42,0.9733333333333332,0.9733333333333332,10.644929502666052,3.191489361702127,11.618262835999383,3.927118476960182,0.9733333333333332,6.387351498299573,3.191489361702127,7.360684831632907,4.589083559891642,-4.257578004366479,4.257578004366479,-4.257578004366476,4.257578004366476,0.6619650829314598,0.6619650829314598,0.0421104097045238,0.0282762503796294,0.9741026344499378,True,True,True,True,FULL,FULL_direct_exp_rank_4
66,0.34,2.175,5.0,4.24,4.24,2.0482757543105174,2.298850574712644,6.288275754310518,10.49368724913285,4.24,2.3546120434453375,2.298850574712644,6.594612043445338,8.920918375391087,0.30633628913482003,0.30633628913482003,0.30633628913482003,0.30633628913482003,-1.5727688737417633,1.5727688737417633,0.0636364085612751,0.0329918056821556,0.9893399746387784,True,True,True,True,FULL,FULL_direct_exp_rank_4
67,3.13,4.533333333333333,14.91,14.596666666666666,14.596666666666666,20.35467702287054,1.1029411764705883,34.951343689537204,1.4882877719989878,14.596666666666666,29.64760936690854,1.1029411764705883,44.2442760335752,1.3605400431255228,9.292932344038,9.292932344038,9.292932344037993,9.292932344037993,-0.12774772887346497,0.12774772887346497,0.1814373841250554,0.105073762108815,0.9959450845886844,True,True,True,True,FULL,FULL_direct_exp_rank_4
68,0.49,1.5666666666666669,0.79,0.63,0.63,1.4068332196782207,3.191489361702127,2.0368332196782206,5.5461514668738845,0.63,1.2716805022373543,3.191489361702127,1.9016805022373544,5.888014133972923,-0.13515271744086643,0.13515271744086643,-0.1351527174408662,0.1351527174408662,0.3418626670990381,0.3418626670990381,0.0056802756455689,0.003612702142699,0.9978848261468412,True,True,True,True,FULL,FULL_direct_exp_rank_4
69,1.69,2.566666666666667,5.04,4.426666666666667,4.426666666666667,69.19774278410341,1.948051948051948,73.62440945077007,2.1459242646578933,4.426666666666667,67.65294943136756,1.948051948051948,72.07961609803422,2.1509817457114417,-1.5447933527358515,1.5447933527358515,-1.5447933527358515,1.5447933527358515,0.005057481053548418,0.005057481053548418,0.003308377683177,0.0020485233906708,0.9999880855652344,True,True,True,True,FULL,FULL_direct_exp_rank_4
70,3.12,4.466666666666667,16.37,15.163333333333334,15.163333333333334,137.96164146287623,1.1194029850746268,153.12497479620956,1.2614658876838951,15.163333333333334,87.91442096698444,1.1194029850746268,103.07775430031776,1.362685715368714,-50.04722049589179,50.04722049589179,-50.04722049589179,50.04722049589179,0.10121982768481885,0.10121982768481885,0.3097464124405427,0.1835397783196952,0.9893297350153036,True,True,True,True,FULL,FULL_direct_exp_rank_4
71,0.18,1.5666666666666669,0.87,0.6,0.6,0.5778652142592701,3.191489361702127,1.17786521425927,16.988625203858206,0.6,0.648852164670258,3.191489361702127,1.248852164670258,14.293787694653032,0.0709869504109879,0.0709869504109879,0.0709869504109879,0.0709869504109879,-2.6948375092051737,2.6948375092051737,0.0118768101265048,0.0070228371496872,0.9885611040049138,True,True,True,True,FULL,FULL_direct_exp_rank_4
72,0.42,2.175,5.1,3.8825,3.8825,4.482035276937978,2.298850574712644,8.364535276937978,6.759501195047857,3.8825,4.14252835465768,2.298850574712644,8.02502835465768,7.391536643531438,-0.33950692228029844,0.33950692228029844,-0.33950692228029844,0.33950692228029844,0.6320354484835811,0.6320354484835811,0.0431205224035222,0.0250108236792217,0.996193922106282,True,True,True,True,FULL,FULL_direct_exp_rank_4
73,1.09,3.85,15.19,13.3025,13.3025,11.821633061680007,1.2987012987012987,25.12413306168001,2.9737453064844868,13.3025,10.366679981118187,1.2987012987012987,23.669179981118187,3.327728809692652,-1.45495308056182,1.45495308056182,-1.4549530805618218,1.4549530805618218,0.3539835032081653,0.3539835032081653,0.1813769974466419,0.0974716770821795,0.9937273731806228,True,True,True,True,FULL,FULL_direct_exp_rank_4
74,0.47,1.5666666666666669,0.66,0.5066666666666667,0.5066666666666667,1.2794449424210406,3.191489361702127,1.7861116090877074,5.540134014051035,0.5066666666666667,1.0821454689026204,3.191489361702127,1.588812135569287,6.1531378604138585,-0.19729947351842014,0.19729947351842014,-0.19729947351842037,0.19729947351842037,0.6130038463628233,0.6130038463628233,0.0084523538883369,0.0054402670093701,0.9932728675742352,True,True,True,True,FULL,FULL_direct_exp_rank_4
75,0.57,2.175,4.24,4.0125,4.0125,1.1193350008113887,2.298850574712644,5.131835000811389,7.4273022742503985,4.0125,1.7296604298338574,2.298850574712644,5.7421604298338575,5.577150720139793,0.6103254290224687,0.6103254290224687,0.6103254290224687,0.6103254290224687,-1.8501515541106057,1.8501515541106057,0.1081090177029051,0.0545230803513176,0.9702287115628444,True,True,True,True,FULL,FULL_direct_exp_rank_4
76,4.13,4.7,14.9,13.285,13.285,1213.8760619263403,1.0638297872340423,1227.1610619263406,1.0940505167399543,13.285,468.21126103170025,1.0638297872340423,481.4962610317002,1.1498631842638076,-745.66480089464,745.66480089464,-745.6648008946404,745.6648008946404,0.05581266752385328,0.05581266752385328,0.4520001246443938,0.2518879881451073,0.9842371177519846,True,True,True,True,FULL,FULL_direct_exp_rank_4
77,0.18,1.5666666666666669,0.88,0.4966666666666666,0.4966666666666666,0.8494890683979475,3.191489361702127,1.346155735064614,14.732448429095294,0.4966666666666666,0.8661023732093083,3.191489361702127,1.3627690398759749,14.278538442818132,0.016613304811360807,0.016613304811360807,0.016613304811360807,0.016613304811360807,-0.4539099862771625,0.4539099862771625,0.0024173368712244,0.0015059326255135,0.9996747063286486,True,True,True,True,FULL,FULL_direct_exp_rank_4
78,1.25,2.566666666666667,4.37,3.77,3.77,17.6011784506471,1.948051948051948,21.3711784506471,2.4976694597033373,3.77,15.200923920627629,1.948051948051948,18.970923920627627,2.6044740625340164,-2.400254530019472,2.400254530019472,-2.400254530019474,2.400254530019474,0.10680460283067905,0.10680460283067905,0.0310417737694012,0.0192969820325901,0.9983708645491468,True,True,True,True,FULL,FULL_direct_exp_rank_4
79,3.62,4.5,14.62,13.843333333333334,13.843333333333334,173.78668847200146,1.1111111111111112,187.6300218053348,1.2115644521301927,13.843333333333334,136.47705292646947,1.1111111111111112,150.3203862598028,1.2433995211951658,-37.30963554553199,37.30963554553199,-37.30963554553199,37.30963554553199,0.03183506906497313,0.03183506906497313,0.1008283912847335,0.0573953153114739,0.9984899724625652,True,True,True,True,FULL,FULL_direct_exp_rank_4
80,0.11,1.5633333333333332,1.04,0.5006666666666667,0.5006666666666667,0.863642983300683,3.1982942430703627,1.3643096499673495,27.24084861115649,0.5006666666666667,1.0609599493757091,3.1982942430703627,1.561626616042376,18.372398914951148,0.19731696607502613,0.19731696607502613,0.19731696607502647,0.19731696607502647,-8.868449696205342,8.868449696205342,0.0342408910623506,0.0213427205654506,0.9570051578628948,True,True,True,True,FULL,FULL_direct_exp_rank_4
81,0.23,2.1775,4.79,3.54875,3.54875,2.4552355004571034,2.296211251435132,6.003985500457103,14.649101403235154,3.54875,2.8349052677031565,2.296211251435132,6.383655267703157,11.72397414536226,0.37966976724605317,0.37966976724605317,0.37966976724605317,0.37966976724605317,-2.9251272578728944,2.9251272578728944,0.077297359367293,0.0429056819463803,0.9813335064577668,True,True,True,True,FULL,FULL_direct_exp_rank_4
82,0.39,3.9275,14.13,12.93,12.93,2.178980729198466,1.273074474856779,15.108980729198466,12.268593789286898,12.93,3.654889476524555,1.273074474856779,16.584889476524555,7.139005418090469,1.475908747326089,1.475908747326089,1.4759087473260895,1.4759087473260895,-5.129588371196429,5.129588371196429,0.4644572893259699,0.2138559112710534,0.9060796158603563,True,True,True,True,FULL,FULL_direct_exp_rank_4
83,0.21,1.5566666666666666,0.75,0.4896666666666667,0.4896666666666667,0.6541837303857423,3.211991434689508,1.143850397052409,13.109251845364824,0.4896666666666667,0.6623074639833062,3.211991434689508,1.151974130649973,12.880062826508183,0.008123733597563909,0.008123733597563909,0.008123733597563909,0.008123733597563909,-0.22918901885664056,0.22918901885664056,0.0011517193079324,0.0007022398303361,0.9998778243811745,True,True,True,True,FULL,FULL_direct_exp_rank_4
84,1.52,2.19,4.53,3.98,3.98,84.48453784563569,2.2831050228310503,88.46453784563569,2.4678705594788535,3.98,94.87272552888358,2.2831050228310503,98.85272552888358,2.4458267492295955,10.388187683247892,10.388187683247892,10.388187683247892,10.388187683247892,-0.022043810249257945,0.022043810249257945,0.0126536138570309,0.00770875214027,0.9997900200281457,True,True,True,True,FULL,FULL_direct_exp_rank_4
85,0.46,3.86,15.2,13.9425,13.9425,2.582793456166362,1.2953367875647668,16.525293456166363,10.00333623780827,13.9425,3.972664988227161,1.2953367875647668,17.91516498822716,6.42670384454954,1.3898715320607988,1.3898715320607988,1.3898715320607984,1.3898715320607984,-3.5766323932587296,3.5766323932587296,0.4396527355082019,0.2004358382372704,0.934050084412842,True,True,True,True,FULL,FULL_direct_exp_rank_4
86,1.14,1.85,0.47,0.4455,0.4455,1.2635859558868447,2.702702702702702,1.7090859558868448,3.448989911906233,0.4455,2.994761426849214,2.702702702702702,3.4402614268492147,2.9965074869650103,1.7311754709623695,1.7311754709623695,1.73117547096237,1.73117547096237,-0.4524824249412225,0.4524824249412225,0.0100660474697319,0.0062360508695057,0.9873075715986628,True,True,True,True,FULL,FULL_direct_exp_rank_4
87,1.53,2.29,3.84,3.5879999999999996,3.5879999999999996,21.229112109709114,2.1834061135371177,24.817112109709115,2.5522940611621228,3.5879999999999996,37.88742312475528,2.1834061135371177,41.47542312475528,2.3785045345144473,16.658311015046166,16.658311015046166,16.658311015046166,16.658311015046166,-0.17378952664767544,0.17378952664767544,0.0523561536888951,0.0319753202550308,0.994591084988317,True,True,True,True,FULL,FULL_direct_exp_rank_4
89,0.31,1.5733333333333333,0.64,0.434,0.434,0.831446191232911,3.1779661016949152,1.265446191232911,8.046929532076042,0.434,0.7210838558033634,3.1779661016949152,1.1550838558033634,9.371176043539943,-0.11036233542954754,0.11036233542954754,-0.11036233542954754,0.11036233542954754,1.324246511463901,1.324246511463901,0.010062540014585,0.0063667700158349,0.9887738613002338,True,True,True,True,FULL,FULL_direct_exp_rank_4
90,0.44,2.0033333333333334,4.09,3.8813333333333335,3.8813333333333335,0.7845727106922662,2.4958402662229617,4.6659060440256,10.177837650659969,3.8813333333333335,1.3426046306565085,2.4958402662229617,5.223937963989842,7.009694981067355,0.5580319199642423,0.5580319199642423,0.5580319199642423,0.5580319199642423,-3.168142669592614,3.168142669592614,0.1252627464069562,0.0606864762407776,0.9509525275332592,True,True,True,True,FULL,FULL_direct_exp_rank_4
91,2.56,4.125,14.35,13.695,13.695,33.24347166872315,1.2121212121212122,46.93847166872315,1.5724619149710894,13.695,35.45072981433685,1.2121212121212122,49.14572981433685,1.5467398130128815,2.2072581456137,2.2072581456137,2.2072581456137,2.2072581456137,-0.0257221019582079,0.0257221019582079,0.0376448060075281,0.0227464694741094,0.999811904124304,True,True,True,True,FULL,FULL_direct_exp_rank_4
92,0.1,1.5666666666666669,0.84,0.5786666666666667,0.5786666666666667,0.3913124802400913,3.191489361702127,0.969979146906758,37.39184550372476,0.5786666666666667,0.5960216221616443,3.191489361702127,1.174688288828311,19.222193679834263,0.20470914192155304,0.20470914192155304,0.20470914192155298,0.20470914192155298,-18.169651823890497,18.169651823890497,0.0395889972484999,0.0237331036188868,0.8312547162184629,True,True,True,True,FULL,FULL_direct_exp_rank_4
93,0.29,2.175,4.72,4.314,4.314,0.9127902034753363,2.298850574712644,5.226790203475336,15.255568277966066,4.314,1.373760608700863,2.298850574712644,5.687760608700863,10.153740210603347,0.46097040522552657,0.46097040522552657,0.46097040522552657,0.46097040522552657,-5.101828067362719,5.101828067362719,0.1322049100179531,0.0620733425992466,0.9421761788362634,True,True,True,True,FULL,FULL_direct_exp_rank_4
94,2.24,4.125,16.29,15.185,15.185,36.934910613682646,1.2121212121212122,52.11991061368265,1.6343524111032697,15.185,31.010528356188686,1.2121212121212122,46.19552835618869,1.7350707940701189,-5.92438225749396,5.92438225749396,-5.92438225749396,5.92438225749396,0.10071838296684921,0.10071838296684921,0.1528352507903824,0.0905513698940002,0.9974010207878988,True,True,True,True,FULL,FULL_direct_exp_rank_4
95,0.15,1.5666666666666669,1.04,0.515,0.515,1.0180921290257392,3.191489361702127,1.533092129025739,17.824332391452327,0.515,1.0880534314316934,3.191489361702127,1.6030534314316935,15.8323391181737,0.06996130240595422,0.06996130240595422,0.06996130240595444,0.06996130240595444,-1.9919932732786272,1.9919932732786272,0.0107760572119947,0.0067807050981806,0.9959880967412637,True,True,True,True,FULL,FULL_direct_exp_rank_4
96,0.32,2.225,5.75,4.01075,4.01075,4.5926707536336835,2.2471910112359548,8.603420753633683,8.90252129065327,4.01075,4.493106684879528,2.2471910112359548,8.503856684879528,9.186221326097789,-0.09956406875415524,0.09956406875415524,-0.09956406875415524,0.09956406875415524,0.28370003544451805,0.28370003544451805,0.0154923823303038,0.0090215036788299,0.9995933482828744,True,True,True,True,FULL,FULL_direct_exp_rank_4
97,0.98,3.925,16.9,13.655,13.655,17.423005323734152,1.2738853503184715,31.07800532373415,2.9328424113361327,13.655,14.240018824687498,1.2738853503184715,27.895018824687497,3.5726663188402825,-3.1829864990466543,3.1829864990466543,-3.1829864990466525,3.1829864990466525,0.6398239075041499,0.6398239075041499,0.3560471775230683,0.2000077134958882,0.9789930224953745,True,True,True,True,FULL,FULL_direct_exp_rank_4
98,0.12,1.5666666666666669,1.33,0.569,0.569,1.2856106349233354,3.191489361702127,1.854610634923335,23.13000566043724,0.569,1.4834039100192804,3.191489361702127,2.0524039100192804,17.530048266658714,0.19779327509594502,0.19779327509594502,0.19779327509594524,0.19779327509594524,-5.599957393778528,5.599957393778528,0.0324766567821479,0.0204452858223773,0.9804186050488528,True,True,True,True,FULL,FULL_direct_exp_rank_4
99,0.38,2.1775,5.29,3.8055,3.8055,4.8847712477868654,2.296211251435132,8.690271247786866,7.231167894086396,3.8055,4.4885559844471565,2.296211251435132,8.294055984447157,8.037181426383302,-0.3962152633397089,0.3962152633397089,-0.3962152633397089,0.3962152633397089,0.8060135322969062,0.8060135322969062,0.0520380506089799,0.0306285013965474,0.994891413387537,True,True,True,True,FULL,FULL_direct_exp_rank_4
100,1.12,3.865,15.69,14.2025,14.2025,9.330787016774106,1.2936610608020698,23.533287016774107,3.133851414322128,14.2025,8.86146082456165,1.2936610608020698,23.06396082456165,3.267964409886042,-0.4693261922124563,0.4693261922124563,-0.4693261922124563,0.4693261922124563,0.13411299556391398,0.13411299556391398,0.0676652760515876,0.0353181945802232,0.9992019082092202,True,True,True,True,FULL,FULL_direct_exp_rank_4
101,0.11,1.5599999999999998,1.19,0.5136666666666666,0.5136666666666666,1.0901897584596147,3.2051282051282053,1.6038564251262817,26.190812099681132,0.5136666666666666,1.309509954718988,3.2051282051282053,1.8231766213856544,18.279629317969547,0.21932019625937316,0.21932019625937316,0.2193201962593727,0.2193201962593727,-7.9111827817115845,7.9111827817115845,0.0372163175898805,0.0233785194068301,0.9666574217646816,True,True,True,True,FULL,FULL_direct_exp_rank_4
102,0.33,2.175,5.38,4.15275,4.15275,3.3230952595070686,2.298850574712644,7.475845259507069,9.464816530487427,4.15275,3.446595615203374,2.298850574712644,7.599345615203374,9.023719206076692,0.12350035569630524,0.12350035569630524,0.12350035569630524,0.12350035569630524,-0.4410973244107357,0.4410973244107357,0.0212222737980593,0.0117949634671521,0.999027993710922,True,True,True,True,FULL,FULL_direct_exp_rank_4
103,0.94,4.6125,15.17,14.2325,14.2325,3.230539541690666,1.0840108401084012,17.463039541690666,4.61254903129243,14.2325,3.578844217465763,1.0840108401084012,17.811344217465763,4.167368176424398,0.34830467577509694,0.34830467577509694,0.34830467577509694,0.34830467577509694,-0.44518085486803205,0.44518085486803205,0.1285883087719473,0.0558407484397217,0.9960391278182243,True,True,True,True,FULL,FULL_direct_exp_rank_4
104,0.46,1.61,0.57,0.4153333333333333,0.4153333333333333,1.2195408766373736,3.105590062111801,1.634874209970707,5.380408458094788,0.4153333333333333,0.9496606567637864,3.105590062111801,1.3649939900971195,6.3685556097545994,-0.26988021987358723,0.26988021987358723,-0.26988021987358746,0.26988021987358746,0.9881471516598115,0.9881471516598115,0.0119763289389898,0.0077951152366846,0.9822012206509274,True,True,True,True,FULL,FULL_direct_exp_rank_4
105,0.38,2.1725,3.22,2.8175,2.8175,1.2095551373508462,2.3014959723820483,4.027055137350846,9.674876431868377,2.8175,1.3680401048725592,2.3014959723820483,4.185540104872559,8.461178545971825,0.15848496752171304,0.15848496752171304,0.15848496752171304,0.15848496752171304,-1.2136978858965524,1.2136978858965524,0.0349275817762566,0.0174932757628029,0.9927637870988586,True,True,True,True,FULL,FULL_direct_exp_rank_4
106,6.69,7.0,11.06,11.03,11.03,6.769176332863529,0.7142857142857143,17.799176332863528,0.9707346090728766,11.03,27.027141351218816,0.7142857142857143,38.05714135121882,0.7866070555313012,20.257965018355286,20.257965018355286,20.25796501835529,20.25796501835529,-0.1841275535415754,0.1841275535415754,0.2432623679798246,0.1266625146862807,0.9851984832172822,True,True,True,True,FULL,FULL_direct_exp_rank_4
107,0.15,1.5566666666666666,0.88,0.5103333333333334,0.5103333333333334,0.7081291518031402,3.211991434689508,1.2184624851364736,19.26598627033951,0.5103333333333334,0.7928210723162549,3.211991434689508,1.3031544056495885,15.898330437976458,0.0846919205131147,0.0846919205131147,0.08469192051311492,0.08469192051311492,-3.3676558323630523,3.3676558323630523,0.0138357862079464,0.0085090837727989,0.9880336619367618,True,True,True,True,FULL,FULL_direct_exp_rank_4
108,0.24,2.175,5.1,3.69825,3.69825,2.8769666070220197,2.298850574712644,6.5752166070220195,13.53664985652516,3.69825,3.2282786652636553,2.298850574712644,6.926528665263655,11.321361886904748,0.3513120582416356,0.3513120582416356,0.3513120582416356,0.3513120582416356,-2.2152879696204124,2.2152879696204124,0.0680938507520835,0.0383066504069923,0.987887593477203,True,True,True,True,FULL,FULL_direct_exp_rank_4
109,0.47,3.8575,14.84,13.285,13.285,3.275885261750222,1.2961762799740766,16.560885261750222,9.133208341560495,13.285,4.489406594556257,1.2961762799740766,17.774406594556257,6.379777015016029,1.2135213328060352,1.2135213328060352,1.2135213328060352,1.2135213328060352,-2.753431326544466,2.753431326544466,0.3583554415105176,0.1678331649755599,0.954619486483206,True,True,True,True,FULL,FULL_direct_exp_rank_4
110,0.15,2.1675,1.23,0.6225,0.6225,0.9619833022068238,2.306805074971165,1.584483302206824,20.507804388385548,0.6225,1.0709425966580748,2.306805074971165,1.6934425966580748,16.15080499848328,0.10895929445125097,0.10895929445125097,0.10895929445125074,0.10895929445125074,-4.356999389902267,4.356999389902267,0.0218762629942297,0.0129161643238176,0.986395912762567,True,True,True,True,FULL,FULL_direct_exp_rank_4
111,0.25,2.165,6.22,4.547499999999999,4.547499999999999,3.553532108811563,2.3094688221709005,8.101032108811562,12.896286747191096,4.547499999999999,4.033850382428801,2.3094688221709005,8.5813503824288,10.695357279337372,0.4803182736172378,0.4803182736172378,0.4803182736172378,0.4803182736172378,-2.200929467853724,2.200929467853724,0.0884868001045598,0.0503731914404236,0.9863718181004284,True,True,True,True,FULL,FULL_direct_exp_rank_4
112,0.46,4.1075,18.37,16.2525,16.2525,4.204330792736471,1.217285453438831,20.456830792736472,9.296747223836368,16.2525,6.272043032925843,1.217285453438831,22.524543032925845,5.94028328939749,2.0677122401893726,2.0677122401893726,2.0677122401893726,2.0677122401893726,-3.356463934438878,3.356463934438878,0.5404521703906059,0.2669216471243663,0.9294170201224368,True,True,True,True,FULL,FULL_direct_exp_rank_4
113,0.21,1.5599999999999998,0.72,0.5333333333333333,0.5333333333333333,0.4530839141628877,3.2051282051282053,0.9864172474962212,14.758619332850811,0.5333333333333333,0.5007881747320965,3.2051282051282053,1.0341215080654298,12.90500261336514,0.04770426056920879,0.04770426056920879,0.04770426056920862,0.04770426056920862,-1.8536167194856716,1.8536167194856716,0.0077851340747593,0.0045149719731865,0.9925808222838296,True,True,True,True,FULL,FULL_direct_exp_rank_4
114,0.46,2.215,4.54,3.755,3.755,3.0550946555112306,2.2573363431151243,6.8100946555112305,6.812602552841997,3.755,3.0035527709793044,2.2573363431151243,6.758552770979304,6.934123636726109,-0.05154188453192621,0.05154188453192621,-0.05154188453192621,0.05154188453192621,0.12152108388411165,0.12152108388411165,0.0074061160301991,0.0040830153237616,0.999856427157971,True,True,True,True,FULL,FULL_direct_exp_rank_4
115,3.02,4.84,14.29,13.226666666666668,13.226666666666668,67.62238227774218,1.0330578512396695,80.84904894440885,1.2379494369579531,13.226666666666668,44.841810672264195,1.0330578512396695,58.06847733893086,1.3735702108780048,-22.78057160547798,22.78057160547798,-22.780571605477988,22.780571605477988,0.13562077392005167,0.13562077392005167,0.3071338062221104,0.186661984740016,0.9869262657789823,True,True,True,True,FULL,FULL_direct_exp_rank_4
116,0.1,1.5533333333333337,1.16,0.5640000000000001,0.5640000000000001,0.912890584776652,3.218884120171673,1.476890584776652,31.1344826944979,0.5640000000000001,1.1822669779139536,3.218884120171673,1.7462669779139537,19.011660866349928,0.26937639313730166,0.26937639313730166,0.26937639313730166,0.26937639313730166,-12.122821828147973,12.122821828147973,0.0477263595327755,0.0296501877744723,0.9300902546223444,True,True,True,True,FULL,FULL_direct_exp_rank_4
117,0.28,2.16,4.98,3.80875,3.80875,2.7207253448886286,2.314814814814815,6.5294753448886285,11.627647012732409,3.80875,2.970217528082329,2.314814814814815,6.778967528082329,10.27000132318814,0.24949218319370026,0.24949218319370026,0.24949218319370026,0.24949218319370026,-1.3576456895442686,1.3576456895442686,0.0477909053073992,0.0263047670413137,0.9937781730284452,True,True,True,True,FULL,FULL_direct_exp_rank_4
118,0.84,3.88,14.83,12.9825,12.9825,7.331910697776193,1.288659793814433,20.314410697776193,4.123242699657944,12.9825,7.123753773537997,1.288659793814433,20.106253773537997,4.250824774078329,-0.20815692423819598,0.20815692423819598,-0.20815692423819598,0.20815692423819598,0.12758207442038483,0.12758207442038483,0.0411860778860419,0.0207387444035373,0.9995913253247792,True,True,True,True,FULL,FULL_direct_exp_rank_4
119,0.05,1.5533333333333337,1.06,0.4603333333333333,0.4603333333333333,0.7347138188950575,3.218884120171673,1.1950471522283908,76.69251608229672,0.4603333333333333,1.383717414195789,3.218884120171673,1.8440507475291223,23.190927441380644,0.6490035953007316,0.6490035953007316,0.6490035953007316,0.6490035953007316,-53.501588640916076,53.501588640916076,0.1286237942909632,0.0789296182425756,0.3966412582283032,True,True,True,True,FULL,FULL_direct_exp_rank_4
120,0.24,2.1675,5.34,3.634,3.634,3.551284821064535,2.306805074971165,7.185284821064535,12.76758648025316,3.634,3.848010554844772,2.306805074971165,7.482010554844772,11.223360893662218,0.2967257337802369,0.2967257337802369,0.2967257337802369,0.2967257337802369,-1.544225586590942,1.544225586590942,0.0534949355013832,0.0309666038934163,0.9938789595946405,True,True,True,True,FULL,FULL_direct_exp_rank_4
121,0.58,3.8475,15.72,12.52,12.52,8.509190021060213,1.299545159194282,21.029190021060213,5.626700720273117,12.52,8.752027463033205,1.299545159194282,21.272027463033204,5.417476793983945,0.24283744197299129,0.24283744197299129,0.24283744197299129,0.24283744197299129,-0.2092239262891722,0.2092239262891722,0.0481097593096092,0.0254948625374032,0.9993941071076904,True,True,True,True,FULL,FULL_direct_exp_rank_4
122,0.16,1.7866666666666664,1.46,0.5153333333333333,0.5153333333333333,1.791622665699797,2.7985074626865676,2.3069559990331303,15.27471027903135,0.5153333333333333,1.7868973423830503,2.7985074626865676,2.302230675716384,15.35684693557678,-0.004725323316746577,0.004725323316746577,-0.004725323316746355,0.004725323316746355,0.08213665654542979,0.08213665654542979,0.0007292646898257,0.0004618994977527,0.999993754569903,True,True,True,True,FULL,FULL_direct_exp_rank_4
123,0.34,2.19,5.86,3.70375,3.70375,6.4076526447249105,2.2831050228310503,10.11140264472491,7.4904783908875965,3.70375,5.763236034085267,2.2831050228310503,9.466986034085268,8.676094442866303,-0.6444166106396434,0.6444166106396434,-0.6444166106396416,0.6444166106396416,1.1856160519787062,1.1856160519787062,0.0813701602580777,0.0499006003467991,0.9911611131336916,True,True,True,True,FULL,FULL_direct_exp_rank_4
124,0.72,3.9025,15.23,13.1975,13.1975,6.547895084347095,1.2812299807815504,19.745395084347095,4.922489465268678,13.1975,6.713828851422312,1.2812299807815504,19.91132885142231,4.7821441604478645,0.16593376707521656,0.16593376707521656,0.16593376707521656,0.16593376707521656,-0.14034530482081387,0.14034530482081387,0.0371663474990215,0.0184338446704432,0.9996473708320152,True,True,True,True,FULL,FULL_direct_exp_rank_4
125,0.13,1.5766666666666669,0.83,0.5316666666666667,0.5316666666666667,0.5110542316499418,3.1712473572938684,1.0427208983166083,25.070549134255213,0.5316666666666667,0.6402980065079089,3.1712473572938684,1.1719646731745756,17.1770217202151,0.12924377485796712,0.12924377485796712,0.12924377485796734,0.12924377485796734,-7.893527414040111,7.893527414040111,0.023518572055557,0.0141475406413477,0.9507183751814706,True,True,True,True,FULL,FULL_direct_exp_rank_4
126,0.33,2.195,4.91,4.2615,4.2615,1.6629195649406574,2.277904328018223,5.924419564940657,11.444353107108954,4.2615,2.0174208988491147,2.277904328018223,6.2789208988491145,9.18716282592205,0.3545013339084573,0.3545013339084573,0.3545013339084573,0.3545013339084573,-2.2571902811869045,2.2571902811869045,0.0815992502519678,0.0410127835794371,0.9812259541998736,True,True,True,True,FULL,FULL_direct_exp_rank_4
127,2.99,4.513333333333333,16.39,14.923333333333332,14.923333333333332,140.10135047238424,1.1078286558345645,155.0246838057176,1.2549920885699382,14.923333333333332,80.69324288871091,1.1078286558345645,95.61657622204424,1.395699974532542,-59.40810758367333,59.40810758367333,-59.40810758367334,59.40810758367334,0.14070788596260386,0.14070788596260386,0.4379870832257272,0.2638733205359752,0.9792371094153236,True,True,True,True,FULL,FULL_direct_exp_rank_4
128,0.22,1.5666666666666669,1.38,0.6789999999999999,0.6789999999999999,1.9691572578488556,3.191489361702127,2.6481572578488555,10.298464829923804,0.6789999999999999,1.7447399119306222,3.191489361702127,2.423739911930622,12.253734346151523,-0.22441734591823348,0.22441734591823348,-0.22441734591823348,0.22441734591823348,1.9552695162277196,1.9552695162277196,0.0244691685175179,0.0160789270715185,0.9899574718509546,True,True,True,True,FULL,FULL_direct_exp_rank_4
129,0.39,2.18,6.11,4.593,4.593,5.057943521426855,2.293577981651376,9.650943521426855,7.34235077378404,4.593,4.843384029416553,2.293577981651376,9.436384029416551,7.729511736860182,-0.21455949201030222,0.21455949201030222,-0.214559492010304,0.214559492010304,0.3871609630761421,0.3871609630761421,0.0287071304215256,0.0167055636977693,0.9987859837191874,True,True,True,True,FULL,FULL_direct_exp_rank_4
130,2.78,4.13,17.18,15.5675,15.5675,173.2142161184181,1.2106537530266344,188.7817161184181,1.354578535378103,15.5675,104.4647140195999,1.2106537530266344,120.03221401959988,1.4736416975006217,-68.74950209881821,68.74950209881821,-68.74950209881823,68.74950209881823,0.11906316212251866,0.11906316212251866,0.380658810049176,0.229373808714027,0.9857294220085628,True,True,True,True,FULL,FULL_direct_exp_rank_4
131,0.3,1.57,0.69,0.4403333333333333,0.4403333333333333,0.989606450202688,3.184713375796178,1.4299397835360212,7.9675990689291964,0.4403333333333333,0.8326513520423657,3.184713375796178,1.272984685375699,9.639587219263216,-0.15695509816032227,0.15695509816032227,-0.15695509816032227,0.15695509816032227,1.6719881503340197,1.6719881503340197,0.0138518347480402,0.0089147600798797,0.9830487683098184,True,True,True,True,FULL,FULL_direct_exp_rank_4
132,0.38,2.2025,4.61,3.49275,3.49275,3.5417527605950667,2.270147559591374,7.034502760595067,7.697329513236288,3.49275,3.3644123044755982,2.270147559591374,6.857162304475598,8.21163522298114,-0.17734045611946847,0.17734045611946847,-0.17734045611946847,0.17734045611946847,0.5143057097448525,0.5143057097448525,0.0266680321023308,0.0150964100318555,0.9981026325944348,True,True,True,True,FULL,FULL_direct_exp_rank_4
133,0.58,3.89,14.25,12.71,12.71,3.870375185655917,1.2853470437017995,16.580375185655917,6.937928600833182,12.71,4.586002031209727,1.2853470437017995,17.296002031209728,5.694770766676022,0.71562684555381,0.71562684555381,0.7156268455538104,0.7156268455538104,-1.2431578341571594,1.2431578341571594,0.2087013457542235,0.0970135108053903,0.9852865716472212,True,True,True,True,FULL,FULL_direct_exp_rank_4
134,0.29,1.5933333333333335,0.81,0.6846666666666668,0.6846666666666668,0.4027161872827163,3.1380753138075312,1.087382853949383,11.679447292728767,0.6846666666666668,0.4693520558086754,3.1380753138075312,1.1540187224753422,9.99530534736369,0.0666358685259591,0.0666358685259591,0.06663586852595915,0.06663586852595915,-1.6841419453650772,1.6841419453650772,0.0105800424489002,0.005817532871587,0.9898615099735448,True,True,True,True,FULL,FULL_direct_exp_rank_4
135,0.42,2.1925,4.74,4.255,4.255,1.6007301765706998,2.280501710376283,5.8557301765707,9.079561652406012,4.255,1.952160034575769,2.280501710376283,6.207160034575769,7.516920701961038,0.3514298580050692,0.3514298580050692,0.3514298580050692,0.3514298580050692,-1.5626409504449743,1.5626409504449743,0.0736789136420148,0.0369993398468646,0.9860488013971318,True,True,True,True,FULL,FULL_direct_exp_rank_4
136,2.48,4.18,15.4,14.19,14.19,62.34454554337887,1.1961722488038278,76.53454554337887,1.469660738779334,14.19,46.767759773785784,1.1961722488038278,60.95775977378578,1.5845758216135786,-15.576785769593087,15.576785769593087,-15.576785769593087,15.576785769593087,0.11491508283424468,0.11491508283424468,0.2201191601204842,0.1335374791854168,0.9940934060408668,True,True,True,True,FULL,FULL_direct_exp_rank_4
137,1.18,1.85,0.63,0.575,0.575,4.239497230710774,2.702702702702702,4.814497230710774,3.1309195303367727,0.575,6.846332514640005,2.702702702702702,7.421332514640005,2.9548318778579254,2.6068352839292306,2.6068352839292306,2.6068352839292306,2.6068352839292306,-0.17608765247884728,0.17608765247884728,0.0076081598494114,0.0047501589847319,0.9958131584398382,True,True,True,True,FULL,FULL_direct_exp_rank_4
138,0.99,2.6033333333333335,4.93,4.496666666666667,4.496666666666667,4.9592094785200045,1.9206145966709345,9.455876145186672,3.460965956174455,4.496666666666667,5.491469607974534,1.9206145966709345,9.9881362746412,3.28392404400367,0.5322601294545297,0.5322601294545297,0.5322601294545279,0.5322601294545279,-0.17704191217078513,0.17704191217078513,0.029708446506993,0.0171771929519754,0.998697525023518,True,True,True,True,FULL,FULL_direct_exp_rank_4
139,1.92,4.2125,17.14,16.56,16.56,9.158812659704571,1.1869436201780414,25.71881265970457,2.22655990128023,16.56,10.798349236144013,1.1869436201780414,27.35834923614401,2.0583761895936123,1.6395365764394416,1.6395365764394416,1.6395365764394398,1.6395365764394398,-0.1681837116866176,0.1681837116866176,0.155608735542125,0.084487178397316,0.99742620187064,True,True,True,True,FULL,FULL_direct_exp_rank_4
140,0.42,1.7400000000000002,0.83,0.4525,0.4525,2.5886372580129136,2.8735632183908044,3.0411372580129137,4.84879553279124,0.4525,1.5897203276538083,2.8735632183908044,2.0422203276538085,7.229959687896105,-0.9989169303591052,0.9989169303591052,-0.9989169303591052,0.9989169303591052,2.381164155104865,2.381164155104865,0.0449367656559219,0.0308355319069569,0.9129176057348464,True,True,True,True,FULL,FULL_direct_exp_rank_4
141,1.23,2.5733333333333337,4.22,4.026666666666666,4.026666666666666,3.714553371745124,1.94300518134715,7.74122003841179,3.22230726876678,4.026666666666666,6.515661972734345,1.94300518134715,10.542328639401012,2.652310201238367,2.801108600989221,2.801108600989221,2.801108600989221,2.801108600989221,-0.5699970675284134,0.5699970675284134,0.0945580499123472,0.0552633529900855,0.9846649243960875,True,True,True,True,FULL,FULL_direct_exp_rank_4
142,1.79,4.84,15.01,14.9025,14.9025,0.8901040923931092,1.0330578512396695,15.792604092393107,3.4546415460563873,14.9025,2.161139716496862,1.0330578512396695,17.063639716496862,2.399674537180961,1.271035624103753,1.271035624103753,1.2710356241037548,1.2710356241037548,-1.0549670088754262,1.0549670088754262,0.5419592181260717,0.2478069827456821,0.948173818717728,True,True,True,True,FULL,FULL_direct_exp_rank_4
143,0.33,1.5733333333333333,0.58,0.4766666666666666,0.4766666666666666,0.4098600862261488,3.1779661016949152,0.8865267528928155,9.368454028225154,0.4766666666666666,0.4352479584796786,3.1779661016949152,0.9119146251463452,8.849275047771055,0.025387872253529842,0.025387872253529842,0.025387872253529786,0.025387872253529786,-0.5191789804540985,0.5191789804540985,0.003042001670968,0.0017572661894001,0.9985296226958646,True,True,True,True,FULL,FULL_direct_exp_rank_4
144,0.43,2.1725,4.53,3.8975,3.8975,2.2412867147074325,2.3014959723820483,6.138786714707432,7.955893974394428,3.8975,2.4243899721125857,2.3014959723820483,6.321889972112586,7.344874992880605,0.1831032574051532,0.1831032574051532,0.1831032574051532,0.1831032574051532,-0.6110189815138227,0.6110189815138227,0.0314378380058728,0.016646003199381,0.9972861690190536,True,True,True,True,FULL,FULL_direct_exp_rank_4
145,3.33,4.496666666666667,14.77,14.159999999999998,14.159999999999998,71.68575820940592,1.111934766493699,85.84575820940591,1.2931877819034847,14.159999999999998,68.77174021241834,1.111934766493699,82.93174021241833,1.302061257182197,-2.9140179969875817,2.9140179969875817,-2.9140179969875817,2.9140179969875817,0.008873475278712295,0.008873475278712295,0.0194747839139862,0.0112814918605587,0.9999479080090076,True,True,True,True,FULL,FULL_direct_exp_rank_4
146,0.13,1.5599999999999998,0.68,0.5633333333333334,0.5633333333333334,0.1951982739754749,3.2051282051282053,0.7585316073088083,31.88575510060682,0.5633333333333334,0.3191923687577066,3.2051282051282053,0.88252570209104,17.246706616516338,0.12399409478223172,0.12399409478223172,0.12399409478223167,0.12399409478223167,-14.63904848409048,14.63904848409048,0.0267057823914648,0.0148455318983715,0.859595493096259,True,True,True,True,FULL,FULL_direct_exp_rank_4
147,1.84,3.1775,4.39,3.69,3.69,48.191526905344915,1.5735641227380015,51.88152690534491,1.779339325853626,3.69,32.40009706033305,1.5735641227380015,36.09009706033305,1.9015628731945915,-15.791429845011862,15.791429845011862,-15.791429845011862,15.791429845011862,0.12222354734096541,0.12222354734096541,0.0747180497114165,0.0468782186327171,0.991881584232728,True,True,True,True,FULL,FULL_direct_exp_rank_4
148,2.23,4.3774999999999995,15.49,14.875,14.875,14.10295307840756,1.142204454597373,28.97795307840756,1.8301286904573817,14.875,14.93595592177774,1.142204454597373,29.81095592177774,1.7867252835857554,0.8330028433701795,0.8330028433701795,0.8330028433701813,0.8330028433701813,-0.04340340687162625,0.04340340687162625,0.0474062445140818,0.026859424749548,0.9997245549407584,True,True,True,True,FULL,FULL_direct_exp_rank_4
149,0.18,1.5599999999999998,0.96,0.5433333333333333,0.5433333333333333,0.9264981470545324,3.2051282051282053,1.4698314803878656,14.731251978605432,0.5433333333333333,0.946550008491016,3.2051282051282053,1.4898833418243491,14.233652064542737,0.02005186143648363,0.02005186143648363,0.02005186143648352,0.02005186143648352,-0.497599914062695,0.497599914062695,0.0028997169928459,0.0018093922477768,0.9996054889939732,True,True,True,True,FULL,FULL_direct_exp_rank_4
150,0.4,2.175,5.29,4.25,4.25,3.4798658017251105,2.298850574712644,7.7298658017251105,7.755705088302538,4.25,3.4983383463593034,2.298850574712644,7.748338346359303,7.709229741715463,0.0184725446341929,0.0184725446341929,0.0184725446341929,0.0184725446341929,-0.04647534658707464,0.04647534658707464,0.0028113255896116,0.0015643232869574,0.9999837575607828,True,True,True,True,FULL,FULL_direct_exp_rank_4
151,0.99,3.6125,15.85,14.965,14.965,4.712295648967803,1.384083044982699,19.677295648967803,4.185634509215309,14.965,5.818137487832793,1.384083044982699,20.783137487832793,3.5925079034784826,1.1058418388649898,1.1058418388649898,1.1058418388649898,1.1058418388649898,-0.5931266057368267,0.5931266057368267,0.2262215606484774,0.1111292671420277,0.9909790943421464,True,True,True,True,FULL,FULL_direct_exp_rank_4
152,1.16,1.9,0.64,0.54,0.54,8.918859589233094,2.6315789473684212,9.458859589233091,2.9158636476035604,0.54,8.411306112988719,2.6315789473684212,8.951306112988718,2.9351734826450215,-0.5075534762443752,0.5075534762443752,-0.5075534762443734,0.5075534762443734,0.01930983504146111,0.01930983504146111,0.0011691206495908,0.0007417054769538,0.999911227578694,True,True,True,True,FULL,FULL_direct_exp_rank_4
153,1.3,2.566666666666667,4.2,3.9333333333333336,3.9333333333333336,6.732843008196392,1.948051948051948,10.666176341529724,2.832743127876559,3.9333333333333336,9.804190363481888,1.948051948051948,13.73752369681522,2.5298301713415463,3.0713473552854964,3.0713473552854964,3.0713473552854964,3.0713473552854964,-0.3029129565350126,0.3029129565350126,0.0622135029593419,0.0374238298523807,0.9933666688284928,True,True,True,True,FULL,FULL_direct_exp_rank_4
154,5.1,31.453947067343865,14.28,13.490170336848536,13.490170336848536,2.087839211051561,0.1589625616554528,15.578009547900097,0.9263059984631752,13.490170336848536,4.4520417753846715,0.1589625616554528,17.942212112233207,0.5321170523426761,2.3642025643331106,2.3642025643331106,2.3642025643331106,2.3642025643331106,-0.39418894612049904,0.39418894612049904,0.5692482148543649,0.2765226009696338,0.8968504291616856,True,True,True,True,FULL,FULL_direct_exp_rank_4
155,0.56,1.5599999999999998,0.58,0.4766666666666666,0.4766666666666666,1.2430840918042927,3.2051282051282053,1.7197507584709593,5.0236277196711585,0.4766666666666666,1.1787648459619957,3.2051282051282053,1.6554315126286625,5.1507586553460785,-0.06431924584229698,0.06431924584229698,-0.06431924584229676,0.06431924584229676,0.12713093567491995,0.12713093567491995,0.0018641166953885,0.0011872425499079,0.9996066754065704,True,True,True,True,FULL,FULL_direct_exp_rank_4
156,0.67,2.1775,4.06,3.745,3.745,2.1627193549790276,2.296211251435132,5.907719354979028,5.4890381882934465,3.745,2.7785309879687077,2.296211251435132,6.523530987968708,4.6906695924721955,0.6158116329896801,0.6158116329896801,0.6158116329896801,0.6158116329896801,-0.798368595821251,0.798368595821251,0.0630131399749588,0.0345962466866194,0.9901477238914312,True,True,True,True,FULL,FULL_direct_exp_rank_4
157,1.32,3.9,14.36,13.5925,13.5925,6.126023681195667,1.2820512820512822,19.718523681195663,3.032176279008363,13.5925,6.785136173524302,1.2820512820512822,20.3776361735243,2.8371747391536606,0.6591124923286351,0.6591124923286351,0.6591124923286387,0.6591124923286387,-0.19500153985470225,0.19500153985470225,0.0991776995955441,0.0509847187524127,0.9981865100632112,True,True,True,True,FULL,FULL_direct_exp_rank_4
158,0.17,1.6233333333333333,1.0,0.5720000000000001,0.5720000000000001,0.8749487231528226,3.080082135523614,1.4469487231528226,16.31818533574024,0.5720000000000001,0.924770783066484,3.080082135523614,1.496770783066484,14.853778922045004,0.0498220599136614,0.0498220599136614,0.0498220599136614,0.0498220599136614,-1.4644064136952348,1.4644064136952348,0.0078951230740941,0.0048493141049022,0.997146829166778,True,True,True,True,FULL,FULL_direct_exp_rank_4
159,0.32,2.1825,5.06,4.11975,4.11975,2.410582651104151,2.290950744558992,6.530332651104151,10.626543938716322,4.11975,2.668871505566564,2.290950744558992,6.788621505566564,9.338861381913048,0.2582888544624131,0.2582888544624131,0.2582888544624131,0.2582888544624131,-1.287682556803274,1.287682556803274,0.0512288862587882,0.0272728207442933,0.9931342378918604,True,True,True,True,FULL,FULL_direct_exp_rank_4
160,1.07,3.895,14.3,13.0025,13.0025,7.31537030166651,1.2836970474967908,20.31787030166651,3.3651116062820727,13.0025,7.073302667162865,1.2836970474967908,20.075802667162865,3.4633238987824493,-0.24206763450364477,0.24206763450364477,-0.24206763450364477,0.24206763450364477,0.09821229250037655,0.09821229250037655,0.0409823161859812,0.0208719973349436,0.999634650598764,True,True,True,True,FULL,FULL_direct_exp_rank_4
161,0.1,1.5666666666666669,0.85,0.5843333333333334,0.5843333333333334,0.3978559436075378,3.191489361702127,0.9821892769408712,37.33548887229885,0.5843333333333334,0.6050970309454657,3.191489361702127,1.1894303642787991,19.21611034468152,0.20724108733792795,0.20724108733792795,0.2072410873379279,0.2072410873379279,-18.119378527617332,18.119378527617332,0.0400427228461337,0.0240145430060869,0.832046501450973,True,True,True,True,FULL,FULL_direct_exp_rank_4
162,0.24,2.175,6.09,4.409,4.409,3.4511384121172206,2.298850574712644,7.86013841211722,13.515323404054092,4.409,3.951789329226828,2.298850574712644,8.360789329226828,11.011049112359164,0.5006509171096072,0.5006509171096072,0.5006509171096072,0.5006509171096072,-2.5042742916949283,2.5042742916949283,0.0937446589582643,0.0534548136616113,0.9839416845864845,True,True,True,True,FULL,FULL_direct_exp_rank_4
163,0.5,3.8625,16.89,15.2325,15.2325,3.655467066441505,1.2944983818770228,18.887967066441504,8.601598077321363,15.2325,5.199388029872802,1.2944983818770228,20.4318880298728,5.90956764438663,1.543920963431297,1.543920963431297,1.5439209634312938,1.5439209634312938,-2.6920304329347324,2.6920304329347324,0.4354914898614235,0.2063233035663158,0.9500922195515848,True,True,True,True,FULL,FULL_direct_exp_rank_4
164,0.07,1.5566666666666666,0.85,0.5843333333333334,0.5843333333333334,0.3510048045966245,3.211991434689508,0.935338137929958,59.36701870371923,0.5843333333333334,0.6827601452087377,3.211991434689508,1.267093478542071,21.58662728473871,0.33175534061211326,0.33175534061211326,0.3317553406121131,0.3317553406121131,-37.78039141898052,37.78039141898052,0.0651665821707484,0.0398171019323032,0.5221860957309188,True,True,True,True,FULL,FULL_direct_exp_rank_4
165,0.23,2.1675,5.85,4.43275,4.43275,2.80147060168731,2.306805074971165,7.23422060168731,14.978792929839672,4.43275,3.379439289357559,2.306805074971165,7.812189289357559,11.375804984543452,0.577968687670249,0.577968687670249,0.577968687670249,0.577968687670249,-3.6029879452962206,3.6029879452962206,0.1158052650860569,0.064614677539403,0.9710379776627724,True,True,True,True,FULL,FULL_direct_exp_rank_4
166,0.75,3.8625,16.87,15.795,15.795,3.4935563581594646,1.2944983818770228,19.288556358159465,5.80409010742513,15.795,4.546040621870899,1.2944983818770228,20.3410406218709,4.597766811837798,1.0524842637114347,1.0524842637114347,1.0524842637114347,1.0524842637114347,-1.2063232955873318,1.2063232955873318,0.3164634992044144,0.1440618855180583,0.9799095798884778,True,True,True,True,FULL,FULL_direct_exp_rank_4
167,0.17,1.5599999999999998,0.8,0.5579999999999999,0.5579999999999999,0.4953159279041487,3.2051282051282053,1.0533159279041486,18.51576110820791,0.5579999999999999,0.5742257599539843,3.2051282051282053,1.1322257599539842,14.829709606732791,0.0789098320498356,0.0789098320498356,0.0789098320498356,0.0789098320498356,-3.68605150147512,3.68605150147512,0.0136859259088688,0.0080612384697417,0.9812404720641716,True,True,True,True,FULL,FULL_direct_exp_rank_4
168,1.11,2.563333333333333,4.61,4.293333333333333,4.293333333333333,4.918051194692046,1.950585175552666,9.21138452802538,3.258019017990617,4.293333333333333,6.46460901523769,1.950585175552666,10.757942348571024,2.911014433366458,1.5465578205456438,1.5465578205456438,1.5465578205456438,1.5465578205456438,-0.34700458462415895,0.34700458462415895,0.0611561110805645,0.035825072708323,0.994222194010706,True,True,True,True,FULL,FULL_direct_exp_rank_4
169,3.93,4.553333333333334,16.61,16.513333333333332,16.513333333333332,14.198414912137522,1.0980966325036603,30.711748245470854,1.4757256498343354,16.513333333333332,44.680642815210334,1.0980966325036603,61.19397614854367,1.223078376848279,30.48222790307281,30.48222790307281,30.482227903072815,30.482227903072815,-0.2526472729860565,0.2526472729860565,0.351823708497514,0.1899730774172216,0.9868354843513392,True,True,True,True,FULL,FULL_direct_exp_rank_4
170,0.19,1.5533333333333337,0.76,0.5436666666666666,0.5436666666666666,0.4848535368761771,3.218884120171673,1.0285202035428438,16.275028887164293,0.5436666666666666,0.544248574842885,3.218884120171673,1.0879152415095517,13.80864408679304,0.05939503796670792,0.05939503796670792,0.059395037966707864,0.059395037966707864,-2.4663848003712534,2.4663848003712534,0.0098934789535924,0.0057994088339052,0.9892761456764284,True,True,True,True,FULL,FULL_direct_exp_rank_4
171,0.32,2.17,4.74,4.0465,4.0465,1.7565900119017304,2.3041474654377883,5.80309001190173,11.4900793995,4.0465,2.08022607591493,2.3041474654377883,6.12672607591493,9.409723400264374,0.32363606401319966,0.32363606401319966,0.32363606401319966,0.32363606401319966,-2.0803559992356266,2.0803559992356266,0.071882946800212,0.0367116977637786,0.9842467216594356,True,True,True,True,FULL,FULL_direct_exp_rank_4
172,1.88,4.13,15.76,14.8875,14.8875,14.997831291761866,1.2106537530266344,29.885331291761865,2.0220034481788933,14.8875,14.654119400047776,1.2106537530266344,29.541619400047775,2.0447416142029473,-0.34371189171409,0.34371189171409,-0.34371189171409,0.34371189171409,0.022738166024053985,0.022738166024053985,0.0220279502276244,0.0123535832644289,0.999938275845741,True,True,True,True,FULL,FULL_direct_exp_rank_4
173,0.23,1.5666666666666669,0.81,0.5826666666666666,0.5826666666666666,0.6080845262035995,3.191489361702127,1.190751192870266,12.675105003139644,0.5826666666666666,0.6323151712919256,3.191489361702127,1.2149818379585922,12.042194606201384,0.024230645088326064,0.024230645088326064,0.024230645088326064,0.024230645088326064,-0.632910396938259,0.632910396938259,0.0035400480662205,0.002097316114848,0.9988906781647412,True,True,True,True,FULL,FULL_direct_exp_rank_4
174,0.27,2.18,5.18,4.452999999999999,4.452999999999999,1.5717255574854088,2.293577981651376,6.024725557485408,14.53141002624948,4.452999999999999,2.054996544858155,2.293577981651376,6.5079965448581545,10.527768197890584,0.4832709873727463,0.4832709873727463,0.4832709873727463,0.4832709873727463,-4.003641828358896,4.003641828358896,0.1167476267298201,0.0590019187640621,0.9611774753307688,True,True,True,True,FULL,FULL_direct_exp_rank_4
175,1.85,4.1125,17.29,16.4125,16.4125,14.29966321375646,1.21580547112462,30.71216321375646,2.100213453400296,16.4125,14.381298715522274,1.21580547112462,30.793798715522275,2.094319723911496,0.08163550176581325,0.08163550176581325,0.08163550176581325,0.08163550176581325,-0.005893729488799959,0.005893729488799959,0.0059316543270726,0.0032929557821568,0.9999962705088854,True,True,True,True,FULL,FULL_direct_exp_rank_4
176,0.65,1.5766666666666669,0.57,0.478,0.478,1.612273609680621,3.1712473572938684,2.090273609680621,4.48569879514461,0.478,1.602671350398312,3.1712473572938684,2.080671350398312,4.495313371465213,-0.009602259282308845,0.009602259282308845,-0.009602259282309067,0.009602259282309067,0.009614576320602808,0.009614576320602808,0.0001732701711799,0.0001103210874011,0.9999967384525084,True,True,True,True,FULL,FULL_direct_exp_rank_4
177,1.47,2.6333333333333333,3.8,3.616,3.616,6.14964024424423,1.89873417721519,9.76564024424423,2.66832825839853,3.616,11.104434066173775,1.89873417721519,14.720434066173777,2.3046641061133526,4.954793821929545,4.954793821929545,4.954793821929547,4.954793821929547,-0.36366415228517734,0.36366415228517734,0.0741023444249279,0.0448051168161619,0.9891653580379908,True,True,True,True,FULL,FULL_direct_exp_rank_4
178,2.12,4.1575,13.69,12.965,12.965,17.833183532648366,1.2026458208057729,30.79818353264837,1.8070468059221405,12.965,17.93388262119266,1.2026458208057729,30.89888262119266,1.8030645973846031,0.10069908854429244,0.10069908854429244,0.10069908854428888,0.10069908854428888,-0.003982208537537391,0.003982208537537391,0.0040638057915956,0.002352264709995,0.999997375701913,True,True,True,True,FULL,FULL_direct_exp_rank_4
179,0.48,1.5666666666666669,0.88,0.6386666666666666,0.6386666666666666,2.2710172374402005,3.191489361702127,2.909683904106867,5.11752583659357,0.6386666666666666,1.7307398307149682,3.191489361702127,2.3694064973816347,6.0045387720319505,-0.5402774067252323,0.5402774067252323,-0.5402774067252323,0.5402774067252323,0.8870129354383804,0.8870129354383804,0.018546233531956,0.0122497251475413,0.9828888957335722,True,True,True,True,FULL,FULL_direct_exp_rank_4
180,0.52,2.9225,5.54,4.727,4.727,2.527730037291942,1.710863986313088,7.254730037291942,6.676100463922199,4.727,2.4884715759424685,1.710863986313088,7.215471575942469,6.8084383320517,-0.03925846134947353,0.03925846134947353,-0.03925846134947353,0.03925846134947353,0.13233786812950044,0.13233786812950044,0.009152460020611,0.0045012237196478,0.9998348516969738,True,True,True,True,FULL,FULL_direct_exp_rank_4
181,0.9,3.925,17.84,14.94,14.94,13.029435602700998,1.2738853503184715,27.969435602700997,3.4621547532157915,14.94,11.779148106183692,1.2738853503184715,26.71914810618369,3.840450939579028,-1.2502874965173056,1.2502874965173056,-1.2502874965173056,1.2502874965173056,0.3782961863632366,0.3782961863632366,0.1805895016384472,0.0974074807695481,0.9948068016040988,True,True,True,True,FULL,FULL_direct_exp_rank_4
182,0.22,1.49,0.66,0.4575,0.4575,0.5513217275318822,3.3557046979865772,1.0088217275318825,12.75282127395527,0.4575,0.5669319400148949,3.3557046979865772,1.024431940014895,12.298147144684094,0.015610212483012642,0.015610212483012642,0.01561021248301242,0.01561021248301242,-0.4546741292711758,0.4546741292711758,0.0021009771673251,0.0012779967897477,0.9994455231908088,True,True,True,True,FULL,FULL_direct_exp_rank_4
183,1.93,3.1,4.22,4.0145,4.0145,10.822557992923612,1.6129032258064515,14.837057992923611,2.064879723343122,4.0145,18.41632856270789,1.6129032258064515,22.43082856270789,1.8647687790993284,7.593770569784278,7.593770569784278,7.5937705697842794,7.5937705697842794,-0.20011094424379383,0.20011094424379383,0.0665880533615551,0.0409418678200973,0.993168253919494,True,True,True,True,FULL,FULL_direct_exp_rank_4
184,3.98,4.75,15.12,14.85,14.85,45.661479023586836,1.0526315789473684,60.51147902358684,1.247654255784918,14.85,66.39572038493507,1.0526315789473684,81.24572038493507,1.1818496466079564,20.73424136134824,20.73424136134824,20.734241361348232,20.734241361348232,-0.06580460917696151,0.06580460917696151,0.1284466140439497,0.0712079763312031,0.9978119573992388,True,True,True,True,FULL,FULL_direct_exp_rank_4
185,0.13,1.5666666666666669,1.09,0.5446666666666667,0.5446666666666667,0.9576325699215577,3.191489361702127,1.5022992365882244,21.905585532286455,0.5446666666666667,1.0978721156009787,3.191489361702127,1.6425387822676454,17.020287389137216,0.1402395456794211,0.1402395456794211,0.14023954567942098,0.14023954567942098,-4.885298143149239,4.885298143149239,0.0231741977978952,0.0144713933568367,0.9819979389299116,True,True,True,True,FULL,FULL_direct_exp_rank_4
186,0.28,2.1775,5.16,3.81425,3.81425,3.130431077528114,2.296211251435132,6.944681077528114,11.220553160809676,3.81425,3.3346516744311647,2.296211251435132,7.148901674431165,10.231622699420278,0.20422059690305083,0.20422059690305083,0.20422059690305083,0.20422059690305083,-0.9889304613893977,0.9889304613893977,0.0374640516558393,0.0209868409061136,0.9965827927102888,True,True,True,True,FULL,FULL_direct_exp_rank_4
187,0.7,3.88,16.09,11.71,11.71,14.993697153202367,1.288659793814433,26.70369715320237,3.931657649182005,11.71,13.169262329464395,1.288659793814433,24.879262329464396,4.645049713038795,-1.8244348237379722,1.8244348237379722,-1.824434823737974,1.824434823737974,0.7133920638567903,0.7133920638567903,0.2534035918870072,0.1453466278429918,0.9869515348319278,True,True,True,True,FULL,FULL_direct_exp_rank_4
188,1.1,2.06,0.64,0.593,0.593,1.513280437089641,2.4271844660194173,2.1062804370896413,3.268679989536249,0.593,2.34837624817268,2.4271844660194173,2.94137624817268,2.9419076782770524,0.8350958110830391,0.8350958110830391,0.8350958110830389,0.8350958110830389,-0.3267723112591967,0.3267723112591967,0.0096941753118414,0.0059538845215307,0.9931372471582228,True,True,True,True,FULL,FULL_direct_exp_rank_4
189,3.11,3.85,4.79,4.4285,4.4285,105.61771145632456,1.2987012987012987,110.04621145632456,1.3813754414682702,4.4285,123.74890112950077,1.2987012987012987,128.17740112950077,1.368308971169176,18.13118967317621,18.13118967317621,18.13118967317621,18.13118967317621,-0.013066470299094135,0.013066470299094135,0.0150972616572288,0.0086765885623348,0.9997065635706464,True,True,True,True,FULL,FULL_direct_exp_rank_4
190,2.95,4.833333333333333,17.57,15.660000000000002,15.660000000000002,133.5433516563727,1.0344827586206895,149.2033516563727,1.194201194728314,15.660000000000002,65.41401607265647,1.0344827586206895,81.07401607265646,1.4331004946135382,-68.12933558371623,68.12933558371623,-68.12933558371623,68.12933558371623,0.23889929988522418,0.23889929988522418,0.7998307589393553,0.485882514765491,0.9405220953313358,True,True,True,True,FULL,FULL_direct_exp_rank_4
191,0.1,1.64,1.15,0.5823333333333333,0.5823333333333333,0.8468851223123651,3.048780487804878,1.4292184556456984,32.276683117014976,0.5823333333333333,1.1131449527426258,3.048780487804878,1.695478286075959,19.024944452516053,0.2662598304302607,0.2662598304302607,0.2662598304302606,0.2662598304302606,-13.251738664498923,13.251738664498923,0.0490137139490624,0.0301783251004034,0.91900428281599,True,True,True,True,FULL,FULL_direct_exp_rank_4
192,0.26,2.06,5.06,2.78625,2.78625,5.537602820988881,2.4271844660194173,8.323852820988881,9.67711986223781,2.78625,5.2331532430863,2.4271844660194173,8.0194032430863,10.593868655844108,-0.30444957790258087,0.30444957790258087,-0.30444957790258087,0.30444957790258087,0.916748793606299,0.916748793606299,0.0419511646018398,0.0261440824976457,0.9972647053096428,True,True,True,True,FULL,FULL_direct_exp_rank_4
193,0.48,3.91,15.79,12.4225,12.4225,7.40432598861948,1.278772378516624,19.82682598861948,7.151633571136485,12.4225,8.313788137915921,1.278772378516624,20.73628813791592,6.056978093277249,0.9094621492964414,0.9094621492964414,0.9094621492964414,0.9094621492964414,-1.0946554778592361,1.0946554778592361,0.1940922887336901,0.1033678926331128,0.9891324638860486,True,True,True,True,FULL,FULL_direct_exp_rank_4
194,0.47,1.5599999999999998,0.9,0.6583333333333333,0.6583333333333333,2.1587521490528645,3.2051282051282053,2.8170854823861977,5.267358968714256,0.6583333333333333,1.6838745255536165,3.2051282051282053,2.3422078588869497,6.124805861702471,-0.474877623499248,0.474877623499248,-0.474877623499248,0.474877623499248,0.8574468929882153,0.8574468929882153,0.0174951501646114,0.0115092390440119,0.985177192235588,True,True,True,True,FULL,FULL_direct_exp_rank_4
195,0.49,2.1875,5.79,4.2505,4.2505,7.336962282580967,2.2857142857142856,11.587462282580969,5.320972461121309,4.2505,6.177379020464712,2.2857142857142856,10.427879020464712,6.299401976328065,-1.1595832621162554,1.1595832621162554,-1.1595832621162572,1.1595832621162572,0.9784295152067557,0.9784295152067557,0.1034946247889772,0.0632503878624227,0.9850288194793952,True,True,True,True,FULL,FULL_direct_exp_rank_4
196,1.09,3.86,17.51,14.9375,14.9375,16.553387035413166,1.2953367875647668,31.490887035413166,2.8169440230151195,14.9375,13.981112947390322,1.2953367875647668,28.91861294739032,3.2528247884021084,-2.5722740880228443,2.5722740880228443,-2.572274088022848,2.572274088022848,0.43588076538698894,0.43588076538698894,0.2747821540173044,0.1520476220945974,0.9891140923587156,True,True,True,True,FULL,FULL_direct_exp_rank_4
197,0.14,2.0725,0.99,0.65575,0.65575,0.5146811885872504,2.4125452352231607,1.1704311885872505,25.510159206488257,0.65575,0.6424869938689619,2.4125452352231607,1.298236993868962,16.77023585917864,0.12780580528171148,0.12780580528171148,0.12780580528171148,0.12780580528171148,-8.739923347309617,8.739923347309617,0.0277314635429445,0.0158176315970439,0.9454206256622804,True,True,True,True,FULL,FULL_direct_exp_rank_4
198,0.4,2.9125,5.46,4.44825,4.44825,2.4337808805815433,1.7167381974248928,6.882030880581543,8.688241808193261,4.44825,2.4827424153881807,1.7167381974248928,6.930992415388181,8.432331880266835,0.04896153480663745,0.04896153480663745,0.04896153480663745,0.04896153480663745,-0.2559099279264263,0.2559099279264263,0.012428009827198,0.0061119535221979,0.9996388127528976,True,True,True,True,FULL,FULL_direct_exp_rank_4
199,2.66,4.3725000000000005,17.29,16.490000000000002,16.490000000000002,37.39926722177272,1.1435105774728416,53.88926722177272,1.504191322919805,16.490000000000002,33.65027924115902,1.1435105774728416,50.14027924115902,1.5524162676154858,-3.7489879806136983,3.7489879806136983,-3.7489879806136983,3.7489879806136983,0.04822494469568084,0.04822494469568084,0.0872312679771013,0.0520864021040768,0.999299159881658,True,True,True,True,FULL,FULL_direct_exp_rank_4
200,1.09,1.85,0.51,0.452,0.452,3.5013968656521643,2.702702702702702,3.953396865652164,3.161464776235545,0.452,4.380828354256028,2.702702702702702,4.832828354256028,3.059081347364036,0.8794314886038639,0.8794314886038639,0.8794314886038643,0.8794314886038643,-0.10238342887150864,0.10238342887150864,0.0034912707295006,0.0021979439446503,0.9986302535589888,True,True,True,True,FULL,FULL_direct_exp_rank_4
201,4.54,28.00018033053748,3.73,3.372542584212134,3.372542584212134,0.9705608512144872,0.178570278511632,4.343103435426621,0.8969826858645201,3.372542584212134,3.9027951783847374,0.178570278511632,7.275337762596871,0.3665679786770418,2.9322343271702502,2.9322343271702502,2.9322343271702502,2.9322343271702502,-0.5304147071874783,0.5304147071874783,0.2486802959551974,0.1635937625984589,0.7117023764053851,True,True,True,True,FULL,FULL_direct_exp_rank_4
202,5.68,6.0,13.66,13.51,13.51,45.684267603740025,0.8333333333333334,59.19426760374002,0.9611956816495174,13.51,63.63664837771578,0.8333333333333334,77.14664837771578,0.922139189204912,17.952380773975754,17.952380773975754,17.952380773975754,17.952380773975754,-0.039056492444605406,0.039056492444605406,0.0893287585247393,0.047651701824641,0.9986355736846674,True,True,True,True,FULL,FULL_direct_exp_rank_4
203,8.16,15.0,0.64,0.4826666666666666,0.4826666666666666,11.163229285157737,0.3333333333333333,11.645895951824402,0.3680224492093827,0.4826666666666666,6.539239741484023,0.3333333333333333,7.02190640815069,0.3977594398707525,-4.623989543673714,4.623989543673714,-4.623989543673712,4.623989543673712,0.02973699066136981,0.02973699066136981,0.0144348943025097,0.0092379295570821,0.9877714899740222,True,True,True,True,FULL,FULL_direct_exp_rank_4
204,9.63,15.0,1.15,0.9263333333333332,0.9263333333333332,31.67109901569681,0.3333333333333333,32.59743234903014,0.356302565715436,0.9263333333333332,20.125084304121156,0.3333333333333333,21.051417637454488,0.3714561978155009,-11.546014711575655,11.546014711575655,-11.546014711575655,11.546014711575655,0.015153632100064873,0.015153632100064873,0.0178085187801207,0.0111944488475137,0.9948415242844868,True,True,True,True,FULL,FULL_direct_exp_rank_4
205,8.17,15.0,1.67,1.391,1.391,14.757831874738754,0.3333333333333333,16.148831874738754,0.3859250855203011,1.391,10.003402461840396,0.3333333333333333,11.394402461840397,0.4169606798760402,-4.754429412898357,4.754429412898357,-4.754429412898357,4.754429412898357,0.031035594355739105,0.031035594355739105,0.0298785441218785,0.0187384543559235,0.9906148099145,True,True,True,True,FULL,FULL_direct_exp_rank_4
206,7.68,15.0,2.36,1.9943333333333333,1.9943333333333333,14.016889640854824,0.3333333333333333,16.011222974188158,0.404258783461519,1.9943333333333333,9.30235977127984,0.3333333333333333,11.296693104613173,0.4511098611462396,-4.714529869574985,4.714529869574985,-4.714529869574985,4.714529869574985,0.04685107768472058,0.04685107768472058,0.0520313429133761,0.0322180727725794,0.9848572787642972,True,True,True,True,FULL,FULL_direct_exp_rank_4
207,12.65,17.5,2.87,2.478,2.478,85.54466261294648,0.2857142857142857,88.02266261294648,0.3027127732951231,2.478,54.713048997396946,0.2857142857142857,57.19104899739695,0.3136607628076535,-30.831613615549536,30.831613615549536,-30.83161361554953,30.83161361554953,0.010947989512530398,0.010947989512530398,0.0395813878535804,0.0236759652857301,0.9954942407412198,True,True,True,True,FULL,FULL_direct_exp_rank_4
209,0.55,3.75,0.015,0.014,0.014,0.0024195869070291,1.3333333333333333,0.0164195869070291,8.395940887010124,0.014,0.0032383962349268,1.3333333333333333,0.0172383962349268,6.245767179391575,0.0008188093278977001,0.0008188093278977001,0.0008188093278976988,0.0008188093278976988,-2.1501737076185483,2.1501737076185483,0.0003154993121609,0.0001339508675798,0.969330549518336,True,True,True,True,FULL,FULL_direct_exp_rank_4
210,0.73,3.75,0.017,0.0155,0.0155,0.0049950016940742,1.3333333333333333,0.0204950016940742,5.436911505105911,0.0155,0.0059104664889121,1.3333333333333333,0.0214104664889121,4.622398634445895,0.0009154647948378999,0.0009154647948378999,0.0009154647948379016,0.0009154647948379016,-0.8145128706600158,0.8145128706600158,0.000227573124409,0.0001089936650648,0.9897817667455056,True,True,True,True,FULL,FULL_direct_exp_rank_4
211,0.73,3.75,0.031,0.0205,0.0205,0.0421170527109933,1.3333333333333333,0.0626170527109933,3.3538139443417307,0.0205,0.0316342720898096,1.3333333333333333,0.0521342720898096,4.905212974715909,-0.010482780621183699,0.010482780621183699,-0.010482780621183699,0.010482780621183699,1.5513990303741778,1.5513990303741778,0.0012494564956024,0.0007308182654153,0.9284874423255448,True,True,True,True,FULL,FULL_direct_exp_rank_4
212,0.56,4.25,0.032,0.0305,0.0305,0.0032729190185453,1.1764705882352942,0.0337729190185453,9.217143579218789,0.0305,0.004183291353367,1.1764705882352942,0.034683291353367,7.06196468773182,0.0009103723348217003,0.0009103723348217003,0.0009103723348216977,0.0009103723348216977,-2.155178891486969,2.155178891486969,0.0005683344641699,0.0002070351357349,0.9765610118322186,True,True,True,True,FULL,FULL_direct_exp_rank_4
213,0.61,4.25,0.036,0.032,0.032,0.0097117896904809,1.1764705882352942,0.0417117896904809,6.613265489413038,0.032,0.0097665111889139,1.1764705882352942,0.0417665111889139,6.557184690852013,5.4721498433000365e-05,5.4721498433000365e-05,5.4721498432996896e-05,5.4721498432996896e-05,-0.05608079856102499,0.05608079856102499,2.2620483513989047e-05,9.420907968773346e-06,0.999972243971184,True,True,True,True,FULL,FULL_direct_exp_rank_4
214,0.8,4.25,0.041,0.0365,0.0365,0.0146135447707714,1.1764705882352942,0.0511135447707714,4.687843076991533,0.0365,0.0138994438548254,1.1764705882352942,0.0503994438548254,4.9999624241073715,-0.0007141009159460001,0.0007141009159460001,-0.0007141009159460018,0.0007141009159460018,0.31211934711583833,0.31211934711583833,0.0002239076631481,0.0001010437872841,0.9982559188203368,True,True,True,True,FULL,FULL_direct_exp_rank_4
215,0.85,4.25,0.053,0.0412499999999999,0.0412499999999999,0.0449535990108785,1.1764705882352942,0.0862035990108784,3.4008265344224067,0.0412499999999999,0.0357183537476339,1.1764705882352942,0.0769683537476338,4.722418889973659,-0.009235245263244603,0.009235245263244603,-0.009235245263244596,0.009235245263244596,1.3215923555512528,1.3215923555512528,0.0017047230336854,0.0008784062756067,0.9449689326353145,True,True,True,True,FULL,FULL_direct_exp_rank_4
216,1.18,4.75,0.072,0.06875,0.06875,0.0144953537063408,1.0526315789473684,0.0832453537063408,3.803418428356459,0.06875,0.016397687108897,1.0526315789473684,0.085147687108897,3.4311885725572457,0.0019023334025561993,0.0019023334025561993,0.0019023334025562028,0.0019023334025562028,-0.3722298557992132,0.3722298557992132,0.0006680437342598,0.0002969020063269,0.9958838658144816,True,True,True,True,FULL,FULL_direct_exp_rank_4
217,1.07,4.75,0.082,0.07425,0.07425,0.0316745022212473,1.0526315789473684,0.1059245022212473,3.494012368300583,0.07425,0.0287090761214041,1.0526315789473684,0.1029590761214041,3.916625770282983,-0.0029654260998432,0.0029654260998432,-0.0029654260998431964,0.0029654260998431964,0.42261340198239994,0.42261340198239994,0.0008625320859733,0.0003960094104575,0.9943190811117588,True,True,True,True,FULL,FULL_direct_exp_rank_4
218,0.99,4.75,0.091,0.0815,0.0815,0.0350845623553453,1.0526315789473684,0.1165845623553453,3.740061038065954,0.0815,0.0313013686123963,1.0526315789473684,0.1128013686123963,4.336990029116497,-0.003783193742948998,0.003783193742948998,-0.003783193742948998,0.003783193742948998,0.5969289910505431,0.5969289910505431,0.0012077510492775,0.0005425690622732,0.9904225773266404,True,True,True,True,FULL,FULL_direct_exp_rank_4
219,1.33,4.75,0.123,0.109,0.109,0.0845437839006371,1.0526315789473684,0.1935437839006371,2.512415047002486,0.109,0.0698894046197952,1.0526315789473684,0.1788894046197952,3.017209603321505,-0.0146543792808419,0.0146543792808419,-0.0146543792808419,0.0146543792808419,0.5047945563190188,0.5047945563190188,0.0023940951019033,0.0012230585416286,0.9832515496148722,True,True,True,True,FULL,FULL_direct_exp_rank_4
220,0.57,3.0,0.057,0.045,0.045,0.0423378142666348,1.6666666666666667,0.0873378142666348,5.252909248352316,0.045,0.0360139884020424,1.6666666666666667,0.0810139884020424,6.5580590434452155,-0.006323825864592396,0.006323825864592396,-0.006323825864592403,0.006323825864592403,1.3051497950928992,1.3051497950928992,0.0011786079908258,0.0006120502174051,0.9762309765889154,True,True,True,True,FULL,FULL_direct_exp_rank_4
221,0.74,3.0,0.052,0.0426666666666666,0.0426666666666666,0.0483380999196384,1.6666666666666667,0.091004766586305,3.990648101805694,0.0426666666666666,0.0400874254365532,1.6666666666666667,0.0827540921032198,4.815699260642066,-0.008250674483085203,0.008250674483085203,-0.00825067448308521,0.00825067448308521,0.8250511588363718,0.8250511588363718,0.0010231517259266,0.0005632547770538,0.9814190192436072,True,True,True,True,FULL,FULL_direct_exp_rank_4
222,1.17,3.75,0.042,0.037,0.037,0.0379972465016185,1.3333333333333333,0.0749972465016185,2.7555455668379523,0.037,0.0350992583133423,1.3333333333333333,0.0720992583133423,2.916910426111735,-0.0028979881882762043,0.0028979881882762043,-0.0028979881882762043,0.0028979881882762043,0.16136485927378263,0.16136485927378263,0.0002626499263666,0.0001470708604287,0.9983884388492756,True,True,True,True,FULL,FULL_direct_exp_rank_4
223,2.7,4.333333333333333,0.036,0.0356666666666666,0.0356666666666666,0.012315781767816,1.153846153846154,0.0479824484344826,2.0063850757344786,0.0356666666666666,0.1286614981370129,1.153846153846154,0.1643281648036795,1.2667561201135211,0.11634571636919688,0.11634571636919688,0.11634571636919691,0.11634571636919691,-0.7396289556209574,0.7396289556209574,0.0017310113324453,0.0010209290373538,0.9380402575834176,True,True,True,True,FULL,FULL_direct_exp_rank_4
224,0.75,3.5,0.022,0.02125,0.02125,0.0026705992767688,1.4285714285714286,0.0239205992767688,6.637578410976577,0.02125,0.0044638972264474,1.4285714285714286,0.0257138972264474,4.662420885876486,0.0017932979496786002,0.0017932979496786002,0.001793297949678599,0.001793297949678599,-1.9751575251000908,1.9751575251000908,0.0006319102282944,0.0002765031581795,0.9555219823909044,True,True,True,True,FULL,FULL_direct_exp_rank_4
225,1.15,3.5,0.021,0.02,0.02,0.0073958891535081,1.4285714285714286,0.0273958891535081,3.6113543932907137,0.02,0.0134697563346661,1.4285714285714286,0.0334697563346661,2.6410987281871456,0.006073867181158,0.006073867181158,0.006073867181157995,0.006073867181157995,-0.9702556651035681,0.9702556651035681,0.0006245981099049,0.0003374350132932,0.9656535873770552,True,True,True,True,FULL,FULL_direct_exp_rank_4
226,1.1,3.5,0.02,0.01925,0.01925,0.004956977641193,1.4285714285714286,0.024206977641193,4.054827267846036,0.01925,0.0103327811182293,1.4285714285714286,0.0295827811182293,2.7755817406981125,0.0053758034770363,0.0053758034770363,0.005375803477036301,0.005375803477036301,-1.279245527147924,1.279245527147924,0.0006972134646139,0.0003641945992097,0.9510472121845596,True,True,True,True,FULL,FULL_direct_exp_rank_4
227,1.25,3.5,0.019,0.01875,0.01875,0.0019847706438796,1.4285714285714286,0.0207347706438796,4.418502888206739,0.01875,0.0107944446729517,1.4285714285714286,0.0295444446729517,2.352976754385942,0.008809674029072099,0.008809674029072099,0.008809674029072102,0.008809674029072102,-2.0655261338207973,2.0655261338207973,0.0010834918428845,0.0005565716661718,0.873789661083177,True,True,True,True,FULL,FULL_direct_exp_rank_4
228,0.7,3.0,0.059,0.0456666666666666,0.0456666666666666,0.0656740182268081,1.6666666666666667,0.1113406848934747,3.9285722676402535,0.0456666666666666,0.0479517808833507,1.6666666666666667,0.0936184475500173,5.814064822547708,-0.017722237343457403,0.017722237343457403,-0.017722237343457403,0.017722237343457403,1.8854925549074548,1.8854925549074548,0.0025271705690743,0.0013516249945454,0.9117682567938148,True,True,True,True,FULL,FULL_direct_exp_rank_4
229,0.8,3.75,0.039,0.03775,0.03775,0.0044128695173391,1.3333333333333333,0.0421628695173391,6.31959788609588,0.03775,0.005078542910815,1.3333333333333333,0.042828542910815,5.568452640956893,0.0006656733934758997,0.0006656733934758997,0.0006656733934758963,0.0006656733934758963,-0.7511452451389875,0.7511452451389875,0.0004100472599363,0.0001612993606056,0.99400487424402,True,True,True,True,FULL,FULL_direct_exp_rank_4
230,1.1,3.75,0.031,0.03025,0.03025,0.004226216061608,1.3333333333333333,0.034476216061608,4.574641618565765,0.03025,0.006343374586817,1.3333333333333333,0.036593374586817,3.579652434080166,0.0021171585252090005,0.0021171585252090005,0.0021171585252090022,0.0021171585252090022,-0.9949891844855987,0.9949891844855987,0.000707786663094,0.0003215098072976,0.9774381399001668,True,True,True,True,FULL,FULL_direct_exp_rank_4
234,0.99,3.0,0.523,0.4803333333333333,0.4803333333333333,0.3422582854093307,1.6666666666666667,0.822591618742664,3.6102895519762694,0.4803333333333333,0.2771340654000247,1.6666666666666667,0.757467398733358,4.316363964436482,-0.06512422000930596,0.06512422000930596,-0.06512422000930596,0.06512422000930596,0.7060744124602123,0.7060744124602123,0.0105401220032623,0.0053552408184804,0.9841319760396896,True,True,True,True,FULL,FULL_direct_exp_rank_4
235,1.49,3.0,0.929,0.87,0.87,1.3911680147990315,1.6666666666666667,2.261168014799032,2.4688599946843404,0.87,1.342613611032062,1.6666666666666667,2.212613611032062,2.503687512576032,-0.04855440376696962,0.04855440376696962,-0.048554403766969845,0.048554403766969845,0.034827517891691695,0.034827517891691695,0.0017841119691608,0.0010393362864554,0.9998875142171872,True,True,True,True,FULL,FULL_direct_exp_rank_4
236,2.48,3.5,1.278,1.2245,1.2245,4.974718816480315,1.4285714285714286,6.199218816480315,1.7047169871616714,1.2245,7.325401736322404,1.4285714285714286,8.549901736322404,1.608215908590516,2.3506829198420895,2.3506829198420895,2.3506829198420895,2.3506829198420895,-0.09650107857115531,0.09650107857115531,0.0129449313320987,0.0076483430548207,0.997010255538018,True,True,True,True,FULL,FULL_direct_exp_rank_4
238,1.16,3.0,0.606,0.5299999999999999,0.5299999999999999,0.9995028593983644,1.6666666666666667,1.5295028593983642,2.6762963684092975,0.5299999999999999,0.7427739837261845,1.6666666666666667,1.2727739837261844,3.190036924273184,-0.25672887567217983,0.25672887567217983,-0.2567288756721797,0.2567288756721797,0.5137405558638863,0.5137405558638863,0.0143246644326145,0.0082353096070968,0.9797061454108996,True,True,True,True,FULL,FULL_direct_exp_rank_4
239,2.0,3.5,0.785,0.745,0.745,1.4880839300345443,1.4285714285714286,2.2330839300345446,1.9471028822830023,0.745,1.90468798415622,1.4285714285714286,2.64968798415622,1.821218413153576,0.4166040541216758,0.4166040541216758,0.41660405412167556,0.41660405412167556,-0.1258844691294263,0.1258844691294263,0.0075615672048025,0.0045471676493391,0.9973708008151682,True,True,True,True,FULL,FULL_direct_exp_rank_4
240,1.84,3.0,1.067,0.9266666666666667,0.9266666666666667,11.34965538746409,1.6666666666666667,12.276322054130755,1.8769974838423913,0.9266666666666667,7.269418114804982,1.6666666666666667,8.196084781471649,2.0227674942909633,-4.080237272659107,4.080237272659107,-4.080237272659106,4.080237272659106,0.14577001044857196,0.14577001044857196,0.0210116079019775,0.0130985510991608,0.9891826986118968,True,True,True,True,FULL,FULL_direct_exp_rank_4
241,2.5,3.5,1.53,1.435,1.435,11.191062390354295,1.4285714285714286,12.626062390354296,1.6206039521105755,1.435,12.838668447459396,1.4285714285714286,14.273668447459396,1.5931188511932042,1.6476060571051008,1.6476060571051008,1.6476060571051008,1.6476060571051008,-0.02748510091737133,0.02748510091737133,0.0057141418274483,0.0033940620642708,0.9995804785680836,True,True,True,True,FULL,FULL_direct_exp_rank_4
242,1.28,13.0,0.381,0.236,0.236,0.2798827945510767,0.3846153846153846,0.5158827945510767,2.332154177278262,0.236,0.2472113332206647,0.3846153846153846,0.4832113332206647,3.415870103616661,-0.03267146133041199,0.03267146133041199,-0.03267146133041199,0.03267146133041199,1.083715926338399,1.083715926338399,0.0104133915616562,0.0047930918760742,0.9596197405851488,True,True,True,True,FULL,FULL_direct_exp_rank_4
243,1.94,13.0,1.479,1.139,1.139,0.9051763320711632,0.3846153846153846,2.0441763320711632,1.6142343389282214,1.139,0.742305761480399,0.3846153846153846,1.881305761480399,2.605934369463552,-0.16287057059076426,0.16287057059076426,-0.16287057059076426,0.16287057059076426,0.9917000305353307,0.9917000305353307,0.0589608744364252,0.0253849101523136,0.9000121287154562,True,True,True,True,FULL,FULL_direct_exp_rank_4
244,2.29,13.0,30.401,2.493,2.493,191.4872115140508,0.3846153846153846,193.9802115140508,0.5794840127037909,2.493,90.13065975966676,0.3846153846153846,92.62365975966677,0.9968344728640596,-101.35655175438406,101.35655175438406,-101.35655175438404,101.35655175438404,0.41735046016026867,0.41735046016026867,2.8564374032195854,2.289793987594355,0.9096470806346532,True,True,True,True,FULL,FULL_direct_exp_rank_4
245,3.95,13.0,5.488,4.171,4.171,11.473466241634494,0.3846153846153846,15.644466241634497,0.6512771868667829,4.171,6.2154380377171305,0.3846153846153846,10.38643803771713,1.386572513232265,-5.258028203917363,5.258028203917363,-5.258028203917366,5.258028203917366,0.7352953263654821,0.7352953263654821,0.6105173062198046,0.3167670558528349,0.5000517003893838,True,True,True,True,FULL,FULL_direct_exp_rank_4
246,0.34,13.0,0.306,0.104,0.104,0.238125551076079,0.3846153846153846,0.342125551076079,11.465962069935722,0.104,0.2512288775343996,0.3846153846153846,0.3552288775343996,8.701774960440241,0.013103326458320602,0.013103326458320602,0.013103326458320574,0.013103326458320574,-2.764187109495481,2.764187109495481,0.0036481033704953,0.0019350581809897,0.9953553506535042,True,True,True,True,FULL,FULL_direct_exp_rank_4
247,0.55,13.0,1.422,0.768,0.768,0.854926430267495,0.3846153846153846,1.622926430267495,6.829794290098721,0.768,0.8899285059317243,0.3846153846153846,1.6579285059317244,5.85425831215589,0.035002075664229304,0.035002075664229304,0.035002075664229304,0.035002075664229304,-0.9755359779428305,0.9755359779428305,0.0108945211031073,0.0053247273580279,0.9968586810626904,True,True,True,True,FULL,FULL_direct_exp_rank_4
248,1.07,13.0,2.417,1.547,1.547,1.4889207977309928,0.3846153846153846,3.0359207977309928,3.0462519251595546,1.547,1.349879794347048,0.3846153846153846,2.896879794347048,4.461593505586025,-0.13904100338394487,0.13904100338394487,-0.13904100338394487,0.13904100338394487,1.4153415804264706,1.4153415804264706,0.0579774261695496,0.0238151965108153,0.9647141655099052,True,True,True,True,FULL,FULL_direct_exp_rank_4
249,1.08,13.0,4.482,3.316,3.316,1.9761134955053168,0.3846153846153846,5.292113495505316,3.3738748448845737,3.316,1.8492941082116916,0.3846153846153846,5.165294108211691,4.211080479009301,-0.12681938729362519,0.12681938729362519,-0.12681938729362496,0.12681938729362496,0.8372056341247269,0.8372056341247269,0.0598369960370959,0.0233096244872256,0.9859013305446588,True,True,True,True,FULL,FULL_direct_exp_rank_4
250,0.1,15.0,0.367,0.136,0.136,0.2402542971419538,0.3333333333333333,0.3762542971419538,56.09759499434641,0.136,0.7252189254272006,0.3333333333333333,0.8612189254272006,6.0467304192284566,0.4849646282852468,0.4849646282852468,0.4849646282852468,0.4849646282852468,-50.050864575117956,50.050864575117956,0.1214640032345345,0.0702569752681056,-3.584369144797174,True,True,True,True,FULL,FULL_direct_exp_rank_4
251,0.67,15.0,1.297,0.843,0.843,0.5998183417647385,0.3333333333333333,1.4428183417647384,6.0080454699914485,0.843,0.6875989553705557,0.3333333333333333,1.5305989553705557,4.133326825334873,0.08778061360581724,0.08778061360581724,0.08778061360581724,0.08778061360581724,-1.8747186446565758,1.8747186446565758,0.0251515360437409,0.0128644893191458,0.97237737231394,True,True,True,True,FULL,FULL_direct_exp_rank_4
252,0.78,15.0,3.232,2.23,2.23,1.3862854300913423,0.3333333333333333,3.6162854300913425,5.115435733153055,2.23,1.6555839046450718,0.3333333333333333,3.885583904645072,3.3973453990257343,0.26929847455372946,0.26929847455372946,0.2692984745537297,0.2692984745537297,-1.718090334127321,1.718090334127321,0.0733770460278979,0.0380659800712692,0.9588504069014416,True,True,True,True,FULL,FULL_direct_exp_rank_4
253,2.08,15.0,4.233,3.386,3.386,2.0681407318693763,0.3333333333333333,5.454140731869376,1.6219591173534793,3.386,1.7607617236132933,0.3333333333333333,5.146761723613293,2.424548779108633,-0.307379008256083,0.307379008256083,-0.307379008256083,0.307379008256083,0.8025896617551536,0.8025896617551536,0.1324537113990253,0.0540143644836378,0.9331639413863724,True,True,True,True,FULL,FULL_direct_exp_rank_4
254,0.42,15.0,0.464,0.223,0.223,0.286841251907236,0.3333333333333333,0.509841251907236,9.785018691865965,0.223,0.4024962966090729,0.3333333333333333,0.6254962966090729,4.161884985351005,0.1156550447018369,0.1156550447018369,0.11565504470183696,0.11565504470183696,-5.62313370651496,5.62313370651496,0.0267484741637812,0.0156607932031581,0.8413882227244113,True,True,True,True,FULL,FULL_direct_exp_rank_4
255,1.34,15.0,1.532,0.812,0.812,1.3202731944591186,0.3333333333333333,2.1322731944591187,2.118955632610797,0.812,1.1713840302873388,0.3333333333333333,1.983384030287339,3.142926547164923,-0.14888916417177978,0.14888916417177978,-0.14888916417177978,0.14888916417177978,1.023970914554126,1.023970914554126,0.0431474561370452,0.0208339706045061,0.966162195191578,True,True,True,True,FULL,FULL_direct_exp_rank_4
256,1.56,15.0,2.845,1.821,1.821,2.049502462074934,0.3333333333333333,3.870502462074933,1.917214666999875,1.821,1.8076963127280403,0.3333333333333333,3.628696312728041,2.7374706874118493,-0.24180614934689348,0.24180614934689348,-0.24180614934689215,0.24180614934689215,0.8202560204119742,0.8202560204119742,0.0742261017400868,0.0346156889486221,0.9617861281762788,True,True,True,True,FULL,FULL_direct_exp_rank_4
257,1.9,15.0,4.37,3.015,3.015,3.1599174946212627,0.3333333333333333,6.174917494621263,1.5540138559861083,3.015,2.67732089340701,0.3333333333333333,5.69232089340701,2.344518743372205,-0.48259660121425263,0.48259660121425263,-0.48259660121425263,0.48259660121425263,0.7905048873860967,0.7905048873860967,0.1432576101861707,0.0665727855769209,0.9369691318383978,True,True,True,True,FULL,FULL_direct_exp_rank_4
258,2.09,15.0,55.263,3.813,3.813,190.18212243089908,0.3333333333333333,193.99512243089907,0.7174733228095233,3.813,255.77267635631472,0.3333333333333333,259.5856763563147,0.5878105609644745,65.59055392541563,65.59055392541563,65.59055392541563,65.59055392541563,-0.12966276184504877,0.12966276184504877,2.1530997650780885,1.7062428534210818,0.984201983267866,True,True,True,True,FULL,FULL_direct_exp_rank_4
284,0.27,1.6652089623887931,2.655,1.3036485066778338,1.3036485066778338,4.61028992899217,3.002626164602998,5.913938435670004,7.913618795998358,1.3036485066778338,3.742181336798861,3.002626164602998,5.045829843476695,10.306102036090223,-0.8681085921933094,0.8681085921933094,-0.8681085921933089,0.8681085921933089,2.392483240091865,2.392483240091865,0.0770545977446291,0.0518214546990948,0.9746583606051332,True,True,True,True,FULL,FULL_direct_exp_rank_4
285,0.5,3.083720300719987,2.417,0.6555920235894309,0.6555920235894309,7.127781251237852,1.621418128885619,7.783373274827283,3.420782268328867,0.6555920235894309,4.217920824710659,1.621418128885619,4.8735128483000905,7.517102442690345,-2.9098604265271923,2.9098604265271923,-2.9098604265271923,2.9098604265271923,4.0963201743614785,4.0963201743614785,0.2428972880824464,0.1618432872768376,0.8355304987266675,True,True,True,True,FULL,FULL_direct_exp_rank_4
286,0.88,5.4273477292671775,5.477,2.848434309388562,2.848434309388562,8.806082929225237,0.9212603005031926,11.6545172386138,2.5046228694450243,2.848434309388562,6.2086594233635335,0.9212603005031926,9.057093732752096,4.809870514548254,-2.5974235058617037,2.5974235058617037,-2.5974235058617037,2.5974235058617037,2.3052476451032295,2.3052476451032295,0.3779768633841732,0.2149663936355816,0.8440022074640475,True,True,True,True,FULL,FULL_direct_exp_rank_4
287,0.29,1.7885577744175924,3.214,1.959240530267265,1.959240530267265,3.9894927128527247,2.7955484980786536,5.94873324311999,8.412171305906568,1.959240530267265,3.5325827488078945,2.7955484980786536,5.4918232790751595,9.84986956944334,-0.4569099640448302,0.4569099640448302,-0.4569099640448302,0.4569099640448302,1.437698263536772,1.437698263536772,0.0500882662283798,0.0317456489338864,0.989732828554329,True,True,True,True,FULL,FULL_direct_exp_rank_4
288,0.44,2.7136738646335887,3.179,1.959240530267265,1.959240530267265,3.8637545585443656,1.8425206010063853,5.822995088811631,5.589277438658442,1.959240530267265,3.076428795413082,1.8425206010063853,5.035669325680347,8.01849953190367,-0.7873257631312836,0.7873257631312836,-0.7873257631312836,0.7873257631312836,2.4292220932452278,2.4292220932452278,0.1124228946902933,0.0652030036988316,0.9461594545418742,True,True,True,True,FULL,FULL_direct_exp_rank_4
289,0.44,2.7136738646335887,5.856,2.848434309388562,2.848434309388562,10.290924987900752,1.8425206010063853,13.139359297289314,4.832563228905287,2.848434309388562,7.65585822491839,1.8425206010063853,10.504292534306952,7.451486667245336,-2.635066762982362,2.635066762982362,-2.635066762982362,2.635066762982362,2.6189234383400493,2.6189234383400493,0.2764006742151061,0.176152974841866,0.9338706731754428,True,True,True,True,FULL,FULL_direct_exp_rank_4
291,0.42,2.590325052604789,4.293,1.959240530267265,1.959240530267265,8.144262348078403,1.9302596772447849,10.103502878345669,4.906645401620717,1.959240530267265,5.877915205599315,1.9302596772447849,7.83715573586658,7.939554823513551,-2.2663471424790878,2.2663471424790878,-2.2663471424790886,2.2663471424790886,3.0329094218928336,3.0329094218928336,0.2305178216731205,0.147953077289239,0.9215945818854316,True,True,True,True,FULL,FULL_direct_exp_rank_4
292,0.27,1.6652089623887931,1.816,0.6555920235894309,0.6555920235894309,4.340373544875488,3.002626164602998,4.99596556846492,6.93036783035678,0.6555920235894309,3.10616274992723,3.002626164602998,3.7617547735166608,10.5078985059472,-1.2342107949482584,1.2342107949482584,-1.2342107949482588,1.2342107949482588,3.5775306755904195,3.5775306755904195,0.0926555312188784,0.0647796720283183,0.9460510467817024,True,True,True,True,FULL,FULL_direct_exp_rank_4
293,0.55,3.392092330791986,3.752,1.3488617496840016,1.3488617496840016,8.999404803617814,1.4740164808051082,10.348266553301816,3.397073578572742,1.3488617496840016,5.769767731450726,1.4740164808051082,7.118629481134727,6.880534708219894,-3.2296370721670886,3.2296370721670886,-3.2296370721670886,3.2296370721670886,3.4834611296471523,3.4834611296471523,0.3162805969426308,0.2026808843341631,0.8533504097999581,True,True,True,True,FULL,FULL_direct_exp_rank_4
295,1.2,7.400928721727968,0.0307,0.0217962758401608,0.0217962758401608,0.0268208917452208,0.6755908870356747,0.0486171675853816,2.3157906832156443,0.0217962758401608,0.023111712160875,0.6755908870356747,0.0449079880010358,2.9079154708873434,-0.003709179584345801,0.003709179584345801,-0.003709179584345801,0.003709179584345801,0.5921247876716991,0.5921247876716991,0.0006338601760849,0.0003478769959712,0.9769872258917854,True,True,True,True,FULL,FULL_direct_exp_rank_4
296,2.0,12.334881202879949,0.131,0.0508579769603752,0.0508579769603752,0.2935284290129898,0.4053545322214048,0.344386405973365,0.9614433155844516,0.0508579769603752,0.2051723952812991,0.4053545322214048,0.2560303722416743,1.5707149359292445,-0.08835603373169071,0.08835603373169071,-0.08835603373169071,0.08835603373169071,0.6092716203447929,0.6092716203447929,0.0076136748315736,0.0051205157654235,0.924458242346935,True,True,True,True,FULL,FULL_direct_exp_rank_4
297,1.8,11.101393082591954,0.046,0.0145308505601072,0.0145308505601072,0.1222071066849876,0.4503939246904497,0.1367379572450948,0.9937795159488002,0.0145308505601072,0.0994978721350648,0.4503939246904497,0.114028722695172,1.2166586624615303,-0.02270923454992281,0.02270923454992281,-0.022709234549922797,0.022709234549922797,0.2228791465127301,0.2228791465127301,0.0012499185667082,0.0009374110912592,0.9864723849850184,True,True,True,True,FULL,FULL_direct_exp_rank_4
302,0.75,4.625580451079981,0.055,0.0153092991217785,0.0153092991217785,0.1595143577214117,1.080945419257079,0.1748236568431902,2.2969478423570417,0.0153092991217785,0.0969708511544712,1.080945419257079,0.1122801502762497,4.656317041821151,-0.06254350656694051,0.06254350656694051,-0.06254350656694051,0.06254350656694051,2.359369199464109,2.359369199464109,0.0049680805567128,0.003372974279678,0.8646452214528857,True,True,True,True,FULL,FULL_direct_exp_rank_4
303,0.91,5.612370947310377,0.041,0.0153092991217785,0.0153092991217785,0.0951653865132687,0.8908890818052851,0.1104746856350472,2.0818876302589207,0.0153092991217785,0.063705921257023,0.8908890818052851,0.0790152203788015,3.739473887084152,-0.0314594652562457,0.0314594652562457,-0.0314594652562457,0.0314594652562457,1.6575862568252315,1.6575862568252315,0.0028573713306983,0.001884808329302,0.8958117677299229,True,True,True,True,FULL,FULL_direct_exp_rank_4
304,1.87,11.533113924692753,0.046,0.0153092991217785,0.0153092991217785,0.1174680513670647,0.4335342590603259,0.1327773504888432,0.9728764088168116,0.0153092991217785,0.0982598049293135,0.4335342590603259,0.113569104051092,1.159482894288947,-0.01920824643775121,0.01920824643775121,-0.01920824643775121,0.01920824643775121,0.18660648547213543,0.18660648547213543,0.0010695904401645,0.0008008420701146,0.9896305546460568,True,True,True,True,FULL,FULL_direct_exp_rank_4
305,2.17,13.383346105124744,0.042,0.0153092991217785,0.0153092991217785,0.0995579974430193,0.373598647208668,0.1148672965647978,0.8653228395367738,0.0153092991217785,0.1020180845452554,0.373598647208668,0.1173273836670339,0.8472573974411927,0.002460087102236108,0.002460087102236108,0.0024600871022360943,0.0024600871022360943,-0.01806544209558114,0.01806544209558114,0.0001190773895422,9.123774431893734e-05,0.9998317906335024,True,True,True,True,FULL,FULL_direct_exp_rank_4
311,1.45,8.942788872087963,1.14,0.7935883525311068,0.7935883525311068,1.051107361858608,0.5591096996157306,1.844695714389715,1.879665749713435,0.7935883525311068,0.818806581716509,0.5591096996157306,1.6123949342476158,3.1162415881292698,-0.23230078014209898,0.23230078014209898,-0.2323007801420991,0.2323007801420991,1.2365758384158347,1.2365758384158347,0.0534325572484159,0.0263907299545792,0.8848278110937675,True,True,True,True,FULL,FULL_direct_exp_rank_4
314,1.8,11.101393082591954,3.8,2.3726672172613705,2.3726672172613705,4.501119428750482,0.4503939246904497,6.873786646011853,1.379736428464202,2.3726672172613705,3.428500673066086,0.4503939246904497,5.801167890327457,2.2740834598759414,-1.0726187556843962,1.0726187556843962,-1.0726187556843962,1.0726187556843962,0.8943470314117394,0.8943470314117394,0.1854967757217941,0.1005187281252736,0.8951677935994282,True,True,True,True,FULL,FULL_direct_exp_rank_4
316,1.1,6.784184661583972,1.23,0.5909609098097346,0.5909609098097346,2.195000047586552,0.7370082404025541,2.7859609573962865,1.920963652491806,0.5909609098097346,1.4815740756010571,0.7370082404025541,2.0725349854107917,4.238017396365884,-0.7134259719854947,0.7134259719854947,-0.7134259719854947,0.7134259719854947,2.3170537438740784,2.3170537438740784,0.1059278615245003,0.0593347967875999,0.7836466368888322,True,True,True,True,FULL,FULL_direct_exp_rank_4
317,0.75,4.625580451079981,0.94,0.7727950359050375,0.7727950359050375,0.4751593936736535,1.080945419257079,1.247954429578691,4.459377299507828,0.7727950359050375,0.4045493432213802,1.080945419257079,1.1773443791264178,6.046112777802485,-0.07061005045227331,0.07061005045227331,-0.07061005045227331,0.07061005045227331,1.5867354782946563,1.5867354782946563,0.0239768483966531,0.010567847162393,0.9588147682272355,True,True,True,True,FULL,FULL_direct_exp_rank_4
320,1.3,8.017672781871967,3.7,1.9806931592524069,1.9806931592524069,5.70674005649928,0.6236223572636995,7.687433215751687,1.723838260148718,1.9806931592524069,4.0250724912015325,0.6236223572636995,6.00576565045394,3.424490840451479,-1.6816675652977473,1.6816675652977473,-1.6816675652977473,1.6816675652977473,1.700652580302761,1.700652580302761,0.265676170151817,0.1468465050371594,0.8234452830152853,True,True,True,True,FULL,FULL_direct_exp_rank_4
321,1.5,9.25116090215996,2.94,0.5553062574145964,0.5553062574145964,10.568278952724356,0.5404727096285398,11.123585210138952,1.04691166819964,0.5553062574145964,5.580778668585176,0.5404727096285398,6.136084925999772,2.770335467231908,-4.98750028413918,4.98750028413918,-4.98750028413918,4.98750028413918,1.723423799032268,1.723423799032268,0.384636082520563,0.2576903008655831,0.7732361460974485,True,True,True,True,FULL,FULL_direct_exp_rank_4
322,1.7,10.484649022447956,1.47,1.1106125148291928,1.1106125148291928,1.0572811334663703,0.4768876849663586,2.1678936482955633,1.7502458150213789,1.1106125148291928,0.870406271363559,0.4768876849663586,1.9810187861927515,2.5150201875212685,-0.18687486210281135,0.18687486210281135,-0.1868748621028118,0.1868748621028118,0.7647743724998897,0.7647743724998897,0.0470331438646103,0.0226881882774259,0.939980234642344,True,True,True,True,FULL,FULL_direct_exp_rank_4
323,1.7,10.484649022447956,7.35,2.2212250296583855,2.2212250296583855,20.160376750419932,0.4768876849663586,22.381601780078316,1.0379375597762583,2.2212250296583855,12.332423913587084,0.4768876849663586,14.55364894324547,2.1868660103327184,-7.827952836832848,7.827952836832848,-7.827952836832846,7.827952836832846,1.14892845055646,1.14892845055646,0.6837207775173281,0.4513605419525253,0.847143830772254,True,True,True,True,FULL,FULL_direct_exp_rank_4
327,0.1,0.6167440601439975,0.08,0.0796743371481683,0.0796743371481683,0.0008090983306987,8.107090644428094,0.080483435478867,77.68977402204777,0.0796743371481683,0.0525781772387434,8.107090644428094,0.1322525143869117,17.471521179215742,0.0517690789080447,0.0517690789080447,0.05176907890804472,0.05176907890804472,-60.21825284283203,60.21825284283203,0.007648314574501,0.0040499642516966,0.3275469174071775,True,True,True,True,FULL,FULL_direct_exp_rank_4
329,1.2,7.400928721727968,0.024,0.0202072594216368,0.0202072594216368,0.010665146237602,0.6755908870356747,0.0308724056592388,2.9023919692701785,0.0202072594216368,0.0108447386249616,0.6755908870356747,0.0310519980465984,2.839870342819435,0.00017959238735960024,0.00017959238735960024,0.0001795923873595985,0.0001795923873595985,-0.06252162645074355,0.06252162645074355,4.225812006415993e-05,2.094002901808216e-05,0.9998013443594828,True,True,True,True,FULL,FULL_direct_exp_rank_4
330,1.1,6.784184661583972,0.025,0.0202072594216368,0.0202072594216368,0.0137190748784508,0.7370082404025541,0.0339263343000876,2.9611290302817843,0.0202072594216368,0.0129815545806635,0.7370082404025541,0.0331888140023003,3.2039459853797196,-0.0007375202977873002,0.0007375202977873002,-0.0007375202977873002,0.0007375202977873002,0.24281695509793533,0.24281695509793533,0.0001644647556023,8.289954748043965e-05,0.997291363658267,True,True,True,True,FULL,FULL_direct_exp_rank_4
331,1.25,7.709300751799968,0.047,0.0398371685740841,0.0398371685740841,0.0200809505252075,0.6485672515542477,0.0599181190992916,2.820311710406355,0.0398371685740841,0.0185979213850594,0.6485672515542477,0.0584350899591435,3.174645532663718,-0.0014830291401480983,0.0014830291401480983,-0.0014830291401480983,0.0014830291401480983,0.3543338222573631,0.3543338222573631,0.0004527182033333,0.0002066495885598,0.9940392984531656,True,True,True,True,FULL,FULL_direct_exp_rank_4
332,1.2,7.400928721727968,0.05,0.0398371685740841,0.0398371685740841,0.0292663957131568,0.6755908870356747,0.0691035642872409,2.6576864448773354,0.0398371685740841,0.0255048822594567,0.6755908870356747,0.0653420508335408,3.348512803087071,-0.003761513453700103,0.003761513453700103,-0.0037615134537000994,0.0037615134537000994,0.6908263582097356,0.6908263582097356,0.0009824108931461,0.0004698896362727,0.976109964048478,True,True,True,True,FULL,FULL_direct_exp_rank_4
333,1.6,9.86790496230396,0.093,0.0796743371481683,0.0796743371481683,0.0371742575975103,0.5066931652767559,0.1168485947456786,2.2486028629786348,0.0796743371481683,0.0349165998966663,0.5066931652767559,0.1145909370448346,2.471633482899766,-0.002257657700843997,0.002257657700843997,-0.002257657700844004,0.002257657700844004,0.22303061992113138,0.22303061992113138,0.0007100366725498,0.0003212541941923,0.9962421041513332,True,True,True,True,FULL,FULL_direct_exp_rank_4
334,2.5,15.418601503599936,0.1,0.0796743371481683,0.0796743371481683,0.0585327914263222,0.3242836257771238,0.1382071285744905,1.275689493540873,0.0796743371481683,0.0671398747286254,0.3242836257771238,0.1468142118767937,1.094272199386143,0.008607083302303198,0.008607083302303198,0.008607083302303198,0.008607083302303198,-0.18141729415472985,0.18141729415472985,0.0012755370761105,0.0007345305123721,0.9899316884239762,True,True,True,True,FULL,FULL_direct_exp_rank_4
335,1.8,11.101393082591954,0.233,0.1991858428704208,0.1991858428704208,0.0944249962521731,0.4503939246904497,0.2936108391225939,1.9904398436807709,0.1991858428704208,0.0881239674449945,0.4503939246904497,0.2873098103154153,2.2119244862550063,-0.006301028807178602,0.006301028807178602,-0.006301028807178588,0.006301028807178588,0.2214846425742354,0.2214846425742354,0.0019887338541708,0.0008987545203858,0.9953062825685748,True,True,True,True,FULL,FULL_direct_exp_rank_4
336,4.0,24.669762405759897,0.251,0.1991858428704208,0.1991858428704208,0.1494580982300445,0.2026772661107024,0.3486439411004653,0.792806515114832,0.1991858428704208,0.3692517240968994,0.2026772661107024,0.5684375669673202,0.4053536877131921,0.21979362586685489,0.21979362586685489,0.21979362586685486,0.21979362586685486,-0.38745282740163994,0.38745282740163994,0.0145390678719384,0.0103417945403966,0.793073119831307,True,True,True,True,FULL,FULL_direct_exp_rank_4
337,1.13,6.96920787962717,0.045,0.0153092991217785,0.0153092991217785,0.1129415099906837,0.7174416499493891,0.1282508091124622,1.6219045254507285,0.0153092991217785,0.0754171174578915,0.7174416499493891,0.09072641657967,2.7996164715481724,-0.0375243925327922,0.0375243925327922,-0.0375243925327922,0.0375243925327922,1.177711946097444,1.177711946097444,0.003021858291399,0.0020637055627109,0.9117494707946134,True,True,True,True,FULL,FULL_direct_exp_rank_4
338,1.74,10.731346646505555,0.033,0.0153092991217785,0.0153092991217785,0.0614267591501006,0.4659247496797756,0.0767360582718792,1.1936384711708052,0.0153092991217785,0.0552052890904614,0.4659247496797756,0.0705145882122399,1.3399489239002982,-0.006221470059639203,0.006221470059639203,-0.0062214700596393,0.0062214700596393,0.14631045272949295,0.14631045272949295,0.0004403421281063,0.0003143881362813,0.995050724986288,True,True,True,True,FULL,FULL_direct_exp_rank_4
339,2.13,13.136648481067144,0.035,0.0153092991217785,0.0153092991217785,0.0696089127687665,0.3806145842454505,0.084918211890545,0.9488333573269884,0.0153092991217785,0.07549215459904,0.3806145842454505,0.0908014537208185,0.8821757716869363,0.0058832418302735,0.0058832418302735,0.0058832418302735,0.0058832418302735,-0.06665758564005209,0.06665758564005209,0.0003167641008402,0.0002387351880717,0.997891830196018,True,True,True,True,FULL,FULL_direct_exp_rank_4
340,3.5,21.58604210503991,0.026,0.0153092991217785,0.0153092991217785,0.0343911652377439,0.2316311612693741,0.0497004643595224,0.6801344819537776,0.0153092991217785,0.1628216209844701,0.2316311612693741,0.1781309201062486,0.3029683808594502,0.12843045574672618,0.12843045574672618,0.12843045574672618,0.12843045574672618,-0.37716610109432736,0.37716610109432736,0.0026439616321614,0.0021543289733114,0.5872625677582715,True,True,True,True,FULL,FULL_direct_exp_rank_4
341,1.13,6.96920787962717,0.055,0.0153092991217785,0.0153092991217785,0.1595143577209842,0.7174416499493891,0.1748236568427627,1.524522904222498,0.0153092991217785,0.1002877844772485,0.7174416499493891,0.115597083599027,2.7987703283135112,-0.05922657324373572,0.05922657324373572,-0.05922657324373569,0.05922657324373569,1.2742474240910133,1.2742474240910133,0.0043208778254468,0.0030151031295248,0.8976140634075055,True,True,True,True,FULL,FULL_direct_exp_rank_4
342,1.22,7.524277533756768,0.039,0.0153092991217785,0.0153092991217785,0.0864894320112215,0.6645156265924669,0.101798731133,1.5829859963913084,0.0153092991217785,0.0615090434670998,0.6645156265924669,0.0768183425888783,2.4967027333849403,-0.0249803885441217,0.0249803885441217,-0.0249803885441217,0.0249803885441217,0.9137167369936319,0.9137167369936319,0.002103224047509,0.001425608513941,0.9341617581637108,True,True,True,True,FULL,FULL_direct_exp_rank_4
343,1.45,8.942788872087963,0.034,0.0153092991217785,0.0153092991217785,0.0654950286258003,0.5591096996157306,0.0808043277475788,1.4123161332544465,0.0153092991217785,0.0519540772567389,0.5591096996157306,0.0672633763785174,1.8798974483052833,-0.013540951369061395,0.013540951369061395,-0.013540951369061402,0.013540951369061402,0.4675813150508368,0.4675813150508368,0.001109653893347,0.0007619913697087,0.9715442455169566,True,True,True,True,FULL,FULL_direct_exp_rank_4
344,2.17,13.383346105124744,0.028,0.0153092991217785,0.0153092991217785,0.0418356081902535,0.373598647208668,0.057144907312032,1.0458293131757963,0.0153092991217785,0.0529581418960004,0.373598647208668,0.0682674410177789,0.8475270050383061,0.011122533705746902,0.011122533705746902,0.011122533705746902,0.011122533705746902,-0.19830230813749017,0.19830230813749017,0.0006573597497445,0.0004866829379509,0.9804889760046251,True,True,True,True,FULL,FULL_direct_exp_rank_4
345,0.6,3.700464360863984,0.062,0.0153092991217785,0.0153092991217785,0.1936315334445874,1.3511817740713494,0.2089408325663659,2.78103428223211,0.0153092991217785,0.1141279179518572,1.3511817740713494,0.1294372170736357,5.776587484917034,-0.07950361549273019,0.07950361549273019,-0.07950361549273019,0.07950361549273019,2.9955532026849236,2.9955532026849236,0.0059411038543894,0.0040900258269615,0.8595143830254983,True,True,True,True,FULL,FULL_direct_exp_rank_4
346,0.7,4.317208421007981,0.05,0.0153092991217785,0.0153092991217785,0.1358772828198478,1.1581558063468709,0.1511865819416263,2.530764500816095,0.0153092991217785,0.0848494359629352,1.1581558063468709,0.1001587350847137,4.998126761798382,-0.051027846856912584,0.051027846856912584,-0.0510278468569126,0.0510278468569126,2.467362260982287,2.467362260982287,0.0042563342884425,0.0028576280434721,0.870630894600667,True,True,True,True,FULL,FULL_direct_exp_rank_4
347,0.9,5.550696541295977,0.034,0.0153092991217785,0.0153092991217785,0.0654950141480271,0.9007878493808994,0.0808043132698056,2.275398701589776,0.0153092991217785,0.0466403381372432,0.9007878493808994,0.0619496372590217,3.7910445506621535,-0.018854676010783895,0.018854676010783895,-0.018854676010783895,0.018854676010783895,1.5156458490723774,1.5156458490723774,0.0019436629651538,0.0012408166105566,0.9126954351179182,True,True,True,True,FULL,FULL_direct_exp_rank_4
348,1.8,11.101393082591954,0.027,0.0153092991217785,0.0153092991217785,0.038082793731829,0.4503939246904497,0.0533920928536075,1.2897687725693818,0.0153092991217785,0.0391365725021557,0.4503939246904497,0.0544458716239342,1.2530456999916977,0.0010537787703267035,0.0010537787703267035,0.0010537787703267035,0.0010537787703267035,-0.036723072577684146,0.036723072577684146,8.198600651466745e-05,5.725926282893971e-05,0.99965402385271,True,True,True,True,FULL,FULL_direct_exp_rank_4
349,1.13,6.96920787962717,0.043,0.0153092991217785,0.0153092991217785,0.1039855497101338,0.7174416499493891,0.1192948488319123,1.6477168177591195,0.0153092991217785,0.0704435846690907,0.7174416499493891,0.0857528837908692,2.7997857414695524,-0.03354196504104309,0.03354196504104309,-0.03354196504104309,0.03354196504104309,1.152068923710433,1.152068923710433,0.0027686996775969,0.0018800940272125,0.9152576333418504,True,True,True,True,FULL,FULL_direct_exp_rank_4
350,1.37,8.449393623972766,0.041,0.0153092991217785,0.0153092991217785,0.0951653865075495,0.591758441199131,0.110474685629328,1.3828596668882291,0.0153092991217785,0.0688790639588848,0.591758441199131,0.0841883630806634,2.071476757385926,-0.026286322548664698,0.026286322548664698,-0.0262863225486646,0.0262863225486646,0.6886170904976969,0.6886170904976969,0.0020097243607822,0.0013994126152527,0.94845835239355,True,True,True,True,FULL,FULL_direct_exp_rank_4
351,1.67,10.299625804404757,0.032,0.0153092991217785,0.0153092991217785,0.057405854043788,0.4854545296064728,0.0727151531655665,1.2626030593869657,0.0153092991217785,0.0507064101239767,0.4854545296064728,0.0660157092457552,1.4511206222366275,-0.006699443919811303,0.006699443919811303,-0.006699443919811296,0.006699443919811296,0.1885175628496618,0.1885175628496618,0.0005037294190741,0.0003544736881324,0.992814478200292,True,True,True,True,FULL,FULL_direct_exp_rank_4
352,2.91,17.947252150190327,0.03,0.0153092991217785,0.0153092991217785,0.0495137718239397,0.2785941802208967,0.0648230709457182,0.7494886652754336,0.0153092991217785,0.1113701706671555,0.2785941802208967,0.126679469788934,0.4438222183325522,0.0618563988432158,0.0618563988432158,0.061856398843215796,0.061856398843215796,-0.30566644694288136,0.30566644694288136,0.0020251225057367,0.001610633536076,0.8549414717610384,True,True,True,True,FULL,FULL_direct_exp_rank_4
353,0.9,5.550696541295977,0.037,0.0153092991217785,0.0153092991217785,0.0779670989319231,0.9007878493808994,0.0932763980537016,2.192227389199339,0.0153092991217785,0.0539313372575167,0.9007878493808994,0.0692406363792953,3.790692142346764,-0.02403576167440641,0.02403576167440641,-0.024035761674406297,0.024035761674406297,1.5984647531474252,1.5984647531474252,0.0023354400124493,0.001514246960678,0.9041969757713167,True,True,True,True,FULL,FULL_direct_exp_rank_4
354,1.05,6.475812631511974,0.032,0.0153092991217785,0.0153092991217785,0.0574058541682785,0.7721038708979138,0.0727151532900571,2.0081400996379837,0.0153092991217785,0.0425302116023835,0.7721038708979138,0.057839510724162,3.1067241447483855,-0.014875642565894999,0.014875642565894999,-0.014875642565895096,0.014875642565895096,1.0985840451104019,1.0985840451104019,0.001532277329121,0.0009817158016971,0.9335127405276346,True,True,True,True,FULL,FULL_direct_exp_rank_4
355,1.15,7.09255669165597,0.028,0.0153092991217785,0.0153092991217785,0.0418356081862674,0.7049644038633127,0.0571449073080459,1.9734344433232216,0.0153092991217785,0.0332806396337931,0.7049644038633127,0.0485899387555716,2.7300802987847694,-0.008554968552474299,0.008554968552474299,-0.008554968552474305,0.008554968552474305,0.7566458554615478,0.7566458554615478,0.0009441508875069,0.0005948614377137,0.9597508551869588,True,True,True,True,FULL,FULL_direct_exp_rank_4
356,1.4,8.634416842015963,0.024,0.0153092991217785,0.0153092991217785,0.0272042150777216,0.5790779031734354,0.0425135141995001,1.8037445140554815,0.0153092991217785,0.0250927100968141,0.5790779031734354,0.0404020092185926,1.9979003266715112,-0.002111504980907501,0.002111504980907501,-0.002111504980907501,0.002111504980907501,0.19415581261602965,0.19415581261602965,0.0002364641462564,0.0001489963279562,0.995575017201508,True,True,True,True,FULL,FULL_direct_exp_rank_4
357,0.75,4.625580451079981,0.028,0.0153092991217785,0.0153092991217785,0.0418356081843982,1.080945419257079,0.0571449073061767,3.0259328132395527,0.0153092991217785,0.0317606213625599,1.080945419257079,0.0470699204843384,4.660242932786823,-0.0100749868218383,0.0100749868218383,-0.0100749868218383,0.0100749868218383,1.6343101195472705,1.6343101195472705,0.0012531210189742,0.0007577079918451,0.9290977732240918,True,True,True,True,FULL,FULL_direct_exp_rank_4
358,1.15,7.09255669165597,0.026,0.0153092991217785,0.0153092991217785,0.0343911653190034,0.7049644038633127,0.0497004644407819,2.0699745048837284,0.0153092991217785,0.028295229479217,0.7049644038633127,0.0436045286009955,2.73024493011388,-0.0060959358397864,0.0060959358397864,-0.006095935839786397,0.006095935839786397,0.6602704252301517,0.6602704252301517,0.0007218110047944,0.0004455886819982,0.9692382839737044,True,True,True,True,FULL,FULL_direct_exp_rank_4
359,1.1,6.784184661583972,0.024,0.0153092991217785,0.0153092991217785,0.0272042141314279,0.7370082404025541,0.0425135132532064,2.2956749282231264,0.0153092991217785,0.0230568447468618,0.7370082404025541,0.0383661438686403,2.9119066756748437,-0.004147369384566099,0.004147369384566099,-0.004147369384566106,0.004147369384566106,0.6162317474517174,0.6162317474517174,0.0005488089528244,0.0003273578192261,0.9761645494857316,True,True,True,True,FULL,FULL_direct_exp_rank_4
360,1.2,7.400928721727968,0.022,0.0153092991217785,0.0153092991217785,0.0203041095024898,0.6755908870356747,0.0356134086242683,2.2704692840433656,0.0153092991217785,0.0185733689824934,0.6755908870356747,0.0338826681042719,2.5620061696939547,-0.0017307405199964015,0.0017307405199964015,-0.0017307405199964015,0.0017307405199964015,0.2915368856505891,0.2915368856505891,0.0002430010880073,0.0001424805592963,0.9936074041015852,True,True,True,True,FULL,FULL_direct_exp_rank_4
