sample_id,u_peak,u_r,tau_peak,tau_r,true_a,true_b,true_c,true_d,true_e,estimated_a,estimated_b,estimated_c,estimated_d,estimated_e,error_b,abs_error_b,error_d,abs_error_d,error_e,abs_error_e,curve_rmse_tau_u,curve_mae_tau_u,curve_r2_tau_u,curve_valid,dataset,model_name
7,0.72,2.75,0.044,0.03175,0.03175,0.0801325410005739,1.818181818181818,0.1118825410005739,3.441242286799551,0.03175,0.3694415104252626,1.818181818181818,0.4011915104252626,2.1930410562056726,0.28930896942468864,0.28930896942468864,0.28930896942468864,0.28930896942468864,-1.2482012305938786,1.2482012305938786,0.003245382958407598,0.0026521229806964084,0.7715888585352544,True,FULL,FULL_exp_log_rank_3
8,0.92,3.0,0.035,0.02825,0.02825,0.0557241852265918,1.6666666666666667,0.0839741852265918,3.007954906577982,0.02825,0.1893628451053234,1.6666666666666667,0.2176128451053234,2.0346641829036276,0.13363865987873158,0.13363865987873158,0.13363865987873158,0.13363865987873158,-0.9732907236743542,0.9732907236743542,0.0013181673223721263,0.0010687042370854183,0.9409878218383325,True,FULL,FULL_exp_log_rank_3
9,0.97,3.0,0.029,0.0255,0.0255,0.0288872445152351,1.6666666666666667,0.0543872445152351,3.290221199159674,0.0255,0.1028292645476715,1.6666666666666667,0.1283292645476715,2.1644897322495527,0.0739420200324364,0.0739420200324364,0.07394202003243638,0.07394202003243638,-1.1257314669101213,1.1257314669101213,0.0010182082022419951,0.0008479388756168216,0.9503140176794478,True,FULL,FULL_exp_log_rank_3
11,0.78,3.5,0.05,0.0417499999999999,0.0417499999999999,0.0354980845491272,1.4285714285714286,0.0772480845491271,4.004659571873231,0.0417499999999999,0.2531184627269749,1.4285714285714286,0.2948684627269748,2.146026021091069,0.2176203781778477,0.2176203781778477,0.2176203781778477,0.2176203781778477,-1.8586335507821619,1.8586335507821619,0.010166338959288363,0.007681434756193034,-1.1341838226511545,True,FULL,FULL_exp_log_rank_3
12,1.25,3.5,0.04,0.034,0.034,0.0670624339164287,1.4285714285714286,0.1010624339164287,2.366794324621144,0.034,0.1486584541452731,1.4285714285714286,0.1826584541452731,1.7604689415798844,0.0815960202288444,0.0815960202288444,0.0815960202288444,0.0815960202288444,-0.6063253830412594,0.6063253830412594,0.0019517891989938524,0.0011494544559579889,0.9089248040037308,True,FULL,FULL_exp_log_rank_3
13,1.8,4.0,0.035,0.033,0.033,0.0334302203204883,1.25,0.0664302203204883,2.0972939397426664,0.033,0.0309552743912178,1.25,0.0639552743912179,1.87981769450609,-0.0024749459292705,0.0024749459292705,-0.002474945929270403,0.002474945929270403,-0.21747624523657638,0.21747624523657638,0.001324790801867553,0.0008551252588223774,0.9543833037440266,True,FULL,FULL_exp_log_rank_3
28,0.13,1.325,1.02,0.6675,0.6675,0.6738254010838505,3.7735849056603774,1.3413254010838505,23.891608655167115,0.6675,0.6478053631590457,3.7735849056603774,1.3153053631590457,23.187647022515947,-0.026020037924804784,0.026020037924804784,-0.026020037924804784,0.026020037924804784,-0.7039616326511684,0.7039616326511684,0.008272748462226595,0.004441835213489371,0.9960632210094449,True,FULL,FULL_exp_log_rank_3
29,0.6,2.425,4.93,4.2975,4.2975,3.110870023650559,2.061855670103093,7.408370023650559,5.517814597970529,4.2975,0.586460746638644,2.061855670103093,4.883960746638644,7.81533479582059,-2.524409277011915,2.524409277011915,-2.524409277011915,2.524409277011915,2.2975201978500612,2.2975201978500612,0.2418590552603797,0.16628090171984972,0.8838388656405665,True,FULL,FULL_exp_log_rank_3
30,2.17,3.85,16.37,14.955,14.955,60.674147880173095,1.2987012987012987,75.6291478801731,1.6284330431129306,14.955,112.61043415848046,1.2987012987012987,127.56543415848046,1.3862167812638615,51.936286278307364,51.936286278307364,51.936286278307364,51.936286278307364,-0.24221626184906908,0.24221626184906908,1.5934661315672956,1.1452776387845627,0.7189606737350617,True,FULL,FULL_exp_log_rank_3
31,0.24,1.275,0.66,0.475,0.475,0.6758571313827281,3.9215686274509807,1.150857131382728,11.17767536247715,0.475,0.80135801225306,3.9215686274509807,1.27635801225306,9.584574754897869,0.12550088087033195,0.12550088087033195,0.12550088087033195,0.12550088087033195,-1.5931006075792808,1.5931006075792808,0.009741592628363157,0.006506790059865891,0.9889757277137655,True,FULL,FULL_exp_log_rank_3
33,2.26,4.125,16.14,11.3475,11.3475,422.7987490320256,1.2121212121212122,434.1462490320256,1.3091974223177918,11.3475,124.4489675099734,1.2121212121212122,135.79646750997338,1.2721044744654475,-298.34978152205224,298.34978152205224,-298.34978152205224,298.34978152205224,-0.037092947852344293,0.037092947852344293,5.238291128429942,4.038950776601994,-1.064731441355986,True,FULL,FULL_exp_log_rank_3
34,0.47,1.525,1.07,0.6975,0.6975,4.0455139668571585,3.278688524590164,4.743013966857158,4.812842755740618,0.6975,2.019251845905881,3.278688524590164,2.716751845905881,4.656339839056355,-2.0262621209512774,2.0262621209512774,-2.0262621209512774,2.0262621209512774,-0.1565029166842633,0.1565029166842633,0.15489423911884873,0.1115165517919885,0.29580579243693417,True,FULL,FULL_exp_log_rank_3
35,0.47,2.2,4.91,4.25,4.25,2.5915991927768687,2.2727272727272725,6.841599192776869,7.213346651196478,4.25,0.931345874011023,2.2727272727272725,5.181345874011023,8.806011165479852,-1.6602533187658457,1.6602533187658457,-1.6602533187658457,1.6602533187658457,1.5926645142833742,1.5926645142833742,0.1968328925120225,0.1328655949134511,0.9140753421285006,True,FULL,FULL_exp_log_rank_3
36,1.48,3.625,14.91,14.235,14.235,8.232456046268986,1.3793103448275863,22.467456046268985,2.7321098339023515,14.235,40.39219195979068,1.3793103448275863,54.62719195979068,1.7404153962866435,32.15973591352169,32.15973591352169,32.15973591352169,32.15973591352169,-0.991694437615708,0.991694437615708,0.46716532257141674,0.35192262489085285,0.9671209744539887,True,FULL,FULL_exp_log_rank_3
37,0.11,1.325,0.89,0.5625,0.5625,0.5639971811696873,3.7735849056603774,1.1264971811696871,29.2958502513531,0.5625,0.6245757558329399,3.7735849056603774,1.18707575583294,27.749733816560628,0.06057857466325256,0.06057857466325256,0.06057857466325278,0.06057857466325278,-1.5461164347924736,1.5461164347924736,0.011374833257601538,0.006996056739801948,0.9902437577355476,True,FULL,FULL_exp_log_rank_3
38,0.26,2.175,5.3,4.1,4.1,2.5910971306331803,2.298850574712644,6.69109713063318,13.042743993933716,4.1,1.11275807846744,2.298850574712644,5.21275807846744,15.604237867879542,-1.4783390521657402,1.4783390521657402,-1.4783390521657402,1.4783390521657402,2.5614938739458264,2.5614938739458264,0.2689193079031943,0.1685082141863758,0.8158031524222665,True,FULL,FULL_exp_log_rank_3
39,0.54,3.35,15.9,14.4675,14.4675,3.852469877296928,1.4925373134328357,18.319969877296927,7.688914610134782,14.4675,24.7392314716499,1.4925373134328357,39.2067314716499,4.308339391864766,20.886761594352972,20.886761594352972,20.886761594352976,20.886761594352976,-3.3805752182700166,3.3805752182700166,2.556333172090324,1.7142313402867595,-0.6830126471064175,True,FULL,FULL_exp_log_rank_3
40,0.3,1.35,0.88,0.635,0.635,1.1651130574348498,3.7037037037037033,1.8001130574348498,8.547982610717572,0.635,1.0035704173440954,3.7037037037037033,1.6385704173440954,7.835805070595339,-0.16154264009075447,0.16154264009075447,-0.16154264009075447,0.16154264009075447,-0.7121775401222328,0.7121775401222328,0.04002406184154696,0.024646760011726374,0.9045293283858498,True,FULL,FULL_exp_log_rank_3
41,0.38,2.175,5.2,4.3975,4.3975,2.452688320111813,2.298850574712644,6.850188320111813,9.031706106944794,4.3975,0.965335511877881,2.298850574712644,5.362835511877881,10.909327790393585,-1.4873528082339318,1.4873528082339318,-1.4873528082339318,1.4873528082339318,1.8776216834487904,1.8776216834487904,0.21072806808359748,0.13797657995703297,0.8996747316786058,True,FULL,FULL_exp_log_rank_3
42,0.71,3.35,16.28,14.8375,14.8375,5.373344828404187,1.4925373134328357,20.210844828404188,5.457009220110153,14.8375,38.186939904059074,1.4925373134328357,53.02443990405907,2.8813051657596183,32.81359507565489,32.81359507565489,32.81359507565489,32.81359507565489,-2.575704054350535,2.575704054350535,2.3939708463986134,1.714817951697939,-0.15952392342673272,True,FULL,FULL_exp_log_rank_3
43,0.88,1.475,0.58,0.535,0.535,2.3643732180319175,3.389830508474576,2.8993732180319176,4.157276354583812,0.535,2.84871296593738,3.389830508474576,3.38371296593738,3.6781749110293784,0.48433974790546275,0.48433974790546275,0.4843397479054623,0.4843397479054623,-0.4791014435544332,0.4791014435544332,0.058079117801301226,0.04251526559811302,0.7109223838400447,True,FULL,FULL_exp_log_rank_3
44,1.5,2.625,3.89,3.6325,3.6325,10.486129835864666,1.9047619047619049,14.118629835864668,2.474961892115721,3.6325,5.52872477439557,1.9047619047619049,9.16122477439557,2.3937913083071782,-4.957405061469096,4.957405061469096,-4.957405061469098,4.957405061469098,-0.08117058380854258,0.08117058380854258,0.2951642268975909,0.2172755371027154,0.8335110416504022,True,FULL,FULL_exp_log_rank_3
45,2.87,4.1,13.67,13.42,13.42,16.705556614946417,1.2195121951219514,30.12555661494642,1.6634039681803665,13.42,72.62881420480564,1.2195121951219514,86.04881420480564,1.3011738212832489,55.92325758985922,55.92325758985922,55.92325758985922,55.92325758985922,-0.36223014689711763,0.36223014689711763,0.606768706939263,0.3756302223995715,0.9459872438267675,True,FULL,FULL_exp_log_rank_3
46,0.79,1.5,0.8,0.665,0.665,6.166849946093346,3.3333333333333335,6.831849946093346,3.9230290740544778,0.665,2.977394925600624,3.3333333333333335,3.642394925600624,3.731267254803724,-3.189455020492722,3.189455020492722,-3.189455020492722,3.189455020492722,-0.19176181925075397,0.19176181925075397,0.13307131992757526,0.10026087028771276,0.16722709392427448,True,FULL,FULL_exp_log_rank_3
47,0.6,2.175,5.04,4.655,4.655,2.141531174694559,2.298850574712644,6.796531174694559,6.310564627174357,4.655,1.6880760846326428,2.298850574712644,6.343076084632643,6.143431563682904,-0.4534550900619161,0.4534550900619161,-0.4534550900619161,0.4534550900619161,-0.16713306349145274,0.16713306349145274,0.08852757186238912,0.05541891728031257,0.9863727459760476,True,FULL,FULL_exp_log_rank_3
48,2.37,4.125,16.38,14.3675,14.3675,112.7264689844744,1.2121212121212122,127.0939689844744,1.4228254925840296,14.3675,99.1716362859031,1.2121212121212122,113.5391362859031,1.2981347442126474,-13.554832698571289,13.554832698571289,-13.554832698571303,13.554832698571303,-0.12469074837138217,0.12469074837138217,2.3715149526583117,1.775525050182641,0.38086404437361565,True,FULL,FULL_exp_log_rank_3
49,1.46,2.566666666666667,4.68,4.1066666666666665,4.1066666666666665,30.593215473314466,1.948051948051948,34.69988213998113,2.300589855794831,4.1066666666666665,9.727916574481366,1.948051948051948,13.834583241148032,2.3042967393687013,-20.8652988988331,20.8652988988331,-20.865298898833096,20.865298898833096,0.0037068835738702788,0.0037068835738702788,0.6580260384556063,0.49879237383695624,0.41244060557236184,True,FULL,FULL_exp_log_rank_3
50,4.16,4.75,15.04,14.775,14.775,58.5314735148253,1.0526315789473684,73.3064735148253,1.2144266984360343,14.775,151.5200921363997,1.0526315789473684,166.29509213639972,1.0815026818067155,92.9886186215744,92.9886186215744,92.98861862157442,92.98861862157442,-0.13292401662931885,0.13292401662931885,0.949719332634613,0.6013886190074866,0.875135722138237,True,FULL,FULL_exp_log_rank_3
51,1.26,1.85,0.94,0.785,0.785,27.151829140946248,2.702702702702702,27.936829140946248,2.8751003676389564,0.785,5.535893424071974,2.702702702702702,6.320893424071974,2.8500876910206734,-21.615935716874276,21.615935716874276,-21.615935716874276,21.615935716874276,-0.025012676618282992,0.025012676618282992,0.26108749452035673,0.1945437329992927,-0.7311189259163151,True,FULL,FULL_exp_log_rank_3
52,3.13,4.466666666666667,15.58,14.793333333333337,14.793333333333337,75.02328336156236,1.1194029850746268,89.8166166948957,1.313812712287742,14.793333333333337,95.6350007499897,1.1194029850746268,110.42833408332304,1.1830119554954452,20.611717388427337,20.611717388427337,20.611717388427337,20.611717388427337,-0.13080075679229686,0.13080075679229686,1.4663968019182898,1.034935990343035,0.7396167432480303,True,FULL,FULL_exp_log_rank_3
53,1.15,1.85,0.71,0.65,0.65,3.9933470021604136,2.702702702702702,4.6433470021604135,3.19021506632708,0.65,3.122601513887048,2.702702702702702,3.772601513887048,2.9404491516859146,-0.8707454882733656,0.8707454882733656,-0.8707454882733656,0.8707454882733656,-0.2497659146411655,0.2497659146411655,0.08502209692368001,0.0635792854815592,0.5912070674178234,True,FULL,FULL_exp_log_rank_3
55,0.63,3.85,16.18,14.365,14.365,5.024596391351091,1.2987012987012987,19.38959639135109,6.152370825583352,14.365,11.12668614770542,1.2987012987012987,25.49168614770542,4.633573787021152,6.10208975635433,6.10208975635433,6.102089756354328,6.102089756354328,-1.5187970385621998,1.5187970385621998,0.7418110856722836,0.4910457373936914,0.864545363016918,True,FULL,FULL_exp_log_rank_3
56,0.45,1.5666666666666669,0.87,0.6366666666666667,0.6366666666666667,1.8543711063769357,3.191489361702127,2.4910377730436024,5.520751658815112,0.6366666666666667,1.2327567434836888,3.191489361702127,1.8694234101503555,5.2027867829726135,-0.6216143628932469,0.6216143628932469,-0.6216143628932469,0.6216143628932469,-0.3179648758424989,0.3179648758424989,0.07546500502457783,0.05178461123913786,0.696264807354021,True,FULL,FULL_exp_log_rank_3
57,0.58,2.175,5.35,4.42,4.42,5.5363451785319135,2.298850574712644,9.956345178531912,5.059116621676996,4.42,4.020870053490976,2.298850574712644,8.440870053490976,4.872682291922132,-1.515475125040938,1.515475125040938,-1.5154751250409362,1.5154751250409362,-0.18643432975486363,0.18643432975486363,0.23388399700140244,0.15363697108900903,0.9126252169699474,True,FULL,FULL_exp_log_rank_3
58,0.94,3.875,16.28,13.935,13.935,11.349260923481204,1.2903225806451613,25.28426092348121,3.405427164282276,13.935,23.378518657488485,1.2903225806451613,37.31351865748849,2.4848544061313973,12.029257734007281,12.029257734007281,12.029257734007277,12.029257734007277,-0.9205727581508789,0.9205727581508789,0.5545322845977496,0.42377843005574684,0.9432216236227648,True,FULL,FULL_exp_log_rank_3
60,2.38,2.85,5.22,4.84,4.84,137.35939252357494,1.7543859649122806,142.19939252357494,1.8523237169572588,4.84,31.397278689564494,1.7543859649122806,36.2372786895645,1.8330549542072188,-105.96211383401044,105.96211383401044,-105.96211383401044,105.96211383401044,-0.01926876275004008,0.01926876275004008,1.041152318352541,0.7052885296749608,-0.1594312420357742,True,FULL,FULL_exp_log_rank_3
61,2.68,4.125,16.95,15.5375,15.5375,116.71406105996982,1.2121212121212122,132.25156105996982,1.3981039630569712,15.5375,146.44616329328068,1.2121212121212122,161.98366329328067,1.2659644944478865,29.732102233310854,29.732102233310854,29.732102233310854,29.732102233310854,-0.13213946860908465,0.13213946860908465,2.1966563944909105,1.6204191776053296,0.5142494417430163,True,FULL,FULL_exp_log_rank_3
62,0.71,1.6,1.14,0.9133333333333334,0.9133333333333334,5.696830896813862,3.125,6.610164230147195,3.976020028848459,0.9133333333333334,2.488097798935407,3.125,3.4014311322687405,3.864568270910477,-3.2087330978784547,3.2087330978784547,-3.2087330978784543,3.2087330978784543,-0.1114517579379819,0.1114517579379819,0.1617356101858447,0.12009128051200031,0.33400538715255224,True,FULL,FULL_exp_log_rank_3
63,0.76,2.2,5.03,4.68,4.68,3.0326428857358856,2.2727272727272725,7.712642885735885,4.87933520201715,4.68,3.270334328902906,2.2727272727272725,7.950334328902906,4.271954436966003,0.2376914431670203,0.2376914431670203,0.2376914431670203,0.2376914431670203,-0.6073807650511469,0.6073807650511469,0.12030448185958094,0.06415879263700051,0.9784432158959363,True,FULL,FULL_exp_log_rank_3
64,2.73,4.125,15.88,13.97,13.97,220.02903798852773,1.2121212121212122,233.99903798852773,1.3339956390040135,13.97,130.42927533685472,1.2121212121212122,144.3992753368547,1.2650475473915372,-89.59976265167302,89.59976265167302,-89.59976265167302,89.59976265167302,-0.06894809161247628,0.06894809161247628,3.051565926674869,2.2770041342276217,-0.023002640266284624,True,FULL,FULL_exp_log_rank_3
65,0.63,1.5666666666666669,1.42,0.9733333333333332,0.9733333333333332,10.644929502666052,3.191489361702127,11.618262835999383,3.927118476960182,0.9733333333333332,3.414529288875389,3.191489361702127,4.387862622208722,3.913180361340551,-7.230400213790663,7.230400213790663,-7.230400213790661,7.230400213790661,-0.013938115619631208,0.013938115619631208,0.2858800746786915,0.21471976072371365,-0.19356047099933615,True,FULL,FULL_exp_log_rank_3
66,0.34,2.175,5.0,4.24,4.24,2.0482757543105174,2.298850574712644,6.288275754310518,10.49368724913285,4.24,0.3349893771926089,2.298850574712644,4.574989377192609,15.624394843165248,-1.7132863771179085,1.7132863771179085,-1.7132863771179085,1.7132863771179085,5.130707594032398,5.130707594032398,0.2557579066533304,0.1637187131463504,0.8278111393874996,True,FULL,FULL_exp_log_rank_3
67,3.13,4.533333333333333,14.91,14.596666666666666,14.596666666666666,20.35467702287054,1.1029411764705883,34.951343689537204,1.4882877719989878,14.596666666666666,69.3457439599009,1.1029411764705883,83.94241062656756,1.1875991867907545,48.99106693703036,48.99106693703036,48.99106693703036,48.99106693703036,-0.30068858520823327,0.30068858520823327,0.6963329605056306,0.4406238724567874,0.9402741756417017,True,FULL,FULL_exp_log_rank_3
68,0.49,1.5666666666666669,0.79,0.63,0.63,1.4068332196782207,3.191489361702127,2.0368332196782206,5.5461514668738845,0.63,1.0885496704461324,3.191489361702127,1.7185496704461325,5.066642933601237,-0.31828354923208835,0.31828354923208835,-0.3182835492320881,0.3182835492320881,-0.4795085332726474,0.4795085332726474,0.05399952910627352,0.03610472457552381,0.8088443265481164,True,FULL,FULL_exp_log_rank_3
69,1.69,2.566666666666667,5.04,4.426666666666667,4.426666666666667,69.19774278410341,1.948051948051948,73.62440945077007,2.1459242646578933,4.426666666666667,17.788523075874625,1.948051948051948,22.21518974254129,2.133294919727105,-51.40921970822879,51.40921970822879,-51.40921970822878,51.40921970822878,-0.012629344930788378,0.012629344930788378,0.9651895907073622,0.7247458939457107,-0.014071407353648535,True,FULL,FULL_exp_log_rank_3
70,3.12,4.466666666666667,16.37,15.163333333333334,15.163333333333334,137.96164146287623,1.1194029850746268,153.12497479620956,1.2614658876838951,15.163333333333334,119.41433597881544,1.1194029850746268,134.57766931214877,1.1725980432358694,-18.547305484060786,18.547305484060786,-18.547305484060786,18.547305484060786,-0.08886784444802576,0.08886784444802576,2.1798382461881145,1.5710859157815955,0.4715411549868458,True,FULL,FULL_exp_log_rank_3
71,0.18,1.5666666666666669,0.87,0.6,0.6,0.5778652142592701,3.191489361702127,1.17786521425927,16.988625203858206,0.6,0.4727272335047,3.191489361702127,1.0727272335047,17.054709645093247,-0.10513798075457009,0.10513798075457009,-0.10513798075457004,0.10513798075457004,0.06608444123504142,0.06608444123504142,0.021778187727728354,0.01334772601018296,0.9615383458349198,True,FULL,FULL_exp_log_rank_3
72,0.42,2.175,5.1,3.8825,3.8825,4.482035276937978,2.298850574712644,8.364535276937978,6.759501195047857,3.8825,2.6274367723626875,2.298850574712644,6.509936772362687,7.166201802993412,-1.8545985045752906,1.8545985045752906,-1.854598504575291,1.854598504575291,0.40670060794555507,0.40670060794555507,0.26019270077715934,0.17327933513609825,0.8614202214668895,True,FULL,FULL_exp_log_rank_3
73,1.09,3.85,15.19,13.3025,13.3025,11.821633061680007,1.2987012987012987,25.12413306168001,2.9737453064844868,13.3025,20.157209114270444,1.2987012987012987,33.459709114270446,2.2799617739739313,8.335576052590437,8.335576052590437,8.335576052590437,8.335576052590437,-0.6937835325105555,0.6937835325105555,0.3350782843503835,0.24184429887724332,0.9785919258459648,True,FULL,FULL_exp_log_rank_3
74,0.47,1.5666666666666669,0.66,0.5066666666666667,0.5066666666666667,1.2794449424210406,3.191489361702127,1.7861116090877074,5.540134014051035,0.5066666666666667,1.0930564001849643,3.191489361702127,1.5997230668516311,4.924772631843078,-0.18638854223607626,0.18638854223607626,-0.18638854223607626,0.18638854223607626,-0.6153613822079569,0.6153613822079569,0.0467914155709597,0.03067006548950001,0.7938387679877377,True,FULL,FULL_exp_log_rank_3
75,0.57,2.175,4.24,4.0125,4.0125,1.1193350008113887,2.298850574712644,5.131835000811389,7.4273022742503985,4.0125,0.099577710471264,2.298850574712644,4.112077710471264,11.677850662982118,-1.0197572903401246,1.0197572903401246,-1.0197572903401246,1.0197572903401246,4.25054838873172,4.25054838873172,0.1174579693763249,0.07836113247873434,0.9648570054871672,True,FULL,FULL_exp_log_rank_3
76,4.13,4.7,14.9,13.285,13.285,1213.8760619263403,1.0638297872340423,1227.1610619263406,1.0940505167399543,13.285,186.9169766762384,1.0638297872340423,200.2019766762384,1.0852910431461518,-1026.959085250102,1026.959085250102,-1026.9590852501021,1026.9590852501021,-0.00875947359380258,0.00875947359380258,5.060891129973933,3.366395903780605,-0.9761163518999068,True,FULL,FULL_exp_log_rank_3
77,0.18,1.5666666666666669,0.88,0.4966666666666666,0.4966666666666666,0.8494890683979475,3.191489361702127,1.346155735064614,14.732448429095294,0.4966666666666666,0.8824954453444125,3.191489361702127,1.379162112011079,13.81047551813523,0.03300637694646502,0.03300637694646502,0.03300637694646502,0.03300637694646502,-0.921972910960065,0.921972910960065,0.005008752202527098,0.0030440604651370507,0.9986034375709256,True,FULL,FULL_exp_log_rank_3
78,1.25,2.566666666666667,4.37,3.77,3.77,17.6011784506471,1.948051948051948,21.3711784506471,2.4976694597033373,3.77,5.522268928437969,1.948051948051948,9.292268928437968,2.5932250353067468,-12.078909522209132,12.078909522209132,-12.078909522209132,12.078909522209132,0.09555557560340944,0.09555557560340944,0.5004473306240012,0.3755712713085802,0.5765707166747929,True,FULL,FULL_exp_log_rank_3
79,3.62,4.5,14.62,13.843333333333334,13.843333333333334,173.78668847200146,1.1111111111111112,187.6300218053348,1.2115644521301927,13.843333333333334,123.74736501239,1.1111111111111112,137.59069834572333,1.1498781497795718,-50.03932345961145,50.03932345961145,-50.03932345961147,50.03932345961147,-0.06168630235062089,0.06168630235062089,1.9667900656235184,1.3402642275084071,0.4254402443172536,True,FULL,FULL_exp_log_rank_3
80,0.11,1.5633333333333332,1.04,0.5006666666666667,0.5006666666666667,0.863642983300683,3.1982942430703627,1.3643096499673495,27.24084861115649,0.5006666666666667,1.0129931544554056,3.1982942430703627,1.5136598211220724,25.84475991538915,0.1493501711547226,0.1493501711547226,0.14935017115472293,0.14935017115472293,-1.3960886957673395,1.3960886957673395,0.031790479221765484,0.01929021447886037,0.9629387219167864,True,FULL,FULL_exp_log_rank_3
81,0.23,2.1775,4.79,3.54875,3.54875,2.4552355004571034,2.296211251435132,6.003985500457103,14.649101403235154,3.54875,0.6968943599146691,2.296211251435132,4.245644359914669,19.44008931893437,-1.7583411405424343,1.7583411405424343,-1.7583411405424343,1.7583411405424343,4.7909879156992154,4.7909879156992154,0.33717783230657544,0.20832845138114908,0.6448175837445067,True,FULL,FULL_exp_log_rank_3
83,0.21,1.5566666666666666,0.75,0.4896666666666667,0.4896666666666667,0.6541837303857423,3.211991434689508,1.143850397052409,13.109251845364824,0.4896666666666667,0.668643886127799,3.211991434689508,1.1583105527944657,12.172872101489352,0.014460155742056724,0.014460155742056724,0.014460155742056724,0.014460155742056724,-0.936379743875472,0.936379743875472,0.006501026881562866,0.002733739238673932,0.9961072619882855,True,FULL,FULL_exp_log_rank_3
84,1.52,2.19,4.53,3.98,3.98,84.48453784563569,2.2831050228310503,88.46453784563569,2.4678705594788535,3.98,23.413514102589037,2.2831050228310503,27.393514102589037,2.426451301874812,-61.07102374304665,61.07102374304665,-61.07102374304665,61.07102374304665,-0.041419257604041526,0.041419257604041526,0.9645624233653698,0.7094170250825772,-0.2201392468083505,True,FULL,FULL_exp_log_rank_3
85,0.46,3.86,15.2,13.9425,13.9425,2.582793456166362,1.2953367875647668,16.525293456166363,10.00333623780827,13.9425,1.8604467586473987,1.2953367875647668,15.8029467586474,10.494075768156792,-0.7223466975189634,0.7223466975189634,-0.7223466975189634,0.7223466975189634,0.490739530348522,0.490739530348522,0.13762249153061165,0.0842883683407427,0.9935379023439954,True,FULL,FULL_exp_log_rank_3
86,1.14,1.85,0.47,0.4455,0.4455,1.2635859558868447,2.702702702702702,1.7090859558868448,3.448989911906233,0.4455,2.4841200196481807,2.702702702702702,2.9296200196481808,2.913183921372734,1.220534063761336,1.220534063761336,1.220534063761336,1.220534063761336,-0.5358059905334986,0.5358059905334986,0.03526286541563161,0.024974599849441642,0.844237835644287,True,FULL,FULL_exp_log_rank_3
87,1.53,2.29,3.84,3.5879999999999996,3.5879999999999996,21.229112109709114,2.1834061135371177,24.817112109709115,2.5522940611621228,3.5879999999999996,11.997640359526727,2.1834061135371177,15.585640359526728,2.422267567682885,-9.231471750182386,9.231471750182386,-9.231471750182386,9.231471750182386,-0.1300264934792379,0.1300264934792379,0.4134792690744759,0.301972485396642,0.6626488697239347,True,FULL,FULL_exp_log_rank_3
89,0.31,1.5733333333333333,0.64,0.434,0.434,0.831446191232911,3.1779661016949152,1.265446191232911,8.046929532076042,0.434,0.8546626715444909,3.1779661016949152,1.2886626715444909,7.092170974157153,0.023216480311579968,0.023216480311579968,0.023216480311579968,0.023216480311579968,-0.9547585579188897,0.9547585579188897,0.017909603190416873,0.008827754817220786,0.9644379252807467,True,FULL,FULL_exp_log_rank_3
91,2.56,4.125,14.35,13.695,13.695,33.24347166872315,1.2121212121212122,46.93847166872315,1.5724619149710894,13.695,61.46749539387428,1.2121212121212122,75.16249539387428,1.3256728092518564,28.224023725151127,28.224023725151127,28.224023725151127,28.224023725151127,-0.24678910571923307,0.24678910571923307,0.973100857499197,0.6823500856296709,0.8743145927641207,True,FULL,FULL_exp_log_rank_3
92,0.1,1.5666666666666669,0.84,0.5786666666666667,0.5786666666666667,0.3913124802400913,3.191489361702127,0.969979146906758,37.39184550372476,0.5786666666666667,0.2950441760808375,3.191489361702127,0.8737108427475042,39.10548318735364,-0.0962683041592538,0.0962683041592538,-0.0962683041592538,0.0962683041592538,1.7136376836288818,1.7136376836288818,0.02261348883684895,0.013371468098701909,0.9449423358301008,True,FULL,FULL_exp_log_rank_3
94,2.24,4.125,16.29,15.185,15.185,36.934910613682646,1.2121212121212122,52.11991061368265,1.6343524111032697,15.185,72.68587097491884,1.2121212121212122,87.87087097491884,1.3423893128901854,35.750960361236196,35.750960361236196,35.750960361236196,35.750960361236196,-0.2919630982130843,0.2919630982130843,1.14651415712715,0.7816132930569402,0.85374370032705,True,FULL,FULL_exp_log_rank_3
95,0.15,1.5666666666666669,1.04,0.515,0.515,1.0180921290257392,3.191489361702127,1.533092129025739,17.824332391452327,0.515,1.1021744930101476,3.191489361702127,1.6171744930101477,16.83324729571284,0.08408236398440838,0.08408236398440838,0.0840823639844086,0.0840823639844086,-0.9910850957394857,0.9910850957394857,0.01300024915896301,0.00826788316336261,0.9941610598048556,True,FULL,FULL_exp_log_rank_3
96,0.32,2.225,5.75,4.01075,4.01075,4.5926707536336835,2.2471910112359548,8.603420753633683,8.90252129065327,4.01075,3.5895632231584766,2.2471910112359548,7.6003132231584765,8.888583678574623,-1.0031075304752068,1.0031075304752068,-1.0031075304752068,1.0031075304752068,-0.013937612078647632,0.013937612078647632,0.18955835395983692,0.118805161253844,0.9391203627990196,True,FULL,FULL_exp_log_rank_3
97,0.98,3.925,16.9,13.655,13.655,17.423005323734152,1.2738853503184715,31.07800532373415,2.9328424113361327,13.655,32.82614706165777,1.2738853503184715,46.48114706165777,2.174396679576385,15.403141737923619,15.403141737923619,15.403141737923622,15.403141737923622,-0.7584457317597475,0.7584457317597475,0.49948790498442325,0.3990541499573466,0.95865733881308,True,FULL,FULL_exp_log_rank_3
98,0.12,1.5666666666666669,1.33,0.569,0.569,1.2856106349233354,3.191489361702127,1.854610634923335,23.13000566043724,0.569,1.467877107948417,3.191489361702127,2.036877107948417,22.015210025168532,0.1822664730250816,0.1822664730250816,0.1822664730250818,0.1822664730250818,-1.1147956352687096,1.1147956352687096,0.03666635934789947,0.022556483842468708,0.9750404600272462,True,FULL,FULL_exp_log_rank_3
99,0.38,2.1775,5.29,3.8055,3.8055,4.8847712477868654,2.296211251435132,8.690271247786866,7.231167894086396,3.8055,3.3030067379814008,2.296211251435132,7.108506737981401,7.388718848936664,-1.5817645098054647,1.5817645098054647,-1.5817645098054651,1.5817645098054651,0.15755095485026782,0.15755095485026782,0.24993436580535242,0.16274472233331558,0.8821551322093388,True,FULL,FULL_exp_log_rank_3
100,1.12,3.865,15.69,14.2025,14.2025,9.330787016774106,1.2936610608020698,23.533287016774107,3.133851414322128,14.2025,21.819892749667535,1.2936610608020698,36.02239274966754,2.225745222870918,12.489105732893428,12.489105732893428,12.489105732893432,12.489105732893432,-0.9081061914512101,0.9081061914512101,0.4320807781750256,0.342472106289858,0.9674574919719692,True,FULL,FULL_exp_log_rank_3
101,0.11,1.5599999999999998,1.19,0.5136666666666666,0.5136666666666666,1.0901897584596147,3.2051282051282053,1.6038564251262817,26.190812099681132,0.5136666666666666,1.3124107287322806,3.2051282051282053,1.826077395398947,24.813777488245055,0.22222097027266585,0.22222097027266585,0.2222209702726654,0.2222209702726654,-1.377034611436077,1.377034611436077,0.047495367455238496,0.028819329369514292,0.9456956168870112,True,FULL,FULL_exp_log_rank_3
102,0.33,2.175,5.38,4.15275,4.15275,3.3230952595070686,2.298850574712644,7.475845259507069,9.464816530487427,4.15275,1.9658549889132724,2.298850574712644,6.1186049889132725,10.277501502166832,-1.3572402705937963,1.3572402705937963,-1.3572402705937963,1.3572402705937963,0.8126849716794045,0.8126849716794045,0.22262158527435877,0.1436450528972368,0.8930403950026363,True,FULL,FULL_exp_log_rank_3
104,0.46,1.61,0.57,0.4153333333333333,0.4153333333333333,1.2195408766373736,3.105590062111801,1.634874209970707,5.380408458094788,0.4153333333333333,1.1147960612224688,3.105590062111801,1.530129394555802,4.690328612508813,-0.10474481541490488,0.10474481541490488,-0.10474481541490488,0.10474481541490488,-0.6900798455859753,0.6900798455859753,0.042640748259384895,0.027535543285626855,0.7743722971193587,True,FULL,FULL_exp_log_rank_3
106,6.69,7.0,11.06,11.03,11.03,6.769176332863529,0.7142857142857143,17.799176332863528,0.9707346090728766,11.03,74.22576621070118,0.7142857142857143,85.25576621070118,0.7403526862875992,67.45658987783766,67.45658987783766,67.45658987783766,67.45658987783766,-0.23038192278527736,0.23038192278527736,0.3326128771151188,0.1774938317271041,0.9723283867061963,True,FULL,FULL_exp_log_rank_3
107,0.15,1.5566666666666666,0.88,0.5103333333333334,0.5103333333333334,0.7081291518031402,3.211991434689508,1.2184624851364736,19.26598627033951,0.5103333333333334,0.7428955903337958,3.211991434689508,1.2532289236671292,18.29718696050661,0.03476643853065564,0.03476643853065564,0.03476643853065564,0.03476643853065564,-0.9687993098328995,0.9687993098328995,0.005110344077873509,0.0033295539498732676,0.9983674974556629,True,FULL,FULL_exp_log_rank_3
108,0.24,2.175,5.1,3.69825,3.69825,2.8769666070220197,2.298850574712644,6.5752166070220195,13.53664985652516,3.69825,1.389989485327777,2.298850574712644,5.088239485327777,15.714808757356396,-1.4869771216942427,1.4869771216942427,-1.4869771216942427,1.4869771216942427,2.178158900831235,2.178158900831235,0.2825676216220116,0.17599546129359925,0.791426349786605,True,FULL,FULL_exp_log_rank_3
109,0.47,3.8575,14.84,13.285,13.285,3.275885261750222,1.2961762799740766,16.560885261750222,9.133208341560495,13.285,2.070526896525852,1.2961762799740766,15.355526896525852,9.881000864931394,-1.2053583652243702,1.2053583652243702,-1.2053583652243702,1.2053583652243702,0.7477925233708991,0.7477925233708991,0.2229128614392027,0.13743035749795923,0.9824405199266179,True,FULL,FULL_exp_log_rank_3
110,0.15,2.1675,1.23,0.6225,0.6225,0.9619833022068238,2.306805074971165,1.584483302206824,20.507804388385548,0.6225,0.6937588765802343,2.306805074971165,1.3162588765802343,21.4384515917388,-0.26822442562658955,0.26822442562658955,-0.26822442562658977,0.26822442562658977,0.9306472033532529,0.9306472033532529,0.061198202886109734,0.03652692319272593,0.8935365648997362,True,FULL,FULL_exp_log_rank_3
111,0.25,2.165,6.22,4.547499999999999,4.547499999999999,3.553532108811563,2.3094688221709005,8.101032108811562,12.896286747191096,4.547499999999999,3.750426456914706,2.3094688221709005,8.297926456914706,12.116075547180944,0.1968943481031431,0.1968943481031431,0.1968943481031431,0.1968943481031431,-0.780211200010152,0.780211200010152,0.030157029958182244,0.019135296320432246,0.9984170832454895,True,FULL,FULL_exp_log_rank_3
112,0.46,4.1075,18.37,16.2525,16.2525,4.204330792736471,1.217285453438831,20.456830792736472,9.296747223836368,16.2525,10.480078166779167,1.217285453438831,26.73257816677917,7.080654764032133,6.275747374042696,6.275747374042696,6.275747374042698,6.275747374042698,-2.2160924598042353,2.2160924598042353,1.1065398095946948,0.6888846214788917,0.7041173191462948,True,FULL,FULL_exp_log_rank_3
113,0.21,1.5599999999999998,0.72,0.5333333333333333,0.5333333333333333,0.4530839141628877,3.2051282051282053,0.9864172474962212,14.758619332850811,0.5333333333333333,0.4223460220798063,3.2051282051282053,0.9556793554131396,14.172505866538296,-0.030737892083081364,0.030737892083081364,-0.03073789208308153,0.03073789208308153,-0.5861134663125149,0.5861134663125149,0.009292719027874007,0.005146997710402627,0.989429167440364,True,FULL,FULL_exp_log_rank_3
114,0.46,2.215,4.54,3.755,3.755,3.0550946555112306,2.2573363431151243,6.8100946555112305,6.812602552841997,3.755,0.8704458788950351,2.2573363431151243,4.625445878895035,8.861320614494451,-2.1846487766161955,2.1846487766161955,-2.1846487766161955,2.1846487766161955,2.048718061652454,2.048718061652454,0.25772732379387575,0.17460015081295505,0.8261349851270872,True,FULL,FULL_exp_log_rank_3
115,3.02,4.84,14.29,13.226666666666668,13.226666666666668,67.62238227774218,1.0330578512396695,80.84904894440885,1.2379494369579531,13.226666666666668,40.63072524944657,1.0330578512396695,53.85739191611324,1.1666407602710909,-26.991657028295606,26.991657028295606,-26.991657028295613,26.991657028295613,-0.07130867668686225,0.07130867668686225,1.5171210665045436,1.1337742741018544,0.681004258069726,True,FULL,FULL_exp_log_rank_3
116,0.1,1.5533333333333337,1.16,0.5640000000000001,0.5640000000000001,0.912890584776652,3.218884120171673,1.476890584776652,31.1344826944979,0.5640000000000001,1.016428474523526,3.218884120171673,1.580428474523526,29.931741868298452,0.10353788974687395,0.10353788974687395,0.10353788974687395,0.10353788974687395,-1.2027408261994488,1.2027408261994488,0.022612822908787116,0.013617752662839728,0.9843061077532855,True,FULL,FULL_exp_log_rank_3
117,0.28,2.16,4.98,3.80875,3.80875,2.7207253448886286,2.314814814814815,6.5294753448886285,11.627647012732409,3.80875,1.081280493829441,2.314814814814815,4.890030493829441,14.176675114580137,-1.6394448510591877,1.6394448510591877,-1.6394448510591877,1.6394448510591877,2.5490281018477283,2.5490281018477283,0.2835043484798644,0.1797130852071426,0.781049035042729,True,FULL,FULL_exp_log_rank_3
118,0.84,3.88,14.83,12.9825,12.9825,7.331910697776193,1.288659793814433,20.314410697776193,4.123242699657944,12.9825,9.90542691832978,1.288659793814433,22.88792691832978,3.4622988358201576,2.5735162205535875,2.5735162205535875,2.5735162205535858,2.5735162205535858,-0.6609438638377867,0.6609438638377867,0.20119698713047246,0.14284951677587043,0.9902474137626983,True,FULL,FULL_exp_log_rank_3
119,0.05,1.5533333333333337,1.06,0.4603333333333333,0.4603333333333333,0.7347138188950575,3.218884120171673,1.1950471522283908,76.69251608229672,0.4603333333333333,1.0026713822745832,3.218884120171673,1.4630047156079165,73.28059686291597,0.2679575633795257,0.2679575633795257,0.2679575633795257,0.2679575633795257,-3.4119192193807493,3.4119192193807493,0.06961230487389385,0.03989449575938386,0.82327214634853,True,FULL,FULL_exp_log_rank_3
120,0.24,2.1675,5.34,3.634,3.634,3.551284821064535,2.306805074971165,7.185284821064535,12.76758648025316,3.634,2.562623521105268,2.306805074971165,6.196623521105268,13.27879706984135,-0.9886612999592668,0.9886612999592668,-0.9886612999592668,0.9886612999592668,0.51121058958819,0.51121058958819,0.19526503936585027,0.12102552741960537,0.918445318406055,True,FULL,FULL_exp_log_rank_3
121,0.58,3.8475,15.72,12.52,12.52,8.509190021060213,1.299545159194282,21.029190021060213,5.626700720273117,12.52,13.499064045113965,1.299545159194282,26.019064045113964,4.616494104479193,4.989874024053751,4.989874024053751,4.989874024053751,4.989874024053751,-1.0102066157939245,1.0102066157939245,0.6044482528839146,0.40128617411714557,0.904358199618138,True,FULL,FULL_exp_log_rank_3
122,0.16,1.7866666666666664,1.46,0.5153333333333333,0.5153333333333333,1.791622665699797,2.7985074626865676,2.3069559990331303,15.27471027903135,0.5153333333333333,1.8921629710158836,2.7985074626865676,2.407496304349217,14.64980411287703,0.10054030531608671,0.10054030531608671,0.10054030531608671,0.10054030531608671,-0.6249061661543198,0.6249061661543198,0.015740121332565457,0.010023600139946402,0.9970905685350264,True,FULL,FULL_exp_log_rank_3
123,0.34,2.19,5.86,3.70375,3.70375,6.4076526447249105,2.2831050228310503,10.11140264472491,7.4904783908875965,3.70375,6.104956201120036,2.2831050228310503,9.808706201120035,6.953214121169763,-0.3026964436048747,0.3026964436048747,-0.3026964436048747,0.3026964436048747,-0.5372642697178334,0.5372642697178334,0.1296575244228869,0.06967759542322861,0.9775579418656132,True,FULL,FULL_exp_log_rank_3
124,0.72,3.9025,15.23,13.1975,13.1975,6.547895084347095,1.2812299807815504,19.745395084347095,4.922489465268678,13.1975,8.836080925119047,1.2812299807815504,22.033580925119047,4.19890806185982,2.288185840771952,2.288185840771952,2.288185840771952,2.288185840771952,-0.7235814034088586,0.7235814034088586,0.21491966380836935,0.15175522692236632,0.9882084534120437,True,FULL,FULL_exp_log_rank_3
125,0.13,1.5766666666666669,0.83,0.5316666666666667,0.5316666666666667,0.5110542316499418,3.1712473572938684,1.0427208983166083,25.070549134255213,0.5316666666666667,0.4880295208608995,3.1712473572938684,1.0196961875275663,24.597400146623407,-0.02302471078904228,0.02302471078904228,-0.023024710789042002,0.023024710789042002,-0.4731489876318058,0.4731489876318058,0.006330400173975551,0.0035557344892948608,0.9964295295104421,True,FULL,FULL_exp_log_rank_3
127,2.99,4.513333333333333,16.39,14.923333333333332,14.923333333333332,140.10135047238424,1.1078286558345645,155.0246838057176,1.2549920885699382,14.923333333333332,101.6888320334275,1.1078286558345645,116.61216536676083,1.1726427526408505,-38.41251843895674,38.41251843895674,-38.41251843895675,38.41251843895675,-0.08234933592908766,0.08234933592908766,2.358784517173195,1.7417812869076628,0.39779861972212793,True,FULL,FULL_exp_log_rank_3
128,0.22,1.5666666666666669,1.38,0.6789999999999999,0.6789999999999999,1.9691572578488556,3.191489361702127,2.6481572578488555,10.298464829923804,0.6789999999999999,1.6697253357986082,3.191489361702127,2.348725335798608,9.87803078923478,-0.2994319220502475,0.2994319220502475,-0.2994319220502475,0.2994319220502475,-0.4204340406890239,0.4204340406890239,0.060646092852741536,0.03749870721537719,0.9383106368361105,True,FULL,FULL_exp_log_rank_3
129,0.39,2.18,6.11,4.593,4.593,5.057943521426855,2.293577981651376,9.650943521426855,7.34235077378404,4.593,4.944079958947039,2.293577981651376,9.53707995894704,6.743470695614172,-0.11386356247981588,0.11386356247981588,-0.11386356247981588,0.11386356247981588,-0.5988800781698682,0.5988800781698682,0.10957947194998573,0.054133111372203564,0.9823109971139102,True,FULL,FULL_exp_log_rank_3
130,2.78,4.13,17.18,15.5675,15.5675,173.2142161184181,1.2106537530266344,188.7817161184181,1.354578535378103,15.5675,175.1007651750084,1.2106537530266344,190.6682651750084,1.2539237576374442,1.8865490565902974,1.8865490565902974,1.8865490565902974,1.8865490565902974,-0.10065477774065879,0.10065477774065879,2.6808993495209332,1.970103582293519,0.29216699237597876,True,FULL,FULL_exp_log_rank_3
131,0.3,1.57,0.69,0.4403333333333333,0.4403333333333333,0.989606450202688,3.184713375796178,1.4299397835360212,7.9675990689291964,0.4403333333333333,0.9674379778912237,3.184713375796178,1.407771311224557,7.114176740394797,-0.02216847231146435,0.02216847231146435,-0.02216847231146435,0.02216847231146435,-0.8534223285343998,0.8534223285343998,0.02362256615135462,0.01277196822893391,0.9507006941889364,True,FULL,FULL_exp_log_rank_3
132,0.38,2.2025,4.61,3.49275,3.49275,3.5417527605950667,2.270147559591374,7.034502760595067,7.697329513236288,3.49275,1.3251960332554154,2.270147559591374,4.817946033255415,9.408434529841516,-2.2165567273396514,2.2165567273396514,-2.2165567273396514,2.2165567273396514,1.7111050166052282,1.7111050166052282,0.31025137694182015,0.20587389637357043,0.7431988688031237,True,FULL,FULL_exp_log_rank_3
133,0.58,3.89,14.25,12.71,12.71,3.870375185655917,1.2853470437017995,16.580375185655917,6.937928600833182,12.71,1.8948722658379624,1.2853470437017995,14.604872265837963,7.94746411915864,-1.9755029198179546,1.9755029198179546,-1.975502919817954,1.975502919817954,1.0095355183254586,1.0095355183254586,0.31822299809621774,0.20112053493890636,0.9657920927560442,True,FULL,FULL_exp_log_rank_3
134,0.29,1.5933333333333335,0.81,0.6846666666666668,0.6846666666666668,0.4027161872827163,3.1380753138075312,1.087382853949383,11.679447292728767,0.6846666666666668,0.2853501258200114,3.1380753138075312,0.9700167924866782,11.975483184956644,-0.1173660614627049,0.1173660614627049,-0.1173660614627049,0.1173660614627049,0.2960358922278772,0.2960358922278772,0.019419436727843305,0.01252846121443699,0.9658436295203637,True,FULL,FULL_exp_log_rank_3
136,2.48,4.18,15.4,14.19,14.19,62.34454554337887,1.1961722488038278,76.53454554337887,1.469660738779334,14.19,72.78082245921314,1.1961722488038278,86.97082245921314,1.3022583198433186,10.43627691583427,10.43627691583427,10.43627691583427,10.43627691583427,-0.16740241893601526,0.16740241893601526,1.540086713395783,1.1271347590877772,0.7108576069711909,True,FULL,FULL_exp_log_rank_3
137,1.18,1.85,0.63,0.575,0.575,4.239497230710774,2.702702702702702,4.814497230710774,3.1309195303367727,0.575,3.2444953062763258,2.702702702702702,3.8194953062763255,2.900965170979162,-0.9950019244344483,0.9950019244344483,-0.9950019244344488,0.9950019244344488,-0.22995435935761055,0.22995435935761055,0.08210595010448116,0.06122468699952965,0.5123855903447028,True,FULL,FULL_exp_log_rank_3
138,0.99,2.6033333333333335,4.93,4.496666666666667,4.496666666666667,4.9592094785200045,1.9206145966709345,9.455876145186672,3.460965956174455,4.496666666666667,2.171899822196089,1.9206145966709345,6.668566488862756,3.722065172234072,-2.7873096563239157,2.7873096563239157,-2.7873096563239157,2.7873096563239157,0.26109921605961706,0.26109921605961706,0.21333957769020642,0.1544919056707202,0.9328335545741868,True,FULL,FULL_exp_log_rank_3
139,1.92,4.2125,17.14,16.56,16.56,9.158812659704571,1.1869436201780414,25.71881265970457,2.22655990128023,16.56,48.086658935330064,1.1869436201780414,64.64665893533007,1.4427115245142517,38.92784627562549,38.92784627562549,38.9278462756255,38.9278462756255,-0.7838483767659783,0.7838483767659783,0.5551754595124069,0.37684206113336205,0.9672382527964124,True,FULL,FULL_exp_log_rank_3
140,0.42,1.7400000000000002,0.83,0.4525,0.4525,2.5886372580129136,2.8735632183908044,3.0411372580129137,4.84879553279124,0.4525,1.6608917784308952,2.8735632183908044,2.1133917784308953,4.5320328895141815,-0.9277454795820184,0.9277454795820184,-0.9277454795820184,0.9277454795820184,-0.31676264327705894,0.31676264327705894,0.10615438687699508,0.07340666113499959,0.5140376401184337,True,FULL,FULL_exp_log_rank_3
141,1.23,2.5733333333333337,4.22,4.026666666666666,4.026666666666666,3.714553371745124,1.94300518134715,7.74122003841179,3.22230726876678,4.026666666666666,3.0566651487055534,1.94300518134715,7.08333181537222,2.971726421065474,-0.6578882230395706,0.6578882230395706,-0.6578882230395706,0.6578882230395706,-0.2505808477013063,0.2505808477013063,0.1478230951693668,0.09812754510352971,0.9625222517016515,True,FULL,FULL_exp_log_rank_3
142,1.79,4.84,15.01,14.9025,14.9025,0.8901040923931092,1.0330578512396695,15.792604092393107,3.4546415460563873,14.9025,3.699148331028343,1.0330578512396695,18.601648331028343,2.4081996558527714,2.809044238635234,2.809044238635234,2.809044238635236,2.809044238635236,-1.0464418902036159,1.0464418902036159,0.3936489401332852,0.21039278929167907,0.9726577551768071,True,FULL,FULL_exp_log_rank_3
143,0.33,1.5733333333333333,0.58,0.4766666666666666,0.4766666666666666,0.4098600862261488,3.1779661016949152,0.8865267528928155,9.368454028225154,0.4766666666666666,0.5041464325286658,3.1779661016949152,0.9808130991953324,7.987526297605346,0.09428634630251698,0.09428634630251698,0.09428634630251698,0.09428634630251698,-1.380927730619808,1.380927730619808,0.00791400886028634,0.0051893678760372465,0.9900481697783284,True,FULL,FULL_exp_log_rank_3
144,0.43,2.1725,4.53,3.8975,3.8975,2.2412867147074325,2.3014959723820483,6.138786714707432,7.955893974394428,3.8975,0.4116078839889354,2.3014959723820483,4.309107883988935,11.505380879778611,-1.829678830718497,1.829678830718497,-1.829678830718497,1.829678830718497,3.5494869053841835,3.5494869053841835,0.2227755684977688,0.14745843907919026,0.8637261349472685,True,FULL,FULL_exp_log_rank_3
145,3.33,4.496666666666667,14.77,14.159999999999998,14.159999999999998,71.68575820940592,1.111934766493699,85.84575820940591,1.2931877819034847,14.159999999999998,92.4194602468256,1.111934766493699,106.5794602468256,1.1700396869713638,20.733702037419675,20.733702037419675,20.73370203741969,20.73370203741969,-0.12314809493212087,0.12314809493212087,1.3027308092533618,0.8983864986730192,0.7669038877606862,True,FULL,FULL_exp_log_rank_3
146,0.13,1.5599999999999998,0.68,0.5633333333333334,0.5633333333333334,0.1951982739754749,3.2051282051282053,0.7585316073088083,31.88575510060682,0.5633333333333334,0.0873683759363374,3.2051282051282053,0.6507017092696707,37.588748322124346,-0.1078298980391375,0.1078298980391375,-0.10782989803913756,0.10782989803913756,5.702993221517527,5.702993221517527,0.02295259894852503,0.013768613059787937,0.8962867667744714,True,FULL,FULL_exp_log_rank_3
147,1.84,3.1775,4.39,3.69,3.69,48.191526905344915,1.5735641227380015,51.88152690534491,1.779339325853626,3.69,7.007141747832556,1.5735641227380015,10.697141747832555,1.908301741390384,-41.18438515751236,41.18438515751236,-41.18438515751236,41.18438515751236,0.1289624155367579,0.1289624155367579,0.839296155770387,0.6460223273014937,-0.024355496196577286,True,FULL,FULL_exp_log_rank_3
148,2.23,4.3774999999999995,15.49,14.875,14.875,14.10295307840756,1.142204454597373,28.97795307840756,1.8301286904573817,14.875,36.04944932452161,1.142204454597373,50.92444932452161,1.3828489738441352,21.94649624611405,21.94649624611405,21.94649624611405,21.94649624611405,-0.4472797166132465,0.4472797166132465,0.6086804731046906,0.3587044026551125,0.9545909285524309,True,FULL,FULL_exp_log_rank_3
149,0.18,1.5599999999999998,0.96,0.5433333333333333,0.5433333333333333,0.9264981470545324,3.2051282051282053,1.4698314803878656,14.731251978605432,0.5433333333333333,0.9045982454809344,3.2051282051282053,1.4479315788142677,14.01499606533961,-0.021899901573598002,0.021899901573598002,-0.02189990157359789,0.02189990157359789,-0.7162559132658224,0.7162559132658224,0.010607072264592284,0.005236874646245822,0.9947211544957791,True,FULL,FULL_exp_log_rank_3
150,0.4,2.175,5.29,4.25,4.25,3.4798658017251105,2.298850574712644,7.7298658017251105,7.755705088302538,4.25,2.016752769335553,2.298850574712644,6.266752769335553,8.361280535930193,-1.4631130323895576,1.4631130323895576,-1.4631130323895576,1.4631130323895576,0.6055754476276558,0.6055754476276558,0.21376869862950032,0.1412232472322619,0.9060888442143616,True,FULL,FULL_exp_log_rank_3
151,0.99,3.6125,15.85,14.965,14.965,4.712295648967803,1.384083044982699,19.677295648967803,4.185634509215309,14.965,26.83855554801644,1.384083044982699,41.80355554801644,2.3786778421042354,22.126259899048637,22.126259899048637,22.126259899048637,22.126259899048637,-1.806956667111074,1.806956667111074,0.9959723603679129,0.7535666424302859,0.8251455356018788,True,FULL,FULL_exp_log_rank_3
152,1.16,1.9,0.64,0.54,0.54,8.918859589233094,2.6315789473684212,9.458859589233091,2.9158636476035604,0.54,3.4075600909364896,2.6315789473684212,3.9475600909364896,2.817125725771582,-5.511299498296604,5.511299498296604,-5.5112994982966015,5.5112994982966015,-0.0987379218319786,0.0987379218319786,0.13554161400013806,0.10380191874877022,-0.19317654790065975,True,FULL,FULL_exp_log_rank_3
153,1.3,2.566666666666667,4.2,3.9333333333333336,3.9333333333333336,6.732843008196392,1.948051948051948,10.666176341529724,2.832743127876559,3.9333333333333336,4.22272127203766,1.948051948051948,8.156054605370993,2.707708598696863,-2.510121736158732,2.510121736158732,-2.5101217361587302,2.5101217361587302,-0.12503452917969593,0.12503452917969593,0.23078039863408448,0.1643450626995461,0.9087232415986253,True,FULL,FULL_exp_log_rank_3
154,5.1,31.453947067343865,14.28,13.490170336848536,13.490170336848536,2.087839211051561,0.1589625616554528,15.578009547900097,0.9263059984631752,13.490170336848536,2.233763523423439,0.1589625616554528,15.723933860271975,0.8763290510471482,0.14592431237187808,0.14592431237187808,0.14592431237187853,0.14592431237187853,-0.049976947416026984,0.049976947416026984,0.05372224712645469,0.023211728087553805,0.9990813027607262,True,FULL,FULL_exp_log_rank_3
155,0.56,1.5599999999999998,0.58,0.4766666666666666,0.4766666666666666,1.2430840918042927,3.2051282051282053,1.7197507584709593,5.0236277196711585,0.4766666666666666,1.2182472825169266,3.2051282051282053,1.6949139491835932,4.333360383698888,-0.02483680928736609,0.02483680928736609,-0.02483680928736609,0.02483680928736609,-0.6902673359722709,0.6902673359722709,0.043260430838118376,0.028650303729801038,0.7881704269396914,True,FULL,FULL_exp_log_rank_3
156,0.67,2.1775,4.06,3.745,3.745,2.1627193549790276,2.296211251435132,5.907719354979028,5.4890381882934465,3.745,1.003064961523564,2.296211251435132,4.748064961523564,6.066707403702247,-1.1596543934554635,1.1596543934554635,-1.1596543934554635,1.1596543934554635,0.5776692154088003,0.5776692154088003,0.10799820910662615,0.07652363586942088,0.971059406080556,True,FULL,FULL_exp_log_rank_3
157,1.32,3.9,14.36,13.5925,13.5925,6.126023681195667,1.2820512820512822,19.718523681195663,3.032176279008363,13.5925,15.128346332767384,1.2820512820512822,28.720846332767383,2.1644402191972376,9.002322651571717,9.002322651571717,9.00232265157172,9.00232265157172,-0.8677360598111252,0.8677360598111252,0.33922979770315514,0.24898823364987102,0.9787834348474345,True,FULL,FULL_exp_log_rank_3
158,0.17,1.6233333333333333,1.0,0.5720000000000001,0.5720000000000001,0.8749487231528226,3.080082135523614,1.4469487231528226,16.31818533574024,0.5720000000000001,0.8047759657534692,3.080082135523614,1.3767759657534693,15.889846194038636,-0.07017275739935336,0.07017275739935336,-0.07017275739935336,0.07017275739935336,-0.4283391417016027,0.4283391417016027,0.017243816336849776,0.010080313117678536,0.9863894165092069,True,FULL,FULL_exp_log_rank_3
159,0.32,2.1825,5.06,4.11975,4.11975,2.410582651104151,2.290950744558992,6.530332651104151,10.626543938716322,4.11975,0.6754880436542443,2.290950744558992,4.795238043654244,14.092994891406912,-1.7350946074499065,1.7350946074499065,-1.7350946074499065,1.7350946074499065,3.4664509526905896,3.4664509526905896,0.27416991621891523,0.1748428224153127,0.8033479302280833,True,FULL,FULL_exp_log_rank_3
160,1.07,3.895,14.3,13.0025,13.0025,7.31537030166651,1.2836970474967908,20.31787030166651,3.3651116062820727,13.0025,10.635747200336924,1.2836970474967908,23.638247200336924,2.73803500998787,3.320376898670414,3.320376898670414,3.320376898670414,3.320376898670414,-0.6270765962942026,0.6270765962942026,0.2361650249521475,0.15196280757828318,0.9878676044156235,True,FULL,FULL_exp_log_rank_3
161,0.1,1.5666666666666669,0.85,0.5843333333333334,0.5843333333333334,0.3978559436075378,3.191489361702127,0.9821892769408712,37.33548887229885,0.5843333333333334,0.2970231977784667,3.191489361702127,0.8813565311118001,39.132722416674,-0.10083274582907109,0.10083274582907109,-0.10083274582907109,0.10083274582907109,1.7972335443751462,1.7972335443751462,0.02366877785083648,0.013997842396924622,0.9413195386788052,True,FULL,FULL_exp_log_rank_3
162,0.24,2.175,6.09,4.409,4.409,3.4511384121172206,2.298850574712644,7.86013841211722,13.515323404054092,4.409,3.311844434757627,2.298850574712644,7.720844434757627,13.065429855546238,-0.1392939773595936,0.1392939773595936,-0.1392939773595936,0.1392939773595936,-0.4498935485078537,0.4498935485078537,0.04828458743734907,0.02531826153513085,0.9957398590627388,True,FULL,FULL_exp_log_rank_3
163,0.5,3.8625,16.89,15.2325,15.2325,3.655467066441505,1.2944983818770228,18.887967066441504,8.601598077321363,15.2325,9.996437825444518,1.2944983818770228,25.22893782544452,6.315926441362652,6.340970759003014,6.340970759003014,6.340970759003014,6.340970759003014,-2.2856716359587104,2.2856716359587104,1.0056689342498093,0.637598962310522,0.7338545904273767,True,FULL,FULL_exp_log_rank_3
164,0.07,1.5566666666666666,0.85,0.5843333333333334,0.5843333333333334,0.3510048045966245,3.211991434689508,0.935338137929958,59.36701870371923,0.5843333333333334,0.2402414008406908,3.211991434689508,0.8245747341740242,63.448598623628754,-0.11076340375593369,0.11076340375593369,-0.11076340375593385,0.11076340375593385,4.081579919909522,4.081579919909522,0.027677589578706866,0.01606009056262106,0.9138083041387648,True,FULL,FULL_exp_log_rank_3
165,0.23,2.1675,5.85,4.43275,4.43275,2.80147060168731,2.306805074971165,7.23422060168731,14.978792929839672,4.43275,2.052083266776709,2.306805074971165,6.484833266776709,15.627617277595885,-0.749387334910601,0.749387334910601,-0.749387334910601,0.749387334910601,0.6488243477562126,0.6488243477562126,0.1520386633370435,0.09351156532866607,0.9500793352665031,True,FULL,FULL_exp_log_rank_3
166,0.75,3.8625,16.87,15.795,15.795,3.4935563581594646,1.2944983818770228,19.288556358159465,5.80409010742513,15.795,14.697360293573196,1.2944983818770228,30.492360293573196,3.649550320982705,11.203803935413731,11.203803935413731,11.203803935413731,11.203803935413731,-2.1545397864424247,2.1545397864424247,1.1254094767736145,0.768217952717119,0.7459244335480107,True,FULL,FULL_exp_log_rank_3
167,0.17,1.5599999999999998,0.8,0.5579999999999999,0.5579999999999999,0.4953159279041487,3.2051282051282053,1.0533159279041486,18.51576110820791,0.5579999999999999,0.4352105893925436,3.2051282051282053,0.9932105893925436,18.309824503424014,-0.0601053385116051,0.0601053385116051,-0.060105338511605044,0.060105338511605044,-0.20593660478389708,0.20593660478389708,0.013607294777197467,0.00814272565023171,0.9814554148381763,True,FULL,FULL_exp_log_rank_3
168,1.11,2.563333333333333,4.61,4.293333333333333,4.293333333333333,4.918051194692046,1.950585175552666,9.21138452802538,3.258019017990617,4.293333333333333,2.9095173416531432,1.950585175552666,7.202850674986476,3.218362639381224,-2.0085338530389025,2.0085338530389025,-2.0085338530389043,2.0085338530389043,-0.039656378609393084,0.039656378609393084,0.19270722965023915,0.13541918516866475,0.9426307398377999,True,FULL,FULL_exp_log_rank_3
169,3.93,4.553333333333334,16.61,16.513333333333332,16.513333333333332,14.198414912137522,1.0980966325036603,30.711748245470854,1.4757256498343354,16.513333333333332,215.65553668152023,1.0980966325036603,232.16887001485355,1.1224530643093609,201.4571217693827,201.4571217693827,201.4571217693827,201.4571217693827,-0.35327258552497454,0.35327258552497454,0.581349174337044,0.3265650777782011,0.964055801754832,True,FULL,FULL_exp_log_rank_3
170,0.19,1.5533333333333337,0.76,0.5436666666666666,0.5436666666666666,0.4848535368761771,3.218884120171673,1.0285202035428438,16.275028887164293,0.5436666666666666,0.4417293222934906,3.218884120171673,0.9853959889601572,15.82295335796831,-0.043124214582686504,0.043124214582686504,-0.04312421458268656,0.04312421458268656,-0.4520755291959837,0.4520755291959837,0.010920867730662065,0.006332667542228843,0.9869332635538964,True,FULL,FULL_exp_log_rank_3
172,1.88,4.13,15.76,14.8875,14.8875,14.997831291761866,1.2106537530266344,29.885331291761865,2.0220034481788933,14.8875,38.20555821649205,1.2106537530266344,53.09305821649205,1.4995044931515111,23.207726924730185,23.207726924730185,23.20772692473018,23.20772692473018,-0.5224989550273822,0.5224989550273822,0.6011886936689059,0.3524242321767095,0.9540242752912864,True,FULL,FULL_exp_log_rank_3
173,0.23,1.5666666666666669,0.81,0.5826666666666666,0.5826666666666666,0.6080845262035995,3.191489361702127,1.190751192870266,12.675105003139644,0.5826666666666666,0.5160287591741327,3.191489361702127,1.0986954258407993,12.36628103332492,-0.09205576702946683,0.09205576702946683,-0.09205576702946683,0.09205576702946683,-0.30882396981472304,0.30882396981472304,0.019640042121034137,0.011957202981457716,0.9658552392883962,True,FULL,FULL_exp_log_rank_3
175,1.85,4.1125,17.29,16.4125,16.4125,14.29966321375646,1.21580547112462,30.71216321375646,2.100213453400296,16.4125,56.83999878115707,1.21580547112462,73.25249878115707,1.447041289588597,42.54033556740061,42.54033556740061,42.54033556740061,42.54033556740061,-0.6531721638116992,0.6531721638116992,0.6134354936489516,0.38537208712282767,0.9601126016746976,True,FULL,FULL_exp_log_rank_3
176,0.65,1.5766666666666669,0.57,0.478,0.478,1.612273609680621,3.1712473572938684,2.090273609680621,4.48569879514461,0.478,1.4922440681403843,3.1712473572938684,1.9702440681403843,3.927981105310016,-0.1200295415402366,0.1200295415402366,-0.1200295415402366,0.1200295415402366,-0.5577176898345937,0.5577176898345937,0.05277517809051821,0.03676916893940807,0.6974232785276999,True,FULL,FULL_exp_log_rank_3
177,1.47,2.6333333333333333,3.8,3.616,3.616,6.14964024424423,1.89873417721519,9.76564024424423,2.66832825839853,3.616,4.498908241606008,1.89873417721519,8.114908241606008,2.482322947017263,-1.6507320026382217,1.6507320026382217,-1.6507320026382217,1.6507320026382217,-0.18600531138126675,0.18600531138126675,0.2022636877154893,0.1432809531969922,0.9192790043444712,True,FULL,FULL_exp_log_rank_3
178,2.12,4.1575,13.69,12.965,12.965,17.833183532648366,1.2026458208057729,30.79818353264837,1.8070468059221405,12.965,28.113666693657837,1.2026458208057729,41.07866669365784,1.4791415987228873,10.280483161009471,10.280483161009471,10.280483161009467,10.280483161009467,-0.3279052071992532,0.3279052071992532,0.6598649811256758,0.41700891030238624,0.9308077527316644,True,FULL,FULL_exp_log_rank_3
179,0.48,1.5666666666666669,0.88,0.6386666666666666,0.6386666666666666,2.2710172374402005,3.191489361702127,2.909683904106867,5.11752583659357,0.6386666666666666,1.404607045300866,3.191489361702127,2.0432737119675326,4.839771836038671,-0.8664101921393343,0.8664101921393343,-0.8664101921393343,0.8664101921393343,-0.27775400055489907,0.27775400055489907,0.08993550035888447,0.06293837642490314,0.5976269361351985,True,FULL,FULL_exp_log_rank_3
181,0.9,3.925,17.84,14.94,14.94,13.029435602700998,1.2738853503184715,27.969435602700997,3.4621547532157915,14.94,35.305008261036114,1.2738853503184715,50.24500826103611,2.343092531889376,22.275572658335115,22.275572658335115,22.275572658335115,22.275572658335115,-1.1190622213264154,1.1190622213264154,1.1476683947556485,0.8480275842015087,0.790259277785714,True,FULL,FULL_exp_log_rank_3
182,0.22,1.49,0.66,0.4575,0.4575,0.5513217275318822,3.3557046979865772,1.0088217275318825,12.75282127395527,0.4575,0.6229633414482307,3.3557046979865772,1.0804633414482308,11.429187155800824,0.07164161391634849,0.07164161391634849,0.07164161391634827,0.07164161391634827,-1.3236341181544464,1.3236341181544464,0.006943110147516047,0.004877162609778559,0.9939445164112479,True,FULL,FULL_exp_log_rank_3
183,1.93,3.1,4.22,4.0145,4.0145,10.822557992923612,1.6129032258064515,14.837057992923611,2.064879723343122,4.0145,5.947179773939707,1.6129032258064515,9.961679773939707,1.9886903119035615,-4.875378218983904,4.875378218983904,-4.875378218983904,4.875378218983904,-0.0761894114395607,0.0761894114395607,0.2912905839443075,0.21475416888278928,0.8692649700150791,True,FULL,FULL_exp_log_rank_3
184,3.98,4.75,15.12,14.85,14.85,45.661479023586836,1.0526315789473684,60.51147902358684,1.247654255784918,14.85,129.33478228134956,1.0526315789473684,144.18478228134956,1.088317858915557,83.67330325776273,83.67330325776273,83.67330325776271,83.67330325776271,-0.15933639686936085,0.15933639686936085,0.8765009512782381,0.558239772606472,0.8981138302054337,True,FULL,FULL_exp_log_rank_3
185,0.13,1.5666666666666669,1.09,0.5446666666666667,0.5446666666666667,0.9576325699215577,3.191489361702127,1.5022992365882244,21.905585532286455,0.5446666666666667,1.0295762830287476,3.191489361702127,1.5742429496954145,20.921687475398063,0.07194371310718994,0.07194371310718994,0.07194371310719005,0.07194371310719005,-0.9838980568883926,0.9838980568883926,0.012880321157385848,0.008008948629736036,0.9944388296908276,True,FULL,FULL_exp_log_rank_3
186,0.28,2.1775,5.16,3.81425,3.81425,3.130431077528114,2.296211251435132,6.944681077528114,11.220553160809676,3.81425,1.6161822311591396,2.296211251435132,5.4304322311591395,12.745842095730348,-1.5142488463689743,1.5142488463689743,-1.5142488463689743,1.5142488463689743,1.5252889349206722,1.5252889349206722,0.266633481876261,0.1691376016995961,0.8269103080490401,True,FULL,FULL_exp_log_rank_3
187,0.7,3.88,16.09,11.71,11.71,14.993697153202367,1.288659793814433,26.70369715320237,3.931657649182005,11.71,23.79427310952478,1.288659793814433,35.50427310952478,3.1265825903038382,8.800575956322414,8.800575956322414,8.800575956322412,8.800575956322412,-0.8050750588781668,0.8050750588781668,0.6659883397052904,0.47187244051908034,0.9098704612480721,True,FULL,FULL_exp_log_rank_3
188,1.1,2.06,0.64,0.593,0.593,1.513280437089641,2.4271844660194173,2.1062804370896413,3.268679989536249,0.593,1.880934560125183,2.4271844660194173,2.473934560125183,2.8091889669138617,0.3676541230355419,0.3676541230355419,0.3676541230355417,0.3676541230355417,-0.4594910226223874,0.4594910226223874,0.04659860367456564,0.032511307229767035,0.8414294888484692,True,FULL,FULL_exp_log_rank_3
189,3.11,3.85,4.79,4.4285,4.4285,105.61771145632456,1.2987012987012987,110.04621145632456,1.3813754414682702,4.4285,16.606605127080687,1.2987012987012987,21.035105127080687,1.3985224253996635,-89.01110632924387,89.01110632924387,-89.01110632924387,89.01110632924387,0.017146983931393356,0.017146983931393356,0.9028653713798671,0.6214250688751011,-0.049454605910856486,True,FULL,FULL_exp_log_rank_3
190,2.95,4.833333333333333,17.57,15.660000000000002,15.660000000000002,133.5433516563727,1.0344827586206895,149.2033516563727,1.194201194728314,15.660000000000002,85.75744988997218,1.0344827586206895,101.41744988997218,1.1175067334813038,-47.785901766400514,47.785901766400514,-47.785901766400514,47.785901766400514,-0.07669446124701018,0.07669446124701018,2.5836355757381,1.9501854248393866,0.37938542731521896,True,FULL,FULL_exp_log_rank_3
191,0.1,1.64,1.15,0.5823333333333333,0.5823333333333333,0.8468851223123651,3.048780487804878,1.4292184556456984,32.276683117014976,0.5823333333333333,0.8567933804995654,3.048780487804878,1.4391267138328987,31.62762196343999,0.009908258187200314,0.009908258187200314,0.009908258187200314,0.009908258187200314,-0.6490611535749871,0.6490611535749871,0.001976004710836759,0.0012079343109986207,0.9998683554807632,True,FULL,FULL_exp_log_rank_3
192,0.26,2.06,5.06,2.78625,2.78625,5.537602820988881,2.4271844660194173,8.323852820988881,9.67711986223781,2.78625,5.627819099048497,2.4271844660194173,8.414069099048497,9.02511888656144,0.09021627805961607,0.09021627805961607,0.09021627805961607,0.09021627805961607,-0.6520009756763692,0.6520009756763692,0.04622337191155061,0.019175487913666366,0.9966792259580038,True,FULL,FULL_exp_log_rank_3
193,0.48,3.91,15.79,12.4225,12.4225,7.40432598861948,1.278772378516624,19.82682598861948,7.151633571136485,12.4225,10.288180766658243,1.278772378516624,22.710680766658243,6.226012115474643,2.8838547780387636,2.8838547780387636,2.8838547780387636,2.8838547780387636,-0.9256214556618421,0.9256214556618421,0.4383038467081966,0.28009423255477955,0.9445801821627338,True,FULL,FULL_exp_log_rank_3
194,0.47,1.5599999999999998,0.9,0.6583333333333333,0.6583333333333333,2.1587521490528645,3.2051282051282053,2.8170854823861977,5.267358968714256,0.6583333333333333,1.3535565657262594,3.2051282051282053,2.0118898990595926,4.990493240830499,-0.8051955833266051,0.8051955833266051,-0.8051955833266051,0.8051955833266051,-0.27686572788375674,0.27686572788375674,0.08677247876072841,0.06041511473248168,0.6353643432314096,True,FULL,FULL_exp_log_rank_3
195,0.49,2.1875,5.79,4.2505,4.2505,7.336962282580967,2.2857142857142856,11.587462282580969,5.320972461121309,4.2505,5.93235536763562,2.2857142857142856,10.18285536763562,4.975972019497241,-1.4046069149453473,1.4046069149453473,-1.404606914945349,1.404606914945349,-0.3450004416240686,0.3450004416240686,0.27538921767685964,0.17435942334787596,0.893997935687511,True,FULL,FULL_exp_log_rank_3
196,1.09,3.86,17.51,14.9375,14.9375,16.553387035413166,1.2953367875647668,31.490887035413166,2.8169440230151195,14.9375,44.827010323633864,1.2953367875647668,59.764510323633864,1.9204790680818584,28.273623288220698,28.273623288220698,28.273623288220698,28.273623288220698,-0.8964649549332611,0.8964649549332611,0.654746507390096,0.5345045154684028,0.9381935244728742,True,FULL,FULL_exp_log_rank_3
197,0.14,2.0725,0.99,0.65575,0.65575,0.5146811885872504,2.4125452352231607,1.1704311885872505,25.510159206488257,0.65575,0.2301938731657233,2.4125452352231607,0.8859438731657234,30.05626287304495,-0.28448731542152716,0.28448731542152716,-0.28448731542152705,0.28448731542152705,4.546103666556693,4.546103666556693,0.06493570697932002,0.038652889351587276,0.7007390028295579,True,FULL,FULL_exp_log_rank_3
199,2.66,4.3725000000000005,17.29,16.490000000000002,16.490000000000002,37.39926722177272,1.1435105774728416,53.88926722177272,1.504191322919805,16.490000000000002,96.77391228443584,1.1435105774728416,113.26391228443585,1.2301042035885934,59.37464506266312,59.37464506266312,59.37464506266313,59.37464506266313,-0.27408711933121155,0.27408711933121155,1.1394942330428386,0.7832815048851671,0.8804089038054791,True,FULL,FULL_exp_log_rank_3
200,1.09,1.85,0.51,0.452,0.452,3.5013968656521643,2.702702702702702,3.953396865652164,3.161464776235545,0.452,2.642745888843531,2.702702702702702,3.094745888843531,2.917811900899986,-0.8586509768086334,0.8586509768086334,-0.858650976808633,0.858650976808633,-0.24365287533555868,0.24365287533555868,0.07231968458556408,0.05428432701788632,0.4122587494722705,True,FULL,FULL_exp_log_rank_3
201,4.54,28.00018033053748,3.73,3.372542584212134,3.372542584212134,0.9705608512144872,0.178570278511632,4.343103435426621,0.8969826858645201,3.372542584212134,2.8931362011984083,0.178570278511632,6.265678785410542,0.6245660053574805,1.922575349983921,1.922575349983921,1.922575349983921,1.922575349983921,-0.2724166805070396,0.2724166805070396,0.24093050320852333,0.15900378432096354,0.7293912178070722,True,FULL,FULL_exp_log_rank_3
202,5.68,6.0,13.66,13.51,13.51,45.684267603740025,0.8333333333333334,59.19426760374002,0.9611956816495174,13.51,111.29667786220436,0.8333333333333334,124.80667786220437,0.8588040373101913,65.61241025846434,65.61241025846434,65.61241025846434,65.61241025846434,-0.10239164433932613,0.10239164433932613,0.7160635820167482,0.435852049554628,0.9123260317603671,True,FULL,FULL_exp_log_rank_3
203,8.16,15.0,0.64,0.4826666666666666,0.4826666666666666,11.163229285157737,0.3333333333333333,11.645895951824402,0.3680224492093827,0.4826666666666666,13.893550464569886,0.3333333333333333,14.376217131236553,0.3399143698909658,2.730321179412149,2.730321179412149,2.730321179412151,2.730321179412151,-0.028108079318416912,0.028108079318416912,0.1681513901968838,0.12848653645247612,-0.6593853517928685,True,FULL,FULL_exp_log_rank_3
204,9.63,15.0,1.15,0.9263333333333332,0.9263333333333332,31.67109901569681,0.3333333333333333,32.59743234903014,0.356302565715436,0.9263333333333332,38.20373920495667,0.3333333333333333,39.13007253829,0.3369381352608878,6.532640189259858,6.532640189259858,6.532640189259858,6.532640189259858,-0.01936443045454822,0.01936443045454822,0.337001003855623,0.25695820979515555,-0.8472606634236841,True,FULL,FULL_exp_log_rank_3
205,8.17,15.0,1.67,1.391,1.391,14.757831874738754,0.3333333333333333,16.148831874738754,0.3859250855203011,1.391,20.234077271897547,0.3333333333333333,21.625077271897545,0.3460557886634249,5.476245397158793,5.476245397158793,5.476245397158792,5.476245397158792,-0.03986929685687618,0.03986929685687618,0.29422399369498176,0.22086448993437396,0.08991830033406722,True,FULL,FULL_exp_log_rank_3
206,7.68,15.0,2.36,1.9943333333333333,1.9943333333333333,14.016889640854824,0.3333333333333333,16.011222974188158,0.404258783461519,1.9943333333333333,16.734383324064737,0.3333333333333333,18.72871665739807,0.3568821960222864,2.717493683209913,2.717493683209913,2.717493683209913,2.717493683209913,-0.04737658743923262,0.04737658743923262,0.3357745322135391,0.24760663213518996,0.36937764387993155,True,FULL,FULL_exp_log_rank_3
207,12.65,17.5,2.87,2.478,2.478,85.54466261294648,0.2857142857142857,88.02266261294648,0.3027127732951231,2.478,288.93800635796794,0.2857142857142857,291.41600635796794,0.286647001589522,203.39334374502147,203.39334374502147,203.39334374502147,203.39334374502147,-0.016065771705601084,0.016065771705601084,0.7521677829414567,0.5442994005159548,-0.6271043391966966,True,FULL,FULL_exp_log_rank_3
209,0.55,3.75,0.015,0.014,0.014,0.0024195869070291,1.3333333333333333,0.0164195869070291,8.395940887010124,0.014,0.0334249696802405,1.3333333333333333,0.0474249696802405,3.938911542542845,0.031005382773211403,0.031005382773211403,0.0310053827732114,0.0310053827732114,-4.457029344467278,4.457029344467278,0.004177953013793038,0.0027719191352443017,-4.378191526185359,True,FULL,FULL_exp_log_rank_3
210,0.73,3.75,0.017,0.0155,0.0155,0.0049950016940742,1.3333333333333333,0.0204950016940742,5.436911505105911,0.0155,0.0249872585612357,1.3333333333333333,0.0404872585612357,3.1890238524136354,0.0199922568671615,0.0199922568671615,0.019992256867161502,0.019992256867161502,-2.2478876526922758,2.2478876526922758,0.0018497803115732538,0.0012813114392463776,0.3248905714832181,True,FULL,FULL_exp_log_rank_3
211,0.73,3.75,0.031,0.0205,0.0205,0.0421170527109933,1.3333333333333333,0.0626170527109933,3.3538139443417307,0.0205,0.2042713488054228,1.3333333333333333,0.2247713488054228,2.0607833486136817,0.1621542960944295,0.1621542960944295,0.1621542960944295,0.1621542960944295,-1.293030595728049,1.293030595728049,0.008715041529735653,0.006544572228813993,-2.479196475144218,True,FULL,FULL_exp_log_rank_3
212,0.56,4.25,0.032,0.0305,0.0305,0.0032729190185453,1.1764705882352942,0.0337729190185453,9.217143579218789,0.0305,0.1149059770107843,1.1764705882352942,0.1454059770107843,3.588124469362111,0.111633057992239,0.111633057992239,0.11163305799223901,0.11163305799223901,-5.629019109856678,5.629019109856678,0.01643395513262015,0.010777041192056797,-18.59814958744938,True,FULL,FULL_exp_log_rank_3
213,0.61,4.25,0.036,0.032,0.032,0.0097117896904809,1.1764705882352942,0.0417117896904809,6.613265489413038,0.032,0.1473923882257056,1.1764705882352942,0.1793923882257056,3.072049655579559,0.1376805985352247,0.1376805985352247,0.1376805985352247,0.1376805985352247,-3.5412158338334794,3.5412158338334794,0.017944178546866096,0.01205604080485023,-16.46629238491301,True,FULL,FULL_exp_log_rank_3
214,0.8,4.25,0.041,0.0365,0.0365,0.0146135447707714,1.1764705882352942,0.0511135447707714,4.687843076991533,0.0365,0.1466816574789008,1.1764705882352942,0.1831816574789008,2.2828938856685546,0.1320681127081294,0.1320681127081294,0.1320681127081294,0.1320681127081294,-2.4049491913229786,2.4049491913229786,0.011173874658348668,0.007958239113463031,-3.343465454144069,True,FULL,FULL_exp_log_rank_3
215,0.85,4.25,0.053,0.0412499999999999,0.0412499999999999,0.0449535990108785,1.1764705882352942,0.0862035990108784,3.4008265344224067,0.0412499999999999,0.2574137733786908,1.1764705882352942,0.2986637733786907,1.9394100214209784,0.2124601743678123,0.2124601743678123,0.2124601743678123,0.2124601743678123,-1.4614165130014283,1.4614165130014283,0.01298006771840057,0.009615855613787043,-2.1904665398428196,True,FULL,FULL_exp_log_rank_3
216,1.18,4.75,0.072,0.06875,0.06875,0.0144953537063408,1.0526315789473684,0.0832453537063408,3.803418428356459,0.06875,0.1897369682401243,1.0526315789473684,0.2584869682401243,1.74116209830104,0.17524161453378348,0.17524161453378348,0.1752416145337835,0.1752416145337835,-2.062256330055419,2.062256330055419,0.009168369309452173,0.006751178557763515,0.22471044736207946,True,FULL,FULL_exp_log_rank_3
217,1.07,4.75,0.082,0.07425,0.07425,0.0316745022212473,1.0526315789473684,0.1059245022212473,3.494012368300583,0.07425,0.2450907947995826,1.0526315789473684,0.3193407947995826,1.802795398466436,0.2134162925783353,0.2134162925783353,0.2134162925783353,0.2134162925783353,-1.691216969834147,1.691216969834147,0.012651458014263343,0.00927022004411647,-0.222219550124662,True,FULL,FULL_exp_log_rank_3
218,0.99,4.75,0.091,0.0815,0.0815,0.0350845623553453,1.0526315789473684,0.1165845623553453,3.740061038065954,0.0815,0.2667950871552617,1.0526315789473684,0.3482950871552617,1.9388809018583344,0.23171052479991638,0.23171052479991638,0.23171052479991638,0.23171052479991638,-1.8011801362076194,1.8011801362076194,0.0164370491114984,0.01188016768219705,-0.7739505639145647,True,FULL,FULL_exp_log_rank_3
219,1.33,4.75,0.123,0.109,0.109,0.0845437839006371,1.0526315789473684,0.1935437839006371,2.512415047002486,0.109,0.3752984225920713,1.0526315789473684,0.4842984225920713,1.5211851207858973,0.2907546386914342,0.2907546386914342,0.2907546386914342,0.2907546386914342,-0.9912299262165889,0.9912299262165889,0.007939106303743892,0.006210466490597418,0.8158231380480527,True,FULL,FULL_exp_log_rank_3
220,0.57,3.0,0.057,0.045,0.045,0.0423378142666348,1.6666666666666667,0.0873378142666348,5.252909248352316,0.045,0.3539401594397505,1.6666666666666667,0.3989401594397505,2.7642730420063666,0.3116023451731157,0.3116023451731157,0.3116023451731157,0.3116023451731157,-2.4886362063459497,2.4886362063459497,0.021222437095053184,0.01555160880418055,-6.706604751018569,True,FULL,FULL_exp_log_rank_3
221,0.74,3.0,0.052,0.0426666666666666,0.0426666666666666,0.0483380999196384,1.6666666666666667,0.091004766586305,3.990648101805694,0.0426666666666666,0.3164585870168378,1.6666666666666667,0.3591252536835044,2.2327005560331576,0.26812048709719943,0.26812048709719943,0.2681204870971994,0.2681204870971994,-1.7579475457725362,1.7579475457725362,0.007665532016067708,0.005958008448262435,-0.04297321409653754,True,FULL,FULL_exp_log_rank_3
222,1.17,3.75,0.042,0.037,0.037,0.0379972465016185,1.3333333333333333,0.0749972465016185,2.7555455668379523,0.037,0.1425448768507259,1.3333333333333333,0.1795448768507259,1.7752252713053318,0.10454763034910738,0.10454763034910738,0.1045476303491074,0.1045476303491074,-0.9803202955326205,0.9803202955326205,0.0016672463130073308,0.0013909974307551578,0.9350630698092087,True,FULL,FULL_exp_log_rank_3
224,0.75,3.5,0.022,0.02125,0.02125,0.0026705992767688,1.4285714285714286,0.0239205992767688,6.637578410976577,0.02125,0.0471335142382344,1.4285714285714286,0.0683835142382345,2.8417717525378623,0.0444629149614656,0.0444629149614656,0.04446291496146569,0.04446291496146569,-3.7958066584387145,3.7958066584387145,0.0034428409566477345,0.0024337509533413726,-0.3202876894891449,True,FULL,FULL_exp_log_rank_3
225,1.15,3.5,0.021,0.02,0.02,0.0073958891535081,1.4285714285714286,0.0273958891535081,3.6113543932907137,0.02,0.0102177515542918,1.4285714285714286,0.0302177515542918,3.0233477814193583,0.002821862400783701,0.002821862400783701,0.0028218624007836993,0.0028218624007836993,-0.5880066118713554,0.5880066118713554,0.0003469498882737634,0.00018468016439257505,0.9894022527988955,True,FULL,FULL_exp_log_rank_3
226,1.1,3.5,0.02,0.01925,0.01925,0.004956977641193,1.4285714285714286,0.024206977641193,4.054827267846036,0.01925,0.0083044883302765,1.4285714285714286,0.0275544883302765,3.2724083016501,0.003347510689083499,0.003347510689083499,0.0033475106890835,0.0033475106890835,-0.7824189661959364,0.7824189661959364,0.0003142892938301592,0.0001883076295157969,0.9900527032853197,True,FULL,FULL_exp_log_rank_3
228,0.7,3.0,0.059,0.0456666666666666,0.0456666666666666,0.0656740182268081,1.6666666666666667,0.1113406848934747,3.9285722676402535,0.0456666666666666,0.389041034622187,1.6666666666666667,0.4347077012888536,2.2607565517702737,0.3233670163953789,0.3233670163953789,0.3233670163953789,0.3233670163953789,-1.6678157158699798,1.6678157158699798,0.010105259203298468,0.007854521192057649,-0.4107519682922387,True,FULL,FULL_exp_log_rank_3
229,0.8,3.75,0.039,0.03775,0.03775,0.0044128695173391,1.3333333333333333,0.0421628695173391,6.31959788609588,0.03775,0.1237812444319924,1.3333333333333333,0.1615312444319925,2.4016586894127334,0.1193683749146533,0.1193683749146533,0.11936837491465338,0.11936837491465338,-3.9179391966831467,3.9179391966831467,0.008531388444155522,0.006101009913664809,-1.5951944385108505,True,FULL,FULL_exp_log_rank_3
230,1.1,3.75,0.031,0.03025,0.03025,0.004226216061608,1.3333333333333333,0.034476216061608,4.574641618565765,0.03025,0.055254730262436,1.3333333333333333,0.085504730262436,2.175204615733582,0.051028514200828,0.051028514200828,0.051028514200828004,0.051028514200828004,-2.3994370028321828,2.3994370028321828,0.002147401197435824,0.0016509490314821926,0.7923191110768717,True,FULL,FULL_exp_log_rank_3
234,0.99,3.0,0.523,0.4803333333333333,0.4803333333333333,0.3422582854093307,1.6666666666666667,0.822591618742664,3.6102895519762694,0.4803333333333333,0.5835724500236266,1.6666666666666667,1.0639057833569598,2.795774973407556,0.2413141646142959,0.2413141646142959,0.2413141646142959,0.2413141646142959,-0.8145145785687133,0.8145145785687133,0.012070546317198639,0.00750309261786083,0.9791893605284083,True,FULL,FULL_exp_log_rank_3
235,1.49,3.0,0.929,0.87,0.87,1.3911680147990315,1.6666666666666667,2.261168014799032,2.4688599946843404,0.87,1.4813518286485543,1.6666666666666667,2.3513518286485544,2.1465943807130494,0.09018381384952279,0.09018381384952279,0.09018381384952256,0.09018381384952256,-0.32226561397129094,0.32226561397129094,0.04934029701392675,0.033044463999828445,0.9139686098861141,True,FULL,FULL_exp_log_rank_3
236,2.48,3.5,1.278,1.2245,1.2245,4.974718816480315,1.4285714285714286,6.199218816480315,1.7047169871616714,1.2245,4.628172272557361,1.4285714285714286,5.852672272557361,1.5582619236228752,-0.3465465439229538,0.3465465439229538,-0.3465465439229538,0.3465465439229538,-0.14645506353879623,0.14645506353879623,0.10291045380410146,0.07200026110677622,0.8110471030632196,True,FULL,FULL_exp_log_rank_3
238,1.16,3.0,0.606,0.5299999999999999,0.5299999999999999,0.9995028593983644,1.6666666666666667,1.5295028593983642,2.6762963684092975,0.5299999999999999,0.9365623439239672,1.6666666666666667,1.4665623439239672,2.349160321003565,-0.06294051547439716,0.06294051547439716,-0.06294051547439694,0.06294051547439694,-0.32713604740573254,0.32713604740573254,0.036202120087883496,0.023853912951833204,0.8703825003822104,True,FULL,FULL_exp_log_rank_3
239,2.0,3.5,0.785,0.745,0.745,1.4880839300345443,1.4285714285714286,2.2330839300345446,1.9471028822830023,0.745,1.9699315315815724,1.4285714285714286,2.7149315315815725,1.6657580973014894,0.4818476015470281,0.4818476015470281,0.4818476015470279,0.4818476015470279,-0.28134478498151294,0.28134478498151294,0.047731334976517166,0.032895452211004914,0.8952372190257349,True,FULL,FULL_exp_log_rank_3
240,1.84,3.0,1.067,0.9266666666666667,0.9266666666666667,11.34965538746409,1.6666666666666667,12.276322054130755,1.8769974838423913,0.9266666666666667,3.4764597238053137,1.6666666666666667,4.40312639047198,1.8525596046061277,-7.873195663658776,7.873195663658776,-7.873195663658775,7.873195663658775,-0.024437879236263615,0.024437879236263615,0.1915287964853073,0.14640857174509775,0.10118872078141017,True,FULL,FULL_exp_log_rank_3
241,2.5,3.5,1.53,1.435,1.435,11.191062390354295,1.4285714285714286,12.626062390354296,1.6206039521105755,1.435,5.346555737586899,1.4285714285714286,6.781555737586898,1.5584900002685451,-5.844506652767397,5.844506652767397,-5.8445066527673974,5.8445066527673974,-0.06211395184203039,0.06211395184203039,0.1796555319203282,0.12843184759120735,0.5853006924770714,True,FULL,FULL_exp_log_rank_3
242,1.28,13.0,0.381,0.236,0.236,0.2798827945510767,0.3846153846153846,0.5158827945510767,2.332154177278262,0.236,0.6308726297435311,0.3846153846153846,0.8668726297435311,1.867241895838904,0.3509898351924544,0.3509898351924544,0.3509898351924544,0.3509898351924544,-0.4649122814393578,0.4649122814393578,0.06460629832663606,0.04064711765800651,-0.554298485223147,True,FULL,FULL_exp_log_rank_3
243,1.94,13.0,1.479,1.139,1.139,0.9051763320711632,0.3846153846153846,2.0441763320711632,1.6142343389282214,1.139,0.3729983407797281,0.3846153846153846,1.5119983407797282,1.9402574476738603,-0.5321779912914351,0.5321779912914351,-0.5321779912914351,0.5321779912914351,0.3260231087456389,0.3260231087456389,0.08415815072935365,0.05444348922949203,0.7962902299816159,True,FULL,FULL_exp_log_rank_3
244,2.29,13.0,30.401,2.493,2.493,191.4872115140508,0.3846153846153846,193.9802115140508,0.5794840127037909,2.493,79.95796771478015,0.3846153846153846,82.45096771478015,0.5691849114576868,-111.52924379927066,111.52924379927066,-111.52924379927066,111.52924379927066,-0.010299101246104114,0.010299101246104114,8.420020927864268,6.062287047164658,0.2149106087786129,True,FULL,FULL_exp_log_rank_3
245,3.95,13.0,5.488,4.171,4.171,11.473466241634494,0.3846153846153846,15.644466241634497,0.6512771868667829,4.171,14.36673729845204,0.3846153846153846,18.53773729845204,0.5306088413594765,2.8932710568175466,2.8932710568175466,2.893271056817543,2.893271056817543,-0.12066834550730643,0.12066834550730643,0.35148067645548575,0.2091562691195923,0.8342963617234496,True,FULL,FULL_exp_log_rank_3
246,0.34,13.0,0.306,0.104,0.104,0.238125551076079,0.3846153846153846,0.342125551076079,11.465962069935722,0.104,0.9306910418946382,0.3846153846153846,1.0346910418946382,10.391867663113027,0.6925654908185592,0.6925654908185592,0.6925654908185592,0.6925654908185592,-1.0740944068226952,1.0740944068226952,0.1835099191453367,0.10438885187439179,-10.752702645297058,True,FULL,FULL_exp_log_rank_3
247,0.55,13.0,1.422,0.768,0.768,0.854926430267495,0.3846153846153846,1.622926430267495,6.829794290098721,0.768,0.4110149096402844,0.3846153846153846,1.1790149096402844,7.764362361732304,-0.4439115206272106,0.4439115206272106,-0.4439115206272106,0.4439115206272106,0.9345680716335831,0.9345680716335831,0.11174570327328245,0.0647159730765838,0.6695106950662231,True,FULL,FULL_exp_log_rank_3
248,1.07,13.0,2.417,1.547,1.547,1.4889207977309928,0.3846153846153846,3.0359207977309928,3.0462519251595546,1.547,0.4181341631172177,0.3846153846153846,1.9651341631172177,4.025411738786431,-1.070786634613775,1.070786634613775,-1.070786634613775,1.070786634613775,0.9791598136268767,0.9791598136268767,0.22823301473105156,0.13819129832159535,0.45318620367485674,True,FULL,FULL_exp_log_rank_3
249,1.08,13.0,4.482,3.316,3.316,1.9761134955053168,0.3846153846153846,5.292113495505316,3.3738748448845737,3.316,0.5965624597109933,0.3846153846153846,3.912562459710993,4.378013988015769,-1.3795510357943235,1.3795510357943235,-1.3795510357943233,1.3795510357943233,1.0041391431311952,1.0041391431311952,0.29335150240308344,0.17696270588853844,0.6611439869550639,True,FULL,FULL_exp_log_rank_3
250,0.1,15.0,0.367,0.136,0.136,0.2402542971419538,0.3333333333333333,0.3762542971419538,56.09759499434641,0.136,0.774203730835006,0.3333333333333333,0.910203730835006,52.55671983654888,0.5339494336930523,0.5339494336930523,0.5339494336930523,0.5339494336930523,-3.5408751577975295,3.5408751577975295,0.1455477148548944,0.08177741721684044,-5.582565393055542,True,FULL,FULL_exp_log_rank_3
251,0.67,15.0,1.297,0.843,0.843,0.5998183417647385,0.3333333333333333,1.4428183417647384,6.0080454699914485,0.843,0.2001216878849727,0.3333333333333333,1.0431216878849727,7.430782527545015,-0.3996966538797658,0.3996966538797658,-0.3996966538797657,0.3996966538797657,1.422737057553566,1.422737057553566,0.09954414166315999,0.05779205229326232,0.5673194474672388,True,FULL,FULL_exp_log_rank_3
253,2.08,15.0,4.233,3.386,3.386,2.0681407318693763,0.3333333333333333,5.454140731869376,1.6219591173534793,3.386,3.5551879534781365,0.3333333333333333,6.941187953478137,1.3147326876423608,1.4870472216087602,1.4870472216087602,1.4870472216087602,1.4870472216087602,-0.30722642971111846,0.30722642971111846,0.20519577936940178,0.1340020910051675,0.8395944411487566,True,FULL,FULL_exp_log_rank_3
254,0.42,15.0,0.464,0.223,0.223,0.286841251907236,0.3333333333333333,0.509841251907236,9.785018691865965,0.223,0.6211193820686379,0.3333333333333333,0.8441193820686379,8.878648160250735,0.33427813016140195,0.33427813016140195,0.33427813016140195,0.33427813016140195,-0.9063705316152291,0.9063705316152291,0.08808475533630397,0.050214542847389104,-0.720041438264273,True,FULL,FULL_exp_log_rank_3
255,1.34,15.0,1.532,0.812,0.812,1.3202731944591186,0.3333333333333333,2.1322731944591187,2.118955632610797,0.812,1.067084852650728,0.3333333333333333,1.879084852650728,2.144968976600428,-0.25318834180839067,0.25318834180839067,-0.25318834180839067,0.25318834180839067,0.026013343989631288,0.026013343989631288,0.05454911838352812,0.033089773688970835,0.945916192171979,True,FULL,FULL_exp_log_rank_3
256,1.56,15.0,2.845,1.821,1.821,2.049502462074934,0.3333333333333333,3.870502462074933,1.917214666999875,1.821,1.0369743581917583,0.3333333333333333,2.8579743581917585,2.1899272574894586,-1.0125281038831755,1.0125281038831755,-1.0125281038831746,1.0125281038831746,0.2727125904895835,0.2727125904895835,0.19686315647056835,0.12226757167805126,0.7311954436568706,True,FULL,FULL_exp_log_rank_3
257,1.9,15.0,4.37,3.015,3.015,3.1599174946212627,0.3333333333333333,6.174917494621263,1.5540138559861083,3.015,2.2009152636995606,0.3333333333333333,5.215915263699561,1.6193864392200188,-0.9590022309217021,0.9590022309217021,-0.9590022309217021,0.9590022309217021,0.06537258323391049,0.06537258323391049,0.17753932423222807,0.11175335081519189,0.9031929446837009,True,FULL,FULL_exp_log_rank_3
258,2.09,15.0,55.263,3.813,3.813,190.18212243089908,0.3333333333333333,193.99512243089907,0.7174733228095233,3.813,660.4758566321186,0.3333333333333333,664.2888566321186,0.6704313096553242,470.29373420121954,470.29373420121954,470.29373420121954,470.29373420121954,-0.04704201315419909,0.04704201315419909,52.67836126491672,36.29195095394624,-8.456681776512236,True,FULL,FULL_exp_log_rank_3
284,0.27,1.6652089623887931,2.655,1.3036485066778338,1.3036485066778338,4.61028992899217,3.002626164602998,5.913938435670004,7.913618795998358,1.3036485066778338,3.613412332040151,3.002626164602998,4.917060838717985,7.566904600269014,-0.9968775969520189,0.9968775969520189,-0.9968775969520189,0.9968775969520189,-0.34671419572934425,0.34671419572934425,0.17358456728523733,0.11112192249953882,0.8713944195636519,True,FULL,FULL_exp_log_rank_3
285,0.5,3.083720300719987,2.417,0.6555920235894309,0.6555920235894309,7.127781251237852,1.621418128885619,7.783373274827283,3.420782268328867,0.6555920235894309,3.013554786250189,1.621418128885619,3.66914680983962,3.623219228856429,-4.114226464987663,4.114226464987663,-4.114226464987663,4.114226464987663,0.202436960527562,0.202436960527562,0.4750445340186303,0.32597138726212294,0.37091592081588065,True,FULL,FULL_exp_log_rank_3
286,0.88,5.4273477292671775,5.477,2.848434309388562,2.848434309388562,8.806082929225237,0.9212603005031926,11.6545172386138,2.5046228694450243,2.848434309388562,0.1065784557683131,0.9212603005031926,2.955012765156875,7.001368406108082,-8.699504473456924,8.699504473456924,-8.699504473456924,8.699504473456924,4.496745536663058,4.496745536663058,1.1375684030825495,0.7579526704649857,-0.41300292450156073,True,FULL,FULL_exp_log_rank_3
287,0.29,1.7885577744175924,3.214,1.959240530267265,1.959240530267265,3.9894927128527247,2.7955484980786536,5.94873324311999,8.412171305906568,1.959240530267265,2.737777776287847,2.7955484980786536,4.697018306555112,8.485650463326573,-1.2517149365648779,1.2517149365648779,-1.2517149365648779,1.2517149365648779,0.07347915742000488,0.07347915742000488,0.19965244476606733,0.12974414193227823,0.8368721617771144,True,FULL,FULL_exp_log_rank_3
288,0.44,2.7136738646335887,3.179,1.959240530267265,1.959240530267265,3.8637545585443656,1.8425206010063853,5.822995088811631,5.589277438658442,1.959240530267265,0.6909699293495777,1.8425206010063853,2.6502104596168428,8.325423916314378,-3.172784629194788,3.172784629194788,-3.172784629194788,3.172784629194788,2.736146477655936,2.736146477655936,0.43578793150717077,0.29034275436333323,0.19099664600528776,True,FULL,FULL_exp_log_rank_3
289,0.44,2.7136738646335887,5.856,2.848434309388562,2.848434309388562,10.290924987900752,1.8425206010063853,13.139359297289314,4.832563228905287,2.848434309388562,5.57306141778618,1.8425206010063853,8.421495727174742,5.09039127295809,-4.717863570114572,4.717863570114572,-4.717863570114572,4.717863570114572,0.25782804405280313,0.25782804405280313,0.6515587465953752,0.43488256054745655,0.6325290061239972,True,FULL,FULL_exp_log_rank_3
291,0.42,2.590325052604789,4.293,1.959240530267265,1.959240530267265,8.144262348078403,1.9302596772447849,10.103502878345669,4.906645401620717,1.959240530267265,3.684047855730427,1.9302596772447849,5.643288385997693,5.39108636649675,-4.460214492347976,4.460214492347976,-4.460214492347976,4.460214492347976,0.4844409648760326,0.4844409648760326,0.5874385284911342,0.3953556977801853,0.490831045251101,True,FULL,FULL_exp_log_rank_3
292,0.27,1.6652089623887931,1.816,0.6555920235894309,0.6555920235894309,4.340373544875488,3.002626164602998,4.99596556846492,6.93036783035678,0.6555920235894309,3.342572735185865,3.002626164602998,3.998164758775296,6.560910326681322,-0.9978008096896231,0.9978008096896231,-0.9978008096896236,0.9978008096896236,-0.3694575036754584,0.3694575036754584,0.1605549619437999,0.10463571766787232,0.8380101565618252,True,FULL,FULL_exp_log_rank_3
293,0.55,3.392092330791986,3.752,1.3488617496840016,1.3488617496840016,8.999404803617814,1.4740164808051082,10.348266553301816,3.397073578572742,1.3488617496840016,2.8320420931573436,1.4740164808051082,4.180903842841345,3.995137085453384,-6.167362710460471,6.167362710460471,-6.167362710460471,6.167362710460471,0.5980635068806421,0.5980635068806421,0.7440353625668379,0.5078439673458027,0.1884357486057282,True,FULL,FULL_exp_log_rank_3
295,1.2,7.400928721727968,0.0307,0.0217962758401608,0.0217962758401608,0.0268208917452208,0.6755908870356747,0.0486171675853816,2.3157906832156443,0.0217962758401608,0.0544894155066419,0.6755908870356747,0.0762856913468027,1.7483628187124756,0.0276685237614211,0.0276685237614211,0.0276685237614211,0.0276685237614211,-0.5674278645031687,0.5674278645031687,0.0028115288793786213,0.0019516650621289031,0.5472409517971527,True,FULL,FULL_exp_log_rank_3
296,2.0,12.334881202879949,0.131,0.0508579769603752,0.0508579769603752,0.2935284290129898,0.4053545322214048,0.344386405973365,0.9614433155844516,0.0508579769603752,0.8243617014690904,0.4053545322214048,0.8752196784294656,0.7281812552284042,0.5308332724561006,0.5308332724561006,0.5308332724561006,0.5308332724561006,-0.23326206035604746,0.23326206035604746,0.041033264535143506,0.029741648095368944,-1.1941715313968935,True,FULL,FULL_exp_log_rank_3
297,1.8,11.101393082591954,0.046,0.0145308505601072,0.0145308505601072,0.1222071066849876,0.4503939246904497,0.1367379572450948,0.9937795159488002,0.0145308505601072,0.1894851722455888,0.4503939246904497,0.204016022805696,0.8331799013861315,0.0672780655606012,0.0672780655606012,0.0672780655606012,0.0672780655606012,-0.1605996145626687,0.1605996145626687,0.0040011834598288,0.002983687758723913,0.861377181017815,True,FULL,FULL_exp_log_rank_3
302,0.75,4.625580451079981,0.055,0.0153092991217785,0.0153092991217785,0.1595143577214117,1.080945419257079,0.1748236568431902,2.2969478423570417,0.0153092991217785,0.783876556687736,1.080945419257079,0.7991858558095145,1.7462394222595212,0.6243621989663244,0.6243621989663244,0.6243621989663243,0.6243621989663243,-0.5507084200975205,0.5507084200975205,0.04603379453460445,0.03337190684860359,-10.621170797330983,True,FULL,FULL_exp_log_rank_3
303,0.91,5.612370947310377,0.041,0.0153092991217785,0.0153092991217785,0.0951653865132687,0.8908890818052851,0.1104746856350472,2.0818876302589207,0.0153092991217785,0.3826863691224123,0.8908890818052851,0.3979956682441908,1.523874768282496,0.2875209826091436,0.2875209826091436,0.2875209826091436,0.2875209826091436,-0.5580128619764246,0.5580128619764246,0.02224092114719867,0.0160841809039144,-5.3123467042215555,True,FULL,FULL_exp_log_rank_3
304,1.87,11.533113924692753,0.046,0.0153092991217785,0.0153092991217785,0.1174680513670647,0.4335342590603259,0.1327773504888432,0.9728764088168116,0.0153092991217785,0.169587672886408,0.4335342590603259,0.1848969720081865,0.8216438441052957,0.052119621519343295,0.052119621519343295,0.052119621519343295,0.052119621519343295,-0.15123256471151592,0.15123256471151592,0.002896831828626143,0.0021592331240851727,0.9239381176043442,True,FULL,FULL_exp_log_rank_3
305,2.17,13.383346105124744,0.042,0.0153092991217785,0.0153092991217785,0.0995579974430193,0.373598647208668,0.1148672965647978,0.8653228395367738,0.0153092991217785,0.0850173921352075,0.373598647208668,0.1003266912569861,0.8018607942047896,-0.014540605307811802,0.014540605307811802,-0.014540605307811705,0.014540605307811705,-0.06346204533198418,0.06346204533198418,0.0029223013970769833,0.0018456251102996924,0.8986925052034731,True,FULL,FULL_exp_log_rank_3
311,1.45,8.942788872087963,1.14,0.7935883525311068,0.7935883525311068,1.051107361858608,0.5591096996157306,1.844695714389715,1.879665749713435,0.7935883525311068,0.2312698932996729,0.5591096996157306,1.0248582458307798,2.662019132027117,-0.8198374685589351,0.8198374685589351,-0.8198374685589351,0.8198374685589351,0.7823533823136821,0.7823533823136821,0.11619433499916641,0.07677361602609295,0.4553649199273525,True,FULL,FULL_exp_log_rank_3
316,1.1,6.784184661583972,1.23,0.5909609098097346,0.5909609098097346,2.195000047586552,0.7370082404025541,2.7859609573962865,1.920963652491806,0.5909609098097346,0.920722307398958,0.7370082404025541,1.5116832172086925,2.1690814530055817,-1.274277740187594,1.274277740187594,-1.274277740187594,1.274277740187594,0.24811780051377585,0.24811780051377585,0.1686485913644271,0.11343721160893287,0.4515858180900858,True,FULL,FULL_exp_log_rank_3
321,1.5,9.25116090215996,2.94,0.5553062574145964,0.5553062574145964,10.568278952724356,0.5404727096285398,11.123585210138952,1.04691166819964,0.5553062574145964,2.9581201221805467,0.5404727096285398,3.5134263795951433,1.1700956288166997,-7.610158830543809,7.610158830543809,-7.610158830543808,7.610158830543808,0.12318396061705972,0.12318396061705972,0.7903391801377962,0.5503008882615963,0.04258371996441468,True,FULL,FULL_exp_log_rank_3
323,1.7,10.484649022447956,7.35,2.2212250296583855,2.2212250296583855,20.160376750419932,0.4768876849663586,22.381601780078316,1.0379375597762583,2.2212250296583855,2.1610432964529025,0.4768876849663586,4.382268326111288,1.607582453239509,-17.99933345396703,17.99933345396703,-17.99933345396703,17.99933345396703,0.5696448934632508,0.5696448934632508,2.067958623671635,1.4219570769030745,-0.39832816667678284,True,FULL,FULL_exp_log_rank_3
327,0.1,0.6167440601439975,0.08,0.0796743371481683,0.0796743371481683,0.0008090983306987,8.107090644428094,0.080483435478867,77.68977402204777,0.0796743371481683,0.3657140913812501,8.107090644428094,0.4453884285294184,18.121812236568257,0.3649049930505514,0.3649049930505514,0.3649049930505514,0.3649049930505514,-59.56796178547951,59.56796178547951,0.04039656931874427,0.02747367090192906,-17.759422854196085,True,FULL,FULL_exp_log_rank_3
329,1.2,7.400928721727968,0.024,0.0202072594216368,0.0202072594216368,0.010665146237602,0.6755908870356747,0.0308724056592388,2.9023919692701785,0.0202072594216368,0.0094170537551232,0.6755908870356747,0.0296243131767601,2.821994845534503,-0.0012480924824787992,0.0012480924824787992,-0.001248092482478702,0.001248092482478702,-0.08039712373567554,0.08039712373567554,0.0003115563848723321,0.0001820273008978874,0.9892017378401239,True,FULL,FULL_exp_log_rank_3
330,1.1,6.784184661583972,0.025,0.0202072594216368,0.0202072594216368,0.0137190748784508,0.7370082404025541,0.0339263343000876,2.9611290302817843,0.0202072594216368,0.0247199869269926,0.7370082404025541,0.0449272463486294,2.3242798713262403,0.0110009120485418,0.0110009120485418,0.011000912048541797,0.011000912048541797,-0.6368491589555441,0.6368491589555441,0.0012245813640482863,0.000824737431155641,0.8498309943757765,True,FULL,FULL_exp_log_rank_3
331,1.25,7.709300751799968,0.047,0.0398371685740841,0.0398371685740841,0.0200809505252075,0.6485672515542477,0.0599181190992916,2.820311710406355,0.0398371685740841,0.090136649275055,0.6485672515542477,0.1299738178491391,1.7230325321230937,0.0700556987498475,0.0700556987498475,0.07005569874984752,0.07005569874984752,-1.0972791782832612,1.0972791782832612,0.008079670504105414,0.005508393604920777,-0.8985793935366202,True,FULL,FULL_exp_log_rank_3
332,1.2,7.400928721727968,0.05,0.0398371685740841,0.0398371685740841,0.0292663957131568,0.6755908870356747,0.0691035642872409,2.6576864448773354,0.0398371685740841,0.1268712074930074,0.6755908870356747,0.1667083760670915,1.6444773801200667,0.0976048117798506,0.0976048117798506,0.09760481177985059,0.09760481177985059,-1.0132090647572687,1.0132090647572687,0.010669144342996685,0.007363805928261761,-1.8176668731527115,True,FULL,FULL_exp_log_rank_3
333,1.6,9.86790496230396,0.093,0.0796743371481683,0.0796743371481683,0.0371742575975103,0.5066931652767559,0.1168485947456786,2.2486028629786348,0.0796743371481683,0.1807585267614174,0.5066931652767559,0.2604328639095857,1.3451585505570536,0.1435842691639071,0.1435842691639071,0.1435842691639071,0.1435842691639071,-0.9034443124215812,0.9034443124215812,0.016635971308782912,0.011331394738347045,-1.0629063110671444,True,FULL,FULL_exp_log_rank_3
334,2.5,15.418601503599936,0.1,0.0796743371481683,0.0796743371481683,0.0585327914263222,0.3242836257771238,0.1382071285744905,1.275689493540873,0.0796743371481683,0.1980313883626778,0.3242836257771238,0.2777057255108461,0.8404801275232472,0.1394985969363556,0.1394985969363556,0.1394985969363556,0.1394985969363556,-0.4352093660176257,0.4352093660176257,0.015499116132539651,0.010646146268410444,-0.4865664874903577,True,FULL,FULL_exp_log_rank_3
335,1.8,11.101393082591954,0.233,0.1991858428704208,0.1991858428704208,0.0944249962521731,0.4503939246904497,0.2936108391225939,1.9904398436807709,0.1991858428704208,0.3208978345345029,0.4503939246904497,0.5200836774049237,1.3131187067428696,0.22647283828232978,0.22647283828232978,0.22647283828232978,0.22647283828232978,-0.6773211369379013,0.6773211369379013,0.026772354009984595,0.01807392007816388,0.1493777756981286,True,FULL,FULL_exp_log_rank_3
336,4.0,24.669762405759897,0.251,0.1991858428704208,0.1991858428704208,0.1494580982300445,0.2026772661107024,0.3486439411004653,0.792806515114832,0.1991858428704208,1.386755905737683,0.2026772661107024,1.5859417486081038,0.4159941660995508,1.2372978075076386,1.2372978075076386,1.2372978075076384,1.2372978075076384,-0.3768123490152812,0.3768123490152812,0.12475335934968165,0.08731135410083887,-14.235204226227896,True,FULL,FULL_exp_log_rank_3
337,1.13,6.96920787962717,0.045,0.0153092991217785,0.0153092991217785,0.1129415099906837,0.7174416499493891,0.1282508091124622,1.6219045254507285,0.0153092991217785,0.3573663737149643,0.7174416499493891,0.3726756728367428,1.2357509837193086,0.24442486372428063,0.24442486372428063,0.2444248637242806,0.2444248637242806,-0.3861535417314199,0.3861535417314199,0.01839492914373214,0.01335353479473691,-2.2701326369868493,True,FULL,FULL_exp_log_rank_3
338,1.74,10.731346646505555,0.033,0.0153092991217785,0.0153092991217785,0.0614267591501006,0.4659247496797756,0.0767360582718792,1.1936384711708052,0.0153092991217785,0.0479035396692519,0.4659247496797756,0.0632128387910305,1.139056742512245,-0.013523219480848704,0.013523219480848704,-0.013523219480848697,0.013523219480848697,-0.05458172865856015,0.05458172865856015,0.0023150282391659924,0.0014877194833309078,0.8632039054364679,True,FULL,FULL_exp_log_rank_3
339,2.13,13.136648481067144,0.035,0.0153092991217785,0.0153092991217785,0.0696089127687665,0.3806145842454505,0.084918211890545,0.9488333573269884,0.0153092991217785,0.032464272291634,0.3806145842454505,0.0477735714134125,1.0288505704375768,-0.03714464047713251,0.03714464047713251,-0.03714464047713251,0.03714464047713251,0.0800172131105884,0.0800172131105884,0.004860267839743495,0.003274045717844962,0.5036887939383752,True,FULL,FULL_exp_log_rank_3
341,1.13,6.96920787962717,0.055,0.0153092991217785,0.0153092991217785,0.1595143577209842,0.7174416499493891,0.1748236568427627,1.524522904222498,0.0153092991217785,0.5460819411851782,0.7174416499493891,0.5613912403069566,1.1888766465065632,0.38656758346419395,0.38656758346419395,0.38656758346419395,0.38656758346419395,-0.3356462577159347,0.3356462577159347,0.028162927939624806,0.02047977418999886,-3.3496262608241985,True,FULL,FULL_exp_log_rank_3
342,1.22,7.524277533756768,0.039,0.0153092991217785,0.0153092991217785,0.0864894320112215,0.6645156265924669,0.101798731133,1.5829859963913084,0.0153092991217785,0.2183808463204579,0.6645156265924669,0.2336901454422364,1.2140054884155975,0.1318914143092364,0.1318914143092364,0.1318914143092364,0.1318914143092364,-0.3689805079757109,0.3689805079757109,0.010137326613105421,0.007357093230789551,-0.5295160049543621,True,FULL,FULL_exp_log_rank_3
343,1.45,8.942788872087963,0.034,0.0153092991217785,0.0153092991217785,0.0654950286258003,0.5591096996157306,0.0808043277475788,1.4123161332544465,0.0153092991217785,0.0943995657327633,0.5591096996157306,0.1097088648545418,1.1748839455268023,0.028904537106963002,0.028904537106963002,0.028904537106963002,0.028904537106963002,-0.23743218772764418,0.23743218772764418,0.0018803060233521173,0.0013682178559951597,0.9182943485398295,True,FULL,FULL_exp_log_rank_3
345,0.6,3.700464360863984,0.062,0.0153092991217785,0.0153092991217785,0.1936315334445874,1.3511817740713494,0.2089408325663659,2.78103428223211,0.0153092991217785,1.0537291195799094,1.3511817740713494,1.069038418701688,2.1471872653102437,0.8600975861353221,0.8600975861353221,0.8600975861353221,0.8600975861353221,-0.6338470169218664,0.6338470169218664,0.06274334415942824,0.04548851077344582,-14.668697625762475,True,FULL,FULL_exp_log_rank_3
346,0.7,4.317208421007981,0.05,0.0153092991217785,0.0153092991217785,0.1358772828198478,1.1581558063468709,0.1511865819416263,2.530764500816095,0.0153092991217785,0.7177865082284619,1.1581558063468709,0.7330958073502404,1.881521922713953,0.5819092254086141,0.5819092254086141,0.5819092254086141,0.5819092254086141,-0.6492425781021418,0.6492425781021418,0.04346102260776819,0.03147113230461352,-12.488355293320243,True,FULL,FULL_exp_log_rank_3
347,0.9,5.550696541295977,0.034,0.0153092991217785,0.0153092991217785,0.0654950141480271,0.9007878493808994,0.0808043132698056,2.275398701589776,0.0153092991217785,0.2454630881024385,0.9007878493808994,0.2607723872242171,1.6204317189728787,0.1799680739544114,0.1799680739544114,0.1799680739544115,0.1799680739544115,-0.6549669826168973,0.6549669826168973,0.014660348160261636,0.010554546194249942,-3.9668792436008395,True,FULL,FULL_exp_log_rank_3
348,1.8,11.101393082591954,0.027,0.0153092991217785,0.0153092991217785,0.038082793731829,0.4503939246904497,0.0533920928536075,1.2897687725693818,0.0153092991217785,0.0067184023372296,0.4503939246904497,0.0220277014590082,1.9138336516407688,-0.0313643913945994,0.0313643913945994,-0.0313643913945993,0.0313643913945993,0.624064879071387,0.624064879071387,0.004219092233084119,0.002825153382920294,0.083769527240664,True,FULL,FULL_exp_log_rank_3
349,1.13,6.96920787962717,0.043,0.0153092991217785,0.0153092991217785,0.1039855497101338,0.7174416499493891,0.1192948488319123,1.6477168177591195,0.0153092991217785,0.3203081600311033,0.7174416499493891,0.3356174591528818,1.250317293175015,0.2163226103209695,0.2163226103209695,0.21632261032096953,0.21632261032096953,-0.39739952458410444,0.39739952458410444,0.016429673453390383,0.011920070231536321,-1.984054507990141,True,FULL,FULL_exp_log_rank_3
350,1.37,8.449393623972766,0.041,0.0153092991217785,0.0153092991217785,0.0951653865075495,0.591758441199131,0.110474685629328,1.3828596668882291,0.0153092991217785,0.2068367437550863,0.591758441199131,0.2221460428768648,1.089223287963463,0.1116713572475368,0.1116713572475368,0.1116713572475368,0.1116713572475368,-0.29363637892476624,0.29363637892476624,0.008260893660175996,0.006025035283985072,0.1291579990872871,True,FULL,FULL_exp_log_rank_3
351,1.67,10.299625804404757,0.032,0.0153092991217785,0.0153092991217785,0.057405854043788,0.4854545296064728,0.0727151531655665,1.2626030593869657,0.0153092991217785,0.0464749055057821,0.4854545296064728,0.0617842046275606,1.1957320838822778,-0.0109309485380059,0.0109309485380059,-0.010930948538005893,0.010930948538005893,-0.0668709755046879,0.0668709755046879,0.002002710725517092,0.001271566844375687,0.8864204541832891,True,FULL,FULL_exp_log_rank_3
353,0.9,5.550696541295977,0.037,0.0153092991217785,0.0153092991217785,0.0779670989319231,0.9007878493808994,0.0932763980537016,2.192227389199339,0.0153092991217785,0.3054461021274449,0.9007878493808994,0.3207554012492234,1.578218908965573,0.22747900319552178,0.22747900319552178,0.22747900319552183,0.22747900319552183,-0.614008480233766,0.614008480233766,0.018059895415610514,0.013032069220220823,-4.728913270592353,True,FULL,FULL_exp_log_rank_3
354,1.05,6.475812631511974,0.032,0.0153092991217785,0.0153092991217785,0.0574058541682785,0.7721038708979138,0.0727151532900571,2.0081400996379837,0.0153092991217785,0.1559717743689254,0.7721038708979138,0.1712810734907039,1.482715600970563,0.09856592020064689,0.09856592020064689,0.0985659202006468,0.0985659202006468,-0.5254244986674206,0.5254244986674206,0.008176155968990871,0.005882050736517605,-0.8930496963068939,True,FULL,FULL_exp_log_rank_3
355,1.15,7.09255669165597,0.028,0.0153092991217785,0.0153092991217785,0.0418356081862674,0.7049644038633127,0.0571449073080459,1.9734344433232216,0.0153092991217785,0.0760813436407042,0.7049644038633127,0.0913906427624828,1.5488346743474302,0.03424573545443679,0.03424573545443679,0.03424573545443689,0.03424573545443689,-0.42459976897579144,0.42459976897579144,0.0028753802312013843,0.0020585787576071573,0.6266944807913195,True,FULL,FULL_exp_log_rank_3
356,1.4,8.634416842015963,0.024,0.0153092991217785,0.0153092991217785,0.0272042150777216,0.5790779031734354,0.0425135141995001,1.8037445140554815,0.0153092991217785,0.0125043652012805,0.5790779031734354,0.0278136643230591,2.0547293457531635,-0.014699849876441101,0.014699849876441101,-0.014699849876441,0.014699849876441,0.25098483169768193,0.25098483169768193,0.0021168486216531644,0.0014027980290856265,0.6453821516421565,True,FULL,FULL_exp_log_rank_3
357,0.75,4.625580451079981,0.028,0.0153092991217785,0.0153092991217785,0.0418356081843982,1.080945419257079,0.0571449073061767,3.0259328132395527,0.0153092991217785,0.1901574773522127,1.080945419257079,0.2054667764739912,2.01371434906045,0.14832186916781448,0.14832186916781448,0.1483218691678145,0.1483218691678145,-1.0122184641791026,1.0122184641791026,0.012890616823717001,0.009209610939824846,-6.502763275860621,True,FULL,FULL_exp_log_rank_3
358,1.15,7.09255669165597,0.026,0.0153092991217785,0.0153092991217785,0.0343911653190034,0.7049644038633127,0.0497004644407819,2.0699745048837284,0.0153092991217785,0.0536652312802646,0.7049644038633127,0.0689745304020431,1.676540290766904,0.019274065961261196,0.019274065961261196,0.019274065961261203,0.019274065961261203,-0.39343421411682433,0.39343421411682433,0.0016004393161868028,0.0011344292278637608,0.8487685960655343,True,FULL,FULL_exp_log_rank_3
359,1.1,6.784184661583972,0.024,0.0153092991217785,0.0153092991217785,0.0272042141314279,0.7370082404025541,0.0425135132532064,2.2956749282231264,0.0153092991217785,0.0405748512972624,0.7370082404025541,0.055884150419041,1.8787135198725604,0.013370637165834497,0.013370637165834497,0.013370637165834594,0.013370637165834594,-0.41696140835056594,0.41696140835056594,0.0011517043272359494,0.0008060818202983494,0.8950305341708664,True,FULL,FULL_exp_log_rank_3
360,1.2,7.400928721727968,0.022,0.0153092991217785,0.0153092991217785,0.0203041095024898,0.6755908870356747,0.0356134086242683,2.2704692840433656,0.0153092991217785,0.0143111886257601,0.6755908870356747,0.0296204877475386,2.3041932307888735,-0.0059929208767297,0.0059929208767297,-0.0059929208767297015,0.0059929208767297015,0.03372394674550794,0.03372394674550794,0.0009998082876826952,0.0006439411170029445,0.8917833014517389,True,FULL,FULL_exp_log_rank_3
