sample_id,u_peak,u_r,tau_peak,tau_r,true_a,true_b,true_c,true_d,true_e,estimated_a,estimated_b,estimated_c,estimated_d,estimated_e,error_b,abs_error_b,error_d,abs_error_d,error_e,abs_error_e,curve_rmse_tau_u,curve_mae_tau_u,curve_r2_tau_u,curve_valid,e_constraint_respected,d_positive,b_positive,dataset,model_name
7,0.72,2.75,0.044,0.03175,0.03175,0.0801325410005739,1.818181818181818,0.1118825410005739,3.441242286799551,0.03175,0.0698608215746622,1.818181818181818,0.1016108215746622,3.79376212004122,-0.010271719425911707,0.010271719425911707,-0.010271719425911707,0.010271719425911707,0.352519833241669,0.352519833241669,0.0004981104058599,0.0003308468799643,0.9946193268625364,True,True,True,True,FULL,FULL_direct_poly_rank_5
8,0.92,3.0,0.035,0.02825,0.02825,0.0557241852265918,1.6666666666666667,0.0839741852265918,3.007954906577982,0.02825,0.0469071609597694,1.6666666666666667,0.0751571609597694,3.373584732624024,-0.008817024266822404,0.008817024266822404,-0.00881702426682239,0.00881702426682239,0.365629826046042,0.365629826046042,0.0004792130719951,0.0002937569305657,0.9922006596071332,True,True,True,True,FULL,FULL_direct_poly_rank_5
9,0.97,3.0,0.029,0.0255,0.0255,0.0288872445152351,1.6666666666666667,0.0543872445152351,3.290221199159674,0.0255,0.0241458000063995,1.6666666666666667,0.0496458000063995,3.759674484285759,-0.0047414445088355996,0.0047414445088355996,-0.004741444508835596,0.004741444508835596,0.4694532851260851,0.4694532851260851,0.000445452717077,0.0002461761613084,0.9904903633672072,True,True,True,True,FULL,FULL_direct_poly_rank_5
11,0.78,3.5,0.05,0.0417499999999999,0.0417499999999999,0.0354980845491272,1.4285714285714286,0.0772480845491271,4.004659571873231,0.0417499999999999,0.030709932586044,1.4285714285714286,0.072459932586044,4.718091361792897,-0.004788151963083201,0.004788151963083201,-0.004788151963083104,0.004788151963083104,0.7134317899196665,0.7134317899196665,0.0007983769281882,0.0004174169613109,0.9868380993422384,True,True,True,True,FULL,FULL_direct_poly_rank_5
12,1.25,3.5,0.04,0.034,0.034,0.0670624339164287,1.4285714285714286,0.1010624339164287,2.366794324621144,0.034,0.0552151053538769,1.4285714285714286,0.0892151053538769,2.6478716616829026,-0.011847328562551801,0.011847328562551801,-0.011847328562551801,0.011847328562551801,0.28107733706175875,0.28107733706175875,0.0005718941898642,0.0003410905387159,0.9921807398484468,True,True,True,True,FULL,FULL_direct_poly_rank_5
13,1.8,4.0,0.035,0.033,0.033,0.0334302203204883,1.25,0.0664302203204883,2.0972939397426664,0.033,0.0282907547211855,1.25,0.0612907547211855,2.2966514563653857,-0.005139465599302798,0.005139465599302798,-0.005139465599302798,0.005139465599302798,0.19935751662271928,0.19935751662271928,0.0004084336252212,0.0002248906197051,0.995664170470533,True,True,True,True,FULL,FULL_direct_poly_rank_5
15,1.64,10.5,4.17,3.725,3.725,1.1700588885069725,0.4761904761904761,4.895058888506973,2.4309486751406535,3.725,1.310653136151871,0.4761904761904761,5.035653136151871,2.1215429344308054,0.14059424764489847,0.14059424764489847,0.14059424764489847,0.14059424764489847,-0.30940574070984805,0.30940574070984805,0.0431455834424358,0.0197008605773283,0.9928791477184324,True,True,True,True,FULL,FULL_direct_poly_rank_5
16,1.61,10.5,13.41,12.8475,12.8475,1.3946189571869354,0.4761904761904761,14.242118957186936,3.178145408783804,12.8475,1.661178303123762,0.4761904761904761,14.508678303123762,2.633005016394963,0.2665593459368265,0.2665593459368265,0.26655934593682673,0.26655934593682673,-0.5451403923888409,0.5451403923888409,0.1805952189220497,0.0658113377991745,0.987723059667594,True,True,True,True,FULL,FULL_direct_poly_rank_5
17,2.76,10.5,3.72,3.5425,3.5425,0.8694826394566157,0.4761904761904761,4.411982639456616,1.5814976920825412,3.5425,0.8902010643006997,0.4761904761904761,4.4327010643007,1.5489192265685208,0.020718424844083927,0.020718424844083927,0.020718424844083927,0.020718424844083927,-0.03257846551402044,0.03257846551402044,0.0072517922497742,0.0032421677644288,0.9998260649003416,True,True,True,True,FULL,FULL_direct_poly_rank_5
18,3.07,10.5,12.57,12.4375,12.4375,0.7124450836759753,0.4761904761904761,13.149945083675975,1.9539451798171723,12.4375,0.9648607970890986,0.4761904761904761,13.4023607970891,1.6256311494679816,0.2524157134131233,0.2524157134131233,0.2524157134131251,0.2524157134131251,-0.3283140303491907,0.3283140303491907,0.2137867973605554,0.086326568805931,0.986665305186312,True,True,True,True,FULL,FULL_direct_poly_rank_5
19,1.55,12.0,1.02,0.8525,0.8525,0.3782821788444106,0.4166666666666667,1.2307821788444109,2.3791759662313843,0.8525,0.4254084176276276,0.4166666666666667,1.2779084176276276,2.0234953666369697,0.04712623878321698,0.04712623878321698,0.047126238783216756,0.047126238783216756,-0.35568059959441456,0.35568059959441456,0.0119934850655138,0.0059291290898008,0.9898293695081803,True,True,True,True,FULL,FULL_direct_poly_rank_5
20,1.71,12.0,2.57,1.7327500000000002,1.7327500000000002,2.210315622373947,0.4166666666666667,3.9430656223739473,1.6207235717983703,1.7327500000000002,2.2433574419385702,0.4166666666666667,3.9761074419385705,1.5884044411257023,0.033041819564623154,0.033041819564623154,0.033041819564623154,0.033041819564623154,-0.032319130672668006,0.032319130672668006,0.0045384455000382,0.0027639105091432,0.999833885157878,True,True,True,True,FULL,FULL_direct_poly_rank_5
21,1.67,12.0,7.53,5.32,5.32,5.617172562155661,0.4166666666666667,10.93717256215566,1.7473164085592403,5.32,5.5088033343556955,0.4166666666666667,10.828803334355696,1.7987681508065254,-0.10836922779996527,0.10836922779996527,-0.1083692277999635,0.1083692277999635,0.051451742247285104,0.051451742247285104,0.0183081668052435,0.0104105037821803,0.9996563379554668,True,True,True,True,FULL,FULL_direct_poly_rank_5
22,1.67,12.0,19.67,18.994999999999997,18.994999999999997,1.5273740416856256,0.4166666666666667,20.522374041685623,3.2739688179792332,18.994999999999997,1.6622968945840384,0.4166666666666667,20.657296894584036,2.9337714800187302,0.13492285289841277,0.13492285289841277,0.13492285289841277,0.13492285289841277,-0.340197337960503,0.340197337960503,0.1455638154577413,0.0466191946459244,0.996040020927532,True,True,True,True,FULL,FULL_direct_poly_rank_5
23,0.84,16.0,8.44,7.47,7.47,1.3255582927799532,0.3125,8.795558292779953,6.166176834932969,7.47,1.2763399658569972,0.3125,8.746339965856997,7.880536262444487,-0.049218326922956024,0.049218326922956024,-0.049218326922956024,0.049218326922956024,1.7143594275115177,1.7143594275115177,0.0786987142851097,0.0169413802173556,0.9906652917961886,True,True,True,True,FULL,FULL_direct_poly_rank_5
24,1.81,16.0,7.62,7.29,7.29,0.6419185077225471,0.3125,7.931918507722547,3.0024433868829834,7.29,0.6461187276982052,0.3125,7.936118727698205,2.96591001619468,0.004200219975658115,0.004200219975658115,0.004200219975658115,0.004200219975658115,-0.036533370688303535,0.036533370688303535,0.0056695036822064,0.0016291316045704,0.999955142619709,True,True,True,True,FULL,FULL_direct_poly_rank_5
27,0.87,3.25,2.35,1.9075,1.9075,2.7034029995062916,1.5384615384615383,4.610902999506291,3.276941309100947,1.9075,2.314705139566029,1.5384615384615383,4.222205139566029,3.729917092774637,-0.3886978599402626,0.3886978599402626,-0.3886978599402626,0.3886978599402626,0.45297578367368985,0.45297578367368985,0.0332247769638111,0.0194710487105451,0.9909336119500514,True,True,True,True,FULL,FULL_direct_poly_rank_5
28,0.13,1.325,1.02,0.6675,0.6675,0.6738254010838505,3.7735849056603774,1.3413254010838505,23.891608655167115,0.6675,0.7110946498917459,3.7735849056603774,1.3785946498917458,21.625534743917687,0.037269248807895394,0.037269248807895394,0.037269248807895394,0.037269248807895394,-2.2660739112494284,2.2660739112494284,0.007562650656148,0.004252631743223,0.9967100486646748,True,True,True,True,FULL,FULL_direct_poly_rank_5
29,0.6,2.425,4.93,4.2975,4.2975,3.110870023650559,2.061855670103093,7.408370023650559,5.517814597970529,4.2975,2.8721898096466525,2.061855670103093,7.169689809646653,5.95661497422701,-0.2386802140039066,0.2386802140039066,-0.2386802140039066,0.2386802140039066,0.4388003762564816,0.4388003762564816,0.0371110100420257,0.0194471149462905,0.997265098500158,True,True,True,True,FULL,FULL_direct_poly_rank_5
30,2.17,3.85,16.37,14.955,14.955,60.674147880173095,1.2987012987012987,75.6291478801731,1.6284330431129306,14.955,61.254285170744666,1.2987012987012987,76.20928517074466,1.6247808022962185,0.5801372905715709,0.5801372905715709,0.5801372905715709,0.5801372905715709,-0.0036522408167121156,0.0036522408167121156,0.0063676501904807,0.0039079761778202,0.9999955121346754,True,True,True,True,FULL,FULL_direct_poly_rank_5
31,0.24,1.275,0.66,0.475,0.475,0.6758571313827281,3.9215686274509807,1.150857131382728,11.17767536247715,0.475,0.6779599930479,3.9215686274509807,1.1529599930479,11.142066970266097,0.002102861665171929,0.002102861665171929,0.002102861665171929,0.002102861665171929,-0.03560839221105283,0.03560839221105283,0.0002024166230464,0.0001280163261902,0.999995240269615,True,True,True,True,FULL,FULL_direct_poly_rank_5
32,0.3,2.175,4.71,4.1925,4.1925,1.211168346774408,2.298850574712644,5.403668346774408,13.642584509493682,4.1925,1.234635662242883,2.298850574712644,5.427135662242883,13.248055818086522,0.023467315468474803,0.023467315468474803,0.02346731546847458,0.02346731546847458,-0.3945286914071602,0.3945286914071602,0.0099805226368794,0.0041106204193045,0.9996761777249096,True,True,True,True,FULL,FULL_direct_poly_rank_5
33,2.26,4.125,16.14,11.3475,11.3475,422.7987490320256,1.2121212121212122,434.1462490320256,1.3091974223177918,11.3475,628.9669048922799,1.2121212121212122,640.3144048922799,1.2755587131185304,206.16815586025427,206.16815586025427,206.16815586025427,206.16815586025427,-0.033638709199261374,0.033638709199261374,0.132205217159376,0.0871952299782019,0.9986848312048944,True,True,True,True,FULL,FULL_direct_poly_rank_5
34,0.47,1.525,1.07,0.6975,0.6975,4.0455139668571585,3.278688524590164,4.743013966857158,4.812842755740618,0.6975,4.639419487849707,3.278688524590164,5.336919487849706,4.576318857940597,0.5939055209925481,0.5939055209925481,0.5939055209925481,0.5939055209925481,-0.23652389780002103,0.23652389780002103,0.0073267505737278,0.0055567194938468,0.9984244045022044,True,True,True,True,FULL,FULL_direct_poly_rank_5
35,0.47,2.2,4.91,4.25,4.25,2.5915991927768687,2.2727272727272725,6.841599192776869,7.213346651196478,4.25,2.4514832202413093,2.2727272727272725,6.701483220241309,7.6677188774504685,-0.1401159725355594,0.1401159725355594,-0.1401159725355594,0.1401159725355594,0.4543722262539909,0.4543722262539909,0.027484153350885,0.0138863007790118,0.9983247208304004,True,True,True,True,FULL,FULL_direct_poly_rank_5
36,1.48,3.625,14.91,14.235,14.235,8.232456046268986,1.3793103448275863,22.467456046268985,2.7321098339023515,14.235,9.411474661288716,1.3793103448275863,23.64647466128871,2.5448534937899696,1.1790186150197304,1.1790186150197304,1.179018615019725,1.179018615019725,-0.1872563401123819,0.1872563401123819,0.1184674325034493,0.0638038588688389,0.997885655772156,True,True,True,True,FULL,FULL_direct_poly_rank_5
37,0.11,1.325,0.89,0.5625,0.5625,0.5639971811696873,3.7735849056603774,1.1264971811696871,29.2958502513531,0.5625,0.6099132154466984,3.7735849056603774,1.1724132154466984,24.968228121264264,0.045916034277011075,0.045916034277011075,0.0459160342770113,0.0459160342770113,-4.327622130088837,4.327622130088837,0.0100174115754853,0.0055839221932386,0.992433351966708,True,True,True,True,FULL,FULL_direct_poly_rank_5
38,0.26,2.175,5.3,4.1,4.1,2.5910971306331803,2.298850574712644,6.69109713063318,13.042743993933716,4.1,2.5502058481950467,2.298850574712644,6.650205848195046,13.423708443555238,-0.04089128243813356,0.04089128243813356,-0.04089128243813356,0.04089128243813356,0.38096444962152276,0.38096444962152276,0.0111748004734306,0.0054261593358689,0.9996819336108846,True,True,True,True,FULL,FULL_direct_poly_rank_5
39,0.54,3.35,15.9,14.4675,14.4675,3.852469877296928,1.4925373134328357,18.319969877296927,7.688914610134782,14.4675,3.99666311981388,1.4925373134328357,18.46416311981388,7.329955083382219,0.14419324251695187,0.14419324251695187,0.14419324251695187,0.14419324251695187,-0.35895952675256293,0.35895952675256293,0.0583532767610995,0.0245352456589931,0.9991230335782242,True,True,True,True,FULL,FULL_direct_poly_rank_5
40,0.3,1.35,0.88,0.635,0.635,1.1651130574348498,3.7037037037037033,1.8001130574348498,8.547982610717572,0.635,1.1691850293341892,3.7037037037037033,1.8041850293341892,8.52341879891131,0.004071971899339388,0.004071971899339388,0.004071971899339388,0.004071971899339388,-0.02456381180626188,0.02456381180626188,0.0002636255991212,0.0001751325472712,0.999995858069423,True,True,True,True,FULL,FULL_direct_poly_rank_5
41,0.38,2.175,5.2,4.3975,4.3975,2.452688320111813,2.298850574712644,6.850188320111813,9.031706106944794,4.3975,2.354897293263117,2.298850574712644,6.752397293263117,9.530226837573975,-0.09779102684869567,0.09779102684869567,-0.09779102684869567,0.09779102684869567,0.49852073062918123,0.49852073062918123,0.0235130500542107,0.0114808174007356,0.9987509394400128,True,True,True,True,FULL,FULL_direct_poly_rank_5
42,0.71,3.35,16.28,14.8375,14.8375,5.373344828404187,1.4925373134328357,20.210844828404188,5.457009220110153,14.8375,5.509964306847772,1.4925373134328357,20.347464306847773,5.3159437601313835,0.1366194784435848,0.1366194784435848,0.1366194784435848,0.1366194784435848,-0.14106545997876996,0.14106545997876996,0.0372402463922306,0.0173718986446685,0.9997194132941644,True,True,True,True,FULL,FULL_direct_poly_rank_5
43,0.88,1.475,0.58,0.535,0.535,2.3643732180319175,3.389830508474576,2.8993732180319176,4.157276354583812,0.535,2.960125609598517,3.389830508474576,3.4951256095985173,3.984276355225674,0.5957523915665996,0.5957523915665996,0.5957523915665996,0.5957523915665996,-0.17299999935813748,0.17299999935813748,0.0043821694899761,0.0027136147420915,0.9983542919844106,True,True,True,True,FULL,FULL_direct_poly_rank_5
44,1.5,2.625,3.89,3.6325,3.6325,10.486129835864666,1.9047619047619049,14.118629835864668,2.474961892115721,3.6325,10.809797545541135,1.9047619047619049,14.442297545541138,2.455060848160548,0.3236677096764691,0.3236677096764691,0.3236677096764691,0.3236677096764691,-0.01990104395517278,0.01990104395517278,0.0050375402027872,0.0030496647646378,0.9999515052143256,True,True,True,True,FULL,FULL_direct_poly_rank_5
45,2.87,4.1,13.67,13.42,13.42,16.705556614946417,1.2195121951219514,30.12555661494642,1.6634039681803665,13.42,22.446990190168805,1.2195121951219514,35.866990190168806,1.5431437284798344,5.741433575222388,5.741433575222388,5.741433575222388,5.741433575222388,-0.12026023970053212,0.12026023970053212,0.1375816415166351,0.0788431449940611,0.997223031436775,True,True,True,True,FULL,FULL_direct_poly_rank_5
46,0.79,1.5,0.8,0.665,0.665,6.166849946093346,3.3333333333333335,6.831849946093346,3.9230290740544778,0.665,7.839314849363736,3.3333333333333335,8.504314849363736,3.783315635617003,1.6724649032703898,1.6724649032703898,1.6724649032703898,1.6724649032703898,-0.13971343843747475,0.13971343843747475,0.0058990487951949,0.0037983047888915,0.9983634788027748,True,True,True,True,FULL,FULL_direct_poly_rank_5
47,0.6,2.175,5.04,4.655,4.655,2.141531174694559,2.298850574712644,6.796531174694559,6.310564627174357,4.655,2.143630943707067,2.298850574712644,6.798630943707067,6.305373240287299,0.0020997690125081903,0.0020997690125081903,0.0020997690125081903,0.0020997690125081903,-0.005191386887058336,0.005191386887058336,0.0004069281590223,0.0002020684704325,0.9999997120701216,True,True,True,True,FULL,FULL_direct_poly_rank_5
48,2.37,4.125,16.38,14.3675,14.3675,112.7264689844744,1.2121212121212122,127.0939689844744,1.4228254925840296,14.3675,108.36376683219656,1.2121212121212122,122.73126683219658,1.4326534100672792,-4.3627021522778335,4.3627021522778335,-4.362702152277819,4.362702152277819,0.009827917483249626,0.009827917483249626,0.0237521210416248,0.0148791754338167,0.9999378932094743,True,True,True,True,FULL,FULL_direct_poly_rank_5
49,1.46,2.566666666666667,4.68,4.1066666666666665,4.1066666666666665,30.593215473314466,1.948051948051948,34.69988213998113,2.300589855794831,4.1066666666666665,31.813438736345592,1.948051948051948,35.92010540301226,2.285103868682425,1.2202232630311265,1.2202232630311265,1.22022326303113,1.22022326303113,-0.015485987112406008,0.015485987112406008,0.0064653804247773,0.0040575154143816,0.9999432777063272,True,True,True,True,FULL,FULL_direct_poly_rank_5
50,4.16,4.75,15.04,14.775,14.775,58.5314735148253,1.0526315789473684,73.3064735148253,1.2144266984360343,14.775,56.76814630622325,1.0526315789473684,71.54314630622325,1.220184314349158,-1.7633272086020497,1.7633272086020497,-1.7633272086020497,1.7633272086020497,0.005757615913123626,0.005757615913123626,0.0123901011044467,0.0067557849467322,0.999978748120094,True,True,True,True,FULL,FULL_direct_poly_rank_5
51,1.26,1.85,0.94,0.785,0.785,27.151829140946248,2.702702702702702,27.936829140946248,2.8751003676389564,0.785,37.90451449303865,2.702702702702702,38.68951449303864,2.823312156830148,10.7526853520924,10.7526853520924,10.752685352092389,10.752685352092389,-0.051788210808808355,0.051788210808808355,0.0062651007895769,0.0038735125441625,0.9990031934401872,True,True,True,True,FULL,FULL_direct_poly_rank_5
52,3.13,4.466666666666667,15.58,14.793333333333337,14.793333333333337,75.02328336156236,1.1194029850746268,89.8166166948957,1.313812712287742,14.793333333333337,66.96302317353816,1.1194029850746268,81.7563565068715,1.341351367872992,-8.060260188024202,8.060260188024202,-8.060260188024202,8.060260188024202,0.027538655585249927,0.027538655585249927,0.0632136727182954,0.0372775514870491,0.9995161262167508,True,True,True,True,FULL,FULL_direct_poly_rank_5
53,1.15,1.85,0.71,0.65,0.65,3.9933470021604136,2.702702702702702,4.6433470021604135,3.19021506632708,0.65,4.464768434222791,2.702702702702702,5.114768434222792,3.1319572972934835,0.47142143206237774,0.47142143206237774,0.4714214320623782,0.4714214320623782,-0.058257769033596585,0.058257769033596585,0.0026417678042336,0.0016453021020626,0.9996053346114716,True,True,True,True,FULL,FULL_direct_poly_rank_5
54,0.35,2.175,4.68,4.205,4.205,1.283914851902833,2.298850574712644,5.488914851902833,11.46515887900422,4.205,1.2839182987726856,2.298850574712644,5.488918298772686,11.465116294563996,3.446869852652412e-06,3.446869852652412e-06,3.446869852652412e-06,3.446869852652412e-06,-4.258444022298136e-05,4.258444022298136e-05,1.348440802230004e-06,5.725067653328253e-07,0.9999999999945872,True,True,True,True,FULL,FULL_direct_poly_rank_5
55,0.63,3.85,16.18,14.365,14.365,5.024596391351091,1.2987012987012987,19.38959639135109,6.152370825583352,14.365,4.927757302689832,1.2987012987012987,19.292757302689832,6.322786145732171,-0.0968390886612589,0.0968390886612589,-0.0968390886612589,0.0968390886612589,0.17041532014881877,0.17041532014881877,0.0349064679002292,0.0151655142470089,0.9997000705921628,True,True,True,True,FULL,FULL_direct_poly_rank_5
56,0.45,1.5666666666666669,0.87,0.6366666666666667,0.6366666666666667,1.8543711063769357,3.191489361702127,2.4910377730436024,5.520751658815112,0.6366666666666667,1.866575275156388,3.191489361702127,2.5032419418230547,5.500772428528695,0.012204168779452296,0.012204168779452296,0.012204168779452296,0.012204168779452296,-0.019979230286417682,0.019979230286417682,0.0003762186509975,0.0002610629829498,0.9999924510847792,True,True,True,True,FULL,FULL_direct_poly_rank_5
57,0.58,2.175,5.35,4.42,4.42,5.5363451785319135,2.298850574712644,9.956345178531912,5.059116621676996,4.42,5.245978824258881,2.298850574712644,9.66597882425888,5.2773481274494625,-0.2903663542730328,0.2903663542730328,-0.29036635427303104,0.29036635427303104,0.21823150577246686,0.21823150577246686,0.0237790602784245,0.0140920377392062,0.9990968196682432,True,True,True,True,FULL,FULL_direct_poly_rank_5
58,0.94,3.875,16.28,13.935,13.935,11.349260923481204,1.2903225806451613,25.28426092348121,3.405427164282276,13.935,10.613160723250456,1.2903225806451613,24.548160723250454,3.628262935845639,-0.736100200230748,0.736100200230748,-0.7361002002307551,0.7361002002307551,0.22283577156336287,0.22283577156336287,0.1014121221796226,0.0547795267764216,0.9981010696310504,True,True,True,True,FULL,FULL_direct_poly_rank_5
59,0.13,1.5666666666666669,0.97,0.8033333333333333,0.8033333333333333,0.2782264175865835,3.191489361702127,1.0815597509199169,31.910981063129015,0.8033333333333333,0.3100180429853435,3.191489361702127,1.1133513763186769,25.966441436214257,0.031791625398760015,0.031791625398760015,0.031791625398760015,0.031791625398760015,-5.944539626914757,5.944539626914757,0.0117640824718233,0.0051198528097747,0.9865910379477504,True,True,True,True,FULL,FULL_direct_poly_rank_5
60,2.38,2.85,5.22,4.84,4.84,137.35939252357494,1.7543859649122806,142.19939252357494,1.8523237169572588,4.84,134.26456194336106,1.7543859649122806,139.10456194336106,1.8547847354179847,-3.0948305802138805,3.0948305802138805,-3.0948305802138805,3.0948305802138805,0.0024610184607258834,0.0024610184607258834,0.0024896180378359,0.0014133870986112,0.999993370482804,True,True,True,True,FULL,FULL_direct_poly_rank_5
61,2.68,4.125,16.95,15.5375,15.5375,116.71406105996982,1.2121212121212122,132.25156105996982,1.3981039630569712,15.5375,109.97348726408704,1.2121212121212122,125.51098726408703,1.4112821040411303,-6.740573795882781,6.740573795882781,-6.740573795882781,6.740573795882781,0.013178140984159148,0.013178140984159148,0.0348906016081006,0.0214037450365557,0.9998774520738348,True,True,True,True,FULL,FULL_direct_poly_rank_5
62,0.71,1.6,1.14,0.9133333333333334,0.9133333333333334,5.696830896813862,3.125,6.610164230147195,3.976020028848459,0.9133333333333334,6.623547922228347,3.125,7.53688125556168,3.8391781523471096,0.9267170254144856,0.9267170254144856,0.9267170254144856,0.9267170254144856,-0.13684187650134927,0.13684187650134927,0.0065788836155579,0.0043538301469684,0.9988980450995024,True,True,True,True,FULL,FULL_direct_poly_rank_5
63,0.76,2.2,5.03,4.68,4.68,3.0326428857358856,2.2727272727272725,7.712642885735885,4.87933520201715,4.68,3.142287819041065,2.2727272727272725,7.822287819041064,4.768833825610939,0.10964493330517922,0.10964493330517922,0.10964493330517833,0.10964493330517833,-0.11050137640621127,0.11050137640621127,0.0124182701202831,0.0066353769287509,0.99977030974872,True,True,True,True,FULL,FULL_direct_poly_rank_5
64,2.73,4.125,15.88,13.97,13.97,220.02903798852773,1.2121212121212122,233.99903798852773,1.3339956390040135,13.97,207.3126037115261,1.2121212121212122,221.2826037115261,1.3424009517432058,-12.716434277001639,12.716434277001639,-12.716434277001639,12.716434277001639,0.008405312739192317,0.008405312739192317,0.0279868091300342,0.0172831273479444,0.9999139525484478,True,True,True,True,FULL,FULL_direct_poly_rank_5
65,0.63,1.5666666666666669,1.42,0.9733333333333332,0.9733333333333332,10.644929502666052,3.191489361702127,11.618262835999383,3.927118476960182,0.9733333333333332,14.533818792885176,3.191489361702127,15.507152126218507,3.708250376441016,3.888889290219124,3.888889290219124,3.888889290219124,3.888889290219124,-0.21886810051916594,0.21886810051916594,0.0141109430850803,0.0101588318815581,0.9970920379549448,True,True,True,True,FULL,FULL_direct_poly_rank_5
66,0.34,2.175,5.0,4.24,4.24,2.0482757543105174,2.298850574712644,6.288275754310518,10.49368724913285,4.24,1.9921942373723545,2.298850574712644,6.2321942373723545,10.926904963820324,-0.05608151693816299,0.05608151693816299,-0.05608151693816321,0.05608151693816321,0.4332177146874727,0.4332177146874727,0.0160715199925144,0.0075041894650362,0.999320075296158,True,True,True,True,FULL,FULL_direct_poly_rank_5
67,3.13,4.533333333333333,14.91,14.596666666666666,14.596666666666666,20.35467702287054,1.1029411764705883,34.951343689537204,1.4882877719989878,14.596666666666666,23.759003660016,1.1029411764705883,38.35567032668266,1.427984107075868,3.4043266371454592,3.4043266371454592,3.4043266371454592,3.4043266371454592,-0.06030366492311967,0.06030366492311967,0.0860257774603084,0.0494831646750161,0.9990884395800362,True,True,True,True,FULL,FULL_direct_poly_rank_5
68,0.49,1.5666666666666669,0.79,0.63,0.63,1.4068332196782207,3.191489361702127,2.0368332196782206,5.5461514668738845,0.63,1.3837411887730695,3.191489361702127,2.0137411887730696,5.59758145512942,-0.023092030905151217,0.023092030905151217,-0.023092030905150995,0.023092030905150995,0.0514299882555358,0.0514299882555358,0.0008624758969713,0.0005592535004106,0.999951235791336,True,True,True,True,FULL,FULL_direct_poly_rank_5
69,1.69,2.566666666666667,5.04,4.426666666666667,4.426666666666667,69.19774278410341,1.948051948051948,73.62440945077007,2.1459242646578933,4.426666666666667,76.24237532454326,1.948051948051948,80.66904199120992,2.1257522450534685,7.044632540439849,7.044632540439849,7.044632540439849,7.044632540439849,-0.02017201960442483,0.02017201960442483,0.013167681036837,0.0081683675291775,0.9998112609022864,True,True,True,True,FULL,FULL_direct_poly_rank_5
70,3.12,4.466666666666667,16.37,15.163333333333334,15.163333333333334,137.96164146287623,1.1194029850746268,153.12497479620956,1.2614658876838951,15.163333333333334,116.9429796779344,1.1194029850746268,132.10631301126773,1.2912497658412716,-21.018661784941827,21.018661784941827,-21.018661784941827,21.018661784941827,0.029783878157376487,0.029783878157376487,0.0903114714229462,0.0539379046184462,0.9990929139850436,True,True,True,True,FULL,FULL_direct_poly_rank_5
71,0.18,1.5666666666666669,0.87,0.6,0.6,0.5778652142592701,3.191489361702127,1.17786521425927,16.988625203858206,0.6,0.5774089236746228,3.191489361702127,1.1774089236746228,17.012321823983633,-0.00045629058464724537,0.00045629058464724537,-0.00045629058464724537,0.00045629058464724537,0.023696620125427614,0.023696620125427614,9.348646546795151e-05,5.110819802646716e-05,0.999999291268126,True,True,True,True,FULL,FULL_direct_poly_rank_5
72,0.42,2.175,5.1,3.8825,3.8825,4.482035276937978,2.298850574712644,8.364535276937978,6.759501195047857,3.8825,4.179454114115821,2.298850574712644,8.06195411411582,7.311221864702956,-0.3025811628221575,0.3025811628221575,-0.3025811628221575,0.3025811628221575,0.5517206696550989,0.5517206696550989,0.037805742100784,0.0220345138466893,0.997074331070286,True,True,True,True,FULL,FULL_direct_poly_rank_5
73,1.09,3.85,15.19,13.3025,13.3025,11.821633061680007,1.2987012987012987,25.12413306168001,2.9737453064844868,13.3025,11.117732227296722,1.2987012987012987,24.42023222729672,3.122964689241687,-0.7039008343832851,0.7039008343832851,-0.7039008343832904,0.7039008343832904,0.14921938275720015,0.14921938275720015,0.0776495077343598,0.0427416080142941,0.9988503584598816,True,True,True,True,FULL,FULL_direct_poly_rank_5
74,0.47,1.5666666666666669,0.66,0.5066666666666667,0.5066666666666667,1.2794449424210406,3.191489361702127,1.7861116090877074,5.540134014051035,0.5066666666666667,1.263648290945485,3.191489361702127,1.7703149576121515,5.578752755911705,-0.015796651475555645,0.015796651475555645,-0.015796651475555867,0.015796651475555867,0.03861874186067027,0.03861874186067027,0.000543655306236,0.0003634506372592,0.9999721694431962,True,True,True,True,FULL,FULL_direct_poly_rank_5
75,0.57,2.175,4.24,4.0125,4.0125,1.1193350008113887,2.298850574712644,5.131835000811389,7.4273022742503985,4.0125,1.1520302151358068,2.298850574712644,5.164530215135807,7.241960058356762,0.03269521432441813,0.03269521432441813,0.03269521432441813,0.03269521432441813,-0.18534221589363664,0.18534221589363664,0.0100602480844085,0.0045968169065017,0.9997421950992716,True,True,True,True,FULL,FULL_direct_poly_rank_5
76,4.13,4.7,14.9,13.285,13.285,1213.8760619263403,1.0638297872340423,1227.1610619263406,1.0940505167399543,13.285,821.6945505028443,1.0638297872340423,834.9795505028443,1.1096613258707424,-392.181511423496,392.181511423496,-392.1815114234963,392.1815114234963,0.01561080913078805,0.01561080913078805,0.1249357855884116,0.0699366938253185,0.9987957068223176,True,True,True,True,FULL,FULL_direct_poly_rank_5
77,0.18,1.5666666666666669,0.88,0.4966666666666666,0.4966666666666666,0.8494890683979475,3.191489361702127,1.346155735064614,14.732448429095294,0.4966666666666666,0.8469927882014621,3.191489361702127,1.3436594548681289,14.804998067511038,-0.002496280196485401,0.002496280196485401,-0.002496280196485179,0.002496280196485179,0.0725496384157438,0.0725496384157438,0.0003763252149755,0.0002315028320508,0.99999211633978,True,True,True,True,FULL,FULL_direct_poly_rank_5
78,1.25,2.566666666666667,4.37,3.77,3.77,17.6011784506471,1.948051948051948,21.3711784506471,2.4976694597033373,3.77,17.488104311304898,1.948051948051948,21.258104311304898,2.5018838564462524,-0.11307413934220278,0.11307413934220278,-0.11307413934220278,0.11307413934220278,0.0042143967429151274,0.0042143967429151274,0.0012234317689991,0.0007681590777849,0.9999974693991902,True,True,True,True,FULL,FULL_direct_poly_rank_5
79,3.62,4.5,14.62,13.843333333333334,13.843333333333334,173.78668847200146,1.1111111111111112,187.6300218053348,1.2115644521301927,13.843333333333334,133.7014712749455,1.1111111111111112,147.54480460827884,1.2466102499405525,-40.085217197055954,40.085217197055954,-40.085217197055954,40.085217197055954,0.03504579781035977,0.03504579781035977,0.1110688695065654,0.0632030771325904,0.9981676691478204,True,True,True,True,FULL,FULL_direct_poly_rank_5
80,0.11,1.5633333333333332,1.04,0.5006666666666667,0.5006666666666667,0.863642983300683,3.1982942430703627,1.3643096499673495,27.24084861115649,0.5006666666666667,0.9134776025332072,3.1982942430703627,1.414144269199874,23.79489072143015,0.04983461923252419,0.04983461923252419,0.049834619232524524,0.049834619232524524,-3.4459578897263405,3.4459578897263405,0.0103691686004425,0.0060203928499083,0.9960571149589178,True,True,True,True,FULL,FULL_direct_poly_rank_5
81,0.23,2.1775,4.79,3.54875,3.54875,2.4552355004571034,2.296211251435132,6.003985500457103,14.649101403235154,3.54875,2.4316960035908615,2.296211251435132,5.9804460035908615,14.934396794493312,-0.023539496866241905,0.023539496866241905,-0.023539496866241905,0.023539496866241905,0.28529539125815795,0.28529539125815795,0.0065050240013014,0.0031807548636575,0.9998678000668966,True,True,True,True,FULL,FULL_direct_poly_rank_5
82,0.39,3.9275,14.13,12.93,12.93,2.178980729198466,1.273074474856779,15.108980729198466,12.268593789286898,12.93,2.343276968010212,1.273074474856779,15.273276968010212,10.800518972388332,0.1642962388117457,0.1642962388117457,0.1642962388117457,0.1642962388117457,-1.4680748168985662,1.4680748168985662,0.107627252862198,0.037278544900361,0.9949567232090886,True,True,True,True,FULL,FULL_direct_poly_rank_5
83,0.21,1.5566666666666666,0.75,0.4896666666666667,0.4896666666666667,0.6541837303857423,3.211991434689508,1.143850397052409,13.109251845364824,0.4896666666666667,0.6401545257245806,3.211991434689508,1.1298211923912471,13.541735544200384,-0.014029204661161643,0.014029204661161643,-0.014029204661161865,0.014029204661161865,0.4324836988355596,0.4324836988355596,0.0021083217055944,0.0012595067078677,0.9995905838103524,True,True,True,True,FULL,FULL_direct_poly_rank_5
84,1.52,2.19,4.53,3.98,3.98,84.48453784563569,2.2831050228310503,88.46453784563569,2.4678705594788535,3.98,105.25798034896133,2.2831050228310503,109.23798034896132,2.42850569032598,20.77344250332564,20.77344250332564,20.773442503325626,20.773442503325626,-0.03936486915287363,0.03936486915287363,0.0225626191335798,0.0137600644340889,0.999332382451776,True,True,True,True,FULL,FULL_direct_poly_rank_5
85,0.46,3.86,15.2,13.9425,13.9425,2.582793456166362,1.2953367875647668,16.525293456166363,10.00333623780827,13.9425,2.723111644919987,1.2953367875647668,16.665611644919988,9.189758115764782,0.1403181887536249,0.1403181887536249,0.1403181887536249,0.1403181887536249,-0.8135781220434879,0.8135781220434879,0.0845653972244533,0.0308377383972371,0.9975600548075606,True,True,True,True,FULL,FULL_direct_poly_rank_5
86,1.14,1.85,0.47,0.4455,0.4455,1.2635859558868447,2.702702702702702,1.7090859558868448,3.448989911906233,0.4455,1.4955588760191678,2.702702702702702,1.941058876019168,3.318559687607836,0.23197292013232307,0.23197292013232307,0.2319729201323233,0.2319729201323233,-0.1304302242983968,0.1304302242983968,0.0029358341481079,0.0017895826783969,0.9989203330449724,True,True,True,True,FULL,FULL_direct_poly_rank_5
87,1.53,2.29,3.84,3.5879999999999996,3.5879999999999996,21.229112109709114,2.1834061135371177,24.817112109709115,2.5522940611621228,3.5879999999999996,24.314854684819313,2.1834061135371177,27.902854684819314,2.4996552202837723,3.0857425751101992,3.0857425751101992,3.0857425751101992,3.0857425751101992,-0.05263884087835047,0.05263884087835047,0.0159905854596494,0.0096933926155257,0.999495450919161,True,True,True,True,FULL,FULL_direct_poly_rank_5
89,0.31,1.5733333333333333,0.64,0.434,0.434,0.831446191232911,3.1779661016949152,1.265446191232911,8.046929532076042,0.434,0.7967540682510157,3.1779661016949152,1.2307540682510156,8.384405788041216,-0.03469212298189528,0.03469212298189528,-0.03469212298189528,0.03469212298189528,0.33747625596517317,0.33747625596517317,0.0026956690081213,0.0017823104208932,0.9991943465074686,True,True,True,True,FULL,FULL_direct_poly_rank_5
90,0.44,2.0033333333333334,4.09,3.8813333333333335,3.8813333333333335,0.7845727106922662,2.4958402662229617,4.6659060440256,10.177837650659969,3.8813333333333335,0.834910118159542,2.4958402662229617,4.7162434514928755,9.576610230384698,0.050337407467275774,0.050337407467275774,0.050337407467275774,0.050337407467275774,-0.6012274202752703,0.6012274202752703,0.0214503513665831,0.0090917805448048,0.9985617261175014,True,True,True,True,FULL,FULL_direct_poly_rank_5
91,2.56,4.125,14.35,13.695,13.695,33.24347166872315,1.2121212121212122,46.93847166872315,1.5724619149710894,13.695,33.88033219488688,1.2121212121212122,47.57533219488688,1.5646165991788403,0.6368605261637299,0.6368605261637299,0.6368605261637299,0.6368605261637299,-0.007845315792249119,0.007845315792249119,0.0114924772274351,0.0069317978527895,0.9999824694133452,True,True,True,True,FULL,FULL_direct_poly_rank_5
92,0.1,1.5666666666666669,0.84,0.5786666666666667,0.5786666666666667,0.3913124802400913,3.191489361702127,0.969979146906758,37.39184550372476,0.5786666666666667,0.439825343172312,3.191489361702127,1.0184920098389787,28.60178854513407,0.04851286293222068,0.04851286293222068,0.04851286293222068,0.04851286293222068,-8.79005695859069,8.79005695859069,0.0133129497629103,0.0067870265285048,0.9809176777004568,True,True,True,True,FULL,FULL_direct_poly_rank_5
93,0.29,2.175,4.72,4.314,4.314,0.9127902034753363,2.298850574712644,5.226790203475336,15.255568277966066,4.314,0.9644807266759434,2.298850574712644,5.2784807266759435,14.071470769101069,0.051690523200607075,0.051690523200607075,0.051690523200607075,0.051690523200607075,-1.1840975088649976,1.1840975088649976,0.0265528147149879,0.0102939074668556,0.9976674404081184,True,True,True,True,FULL,FULL_direct_poly_rank_5
94,2.24,4.125,16.29,15.185,15.185,36.934910613682646,1.2121212121212122,52.11991061368265,1.6343524111032697,15.185,36.717182907386835,1.2121212121212122,51.90218290738684,1.6373115305098196,-0.21772770629581117,0.21772770629581117,-0.21772770629581117,0.21772770629581117,0.002959119406549915,0.002959119406549915,0.0044834063530618,0.0026863247342639,0.9999977634843386,True,True,True,True,FULL,FULL_direct_poly_rank_5
95,0.15,1.5666666666666669,1.04,0.515,0.515,1.0180921290257392,3.191489361702127,1.533092129025739,17.824332391452327,0.515,1.034657529395779,3.191489361702127,1.5496575293957788,17.27864183388326,0.01656540037003973,0.01656540037003973,0.01656540037003973,0.01656540037003973,-0.5456905575690669,0.5456905575690669,0.0027438024315398,0.0016818848286159,0.9997399023978588,True,True,True,True,FULL,FULL_direct_poly_rank_5
96,0.32,2.225,5.75,4.01075,4.01075,4.5926707536336835,2.2471910112359548,8.603420753633683,8.90252129065327,4.01075,4.33774226112925,2.2471910112359548,8.34849226112925,9.704482869051471,-0.2549284925044333,0.2549284925044333,-0.2549284925044333,0.2549284925044333,0.8019615783982008,0.8019615783982008,0.0425204603926755,0.0241578447228216,0.996936752311372,True,True,True,True,FULL,FULL_direct_poly_rank_5
97,0.98,3.925,16.9,13.655,13.655,17.423005323734152,1.2738853503184715,31.07800532373415,2.9328424113361327,13.655,16.05782722770214,1.2738853503184715,29.712827227702142,3.144804216434877,-1.365178096032011,1.365178096032011,-1.3651780960320075,1.3651780960320075,0.21196180509874418,0.21196180509874418,0.1223882084681597,0.0724598037397985,0.9975178522415032,True,True,True,True,FULL,FULL_direct_poly_rank_5
98,0.12,1.5666666666666669,1.33,0.569,0.569,1.2856106349233354,3.191489361702127,1.854610634923335,23.13000566043724,0.569,1.3343693682322828,3.191489361702127,1.9033693682322828,21.23927729569532,0.04875873330894742,0.04875873330894742,0.048758733308947644,0.048758733308947644,-1.8907283647419213,1.8907283647419213,0.0091361368934002,0.0054800029043985,0.9984503765050726,True,True,True,True,FULL,FULL_direct_poly_rank_5
99,0.38,2.1775,5.29,3.8055,3.8055,4.8847712477868654,2.296211251435132,8.690271247786866,7.231167894086396,3.8055,4.567447156538707,2.296211251435132,8.372947156538707,7.849166163553741,-0.3173240912481585,0.3173240912481585,-0.3173240912481585,0.3173240912481585,0.6179982694673445,0.6179982694673445,0.040335286630353,0.0239872427929167,0.9969307729466006,True,True,True,True,FULL,FULL_direct_poly_rank_5
100,1.12,3.865,15.69,14.2025,14.2025,9.330787016774106,1.2936610608020698,23.533287016774107,3.133851414322128,14.2025,9.044291221190385,1.2936610608020698,23.246791221190385,3.2126464535971495,-0.28649579558372196,0.28649579558372196,-0.28649579558372196,0.28649579558372196,0.0787950392750214,0.0787950392750214,0.0399213277313386,0.0209663070355215,0.9997222007418528,True,True,True,True,FULL,FULL_direct_poly_rank_5
101,0.11,1.5599999999999998,1.19,0.5136666666666666,0.5136666666666666,1.0901897584596147,3.2051282051282053,1.6038564251262817,26.190812099681132,0.5136666666666666,1.1459140283343163,3.2051282051282053,1.6595806950009833,23.214997697949283,0.05572426987470158,0.05572426987470158,0.05572426987470158,0.05572426987470158,-2.9758144017318493,2.9758144017318493,0.0110728673317438,0.0065576124102509,0.9970484334929398,True,True,True,True,FULL,FULL_direct_poly_rank_5
102,0.33,2.175,5.38,4.15275,4.15275,3.3230952595070686,2.298850574712644,7.475845259507069,9.464816530487427,4.15275,3.1692422594038394,2.298850574712644,7.32199225940384,10.150847705488902,-0.15385300010322922,0.15385300010322922,-0.15385300010322922,0.15385300010322922,0.6860311750014745,0.6860311750014745,0.0312154625793577,0.016383589887139,0.9978970700874092,True,True,True,True,FULL,FULL_direct_poly_rank_5
103,0.94,4.6125,15.17,14.2325,14.2325,3.230539541690666,1.0840108401084012,17.463039541690666,4.61254903129243,14.2325,3.273933535108368,1.0840108401084012,17.506433535108368,4.544688925609341,0.04339399341770189,0.04339399341770189,0.04339399341770189,0.04339399341770189,-0.06786010568308942,0.06786010568308942,0.0189512586759329,0.0079332601489314,0.9999139672157212,True,True,True,True,FULL,FULL_direct_poly_rank_5
104,0.46,1.61,0.57,0.4153333333333333,0.4153333333333333,1.2195408766373736,3.105590062111801,1.634874209970707,5.380408458094788,0.4153333333333333,1.207775071839434,3.105590062111801,1.623108405172767,5.409717957032186,-0.01176580479793965,0.01176580479793965,-0.011765804797939872,0.011765804797939872,0.02930949893739765,0.02930949893739765,0.0003700823537367,0.0002565891166954,0.9999830042809692,True,True,True,True,FULL,FULL_direct_poly_rank_5
105,0.38,2.1725,3.22,2.8175,2.8175,1.2095551373508462,2.3014959723820483,4.027055137350846,9.674876431868377,2.8175,1.1499560745094135,2.3014959723820483,3.9674560745094136,10.3711514978588,-0.05959906284143268,0.05959906284143268,-0.05959906284143246,0.05959906284143246,0.6962750659904238,0.6962750659904238,0.0184904354617027,0.0083809984477847,0.9979719970699464,True,True,True,True,FULL,FULL_direct_poly_rank_5
106,6.69,7.0,11.06,11.03,11.03,6.769176332863529,0.7142857142857143,17.799176332863528,0.9707346090728766,11.03,6.068397243551134,0.7142857142857143,17.098397243551133,1.0016619447173667,-0.7007790893123946,0.7007790893123946,-0.7007790893123946,0.7007790893123946,0.030927335644490128,0.030927335644490128,0.0420876785855676,0.0212429891717574,0.9995569361608174,True,True,True,True,FULL,FULL_direct_poly_rank_5
107,0.15,1.5566666666666666,0.88,0.5103333333333334,0.5103333333333334,0.7081291518031402,3.211991434689508,1.2184624851364736,19.26598627033951,0.5103333333333334,0.7223563196492672,3.211991434689508,1.2326896529826006,18.53002759895826,0.014227167846126987,0.014227167846126987,0.014227167846126987,0.014227167846126987,-0.7359586713812512,0.7359586713812512,0.002681399035979,0.0015602550300093,0.9995505550753097,True,True,True,True,FULL,FULL_direct_poly_rank_5
108,0.24,2.175,5.1,3.69825,3.69825,2.8769666070220197,2.298850574712644,6.5752166070220195,13.53664985652516,3.69825,2.821868073527294,2.298850574712644,6.520118073527294,14.0547480409963,-0.05509853349472582,0.05509853349472582,-0.05509853349472582,0.05509853349472582,0.518098184471139,0.518098184471139,0.0139676846013477,0.0070458916656392,0.9994903600210754,True,True,True,True,FULL,FULL_direct_poly_rank_5
109,0.47,3.8575,14.84,13.285,13.285,3.275885261750222,1.2961762799740766,16.560885261750222,9.133208341560495,13.285,3.3351063477948912,1.2961762799740766,16.62010634779489,8.857810414662175,0.059221086044669136,0.059221086044669136,0.059221086044669136,0.059221086044669136,-0.27539792689831977,0.27539792689831977,0.0306841656306238,0.0117825499644828,0.9996672867966134,True,True,True,True,FULL,FULL_direct_poly_rank_5
110,0.15,2.1675,1.23,0.6225,0.6225,0.9619833022068238,2.306805074971165,1.584483302206824,20.507804388385548,0.6225,0.987519238296634,2.306805074971165,1.610019238296634,19.142005881161747,0.025535936089810196,0.025535936089810196,0.025535936089809974,0.025535936089809974,-1.3657985072238006,1.3657985072238006,0.0058731902979214,0.0032629585510303,0.9990194465274136,True,True,True,True,FULL,FULL_direct_poly_rank_5
111,0.25,2.165,6.22,4.547499999999999,4.547499999999999,3.553532108811563,2.3094688221709005,8.101032108811562,12.896286747191096,4.547499999999999,3.48600274298642,2.3094688221709005,8.03350274298642,13.36323546960462,-0.06752936582514302,0.06752936582514302,-0.06752936582514302,0.06752936582514302,0.46694872241352314,0.46694872241352314,0.0164525757424636,0.0083847028272483,0.9995288613439514,True,True,True,True,FULL,FULL_direct_poly_rank_5
112,0.46,4.1075,18.37,16.2525,16.2525,4.204330792736471,1.217285453438831,20.456830792736472,9.296747223836368,16.2525,4.2366268611603175,1.217285453438831,20.48912686116032,9.163434777888122,0.03229606842384669,0.03229606842384669,0.03229606842384669,0.03229606842384669,-0.13331244594824554,0.13331244594824554,0.0172830187165407,0.006515396287525,0.999927818706652,True,True,True,True,FULL,FULL_direct_poly_rank_5
113,0.21,1.5599999999999998,0.72,0.5333333333333333,0.5333333333333333,0.4530839141628877,3.2051282051282053,0.9864172474962212,14.758619332850811,0.5333333333333333,0.4433083665577706,3.2051282051282053,0.976641699891104,15.277606496428298,-0.009775547605117063,0.009775547605117063,-0.009775547605117119,0.009775547605117119,0.5189871635774868,0.5189871635774868,0.0019896164104168,0.0010646883048696,0.999515423565428,True,True,True,True,FULL,FULL_direct_poly_rank_5
114,0.46,2.215,4.54,3.755,3.755,3.0550946555112306,2.2573363431151243,6.8100946555112305,6.812602552841997,3.755,2.835813109179078,2.2573363431151243,6.590813109179078,7.401162270060991,-0.21928154633215247,0.21928154633215247,-0.21928154633215247,0.21928154633215247,0.5885597172189936,0.5885597172189936,0.0350637400385638,0.0187735095727296,0.9967818391335556,True,True,True,True,FULL,FULL_direct_poly_rank_5
115,3.02,4.84,14.29,13.226666666666668,13.226666666666668,67.62238227774218,1.0330578512396695,80.84904894440885,1.2379494369579531,13.226666666666668,55.27331458252015,1.0330578512396695,68.49998124918682,1.293495911199222,-12.349067695222026,12.349067695222026,-12.349067695222033,12.349067695222033,0.055546474241268795,0.055546474241268795,0.1250633359190139,0.0767358636301324,0.9978322738049796,True,True,True,True,FULL,FULL_direct_poly_rank_5
116,0.1,1.5533333333333337,1.16,0.5640000000000001,0.5640000000000001,0.912890584776652,3.218884120171673,1.476890584776652,31.1344826944979,0.5640000000000001,0.9792536261320136,3.218884120171673,1.5432536261320136,26.07710869118768,0.06636304135536164,0.06636304135536164,0.06636304135536153,0.06636304135536153,-5.057374003310223,5.057374003310223,0.0145130613568299,0.0082885977003096,0.9935354370934736,True,True,True,True,FULL,FULL_direct_poly_rank_5
117,0.28,2.16,4.98,3.80875,3.80875,2.7207253448886286,2.314814814814815,6.5294753448886285,11.627647012732409,3.80875,2.637509291929939,2.314814814814815,6.446259291929939,12.259795888141715,-0.08321605295868961,0.08321605295868961,-0.08321605295868917,0.08321605295868917,0.6321488754093068,0.6321488754093068,0.020269583083464,0.010193024714011,0.998880775917851,True,True,True,True,FULL,FULL_direct_poly_rank_5
118,0.84,3.88,14.83,12.9825,12.9825,7.331910697776193,1.288659793814433,20.314410697776193,4.123242699657944,12.9825,6.911135725559555,1.288659793814433,19.893635725559555,4.400292157527463,-0.4207749722166376,0.4207749722166376,-0.4207749722166376,0.4207749722166376,0.27704945786951907,0.27704945786951907,0.0883943172832584,0.0438472033915343,0.9981175409177095,True,True,True,True,FULL,FULL_direct_poly_rank_5
119,0.05,1.5533333333333337,1.06,0.4603333333333333,0.4603333333333333,0.7347138188950575,3.218884120171673,1.1950471522283908,76.69251608229672,0.4603333333333333,0.8978025773065197,3.218884120171673,1.358135910639853,42.19871774761243,0.1630887584114622,0.1630887584114622,0.1630887584114622,0.1630887584114622,-34.49379833468429,34.49379833468429,0.0390776541361234,0.0224802151227939,0.9443083679094252,True,True,True,True,FULL,FULL_direct_poly_rank_5
120,0.24,2.1675,5.34,3.634,3.634,3.551284821064535,2.306805074971165,7.185284821064535,12.76758648025316,3.634,3.449843414769252,2.306805074971165,7.083843414769252,13.503948551773023,-0.10144140629528309,0.10144140629528309,-0.10144140629528309,0.10144140629528309,0.7363620715198635,0.7363620715198635,0.0226715493382426,0.0120384178364942,0.9989005833491325,True,True,True,True,FULL,FULL_direct_poly_rank_5
121,0.58,3.8475,15.72,12.52,12.52,8.509190021060213,1.299545159194282,21.029190021060213,5.626700720273117,12.52,7.925982528826403,1.299545159194282,20.4459825288264,6.29767510438874,-0.58320749223381,0.58320749223381,-0.5832074922338144,0.5832074922338144,0.670974384115623,0.670974384115623,0.1439419697606007,0.0707184831496182,0.9945761911868553,True,True,True,True,FULL,FULL_direct_poly_rank_5
122,0.16,1.7866666666666664,1.46,0.5153333333333333,0.5153333333333333,1.791622665699797,2.7985074626865676,2.3069559990331303,15.27471027903135,0.5153333333333333,1.7873036512341356,2.7985074626865676,2.302636984567469,15.349728490949197,-0.004319014465661297,0.004319014465661297,-0.004319014465661297,0.004319014465661297,0.07501821191784686,0.07501821191784686,0.0006663430315864,0.0004220927751858,0.9999947857998176,True,True,True,True,FULL,FULL_direct_poly_rank_5
123,0.34,2.19,5.86,3.70375,3.70375,6.4076526447249105,2.2831050228310503,10.11140264472491,7.4904783908875965,3.70375,6.009452706285133,2.2831050228310503,9.713202706285132,8.146070846154172,-0.3981999384397774,0.3981999384397774,-0.3981999384397774,0.3981999384397774,0.655592455266576,0.655592455266576,0.0466082110359179,0.0293025302105875,0.9971000393834368,True,True,True,True,FULL,FULL_direct_poly_rank_5
124,0.72,3.9025,15.23,13.1975,13.1975,6.547895084347095,1.2812299807815504,19.745395084347095,4.922489465268678,13.1975,6.2100641783218915,1.2812299807815504,19.40756417832189,5.271321629074858,-0.3378309060252036,0.3378309060252036,-0.3378309060252036,0.3378309060252036,0.34883216380618,0.34883216380618,0.0889786636340864,0.04214275628562,0.9979788887300478,True,True,True,True,FULL,FULL_direct_poly_rank_5
125,0.13,1.5766666666666669,0.83,0.5316666666666667,0.5316666666666667,0.5110542316499418,3.1712473572938684,1.0427208983166083,25.070549134255213,0.5316666666666667,0.5368132592624657,3.1712473572938684,1.0684799259291324,22.5298024296449,0.02575902761252391,0.02575902761252391,0.025759027612524132,0.025759027612524132,-2.5407467046103136,2.5407467046103136,0.0060777085260481,0.0032729534422011,0.9967088865345712,True,True,True,True,FULL,FULL_direct_poly_rank_5
126,0.33,2.195,4.91,4.2615,4.2615,1.6629195649406574,2.277904328018223,5.924419564940657,11.444353107108954,4.2615,1.6415972526996274,2.277904328018223,5.903097252699627,11.666771933803975,-0.021322312241029984,0.021322312241029984,-0.021322312241029984,0.021322312241029984,0.2224188266950211,0.2224188266950211,0.0072534122971747,0.0032098730266986,0.9998516559045584,True,True,True,True,FULL,FULL_direct_poly_rank_5
127,2.99,4.513333333333333,16.39,14.923333333333332,14.923333333333332,140.10135047238424,1.1078286558345645,155.0246838057176,1.2549920885699382,14.923333333333332,119.63155901003856,1.1078286558345645,134.5548923433719,1.2843681841153425,-20.469791462345682,20.469791462345682,-20.469791462345682,20.469791462345682,0.029376095545404324,0.029376095545404324,0.090329727010144,0.0551196189271501,0.9991168659998612,True,True,True,True,FULL,FULL_direct_poly_rank_5
128,0.22,1.5666666666666669,1.38,0.6789999999999999,0.6789999999999999,1.9691572578488556,3.191489361702127,2.6481572578488555,10.298464829923804,0.6789999999999999,1.9571860638471184,3.191489361702127,2.636186063847118,10.377075763872996,-0.011971194001737295,0.011971194001737295,-0.011971194001737295,0.011971194001737295,0.07861093394919294,0.07861093394919294,0.0011070828440787,0.0007628467170113,0.999979442756722,True,True,True,True,FULL,FULL_direct_poly_rank_5
129,0.39,2.18,6.11,4.593,4.593,5.057943521426855,2.293577981651376,9.650943521426855,7.34235077378404,4.593,4.771770996874778,2.293577981651376,9.364770996874778,7.877448741338069,-0.286172524552077,0.286172524552077,-0.286172524552077,0.286172524552077,0.5350979675540293,0.5350979675540293,0.0393522137125211,0.0227063447846136,0.9977186953672388,True,True,True,True,FULL,FULL_direct_poly_rank_5
130,2.78,4.13,17.18,15.5675,15.5675,173.2142161184181,1.2106537530266344,188.7817161184181,1.354578535378103,15.5675,161.4426302323336,1.2106537530266344,177.0101302323336,1.3665446178566525,-11.771585886084495,11.771585886084495,-11.771585886084495,11.771585886084495,0.011966082478549467,0.011966082478549467,0.0377839755508098,0.0230300986078603,0.9998594000730008,True,True,True,True,FULL,FULL_direct_poly_rank_5
131,0.3,1.57,0.69,0.4403333333333333,0.4403333333333333,0.989606450202688,3.184713375796178,1.4299397835360212,7.9675990689291964,0.4403333333333333,0.9598755749341588,3.184713375796178,1.400208908267492,8.202078236151948,-0.029730875268529244,0.029730875268529244,-0.029730875268529244,0.029730875268529244,0.23447916722275153,0.23447916722275153,0.0021026082304303,0.0014372779390734,0.9996094259577708,True,True,True,True,FULL,FULL_direct_poly_rank_5
132,0.38,2.2025,4.61,3.49275,3.49275,3.5417527605950667,2.270147559591374,7.034502760595067,7.697329513236288,3.49275,3.299494372667354,2.270147559591374,6.792244372667354,8.43629958487516,-0.2422583879277127,0.2422583879277127,-0.2422583879277127,0.2422583879277127,0.7389700716388719,0.7389700716388719,0.037865831488866,0.021171291437503,0.9961747088748244,True,True,True,True,FULL,FULL_direct_poly_rank_5
133,0.58,3.89,14.25,12.71,12.71,3.870375185655917,1.2853470437017995,16.580375185655917,6.937928600833182,12.71,3.825510609014067,1.2853470437017995,16.535510609014068,7.061724666085536,-0.04486457664184984,0.04486457664184984,-0.044864576641849396,0.044864576641849396,0.1237960652523542,0.1237960652523542,0.0189324908970894,0.007841657307221,0.9998789181931406,True,True,True,True,FULL,FULL_direct_poly_rank_5
134,0.29,1.5933333333333335,0.81,0.6846666666666668,0.6846666666666668,0.4027161872827163,3.1380753138075312,1.087382853949383,11.679447292728767,0.6846666666666668,0.3822554521772927,3.1380753138075312,1.0669221188439597,12.488522240525455,-0.020460735105423622,0.020460735105423622,-0.020460735105423344,0.020460735105423344,0.8090749477966881,0.8090749477966881,0.0046664737643089,0.0023054383634806,0.9980276857390276,True,True,True,True,FULL,FULL_direct_poly_rank_5
135,0.42,2.1925,4.74,4.255,4.255,1.6007301765706998,2.280501710376283,5.8557301765707,9.079561652406012,4.255,1.5606093499185685,2.280501710376283,5.815609349918568,9.365161173240596,-0.04012082665213135,0.04012082665213135,-0.04012082665213157,0.04012082665213157,0.28559952083458384,0.28559952083458384,0.0124335330423505,0.0056287420539392,0.9996027039938624,True,True,True,True,FULL,FULL_direct_poly_rank_5
136,2.48,4.18,15.4,14.19,14.19,62.34454554337887,1.1961722488038278,76.53454554337887,1.469660738779334,14.19,58.44802651538168,1.1961722488038278,72.63802651538168,1.4912174301552787,-3.8965190279971935,3.8965190279971935,-3.8965190279971864,3.8965190279971864,0.021556691375944848,0.021556691375944848,0.0410809786116083,0.0251842815821987,0.9997942674618924,True,True,True,True,FULL,FULL_direct_poly_rank_5
137,1.18,1.85,0.63,0.575,0.575,4.239497230710774,2.702702702702702,4.814497230710774,3.1309195303367727,0.575,4.762100093329866,2.702702702702702,5.337100093329866,3.0780451161860807,0.5226028626190917,0.5226028626190917,0.5226028626190917,0.5226028626190917,-0.05287441415069205,0.05287441415069205,0.0022990688199637,0.0014262194955417,0.9996176763072172,True,True,True,True,FULL,FULL_direct_poly_rank_5
138,0.99,2.6033333333333335,4.93,4.496666666666667,4.496666666666667,4.9592094785200045,1.9206145966709345,9.455876145186672,3.460965956174455,4.496666666666667,4.7460924721399325,1.9206145966709345,9.2427591388066,3.5483681728842473,-0.21311700638007203,0.21311700638007203,-0.21311700638007203,0.21311700638007203,0.08740221670979231,0.08740221670979231,0.0145363142602645,0.0082087248811009,0.9996881698454816,True,True,True,True,FULL,FULL_direct_poly_rank_5
139,1.92,4.2125,17.14,16.56,16.56,9.158812659704571,1.1869436201780414,25.71881265970457,2.22655990128023,16.56,10.838527104922786,1.1869436201780414,27.398527104922785,2.0550803640146893,1.679714445218215,1.679714445218215,1.6797144452182131,1.6797144452182131,-0.17147953726554066,0.17147953726554066,0.1586878597874334,0.0861894277894543,0.997323335498538,True,True,True,True,FULL,FULL_direct_poly_rank_5
140,0.42,1.7400000000000002,0.83,0.4525,0.4525,2.5886372580129136,2.8735632183908044,3.0411372580129137,4.84879553279124,0.4525,2.713958040272518,2.8735632183908044,3.166458040272518,4.730022369347613,0.12532078225960452,0.12532078225960452,0.12532078225960452,0.12532078225960452,-0.11877316344362754,0.11877316344362754,0.0027026535971662,0.0021306295867041,0.9996850022076308,True,True,True,True,FULL,FULL_direct_poly_rank_5
141,1.23,2.5733333333333337,4.22,4.026666666666666,4.026666666666666,3.714553371745124,1.94300518134715,7.74122003841179,3.22230726876678,4.026666666666666,4.074039971046667,1.94300518134715,8.100706637713333,3.094880773066895,0.35948659930154303,0.35948659930154303,0.35948659930154303,0.35948659930154303,-0.1274264956998854,0.1274264956998854,0.0210228377472636,0.0118692574439235,0.9992419958485462,True,True,True,True,FULL,FULL_direct_poly_rank_5
142,1.79,4.84,15.01,14.9025,14.9025,0.8901040923931092,1.0330578512396695,15.792604092393107,3.4546415460563873,14.9025,1.7582163432556648,1.0330578512396695,16.660716343255665,2.564141345164744,0.8681122508625556,0.8681122508625556,0.8681122508625574,0.8681122508625574,-0.8905002008916432,0.8905002008916432,0.4478847146785057,0.2015520824840107,0.9646044653226754,True,True,True,True,FULL,FULL_direct_poly_rank_5
143,0.33,1.5733333333333333,0.58,0.4766666666666666,0.4766666666666666,0.4098600862261488,3.1779661016949152,0.8865267528928155,9.368454028225154,0.4766666666666666,0.3822285253056854,3.1779661016949152,0.8588951919723521,10.10568450462188,-0.02763156092046337,0.02763156092046337,-0.02763156092046337,0.02763156092046337,0.7372304763967268,0.7372304763967268,0.0041267347429941,0.0022462278600729,0.9972940298427028,True,True,True,True,FULL,FULL_direct_poly_rank_5
144,0.43,2.1725,4.53,3.8975,3.8975,2.2412867147074325,2.3014959723820483,6.138786714707432,7.955893974394428,3.8975,2.120539133418962,2.3014959723820483,6.018039133418962,8.49867729419204,-0.12074758128847041,0.12074758128847041,-0.12074758128847041,0.12074758128847041,0.5427833197976124,0.5427833197976124,0.02651025807362,0.0131205076619313,0.9980702308310287,True,True,True,True,FULL,FULL_direct_poly_rank_5
145,3.33,4.496666666666667,14.77,14.159999999999998,14.159999999999998,71.68575820940592,1.111934766493699,85.84575820940591,1.2931877819034847,14.159999999999998,63.65747641702096,1.111934766493699,77.81747641702096,1.3200244270694252,-8.02828179238496,8.02828179238496,-8.02828179238496,8.02828179238496,0.02683664516594053,0.02683664516594053,0.0590443082335022,0.0341390632606962,0.9995211695735146,True,True,True,True,FULL,FULL_direct_poly_rank_5
146,0.13,1.5599999999999998,0.68,0.5633333333333334,0.5633333333333334,0.1951982739754749,3.2051282051282053,0.7585316073088083,31.88575510060682,0.5633333333333334,0.2167769212624654,3.2051282051282053,0.7801102545957987,26.09302777133031,0.021578647286990493,0.021578647286990493,0.021578647286990438,0.021578647286990438,-5.792727329276509,5.792727329276509,0.0080319335719195,0.003485738276167,0.9872997972913312,True,True,True,True,FULL,FULL_direct_poly_rank_5
147,1.84,3.1775,4.39,3.69,3.69,48.191526905344915,1.5735641227380015,51.88152690534491,1.779339325853626,3.69,47.4378543485772,1.5735641227380015,51.1278543485772,1.783039348744252,-0.753672556767718,0.753672556767718,-0.7536725567677109,0.7536725567677109,0.003700022890625876,0.003700022890625876,0.0022447792887758,0.0014256349399359,0.9999926723025842,True,True,True,True,FULL,FULL_direct_poly_rank_5
148,2.23,4.3774999999999995,15.49,14.875,14.875,14.10295307840756,1.142204454597373,28.97795307840756,1.8301286904573817,14.875,15.091359564099283,1.142204454597373,29.966359564099285,1.7793235232556182,0.9884064856917227,0.9884064856917227,0.9884064856917263,0.9884064856917263,-0.050805167201763535,0.050805167201763535,0.0555027919103388,0.0314726238639806,0.9996224334239956,True,True,True,True,FULL,FULL_direct_poly_rank_5
149,0.18,1.5599999999999998,0.96,0.5433333333333333,0.5433333333333333,0.9264981470545324,3.2051282051282053,1.4698314803878656,14.731251978605432,0.5433333333333333,0.9241518086514874,3.2051282051282053,1.4674851419848207,14.793441599760444,-0.0023463384030449896,0.0023463384030449896,-0.0023463384030448786,0.0023463384030448786,0.06218962115501192,0.06218962115501192,0.0003523962362723,0.0002169595137259,0.9999941734642024,True,True,True,True,FULL,FULL_direct_poly_rank_5
150,0.4,2.175,5.29,4.25,4.25,3.4798658017251105,2.298850574712644,7.7298658017251105,7.755705088302538,4.25,3.280676858307544,2.298850574712644,7.530676858307544,8.339257663714362,-0.19918894341756666,0.19918894341756666,-0.19918894341756666,0.19918894341756666,0.583552575411824,0.583552575411824,0.034216716488558,0.0183548015983602,0.9975939446075192,True,True,True,True,FULL,FULL_direct_poly_rank_5
151,0.99,3.6125,15.85,14.965,14.965,4.712295648967803,1.384083044982699,19.677295648967803,4.185634509215309,14.965,5.0635311912939045,1.384083044982699,20.028531191293904,3.9495324456072343,0.3512355423261013,0.3512355423261013,0.3512355423261013,0.3512355423261013,-0.23610206360807506,0.23610206360807506,0.0877142348124672,0.0416388329464384,0.9986438044631476,True,True,True,True,FULL,FULL_direct_poly_rank_5
152,1.16,1.9,0.64,0.54,0.54,8.918859589233094,2.6315789473684212,9.458859589233091,2.9158636476035604,0.54,10.735168688057849,2.6315789473684212,11.275168688057848,2.863252787752866,1.816309098824755,1.816309098824755,1.8163090988247568,1.8163090988247568,-0.05261085985069425,0.05261085985069425,0.0031734042296971,0.0020218477711686,0.9993459511362592,True,True,True,True,FULL,FULL_direct_poly_rank_5
153,1.3,2.566666666666667,4.2,3.9333333333333336,3.9333333333333336,6.732843008196392,1.948051948051948,10.666176341529724,2.832743127876559,3.9333333333333336,6.99095193630378,1.948051948051948,10.924285269637114,2.7944806077441315,0.2581089281073883,0.2581089281073883,0.25810892810739006,0.25810892810739006,-0.03826252013242737,0.03826252013242737,0.0078686435440323,0.004632655016593,0.9998938885831402,True,True,True,True,FULL,FULL_direct_poly_rank_5
154,5.1,31.453947067343865,14.28,13.490170336848536,13.490170336848536,2.087839211051561,0.1589625616554528,15.578009547900097,0.9263059984631752,13.490170336848536,2.2135826355866115,0.1589625616554528,15.703752972435147,0.8613242933494774,0.1257434245350506,0.1257434245350506,0.1257434245350506,0.1257434245350506,-0.06498170511369783,0.06498170511369783,0.0776717574309451,0.0292339815837129,0.9980796060272432,True,True,True,True,FULL,FULL_direct_poly_rank_5
155,0.56,1.5599999999999998,0.58,0.4766666666666666,0.4766666666666666,1.2430840918042927,3.2051282051282053,1.7197507584709593,5.0236277196711585,0.4766666666666666,1.251566667061345,3.2051282051282053,1.7282333337280116,5.008192924143247,0.008482575257052316,0.008482575257052316,0.008482575257052316,0.008482575257052316,-0.015434795527911938,0.015434795527911938,0.0002270251516937,0.0001460276117498,0.9999941661822264,True,True,True,True,FULL,FULL_direct_poly_rank_5
156,0.67,2.1775,4.06,3.745,3.745,2.1627193549790276,2.296211251435132,5.907719354979028,5.4890381882934465,3.745,2.1237453439250356,2.296211251435132,5.868745343925036,5.5652149913701985,-0.03897401105399201,0.03897401105399201,-0.03897401105399201,0.03897401105399201,0.07617680307675201,0.07617680307675201,0.0058038393723683,0.0029997075971972,0.9999164194738852,True,True,True,True,FULL,FULL_direct_poly_rank_5
157,1.32,3.9,14.36,13.5925,13.5925,6.126023681195667,1.2820512820512822,19.718523681195663,3.032176279008363,13.5925,6.382917643398679,1.2820512820512822,19.97541764339868,2.9485410053143326,0.2568939622030122,0.2568939622030122,0.25689396220301575,0.25689396220301575,-0.08363527369403023,0.08363527369403023,0.0421832394072766,0.0214338155142271,0.999671929678588,True,True,True,True,FULL,FULL_direct_poly_rank_5
158,0.17,1.6233333333333333,1.0,0.5720000000000001,0.5720000000000001,0.8749487231528226,3.080082135523614,1.4469487231528226,16.31818533574024,0.5720000000000001,0.8765268956459766,3.080082135523614,1.4485268956459767,16.26401004573731,0.001578172493154062,0.001578172493154062,0.001578172493154062,0.001578172493154062,-0.05417529000292731,0.05417529000292731,0.0002728449600068,0.0001621683806924,0.999996592453126,True,True,True,True,FULL,FULL_direct_poly_rank_5
159,0.32,2.1825,5.06,4.11975,4.11975,2.410582651104151,2.290950744558992,6.530332651104151,10.626543938716322,4.11975,2.331057295562884,2.290950744558992,6.450807295562884,11.190891549373717,-0.07952535554126694,0.07952535554126694,-0.07952535554126694,0.07952535554126694,0.5643476106573946,0.5643476106573946,0.0206549428670178,0.0100160614705,0.9988838902060404,True,True,True,True,FULL,FULL_direct_poly_rank_5
160,1.07,3.895,14.3,13.0025,13.0025,7.31537030166651,1.2836970474967908,20.31787030166651,3.3651116062820727,13.0025,7.02489888646277,1.2836970474967908,20.02739888646277,3.484571441276403,-0.29047141520374,0.29047141520374,-0.29047141520374,0.29047141520374,0.1194598349943301,0.1194598349943301,0.0497661132954809,0.025288271786043,0.999461255501314,True,True,True,True,FULL,FULL_direct_poly_rank_5
161,0.1,1.5666666666666669,0.85,0.5843333333333334,0.5843333333333334,0.3978559436075378,3.191489361702127,0.9821892769408712,37.33548887229885,0.5843333333333334,0.4469383253086341,3.191489361702127,1.0312716586419677,28.584122982392493,0.0490823817010963,0.0490823817010963,0.04908238170109647,0.04908238170109647,-8.75136588990636,8.75136588990636,0.0134426568486288,0.0068602511728148,0.9810716796517244,True,True,True,True,FULL,FULL_direct_poly_rank_5
162,0.24,2.175,6.09,4.409,4.409,3.4511384121172206,2.298850574712644,7.86013841211722,13.515323404054092,4.409,3.3945518784264364,2.298850574712644,7.803551878426436,13.95331876946232,-0.05658653369078426,0.05658653369078426,-0.05658653369078426,0.05658653369078426,0.4379953654082289,0.4379953654082289,0.0141829248255547,0.0071881749425595,0.9996324313027712,True,True,True,True,FULL,FULL_direct_poly_rank_5
163,0.5,3.8625,16.89,15.2325,15.2325,3.655467066441505,1.2944983818770228,18.887967066441504,8.601598077321363,15.2325,3.7362444037248945,1.2944983818770228,18.968744403724894,8.304471159757739,0.08077733728338954,0.08077733728338954,0.08077733728338998,0.08077733728338998,-0.29712691756362375,0.29712691756362375,0.0411502206425531,0.0159549938211185,0.9995543917252354,True,True,True,True,FULL,FULL_direct_poly_rank_5
164,0.07,1.5566666666666666,0.85,0.5843333333333334,0.5843333333333334,0.3510048045966245,3.211991434689508,0.935338137929958,59.36701870371923,0.5843333333333334,0.4387981055637915,3.211991434689508,1.0231314388971249,35.57998281508531,0.08779330096716703,0.08779330096716703,0.08779330096716687,0.08779330096716687,-23.787035888633923,23.787035888633923,0.0234188012935298,0.0124496563232871,0.938292462049074,True,True,True,True,FULL,FULL_direct_poly_rank_5
165,0.23,2.1675,5.85,4.43275,4.43275,2.80147060168731,2.306805074971165,7.23422060168731,14.978792929839672,4.43275,2.8003838021478984,2.306805074971165,7.233133802147899,14.990201397516492,-0.001086799539411487,0.001086799539411487,-0.001086799539411487,0.001086799539411487,0.011408467676819356,0.011408467676819356,0.0003105566895632,0.0001496859956727,0.9999997917168912,True,True,True,True,FULL,FULL_direct_poly_rank_5
166,0.75,3.8625,16.87,15.795,15.795,3.4935563581594646,1.2944983818770228,19.288556358159465,5.80409010742513,15.795,3.661376083076574,1.2944983818770228,19.456376083076577,5.511623868536253,0.16781972491710917,0.16781972491710917,0.16781972491711272,0.16781972491711272,-0.2924662388888768,0.2924662388888768,0.0717260351767093,0.0300533514404609,0.9989679626465208,True,True,True,True,FULL,FULL_direct_poly_rank_5
167,0.17,1.5599999999999998,0.8,0.5579999999999999,0.5579999999999999,0.4953159279041487,3.2051282051282053,1.0533159279041486,18.51576110820791,0.5579999999999999,0.4995925766082202,3.2051282051282053,1.05759257660822,18.225660594212492,0.004276648704071517,0.004276648704071517,0.004276648704071295,0.004276648704071295,-0.29010051399541936,0.29010051399541936,0.0009418827461973,0.0005045801260548,0.9999111479976756,True,True,True,True,FULL,FULL_direct_poly_rank_5
168,1.11,2.563333333333333,4.61,4.293333333333333,4.293333333333333,4.918051194692046,1.950585175552666,9.21138452802538,3.258019017990617,4.293333333333333,4.948678346008835,1.950585175552666,9.242011679342168,3.2483135169135764,0.03062715131678928,0.03062715131678928,0.030627151316787504,0.030627151316787504,-0.009705501077040601,0.009705501077040601,0.0016987260028737,0.0009668847438015,0.9999955421043072,True,True,True,True,FULL,FULL_direct_poly_rank_5
169,3.93,4.553333333333334,16.61,16.513333333333332,16.513333333333332,14.198414912137522,1.0980966325036603,30.711748245470854,1.4757256498343354,16.513333333333332,27.944980329269473,1.0980966325036603,44.458313662602805,1.2924915828329595,13.74656541713195,13.74656541713195,13.74656541713195,13.74656541713195,-0.1832340670013759,0.1832340670013759,0.2577041157984263,0.1382206568031724,0.9929368668992744,True,True,True,True,FULL,FULL_direct_poly_rank_5
170,0.19,1.5533333333333337,0.76,0.5436666666666666,0.5436666666666666,0.4848535368761771,3.218884120171673,1.0285202035428438,16.275028887164293,0.5436666666666666,0.4810091719596977,3.218884120171673,1.0246758386263644,16.49580149807712,-0.0038443649164793814,0.0038443649164793814,-0.003844364916479437,0.003844364916479437,0.22077261091282807,0.22077261091282807,0.0007968185586425,0.0004299133532085,0.999930438054693,True,True,True,True,FULL,FULL_direct_poly_rank_5
171,0.32,2.17,4.74,4.0465,4.0465,1.7565900119017304,2.3041474654377883,5.80309001190173,11.4900793995,4.0465,1.7244199628951131,2.3041474654377883,5.770919962895113,11.818703158326429,-0.03217004900661724,0.03217004900661724,-0.03217004900661724,0.03217004900661724,0.3286237588264278,0.3286237588264278,0.0102678080863173,0.004644353840869,0.9996785786749576,True,True,True,True,FULL,FULL_direct_poly_rank_5
172,1.88,4.13,15.76,14.8875,14.8875,14.997831291761866,1.2106537530266344,29.885331291761865,2.0220034481788933,14.8875,15.54676563714525,1.2106537530266344,30.43426563714525,1.9885698628250483,0.5489343453833833,0.5489343453833833,0.5489343453833833,0.5489343453833833,-0.033433585353845,0.033433585353845,0.0324632485283591,0.0183248875454706,0.9998659425580274,True,True,True,True,FULL,FULL_direct_poly_rank_5
173,0.23,1.5666666666666669,0.81,0.5826666666666666,0.5826666666666666,0.6080845262035995,3.191489361702127,1.190751192870266,12.675105003139644,0.5826666666666666,0.5880442826194844,3.191489361702127,1.170710949286151,13.30313825741331,-0.02004024358411516,0.02004024358411516,-0.02004024358411516,0.02004024358411516,0.6280332542736673,0.6280332542736673,0.00333338131913,0.0018882698661237,0.9990164210214858,True,True,True,True,FULL,FULL_direct_poly_rank_5
174,0.27,2.18,5.18,4.452999999999999,4.452999999999999,1.5717255574854088,2.293577981651376,6.024725557485408,14.53141002624948,4.452999999999999,1.602246602659403,2.293577981651376,6.055246602659403,14.071561114090924,0.030521045173994343,0.030521045173994343,0.030521045173994565,0.030521045173994565,-0.45984891215855583,0.45984891215855583,0.0116500575937471,0.0049738151363237,0.9996134160693328,True,True,True,True,FULL,FULL_direct_poly_rank_5
175,1.85,4.1125,17.29,16.4125,16.4125,14.29966321375646,1.21580547112462,30.71216321375646,2.100213453400296,16.4125,15.48183555398898,1.21580547112462,31.89433555398898,2.023127322654789,1.182172340232519,1.182172340232519,1.182172340232519,1.182172340232519,-0.0770861307455073,0.0770861307455073,0.0778314909362565,0.0435601610221313,0.9993578912202716,True,True,True,True,FULL,FULL_direct_poly_rank_5
176,0.65,1.5766666666666669,0.57,0.478,0.478,1.612273609680621,3.1712473572938684,2.090273609680621,4.48569879514461,0.478,1.6874706112940838,3.1712473572938684,2.165470611294084,4.415218752611421,0.07519700161346288,0.07519700161346288,0.07519700161346288,0.07519700161346288,-0.07048004253318929,0.07048004253318929,0.0012711113540351,0.0008138606831472,0.9998244732571964,True,True,True,True,FULL,FULL_direct_poly_rank_5
177,1.47,2.6333333333333333,3.8,3.616,3.616,6.14964024424423,1.89873417721519,9.76564024424423,2.66832825839853,3.616,6.7019834540396275,1.89873417721519,10.317983454039627,2.5958651744070633,0.5523432097953975,0.5523432097953975,0.5523432097953975,0.5523432097953975,-0.07246308399146661,0.07246308399146661,0.0148514206786431,0.0087860398582412,0.9995648022234688,True,True,True,True,FULL,FULL_direct_poly_rank_5
178,2.12,4.1575,13.69,12.965,12.965,17.833183532648366,1.2026458208057729,30.79818353264837,1.8070468059221405,12.965,17.92024927877437,1.2026458208057729,30.88524927877437,1.803600257652769,0.08706574612600448,0.08706574612600448,0.08706574612600093,0.08706574612600093,-0.003446548269371519,0.003446548269371519,0.0035171441198821,0.0020357150245519,0.999998034253084,True,True,True,True,FULL,FULL_direct_poly_rank_5
179,0.48,1.5666666666666669,0.88,0.6386666666666666,0.6386666666666666,2.2710172374402005,3.191489361702127,2.909683904106867,5.11752583659357,0.6386666666666666,2.3571366328244028,3.191489361702127,2.9958032994910693,5.0283928818078,0.08611939538420232,0.08611939538420232,0.08611939538420232,0.08611939538420232,-0.08913295478576977,0.08913295478576977,0.0019365830455638,0.0013679065545238,0.9998134312764304,True,True,True,True,FULL,FULL_direct_poly_rank_5
180,0.52,2.9225,5.54,4.727,4.727,2.527730037291942,1.710863986313088,7.254730037291942,6.676100463922199,4.727,2.3438530581804313,1.710863986313088,7.070853058180432,7.41167764498337,-0.18387697911151069,0.18387697911151069,-0.18387697911151069,0.18387697911151069,0.7355771810611706,0.7355771810611706,0.0491638901709325,0.0232198599237272,0.9952346926787828,True,True,True,True,FULL,FULL_direct_poly_rank_5
181,0.9,3.925,17.84,14.94,14.94,13.029435602700998,1.2738853503184715,27.969435602700997,3.4621547532157915,14.94,12.15491309132595,1.2738853503184715,27.09491309132595,3.7087558480695946,-0.8745225113750479,0.8745225113750479,-0.8745225113750479,0.8745225113750479,0.2466010948538031,0.2466010948538031,0.1190277581211046,0.0651674311702966,0.9977439619360254,True,True,True,True,FULL,FULL_direct_poly_rank_5
182,0.22,1.49,0.66,0.4575,0.4575,0.5513217275318822,3.3557046979865772,1.0088217275318825,12.75282127395527,0.4575,0.5377858749406612,3.3557046979865772,0.9952858749406612,13.20099745587298,-0.013535852591221031,0.013535852591221031,-0.013535852591221254,0.013535852591221254,0.44817618191770947,0.44817618191770947,0.0019920687168477,0.0011757094567962,0.9995015181475644,True,True,True,True,FULL,FULL_direct_poly_rank_5
183,1.93,3.1,4.22,4.0145,4.0145,10.822557992923612,1.6129032258064515,14.837057992923611,2.064879723343122,4.0145,10.93038632504957,1.6129032258064515,14.94488632504957,2.0597002261692254,0.10782833212595833,0.10782833212595833,0.10782833212595833,0.10782833212595833,-0.005179497173896763,0.005179497173896763,0.0017414320253031,0.0010543029697189,0.9999953274696342,True,True,True,True,FULL,FULL_direct_poly_rank_5
184,3.98,4.75,15.12,14.85,14.85,45.661479023586836,1.0526315789473684,60.51147902358684,1.247654255784918,14.85,46.456830454455954,1.0526315789473684,61.306830454455955,1.2438589519645007,0.7953514308691183,0.7953514308691183,0.7953514308691183,0.7953514308691183,-0.0037953038204172618,0.0037953038204172618,0.0074920197326922,0.0041266396799754,0.9999925559672064,True,True,True,True,FULL,FULL_direct_poly_rank_5
185,0.13,1.5666666666666669,1.09,0.5446666666666667,0.5446666666666667,0.9576325699215577,3.191489361702127,1.5022992365882244,21.905585532286455,0.5446666666666667,0.9904756710156812,3.191489361702127,1.535142337682348,20.36141846986654,0.032843101094123583,0.032843101094123583,0.032843101094123694,0.032843101094123694,-1.5441670624199162,1.5441670624199162,0.0062462367963118,0.003697202082726,0.9986921748024132,True,True,True,True,FULL,FULL_direct_poly_rank_5
186,0.28,2.1775,5.16,3.81425,3.81425,3.130431077528114,2.296211251435132,6.944681077528114,11.220553160809676,3.81425,3.0177742355947266,2.296211251435132,6.8320242355947265,11.94745475545209,-0.11265684193338732,0.11265684193338732,-0.11265684193338732,0.11265684193338732,0.7269015946424151,0.7269015946424151,0.0253021116320078,0.0131294898304556,0.9984413257096596,True,True,True,True,FULL,FULL_direct_poly_rank_5
187,0.7,3.88,16.09,11.71,11.71,14.993697153202367,1.288659793814433,26.70369715320237,3.931657649182005,11.71,13.541884720872162,1.288659793814433,25.25188472087216,4.458004790355444,-1.4518124323302057,1.4518124323302057,-1.451812432330211,1.451812432330211,0.5263471411734391,0.5263471411734391,0.1903580593542129,0.1111843659329175,0.9926366332038172,True,True,True,True,FULL,FULL_direct_poly_rank_5
188,1.1,2.06,0.64,0.593,0.593,1.513280437089641,2.4271844660194173,2.1062804370896413,3.268679989536249,0.593,1.5471760755140491,2.4271844660194173,2.140176075514049,3.247005181811163,0.033895638424408014,0.033895638424408014,0.03389563842440779,0.03389563842440779,-0.0216748077250859,0.0216748077250859,0.00064631751629,0.0003890312465175,0.9999694951796276,True,True,True,True,FULL,FULL_direct_poly_rank_5
189,3.11,3.85,4.79,4.4285,4.4285,105.61771145632456,1.2987012987012987,110.04621145632456,1.3813754414682702,4.4285,77.82795310741386,1.2987012987012987,82.25645310741386,1.4149156727456085,-27.789758348910695,27.789758348910695,-27.789758348910695,27.789758348910695,0.033540231277338295,0.033540231277338295,0.0391135151658351,0.0223801746417484,0.9980304302678936,True,True,True,True,FULL,FULL_direct_poly_rank_5
190,2.95,4.833333333333333,17.57,15.660000000000002,15.660000000000002,133.5433516563727,1.0344827586206895,149.2033516563727,1.194201194728314,15.660000000000002,113.53758900526996,1.0344827586206895,129.19758900526995,1.2273638276665462,-20.005762651102728,20.005762651102728,-20.005762651102742,20.005762651102742,0.033162632938232184,0.033162632938232184,0.1092939131554249,0.0681407386401744,0.998889416009942,True,True,True,True,FULL,FULL_direct_poly_rank_5
191,0.1,1.64,1.15,0.5823333333333333,0.5823333333333333,0.8468851223123651,3.048780487804878,1.4292184556456984,32.276683117014976,0.5823333333333333,0.9124801550279386,3.048780487804878,1.4948134883612718,26.555505445871653,0.06559503271557343,0.06559503271557343,0.06559503271557343,0.06559503271557343,-5.721177671143323,5.721177671143323,0.0151073402208193,0.0084704574317323,0.9923051022898765,True,True,True,True,FULL,FULL_direct_poly_rank_5
192,0.26,2.06,5.06,2.78625,2.78625,5.537602820988881,2.4271844660194173,8.323852820988881,9.67711986223781,2.78625,5.2627775777547585,2.4271844660194173,8.049027577754758,10.491082612832576,-0.2748252432341225,0.2748252432341225,-0.2748252432341225,0.2748252432341225,0.8139627505947669,0.8139627505947669,0.0374979377532955,0.0234491974072201,0.9978146004637144,True,True,True,True,FULL,FULL_direct_poly_rank_5
193,0.48,3.91,15.79,12.4225,12.4225,7.40432598861948,1.278772378516624,19.82682598861948,7.151633571136485,12.4225,6.990961671250062,1.278772378516624,19.41346167125006,8.003337054128966,-0.4133643173694175,0.4133643173694175,-0.4133643173694175,0.4133643173694175,0.8517034829924812,0.8517034829924812,0.1304633057975973,0.0597624671434313,0.9950898892574408,True,True,True,True,FULL,FULL_direct_poly_rank_5
194,0.47,1.5599999999999998,0.9,0.6583333333333333,0.6583333333333333,2.1587521490528645,3.2051282051282053,2.8170854823861977,5.267358968714256,0.6583333333333333,2.217783579529803,3.2051282051282053,2.8761169128631363,5.1970904148275885,0.059031430476938596,0.059031430476938596,0.059031430476938596,0.059031430476938596,-0.07026855388666764,0.07026855388666764,0.0014872904051495,0.0010416506773458,0.9998928760249188,True,True,True,True,FULL,FULL_direct_poly_rank_5
195,0.49,2.1875,5.79,4.2505,4.2505,7.336962282580967,2.2857142857142856,11.587462282580969,5.320972461121309,4.2505,6.922464752420475,2.2857142857142856,11.172964752420476,5.598301813002033,-0.4144975301604923,0.4144975301604923,-0.4144975301604923,0.4144975301604923,0.2773293518807236,0.2773293518807236,0.0306004177270495,0.0196371470370229,0.9986911943279128,True,True,True,True,FULL,FULL_direct_poly_rank_5
196,1.09,3.86,17.51,14.9375,14.9375,16.553387035413166,1.2953367875647668,31.490887035413166,2.8169440230151195,14.9375,15.673866929952265,1.2953367875647668,30.611366929952265,2.936476010168935,-0.8795201054609016,0.8795201054609016,-0.8795201054609016,0.8795201054609016,0.11953198715381541,0.11953198715381541,0.0772019855498273,0.0444411385295574,0.9991407005414216,True,True,True,True,FULL,FULL_direct_poly_rank_5
197,0.14,2.0725,0.99,0.65575,0.65575,0.5146811885872504,2.4125452352231607,1.1704311885872505,25.510159206488257,0.65575,0.5480586745491061,2.4125452352231607,1.203808674549106,21.82251423439257,0.033377485961855635,0.033377485961855635,0.03337748596185541,0.03337748596185541,-3.6876449720956863,3.6876449720956863,0.0093608677039852,0.0047197714222879,0.9937810768913754,True,True,True,True,FULL,FULL_direct_poly_rank_5
198,0.4,2.9125,5.46,4.44825,4.44825,2.4337808805815433,1.7167381974248928,6.882030880581543,8.688241808193261,4.44825,2.3138447032786207,1.7167381974248928,6.7620947032786205,9.47717327523882,-0.11993617730292261,0.11993617730292261,-0.11993617730292261,0.11993617730292261,0.7889314670455594,0.7889314670455594,0.0362319543015667,0.0167430245026378,0.9969301811284872,True,True,True,True,FULL,FULL_direct_poly_rank_5
199,2.66,4.3725000000000005,17.29,16.490000000000002,16.490000000000002,37.39926722177272,1.1435105774728416,53.88926722177272,1.504191322919805,16.490000000000002,38.11159190777725,1.1435105774728416,54.601591907777255,1.4963761674484342,0.7123246860045356,0.7123246860045356,0.7123246860045356,0.7123246860045356,-0.007815155471370794,0.007815155471370794,0.0141053027745639,0.0084720880356646,0.9999816751929989,True,True,True,True,FULL,FULL_direct_poly_rank_5
200,1.09,1.85,0.51,0.452,0.452,3.5013968656521643,2.702702702702702,3.953396865652164,3.161464776235545,0.452,3.8413162117784,2.702702702702702,4.2933162117784,3.115508199596475,0.33991934612623576,0.33991934612623576,0.3399193461262362,0.3399193461262362,-0.04595657663906971,0.04595657663906971,0.0015706680886971,0.0009855672127127,0.9997227688882968,True,True,True,True,FULL,FULL_direct_poly_rank_5
201,4.54,28.00018033053748,3.73,3.372542584212134,3.372542584212134,0.9705608512144872,0.178570278511632,4.343103435426621,0.8969826858645201,3.372542584212134,0.8876843557187604,0.178570278511632,4.260226939930894,1.044481587119485,-0.08287649549572684,0.08287649549572684,-0.08287649549572684,0.08287649549572684,0.1474989012549649,0.1474989012549649,0.0443298234816054,0.0172811482651877,0.990838843222714,True,True,True,True,FULL,FULL_direct_poly_rank_5
202,5.68,6.0,13.66,13.51,13.51,45.684267603740025,0.8333333333333334,59.19426760374002,0.9611956816495174,13.51,32.14305332122003,0.8333333333333334,45.65305332122003,1.0282113674933604,-13.541214282519995,13.541214282519995,-13.541214282519995,13.541214282519995,0.06701568584384299,0.06701568584384299,0.1576801289196947,0.0829786471950505,0.995748703227206,True,True,True,True,FULL,FULL_direct_poly_rank_5
203,8.16,15.0,0.64,0.4826666666666666,0.4826666666666666,11.163229285157737,0.3333333333333333,11.645895951824402,0.3680224492093827,0.4826666666666666,20.4716925134163,0.3333333333333333,20.954359180082967,0.3513917442931237,9.308463228258564,9.308463228258564,9.308463228258566,9.308463228258566,-0.01663070491625901,0.01663070491625901,0.0079685626979884,0.0052392384869308,0.9962734554644485,True,True,True,True,FULL,FULL_direct_poly_rank_5
204,9.63,15.0,1.15,0.9263333333333332,0.9263333333333332,31.67109901569681,0.3333333333333333,32.59743234903014,0.356302565715436,0.9263333333333332,33.35058537292855,0.3333333333333333,34.27691870626188,0.3550505292196536,1.6794863572317382,1.6794863572317382,1.6794863572317382,1.6794863572317382,-0.001252036495782427,0.001252036495782427,0.0014596206219702,0.0009242647801532,0.9999653466061688,True,True,True,True,FULL,FULL_direct_poly_rank_5
205,8.17,15.0,1.67,1.391,1.391,14.757831874738754,0.3333333333333333,16.148831874738754,0.3859250855203011,1.391,15.228151062909289,0.3333333333333333,16.61915106290929,0.3840798065141221,0.4703191881705351,0.4703191881705351,0.4703191881705351,0.4703191881705351,-0.0018452790061789792,0.0018452790061789792,0.0017633845399023,0.0011252949053185,0.9999673097481132,True,True,True,True,FULL,FULL_direct_poly_rank_5
206,7.68,15.0,2.36,1.9943333333333333,1.9943333333333333,14.016889640854824,0.3333333333333333,16.011222974188158,0.404258783461519,1.9943333333333333,14.216307089882992,0.3333333333333333,16.210640423216326,0.4031040665221733,0.19941744902816794,0.19941744902816794,0.19941744902816794,0.19941744902816794,-0.0011547169393457124,0.0011547169393457124,0.0012747509108747,0.0008101796952209,0.9999909108238698,True,True,True,True,FULL,FULL_direct_poly_rank_5
207,12.65,17.5,2.87,2.478,2.478,85.54466261294648,0.2857142857142857,88.02266261294648,0.3027127732951231,2.478,72.70799962299911,0.2857142857142857,75.1859996229991,0.3060187887329906,-12.83666298994737,12.83666298994737,-12.83666298994737,12.83666298994737,0.0033060154378675155,0.0033060154378675155,0.0118859610018319,0.0071352140191735,0.9995936927704572,True,True,True,True,FULL,FULL_direct_poly_rank_5
209,0.55,3.75,0.015,0.014,0.014,0.0024195869070291,1.3333333333333333,0.0164195869070291,8.395940887010124,0.014,0.0024811784825853,1.3333333333333333,0.0164811784825853,8.09803956300639,6.159157555620009e-05,6.159157555620009e-05,6.159157555619965e-05,6.159157555619965e-05,-0.2979013240037336,0.2979013240037336,3.898266695391365e-05,1.4384998791730532e-05,0.9995317775250956,True,True,True,True,FULL,FULL_direct_poly_rank_5
210,0.73,3.75,0.017,0.0155,0.0155,0.0049950016940742,1.3333333333333333,0.0204950016940742,5.436911505105911,0.0155,0.004630885514567,1.3333333333333333,0.020130885514567,6.0136404769493845,-0.00036411617950720017,0.00036411617950720017,-0.00036411617950719843,0.00036411617950719843,0.5767289718434734,0.5767289718434734,0.000145792409362,6.200824999978295e-05,0.9958062388289368,True,True,True,True,FULL,FULL_direct_poly_rank_5
211,0.73,3.75,0.031,0.0205,0.0205,0.0421170527109933,1.3333333333333333,0.0626170527109933,3.3538139443417307,0.0205,0.0374933595089456,1.3333333333333333,0.0579933595089456,3.78257852723151,-0.004623693202047703,0.004623693202047703,-0.004623693202047696,0.004623693202047696,0.42876458288977926,0.42876458288977926,0.0003874978376985,0.0002519047091027,0.9931217398215152,True,True,True,True,FULL,FULL_direct_poly_rank_5
212,0.56,4.25,0.032,0.0305,0.0305,0.0032729190185453,1.1764705882352942,0.0337729190185453,9.217143579218789,0.0305,0.0037941799689738,1.1764705882352942,0.0342941799689738,7.686213712886392,0.0005212609504285002,0.0005212609504285002,0.0005212609504284954,0.0005212609504284954,-1.5309298663323965,1.5309298663323965,0.00038795721239,0.0001346551176909,0.9890780914827348,True,True,True,True,FULL,FULL_direct_poly_rank_5
213,0.61,4.25,0.036,0.032,0.032,0.0097117896904809,1.1764705882352942,0.0417117896904809,6.613265489413038,0.032,0.0097223819203377,1.1764705882352942,0.0417223819203377,6.602247759673328,1.05922298568005e-05,1.05922298568005e-05,1.059222985679703e-05,1.059222985679703e-05,-0.01101772973971027,0.01101772973971027,4.430097851460669e-06,1.838318570726999e-06,0.9999989354153496,True,True,True,True,FULL,FULL_direct_poly_rank_5
214,0.8,4.25,0.041,0.0365,0.0365,0.0146135447707714,1.1764705882352942,0.0511135447707714,4.687843076991533,0.0365,0.0136230805492541,1.1764705882352942,0.0501230805492541,5.148354749503075,-0.000990464221517301,0.000990464221517301,-0.000990464221517301,0.000990464221517301,0.4605116725115419,0.4605116725115419,0.0003264678269883,0.000145405689278,0.9962922575611192,True,True,True,True,FULL,FULL_direct_poly_rank_5
215,0.85,4.25,0.053,0.0412499999999999,0.0412499999999999,0.0449535990108785,1.1764705882352942,0.0862035990108784,3.4008265344224067,0.0412499999999999,0.0400082777857614,1.1764705882352942,0.0812582777857613,3.8937285666319967,-0.004945321225117101,0.004945321225117101,-0.004945321225117108,0.004945321225117108,0.49290203220959006,0.49290203220959006,0.0006855350838332,0.0003842903839549,0.991100622092312,True,True,True,True,FULL,FULL_direct_poly_rank_5
216,1.18,4.75,0.072,0.06875,0.06875,0.0144953537063408,1.0526315789473684,0.0832453537063408,3.803418428356459,0.06875,0.0140044886754336,1.0526315789473684,0.0827544886754336,3.937588855143666,-0.0004908650309072005,0.0004908650309072005,-0.0004908650309072005,0.0004908650309072005,0.13417042678720703,0.13417042678720703,0.000228739983913,9.686561085103988e-05,0.99951742601407,True,True,True,True,FULL,FULL_direct_poly_rank_5
217,1.07,4.75,0.082,0.07425,0.07425,0.0316745022212473,1.0526315789473684,0.1059245022212473,3.494012368300583,0.07425,0.0289903668366174,1.0526315789473684,0.1032403668366174,3.866016103984773,-0.002684135384629898,0.002684135384629898,-0.0026841353846299015,0.0026841353846299015,0.3720037356841899,0.3720037356841899,0.0007629062362871,0.0003520726219765,0.9955556280380355,True,True,True,True,FULL,FULL_direct_poly_rank_5
218,0.99,4.75,0.091,0.0815,0.0815,0.0350845623553453,1.0526315789473684,0.1165845623553453,3.740061038065954,0.0815,0.0324962728205863,1.0526315789473684,0.1139962728205863,4.103334516772397,-0.0025882895347590015,0.0025882895347590015,-0.0025882895347589946,0.0025882895347589946,0.3632734787064429,0.3632734787064429,0.0007510881998939,0.0003452616317436,0.996295959852778,True,True,True,True,FULL,FULL_direct_poly_rank_5
219,1.33,4.75,0.123,0.109,0.109,0.0845437839006371,1.0526315789473684,0.1935437839006371,2.512415047002486,0.109,0.072564589926841,1.0526315789473684,0.181564589926841,2.888812968626763,-0.011979193973796098,0.011979193973796098,-0.011979193973796098,0.011979193973796098,0.37639792162427677,0.37639792162427677,0.0018072617240686,0.0009377722239407,0.990455922958527,True,True,True,True,FULL,FULL_direct_poly_rank_5
220,0.57,3.0,0.057,0.045,0.045,0.0423378142666348,1.6666666666666667,0.0873378142666348,5.252909248352316,0.045,0.0372775006472594,1.6666666666666667,0.0822775006472594,6.188909964749618,-0.005060313619375402,0.005060313619375402,-0.005060313619375395,0.005060313619375395,0.9360007163973014,0.9360007163973014,0.0008651054218955,0.0004611154900258,0.9871940841488116,True,True,True,True,FULL,FULL_direct_poly_rank_5
221,0.74,3.0,0.052,0.0426666666666666,0.0426666666666666,0.0483380999196384,1.6666666666666667,0.091004766586305,3.990648101805694,0.0426666666666666,0.0410441145719612,1.6666666666666667,0.0837107812386278,4.67946963377225,-0.007293985347677202,0.007293985347677202,-0.007293985347677209,0.007293985347677209,0.688821531966556,0.688821531966556,0.0008616237611234,0.0004799198973782,0.9868227773137274,True,True,True,True,FULL,FULL_direct_poly_rank_5
222,1.17,3.75,0.042,0.037,0.037,0.0379972465016185,1.3333333333333333,0.0749972465016185,2.7555455668379523,0.037,0.0316189061892274,1.3333333333333333,0.0686189061892274,3.1891195938911987,-0.006378340312391102,0.006378340312391102,-0.006378340312391095,0.006378340312391095,0.43357402705324644,0.43357402705324644,0.0006925349453025,0.000375786336351,0.9887959352950136,True,True,True,True,FULL,FULL_direct_poly_rank_5
223,2.7,4.333333333333333,0.036,0.0356666666666666,0.0356666666666666,0.012315781767816,1.153846153846154,0.0479824484344826,2.0063850757344786,0.0356666666666666,0.0167789897035797,1.153846153846154,0.0524456563702463,1.7958973835535854,0.0044632079357636995,0.0044632079357636995,0.0044632079357636995,0.0044632079357636995,-0.21048769218089314,0.21048769218089314,0.0004919868845442,0.0002759919686013,0.9949948530555538,True,True,True,True,FULL,FULL_direct_poly_rank_5
224,0.75,3.5,0.022,0.02125,0.02125,0.0026705992767688,1.4285714285714286,0.0239205992767688,6.637578410976577,0.02125,0.0026678151898481,1.4285714285714286,0.0239178151898481,6.645164122970935,-2.784086920700271e-06,2.784086920700271e-06,-2.7840869206985364e-06,2.7840869206985364e-06,0.007585711994358313,0.007585711994358313,2.1099031606191336e-06,8.018847889466885e-07,0.9999995041392902,True,True,True,True,FULL,FULL_direct_poly_rank_5
225,1.15,3.5,0.021,0.02,0.02,0.0073958891535081,1.4285714285714286,0.0273958891535081,3.6113543932907137,0.02,0.0066642338001911,1.4285714285714286,0.0266642338001911,3.9343590429175688,-0.0007316553533169992,0.0007316553533169992,-0.0007316553533170018,0.0007316553533170018,0.32300464962685504,0.32300464962685504,0.0001902412361779,9.075494182740072e-05,0.9968136801413132,True,True,True,True,FULL,FULL_direct_poly_rank_5
226,1.1,3.5,0.02,0.01925,0.01925,0.004956977641193,1.4285714285714286,0.024206977641193,4.054827267846036,0.01925,0.0046367804630086,1.4285714285714286,0.0238867804630086,4.2895107132503885,-0.0003201971781843999,0.0003201971781843999,-0.000320197178184399,0.000320197178184399,0.23468344540435204,0.23468344540435204,0.0001145065793695,5.215469398817672e-05,0.998679596153544,True,True,True,True,FULL,FULL_direct_poly_rank_5
227,1.25,3.5,0.019,0.01875,0.01875,0.0019847706438796,1.4285714285714286,0.0207347706438796,4.418502888206739,0.01875,0.0023614807387445,1.4285714285714286,0.0211114807387445,3.9793556001114014,0.00037671009486489994,0.00037671009486489994,0.000376710094864903,0.000376710094864903,-0.439147288095338,0.439147288095338,0.0002026273756883,9.041958602021014e-05,0.9955859232489712,True,True,True,True,FULL,FULL_direct_poly_rank_5
228,0.7,3.0,0.059,0.0456666666666666,0.0456666666666666,0.0656740182268081,1.6666666666666667,0.1113406848934747,3.9285722676402535,0.0456666666666666,0.0562403412832418,1.6666666666666667,0.1019070079499084,4.562468388505194,-0.009433676943566303,0.009433676943566303,-0.00943367694356631,0.00943367694356631,0.6338961208649407,0.6338961208649407,0.0009223581871461,0.0005448573973197,0.9882468314754108,True,True,True,True,FULL,FULL_direct_poly_rank_5
229,0.8,3.75,0.039,0.03775,0.03775,0.0044128695173391,1.3333333333333333,0.0421628695173391,6.31959788609588,0.03775,0.0044889792361605,1.3333333333333333,0.0422389792361605,6.205581422631403,7.610971882139952e-05,7.610971882139952e-05,7.610971882139606e-05,7.610971882139606e-05,-0.11401646346447691,0.11401646346447691,5.928177693586944e-05,2.2408962706912188e-05,0.9998746937033358,True,True,True,True,FULL,FULL_direct_poly_rank_5
230,1.1,3.75,0.031,0.03025,0.03025,0.004226216061608,1.3333333333333333,0.034476216061608,4.574641618565765,0.03025,0.0042849149915194,1.3333333333333333,0.0345349149915194,4.523049071937473,5.8698929911400743e-05,5.8698929911400743e-05,5.8698929911400743e-05,5.8698929911400743e-05,-0.05159254662829138,0.05159254662829138,3.3773735812898015e-05,1.430712302191356e-05,0.9999486277773788,True,True,True,True,FULL,FULL_direct_poly_rank_5
234,0.99,3.0,0.523,0.4803333333333333,0.4803333333333333,0.3422582854093307,1.6666666666666667,0.822591618742664,3.6102895519762694,0.4803333333333333,0.2946871356984885,1.6666666666666667,0.7750204690318218,4.059586195501681,-0.0475711497108422,0.0475711497108422,-0.0475711497108422,0.0475711497108422,0.44929664352541154,0.44929664352541154,0.0068117684354138,0.0035260402943146,0.993372475782928,True,True,True,True,FULL,FULL_direct_poly_rank_5
235,1.49,3.0,0.929,0.87,0.87,1.3911680147990315,1.6666666666666667,2.261168014799032,2.4688599946843404,0.87,1.2556465268201271,1.6666666666666667,2.1256465268201272,2.5755061962336097,-0.1355214879789044,0.1355214879789044,-0.13552148797890462,0.13552148797890462,0.10664620154926929,0.10664620154926929,0.005458667569554,0.0031606398719798,0.9989470040157392,True,True,True,True,FULL,FULL_direct_poly_rank_5
236,2.48,3.5,1.278,1.2245,1.2245,4.974718816480315,1.4285714285714286,6.199218816480315,1.7047169871616714,1.2245,4.434266275767616,1.4285714285714286,5.658766275767616,1.7444893721038583,-0.5404525407126988,0.5404525407126988,-0.5404525407126988,0.5404525407126988,0.039772384942186934,0.039772384942186934,0.0054063119491979,0.0031577319499377,0.9994785210641292,True,True,True,True,FULL,FULL_direct_poly_rank_5
238,1.16,3.0,0.606,0.5299999999999999,0.5299999999999999,0.9995028593983644,1.6666666666666667,1.5295028593983642,2.6762963684092975,0.5299999999999999,0.8420350444472083,1.6666666666666667,1.3720350444472085,2.9305855316996845,-0.15746781495115603,0.15746781495115603,-0.1574678149511557,0.1574678149511557,0.254289163290387,0.254289163290387,0.0071612743929759,0.00422431744091,0.9949280348679388,True,True,True,True,FULL,FULL_direct_poly_rank_5
239,2.0,3.5,0.785,0.745,0.745,1.4880839300345443,1.4285714285714286,2.2330839300345446,1.9471028822830023,0.745,1.3159705650298794,1.4285714285714286,2.0609705650298795,2.0295794175658397,-0.1721133650046649,0.1721133650046649,-0.17211336500466512,0.17211336500466512,0.08247653528283738,0.08247653528283738,0.0049766345786688,0.0029360855120957,0.998861137319374,True,True,True,True,FULL,FULL_direct_poly_rank_5
240,1.84,3.0,1.067,0.9266666666666667,0.9266666666666667,11.34965538746409,1.6666666666666667,12.276322054130755,1.8769974838423913,0.9266666666666667,10.341643410004243,1.6666666666666667,11.268310076670913,1.9004721904448707,-1.0080119774598462,1.0080119774598462,-1.0080119774598426,1.0080119774598426,0.02347470660247941,0.02347470660247941,0.0033552623606086,0.0021137767043095,0.9997241624896596,True,True,True,True,FULL,FULL_direct_poly_rank_5
241,2.5,3.5,1.53,1.435,1.435,11.191062390354295,1.4285714285714286,12.626062390354296,1.6206039521105755,1.435,9.1532784463531,1.4285714285714286,10.5882784463531,1.6710982058700656,-2.0377839440011947,2.0377839440011947,-2.0377839440011964,2.0377839440011964,0.050494253759490126,0.050494253759490126,0.01059277169458,0.0062490194931924,0.9985583117949448,True,True,True,True,FULL,FULL_direct_poly_rank_5
242,1.28,13.0,0.381,0.236,0.236,0.2798827945510767,0.3846153846153846,0.5158827945510767,2.332154177278262,0.236,0.2802901908390568,0.3846153846153846,0.5162901908390568,2.32534376443597,0.00040739628798014405,0.00040739628798014405,0.00040739628798014405,0.00040739628798014405,-0.006810412842292113,0.006810412842292113,8.422048233754686e-05,4.6969526497988575e-05,0.9999973586852572,True,True,True,True,FULL,FULL_direct_poly_rank_5
243,1.94,13.0,1.479,1.139,1.139,0.9051763320711632,0.3846153846153846,2.0441763320711632,1.6142343389282214,1.139,0.9292013093988774,0.3846153846153846,2.068201309398878,1.5583159015075974,0.024024977327714137,0.024024977327714137,0.02402497732771458,0.02402497732771458,-0.05591843742062408,0.05591843742062408,0.0042829869715626,0.002359723972493,0.9994723900253542,True,True,True,True,FULL,FULL_direct_poly_rank_5
244,2.29,13.0,30.401,2.493,2.493,191.4872115140508,0.3846153846153846,193.9802115140508,0.5794840127037909,2.493,180.47225311407988,0.3846153846153846,182.96525311407987,0.5945263068128456,-11.014958399970936,11.014958399970936,-11.014958399970936,11.014958399970936,0.015042294109054666,0.015042294109054666,0.15927403530539,0.1339160758691917,0.999719079952216,True,True,True,True,FULL,FULL_direct_poly_rank_5
245,3.95,13.0,5.488,4.171,4.171,11.473466241634494,0.3846153846153846,15.644466241634497,0.6512771868667829,4.171,12.398967198734557,0.3846153846153846,16.569967198734556,0.626163220359134,0.9255009571000627,0.9255009571000627,0.9255009571000592,0.9255009571000592,-0.025113966507648966,0.025113966507648966,0.0256948431577908,0.017660522924666,0.9991144337042224,True,True,True,True,FULL,FULL_direct_poly_rank_5
246,0.34,13.0,0.306,0.104,0.104,0.238125551076079,0.3846153846153846,0.342125551076079,11.465962069935722,0.104,0.2430593582499008,0.3846153846153846,0.3470593582499008,10.081698876423529,0.0049338071738218026,0.0049338071738218026,0.0049338071738218026,0.0049338071738218026,-1.3842631935121936,1.3842631935121936,0.0014893317987744,0.0007501040432587,0.9992258919477998,True,True,True,True,FULL,FULL_direct_poly_rank_5
247,0.55,13.0,1.422,0.768,0.768,0.854926430267495,0.3846153846153846,1.622926430267495,6.829794290098721,0.768,0.8891137038700379,0.3846153846153846,1.657113703870038,5.871552479792166,0.03418727360254281,0.03418727360254281,0.034187273602543033,0.034187273602543033,-0.9582418103065544,0.9582418103065544,0.0106700119541326,0.0052065198664219,0.9969868166741988,True,True,True,True,FULL,FULL_direct_poly_rank_5
248,1.07,13.0,2.417,1.547,1.547,1.4889207977309928,0.3846153846153846,3.0359207977309928,3.0462519251595546,1.547,1.493132472773841,0.3846153846153846,3.0401324727738412,3.025442882794609,0.004211675042848251,0.004211675042848251,0.004211675042848473,0.004211675042848473,-0.02080904236494563,0.02080904236494563,0.0011079326568208,0.0005673430792082,0.9999871142631852,True,True,True,True,FULL,FULL_direct_poly_rank_5
249,1.08,13.0,4.482,3.316,3.316,1.9761134955053168,0.3846153846153846,5.292113495505316,3.3738748448845737,3.316,2.030465895419699,0.3846153846153846,5.346465895419699,3.1699181669519256,0.05435239991438201,0.05435239991438201,0.05435239991438223,0.05435239991438223,-0.20395667793264805,0.20395667793264805,0.0174182806545071,0.0081172796476596,0.9988053267737376,True,True,True,True,FULL,FULL_direct_poly_rank_5
250,0.1,15.0,0.367,0.136,0.136,0.2402542971419538,0.3333333333333333,0.3762542971419538,56.09759499434641,0.136,0.274783556517215,0.3333333333333333,0.410783556517215,24.691654106700646,0.03452925937526119,0.03452925937526119,0.03452925937526119,0.03452925937526119,-31.405940887645762,31.405940887645762,0.0092866123858017,0.0052498558101043,0.9732022064213752,True,True,True,True,FULL,FULL_direct_poly_rank_5
251,0.67,15.0,1.297,0.843,0.843,0.5998183417647385,0.3333333333333333,1.4428183417647384,6.0080454699914485,0.843,0.5956154467972201,0.3333333333333333,1.43861544679722,6.212371695579528,-0.004202894967518356,0.004202894967518356,-0.004202894967518356,0.004202894967518356,0.20432622558807978,0.20432622558807978,0.0018929058710334,0.0007412447154806,0.9998435433598224,True,True,True,True,FULL,FULL_direct_poly_rank_5
252,0.78,15.0,3.232,2.23,2.23,1.3862854300913423,0.3333333333333333,3.6162854300913425,5.115435733153055,2.23,1.3503824726287053,0.3333333333333333,3.5803824726287052,5.787406584229272,-0.03590295746263705,0.03590295746263705,-0.035902957462637275,0.035902957462637275,0.6719708510762166,0.6719708510762166,0.0185097200663527,0.0067202960575978,0.9973815469082014,True,True,True,True,FULL,FULL_direct_poly_rank_5
253,2.08,15.0,4.233,3.386,3.386,2.0681407318693763,0.3333333333333333,5.454140731869376,1.6219591173534793,3.386,1.975472886938947,0.3333333333333333,5.361472886938947,1.7506789802202474,-0.09266784493042923,0.09266784493042923,-0.09266784493042923,0.09266784493042923,0.12871986286676806,0.12871986286676806,0.0250668583217487,0.0120289630009564,0.9976062302184684,True,True,True,True,FULL,FULL_direct_poly_rank_5
254,0.42,15.0,0.464,0.223,0.223,0.286841251907236,0.3333333333333333,0.509841251907236,9.785018691865965,0.223,0.2835592621422808,0.3333333333333333,0.5065592621422808,10.762490163026746,-0.0032819897649551955,0.0032819897649551955,-0.0032819897649551955,0.0032819897649551955,0.977471471160781,0.977471471160781,0.0013272462430579,0.0005514017350042,0.9996094825773096,True,True,True,True,FULL,FULL_direct_poly_rank_5
255,1.34,15.0,1.532,0.812,0.812,1.3202731944591186,0.3333333333333333,2.1322731944591187,2.118955632610797,0.812,1.189659728182286,0.3333333333333333,2.001659728182286,2.8999158141455545,-0.13061346627683257,0.13061346627683257,-0.13061346627683257,0.13061346627683257,0.7809601815347578,0.7809601815347578,0.0347883580071151,0.0174856783433048,0.978003192684776,True,True,True,True,FULL,FULL_direct_poly_rank_5
256,1.56,15.0,2.845,1.821,1.821,2.049502462074934,0.3333333333333333,3.870502462074933,1.917214666999875,1.821,1.879350085201611,0.3333333333333333,3.700350085201611,2.3591226898855098,-0.17015237687332285,0.17015237687332285,-0.1701523768733222,0.1701523768733222,0.4419080228856347,0.4419080228856347,0.0438318490159276,0.0220738154837858,0.986674383197361,True,True,True,True,FULL,FULL_direct_poly_rank_5
257,1.9,15.0,4.37,3.015,3.015,3.1599174946212627,0.3333333333333333,6.174917494621263,1.5540138559861083,3.015,2.9182126952402343,0.3333333333333333,5.933212695240234,1.800124142624201,-0.2417047993810284,0.2417047993810284,-0.2417047993810284,0.2417047993810284,0.24611028663809265,0.24611028663809265,0.0516360010578233,0.0273294188410386,0.9918111467750282,True,True,True,True,FULL,FULL_direct_poly_rank_5
258,2.09,15.0,55.263,3.813,3.813,190.18212243089908,0.3333333333333333,193.99512243089907,0.7174733228095233,3.813,151.18671250882193,0.3333333333333333,154.99971250882191,0.8949642053130105,-38.99540992207716,38.99540992207716,-38.99540992207716,38.99540992207716,0.1774908825034872,0.1774908825034872,2.0150821502446825,1.5392697282857677,0.9861624317996404,True,True,True,True,FULL,FULL_direct_poly_rank_5
284,0.27,1.6652089623887931,2.655,1.3036485066778338,1.3036485066778338,4.61028992899217,3.002626164602998,5.913938435670004,7.913618795998358,1.3036485066778338,4.5785446044645335,3.002626164602998,5.882193111142367,7.969319886246025,-0.031745324527636676,0.031745324527636676,-0.031745324527636676,0.031745324527636676,0.05570109024766623,0.05570109024766623,0.0021261278830664,0.0015375542239714,0.9999807062628464,True,True,True,True,FULL,FULL_direct_poly_rank_5
285,0.5,3.083720300719987,2.417,0.6555920235894309,0.6555920235894309,7.127781251237852,1.621418128885619,7.783373274827283,3.420782268328867,0.6555920235894309,6.560462108508211,1.621418128885619,7.216054132097642,3.66441959045941,-0.5673191427296409,0.5673191427296409,-0.5673191427296409,0.5673191427296409,0.2436373221305428,0.2436373221305428,0.0245017472742474,0.0190541595994621,0.9983264674818926,True,True,True,True,FULL,FULL_direct_poly_rank_5
286,0.88,5.4273477292671775,5.477,2.848434309388562,2.848434309388562,8.806082929225237,0.9212603005031926,11.6545172386138,2.5046228694450243,2.848434309388562,8.191020518913946,0.9212603005031926,11.039454828302508,2.7146164597344447,-0.6150624103112907,0.6150624103112907,-0.6150624103112907,0.6150624103112907,0.20999359028942033,0.20999359028942033,0.0480817848533218,0.0335320804724541,0.9974756522578272,True,True,True,True,FULL,FULL_direct_poly_rank_5
287,0.29,1.7885577744175924,3.214,1.959240530267265,1.959240530267265,3.9894927128527247,2.7955484980786536,5.94873324311999,8.412171305906568,1.959240530267265,3.8385797546787055,2.7955484980786536,5.797820284945971,8.801111854743546,-0.15091295817401917,0.15091295817401917,-0.15091295817401917,0.15091295817401917,0.3889405488369775,0.3889405488369775,0.0144486117516225,0.0095431438342491,0.9991456593743248,True,True,True,True,FULL,FULL_direct_poly_rank_5
288,0.44,2.7136738646335887,3.179,1.959240530267265,1.959240530267265,3.8637545585443656,1.8425206010063853,5.822995088811631,5.589277438658442,1.959240530267265,3.50791072409545,1.8425206010063853,5.467151254362715,6.314948387809276,-0.35584383444891543,0.35584383444891543,-0.35584383444891543,0.35584383444891543,0.7256709491508335,0.7256709491508335,0.0381474938336811,0.0243540721812996,0.9938008528236232,True,True,True,True,FULL,FULL_direct_poly_rank_5
289,0.44,2.7136738646335887,5.856,2.848434309388562,2.848434309388562,10.290924987900752,1.8425206010063853,13.139359297289314,4.832563228905287,2.848434309388562,9.428509744319106,1.8425206010063853,12.276944053707668,5.315875135587193,-0.8624152435816459,0.8624152435816459,-0.8624152435816459,0.8624152435816459,0.48331190668190604,0.48331190668190604,0.063036074955597,0.044678995023022,0.9965605085662422,True,True,True,True,FULL,FULL_direct_poly_rank_5
291,0.42,2.590325052604789,4.293,1.959240530267265,1.959240530267265,8.144262348078403,1.9302596772447849,10.103502878345669,4.906645401620717,1.959240530267265,7.520779882132991,1.9302596772447849,9.480020412400256,5.332578824459724,-0.6234824659454121,0.6234824659454121,-0.623482465945413,0.623482465945413,0.42593342283900704,0.42593342283900704,0.041850839649968,0.0302422263936289,0.997415685213559,True,True,True,True,FULL,FULL_direct_poly_rank_5
292,0.27,1.6652089623887931,1.816,0.6555920235894309,0.6555920235894309,4.340373544875488,3.002626164602998,4.99596556846492,6.93036783035678,0.6555920235894309,4.411487212075808,3.002626164602998,5.067079235665239,6.83351911296881,0.07111366720031942,0.07111366720031942,0.07111366720031942,0.07111366720031942,-0.09684871738796996,0.09684871738796996,0.0034426564892764,0.0026377475264271,0.9999255220519138,True,True,True,True,FULL,FULL_direct_poly_rank_5
293,0.55,3.392092330791986,3.752,1.3488617496840016,1.3488617496840016,8.999404803617814,1.4740164808051082,10.348266553301816,3.397073578572742,1.3488617496840016,8.233367721267863,1.4740164808051082,9.582229470951864,3.693137465138195,-0.7660370823499516,0.7660370823499516,-0.7660370823499516,0.7660370823499516,0.29606388656545324,0.29606388656545324,0.0411887329088123,0.0310479083244704,0.997512903605119,True,True,True,True,FULL,FULL_direct_poly_rank_5
295,1.2,7.400928721727968,0.0307,0.0217962758401608,0.0217962758401608,0.0268208917452208,0.6755908870356747,0.0486171675853816,2.3157906832156443,0.0217962758401608,0.0270761051908495,0.6755908870356747,0.0488723810310103,2.289414499439234,0.0002552134456286978,0.0002552134456286978,0.0002552134456286978,0.0002552134456286978,-0.02637618377641049,0.02637618377641049,3.173432627277373e-05,1.9361403749973385e-05,0.9999423179607486,True,True,True,True,FULL,FULL_direct_poly_rank_5
296,2.0,12.334881202879949,0.131,0.0508579769603752,0.0508579769603752,0.2935284290129898,0.4053545322214048,0.344386405973365,0.9614433155844516,0.0508579769603752,0.3054854158610991,0.4053545322214048,0.3563433928214743,0.928322815927022,0.011956986848109308,0.011956986848109308,0.011956986848109308,0.011956986848109308,-0.03312049965742958,0.03312049965742958,0.0006011591522522,0.000458051840768,0.9995290472225328,True,True,True,True,FULL,FULL_direct_poly_rank_5
297,1.8,11.101393082591954,0.046,0.0145308505601072,0.0145308505601072,0.1222071066849876,0.4503939246904497,0.1367379572450948,0.9937795159488002,0.0145308505601072,0.1260715201555195,0.4503939246904497,0.1406023707156267,0.9690027477364224,0.003864413470531902,0.003864413470531902,0.003864413470531902,0.003864413470531902,-0.024776768212377842,0.024776768212377842,0.0001663516879627,0.0001294300968055,0.9997603859826536,True,True,True,True,FULL,FULL_direct_poly_rank_5
302,0.75,4.625580451079981,0.055,0.0153092991217785,0.0153092991217785,0.1595143577214117,1.080945419257079,0.1748236568431902,2.2969478423570417,0.0153092991217785,0.1481757175902428,1.080945419257079,0.1634850167120213,2.4423140539726154,-0.011338640131168892,0.011338640131168892,-0.011338640131168892,0.011338640131168892,0.14536621161557362,0.14536621161557362,0.0004939103949084,0.0003837069643483,0.9986621954548612,True,True,True,True,FULL,FULL_direct_poly_rank_5
303,0.91,5.612370947310377,0.041,0.0153092991217785,0.0153092991217785,0.0951653865132687,0.8908890818052851,0.1104746856350472,2.0818876302589207,0.0153092991217785,0.0909412839496844,0.8908890818052851,0.1062505830714629,2.1708428287028836,-0.004224102563584298,0.004224102563584298,-0.004224102563584298,0.004224102563584298,0.08895519844396294,0.08895519844396294,0.0002240095170035,0.0001692676703236,0.9993596487775208,True,True,True,True,FULL,FULL_direct_poly_rank_5
304,1.87,11.533113924692753,0.046,0.0153092991217785,0.0153092991217785,0.1174680513670647,0.4335342590603259,0.1327773504888432,0.9728764088168116,0.0153092991217785,0.1216991139500998,0.4335342590603259,0.1370084130718783,0.9448606519449804,0.0042310625830351,0.0042310625830351,0.0042310625830351,0.0042310625830351,-0.02801575687183122,0.02801575687183122,0.0001885768456883,0.000146095046925,0.9996776725917744,True,True,True,True,FULL,FULL_direct_poly_rank_5
305,2.17,13.383346105124744,0.042,0.0153092991217785,0.0153092991217785,0.0995579974430193,0.373598647208668,0.1148672965647978,0.8653228395367738,0.0153092991217785,0.1038515605847445,0.373598647208668,0.119160859706523,0.8347022509200803,0.004293563141725201,0.004293563141725201,0.004293563141725201,0.004293563141725201,-0.030620588616693478,0.030620588616693478,0.0002042256587239,0.0001568594854511,0.9995052199551308,True,True,True,True,FULL,FULL_direct_poly_rank_5
311,1.45,8.942788872087963,1.14,0.7935883525311068,0.7935883525311068,1.051107361858608,0.5591096996157306,1.844695714389715,1.879665749713435,0.7935883525311068,1.0803389021422571,0.5591096996157306,1.873927254673364,1.8200744363579235,0.02923154028364916,0.02923154028364916,0.02923154028364916,0.02923154028364916,-0.05959131335551149,0.05959131335551149,0.0033602131265224,0.0021012080400484,0.9995445199606474,True,True,True,True,FULL,FULL_direct_poly_rank_5
314,1.8,11.101393082591954,3.8,2.3726672172613705,2.3726672172613705,4.501119428750482,0.4503939246904497,6.873786646011853,1.379736428464202,2.3726672172613705,4.556929059990595,0.4503939246904497,6.9295962772519655,1.3607050263828897,0.05580963124011262,0.05580963124011262,0.05580963124011262,0.05580963124011262,-0.019031402081312265,0.019031402081312265,0.0051949611571688,0.0034591262184863,0.999917778270928,True,True,True,True,FULL,FULL_direct_poly_rank_5
316,1.1,6.784184661583972,1.23,0.5909609098097346,0.5909609098097346,2.195000047586552,0.7370082404025541,2.7859609573962865,1.920963652491806,0.5909609098097346,2.149392775327261,0.7370082404025541,2.7403536851369954,1.9624110357569016,-0.045607272259291065,0.045607272259291065,-0.045607272259291065,0.045607272259291065,0.04144738326509567,0.04144738326509567,0.0030267677463982,0.0021931224351189,0.9998233549647676,True,True,True,True,FULL,FULL_direct_poly_rank_5
317,0.75,4.625580451079981,0.94,0.7727950359050375,0.7727950359050375,0.4751593936736535,1.080945419257079,1.247954429578691,4.459377299507828,0.7727950359050375,0.4501997247223819,1.080945419257079,1.2229947606274194,4.8196436680093235,-0.024959668951271607,0.024959668951271607,-0.024959668951271663,0.024959668951271663,0.3602663685014953,0.3602663685014953,0.0060346806829847,0.0029637487846364,0.9973910490770628,True,True,True,True,FULL,FULL_direct_poly_rank_5
320,1.3,8.017672781871967,3.7,1.9806931592524069,1.9806931592524069,5.70674005649928,0.6236223572636995,7.687433215751687,1.723838260148718,1.9806931592524069,5.651861490757099,0.6236223572636995,7.632554650009506,1.741629730604715,-0.05487856574218064,0.05487856574218064,-0.05487856574218153,0.05487856574218153,0.01779147045599694,0.01779147045599694,0.0041165652861056,0.0029009315050504,0.9999576118818924,True,True,True,True,FULL,FULL_direct_poly_rank_5
321,1.5,9.25116090215996,2.94,0.5553062574145964,0.5553062574145964,10.568278952724356,0.5404727096285398,11.123585210138952,1.04691166819964,0.5553062574145964,10.227985565414876,0.5404727096285398,10.783291822829472,1.071283838049922,-0.34029338730947956,0.34029338730947956,-0.34029338730947956,0.34029338730947956,0.02437216985028212,0.02437216985028212,0.0112885714844445,0.0090153530448668,0.9998046777318824,True,True,True,True,FULL,FULL_direct_poly_rank_5
322,1.7,10.484649022447956,1.47,1.1106125148291928,1.1106125148291928,1.0572811334663703,0.4768876849663586,2.1678936482955633,1.7502458150213789,1.1106125148291928,1.1045019258611917,0.4768876849663586,2.2151144406903844,1.6607117739787038,0.047220792394821354,0.047220792394821354,0.04722079239482113,0.04722079239482113,-0.08953404104267504,0.08953404104267504,0.0066775240889248,0.0039083721525376,0.9987901899135224,True,True,True,True,FULL,FULL_direct_poly_rank_5
323,1.7,10.484649022447956,7.35,2.2212250296583855,2.2212250296583855,20.160376750419932,0.4768876849663586,22.381601780078316,1.0379375597762583,2.2212250296583855,20.010744557346765,0.4768876849663586,22.23196958700515,1.044288548076115,-0.14963219307316677,0.14963219307316677,-0.14963219307316677,0.14963219307316677,0.006350988299856697,0.006350988299856697,0.006473186648702,0.0050335417503826,0.9999862987031698,True,True,True,True,FULL,FULL_direct_poly_rank_5
327,0.1,0.6167440601439975,0.08,0.0796743371481683,0.0796743371481683,0.0008090983306987,8.107090644428094,0.080483435478867,77.68977402204777,0.0796743371481683,0.0073249772343432,8.107090644428094,0.0869993143825115,33.90692158635851,0.0065158789036445005,0.0065158789036445005,0.006515878903644509,0.006515878903644509,-43.782852435689264,43.782852435689264,0.0044807792754903,0.00160562050771,0.7691990423676128,True,True,True,True,FULL,FULL_direct_poly_rank_5
329,1.2,7.400928721727968,0.024,0.0202072594216368,0.0202072594216368,0.010665146237602,0.6755908870356747,0.0308724056592388,2.9023919692701785,0.0202072594216368,0.0112270191647826,0.6755908870356747,0.0314342785864194,2.72260068597197,0.0005618729271806011,0.0005618729271806011,0.0005618729271806011,0.0005618729271806011,-0.1797912832982087,0.1797912832982087,0.0001236838818631,6.261135085088987e-05,0.9982982068554086,True,True,True,True,FULL,FULL_direct_poly_rank_5
330,1.1,6.784184661583972,0.025,0.0202072594216368,0.0202072594216368,0.0137190748784508,0.7370082404025541,0.0339263343000876,2.9611290302817843,0.0202072594216368,0.0139473184687076,0.7370082404025541,0.0341545778903445,2.8992046644727365,0.00022824359025680127,0.00022824359025680127,0.00022824359025689495,0.00022824359025689495,-0.06192436580904781,0.06192436580904781,4.380234956051852e-05,2.3193064577431804e-05,0.9998078679456154,True,True,True,True,FULL,FULL_direct_poly_rank_5
331,1.25,7.709300751799968,0.047,0.0398371685740841,0.0398371685740841,0.0200809505252075,0.6485672515542477,0.0599181190992916,2.820311710406355,0.0398371685740841,0.0213921390309775,0.6485672515542477,0.0612293076050616,2.6092283437404515,0.0013111885057700001,0.0013111885057700001,0.0013111885057700001,0.0013111885057700001,-0.21108336666590333,0.21108336666590333,0.0002931367585124,0.0001476368260248,0.9975009092634046,True,True,True,True,FULL,FULL_direct_poly_rank_5
332,1.2,7.400928721727968,0.05,0.0398371685740841,0.0398371685740841,0.0292663957131568,0.6755908870356747,0.0691035642872409,2.6576864448773354,0.0398371685740841,0.0301436547030923,0.6755908870356747,0.0699808232771764,2.5612316877295367,0.000877258989935497,0.000877258989935497,0.0008772589899355004,0.0008772589899355004,-0.09645475714779872,0.09645475714779872,0.0001544875270783,8.414357734975321e-05,0.9994092315315344,True,True,True,True,FULL,FULL_direct_poly_rank_5
333,1.6,9.86790496230396,0.093,0.0796743371481683,0.0796743371481683,0.0371742575975103,0.5066931652767559,0.1168485947456786,2.2486028629786348,0.0796743371481683,0.0411975563389533,0.5066931652767559,0.1208718934871216,1.992258527889395,0.004023298741442999,0.004023298741442999,0.004023298741442999,0.004023298741442999,-0.2563443350892398,0.2563443350892398,0.0008934882950372,0.0004508077096644,0.994049397859879,True,True,True,True,FULL,FULL_direct_poly_rank_5
334,2.5,15.418601503599936,0.1,0.0796743371481683,0.0796743371481683,0.0585327914263222,0.3242836257771238,0.1382071285744905,1.275689493540873,0.0796743371481683,0.0577804930361526,0.3242836257771238,0.1374548301843209,1.2977149309135825,-0.0007522983901696034,0.0007522983901696034,-0.0007522983901696034,0.0007522983901696034,0.022025437372709566,0.022025437372709566,0.0001435315743053,7.61457998101056e-05,0.9998725131560192,True,True,True,True,FULL,FULL_direct_poly_rank_5
335,1.8,11.101393082591954,0.233,0.1991858428704208,0.1991858428704208,0.0944249962521731,0.4503939246904497,0.2936108391225939,1.9904398436807709,0.1991858428704208,0.103990979098893,0.4503939246904497,0.3031768219693138,1.7752605168778293,0.009565982846719903,0.009565982846719903,0.00956598284671989,0.00956598284671989,-0.2151793268029416,0.2151793268029416,0.0021198182950468,0.0010703691539555,0.9946671314444562,True,True,True,True,FULL,FULL_direct_poly_rank_5
336,4.0,24.669762405759897,0.251,0.1991858428704208,0.1991858428704208,0.1494580982300445,0.2026772661107024,0.3486439411004653,0.792806515114832,0.1991858428704208,0.1365833897415174,0.2026772661107024,0.3357692326119382,0.90750901434327,-0.012874708488527092,0.012874708488527092,-0.01287470848852712,0.01287470848852712,0.114702499228438,0.114702499228438,0.0028727316223897,0.0014469949981848,0.9919214411669024,True,True,True,True,FULL,FULL_direct_poly_rank_5
337,1.13,6.96920787962717,0.045,0.0153092991217785,0.0153092991217785,0.1129415099906837,0.7174416499493891,0.1282508091124622,1.6219045254507285,0.0153092991217785,0.1108795343780378,0.7174416499493891,0.1261888334998163,1.6480091336143392,-0.0020619756126459,0.0020619756126459,-0.0020619756126459,0.0020619756126459,0.02610460816361071,0.02610460816361071,9.851481925302643e-05,7.56217689343616e-05,0.9999062066043316,True,True,True,True,FULL,FULL_direct_poly_rank_5
338,1.74,10.731346646505555,0.033,0.0153092991217785,0.0153092991217785,0.0614267591501006,0.4659247496797756,0.0767360582718792,1.1936384711708052,0.0153092991217785,0.0637907595405785,0.4659247496797756,0.079100058662357,1.1514695522786271,0.002364000390477898,0.002364000390477898,0.002364000390477808,0.002364000390477808,-0.04216891889217811,0.04216891889217811,0.0001413455211484,0.0001045844274271,0.9994900527951563,True,True,True,True,FULL,FULL_direct_poly_rank_5
339,2.13,13.136648481067144,0.035,0.0153092991217785,0.0153092991217785,0.0696089127687665,0.3806145842454505,0.084918211890545,0.9488333573269884,0.0153092991217785,0.0723519070994484,0.3806145842454505,0.0876612062212269,0.9154591636065664,0.002742994330681897,0.002742994330681897,0.002742994330681897,0.002742994330681897,-0.03337419372042194,0.03337419372042194,0.0001542325428223,0.0001154023363159,0.99950021212856,True,True,True,True,FULL,FULL_direct_poly_rank_5
340,3.5,21.58604210503991,0.026,0.0153092991217785,0.0153092991217785,0.0343911652377439,0.2316311612693741,0.0497004643595224,0.6801344819537776,0.0153092991217785,0.0348908247859172,0.2316311612693741,0.0502001239076957,0.6695122614869462,0.0004996595481732979,0.0004996595481732979,0.0004996595481733049,0.0004996595481733049,-0.010622220466831367,0.010622220466831367,4.189422099673267e-05,2.870408849506293e-05,0.9998963732686934,True,True,True,True,FULL,FULL_direct_poly_rank_5
341,1.13,6.96920787962717,0.055,0.0153092991217785,0.0153092991217785,0.1595143577209842,0.7174416499493891,0.1748236568427627,1.524522904222498,0.0153092991217785,0.1549964621068069,0.7174416499493891,0.1703057612285854,1.5601954909351656,-0.004517895614177314,0.004517895614177314,-0.004517895614177286,0.004517895614177286,0.03567258671266771,0.03567258671266771,0.0001884125041682,0.0001471411329862,0.9998053224922998,True,True,True,True,FULL,FULL_direct_poly_rank_5
342,1.22,7.524277533756768,0.039,0.0153092991217785,0.0153092991217785,0.0864894320112215,0.6645156265924669,0.101798731133,1.5829859963913084,0.0153092991217785,0.0862691576532657,0.6645156265924669,0.1015784567750442,1.5866673784184433,-0.00022027435795579642,0.00022027435795579642,-0.00022027435795579642,0.00022027435795579642,0.0036813820271348607,0.0036813820271348607,1.1674437173636615e-05,8.822873247147003e-06,0.9999979714811296,True,True,True,True,FULL,FULL_direct_poly_rank_5
343,1.45,8.942788872087963,0.034,0.0153092991217785,0.0153092991217785,0.0654950286258003,0.5591096996157306,0.0808043277475788,1.4123161332544465,0.0153092991217785,0.0670368405064549,0.5591096996157306,0.0823461396282334,1.3814361065227927,0.0015418118806546088,0.0015418118806546088,0.001541811880654595,0.001541811880654595,-0.030880026731653798,0.030880026731653798,9.073168372225969e-05,6.733631429612817e-05,0.9998097551263796,True,True,True,True,FULL,FULL_direct_poly_rank_5
344,2.17,13.383346105124744,0.028,0.0153092991217785,0.0153092991217785,0.0418356081902535,0.373598647208668,0.057144907312032,1.0458293131757963,0.0153092991217785,0.0430400540380902,0.373598647208668,0.0583493531598687,1.0154564398437973,0.001204445847836702,0.001204445847836702,0.001204445847836702,0.001204445847836702,-0.030372873331999006,0.030372873331999006,8.882111716220593e-05,6.284547897595773e-05,0.9996437898351834,True,True,True,True,FULL,FULL_direct_poly_rank_5
345,0.6,3.700464360863984,0.062,0.0153092991217785,0.0153092991217785,0.1936315334445874,1.3511817740713494,0.2089408325663659,2.78103428223211,0.0153092991217785,0.1776469339146235,1.3511817740713494,0.192956233036402,2.9799766180657388,-0.015984599529963894,0.015984599529963894,-0.015984599529963894,0.015984599529963894,0.19894233583362864,0.19894233583362864,0.0006512813503614,0.0005099063252316,0.9983117573830992,True,True,True,True,FULL,FULL_direct_poly_rank_5
346,0.7,4.317208421007981,0.05,0.0153092991217785,0.0153092991217785,0.1358772828198478,1.1581558063468709,0.1511865819416263,2.530764500816095,0.0153092991217785,0.126098165376616,1.1581558063468709,0.1414074644983945,2.699823317493009,-0.009779117443231788,0.009779117443231788,-0.009779117443231788,0.009779117443231788,0.16905881667691425,0.16905881667691425,0.0004562296422684,0.0003513178657477,0.9985136327986937,True,True,True,True,FULL,FULL_direct_poly_rank_5
347,0.9,5.550696541295977,0.034,0.0153092991217785,0.0153092991217785,0.0654950141480271,0.9007878493808994,0.0808043132698056,2.275398701589776,0.0153092991217785,0.062597764728738,0.9007878493808994,0.0779070638505165,2.381354895158998,-0.002897249419289094,0.002897249419289094,-0.002897249419289094,0.002897249419289094,0.10595619356922192,0.10595619356922192,0.0001839468197593,0.0001345096766037,0.9992180488900668,True,True,True,True,FULL,FULL_direct_poly_rank_5
348,1.8,11.101393082591954,0.027,0.0153092991217785,0.0153092991217785,0.038082793731829,0.4503939246904497,0.0533920928536075,1.2897687725693818,0.0153092991217785,0.0395712612723505,0.4503939246904497,0.054880560394129,1.2389646103647447,0.0014884675405215028,0.0014884675405215028,0.0014884675405215028,0.0014884675405215028,-0.05080416220463713,0.05080416220463713,0.00011425937685,8.006199684784839e-05,0.9993280292100012,True,True,True,True,FULL,FULL_direct_poly_rank_5
349,1.13,6.96920787962717,0.043,0.0153092991217785,0.0153092991217785,0.1039855497101338,0.7174416499493891,0.1192948488319123,1.6477168177591195,0.0153092991217785,0.1022634958109168,0.7174416499493891,0.1175727949326953,1.672174875069587,-0.0017220538992169937,0.0017220538992169937,-0.0017220538992169937,0.0017220538992169937,0.024458057310467574,0.024458057310467574,8.51810856149079e-05,6.506252542546828e-05,0.9999197887600546,True,True,True,True,FULL,FULL_direct_poly_rank_5
350,1.37,8.449393623972766,0.041,0.0153092991217785,0.0153092991217785,0.0951653865075495,0.591758441199131,0.110474685629328,1.3828596668882291,0.0153092991217785,0.0962792639448137,0.591758441199131,0.1115885630665922,1.368745932801778,0.0011138774372642102,0.0011138774372642102,0.0011138774372642102,0.0011138774372642102,-0.014113734086451224,0.014113734086451224,5.5713910345418914e-05,4.248530995387039e-05,0.999960389293768,True,True,True,True,FULL,FULL_direct_poly_rank_5
351,1.67,10.299625804404757,0.032,0.0153092991217785,0.0153092991217785,0.057405854043788,0.4854545296064728,0.0727151531655665,1.2626030593869657,0.0153092991217785,0.0595133776543978,0.4854545296064728,0.0748226767761763,1.2193180867236817,0.002107523610609799,0.002107523610609799,0.002107523610609799,0.002107523610609799,-0.043284972663284016,0.043284972663284016,0.0001305527402744,9.594049044939616e-05,0.999517346272774,True,True,True,True,FULL,FULL_direct_poly_rank_5
352,2.91,17.947252150190327,0.03,0.0153092991217785,0.0153092991217785,0.0495137718239397,0.2785941802208967,0.0648230709457182,0.7494886652754336,0.0153092991217785,0.0503352204089054,0.2785941802208967,0.0656445195306839,0.7370874168947192,0.0008214485849657033,0.0008214485849657033,0.0008214485849657033,0.0008214485849657033,-0.012401248380714325,0.012401248380714325,5.611406411456562e-05,4.040549458763699e-05,0.999888625923837,True,True,True,True,FULL,FULL_direct_poly_rank_5
353,0.9,5.550696541295977,0.037,0.0153092991217785,0.0153092991217785,0.0779670989319231,0.9007878493808994,0.0932763980537016,2.192227389199339,0.0153092991217785,0.074499270858122,0.9007878493808994,0.0898085699799005,2.2907395490042264,-0.0034678280738011102,0.0034678280738011102,-0.0034678280738010964,0.0034678280738010964,0.09851215980488748,0.09851215980488748,0.0002020410813187,0.0001502130189452,0.9992829967009588,True,True,True,True,FULL,FULL_direct_poly_rank_5
354,1.05,6.475812631511974,0.032,0.0153092991217785,0.0153092991217785,0.0574058541682785,0.7721038708979138,0.0727151532900571,2.0081400996379837,0.0153092991217785,0.0561454881798494,0.7721038708979138,0.0714547873016279,2.053931130683882,-0.0012603659884291019,0.0012603659884291019,-0.001260365988429199,0.001260365988429199,0.04579103104589821,0.04579103104589821,8.335144040830176e-05,6.043957699004072e-05,0.9998032612540152,True,True,True,True,FULL,FULL_direct_poly_rank_5
355,1.15,7.09255669165597,0.028,0.0153092991217785,0.0153092991217785,0.0418356081862674,0.7049644038633127,0.0571449073080459,1.9734344433232216,0.0153092991217785,0.0415456870872801,0.7049644038633127,0.0568549862090586,1.98819419246428,-0.000289921098987303,0.000289921098987303,-0.000289921098987303,0.000289921098987303,0.014759749141058487,0.014759749141058487,2.2323280023433033e-05,1.5631343664930606e-05,0.9999774996196296,True,True,True,True,FULL,FULL_direct_poly_rank_5
356,1.4,8.634416842015963,0.024,0.0153092991217785,0.0153092991217785,0.0272042150777216,0.5790779031734354,0.0425135141995001,1.8037445140554815,0.0153092991217785,0.0279094890731207,0.5790779031734354,0.0432187881948992,1.752541089210495,0.0007052739953990993,0.0007052739953990993,0.0007052739953991027,0.0007052739953991027,-0.051203424844986634,0.051203424844986634,6.713740542170016e-05,4.441903653601064e-05,0.9996432942639468,True,True,True,True,FULL,FULL_direct_poly_rank_5
357,0.75,4.625580451079981,0.028,0.0153092991217785,0.0153092991217785,0.0418356081843982,1.080945419257079,0.0571449073061767,3.0259328132395527,0.0153092991217785,0.0389755327935318,1.080945419257079,0.0542848319153103,3.280641977542827,-0.0028600753908663984,0.0028600753908663984,-0.0028600753908663984,0.0028600753908663984,0.25470916430327417,0.25470916430327417,0.0002396648480629,0.0001641855197514,0.9974065222515416,True,True,True,True,FULL,FULL_direct_poly_rank_5
358,1.15,7.09255669165597,0.026,0.0153092991217785,0.0153092991217785,0.0343911653190034,0.7049644038633127,0.0497004644407819,2.0699745048837284,0.0153092991217785,0.0341794538559866,0.7049644038633127,0.0494887529777651,2.0842473768884338,-0.00021171146301680183,0.00021171146301680183,-0.0002117114630167949,0.0002117114630167949,0.014272872004705395,0.014272872004705395,1.8238156192879215e-05,1.2406340295689123e-05,0.99998036072633,True,True,True,True,FULL,FULL_direct_poly_rank_5
359,1.1,6.784184661583972,0.024,0.0153092991217785,0.0153092991217785,0.0272042141314279,0.7370082404025541,0.0425135132532064,2.2956749282231264,0.0153092991217785,0.0268780101247796,0.7370082404025541,0.0421873092465581,2.328264365072284,-0.00032620400664830004,0.00032620400664830004,-0.0003262040066483035,0.0003262040066483035,0.032589436849157494,0.032589436849157494,3.275485725608636e-05,2.1338790020945016e-05,0.9999150951669687,True,True,True,True,FULL,FULL_direct_poly_rank_5
360,1.2,7.400928721727968,0.022,0.0153092991217785,0.0153092991217785,0.0203041095024898,0.6755908870356747,0.0356134086242683,2.2704692840433656,0.0153092991217785,0.0204616303485649,0.6755908870356747,0.0357709294703434,2.249527038840808,0.00015752084607510014,0.00015752084607510014,0.00015752084607510014,0.00015752084607510014,-0.020942245202557608,0.020942245202557608,1.8645437076081543e-05,1.1553889581348096e-05,0.9999623637840112,True,True,True,True,FULL,FULL_direct_poly_rank_5
