sample_id,u_peak,u_r,tau_peak,tau_r,true_a,true_b,true_c,true_d,true_e,estimated_a,estimated_b,estimated_c,estimated_d,estimated_e,error_b,abs_error_b,error_d,abs_error_d,error_e,abs_error_e,curve_rmse_tau_u,curve_mae_tau_u,curve_r2_tau_u,curve_valid,e_constraint_respected,d_positive,b_positive,dataset,model_name
7,0.72,2.75,0.044,0.03175,0.03175,0.0801325410005739,1.818181818181818,0.1118825410005739,3.441242286799551,0.03175,0.0555675463455498,1.818181818181818,0.0873175463455498,4.799241215637837,-0.024564994655024104,0.024564994655024104,-0.024564994655024097,0.024564994655024097,1.3579989288382857,1.3579989288382857,0.0017913212135253,0.0010838314199,0.9304123261177132,True,True,True,True,FULL,FULL_direct_exp_rank_3
8,0.92,3.0,0.035,0.02825,0.02825,0.0557241852265918,1.6666666666666667,0.0839741852265918,3.007954906577982,0.02825,0.0399169831311939,1.6666666666666667,0.0681669831311939,3.911812060221246,-0.015807202095397904,0.015807202095397904,-0.01580720209539789,0.01580720209539789,0.9038571536432642,0.9038571536432642,0.0011486573270713,0.0006663350177158,0.9551893197335306,True,True,True,True,FULL,FULL_direct_exp_rank_3
9,0.97,3.0,0.029,0.0255,0.0255,0.0288872445152351,1.6666666666666667,0.0543872445152351,3.290221199159674,0.0255,0.0246520840166909,1.6666666666666667,0.0501520840166909,3.6930248303287208,-0.004235160498544201,0.004235160498544201,-0.004235160498544201,0.004235160498544201,0.4028036311690468,0.4028036311690468,0.0003835869100853,0.0002132887190932,0.9929483904872451,True,True,True,True,FULL,FULL_direct_exp_rank_3
11,0.78,3.5,0.05,0.0417499999999999,0.0417499999999999,0.0354980845491272,1.4285714285714286,0.0772480845491271,4.004659571873231,0.0417499999999999,0.0290497537363018,1.4285714285714286,0.0707997537363017,5.142199744964575,-0.006448330812825403,0.006448330812825403,-0.006448330812825406,0.006448330812825406,1.1375401730913444,1.1375401730913444,0.0012349058876114,0.0006229528184863,0.9685101657381148,True,True,True,True,FULL,FULL_direct_exp_rank_3
12,1.25,3.5,0.04,0.034,0.034,0.0670624339164287,1.4285714285714286,0.1010624339164287,2.366794324621144,0.034,0.0465680459602688,1.4285714285714286,0.0805680459602688,3.037326905941409,-0.020494387956159904,0.020494387956159904,-0.020494387956159904,0.020494387956159904,0.6705325813202654,0.6705325813202654,0.0013360272570445,0.0007618525033568,0.9573258449423928,True,True,True,True,FULL,FULL_direct_exp_rank_3
13,1.8,4.0,0.035,0.033,0.033,0.0334302203204883,1.25,0.0664302203204883,2.0972939397426664,0.033,0.0325629946124764,1.25,0.0655629946124764,2.1243663830668416,-0.0008672257080118984,0.0008672257080118984,-0.0008672257080118984,0.0008672257080118984,0.027072443324175133,0.027072443324175133,5.593248762690834e-05,3.1361137520718e-05,0.999918687466846,True,True,True,True,FULL,FULL_direct_exp_rank_3
15,1.64,10.5,4.17,3.725,3.725,1.1700588885069725,0.4761904761904761,4.895058888506973,2.4309486751406535,3.725,0.97847173865306,0.4761904761904761,4.70347173865306,4.464219714532641,-0.19158714985391245,0.19158714985391245,-0.19158714985391256,0.19158714985391256,2.0332710393919875,2.0332710393919875,0.1912079528768126,0.0632841183519206,0.8601471928638371,True,True,True,True,FULL,FULL_direct_exp_rank_3
16,1.61,10.5,13.41,12.8475,12.8475,1.3946189571869354,0.4761904761904761,14.242118957186936,3.178145408783804,12.8475,1.2389567094346372,0.4761904761904761,14.086456709434636,4.337119987487986,-0.1556622477522982,0.1556622477522982,-0.15566224775229998,0.15566224775229998,1.158974578704182,1.158974578704182,0.2900478593285374,0.0858933968139867,0.9683322668282598,True,True,True,True,FULL,FULL_direct_exp_rank_3
17,2.76,10.5,3.72,3.5425,3.5425,0.8694826394566157,0.4761904761904761,4.411982639456616,1.5814976920825412,3.5425,0.6859749681871699,0.4761904761904761,4.22847496818717,2.3307717351977337,-0.1835076712694459,0.1835076712694459,-0.1835076712694459,0.1835076712694459,0.7492740431151925,0.7492740431151925,0.1383786604822993,0.0548429402209734,0.9366663136211076,True,True,True,True,FULL,FULL_direct_exp_rank_3
18,3.07,10.5,12.57,12.4375,12.4375,0.7124450836759753,0.4761904761904761,13.149945083675975,1.9539451798171723,12.4375,0.6161467033944295,0.4761904761904761,13.05364670339443,2.326646593292379,-0.0962983802815458,0.0962983802815458,-0.0962983802815458,0.0962983802815458,0.3727014134752067,0.3727014134752067,0.2000994204664035,0.0738554400208152,0.9883181135767264,True,True,True,True,FULL,FULL_direct_exp_rank_3
19,1.55,12.0,1.02,0.8525,0.8525,0.3782821788444106,0.4166666666666667,1.2307821788444109,2.3791759662313843,0.8525,0.3202778574150045,0.4166666666666667,1.1727778574150045,5.1541173220534855,-0.05800432142940615,0.05800432142940615,-0.05800432142940637,0.05800432142940637,2.774941355822101,2.774941355822101,0.0548935430533792,0.0174647048942276,0.7869411372322075,True,True,True,True,FULL,FULL_direct_exp_rank_3
20,1.71,12.0,2.57,1.7327500000000002,1.7327500000000002,2.210315622373947,0.4166666666666667,3.9430656223739473,1.6207235717983703,1.7327500000000002,1.7110748279285826,0.4166666666666667,3.443824827928583,4.390646814658785,-0.4992407944453645,0.4992407944453645,-0.4992407944453645,0.4992407944453645,2.769923242860415,2.769923242860415,0.2163513244984349,0.0860020428412843,0.6225031733484042,True,True,True,True,FULL,FULL_direct_exp_rank_3
21,1.67,12.0,7.53,5.32,5.32,5.617172562155661,0.4166666666666667,10.93717256215566,1.7473164085592403,5.32,4.45671447313873,0.4166666666666667,9.77671447313873,3.995037116026878,-1.160458089016931,1.160458089016931,-1.1604580890169292,1.1604580890169292,2.2477207074676375,2.2477207074676375,0.5118304990001009,0.2038096260816993,0.7314073213237895,True,True,True,True,FULL,FULL_direct_exp_rank_3
22,1.67,12.0,19.67,18.994999999999997,18.994999999999997,1.5273740416856256,0.4166666666666667,20.522374041685623,3.2739688179792332,18.994999999999997,1.3863574698501893,0.4166666666666667,20.381357469850187,4.269479371843041,-0.14101657183543637,0.14101657183543637,-0.14101657183543637,0.14101657183543637,0.995510553863808,0.995510553863808,0.3390072530412626,0.0930436429103101,0.9785214969609598,True,True,True,True,FULL,FULL_direct_exp_rank_3
23,0.84,16.0,8.44,7.47,7.47,1.3255582927799532,0.3125,8.795558292779953,6.166176834932969,7.47,1.2727840516768767,0.3125,8.742784051676876,8.198058741691758,-0.05277424110307649,0.05277424110307649,-0.05277424110307649,0.05277424110307649,2.031881906758789,2.031881906758789,0.0902462117970845,0.0189449713255737,0.987724945359679,True,True,True,True,FULL,FULL_direct_exp_rank_3
24,1.81,16.0,7.62,7.29,7.29,0.6419185077225471,0.3125,7.931918507722547,3.0024433868829834,7.29,0.5851196082031143,0.3125,7.875119608203114,4.4843497271673,-0.056798899519432844,0.056798899519432844,-0.056798899519432844,0.056798899519432844,1.4819063402843162,1.4819063402843162,0.1743113845040828,0.0420546795697086,0.9575971226024722,True,True,True,True,FULL,FULL_direct_exp_rank_3
27,0.87,3.25,2.35,1.9075,1.9075,2.7034029995062916,1.5384615384615383,4.610902999506291,3.276941309100947,1.9075,2.054679126775336,1.5384615384615383,3.962179126775336,4.272063431006271,-0.6487238727309554,0.6487238727309554,-0.6487238727309554,0.6487238727309554,0.9951221219053239,0.9951221219053239,0.0703558357700291,0.0390869801282359,0.959345333029714,True,True,True,True,FULL,FULL_direct_exp_rank_3
28,0.13,1.325,1.02,0.6675,0.6675,0.6738254010838505,3.7735849056603774,1.3413254010838505,23.891608655167115,0.6675,1.0473696245062378,3.7735849056603774,1.7148696245062378,13.703201235287164,0.37354422342238736,0.37354422342238736,0.37354422342238736,0.37354422342238736,-10.188407419879951,10.188407419879951,0.0488261052681646,0.0320989572349853,0.8628658681572348,True,True,True,True,FULL,FULL_direct_exp_rank_3
29,0.6,2.425,4.93,4.2975,4.2975,3.110870023650559,2.061855670103093,7.408370023650559,5.517814597970529,4.2975,3.1515460688754535,2.061855670103093,7.449046068875454,5.455705558525637,0.04067604522489443,0.04067604522489443,0.04067604522489443,0.04067604522489443,-0.06210903944489132,0.06210903944489132,0.0053856984474708,0.0029263226970602,0.9999424003020192,True,True,True,True,FULL,FULL_direct_exp_rank_3
30,2.17,3.85,16.37,14.955,14.955,60.674147880173095,1.2987012987012987,75.6291478801731,1.6284330431129306,14.955,51.29794409923784,1.2987012987012987,66.25294409923784,1.702202711480968,-9.376203780935256,9.376203780935256,-9.376203780935256,9.376203780935256,0.07376966836803733,0.07376966836803733,0.1290492605183452,0.0785073576576533,0.9981567151149678,True,True,True,True,FULL,FULL_direct_exp_rank_3
31,0.24,1.275,0.66,0.475,0.475,0.6758571313827281,3.9215686274509807,1.150857131382728,11.17767536247715,0.475,0.8777212704440086,3.9215686274509807,1.3527212704440086,8.961279304992141,0.20186413906128053,0.20186413906128053,0.20186413906128053,0.20186413906128053,-2.2163960574850083,2.2163960574850083,0.0139816879298735,0.0096216916791032,0.9772904142922756,True,True,True,True,FULL,FULL_direct_exp_rank_3
32,0.3,2.175,4.71,4.1925,4.1925,1.211168346774408,2.298850574712644,5.403668346774408,13.642584509493682,4.1925,1.369664408298279,2.298850574712644,5.562164408298279,11.63182158056346,0.15849606152387086,0.15849606152387086,0.15849606152387086,0.15849606152387086,-2.0107629289302213,2.0107629289302213,0.053947498808593,0.0238961114539543,0.9905388750113316,True,True,True,True,FULL,FULL_direct_exp_rank_3
33,2.26,4.125,16.14,11.3475,11.3475,422.7987490320256,1.2121212121212122,434.1462490320256,1.3091974223177918,11.3475,151.97616938094237,1.2121212121212122,163.32366938094236,1.5402608392576234,-270.8225796510833,270.8225796510833,-270.82257965108323,270.82257965108323,0.23106341693983157,0.23106341693983157,0.9262416957460726,0.5865199893142746,0.9354445425790056,True,True,True,True,FULL,FULL_direct_exp_rank_3
34,0.47,1.525,1.07,0.6975,0.6975,4.0455139668571585,3.278688524590164,4.743013966857158,4.812842755740618,0.6975,2.9856773273452992,3.278688524590164,3.683177327345299,5.584029677901379,-1.0598366395118592,1.0598366395118592,-1.0598366395118592,1.0598366395118592,0.7711869221607603,0.7711869221607603,0.0227244020360967,0.016053146518435,0.984843223541277,True,True,True,True,FULL,FULL_direct_exp_rank_3
35,0.47,2.2,4.91,4.25,4.25,2.5915991927768687,2.2727272727272725,6.841599192776869,7.213346651196478,4.25,2.742464229523187,2.2727272727272725,6.992464229523187,6.828217181664139,0.15086503674631846,0.15086503674631846,0.15086503674631846,0.15086503674631846,-0.3851294695323384,0.3851294695323384,0.0242102639686671,0.012881157122412,0.9987000653752116,True,True,True,True,FULL,FULL_direct_exp_rank_3
36,1.48,3.625,14.91,14.235,14.235,8.232456046268986,1.3793103448275863,22.467456046268985,2.7321098339023515,14.235,10.822169859024273,1.3793103448275863,25.05716985902427,2.3888675636397174,2.589713812755287,2.589713812755287,2.589713812755285,2.589713812755285,-0.3432422702626341,0.3432422702626341,0.2188849669744761,0.1198439054946135,0.9927821207492938,True,True,True,True,FULL,FULL_direct_exp_rank_3
37,0.11,1.325,0.89,0.5625,0.5625,0.5639971811696873,3.7735849056603774,1.1264971811696871,29.2958502513531,0.5625,0.947353999925802,3.7735849056603774,1.509853999925802,14.751070272081773,0.3833568187561147,0.3833568187561147,0.38335681875611494,0.38335681875611494,-14.544779979271329,14.544779979271329,0.0535350122209262,0.0350885826891509,0.7838932609133167,True,True,True,True,FULL,FULL_direct_exp_rank_3
38,0.26,2.175,5.3,4.1,4.1,2.5910971306331803,2.298850574712644,6.69109713063318,13.042743993933716,4.1,2.579443206656088,2.298850574712644,6.679443206656088,13.147063625852306,-0.011653923977092084,0.011653923977092084,-0.011653923977092084,0.011653923977092084,0.10431963191859062,0.10431963191859062,0.0030941243967462,0.0015196034990272,0.9999756155051132,True,True,True,True,FULL,FULL_direct_exp_rank_3
39,0.54,3.35,15.9,14.4675,14.4675,3.852469877296928,1.4925373134328357,18.319969877296927,7.688914610134782,14.4675,3.5606026100016184,1.4925373134328357,18.028102610001618,8.774048308642907,-0.29186726729530976,0.29186726729530976,-0.2918672672953093,0.2918672672953093,1.085133698508125,1.085133698508125,0.1624568046142286,0.0626772178977126,0.9932028276549336,True,True,True,True,FULL,FULL_direct_exp_rank_3
40,0.3,1.35,0.88,0.635,0.635,1.1651130574348498,3.7037037037037033,1.8001130574348498,8.547982610717572,0.635,1.3224921510618282,3.7037037037037033,1.957492151061828,7.76842639792492,0.15737909362697833,0.15737909362697833,0.1573790936269781,0.1573790936269781,-0.7795562127926514,0.7795562127926514,0.0086793100428399,0.0059774825412429,0.9955104991202632,True,True,True,True,FULL,FULL_direct_exp_rank_3
41,0.38,2.175,5.2,4.3975,4.3975,2.452688320111813,2.298850574712644,6.850188320111813,9.031706106944794,4.3975,2.536708477222268,2.298850574712644,6.934208477222268,8.67678920838273,0.08402015711045507,0.08402015711045507,0.08402015711045507,0.08402015711045507,-0.354916898562065,0.354916898562065,0.0173792032333268,0.0088827133716444,0.9993176215823218,True,True,True,True,FULL,FULL_direct_exp_rank_3
42,0.71,3.35,16.28,14.8375,14.8375,5.373344828404187,1.4925373134328357,20.210844828404188,5.457009220110153,14.8375,5.268573401306272,1.4925373134328357,20.106073401306272,5.577139810494077,-0.10477142709791565,0.10477142709791565,-0.10477142709791565,0.10477142709791565,0.1201305903839236,0.1201305903839236,0.0311724336374186,0.0142460848399943,0.9998034000436912,True,True,True,True,FULL,FULL_direct_exp_rank_3
43,0.88,1.475,0.58,0.535,0.535,2.3643732180319175,3.389830508474576,2.8993732180319176,4.157276354583812,0.535,4.218797109866859,3.389830508474576,4.753797109866859,3.7942962432490415,1.8544238918349416,1.8544238918349416,1.8544238918349416,1.8544238918349416,-0.36298011133477015,0.36298011133477015,0.0091412395471008,0.005708406867531,0.9928388194672748,True,True,True,True,FULL,FULL_direct_exp_rank_3
44,1.5,2.625,3.89,3.6325,3.6325,10.486129835864666,1.9047619047619049,14.118629835864668,2.474961892115721,3.6325,13.435352878341616,1.9047619047619049,17.067852878341615,2.3349871483675515,2.94922304247695,2.94922304247695,2.9492230424769463,2.9492230424769463,-0.13997474374816932,0.13997474374816932,0.0352997521894246,0.0215654580099885,0.99761877020933,True,True,True,True,FULL,FULL_direct_exp_rank_3
45,2.87,4.1,13.67,13.42,13.42,16.705556614946417,1.2195121951219514,30.12555661494642,1.6634039681803665,13.42,32.25519471977729,1.2195121951219514,45.675194719777295,1.4440725434047106,15.549638104830876,15.549638104830876,15.549638104830876,15.549638104830876,-0.21933142477565593,0.21933142477565593,0.249186955312074,0.1441072765739152,0.99089037295238,True,True,True,True,FULL,FULL_direct_exp_rank_3
46,0.79,1.5,0.8,0.665,0.665,6.166849946093346,3.3333333333333335,6.831849946093346,3.9230290740544778,0.665,5.958689421354797,3.3333333333333335,6.623689421354797,3.946857088720065,-0.20816052473854896,0.20816052473854896,-0.20816052473854896,0.20816052473854896,0.02382801466558737,0.02382801466558737,0.0010096139151889,0.00064389368336,0.9999520632801692,True,True,True,True,FULL,FULL_direct_exp_rank_3
47,0.6,2.175,5.04,4.655,4.655,2.141531174694559,2.298850574712644,6.796531174694559,6.310564627174357,4.655,2.796337100926438,2.298850574712644,7.451337100926438,5.251680859273476,0.6548059262318793,0.6548059262318793,0.6548059262318793,0.6548059262318793,-1.0588837679008813,1.0588837679008813,0.0868371108039206,0.0462155480261622,0.9868882102270397,True,True,True,True,FULL,FULL_direct_exp_rank_3
48,2.37,4.125,16.38,14.3675,14.3675,112.7264689844744,1.2121212121212122,127.0939689844744,1.4228254925840296,14.3675,71.32339219401945,1.2121212121212122,85.69089219401944,1.5811933980782746,-41.403076790454946,41.403076790454946,-41.40307679045496,41.40307679045496,0.15836790549424506,0.15836790549424506,0.386368285889088,0.237591065128432,0.9835662288925224,True,True,True,True,FULL,FULL_direct_exp_rank_3
49,1.46,2.566666666666667,4.68,4.1066666666666665,4.1066666666666665,30.593215473314466,1.948051948051948,34.69988213998113,2.300589855794831,4.1066666666666665,26.076943733191257,1.948051948051948,30.183610399857923,2.3733031213846916,-4.516271740123209,4.516271740123209,-4.516271740123205,4.516271740123205,0.07271326558986058,0.07271326558986058,0.030475043485564,0.0189867413995682,0.9987397570282897,True,True,True,True,FULL,FULL_direct_exp_rank_3
50,4.16,4.75,15.04,14.775,14.775,58.5314735148253,1.0526315789473684,73.3064735148253,1.2144266984360343,14.775,81.63354639315979,1.0526315789473684,96.4085463931598,1.1646442085383983,23.10207287833449,23.10207287833449,23.102072878334496,23.102072878334496,-0.049782489897636006,0.049782489897636006,0.1058664706484962,0.0580599239387162,0.998448454477584,True,True,True,True,FULL,FULL_direct_exp_rank_3
51,1.26,1.85,0.94,0.785,0.785,27.151829140946248,2.702702702702702,27.936829140946248,2.8751003676389564,0.785,20.45573263138508,2.702702702702702,21.24073263138508,2.9382498110787365,-6.696096509561169,6.696096509561169,-6.696096509561169,6.696096509561169,0.06314944343978013,0.06314944343978013,0.0077025864826749,0.004733190721132,0.9984932960407068,True,True,True,True,FULL,FULL_direct_exp_rank_3
52,3.13,4.466666666666667,15.58,14.793333333333337,14.793333333333337,75.02328336156236,1.1194029850746268,89.8166166948957,1.313812712287742,14.793333333333337,64.9067202239766,1.1194029850746268,79.70005355730994,1.3497288204503617,-10.116563137585757,10.116563137585757,-10.116563137585757,10.116563137585757,0.03591610816261959,0.03591610816261959,0.0825232889297936,0.0486209768245771,0.9991753624594936,True,True,True,True,FULL,FULL_direct_exp_rank_3
53,1.15,1.85,0.71,0.65,0.65,3.9933470021604136,2.702702702702702,4.6433470021604135,3.19021506632708,0.65,5.493413374121552,2.702702702702702,6.143413374121552,3.043663666399401,1.5000663719611382,1.5000663719611382,1.5000663719611387,1.5000663719611387,-0.14655139992767907,0.14655139992767907,0.0066193057830085,0.004141557680199,0.997522209159222,True,True,True,True,FULL,FULL_direct_exp_rank_3
54,0.35,2.175,4.68,4.205,4.205,1.283914851902833,2.298850574712644,5.488914851902833,11.46515887900422,4.205,1.4923033400526826,2.298850574712644,5.697303340052683,9.679610559163349,0.20838848814984967,0.20838848814984967,0.20838848814984967,0.20838848814984967,-1.7855483198408706,1.7855483198408706,0.0606462958179615,0.028094191130918,0.9890515364171408,True,True,True,True,FULL,FULL_direct_exp_rank_3
55,0.63,3.85,16.18,14.365,14.365,5.024596391351091,1.2987012987012987,19.38959639135109,6.152370825583352,14.365,4.598992448259127,1.2987012987012987,18.963992448259127,7.116280043295433,-0.42560394309196425,0.42560394309196425,-0.42560394309196425,0.42560394309196425,0.9639092177120805,0.9639092177120805,0.1872318720466438,0.0768744066111445,0.9913708742548072,True,True,True,True,FULL,FULL_direct_exp_rank_3
56,0.45,1.5666666666666669,0.87,0.6366666666666667,0.6366666666666667,1.8543711063769357,3.191489361702127,2.4910377730436024,5.520751658815112,0.6366666666666667,1.6872249981715175,3.191489361702127,2.323891664838184,5.83850275688018,-0.1671461082054182,0.1671461082054182,-0.1671461082054182,0.1671461082054182,0.3177510980650675,0.3177510980650675,0.0058941178713408,0.0039974205199353,0.9981471445569352,True,True,True,True,FULL,FULL_direct_exp_rank_3
57,0.58,2.175,5.35,4.42,4.42,5.5363451785319135,2.298850574712644,9.956345178531912,5.059116621676996,4.42,5.222531978486943,2.298850574712644,9.642531978486945,5.296855289338025,-0.3138132000449705,0.3138132000449705,-0.31381320004496693,0.31381320004496693,0.2377386676610298,0.2377386676610298,0.0258806858860027,0.0153144666534581,0.9989301160819826,True,True,True,True,FULL,FULL_direct_exp_rank_3
58,0.94,3.875,16.28,13.935,13.935,11.349260923481204,1.2903225806451613,25.28426092348121,3.405427164282276,13.935,9.964332218113482,1.2903225806451613,23.89933221811348,3.888899969951521,-1.384928705367722,1.384928705367722,-1.3849287053677308,1.3849287053677308,0.483472805669245,0.483472805669245,0.2154811725917985,0.1131176214850839,0.9914267012334554,True,True,True,True,FULL,FULL_direct_exp_rank_3
59,0.13,1.5666666666666669,0.97,0.8033333333333333,0.8033333333333333,0.2782264175865835,3.191489361702127,1.0815597509199169,31.910981063129015,0.8033333333333333,0.5555193142429321,3.191489361702127,1.3588526475762654,14.731218733338189,0.2772928966563486,0.2772928966563486,0.2772928966563486,0.2772928966563486,-17.179762329790826,17.179762329790826,0.0505450856722179,0.0300857935957225,0.7524648287348179,True,True,True,True,FULL,FULL_direct_exp_rank_3
60,2.38,2.85,5.22,4.84,4.84,137.35939252357494,1.7543859649122806,142.19939252357494,1.8523237169572588,4.84,151.75440745539757,1.7543859649122806,156.59440745539757,1.84230536919017,14.39501493182263,14.39501493182263,14.39501493182263,14.39501493182263,-0.010018347767088764,0.010018347767088764,0.0101142478866197,0.0057469633533381,0.9998905832919064,True,True,True,True,FULL,FULL_direct_exp_rank_3
61,2.68,4.125,16.95,15.5375,15.5375,116.71406105996982,1.2121212121212122,132.25156105996982,1.3981039630569712,15.5375,85.12927870212725,1.2121212121212122,100.66677870212725,1.4826422011217495,-31.58478235784257,31.58478235784257,-31.58478235784257,31.58478235784257,0.08453823806477834,0.08453823806477834,0.2254032430843239,0.1372201389794058,0.9948854271242497,True,True,True,True,FULL,FULL_direct_exp_rank_3
62,0.71,1.6,1.14,0.9133333333333334,0.9133333333333334,5.696830896813862,3.125,6.610164230147195,3.976020028848459,0.9133333333333334,4.952926265976514,3.125,5.866259599309847,4.132626194961443,-0.7439046308373474,0.7439046308373474,-0.7439046308373474,0.7439046308373474,0.15660616611298384,0.15660616611298384,0.0075285450362892,0.0048761959361229,0.9985569495353944,True,True,True,True,FULL,FULL_direct_exp_rank_3
63,0.76,2.2,5.03,4.68,4.68,3.0326428857358856,2.2727272727272725,7.712642885735885,4.87933520201715,4.68,4.1995871503143025,2.2727272727272725,8.879587150314302,4.090390224416245,1.166944264578417,1.166944264578417,1.166944264578417,1.166944264578417,-0.788944977600905,0.788944977600905,0.090832294530643,0.0510127583733056,0.9877114418629076,True,True,True,True,FULL,FULL_direct_exp_rank_3
64,2.73,4.125,15.88,13.97,13.97,220.02903798852773,1.2121212121212122,233.99903798852773,1.3339956390040135,13.97,124.3797438031263,1.2121212121212122,138.3497438031263,1.4507403033824433,-95.64929418540143,95.64929418540143,-95.64929418540143,95.64929418540143,0.11674466437842979,0.11674466437842979,0.3938491260759343,0.2403015679257241,0.9829591594465809,True,True,True,True,FULL,FULL_direct_exp_rank_3
65,0.63,1.5666666666666669,1.42,0.9733333333333332,0.9733333333333332,10.644929502666052,3.191489361702127,11.618262835999383,3.927118476960182,0.9733333333333332,6.802618456082497,3.191489361702127,7.77595178941583,4.473683483980269,-3.8423110465835553,3.8423110465835553,-3.8423110465835535,3.8423110465835535,0.5465650070200865,0.5465650070200865,0.0348239618700668,0.0235796692890983,0.9822894107585156,True,True,True,True,FULL,FULL_direct_exp_rank_3
66,0.34,2.175,5.0,4.24,4.24,2.0482757543105174,2.298850574712644,6.288275754310518,10.49368724913285,4.24,2.149762666091884,2.298850574712644,6.389762666091884,9.856894112436049,0.10148691178136637,0.10148691178136637,0.10148691178136637,0.10148691178136637,-0.6367931366968023,0.6367931366968023,0.024695845839543,0.0121584774247131,0.99839455760979,True,True,True,True,FULL,FULL_direct_exp_rank_3
67,3.13,4.533333333333333,14.91,14.596666666666666,14.596666666666666,20.35467702287054,1.1029411764705883,34.951343689537204,1.4882877719989878,14.596666666666666,30.178141777543175,1.1029411764705883,44.77480844420984,1.355881658596065,9.823464754672635,9.823464754672635,9.823464754672635,9.823464754672635,-0.13240611340292285,0.13240611340292285,0.1879869503660631,0.1089187588645033,0.9956470502632948,True,True,True,True,FULL,FULL_direct_exp_rank_3
68,0.49,1.5666666666666669,0.79,0.63,0.63,1.4068332196782207,3.191489361702127,2.0368332196782206,5.5461514668738845,0.63,1.447296258511953,3.191489361702127,2.077296258511953,5.461655560138485,0.04046303883373237,0.04046303883373237,0.04046303883373259,0.04046303883373259,-0.0844959067353992,0.0844959067353992,0.0014233557186055,0.0009316781097949,0.9998671889689964,True,True,True,True,FULL,FULL_direct_exp_rank_3
69,1.69,2.566666666666667,5.04,4.426666666666667,4.426666666666667,69.19774278410341,1.948051948051948,73.62440945077007,2.1459242646578933,4.426666666666667,56.989367748728974,1.948051948051948,61.41603441539564,2.194579649759221,-12.208375035374438,12.208375035374438,-12.20837503537443,12.20837503537443,0.04865538510132783,0.04865538510132783,0.0319407092320883,0.0197155657740196,0.9988894646456306,True,True,True,True,FULL,FULL_direct_exp_rank_3
70,3.12,4.466666666666667,16.37,15.163333333333334,15.163333333333334,137.96164146287623,1.1194029850746268,153.12497479620956,1.2614658876838951,15.163333333333334,93.007176044833,1.1194029850746268,108.17050937816632,1.345982891896753,-44.95446541804323,44.95446541804323,-44.95446541804324,44.95446541804324,0.0845170042128578,0.0845170042128578,0.258116950655753,0.1532237938689046,0.992590384255958,True,True,True,True,FULL,FULL_direct_exp_rank_3
71,0.18,1.5666666666666669,0.87,0.6,0.6,0.5778652142592701,3.191489361702127,1.17786521425927,16.988625203858206,0.6,0.7952047581933325,3.191489361702127,1.3952047581933325,11.4482172111244,0.2173395439340624,0.2173395439340624,0.2173395439340624,0.2173395439340624,-5.540407992733806,5.540407992733806,0.0285669341723357,0.018344287090999,0.9338222873293902,True,True,True,True,FULL,FULL_direct_exp_rank_3
72,0.42,2.175,5.1,3.8825,3.8825,4.482035276937978,2.298850574712644,8.364535276937978,6.759501195047857,3.8825,4.148751346828684,2.298850574712644,8.031251346828684,7.377757869419893,-0.33328393010929425,0.33328393010929425,-0.33328393010929425,0.33328393010929425,0.6182566743720361,0.6182566743720361,0.0422119111206105,0.0245040636388826,0.9963526312327728,True,True,True,True,FULL,FULL_direct_exp_rank_3
73,1.09,3.85,15.19,13.3025,13.3025,11.821633061680007,1.2987012987012987,25.12413306168001,2.9737453064844868,13.3025,10.426631659848274,1.2987012987012987,23.72913165984827,3.3090737422186147,-1.395001401831733,1.395001401831733,-1.3950014018317383,1.3950014018317383,0.33532843573412796,0.33532843573412796,0.1720615201990545,0.0926595764968224,0.9943551481863252,True,True,True,True,FULL,FULL_direct_exp_rank_3
74,0.47,1.5666666666666669,0.66,0.5066666666666667,0.5066666666666667,1.2794449424210406,3.191489361702127,1.7861116090877074,5.540134014051035,0.5066666666666667,1.2401115486515883,3.191489361702127,1.746778215318255,5.638971121783629,-0.03933339376945222,0.03933339376945222,-0.03933339376945244,0.03933339376945244,0.09883710773259402,0.09883710773259402,0.0013881944065099,0.0009242061355017,0.9998185423788308,True,True,True,True,FULL,FULL_direct_exp_rank_3
75,0.57,2.175,4.24,4.0125,4.0125,1.1193350008113887,2.298850574712644,5.131835000811389,7.4273022742503985,4.0125,1.7396394687242402,2.298850574712644,5.75213946872424,5.560552442255344,0.6203044679128515,0.6203044679128515,0.6203044679128515,0.6203044679128515,-1.8667498319950546,1.8667498319950546,0.1091568136384597,0.0551176457281054,0.9696488264907036,True,True,True,True,FULL,FULL_direct_exp_rank_3
76,4.13,4.7,14.9,13.285,13.285,1213.8760619263403,1.0638297872340423,1227.1610619263406,1.0940505167399543,13.285,448.7575731634411,1.0638297872340423,462.04257316344115,1.1542520835409436,-765.1184887628992,765.1184887628992,-765.1184887628995,765.1184887628995,0.060201566800989204,0.060201566800989204,0.4881472458950027,0.2719003015474323,0.9816151450021304,True,True,True,True,FULL,FULL_direct_exp_rank_3
77,0.18,1.5666666666666669,0.88,0.4966666666666666,0.4966666666666666,0.8494890683979475,3.191489361702127,1.346155735064614,14.732448429095294,0.4966666666666666,1.0466299216701542,3.191489361702127,1.5432965883368208,11.189833300267958,0.19714085327220676,0.19714085327220676,0.19714085327220676,0.19714085327220676,-3.542615128827336,3.542615128827336,0.0227935786703568,0.0152547033361519,0.9710781350418412,True,True,True,True,FULL,FULL_direct_exp_rank_3
78,1.25,2.566666666666667,4.37,3.77,3.77,17.6011784506471,1.948051948051948,21.3711784506471,2.4976694597033373,3.77,14.42600110449326,1.948051948051948,18.19600110449326,2.6490182704296847,-3.1751773461538413,3.1751773461538413,-3.1751773461538413,3.1751773461538413,0.15134881072634743,0.15134881072634743,0.0440055255481274,0.0272418326628823,0.9967260008721124,True,True,True,True,FULL,FULL_direct_exp_rank_3
79,3.62,4.5,14.62,13.843333333333334,13.843333333333334,173.78668847200146,1.1111111111111112,187.6300218053348,1.2115644521301927,13.843333333333334,132.13321436432878,1.1111111111111112,145.9765476976621,1.2484956745139175,-41.65347410767268,41.65347410767268,-41.65347410767268,41.65347410767268,0.036931222383724815,0.036931222383724815,0.1170882259021844,0.066615068577586,0.9979636818014188,True,True,True,True,FULL,FULL_direct_exp_rank_3
80,0.11,1.5633333333333332,1.04,0.5006666666666667,0.5006666666666667,0.863642983300683,3.1982942430703627,1.3643096499673495,27.24084861115649,0.5006666666666667,1.2774603548464865,3.1982942430703627,1.778127021513153,14.539124104819884,0.41381737154580345,0.41381737154580345,0.41381737154580356,0.41381737154580356,-12.701724506336607,12.701724506336607,0.0622833372206782,0.0404618847587954,0.8577441968436909,True,True,True,True,FULL,FULL_direct_exp_rank_3
81,0.23,2.1775,4.79,3.54875,3.54875,2.4552355004571034,2.296211251435132,6.003985500457103,14.649101403235154,3.54875,2.484500636611024,2.296211251435132,6.033250636611024,14.321464155844255,0.02926513615392068,0.02926513615392068,0.02926513615392068,0.02926513615392068,-0.32763724739089817,0.32763724739089817,0.0076559236052773,0.00383103232487,0.9998168830225774,True,True,True,True,FULL,FULL_direct_exp_rank_3
82,0.39,3.9275,14.13,12.93,12.93,2.178980729198466,1.273074474856779,15.108980729198466,12.268593789286898,12.93,2.0015939420822484,1.273074474856779,14.931593942082248,17.192589296282268,-0.1773867871162178,0.1773867871162178,-0.1773867871162178,0.1773867871162178,4.92399550699537,4.92399550699537,0.272854542769173,0.0726381016225152,0.9675861460226473,True,True,True,True,FULL,FULL_direct_exp_rank_3
83,0.21,1.5566666666666666,0.75,0.4896666666666667,0.4896666666666667,0.6541837303857423,3.211991434689508,1.143850397052409,13.109251845364824,0.4896666666666667,0.8090314125362368,3.211991434689508,1.2986980792029037,10.222038241633877,0.1548476821504945,0.1548476821504945,0.15484768215049471,0.15484768215049471,-2.887213603730947,2.887213603730947,0.0168692818020523,0.0111781939765243,0.9737889488093624,True,True,True,True,FULL,FULL_direct_exp_rank_3
84,1.52,2.19,4.53,3.98,3.98,84.48453784563569,2.2831050228310503,88.46453784563569,2.4678705594788535,3.98,77.56135824705129,2.2831050228310503,81.54135824705129,2.4862362434434924,-6.923179598584397,6.923179598584397,-6.923179598584397,6.923179598584397,0.01836568396463889,0.01836568396463889,0.0105780973122898,0.0064285430183526,0.9998532548235942,True,True,True,True,FULL,FULL_direct_exp_rank_3
85,0.46,3.86,15.2,13.9425,13.9425,2.582793456166362,1.2953367875647668,16.525293456166363,10.00333623780827,13.9425,2.36403025243231,1.2953367875647668,16.30653025243231,12.795858718659504,-0.21876320373405234,0.21876320373405234,-0.21876320373405278,0.21876320373405278,2.7925224808512343,2.7925224808512343,0.2415275633428555,0.0738955502106578,0.980096562717438,True,True,True,True,FULL,FULL_direct_exp_rank_3
86,1.14,1.85,0.47,0.4455,0.4455,1.2635859558868447,2.702702702702702,1.7090859558868448,3.448989911906233,0.4455,2.5045381718929782,2.702702702702702,2.9500381718929782,3.0565076257348203,1.2409522160061335,1.2409522160061335,1.2409522160061335,1.2409522160061335,-0.39248228617141256,0.39248228617141256,0.0087531003841204,0.0054056507896766,0.9904026663714808,True,True,True,True,FULL,FULL_direct_exp_rank_3
87,1.53,2.29,3.84,3.5879999999999996,3.5879999999999996,21.229112109709114,2.1834061135371177,24.817112109709115,2.5522940611621228,3.5879999999999996,30.852789564899,2.1834061135371177,34.440789564899,2.426672315846131,9.623677455189885,9.623677455189885,9.623677455189885,9.623677455189885,-0.1256217453159918,0.1256217453159918,0.0379753849672376,0.0231230139821876,0.9971543658765312,True,True,True,True,FULL,FULL_direct_exp_rank_3
89,0.31,1.5733333333333333,0.64,0.434,0.434,0.831446191232911,3.1779661016949152,1.265446191232911,8.046929532076042,0.434,0.8595097143233785,3.1779661016949152,1.2935097143233785,7.809277878346092,0.028063523090467557,0.028063523090467557,0.028063523090467557,0.028063523090467557,-0.23765165372995067,0.23765165372995067,0.0019627186450968,0.0013329887450304,0.999572898340249,True,True,True,True,FULL,FULL_direct_exp_rank_3
90,0.44,2.0033333333333334,4.09,3.8813333333333335,3.8813333333333335,0.7845727106922662,2.4958402662229617,4.6659060440256,10.177837650659969,3.8813333333333335,1.3003456755009073,2.4958402662229617,5.181679008834241,7.129319578663434,0.5157729648086411,0.5157729648086411,0.5157729648086411,0.5157729648086411,-3.0485180719965346,3.0485180719965346,0.1199508717632157,0.057665098370475,0.9550241281932468,True,True,True,True,FULL,FULL_direct_exp_rank_3
91,2.56,4.125,14.35,13.695,13.695,33.24347166872315,1.2121212121212122,46.93847166872315,1.5724619149710894,13.695,36.27543933977965,1.2121212121212122,49.97043933977965,1.5380993369854914,3.031967671056499,3.031967671056499,3.031967671056499,3.031967671056499,-0.03436257798559805,0.03436257798559805,0.0502665287010053,0.0303995011853895,0.9996646278957873,True,True,True,True,FULL,FULL_direct_exp_rank_3
92,0.1,1.5666666666666669,0.84,0.5786666666666667,0.5786666666666667,0.3913124802400913,3.191489361702127,0.969979146906758,37.39184550372476,0.5786666666666667,0.720243074741586,3.191489361702127,1.2989097414082529,16.004942129855504,0.3289305945014947,0.3289305945014947,0.32893059450149487,0.32893059450149487,-21.386903373869256,21.386903373869256,0.0561611290208605,0.0351845810713569,0.6604104634232063,True,True,True,True,FULL,FULL_direct_exp_rank_3
93,0.29,2.175,4.72,4.314,4.314,0.9127902034753363,2.298850574712644,5.226790203475336,15.255568277966066,4.314,1.0829756646356747,2.298850574712644,5.396975664635675,12.354610650774234,0.1701854611603384,0.1701854611603384,0.1701854611603384,0.1701854611603384,-2.9009576271918327,2.9009576271918327,0.0690303743004207,0.0288406947303644,0.9842350689954676,True,True,True,True,FULL,FULL_direct_exp_rank_3
94,2.24,4.125,16.29,15.185,15.185,36.934910613682646,1.2121212121212122,52.11991061368265,1.6343524111032697,15.185,33.726455454670884,1.2121212121212122,48.911455454670886,1.683031697230457,-3.2084551590117627,3.2084551590117627,-3.2084551590117627,3.2084551590117627,0.048679286127187416,0.048679286127187416,0.0738201908200342,0.0439947018656677,0.9993936741770424,True,True,True,True,FULL,FULL_direct_exp_rank_3
95,0.15,1.5666666666666669,1.04,0.515,0.515,1.0180921290257392,3.191489361702127,1.533092129025739,17.824332391452327,0.515,1.307585734034764,3.191489361702127,1.822585734034764,12.36673673182543,0.2894936050090249,0.2894936050090249,0.2894936050090249,0.2894936050090249,-5.457595659626897,5.457595659626897,0.0367695571479001,0.0245140976235168,0.9532902574407338,True,True,True,True,FULL,FULL_direct_exp_rank_3
96,0.32,2.225,5.75,4.01075,4.01075,4.5926707536336835,2.2471910112359548,8.603420753633683,8.90252129065327,4.01075,4.292172247068953,2.2471910112359548,8.302922247068953,9.878588802065677,-0.30049850656473076,0.30049850656473076,-0.30049850656473076,0.30049850656473076,0.9760675114124062,0.9760675114124062,0.0512655083865083,0.0288910865932244,0.99554716364209,True,True,True,True,FULL,FULL_direct_exp_rank_3
97,0.98,3.925,16.9,13.655,13.655,17.423005323734152,1.2738853503184715,31.07800532373415,2.9328424113361327,13.655,14.358110463702994,1.2738853503184715,28.013110463702994,3.536682663254646,-3.064894860031158,3.064894860031158,-3.0648948600311563,3.0648948600311563,0.6038402519185135,0.6038402519185135,0.3370374567054539,0.1901092445948706,0.9811763077667198,True,True,True,True,FULL,FULL_direct_exp_rank_3
98,0.12,1.5666666666666669,1.33,0.569,0.569,1.2856106349233354,3.191489361702127,1.854610634923335,23.13000566043724,0.569,1.7546107579402177,3.191489361702127,2.3236107579402177,13.956219765538275,0.4690001230168823,0.4690001230168823,0.46900012301688254,0.46900012301688254,-9.173785894898966,9.173785894898966,0.0667993105504379,0.0437772698048789,0.9171590718831985,True,True,True,True,FULL,FULL_direct_exp_rank_3
99,0.38,2.1775,5.29,3.8055,3.8055,4.8847712477868654,2.296211251435132,8.690271247786866,7.231167894086396,3.8055,4.46686861304544,2.296211251435132,8.27236861304544,8.091976349251418,-0.4179026347414254,0.4179026347414254,-0.4179026347414254,0.4179026347414254,0.8608084551650217,0.8608084551650217,0.0554033827621804,0.0325122168442259,0.9942092970506492,True,True,True,True,FULL,FULL_direct_exp_rank_3
100,1.12,3.865,15.69,14.2025,14.2025,9.330787016774106,1.2936610608020698,23.533287016774107,3.133851414322128,14.2025,8.86126589810603,1.2936610608020698,23.06376589810603,3.2680257379532773,-0.46952111866807655,0.46952111866807655,-0.46952111866807655,0.46952111866807655,0.13417432363114923,0.13417432363114923,0.0676959045336363,0.0353339422188541,0.999201185538041,True,True,True,True,FULL,FULL_direct_exp_rank_3
101,0.11,1.5599999999999998,1.19,0.5136666666666666,0.5136666666666666,1.0901897584596147,3.2051282051282053,1.6038564251262817,26.190812099681132,0.5136666666666666,1.564787953441488,3.2051282051282053,2.0784546201081544,14.461407487400354,0.47459819498187317,0.47459819498187317,0.4745981949818727,0.4745981949818727,-11.729404612280778,11.729404612280778,0.0702144569039343,0.0458133822902922,0.8813178343333277,True,True,True,True,FULL,FULL_direct_exp_rank_3
102,0.33,2.175,5.38,4.15275,4.15275,3.3230952595070686,2.298850574712644,7.475845259507069,9.464816530487427,4.15275,3.231466110105112,2.298850574712644,7.384216110105112,9.850951881378537,-0.09162914940195677,0.09162914940195677,-0.09162914940195677,0.09162914940195677,0.3861353508911094,0.3861353508911094,0.0178194034522475,0.0094911373108326,0.9993147144566056,True,True,True,True,FULL,FULL_direct_exp_rank_3
103,0.94,4.6125,15.17,14.2325,14.2325,3.230539541690666,1.0840108401084012,17.463039541690666,4.61254903129243,14.2325,3.1595435889084182,1.0840108401084012,17.392043588908418,4.734696570019651,-0.07099595278224768,0.07099595278224768,-0.07099595278224768,0.07099595278224768,0.12214753872722017,0.12214753872722017,0.0335371311820675,0.0138072995260893,0.9997305738915132,True,True,True,True,FULL,FULL_direct_exp_rank_3
104,0.46,1.61,0.57,0.4153333333333333,0.4153333333333333,1.2195408766373736,3.105590062111801,1.634874209970707,5.380408458094788,0.4153333333333333,1.08793949468167,3.105590062111801,1.5032728280150034,5.763919209167637,-0.1316013819557036,0.1316013819557036,-0.1316013819557036,0.1316013819557036,0.3835107510728486,0.3835107510728486,0.0047646488720006,0.0032238538028977,0.9971828849106232,True,True,True,True,FULL,FULL_direct_exp_rank_3
105,0.38,2.1725,3.22,2.8175,2.8175,1.2095551373508462,2.3014959723820483,4.027055137350846,9.674876431868377,2.8175,1.404944215400942,2.3014959723820483,4.222444215400942,8.253650454000773,0.19538907805009575,0.19538907805009575,0.19538907805009575,0.19538907805009575,-1.4212259778676035,1.4212259778676035,0.0412866299658013,0.0209378215616502,0.9898890219044416,True,True,True,True,FULL,FULL_direct_exp_rank_3
106,6.69,7.0,11.06,11.03,11.03,6.769176332863529,0.7142857142857143,17.799176332863528,0.9707346090728766,11.03,25.392918240277915,0.7142857142857143,36.42291824027792,0.7908398551748234,18.623741907414384,18.623741907414384,18.623741907414395,18.623741907414395,-0.1798947538980532,0.1798947538980532,0.2379505908080082,0.1238187222229283,0.9858378256427344,True,True,True,True,FULL,FULL_direct_exp_rank_3
107,0.15,1.5566666666666666,0.88,0.5103333333333334,0.5103333333333334,0.7081291518031402,3.211991434689508,1.2184624851364736,19.26598627033951,0.5103333333333334,0.9672899415551308,3.211991434689508,1.477623274888464,12.464795361945232,0.25916078975199064,0.25916078975199064,0.2591607897519903,0.2591607897519903,-6.801190908394279,6.801190908394279,0.0344003546583385,0.022617825379867,0.926025945511662,True,True,True,True,FULL,FULL_direct_exp_rank_3
108,0.24,2.175,5.1,3.69825,3.69825,2.8769666070220197,2.298850574712644,6.5752166070220195,13.53664985652516,3.69825,2.859934615814371,2.298850574712644,6.558184615814371,13.689128995123118,-0.017031991207648645,0.017031991207648645,-0.017031991207648645,0.017031991207648645,0.1524791385979576,0.1524791385979576,0.004174485173748,0.0021353996001322,0.9999544780879616,True,True,True,True,FULL,FULL_direct_exp_rank_3
109,0.47,3.8575,14.84,13.285,13.285,3.275885261750222,1.2961762799740766,16.560885261750222,9.133208341560495,13.285,2.981243855781301,1.2961762799740766,16.2662438557813,11.712497174641715,-0.2946414059689211,0.2946414059689211,-0.2946414059689211,0.2946414059689211,2.57928883308122,2.57928883308122,0.2471573393354649,0.0817371180750963,0.9784131923505798,True,True,True,True,FULL,FULL_direct_exp_rank_3
110,0.15,2.1675,1.23,0.6225,0.6225,0.9619833022068238,2.306805074971165,1.584483302206824,20.507804388385548,0.6225,1.2120680312105785,2.306805074971165,1.8345680312105783,13.28641043453652,0.25008472900375467,0.25008472900375467,0.2500847290037542,0.2500847290037542,-7.221393953849027,7.221393953849027,0.0438827349054171,0.0272758811289533,0.945259279506938,True,True,True,True,FULL,FULL_direct_exp_rank_3
111,0.25,2.165,6.22,4.547499999999999,4.547499999999999,3.553532108811563,2.3094688221709005,8.101032108811562,12.896286747191096,4.547499999999999,3.405535306356077,2.3094688221709005,7.953035306356076,14.014692061936175,-0.14799680245548608,0.14799680245548608,-0.14799680245548608,0.14799680245548608,1.118405314745079,1.118405314745079,0.0383621057491245,0.0190649461412941,0.9974385503853432,True,True,True,True,FULL,FULL_direct_exp_rank_3
112,0.46,4.1075,18.37,16.2525,16.2525,4.204330792736471,1.217285453438831,20.456830792736472,9.296747223836368,16.2525,3.777188070981275,1.217285453438831,20.029688070981276,13.504070279799796,-0.42714272175519596,0.42714272175519596,-0.42714272175519596,0.42714272175519596,4.207323055963428,4.207323055963428,0.436248187316489,0.1336875978082985,0.9540111309316068,True,True,True,True,FULL,FULL_direct_exp_rank_3
113,0.21,1.5599999999999998,0.72,0.5333333333333333,0.5333333333333333,0.4530839141628877,3.2051282051282053,0.9864172474962212,14.758619332850811,0.5333333333333333,0.6257929756636679,3.2051282051282053,1.1591263089970012,10.325176384985935,0.1727090615007802,0.1727090615007802,0.17270906150078003,0.17270906150078003,-4.433442947864876,4.433442947864876,0.021270219113242,0.0135412542948778,0.9446181436277276,True,True,True,True,FULL,FULL_direct_exp_rank_3
114,0.46,2.215,4.54,3.755,3.755,3.0550946555112306,2.2573363431151243,6.8100946555112305,6.812602552841997,3.755,3.0288891350560636,2.2573363431151243,6.7838891350560635,6.8733078769364075,-0.026205520455166997,0.026205520455166997,-0.026205520455166997,0.026205520455166997,0.06070532409441043,0.06070532409441043,0.0037109727297733,0.0020540150933886,0.9999639531931342,True,True,True,True,FULL,FULL_direct_exp_rank_3
115,3.02,4.84,14.29,13.226666666666668,13.226666666666668,67.62238227774218,1.0330578512396695,80.84904894440885,1.2379494369579531,13.226666666666668,46.21662467872097,1.0330578512396695,59.443291345387635,1.360090602801842,-21.405757599021207,21.405757599021207,-21.405757599021214,21.405757599021214,0.1221411658438889,0.1221411658438889,0.2763708344385854,0.1682285409307965,0.9894140746358016,True,True,True,True,FULL,FULL_direct_exp_rank_3
116,0.1,1.5533333333333337,1.16,0.5640000000000001,0.5640000000000001,0.912890584776652,3.218884120171673,1.476890584776652,31.1344826944979,0.5640000000000001,1.392560395537486,3.218884120171673,1.9565603955374864,15.547729329330425,0.4796698107608339,0.4796698107608339,0.47966981076083437,0.47966981076083437,-15.586753365167477,15.586753365167477,0.0758490474507632,0.0487079655023346,0.8234281914179267,True,True,True,True,FULL,FULL_direct_exp_rank_3
117,0.28,2.16,4.98,3.80875,3.80875,2.7207253448886286,2.314814814814815,6.5294753448886285,11.627647012732409,3.80875,2.7150327807620114,2.314814814814815,6.523782780762011,11.667024848208714,-0.005692564126617228,0.005692564126617228,-0.005692564126617228,0.005692564126617228,0.03937783547630502,0.03937783547630502,0.0012954711297797,0.0006684587300247,0.999995428245593,True,True,True,True,FULL,FULL_direct_exp_rank_3
118,0.84,3.88,14.83,12.9825,12.9825,7.331910697776193,1.288659793814433,20.314410697776193,4.123242699657944,12.9825,6.622920852237035,1.288659793814433,19.605420852237035,4.64524391340739,-0.7089898455391577,0.7089898455391577,-0.7089898455391577,0.7089898455391577,0.5220012137494461,0.5220012137494461,0.1634072982096843,0.0792076027915931,0.9935669081520708,True,True,True,True,FULL,FULL_direct_exp_rank_3
119,0.05,1.5533333333333337,1.06,0.4603333333333333,0.4603333333333333,0.7347138188950575,3.218884120171673,1.1950471522283908,76.69251608229672,0.4603333333333333,1.4874649758787477,3.218884120171673,1.947798309212081,21.443161649978855,0.7527511569836902,0.7527511569836902,0.7527511569836902,0.7527511569836902,-55.249354432317865,55.249354432317865,0.1458003222381649,0.0899329047351003,0.2247354181694336,True,True,True,True,FULL,FULL_direct_exp_rank_3
120,0.24,2.1675,5.34,3.634,3.634,3.551284821064535,2.306805074971165,7.185284821064535,12.76758648025316,3.634,3.4788098567332706,2.306805074971165,7.1128098567332705,13.27785982724415,-0.07247496433126432,0.07247496433126432,-0.07247496433126432,0.07247496433126432,0.5102733469909904,0.5102733469909904,0.0158742199091418,0.0084995639121785,0.9994610050519084,True,True,True,True,FULL,FULL_direct_exp_rank_3
121,0.58,3.8475,15.72,12.52,12.52,8.509190021060213,1.299545159194282,21.029190021060213,5.626700720273117,12.52,7.478550788347974,1.299545159194282,19.998550788347973,7.132474414406844,-1.0306392327122396,1.0306392327122396,-1.0306392327122396,1.0306392327122396,1.505773694133727,1.505773694133727,0.3046516222545961,0.1407200895856526,0.9757039048538992,True,True,True,True,FULL,FULL_direct_exp_rank_3
122,0.16,1.7866666666666664,1.46,0.5153333333333333,0.5153333333333333,1.791622665699797,2.7985074626865676,2.3069559990331303,15.27471027903135,0.5153333333333333,2.0875731388633016,2.7985074626865676,2.602906472196635,11.873410688735683,0.29595047316350476,0.29595047316350476,0.29595047316350476,0.29595047316350476,-3.4012995902956664,3.4012995902956664,0.0384640397314471,0.0256094754715373,0.9826259219192196,True,True,True,True,FULL,FULL_direct_exp_rank_3
123,0.34,2.19,5.86,3.70375,3.70375,6.4076526447249105,2.2831050228310503,10.11140264472491,7.4904783908875965,3.70375,5.734606914240514,2.2831050228310503,9.438356914240511,8.746426487220138,-0.6730457304843966,0.6730457304843966,-0.6730457304843984,0.6730457304843984,1.2559480963325411,1.2559480963325411,0.0858148525434362,0.0524553237290887,0.9901691254625736,True,True,True,True,FULL,FULL_direct_exp_rank_3
124,0.72,3.9025,15.23,13.1975,13.1975,6.547895084347095,1.2812299807815504,19.745395084347095,4.922489465268678,13.1975,5.902944186919017,1.2812299807815504,19.100444186919017,5.705234774548453,-0.6449508974280782,0.6449508974280782,-0.6449508974280782,0.6449508974280782,0.7827453092797745,0.7827453092797745,0.1933535071704633,0.0883182435436156,0.9904561726529528,True,True,True,True,FULL,FULL_direct_exp_rank_3
125,0.13,1.5766666666666669,0.83,0.5316666666666667,0.5316666666666667,0.5110542316499418,3.1712473572938684,1.0427208983166083,25.070549134255213,0.5316666666666667,0.7886964240806738,3.1712473572938684,1.3203630907473405,13.649624817626824,0.27764219243073196,0.27764219243073196,0.2776421924307322,0.2776421924307322,-11.420924316628389,11.420924316628389,0.0418997594219581,0.0268807335127583,0.8435821985426718,True,True,True,True,FULL,FULL_direct_exp_rank_3
126,0.33,2.195,4.91,4.2615,4.2615,1.6629195649406574,2.277904328018223,5.924419564940657,11.444353107108954,4.2615,1.7968684057785795,2.277904328018223,6.058368405778579,10.35374880400626,0.13394884083792213,0.13394884083792213,0.13394884083792213,0.13394884083792213,-1.090604303102694,1.090604303102694,0.0374681018482351,0.0176613147676959,0.996041698049147,True,True,True,True,FULL,FULL_direct_exp_rank_3
127,2.99,4.513333333333333,16.39,14.923333333333332,14.923333333333332,140.10135047238424,1.1078286558345645,155.0246838057176,1.2549920885699382,14.923333333333332,86.42206394453228,1.1078286558345645,101.34539727786562,1.370842813172681,-53.67928652785196,53.67928652785196,-53.67928652785197,53.67928652785197,0.11585072460274293,0.11585072460274293,0.3597401176432106,0.2173306345230196,0.9859930701245048,True,True,True,True,FULL,FULL_direct_exp_rank_3
128,0.22,1.5666666666666669,1.38,0.6789999999999999,0.6789999999999999,1.9691572578488556,3.191489361702127,2.6481572578488555,10.298464829923804,0.6789999999999999,2.037716855473664,3.191489361702127,2.716716855473664,9.884767958238,0.06855959762480834,0.06855959762480834,0.06855959762480834,0.06855959762480834,-0.41369687168580427,0.41369687168580427,0.0060406305808894,0.0042135431382039,0.9993879749644624,True,True,True,True,FULL,FULL_direct_exp_rank_3
129,0.39,2.18,6.11,4.593,4.593,5.057943521426855,2.293577981651376,9.650943521426855,7.34235077378404,4.593,4.662240765187796,2.293577981651376,9.255240765187796,8.12665503602842,-0.39570275623905893,0.39570275623905893,-0.39570275623905893,0.39570275623905893,0.7843042622443805,0.7843042622443805,0.0569108537637081,0.0323801540169185,0.9952287173165728,True,True,True,True,FULL,FULL_direct_exp_rank_3
130,2.78,4.13,17.18,15.5675,15.5675,173.2142161184181,1.2106537530266344,188.7817161184181,1.354578535378103,15.5675,113.20523216260044,1.2106537530266344,128.77273216260045,1.4482541511746931,-60.00898395581767,60.00898395581767,-60.008983955817655,60.008983955817655,0.09367561579659012,0.09367561579659012,0.2986862937419212,0.1804557530058461,0.9912138142602096,True,True,True,True,FULL,FULL_direct_exp_rank_3
131,0.3,1.57,0.69,0.4403333333333333,0.4403333333333333,0.989606450202688,3.184713375796178,1.4299397835360212,7.9675990689291964,0.4403333333333333,0.9876760365460024,3.184713375796178,1.4280093698793357,7.982045616889003,-0.001930413656685559,0.001930413656685559,-0.001930413656685559,0.001930413656685559,0.014446547959806821,0.014446547959806821,0.0001313717747814,9.066425352305509e-05,0.9999984752775656,True,True,True,True,FULL,FULL_direct_exp_rank_3
132,0.38,2.2025,4.61,3.49275,3.49275,3.5417527605950667,2.270147559591374,7.034502760595067,7.697329513236288,3.49275,3.367724384779965,2.270147559591374,6.860474384779965,8.200780293673798,-0.17402837581510155,0.17402837581510155,-0.17402837581510155,0.17402837581510155,0.5034507804375101,0.5034507804375101,0.0261203814231887,0.0147953571210548,0.9981797605354804,True,True,True,True,FULL,FULL_direct_exp_rank_3
133,0.58,3.89,14.25,12.71,12.71,3.870375185655917,1.2853470437017995,16.580375185655917,6.937928600833182,12.71,3.557039992378595,1.2853470437017995,16.267039992378596,8.105204483800692,-0.31333519327732207,0.31333519327732207,-0.3133351932773216,0.3133351932773216,1.1672758829675107,1.1672758829675107,0.1671303921123436,0.064642045513658,0.9905642974022116,True,True,True,True,FULL,FULL_direct_exp_rank_3
134,0.29,1.5933333333333335,0.81,0.6846666666666668,0.6846666666666668,0.4027161872827163,3.1380753138075312,1.087382853949383,11.679447292728767,0.6846666666666668,0.5875092326959623,3.1380753138075312,1.272175899362629,8.405731484237057,0.18479304541324604,0.18479304541324604,0.18479304541324604,0.18479304541324604,-3.27371580849171,3.27371580849171,0.0220002503665279,0.0131343913236308,0.9561617000021913,True,True,True,True,FULL,FULL_direct_exp_rank_3
135,0.42,2.1925,4.74,4.255,4.255,1.6007301765706998,2.280501710376283,5.8557301765707,9.079561652406012,4.255,1.8535862121742992,2.280501710376283,6.108586212174299,7.846846225369704,0.25285603560359937,0.25285603560359937,0.2528560356035996,0.2528560356035996,-1.2327154270363074,1.2327154270363074,0.0572668234754059,0.0281650694454911,0.9915718689178604,True,True,True,True,FULL,FULL_direct_exp_rank_3
136,2.48,4.18,15.4,14.19,14.19,62.34454554337887,1.1961722488038278,76.53454554337887,1.469660738779334,14.19,49.58151718598645,1.1961722488038278,63.77151718598645,1.5567344623095003,-12.763028357392422,12.763028357392422,-12.763028357392422,12.763028357392422,0.0870737235301664,0.0870737235301664,0.1665628274789058,0.1013553438286492,0.9966179689388484,True,True,True,True,FULL,FULL_direct_exp_rank_3
137,1.18,1.85,0.63,0.575,0.575,4.239497230710774,2.702702702702702,4.814497230710774,3.1309195303367727,0.575,5.671261222326374,2.702702702702702,6.246261222326374,3.0119569632604017,1.4317639916155995,1.4317639916155995,1.4317639916155995,1.4317639916155995,-0.11896256707637098,0.11896256707637098,0.0051555381807134,0.0032091736451355,0.9980774604439256,True,True,True,True,FULL,FULL_direct_exp_rank_3
138,0.99,2.6033333333333335,4.93,4.496666666666667,4.496666666666667,4.9592094785200045,1.9206145966709345,9.455876145186672,3.460965956174455,4.496666666666667,5.437304278282457,1.9206145966709345,9.933970944949124,3.299778536541746,0.4780947997624523,0.4780947997624523,0.4780947997624523,0.4780947997624523,-0.161187419632709,0.161187419632709,0.0270343433706005,0.0156077657375129,0.9989214478366224,True,True,True,True,FULL,FULL_direct_exp_rank_3
139,1.92,4.2125,17.14,16.56,16.56,9.158812659704571,1.1869436201780414,25.71881265970457,2.22655990128023,16.56,12.085407200105172,1.1869436201780414,28.645407200105172,1.9658088851587945,2.9265945404006004,2.9265945404006004,2.9265945404006004,2.9265945404006004,-0.2607510161214355,0.2607510161214355,0.2424433028717797,0.132987839706946,0.9937522028988104,True,True,True,True,FULL,FULL_direct_exp_rank_3
140,0.42,1.7400000000000002,0.83,0.4525,0.4525,2.5886372580129136,2.8735632183908044,3.0411372580129137,4.84879553279124,0.4525,1.7959117755315193,2.8735632183908044,2.2484117755315194,6.296853772192071,-0.7927254824813943,0.7927254824813943,-0.7927254824813943,0.7927254824813943,1.4480582394008303,1.4480582394008303,0.0288969881172898,0.0208301808227574,0.9639892722258252,True,True,True,True,FULL,FULL_direct_exp_rank_3
141,1.23,2.5733333333333337,4.22,4.026666666666666,4.026666666666666,3.714553371745124,1.94300518134715,7.74122003841179,3.22230726876678,4.026666666666666,6.029459046223967,1.94300518134715,10.056125712890632,2.7089871248419377,2.314905674478843,2.314905674478843,2.314905674478841,2.314905674478841,-0.5133201439248425,0.5133201439248425,0.0851308122598379,0.0495137352078602,0.9875702480591124,True,True,True,True,FULL,FULL_direct_exp_rank_3
142,1.79,4.84,15.01,14.9025,14.9025,0.8901040923931092,1.0330578512396695,15.792604092393107,3.4546415460563873,14.9025,2.34198673051743,1.0330578512396695,17.24448673051743,2.3410775596510796,1.4518826381243208,1.4518826381243208,1.4518826381243226,1.4518826381243226,-1.1135639864053077,1.1135639864053077,0.5762357176981269,0.2650779861057689,0.9414109652166002,True,True,True,True,FULL,FULL_direct_exp_rank_3
143,0.33,1.5733333333333333,0.58,0.4766666666666666,0.4766666666666666,0.4098600862261488,3.1779661016949152,0.8865267528928155,9.368454028225154,0.4766666666666666,0.5386239477632397,3.1779661016949152,1.0152906144299063,7.502079684295905,0.12876386153709096,0.12876386153709096,0.12876386153709085,0.12876386153709085,-1.8663743439292482,1.8663743439292482,0.0115836631619787,0.0072016053046621,0.9786792864828764,True,True,True,True,FULL,FULL_direct_exp_rank_3
144,0.43,2.1725,4.53,3.8975,3.8975,2.2412867147074325,2.3014959723820483,6.138786714707432,7.955893974394428,3.8975,2.3921952007406277,2.3014959723820483,6.289695200740628,7.438966077684659,0.1509084860331953,0.1509084860331953,0.1509084860331953,0.1509084860331953,-0.5169278967097686,0.5169278967097686,0.0264791118188596,0.0139369396687023,0.9980747626446388,True,True,True,True,FULL,FULL_direct_exp_rank_3
145,3.33,4.496666666666667,14.77,14.159999999999998,14.159999999999998,71.68575820940592,1.111934766493699,85.84575820940591,1.2931877819034847,14.159999999999998,68.51724898336829,1.111934766493699,82.67724898336829,1.302879026032153,-3.168509226037628,3.168509226037628,-3.168509226037628,3.168509226037628,0.009691244128668286,0.009691244128668286,0.0212719978521229,0.0123215292714485,0.999937849844072,True,True,True,True,FULL,FULL_direct_exp_rank_3
146,0.13,1.5599999999999998,0.68,0.5633333333333334,0.5633333333333334,0.1951982739754749,3.2051282051282053,0.7585316073088083,31.88575510060682,0.5633333333333334,0.4223211284374117,3.2051282051282053,0.9856544617707452,13.902210947915716,0.2271228544619368,0.2271228544619368,0.22712285446193692,0.22712285446193692,-17.983544152691103,17.983544152691103,0.0389827006197313,0.0237159357407878,0.7008325896881683,True,True,True,True,FULL,FULL_direct_exp_rank_3
147,1.84,3.1775,4.39,3.69,3.69,48.191526905344915,1.5735641227380015,51.88152690534491,1.779339325853626,3.69,28.432934355155492,1.5735641227380015,32.12293435515549,1.960229311770838,-19.758592550189423,19.758592550189423,-19.75859255018942,19.75859255018942,0.18088998591721195,0.18088998591721195,0.1109422964041478,0.0692084132360068,0.9821015865316391,True,True,True,True,FULL,FULL_direct_exp_rank_3
148,2.23,4.3774999999999995,15.49,14.875,14.875,14.10295307840756,1.142204454597373,28.97795307840756,1.8301286904573817,14.875,16.12822171369384,1.142204454597373,31.00322171369384,1.7345399982306793,2.025268635286279,2.025268635286279,2.025268635286281,2.025268635286281,-0.09558869222670241,0.09558869222670241,0.1045501499085207,0.0595860040944508,0.998660282587518,True,True,True,True,FULL,FULL_direct_exp_rank_3
149,0.18,1.5599999999999998,0.96,0.5433333333333333,0.5433333333333333,0.9264981470545324,3.2051282051282053,1.4698314803878656,14.731251978605432,0.5433333333333333,1.1379682634500683,3.2051282051282053,1.6813015967834015,11.236949754172,0.21147011639553592,0.21147011639553592,0.21147011639553592,0.21147011639553592,-3.494302224433431,3.494302224433431,0.0244478000969532,0.0163562342305026,0.9719568065420628,True,True,True,True,FULL,FULL_direct_exp_rank_3
150,0.4,2.175,5.29,4.25,4.25,3.4798658017251105,2.298850574712644,7.7298658017251105,7.755705088302538,4.25,3.3910539181463166,2.298850574712644,7.641053918146317,7.9955505629451,-0.08881188357879388,0.08881188357879388,-0.08881188357879388,0.08881188357879388,0.23984547464256245,0.23984547464256245,0.0143002350551432,0.0078230383158015,0.9995797426564882,True,True,True,True,FULL,FULL_direct_exp_rank_3
151,0.99,3.6125,15.85,14.965,14.965,4.712295648967803,1.384083044982699,19.677295648967803,4.185634509215309,14.965,5.3944320881994585,1.384083044982699,20.35943208819946,3.774002948680387,0.6821364392316553,0.6821364392316553,0.6821364392316553,0.6821364392316553,-0.41163156053492234,0.41163156053492234,0.1549328413985137,0.0747493924472856,0.9957687457325348,True,True,True,True,FULL,FULL_direct_exp_rank_3
152,1.16,1.9,0.64,0.54,0.54,8.918859589233094,2.6315789473684212,9.458859589233091,2.9158636476035604,0.54,7.194415425730973,2.6315789473684212,7.734415425730973,2.9944211320815306,-1.7244441635021204,1.7244441635021204,-1.7244441635021177,1.7244441635021177,0.07855748447797017,0.07855748447797017,0.0047702781560324,0.0030159593136584,0.9985220940071636,True,True,True,True,FULL,FULL_direct_exp_rank_3
153,1.3,2.566666666666667,4.2,3.9333333333333336,3.9333333333333336,6.732843008196392,1.948051948051948,10.666176341529724,2.832743127876559,3.9333333333333336,8.981396191438094,1.948051948051948,12.914729524771428,2.587324545948315,2.248553183241702,2.248553183241702,2.248553183241704,2.248553183241704,-0.24541858192824373,0.24541858192824373,0.0504324975493049,0.0301887150485426,0.9956410356013684,True,True,True,True,FULL,FULL_direct_exp_rank_3
154,5.1,31.453947067343865,14.28,13.490170336848536,13.490170336848536,2.087839211051561,0.1589625616554528,15.578009547900097,0.9263059984631752,13.490170336848536,8.161928490011828,0.1589625616554528,21.652098826860364,0.3983976287355408,6.074089278960267,6.074089278960267,6.074089278960267,6.074089278960267,-0.5279083697276343,0.5279083697276343,0.8486881338079597,0.482913708710864,0.7707230843799857,True,True,True,True,FULL,FULL_direct_exp_rank_3
155,0.56,1.5599999999999998,0.58,0.4766666666666666,0.4766666666666666,1.2430840918042927,3.2051282051282053,1.7197507584709593,5.0236277196711585,0.4766666666666666,1.3082876268353958,3.2051282051282053,1.7849542935020624,4.911830226635075,0.0652035350311031,0.0652035350311031,0.0652035350311031,0.0652035350311031,-0.11179749303608322,0.11179749303608322,0.0016478873652612,0.0010672630783512,0.999692631075108,True,True,True,True,FULL,FULL_direct_exp_rank_3
156,0.67,2.1775,4.06,3.745,3.745,2.1627193549790276,2.296211251435132,5.907719354979028,5.4890381882934465,3.745,2.8407500081250623,2.296211251435132,6.585750008125062,4.6356551731615685,0.6780306531460347,0.6780306531460347,0.6780306531460347,0.6780306531460347,-0.853383015131878,0.853383015131878,0.0674994207375759,0.0372205080490877,0.9886948996023956,True,True,True,True,FULL,FULL_direct_exp_rank_3
157,1.32,3.9,14.36,13.5925,13.5925,6.126023681195667,1.2820512820512822,19.718523681195663,3.032176279008363,13.5925,6.908286666878668,1.2820512820512822,20.500786666878668,2.806890734264846,0.7822629856830012,0.7822629856830012,0.7822629856830048,0.7822629856830048,-0.22528554474351692,0.22528554474351692,0.1148344238726073,0.0592283281080288,0.997568740697814,True,True,True,True,FULL,FULL_direct_exp_rank_3
158,0.17,1.6233333333333333,1.0,0.5720000000000001,0.5720000000000001,0.8749487231528226,3.080082135523614,1.4469487231528226,16.31818533574024,0.5720000000000001,1.105287629263063,3.080082135523614,1.677287629263063,11.77120081677342,0.23033890611024033,0.23033890611024033,0.23033890611024033,0.23033890611024033,-4.546984518966818,4.546984518966818,0.0295872175271819,0.0194623529727751,0.9599301039068592,True,True,True,True,FULL,FULL_direct_exp_rank_3
159,0.32,2.1825,5.06,4.11975,4.11975,2.410582651104151,2.290950744558992,6.530332651104151,10.626543938716322,4.11975,2.4459206659341017,2.290950744558992,6.5656706659341015,10.408882812628118,0.035338014829950914,0.035338014829950914,0.035338014829950914,0.035338014829950914,-0.21766112608820443,0.21766112608820443,0.0082362520653962,0.0041465896709973,0.999822532765369,True,True,True,True,FULL,FULL_direct_exp_rank_3
160,1.07,3.895,14.3,13.0025,13.0025,7.31537030166651,1.2836970474967908,20.31787030166651,3.3651116062820727,13.0025,6.9443806636792385,1.2836970474967908,19.94688066367924,3.521262899987899,-0.3709896379872717,0.3709896379872717,-0.37098963798726814,0.37098963798726814,0.15615129370582626,0.15615129370582626,0.0648654003526282,0.0328340098685677,0.9990847460614004,True,True,True,True,FULL,FULL_direct_exp_rank_3
161,0.1,1.5666666666666669,0.85,0.5843333333333334,0.5843333333333334,0.3978559436075378,3.191489361702127,0.9821892769408712,37.33548887229885,0.5843333333333334,0.7292808546756142,3.191489361702127,1.3136141880089476,16.032604907269633,0.3314249110680764,0.3314249110680764,0.33142491106807637,0.33142491106807637,-21.30288396502922,21.30288396502922,0.0566229026069969,0.0354680139175462,0.6641648809880634,True,True,True,True,FULL,FULL_direct_exp_rank_3
162,0.24,2.175,6.09,4.409,4.409,3.4511384121172206,2.298850574712644,7.86013841211722,13.515323404054092,4.409,3.3225644688609313,2.298850574712644,7.731564468860931,14.598034741286543,-0.12857394325628935,0.12857394325628935,-0.12857394325628935,0.12857394325628935,1.0827113372324515,1.0827113372324515,0.0341538907644621,0.0168972048403505,0.997868490428414,True,True,True,True,FULL,FULL_direct_exp_rank_3
163,0.5,3.8625,16.89,15.2325,15.2325,3.655467066441505,1.2944983818770228,18.887967066441504,8.601598077321363,15.2325,3.3081371590938264,1.2944983818770228,18.540637159093823,11.040397387586324,-0.34732990734767855,0.34732990734767855,-0.34732990734768165,0.34732990734768165,2.4387993102649617,2.4387993102649617,0.2904094106130919,0.0972374170716534,0.9778062708645896,True,True,True,True,FULL,FULL_direct_exp_rank_3
164,0.07,1.5566666666666666,0.85,0.5843333333333334,0.5843333333333334,0.3510048045966245,3.211991434689508,0.935338137929958,59.36701870371923,0.5843333333333334,0.7577953030850411,3.211991434689508,1.3421286364183744,19.63447786862506,0.4067904984884166,0.4067904984884166,0.4067904984884164,0.4067904984884164,-39.73254083509417,39.73254083509417,0.0764957055425578,0.0473782619870961,0.3416103351272156,True,True,True,True,FULL,FULL_direct_exp_rank_3
165,0.23,2.1675,5.85,4.43275,4.43275,2.80147060168731,2.306805074971165,7.23422060168731,14.978792929839672,4.43275,2.73040398218516,2.306805074971165,7.16315398218516,15.80482801448722,-0.0710666195021501,0.0710666195021501,-0.0710666195021501,0.0710666195021501,0.8260350846475486,0.8260350846475486,0.0218197926098997,0.0102051777961084,0.9989718096797052,True,True,True,True,FULL,FULL_direct_exp_rank_3
166,0.75,3.8625,16.87,15.795,15.795,3.4935563581594646,1.2944983818770228,19.288556358159465,5.80409010742513,15.795,3.5053312374271197,1.2944983818770228,19.30033123742712,5.781157799993236,0.01177487926765508,0.01177487926765508,0.01177487926765508,0.01177487926765508,-0.02293230743189323,0.02293230743189323,0.0055143753072088,0.0022636922576275,0.9999938999357656,True,True,True,True,FULL,FULL_direct_exp_rank_3
167,0.17,1.5599999999999998,0.8,0.5579999999999999,0.5579999999999999,0.4953159279041487,3.2051282051282053,1.0533159279041486,18.51576110820791,0.5579999999999999,0.7126690698674104,3.2051282051282053,1.2706690698674104,11.787946137420128,0.21735314196326172,0.21735314196326172,0.21735314196326172,0.21735314196326172,-6.727814970787783,6.727814970787783,0.0295451595367375,0.0189350892636175,0.9125728713173608,True,True,True,True,FULL,FULL_direct_exp_rank_3
168,1.11,2.563333333333333,4.61,4.293333333333333,4.293333333333333,4.918051194692046,1.950585175552666,9.21138452802538,3.258019017990617,4.293333333333333,6.219594074448603,1.950585175552666,10.512927407781936,2.9519050090962,1.301542879756557,1.301542879756557,1.3015428797565551,1.3015428797565551,-0.3061140088944172,0.3061140088944172,0.0539129476028087,0.0314645190912694,0.9955097617326396,True,True,True,True,FULL,FULL_direct_exp_rank_3
169,3.93,4.553333333333334,16.61,16.513333333333332,16.513333333333332,14.198414912137522,1.0980966325036603,30.711748245470854,1.4757256498343354,16.513333333333332,44.48946430527691,1.0980966325036603,61.00279763861024,1.223584647566419,30.29104939313939,30.29104939313939,30.291049393139385,30.291049393139385,-0.25214100226791647,0.25214100226791647,0.3511470445223505,0.1895983070465501,0.986886074387902,True,True,True,True,FULL,FULL_direct_exp_rank_3
170,0.19,1.5533333333333337,0.76,0.5436666666666666,0.5436666666666666,0.4848535368761771,3.218884120171673,1.0285202035428438,16.275028887164293,0.5436666666666666,0.6777050322522767,3.218884120171673,1.2213716989189434,10.991435150988634,0.19285149537609964,0.19285149537609964,0.19285149537609958,0.19285149537609958,-5.283593736175659,5.283593736175659,0.0246485001963568,0.0158028218705376,0.9334368548413744,True,True,True,True,FULL,FULL_direct_exp_rank_3
171,0.32,2.17,4.74,4.0465,4.0465,1.7565900119017304,2.3041474654377883,5.80309001190173,11.4900793995,4.0465,1.8798020262662112,2.3041474654377883,5.926302026266211,10.501086132270505,0.12321201436448082,0.12321201436448082,0.12321201436448082,0.12321201436448082,-0.9889932672294961,0.9889932672294961,0.0325667899579326,0.0156845925848772,0.996766527975088,True,True,True,True,FULL,FULL_direct_exp_rank_3
172,1.88,4.13,15.76,14.8875,14.8875,14.997831291761866,1.2106537530266344,29.885331291761865,2.0220034481788933,14.8875,15.845379832238994,1.2106537530266344,30.732879832238993,1.9716987064598928,0.8475485404771277,0.8475485404771277,0.8475485404771277,0.8475485404771277,-0.05030474171900057,0.05030474171900057,0.0488757570764264,0.0276449046389109,0.9996961257009056,True,True,True,True,FULL,FULL_direct_exp_rank_3
173,0.23,1.5666666666666669,0.81,0.5826666666666666,0.5826666666666666,0.6080845262035995,3.191489361702127,1.190751192870266,12.675105003139644,0.5826666666666666,0.7731694725405241,3.191489361702127,1.3558361392071907,9.756621459673434,0.1650849463369246,0.1650849463369246,0.1650849463369246,0.1650849463369246,-2.918483543466209,2.918483543466209,0.0183982593994197,0.0118777344439517,0.9700364877289818,True,True,True,True,FULL,FULL_direct_exp_rank_3
174,0.27,2.18,5.18,4.452999999999999,4.452999999999999,1.5717255574854088,2.293577981651376,6.024725557485408,14.53141002624948,4.452999999999999,1.652206768196253,2.293577981651376,6.105206768196252,13.431626890694128,0.08048121071084413,0.08048121071084413,0.08048121071084413,0.08048121071084413,-1.0997831355553522,1.0997831355553522,0.028499108572233,0.0125012064664965,0.9976866028057784,True,True,True,True,FULL,FULL_direct_exp_rank_3
175,1.85,4.1125,17.29,16.4125,16.4125,14.29966321375646,1.21580547112462,30.71216321375646,2.100213453400296,16.4125,15.960407445340351,1.21580547112462,32.37290744534035,1.996217130565632,1.660744231583891,1.660744231583891,1.660744231583891,1.660744231583891,-0.10399632283466409,0.10399632283466409,0.1051184601292303,0.0590189243018139,0.9988287330492308,True,True,True,True,FULL,FULL_direct_exp_rank_3
176,0.65,1.5766666666666669,0.57,0.478,0.478,1.612273609680621,3.1712473572938684,2.090273609680621,4.48569879514461,0.478,1.7017557469231253,3.1712473572938684,2.1797557469231252,4.402719904898013,0.08948213724250431,0.08948213724250431,0.08948213724250431,0.08948213724250431,-0.0829788902465971,0.0829788902465971,0.0014966998543288,0.0009591474842006,0.9997566420543318,True,True,True,True,FULL,FULL_direct_exp_rank_3
177,1.47,2.6333333333333333,3.8,3.616,3.616,6.14964024424423,1.89873417721519,9.76564024424423,2.66832825839853,3.616,9.664761292536312,1.89873417721519,13.280761292536312,2.3676802076478864,3.515121048292082,3.515121048292082,3.515121048292082,3.515121048292082,-0.3006480507506435,0.3006480507506435,0.0613661394821934,0.0369201080114482,0.99256966707048,True,True,True,True,FULL,FULL_direct_exp_rank_3
178,2.12,4.1575,13.69,12.965,12.965,17.833183532648366,1.2026458208057729,30.79818353264837,1.8070468059221405,12.965,18.618056553152147,1.2026458208057729,31.583056553152147,1.7774975261796206,0.784873020503781,0.784873020503781,0.7848730205037775,0.7848730205037775,-0.029549279742519863,0.029549279742519863,0.0301640003687726,0.0175111928525149,0.9998554143642898,True,True,True,True,FULL,FULL_direct_exp_rank_3
179,0.48,1.5666666666666669,0.88,0.6386666666666666,0.6386666666666666,2.2710172374402005,3.191489361702127,2.909683904106867,5.11752583659357,0.6386666666666666,1.9587185983931508,3.191489361702127,2.5973852650598173,5.538169522988875,-0.3122986390470497,0.3122986390470497,-0.3122986390470497,0.3122986390470497,0.42064368639530514,0.42064368639530514,0.0089473814719773,0.0060943598306221,0.9960174751227712,True,True,True,True,FULL,FULL_direct_exp_rank_3
180,0.52,2.9225,5.54,4.727,4.727,2.527730037291942,1.710863986313088,7.254730037291942,6.676100463922199,4.727,2.4133740038234244,1.710863986313088,7.140374003823425,7.095031032884083,-0.11435603346851764,0.11435603346851764,-0.11435603346851764,0.11435603346851764,0.4189305689618834,0.4189305689618834,0.0285013732322258,0.0137424126770324,0.998398488707689,True,True,True,True,FULL,FULL_direct_exp_rank_3
181,0.9,3.925,17.84,14.94,14.94,13.029435602700998,1.2738853503184715,27.969435602700997,3.4621547532157915,14.94,11.365912782914393,1.2738853503184715,26.30591278291439,4.011311014180865,-1.6635228197866052,1.6635228197866052,-1.663522819786607,1.663522819786607,0.549156260965074,0.549156260965074,0.2584893375798953,0.1368825015889823,0.9893601579103232,True,True,True,True,FULL,FULL_direct_exp_rank_3
182,0.22,1.49,0.66,0.4575,0.4575,0.5513217275318822,3.3557046979865772,1.0088217275318825,12.75282127395527,0.4575,0.7043540913655204,3.3557046979865772,1.1618540913655204,9.8129912478997,0.15303236383363816,0.15303236383363816,0.15303236383363794,0.15303236383363794,-2.9398300260555708,2.9398300260555708,0.0155285024332342,0.0102964110937737,0.969709958372362,True,True,True,True,FULL,FULL_direct_exp_rank_3
183,1.93,3.1,4.22,4.0145,4.0145,10.822557992923612,1.6129032258064515,14.837057992923611,2.064879723343122,4.0145,15.098170269971911,1.6129032258064515,19.11267026997191,1.9243774670158695,4.2756122770483,4.2756122770483,4.2756122770483,4.2756122770483,-0.14050225632725266,0.14050225632725266,0.0469226750366757,0.0287098567162827,0.9966076191370136,True,True,True,True,FULL,FULL_direct_exp_rank_3
184,3.98,4.75,15.12,14.85,14.85,45.661479023586836,1.0526315789473684,60.51147902358684,1.247654255784918,14.85,64.4122538417604,1.0526315789473684,79.2622538417604,1.1861136097752802,18.750774818173568,18.750774818173568,18.75077481817356,18.75077481817356,-0.06154064600963771,0.06154064600963771,0.1202241869831394,0.0666195735728241,0.998083123424656,True,True,True,True,FULL,FULL_direct_exp_rank_3
185,0.13,1.5666666666666669,1.09,0.5446666666666667,0.5446666666666667,0.9576325699215577,3.191489361702127,1.5022992365882244,21.905585532286455,0.5446666666666667,1.315150079729718,3.191489361702127,1.8598167463963848,13.46111142419188,0.3575175098081603,0.3575175098081603,0.35751750980816044,0.35751750980816044,-8.444474108094575,8.444474108094575,0.0500518217677172,0.0328612629940098,0.916024501514992,True,True,True,True,FULL,FULL_direct_exp_rank_3
186,0.28,2.1775,5.16,3.81425,3.81425,3.130431077528114,2.296211251435132,6.944681077528114,11.220553160809676,3.81425,3.0726638564216393,2.296211251435132,6.886913856421639,11.571839030020264,-0.05776722110647459,0.05776722110647459,-0.05776722110647459,0.05776722110647459,0.3512858692105887,0.3512858692105887,0.0124385282466415,0.0065594818127819,0.999623313695523,True,True,True,True,FULL,FULL_direct_exp_rank_3
187,0.7,3.88,16.09,11.71,11.71,14.993697153202367,1.288659793814433,26.70369715320237,3.931657649182005,11.71,12.58350284410377,1.288659793814433,24.29350284410377,5.015797178096439,-2.410194309098598,2.410194309098598,-2.4101943090985998,2.4101943090985998,1.084139528914434,1.084139528914434,0.3724208350059337,0.2064523537574067,0.971816051504123,True,True,True,True,FULL,FULL_direct_exp_rank_3
188,1.1,2.06,0.64,0.593,0.593,1.513280437089641,2.4271844660194173,2.1062804370896413,3.268679989536249,0.593,2.115773686313229,2.4271844660194173,2.708773686313229,3.003390250546764,0.6024932492235877,0.6024932492235877,0.6024932492235875,0.6024932492235875,-0.26528973898948527,0.26528973898948527,0.0078802893565127,0.0048192959920128,0.9954651706486952,True,True,True,True,FULL,FULL_direct_exp_rank_3
189,3.11,3.85,4.79,4.4285,4.4285,105.61771145632456,1.2987012987012987,110.04621145632456,1.3813754414682702,4.4285,88.20579035024733,1.2987012987012987,92.63429035024733,1.399602797949012,-17.41192110607723,17.41192110607723,-17.41192110607723,17.41192110607723,0.018227356480741808,0.018227356480741808,0.0211932076845437,0.0121438580414737,0.9994217561088836,True,True,True,True,FULL,FULL_direct_exp_rank_3
190,2.95,4.833333333333333,17.57,15.660000000000002,15.660000000000002,133.5433516563727,1.0344827586206895,149.2033516563727,1.194201194728314,15.660000000000002,72.66214135648464,1.0344827586206895,88.32214135648464,1.375870340823576,-60.88121029988805,60.88121029988805,-60.88121029988805,60.88121029988805,0.18166914609526197,0.18166914609526197,0.6062477117777763,0.3707953390344897,0.9658288431502426,True,True,True,True,FULL,FULL_direct_exp_rank_3
191,0.1,1.64,1.15,0.5823333333333333,0.5823333333333333,0.8468851223123651,3.048780487804878,1.4292184556456984,32.276683117014976,0.5823333333333333,1.296992532479388,3.048780487804878,1.8793258658127217,15.763921170147055,0.45010741016702294,0.45010741016702294,0.45010741016702327,0.45010741016702327,-16.51276194686792,16.51276194686792,0.0746502021050548,0.0474553005881009,0.812116428439347,True,True,True,True,FULL,FULL_direct_exp_rank_3
192,0.26,2.06,5.06,2.78625,2.78625,5.537602820988881,2.4271844660194173,8.323852820988881,9.67711986223781,2.78625,5.262390862474251,2.4271844660194173,8.048640862474251,10.492402025554496,-0.27521195851463,0.27521195851463,-0.27521195851463,0.27521195851463,0.8152821633166862,0.8152821633166862,0.0375554685127825,0.0234841388763471,0.9978078894736844,True,True,True,True,FULL,FULL_direct_exp_rank_3
193,0.48,3.91,15.79,12.4225,12.4225,7.40432598861948,1.278772378516624,19.82682598861948,7.151633571136485,12.4225,6.56900105800214,1.278772378516624,18.99150105800214,9.613039440056305,-0.8353249306173396,0.8353249306173396,-0.8353249306173396,0.8353249306173396,2.4614058689198197,2.4614058689198197,0.3420981642112701,0.1420597262267499,0.9662389444232654,True,True,True,True,FULL,FULL_direct_exp_rank_3
194,0.47,1.5599999999999998,0.9,0.6583333333333333,0.6583333333333333,2.1587521490528645,3.2051282051282053,2.8170854823861977,5.267358968714256,0.6583333333333333,1.912156930096592,3.2051282051282053,2.570490263429926,5.630594636567322,-0.24659521895627257,0.24659521895627257,-0.2465952189562719,0.2465952189562719,0.3632356678530657,0.3632356678530657,0.0075497683697006,0.0051293151699795,0.9972396612488228,True,True,True,True,FULL,FULL_direct_exp_rank_3
195,0.49,2.1875,5.79,4.2505,4.2505,7.336962282580967,2.2857142857142856,11.587462282580969,5.320972461121309,4.2505,6.275557264133032,2.2857142857142856,10.526057264133032,6.18562318339707,-1.0614050184479353,1.0614050184479353,-1.061405018447937,1.061405018447937,0.8646507222757602,0.8646507222757602,0.0920523362548836,0.0566862397549029,0.9881562266262612,True,True,True,True,FULL,FULL_direct_exp_rank_3
196,1.09,3.86,17.51,14.9375,14.9375,16.553387035413166,1.2953367875647668,31.490887035413166,2.8169440230151195,14.9375,14.286376039957226,1.2953367875647668,29.223876039957226,3.184109715271906,-2.2670109954559408,2.2670109954559408,-2.2670109954559408,2.2670109954559408,0.3671656922567865,0.3671656922567865,0.2326820001948372,0.1298025524617979,0.9921942762910668,True,True,True,True,FULL,FULL_direct_exp_rank_3
197,0.14,2.0725,0.99,0.65575,0.65575,0.5146811885872504,2.4125452352231607,1.1704311885872505,25.510159206488257,0.65575,0.7421002333147471,2.4125452352231607,1.3978502333147471,14.06404658774927,0.22741904472749663,0.22741904472749663,0.22741904472749663,0.22741904472749663,-11.446112618738987,11.446112618738987,0.0428780327612595,0.025927570490194,0.8695173777889524,True,True,True,True,FULL,FULL_direct_exp_rank_3
198,0.4,2.9125,5.46,4.44825,4.44825,2.4337808805815433,1.7167381974248928,6.882030880581543,8.688241808193261,4.44825,2.335573444350379,1.7167381974248928,6.783823444350379,9.312247698898714,-0.09820743623116446,0.09820743623116446,-0.09820743623116446,0.09820743623116446,0.6240058907054529,0.6240058907054529,0.0289008316232764,0.0134802151769849,0.9980467856275635,True,True,True,True,FULL,FULL_direct_exp_rank_3
199,2.66,4.3725000000000005,17.29,16.490000000000002,16.490000000000002,37.39926722177272,1.1435105774728416,53.88926722177272,1.504191322919805,16.490000000000002,37.14368861170911,1.1435105774728416,53.63368861170911,1.5070869671286202,-0.2555786100636084,0.2555786100636084,-0.2555786100636084,0.2555786100636084,0.0028956442088152734,0.0028956442088152734,0.0052287135256152,0.0031369439699597,0.9999974819504046,True,True,True,True,FULL,FULL_direct_exp_rank_3
200,1.09,1.85,0.51,0.452,0.452,3.5013968656521643,2.702702702702702,3.953396865652164,3.161464776235545,0.452,3.8177551169151194,2.702702702702702,4.269755116915119,3.118389472624969,0.316358251262955,0.316358251262955,0.31635825126295547,0.31635825126295547,-0.043075303610575766,0.043075303610575766,0.0014723599388505,0.0009237266628386,0.9997563866350432,True,True,True,True,FULL,FULL_direct_exp_rank_3
201,4.54,28.00018033053748,3.73,3.372542584212134,3.372542584212134,0.9705608512144872,0.178570278511632,4.343103435426621,0.8969826858645201,3.372542584212134,3.5681615497974475,0.178570278511632,6.940704134009581,0.3813681946854267,2.5976006985829603,2.5976006985829603,2.5976006985829603,2.5976006985829603,-0.5156144911790934,0.5156144911790934,0.2370065213873639,0.1532949737070501,0.7381341271220454,True,True,True,True,FULL,FULL_direct_exp_rank_3
202,5.68,6.0,13.66,13.51,13.51,45.684267603740025,0.8333333333333334,59.19426760374002,0.9611956816495174,13.51,60.73982100110195,0.8333333333333334,74.24982100110195,0.9267039080452756,15.055553397361926,15.055553397361926,15.055553397361926,15.055553397361926,-0.03449177360424183,0.03449177360424183,0.0790039443871365,0.0421188629123172,0.9989327527618274,True,True,True,True,FULL,FULL_direct_exp_rank_3
203,8.16,15.0,0.64,0.4826666666666666,0.4826666666666666,11.163229285157737,0.3333333333333333,11.645895951824402,0.3680224492093827,0.4826666666666666,6.9032565988137415,0.3333333333333333,7.385923265480408,0.3936514720826322,-4.259972686343995,4.259972686343995,-4.2599726863439935,4.2599726863439935,0.025629022873249474,0.025629022873249474,0.0124282756542704,0.0079716580381369,0.990934994290528,True,True,True,True,FULL,FULL_direct_exp_rank_3
204,9.63,15.0,1.15,0.9263333333333332,0.9263333333333332,31.67109901569681,0.3333333333333333,32.59743234903014,0.356302565715436,0.9263333333333332,29.743930929906508,0.3333333333333333,30.67026426323984,0.3579306060164033,-1.9271680857903029,1.9271680857903029,-1.9271680857903029,1.9271680857903029,0.001628040300967304,0.001628040300967304,0.0019007486228195,0.0012020214677942,0.9999412354841918,True,True,True,True,FULL,FULL_direct_exp_rank_3
205,8.17,15.0,1.67,1.391,1.391,14.757831874738754,0.3333333333333333,16.148831874738754,0.3859250855203011,1.391,11.714739735865171,0.3333333333333333,13.105739735865171,0.4022178125041094,-3.0430921388735825,3.0430921388735825,-3.0430921388735825,3.0430921388735825,0.016292726983808292,0.016292726983808292,0.0156370681577891,0.0098815417029312,0.9974293978440189,True,True,True,True,FULL,FULL_direct_exp_rank_3
206,7.68,15.0,2.36,1.9943333333333333,1.9943333333333333,14.016889640854824,0.3333333333333333,16.011222974188158,0.404258783461519,1.9943333333333333,10.3384524443375,0.3333333333333333,12.332785777670832,0.4359403077181271,-3.678437196517324,3.678437196517324,-3.6784371965173257,3.6784371965173257,0.031681524256608085,0.031681524256608085,0.0351309411107623,0.021924840913193,0.9930967527976824,True,True,True,True,FULL,FULL_direct_exp_rank_3
207,12.65,17.5,2.87,2.478,2.478,85.54466261294648,0.2857142857142857,88.02266261294648,0.3027127732951231,2.478,230.23424998670495,0.2857142857142857,232.71224998670496,0.2917222508540665,144.68958737375846,144.68958737375846,144.68958737375849,144.68958737375849,-0.010990522441056583,0.010990522441056583,0.0390710102510088,0.0236177436336488,0.9956096895680984,True,True,True,True,FULL,FULL_direct_exp_rank_3
209,0.55,3.75,0.015,0.014,0.014,0.0024195869070291,1.3333333333333333,0.0164195869070291,8.395940887010124,0.014,0.0027181543914625,1.3333333333333333,0.0167181543914625,7.276648768398511,0.0002985674844334001,0.0002985674844334001,0.00029856748443339923,0.00029856748443339923,-1.1192921186116127,1.1192921186116127,0.0001539021376745,6.004094990278319e-05,0.992702090635354,True,True,True,True,FULL,FULL_direct_exp_rank_3
210,0.73,3.75,0.017,0.0155,0.0155,0.0049950016940742,1.3333333333333333,0.0204950016940742,5.436911505105911,0.0155,0.0047877769405694,1.3333333333333333,0.0202877769405694,5.7324310019115226,-0.0002072247535048,0.0002072247535048,-0.00020722475350479913,0.00020722475350479913,0.2955194968056114,0.2955194968056114,7.620815755108691e-05,3.3081197956199275e-05,0.9988541261933226,True,True,True,True,FULL,FULL_direct_exp_rank_3
211,0.73,3.75,0.031,0.0205,0.0205,0.0421170527109933,1.3333333333333333,0.0626170527109933,3.3538139443417307,0.0205,0.0298238412028683,1.3333333333333333,0.0503238412028683,5.729216629284249,-0.012293211508125002,0.012293211508125002,-0.012293211508124999,0.012293211508124999,2.375402684942518,2.375402684942518,0.0017862146612503,0.0009800633413478,0.8538471353367085,True,True,True,True,FULL,FULL_direct_exp_rank_3
212,0.56,4.25,0.032,0.0305,0.0305,0.0032729190185453,1.1764705882352942,0.0337729190185453,9.217143579218789,0.0305,0.0038189622083813,1.1764705882352942,0.0343189622083813,7.638751747256489,0.0005460431898360002,0.0005460431898360002,0.0005460431898359971,0.0005460431898359971,-1.5783918319622998,1.5783918319622998,0.0004011833461077,0.0001397277866716,0.9883207039563636,True,True,True,True,FULL,FULL_direct_exp_rank_3
213,0.61,4.25,0.036,0.032,0.032,0.0097117896904809,1.1764705882352942,0.0417117896904809,6.613265489413038,0.032,0.0092630001691355,1.1764705882352942,0.0412630001691355,7.172184443693112,-0.00044878952134540066,0.00044878952134540066,-0.0004487895213454024,0.0004487895213454024,0.5589189542800739,0.5589189542800739,0.0002161279307292,8.589665924349232e-05,0.997466182373212,True,True,True,True,FULL,FULL_direct_exp_rank_3
214,0.8,4.25,0.041,0.0365,0.0365,0.0146135447707714,1.1764705882352942,0.0511135447707714,4.687843076991533,0.0365,0.0128672120494044,1.1764705882352942,0.0493672120494044,5.690599733819349,-0.0017463327213670006,0.0017463327213670006,-0.001746332721367004,0.001746332721367004,1.002756656827816,1.002756656827816,0.0006810522557269,0.000290477879879,0.9838642315789896,True,True,True,True,FULL,FULL_direct_exp_rank_3
215,0.85,4.25,0.053,0.0412499999999999,0.0412499999999999,0.0449535990108785,1.1764705882352942,0.0862035990108784,3.4008265344224067,0.0412499999999999,0.0340847591690807,1.1764705882352942,0.0753347591690806,5.36332526445783,-0.010868839841797803,0.010868839841797803,-0.010868839841797803,0.010868839841797803,1.9624987300354237,1.9624987300354237,0.0023983960558769,0.0011724663798207,0.8910713602330569,True,True,True,True,FULL,FULL_direct_exp_rank_3
216,1.18,4.75,0.072,0.06875,0.06875,0.0144953537063408,1.0526315789473684,0.0832453537063408,3.803418428356459,0.06875,0.0135965175534601,1.0526315789473684,0.0823465175534601,4.06948410212092,-0.0008988361528807012,0.0008988361528807012,-0.0008988361528806943,0.0008988361528806943,0.2660656737644609,0.2660656737644609,0.0004474440684422,0.0001874274463267,0.9981534662719638,True,True,True,True,FULL,FULL_direct_exp_rank_3
217,1.07,4.75,0.082,0.07425,0.07425,0.0316745022212473,1.0526315789473684,0.1059245022212473,3.494012368300583,0.07425,0.0262803961823765,1.0526315789473684,0.1005303961823765,4.552165340923305,-0.005394106038870798,0.005394106038870798,-0.005394106038870805,0.005394106038870805,1.0581529726227221,1.0581529726227221,0.002032031507923,0.0008818717284928,0.9684696389038272,True,True,True,True,FULL,FULL_direct_exp_rank_3
218,0.99,4.75,0.091,0.0815,0.0815,0.0350845623553453,1.0526315789473684,0.1165845623553453,3.740061038065954,0.0815,0.0292675685234185,1.0526315789473684,0.1107675685234185,4.95174620385355,-0.005816993831926801,0.005816993831926801,-0.005816993831926798,0.005816993831926798,1.2116851657875962,1.2116851657875962,0.0023160883693299,0.0009879687201665,0.9647788072817128,True,True,True,True,FULL,FULL_direct_exp_rank_3
219,1.33,4.75,0.123,0.109,0.109,0.0845437839006371,1.0526315789473684,0.1935437839006371,2.512415047002486,0.109,0.0633095874066368,1.0526315789473684,0.1723095874066368,3.5126668361702365,-0.02123419649400031,0.02123419649400031,-0.021234196494000296,0.021234196494000296,1.0002517891677503,1.0002517891677503,0.0045159215508055,0.0021914872181418,0.940408459489149,True,True,True,True,FULL,FULL_direct_exp_rank_3
220,0.57,3.0,0.057,0.045,0.045,0.0423378142666348,1.6666666666666667,0.0873378142666348,5.252909248352316,0.045,0.0369385683867023,1.6666666666666667,0.0819385683867023,6.279500158071914,-0.005399245879932499,0.005399245879932499,-0.005399245879932499,0.005399245879932499,1.026590909719598,1.026590909719598,0.0009433627452642,0.0004995363305766,0.9847724505461932,True,True,True,True,FULL,FULL_direct_exp_rank_3
221,0.74,3.0,0.052,0.0426666666666666,0.0426666666666666,0.0483380999196384,1.6666666666666667,0.091004766586305,3.990648101805694,0.0426666666666666,0.0394458228910544,1.6666666666666667,0.082112489557721,4.917431391240229,-0.008892277028584,0.008892277028584,-0.008892277028584,0.008892277028584,0.9267832894345354,0.9267832894345354,0.0011419770211006,0.0006233719611272,0.976852543245639,True,True,True,True,FULL,FULL_direct_exp_rank_3
222,1.17,3.75,0.042,0.037,0.037,0.0379972465016185,1.3333333333333333,0.0749972465016185,2.7555455668379523,0.037,0.0294298535559627,1.3333333333333333,0.0664298535559627,3.4418946970504045,-0.008567392945655804,0.008567392945655804,-0.008567392945655797,0.008567392945655797,0.6863491302124523,0.6863491302124523,0.0010764376272823,0.0005692432425794,0.9729311401653294,True,True,True,True,FULL,FULL_direct_exp_rank_3
223,2.7,4.333333333333333,0.036,0.0356666666666666,0.0356666666666666,0.012315781767816,1.153846153846154,0.0479824484344826,2.0063850757344786,0.0356666666666666,0.0448398811332473,1.153846153846154,0.0805065477999139,1.4385322470648714,0.0325240993654313,0.0325240993654313,0.0325240993654313,0.0325240993654313,-0.5678528286696072,0.5678528286696072,0.0013368664241662,0.0007745180303613,0.963043927248176,True,True,True,True,FULL,FULL_direct_exp_rank_3
224,0.75,3.5,0.022,0.02125,0.02125,0.0026705992767688,1.4285714285714286,0.0239205992767688,6.637578410976577,0.02125,0.003498492704111,1.4285714285714286,0.024748492704111,5.348077131486902,0.0008278934273421999,0.0008278934273421999,0.0008278934273421995,0.0008278934273421995,-1.2895012794896745,1.2895012794896745,0.0003932859499807,0.0001623358281572,0.9827713393978388,True,True,True,True,FULL,FULL_direct_exp_rank_3
225,1.15,3.5,0.021,0.02,0.02,0.0073958891535081,1.4285714285714286,0.0273958891535081,3.6113543932907137,0.02,0.0082659251931205,1.4285714285714286,0.0282659251931205,3.35165340219245,0.0008700360396124013,0.0008700360396124013,0.0008700360396123978,0.0008700360396123978,-0.25970099109826394,0.25970099109826394,0.00015978076134,7.987538232181797e-05,0.9977523482430792,True,True,True,True,FULL,FULL_direct_exp_rank_3
226,1.1,3.5,0.02,0.01925,0.01925,0.004956977641193,1.4285714285714286,0.024206977641193,4.054827267846036,0.01925,0.006122880558035,1.4285714285714286,0.025372880558035,3.5306685363048222,0.0011659029168419998,0.0011659029168419998,0.0011659029168420015,0.0011659029168420015,-0.5241587315412142,0.5241587315412142,0.000271457021895,0.0001309164123606,0.992579245592749,True,True,True,True,FULL,FULL_direct_exp_rank_3
227,1.25,3.5,0.019,0.01875,0.01875,0.0019847706438796,1.4285714285714286,0.0207347706438796,4.418502888206739,0.01875,0.0046149462391401,1.4285714285714286,0.0233649462391401,3.038272958966566,0.0026301755952605,0.0026301755952605,0.0026301755952605026,0.0026301755952605026,-1.3802299292401736,1.3802299292401736,0.0006912208190183,0.000330175567899,0.9486338209386376,True,True,True,True,FULL,FULL_direct_exp_rank_3
228,0.7,3.0,0.059,0.0456666666666666,0.0456666666666666,0.0656740182268081,1.6666666666666667,0.1113406848934747,3.9285722676402535,0.0456666666666666,0.0509922540976601,1.6666666666666667,0.0966589207643267,5.195337286210333,-0.014681764129147998,0.014681764129147998,-0.014681764129148012,0.014681764129148012,1.2667650185700796,1.2667650185700796,0.0017660746038248,0.0009883585875004,0.9569102633217482,True,True,True,True,FULL,FULL_direct_exp_rank_3
229,0.8,3.75,0.039,0.03775,0.03775,0.0044128695173391,1.3333333333333333,0.0421628695173391,6.31959788609588,0.03775,0.0055215917543371,1.3333333333333333,0.0432715917543371,5.247317045460307,0.0011087222369979997,0.0011087222369979997,0.001108722236997997,0.001108722236997997,-1.0722808406355728,1.0722808406355728,0.0005997831914498,0.0002414670894862,0.987173178511756,True,True,True,True,FULL,FULL_direct_exp_rank_3
230,1.1,3.75,0.031,0.03025,0.03025,0.004226216061608,1.3333333333333333,0.034476216061608,4.574641618565765,0.03025,0.0059154442668815,1.3333333333333333,0.0361654442668815,3.704365483646079,0.0016892282052735005,0.0016892282052735005,0.0016892282052735005,0.0016892282052735005,-0.8702761349196857,0.8702761349196857,0.0006126507217441,0.0002752916508655,0.9830957443904444,True,True,True,True,FULL,FULL_direct_exp_rank_3
234,0.99,3.0,0.523,0.4803333333333333,0.4803333333333333,0.3422582854093307,1.6666666666666667,0.822591618742664,3.6102895519762694,0.4803333333333333,0.3433671932886171,1.6666666666666667,0.8237005266219504,3.602366165850764,0.0011089078792864138,0.0011089078792864138,0.0011089078792864138,0.0011089078792864138,-0.00792338612550525,0.00792338612550525,0.0001232439482473,6.628407203656317e-05,0.9999978304843984,True,True,True,True,FULL,FULL_direct_exp_rank_3
235,1.49,3.0,0.929,0.87,0.87,1.3911680147990315,1.6666666666666667,2.261168014799032,2.4688599946843404,0.87,1.5868376040217091,1.6666666666666667,2.4568376040217093,2.35577033402297,0.19566958922267763,0.19566958922267763,0.1956695892226774,0.1956695892226774,-0.1130896606613705,0.1130896606613705,0.0057977286198482,0.0034227235176286,0.998812129252641,True,True,True,True,FULL,FULL_direct_exp_rank_3
236,2.48,3.5,1.278,1.2245,1.2245,4.974718816480315,1.4285714285714286,6.199218816480315,1.7047169871616714,1.2245,7.247559711429211,1.4285714285714286,8.47205971142921,1.6103008323454575,2.2728408949488967,2.2728408949488967,2.272840894948896,2.272840894948896,-0.0944161548162139,0.0944161548162139,0.0126681687500444,0.0074834566142814,0.9971367303633406,True,True,True,True,FULL,FULL_direct_exp_rank_3
238,1.16,3.0,0.606,0.5299999999999999,0.5299999999999999,0.9995028593983644,1.6666666666666667,1.5295028593983642,2.6762963684092975,0.5299999999999999,0.8004403267439398,1.6666666666666667,1.3304403267439395,3.0254334684075195,-0.19906253265442453,0.19906253265442453,-0.19906253265442464,0.19906253265442464,0.34913709999822196,0.34913709999822196,0.0097982747454337,0.0057236349180115,0.9905050024698286,True,True,True,True,FULL,FULL_direct_exp_rank_3
239,2.0,3.5,0.785,0.745,0.745,1.4880839300345443,1.4285714285714286,2.2330839300345446,1.9471028822830023,0.745,1.7818009842816296,1.4285714285714286,2.5268009842816297,1.8511051930160436,0.2937170542470853,0.2937170542470853,0.29371705424708505,0.29371705424708505,-0.09599768926695873,0.09599768926695873,0.0057718720137528,0.0034609171410295,0.9984680900356944,True,True,True,True,FULL,FULL_direct_exp_rank_3
240,1.84,3.0,1.067,0.9266666666666667,0.9266666666666667,11.34965538746409,1.6666666666666667,12.276322054130755,1.8769974838423913,0.9266666666666667,7.648217074188898,1.6666666666666667,8.574883740855565,2.0009881832372067,-3.701438313275191,3.701438313275191,-3.7014383132751902,3.7014383132751902,0.12399069939481544,0.12399069939481544,0.0178474750425284,0.0111463554706555,0.992195341209284,True,True,True,True,FULL,FULL_direct_exp_rank_3
241,2.5,3.5,1.53,1.435,1.435,11.191062390354295,1.4285714285714286,12.626062390354296,1.6206039521105755,1.435,12.136832191240034,1.4285714285714286,13.571832191240034,1.603786086805315,0.9457698008857385,0.9457698008857385,0.9457698008857385,0.9457698008857385,-0.016817865305260415,0.016817865305260415,0.0035009945281408,0.0020775268167928,0.9998425165264744,True,True,True,True,FULL,FULL_direct_exp_rank_3
242,1.28,13.0,0.381,0.236,0.236,0.2798827945510767,0.3846153846153846,0.5158827945510767,2.332154177278262,0.236,0.2374689056239643,0.3846153846153846,0.4734689056239643,6.3245038342625435,-0.04241388892711237,0.04241388892711237,-0.04241388892711234,0.04241388892711234,3.9923496569842816,3.9923496569842816,0.0251931101194501,0.0087978274657126,0.7636539890047626,True,True,True,True,FULL,FULL_direct_exp_rank_3
243,1.94,13.0,1.479,1.139,1.139,0.9051763320711632,0.3846153846153846,2.0441763320711632,1.6142343389282214,1.139,0.7185298415461856,0.3846153846153846,1.8575298415461856,4.0510958820847875,-0.18664649052497762,0.18664649052497762,-0.18664649052497762,0.18664649052497762,2.4368615431565663,2.4368615431565663,0.1100933444250945,0.0403369017983599,0.6513885712800727,True,True,True,True,FULL,FULL_direct_exp_rank_3
244,2.29,13.0,30.401,2.493,2.493,191.4872115140508,0.3846153846153846,193.9802115140508,0.5794840127037909,2.493,148.06517161385557,0.3846153846153846,150.55817161385556,0.6567722410019315,-43.422039900195244,43.422039900195244,-43.422039900195244,43.422039900195244,0.07728822829814064,0.07728822829814064,0.7516562919400025,0.6268927982339704,0.9937435012610568,True,True,True,True,FULL,FULL_direct_exp_rank_3
245,3.95,13.0,5.488,4.171,4.171,11.473466241634494,0.3846153846153846,15.644466241634497,0.6512771868667829,4.171,6.228729852765352,0.3846153846153846,10.399729852765352,1.370483318174721,-5.244736388869142,5.244736388869142,-5.2447363888691445,5.2447363888691445,0.719206131307938,0.719206131307938,0.599955981469602,0.3123311876040221,0.5171992766886995,True,True,True,True,FULL,FULL_direct_exp_rank_3
246,0.34,13.0,0.306,0.104,0.104,0.238125551076079,0.3846153846153846,0.342125551076079,11.465962069935722,0.104,0.2368213290695536,0.3846153846153846,0.3408213290695536,11.985031843857213,-0.0013042220065253851,0.0013042220065253851,-0.0013042220065254129,0.0013042220065254129,0.5190697739214905,0.5190697739214905,0.0004416819712353,0.0002059142672452,0.9999319171064288,True,True,True,True,FULL,FULL_direct_exp_rank_3
247,0.55,13.0,1.422,0.768,0.768,0.854926430267495,0.3846153846153846,1.622926430267495,6.829794290098721,0.768,0.8155430420537224,0.3846153846153846,1.5835430420537224,10.122446327997272,-0.03938338821377263,0.03938338821377263,-0.03938338821377263,0.03938338821377263,3.2926520378985513,3.2926520378985513,0.0223629738267433,0.0075902716475924,0.986764058026834,True,True,True,True,FULL,FULL_direct_exp_rank_3
248,1.07,13.0,2.417,1.547,1.547,1.4889207977309928,0.3846153846153846,3.0359207977309928,3.0462519251595546,1.547,1.315862564440564,0.3846153846153846,2.862862564440564,6.824325119302653,-0.1730582332904289,0.1730582332904289,-0.1730582332904289,0.1730582332904289,3.7780731941430985,3.7780731941430985,0.1149954842816223,0.0380673371533584,0.8611825371091656,True,True,True,True,FULL,FULL_direct_exp_rank_3
249,1.08,13.0,4.482,3.316,3.316,1.9761134955053168,0.3846153846153846,5.292113495505316,3.3738748448845737,3.316,1.772848469290122,0.3846153846153846,5.088848469290122,6.566552845600826,-0.2032650262151947,0.2032650262151947,-0.2032650262151945,0.2032650262151945,3.1926780007162527,3.1926780007162527,0.1693428512917957,0.0516620273939452,0.8870796283584572,True,True,True,True,FULL,FULL_direct_exp_rank_3
250,0.1,15.0,0.367,0.136,0.136,0.2402542971419538,0.3333333333333333,0.3762542971419538,56.09759499434641,0.136,0.3539592377562087,0.3333333333333333,0.4899592377562087,14.815982416420232,0.1137049406142549,0.1137049406142549,0.1137049406142549,0.1137049406142549,-41.281612577926175,41.281612577926175,0.0300409908823399,0.0170995311226104,0.7195774678028459,True,True,True,True,FULL,FULL_direct_exp_rank_3
251,0.67,15.0,1.297,0.843,0.843,0.5998183417647385,0.3333333333333333,1.4428183417647384,6.0080454699914485,0.843,0.5706639826133804,0.3333333333333333,1.4136639826133803,9.492653639360435,-0.02915435915135811,0.02915435915135811,-0.02915435915135811,0.02915435915135811,3.484608169368987,3.484608169368987,0.0226412604395372,0.0064972683748801,0.9776160274769736,True,True,True,True,FULL,FULL_direct_exp_rank_3
252,0.78,15.0,3.232,2.23,2.23,1.3862854300913423,0.3333333333333333,3.6162854300913425,5.115435733153055,2.23,1.3058448772979836,0.3333333333333333,3.5358448772979836,8.444668117210576,-0.08044055279335871,0.08044055279335871,-0.08044055279335893,0.08044055279335893,3.32923238405752,3.32923238405752,0.0684260490620858,0.0190906173939317,0.9642160708220828,True,True,True,True,FULL,FULL_direct_exp_rank_3
253,2.08,15.0,4.233,3.386,3.386,2.0681407318693763,0.3333333333333333,5.454140731869376,1.6219591173534793,3.386,1.6989784387002294,0.3333333333333333,5.0849784387002295,3.696012553905436,-0.36916229316914695,0.36916229316914695,-0.36916229316914695,0.36916229316914695,2.0740534365519565,2.0740534365519565,0.2629078223794531,0.0910539216009256,0.7366765215248787,True,True,True,True,FULL,FULL_direct_exp_rank_3
254,0.42,15.0,0.464,0.223,0.223,0.286841251907236,0.3333333333333333,0.509841251907236,9.785018691865965,0.223,0.2820412606156302,0.3333333333333333,0.5050412606156301,11.40660091255876,-0.0047999912916057985,0.0047999912916057985,-0.0047999912916057985,0.0047999912916057985,1.6215822206927957,1.6215822206927957,0.0020509410667279,0.0008208354544534,0.9990675108925337,True,True,True,True,FULL,FULL_direct_exp_rank_3
255,1.34,15.0,1.532,0.812,0.812,1.3202731944591186,0.3333333333333333,2.1322731944591187,2.118955632610797,0.812,1.1265336543078563,0.3333333333333333,1.9385336543078564,5.90678680787542,-0.19373954015126227,0.19373954015126227,-0.19373954015126227,0.19373954015126227,3.7878311752646234,3.7878311752646234,0.1020092217925327,0.0370128950557709,0.8108655425732455,True,True,True,True,FULL,FULL_direct_exp_rank_3
256,1.56,15.0,2.845,1.821,1.821,2.049502462074934,0.3333333333333333,3.870502462074933,1.917214666999875,1.821,1.7249004895657805,0.3333333333333333,3.5459004895657804,4.984351010089191,-0.32460197250915335,0.32460197250915335,-0.3246019725091527,0.3246019725091527,3.0671363430893157,3.0671363430893157,0.186447683116335,0.0663819650790337,0.7588863933368737,True,True,True,True,FULL,FULL_direct_exp_rank_3
257,1.9,15.0,4.37,3.015,3.015,3.1599174946212627,0.3333333333333333,6.174917494621263,1.5540138559861083,3.015,2.5585604843578102,0.3333333333333333,5.57356048435781,3.9387286005555513,-0.6013570102634525,0.6013570102634525,-0.6013570102634525,0.6013570102634525,2.384714744569443,2.384714744569443,0.3123580381416871,0.1169081103815337,0.700343806903626,True,True,True,True,FULL,FULL_direct_exp_rank_3
258,2.09,15.0,55.263,3.813,3.813,190.18212243089908,0.3333333333333333,193.99512243089907,0.7174733228095233,3.813,1233.684682980591,0.3333333333333333,1237.4976829805914,0.3766349726917587,1043.5025605496921,1043.5025605496921,1043.5025605496924,1043.5025605496924,-0.34083835011776453,0.34083835011776453,8.325311774909286,6.913591301827818,0.7638025116686394,True,True,True,True,FULL,FULL_direct_exp_rank_3
284,0.27,1.6652089623887931,2.655,1.3036485066778338,1.3036485066778338,4.61028992899217,3.002626164602998,5.913938435670004,7.913618795998358,1.3036485066778338,9.383011445591112,3.002626164602998,10.686659952268949,4.934558957043128,4.772721516598942,4.772721516598942,4.772721516598945,4.772721516598945,-2.97905983895523,2.97905983895523,0.1633609840252792,0.1295497029947417,0.8860972333374281,True,True,True,True,FULL,FULL_direct_exp_rank_3
285,0.5,3.083720300719987,2.417,0.6555920235894309,0.6555920235894309,7.127781251237852,1.621418128885619,7.783373274827283,3.420782268328867,0.6555920235894309,7.722201302200604,1.621418128885619,8.377793325790035,3.2237973430201605,0.5944200509627526,0.5944200509627526,0.5944200509627526,0.5944200509627526,-0.1969849253087066,0.1969849253087066,0.0220176884392324,0.0174098673514857,0.9986486013291848,True,True,True,True,FULL,FULL_direct_exp_rank_3
286,0.88,5.4273477292671775,5.477,2.848434309388562,2.848434309388562,8.806082929225237,0.9212603005031926,11.6545172386138,2.5046228694450243,2.848434309388562,9.660305189533052,0.9212603005031926,12.508739498921614,2.2910117249100654,0.8542222603078145,0.8542222603078145,0.8542222603078145,0.8542222603078145,-0.21361114453495889,0.21361114453495889,0.0548937200542197,0.0400323009905852,0.996709716301772,True,True,True,True,FULL,FULL_direct_exp_rank_3
287,0.29,1.7885577744175924,3.214,1.959240530267265,1.959240530267265,3.9894927128527247,2.7955484980786536,5.94873324311999,8.412171305906568,1.959240530267265,8.711931202379706,2.7955484980786536,10.671171732646972,4.845206439119627,4.722438489526981,4.722438489526981,4.722438489526982,4.722438489526982,-3.5669648667869414,3.5669648667869414,0.1984633776674119,0.1536106347497404,0.8388094516868042,True,True,True,True,FULL,FULL_direct_exp_rank_3
288,0.44,2.7136738646335887,3.179,1.959240530267265,1.959240530267265,3.8637545585443656,1.8425206010063853,5.822995088811631,5.589277438658442,1.959240530267265,6.59816372071288,1.8425206010063853,8.557404250980145,3.6552579549352897,2.7344091621685145,2.7344091621685145,2.7344091621685145,2.7344091621685145,-1.9340194837231524,1.9340194837231524,0.1444242798470781,0.1085452233127219,0.9111453121386206,True,True,True,True,FULL,FULL_direct_exp_rank_3
289,0.44,2.7136738646335887,5.856,2.848434309388562,2.848434309388562,10.290924987900752,1.8425206010063853,13.139359297289314,4.832563228905287,2.848434309388562,15.998226746944574,1.8425206010063853,18.846661056333136,3.464302877138108,5.707301759043823,5.707301759043823,5.707301759043823,5.707301759043823,-1.3682603517671792,1.3682603517671792,0.2444203290063306,0.1897583973765524,0.9482880929269728,True,True,True,True,FULL,FULL_direct_exp_rank_3
291,0.42,2.590325052604789,4.293,1.959240530267265,1.959240530267265,8.144262348078403,1.9302596772447849,10.103502878345669,4.906645401620717,1.959240530267265,12.357385996808112,1.9302596772447849,14.316626527075378,3.5975419754213966,4.2131236487297095,4.2131236487297095,4.2131236487297095,4.2131236487297095,-1.3091034261993206,1.3091034261993206,0.1729796698339614,0.1350206262893939,0.9558503577423562,True,True,True,True,FULL,FULL_direct_exp_rank_3
292,0.27,1.6652089623887931,1.816,0.6555920235894309,0.6555920235894309,4.340373544875488,3.002626164602998,4.99596556846492,6.93036783035678,0.6555920235894309,7.759960978199341,3.002626164602998,8.415553001788773,4.821731879450108,3.4195874333238523,3.4195874333238523,3.419587433323853,3.419587433323853,-2.108635950906672,2.108635950906672,0.0994372257187066,0.0800491063731126,0.9378647113959852,True,True,True,True,FULL,FULL_direct_exp_rank_3
293,0.55,3.392092330791986,3.752,1.3488617496840016,1.3488617496840016,8.999404803617814,1.4740164808051082,10.348266553301816,3.397073578572742,1.3488617496840016,10.537248158058093,1.4740164808051082,11.886109907742094,3.001280699286693,1.5378433544402785,1.5378433544402785,1.5378433544402785,1.5378433544402785,-0.395792879286049,0.395792879286049,0.0648567823622632,0.0505665713567656,0.993833389019444,True,True,True,True,FULL,FULL_direct_exp_rank_3
295,1.2,7.400928721727968,0.0307,0.0217962758401608,0.0217962758401608,0.0268208917452208,0.6755908870356747,0.0486171675853816,2.3157906832156443,0.0217962758401608,0.0273711963036387,0.6755908870356747,0.0491674721437995,2.2602470207812497,0.0005503045584179002,0.0005503045584179002,0.0005503045584178967,0.0005503045584178967,-0.05554366243439457,0.05554366243439457,6.72656813221414e-05,4.126168002578028e-05,0.9997408393076628,True,True,True,True,FULL,FULL_direct_exp_rank_3
296,2.0,12.334881202879949,0.131,0.0508579769603752,0.0508579769603752,0.2935284290129898,0.4053545322214048,0.344386405973365,0.9614433155844516,0.0508579769603752,0.2049756046673713,0.4053545322214048,0.2558335816277465,1.57429895925028,-0.08855282434561851,0.08855282434561851,-0.08855282434561851,0.08855282434561851,0.6128556436658285,0.6128556436658285,0.0076473604644657,0.0051395656894014,0.9237883158675032,True,True,True,True,FULL,FULL_direct_exp_rank_3
297,1.8,11.101393082591954,0.046,0.0145308505601072,0.0145308505601072,0.1222071066849876,0.4503939246904497,0.1367379572450948,0.9937795159488002,0.0145308505601072,0.080208697118767,0.4503939246904497,0.0947395476788742,1.732853500383866,-0.0419984095662206,0.0419984095662206,-0.0419984095662206,0.0419984095662206,0.7390739844350659,0.7390739844350659,0.00321423963504,0.0022226826835384,0.9105430059612248,True,True,True,True,FULL,FULL_direct_exp_rank_3
302,0.75,4.625580451079981,0.055,0.0153092991217785,0.0153092991217785,0.1595143577214117,1.080945419257079,0.1748236568431902,2.2969478423570417,0.0153092991217785,0.1277613539598253,1.080945419257079,0.1430706530816038,2.831981802430639,-0.03175300376158641,0.03175300376158641,-0.03175300376158641,0.03175300376158641,0.5350339600735974,0.5350339600735974,0.0016144206201808,0.0012263933925109,0.9857067915954624,True,True,True,True,FULL,FULL_direct_exp_rank_3
303,0.91,5.612370947310377,0.041,0.0153092991217785,0.0153092991217785,0.0951653865132687,0.8908890818052851,0.1104746856350472,2.0818876302589207,0.0153092991217785,0.0775733193580674,0.8908890818052851,0.0928826184798459,2.590408708335977,-0.0175920671552013,0.0175920671552013,-0.0175920671552013,0.0175920671552013,0.5085210780770564,0.5085210780770564,0.0011220141699859,0.0008182256906317,0.9839349534966252,True,True,True,True,FULL,FULL_direct_exp_rank_3
304,1.87,11.533113924692753,0.046,0.0153092991217785,0.0153092991217785,0.1174680513670647,0.4335342590603259,0.1327773504888432,0.9728764088168116,0.0153092991217785,0.0781536521716891,0.4335342590603259,0.0934629512934676,1.6782726112470674,-0.039314399195375604,0.039314399195375604,-0.039314399195375604,0.039314399195375604,0.7053962024302558,0.7053962024302558,0.0031068495417312,0.0021321839003317,0.9125094905109732,True,True,True,True,FULL,FULL_direct_exp_rank_3
305,2.17,13.383346105124744,0.042,0.0153092991217785,0.0153092991217785,0.0995579974430193,0.373598647208668,0.1148672965647978,0.8653228395367738,0.0153092991217785,0.0680168181177737,0.373598647208668,0.0833261172395522,1.454853209187544,-0.0315411793252456,0.0315411793252456,-0.0315411793252456,0.0315411793252456,0.5895303696507701,0.5895303696507701,0.0026327315089941,0.0017834142476312,0.9177748438457114,True,True,True,True,FULL,FULL_direct_exp_rank_3
311,1.45,8.942788872087963,1.14,0.7935883525311068,0.7935883525311068,1.051107361858608,0.5591096996157306,1.844695714389715,1.879665749713435,0.7935883525311068,1.0098745243006282,0.5591096996157306,1.8034628768317351,1.9775163733735113,-0.041232837557979796,0.041232837557979796,-0.041232837557979796,0.041232837557979796,0.09785062366007624,0.09785062366007624,0.0052860176896943,0.0031934525645821,0.99887282090464,True,True,True,True,FULL,FULL_direct_exp_rank_3
314,1.8,11.101393082591954,3.8,2.3726672172613705,2.3726672172613705,4.501119428750482,0.4503939246904497,6.873786646011853,1.379736428464202,2.3726672172613705,4.050229869961928,0.4503939246904497,6.422897087223299,1.5808872869284745,-0.4508895587885542,0.4508895587885542,-0.4508895587885542,0.4508895587885542,0.2011508584642725,0.2011508584642725,0.0504191231437174,0.0317713660837347,0.9922551578086576,True,True,True,True,FULL,FULL_direct_exp_rank_3
316,1.1,6.784184661583972,1.23,0.5909609098097346,0.5909609098097346,2.195000047586552,0.7370082404025541,2.7859609573962865,1.920963652491806,0.5909609098097346,1.8956836709959697,0.7370082404025541,2.486644580805704,2.2747019303979337,-0.2993163765905822,0.2993163765905822,-0.2993163765905824,0.2993163765905824,0.3537382779061278,0.3537382779061278,0.0233593857543247,0.0162814469229529,0.9894787805754776,True,True,True,True,FULL,FULL_direct_exp_rank_3
317,0.75,4.625580451079981,0.94,0.7727950359050375,0.7727950359050375,0.4751593936736535,1.080945419257079,1.247954429578691,4.459377299507828,0.7727950359050375,0.8030335675408213,1.080945419257079,1.5758286034458588,2.8222435857278816,0.32787417386716783,0.32787417386716783,0.3278741738671678,0.3278741738671678,-1.6371337137799467,1.6371337137799467,0.0348713860508455,0.022108392657916,0.9128844386452212,True,True,True,True,FULL,FULL_direct_exp_rank_3
320,1.3,8.017672781871967,3.7,1.9806931592524069,1.9806931592524069,5.70674005649928,0.6236223572636995,7.687433215751687,1.723838260148718,1.9806931592524069,5.164710930220526,0.6236223572636995,7.145404089472933,1.9361749350147837,-0.542029126278754,0.542029126278754,-0.542029126278754,0.542029126278754,0.21233667486606556,0.21233667486606556,0.045878909625037,0.0313363636094305,0.9947349767131228,True,True,True,True,FULL,FULL_direct_exp_rank_3
321,1.5,9.25116090215996,2.94,0.5553062574145964,0.5553062574145964,10.568278952724356,0.5404727096285398,11.123585210138952,1.04691166819964,0.5553062574145964,6.597086065692989,0.5404727096285398,7.152392323107585,1.7126264308528851,-3.971192887031367,3.971192887031367,-3.971192887031367,3.971192887031367,0.6657147626532451,0.6657147626532451,0.2097656588513206,0.1573034750673433,0.93255611724609,True,True,True,True,FULL,FULL_direct_exp_rank_3
322,1.7,10.484649022447956,1.47,1.1106125148291928,1.1106125148291928,1.0572811334663703,0.4768876849663586,2.1678936482955633,1.7502458150213789,1.1106125148291928,1.0480087183865785,0.4768876849663586,2.1586212332157713,1.770062590983969,-0.009272415079791818,0.009272415079791818,-0.00927241507979204,0.00927241507979204,0.019816775962590016,0.019816775962590016,0.0014342414394828,0.0008153062010942,0.9999441875860038,True,True,True,True,FULL,FULL_direct_exp_rank_3
323,1.7,10.484649022447956,7.35,2.2212250296583855,2.2212250296583855,20.160376750419932,0.4768876849663586,22.381601780078316,1.0379375597762583,2.2212250296583855,15.736527883459487,0.4768876849663586,17.957752913117872,1.331649762929509,-4.423848866960444,4.423848866960444,-4.423848866960444,4.423848866960444,0.29371220315325064,0.29371220315325064,0.2470453573062024,0.1846763909167398,0.9800437558274382,True,True,True,True,FULL,FULL_direct_exp_rank_3
327,0.1,0.6167440601439975,0.08,0.0796743371481683,0.0796743371481683,0.0008090983306987,8.107090644428094,0.080483435478867,77.68977402204777,0.0796743371481683,0.3759968152407597,8.107090644428094,0.455671152388928,10.048500499784607,0.375187716910061,0.375187716910061,0.37518771691006103,0.37518771691006103,-67.64127352226316,67.64127352226316,0.0107424913517256,0.0075559751966213,-0.3266016403492897,True,True,True,True,FULL,FULL_direct_exp_rank_3
329,1.2,7.400928721727968,0.024,0.0202072594216368,0.0202072594216368,0.010665146237602,0.6755908870356747,0.0308724056592388,2.9023919692701785,0.0202072594216368,0.0135717444986631,0.6755908870356747,0.0337790039202999,2.260957755036306,0.0029065982610611014,0.0029065982610611014,0.0029065982610610996,0.0029065982610610996,-0.6414342142338727,0.6414342142338727,0.0004770921666328,0.0002652049581864,0.97467875081231,True,True,True,True,FULL,FULL_direct_exp_rank_3
330,1.1,6.784184661583972,0.025,0.0202072594216368,0.0202072594216368,0.0137190748784508,0.7370082404025541,0.0339263343000876,2.9611290302817843,0.0202072594216368,0.0169834871434758,0.7370082404025541,0.0371907465651126,2.365331006526933,0.0032644122650249997,0.0032644122650249997,0.0032644122650249963,0.0032644122650249963,-0.5957980237548512,0.5957980237548512,0.0004612150531892,0.0002694213196998,0.9786984130164318,True,True,True,True,FULL,FULL_direct_exp_rank_3
331,1.25,7.709300751799968,0.047,0.0398371685740841,0.0398371685740841,0.0200809505252075,0.6485672515542477,0.0599181190992916,2.820311710406355,0.0398371685740841,0.0253630768054033,0.6485672515542477,0.0652002453794874,2.210815656760359,0.005282126280195802,0.005282126280195802,0.005282126280195802,0.005282126280195802,-0.6094960536459957,0.6094960536459957,0.0009068651957986,0.0004967808527272,0.9760818859928136,True,True,True,True,FULL,FULL_direct_exp_rank_3
332,1.2,7.400928721727968,0.05,0.0398371685740841,0.0398371685740841,0.0292663957131568,0.6755908870356747,0.0691035642872409,2.6576864448773354,0.0398371685740841,0.0338730539965955,0.6755908870356747,0.0737102225706796,2.2599071774807125,0.004606658283438699,0.004606658283438699,0.004606658283438703,0.004606658283438703,-0.39777926739662295,0.39777926739662295,0.0006739119667053,0.0003896727807901,0.9887581755004105,True,True,True,True,FULL,FULL_direct_exp_rank_3
333,1.6,9.86790496230396,0.093,0.0796743371481683,0.0796743371481683,0.0371742575975103,0.5066931652767559,0.1168485947456786,2.2486028629786348,0.0796743371481683,0.0432792359149233,0.5066931652767559,0.1229535730630916,1.896573100762785,0.006104978317413003,0.006104978317413003,0.006104978317412996,0.006104978317412996,-0.3520297622158497,0.3520297622158497,0.0012519827448819,0.0006478554908525,0.9883163142930278,True,True,True,True,FULL,FULL_direct_exp_rank_3
334,2.5,15.418601503599936,0.1,0.0796743371481683,0.0796743371481683,0.0585327914263222,0.3242836257771238,0.1382071285744905,1.275689493540873,0.0796743371481683,0.0603039026026748,0.3242836257771238,0.1399782397508431,1.2289831782720986,0.001771111176352598,0.001771111176352598,0.001771111176352591,0.001771111176352591,-0.046706315268774334,0.046706315268774334,0.0003117437762392,0.000169822504888,0.99939859635365,True,True,True,True,FULL,FULL_direct_exp_rank_3
335,1.8,11.101393082591954,0.233,0.1991858428704208,0.1991858428704208,0.0944249962521731,0.4503939246904497,0.2936108391225939,1.9904398436807709,0.1991858428704208,0.1065042867209629,0.4503939246904497,0.3056901295913837,1.7319710457515938,0.012079290468789805,0.012079290468789805,0.012079290468789805,0.012079290468789805,-0.2584687979291771,0.2584687979291771,0.0025722137766019,0.0013153467562719,0.9921480463512972,True,True,True,True,FULL,FULL_direct_exp_rank_3
336,4.0,24.669762405759897,0.251,0.1991858428704208,0.1991858428704208,0.1494580982300445,0.2026772661107024,0.3486439411004653,0.792806515114832,0.1991858428704208,0.2589175702687508,0.2026772661107024,0.4581034131391716,0.4948586114170359,0.10945947203870629,0.10945947203870629,0.10945947203870626,0.10945947203870626,-0.2979479036977961,0.2979479036977961,0.009949901739075,0.0065996464499229,0.9030871499213604,True,True,True,True,FULL,FULL_direct_exp_rank_3
337,1.13,6.96920787962717,0.045,0.0153092991217785,0.0153092991217785,0.1129415099906837,0.7174416499493891,0.1282508091124622,1.6219045254507285,0.0153092991217785,0.0826284175534594,0.7174416499493891,0.0979377166752379,2.329697719672184,-0.030313092437224298,0.030313092437224298,-0.030313092437224298,0.030313092437224298,0.7077931942214555,0.7077931942214555,0.0020581173501187,0.0014758367803486,0.9590636236103194,True,True,True,True,FULL,FULL_direct_exp_rank_3
338,1.74,10.731346646505555,0.033,0.0153092991217785,0.0153092991217785,0.0614267591501006,0.4659247496797756,0.0767360582718792,1.1936384711708052,0.0153092991217785,0.0460037803088716,0.4659247496797756,0.0613130794306501,1.7820586836525254,-0.015422978841229,0.015422978841229,-0.015422978841229097,0.015422978841229097,0.5884202124817202,0.5884202124817202,0.001473238668325,0.0009663497599482,0.9446003104009766,True,True,True,True,FULL,FULL_direct_exp_rank_3
339,2.13,13.136648481067144,0.035,0.0153092991217785,0.0153092991217785,0.0696089127687665,0.3806145842454505,0.084918211890545,0.9488333573269884,0.0153092991217785,0.0505703735355625,0.3806145842454505,0.065879672657341,1.4844090534697507,-0.019038539233204005,0.019038539233204005,-0.019038539233204005,0.019038539233204005,0.5355756961427623,0.5355756961427623,0.0017807991242693,0.0011729040487248,0.9333709621554284,True,True,True,True,FULL,FULL_direct_exp_rank_3
340,3.5,21.58604210503991,0.026,0.0153092991217785,0.0153092991217785,0.0343911652377439,0.2316311612693741,0.0497004643595224,0.6801344819537776,0.0153092991217785,0.0343277485319056,0.2316311612693741,0.0496370476536841,0.6815269960812569,-6.341670583830117e-05,6.341670583830117e-05,-6.341670583830117e-05,6.341670583830117e-05,0.0013925141274793162,0.0013925141274793162,5.43169155745811e-06,3.700589317083072e-06,0.9999982580577164,True,True,True,True,FULL,FULL_direct_exp_rank_3
341,1.13,6.96920787962717,0.055,0.0153092991217785,0.0153092991217785,0.1595143577209842,0.7174416499493891,0.1748236568427627,1.524522904222498,0.0153092991217785,0.1095010582579978,0.7174416499493891,0.1248103573797763,2.3283133504718667,-0.05001329946298641,0.05001329946298641,-0.05001329946298638,0.05001329946298638,0.8037904462493688,0.8037904462493688,0.0031047482601634,0.0022646754398547,0.947137327062803,True,True,True,True,FULL,FULL_direct_exp_rank_3
342,1.22,7.524277533756768,0.039,0.0153092991217785,0.0153092991217785,0.0864894320112215,0.6645156265924669,0.101798731133,1.5829859963913084,0.0153092991217785,0.0650770456775477,0.6645156265924669,0.0803863447993262,2.2383168687494663,-0.021412386333673802,0.021412386333673802,-0.021412386333673802,0.021412386333673802,0.6553308723581579,0.6553308723581579,0.0016208074593311,0.0011336062554921,0.9609006082868926,True,True,True,True,FULL,FULL_direct_exp_rank_3
343,1.45,8.942788872087963,0.034,0.0153092991217785,0.0153092991217785,0.0654950286258003,0.5591096996157306,0.0808043277475788,1.4123161332544465,0.0153092991217785,0.0498208331623652,0.5591096996157306,0.0651301322841437,2.024860113558121,-0.015674195463435098,0.015674195463435098,-0.015674195463435098,0.015674195463435098,0.6125439803036745,0.6125439803036745,0.0013865539173261,0.0009307275455173,0.9555707945232595,True,True,True,True,FULL,FULL_direct_exp_rank_3
344,2.17,13.383346105124744,0.028,0.0153092991217785,0.0153092991217785,0.0418356081902535,0.373598647208668,0.057144907312032,1.0458293131757963,0.0153092991217785,0.0331756865741313,0.373598647208668,0.0484849856959098,1.456154341887169,-0.008659921616122196,0.008659921616122196,-0.008659921616122196,0.008659921616122196,0.41032502871137266,0.41032502871137266,0.000962639044491,0.0006050509795252,0.9581591218364358,True,True,True,True,FULL,FULL_direct_exp_rank_3
345,0.6,3.700464360863984,0.062,0.0153092991217785,0.0153092991217785,0.1936315334445874,1.3511817740713494,0.2089408325663659,2.78103428223211,0.0153092991217785,0.1673573118150287,1.3511817740713494,0.1826666109368072,3.143309366707669,-0.026274221629558697,0.026274221629558697,-0.026274221629558697,0.026274221629558697,0.3622750844755589,0.3622750844755589,0.001135016312736,0.0008824135923663,0.9948725458986782,True,True,True,True,FULL,FULL_direct_exp_rank_3
346,0.7,4.317208421007981,0.05,0.0153092991217785,0.0153092991217785,0.1358772828198478,1.1581558063468709,0.1511865819416263,2.530764500816095,0.0153092991217785,0.1162260407881689,1.1581558063468709,0.1315353399099474,2.924901786811592,-0.019651242031678895,0.019651242031678895,-0.019651242031678895,0.019651242031678895,0.39413728599549724,0.39413728599549724,0.0009981439795878,0.0007588977226246,0.9928854817327896,True,True,True,True,FULL,FULL_direct_exp_rank_3
347,0.9,5.550696541295977,0.034,0.0153092991217785,0.0153092991217785,0.0654950141480271,0.9007878493808994,0.0808043132698056,2.275398701589776,0.0153092991217785,0.0578212366889648,0.9007878493808994,0.0731305358107433,2.6049290856623237,-0.007673777459062295,0.007673777459062295,-0.007673777459062295,0.007673777459062295,0.32953038407254764,0.32953038407254764,0.0005369663254594,0.0003842899484063,0.9933367035632692,True,True,True,True,FULL,FULL_direct_exp_rank_3
348,1.8,11.101393082591954,0.027,0.0153092991217785,0.0153092991217785,0.038082793731829,0.4503939246904497,0.0533920928536075,1.2897687725693818,0.0153092991217785,0.0308714716008105,0.4503939246904497,0.046180770722589,1.7350316308435656,-0.007211322131018497,0.007211322131018497,-0.007211322131018501,0.007211322131018501,0.44526285827418377,0.44526285827418377,0.0008179959175347,0.0005114764819967,0.9655595382807718,True,True,True,True,FULL,FULL_direct_exp_rank_3
349,1.13,6.96920787962717,0.043,0.0153092991217785,0.0153092991217785,0.1039855497101338,0.7174416499493891,0.1192948488319123,1.6477168177591195,0.0153092991217785,0.0772558396519725,0.7174416499493891,0.092565138773751,2.329974736245332,-0.0267297100581613,0.0267297100581613,-0.0267297100581613,0.0267297100581613,0.6822579184862123,0.6822579184862123,0.0018556706370213,0.0013246604451117,0.961932822249648,True,True,True,True,FULL,FULL_direct_exp_rank_3
350,1.37,8.449393623972766,0.041,0.0153092991217785,0.0153092991217785,0.0951653865075495,0.591758441199131,0.110474685629328,1.3828596668882291,0.0153092991217785,0.0684653128067273,0.591758441199131,0.0837746119285058,2.0956397895396313,-0.026700073700822197,0.026700073700822197,-0.026700073700822197,0.026700073700822197,0.7127801226514021,0.7127801226514021,0.0020641697452929,0.0014327243709825,0.945627898342666,True,True,True,True,FULL,FULL_direct_exp_rank_3
351,1.67,10.299625804404757,0.032,0.0153092991217785,0.0153092991217785,0.057405854043788,0.4854545296064728,0.0727151531655665,1.2626030593869657,0.0153092991217785,0.0437031284098867,0.4854545296064728,0.0590124275316652,1.83880821069652,-0.013702725633901298,0.013702725633901298,-0.013702725633901298,0.013702725633901298,0.5762051513095543,0.5762051513095543,0.0013249775793142,0.0008668480022405,0.9502857674956628,True,True,True,True,FULL,FULL_direct_exp_rank_3
352,2.91,17.947252150190327,0.03,0.0153092991217785,0.0153092991217785,0.0495137718239397,0.2785941802208967,0.0648230709457182,0.7494886652754336,0.0153092991217785,0.0403324967502134,0.2785941802208967,0.0556417958719919,0.9772255028989048,-0.009181275073726299,0.009181275073726299,-0.009181275073726292,0.009181275073726292,0.2277368376234712,0.2277368376234712,0.0008582339500211,0.0005688827025582,0.9739473414683504,True,True,True,True,FULL,FULL_direct_exp_rank_3
353,0.9,5.550696541295977,0.037,0.0153092991217785,0.0153092991217785,0.0779670989319231,0.9007878493808994,0.0932763980537016,2.192227389199339,0.0153092991217785,0.0664349526525629,0.9007878493808994,0.0817442517743414,2.6044899736579454,-0.011532146279360209,0.011532146279360209,-0.011532146279360195,0.011532146279360195,0.41226258445860653,0.41226258445860653,0.0007701786771512,0.0005566350428007,0.9895810304908802,True,True,True,True,FULL,FULL_direct_exp_rank_3
354,1.05,6.475812631511974,0.032,0.0153092991217785,0.0153092991217785,0.0574058541682785,0.7721038708979138,0.0727151532900571,2.0081400996379837,0.0153092991217785,0.0489411113869348,0.7721038708979138,0.0642504105087133,2.4193264729410933,-0.008464742781343702,0.008464742781343702,-0.008464742781343793,0.008464742781343793,0.4111863733031096,0.4111863733031096,0.0006695830247793,0.0004649892262418,0.9873038352297102,True,True,True,True,FULL,FULL_direct_exp_rank_3
355,1.15,7.09255669165597,0.028,0.0153092991217785,0.0153092991217785,0.0418356081862674,0.7049644038633127,0.0571449073080459,1.9734344433232216,0.0153092991217785,0.036759921512697,0.7049644038633127,0.0520692206344755,2.311014999003531,-0.005075686673570404,0.005075686673570404,-0.005075686673570404,0.005075686673570404,0.33758055568030954,0.33758055568030954,0.000464346836589,0.00031033637343,0.99026448728737,True,True,True,True,FULL,FULL_direct_exp_rank_3
356,1.4,8.634416842015963,0.024,0.0153092991217785,0.0153092991217785,0.0272042150777216,0.5790779031734354,0.0425135141995001,1.8037445140554815,0.0153092991217785,0.0244800789135344,0.5790779031734354,0.0397893780353129,2.070645693324498,-0.0027241361641872006,0.0027241361641872006,-0.0027241361641872006,0.0027241361641872006,0.2669011792690166,0.2669011792690166,0.0003188361358061,0.0001980877439063,0.991955185028186,True,True,True,True,FULL,FULL_direct_exp_rank_3
357,0.75,4.625580451079981,0.028,0.0153092991217785,0.0153092991217785,0.0418356081843982,1.080945419257079,0.0571449073061767,3.0259328132395527,0.0153092991217785,0.04461440863559,1.080945419257079,0.0599237077573685,2.8360477998902933,0.002778800451191797,0.002778800451191797,0.002778800451191804,0.002778800451191804,-0.18988501334925934,0.18988501334925934,0.000196531118179,0.0001403945223781,0.998256040094756,True,True,True,True,FULL,FULL_direct_exp_rank_3
358,1.15,7.09255669165597,0.026,0.0153092991217785,0.0153092991217785,0.0343911653190034,0.7049644038633127,0.0497004644407819,2.0699745048837284,0.0153092991217785,0.0314157096851865,0.7049644038633127,0.046725008806965,2.311290949356904,-0.0029754556338169036,0.0029754556338169036,-0.0029754556338168967,0.0029754556338168967,0.24131644447317546,0.24131644447317546,0.0002897733857348,0.0001903616024238,0.9950422964882404,True,True,True,True,FULL,FULL_direct_exp_rank_3
359,1.1,6.784184661583972,0.024,0.0153092991217785,0.0153092991217785,0.0272042141314279,0.7370082404025541,0.0425135132532064,2.2956749282231264,0.0153092991217785,0.0265312870844986,0.7370082404025541,0.0418405862062771,2.3648247493854964,-0.000672927046929301,0.000672927046929301,-0.0006729270469293044,0.0006729270469293044,0.06914982116237,0.06914982116237,6.888927851233548e-05,4.462225155062307e-05,0.9996244357347416,True,True,True,True,FULL,FULL_direct_exp_rank_3
360,1.2,7.400928721727968,0.022,0.0153092991217785,0.0153092991217785,0.0203041095024898,0.6755908870356747,0.0356134086242683,2.2704692840433656,0.0153092991217785,0.0203776101384007,0.6755908870356747,0.0356869092601792,2.2606088925849765,7.350063591090097e-05,7.350063591090097e-05,7.35006359108975e-05,7.35006359108975e-05,-0.009860391458389017,0.009860391458389017,8.756531546059601e-06,5.415133875387029e-06,0.999991699102546,True,True,True,True,FULL,FULL_direct_exp_rank_3
