sample_id,u_peak,u_r,tau_peak,tau_r,true_a,true_b,true_c,true_d,true_e,estimated_a,estimated_b,estimated_c,estimated_d,estimated_e,error_b,abs_error_b,error_d,abs_error_d,error_e,abs_error_e,curve_rmse_tau_u,curve_mae_tau_u,curve_r2_tau_u,curve_valid,dataset,model_name
7,0.72,2.75,0.044,0.03175,0.03175,0.0801325410005739,1.818181818181818,0.1118825410005739,3.441242286799551,0.03175,0.2900716500317168,1.818181818181818,0.3218216500317168,2.2717997350283925,0.2099391090311429,0.2099391090311429,0.2099391090311429,0.2099391090311429,-1.1694425517711586,1.1694425517711586,0.0025472909136188483,0.0021131952190995918,0.8592843262744584,True,FULL,FULL_exp_log_rank_1
8,0.92,3.0,0.035,0.02825,0.02825,0.0557241852265918,1.6666666666666667,0.0839741852265918,3.007954906577982,0.02825,0.1517786947485973,1.6666666666666667,0.1800286947485973,2.10705746220669,0.09605450952200548,0.09605450952200548,0.09605450952200552,0.09605450952200552,-0.9008974443712918,0.9008974443712918,0.0012755840484661338,0.0009509863985614497,0.9447390022692395,True,FULL,FULL_exp_log_rank_1
9,0.97,3.0,0.029,0.0255,0.0255,0.0288872445152351,1.6666666666666667,0.0543872445152351,3.290221199159674,0.0255,0.0827486754669019,1.6666666666666667,0.1082486754669019,2.2555016026455497,0.0538614309516668,0.0538614309516668,0.053861430951666796,0.053861430951666796,-1.0347195965141243,1.0347195965141243,0.0009041631632860615,0.0007215453872139534,0.9608209125016879,True,FULL,FULL_exp_log_rank_1
11,0.78,3.5,0.05,0.0417499999999999,0.0417499999999999,0.0354980845491272,1.4285714285714286,0.0772480845491271,4.004659571873231,0.0417499999999999,0.3177899657713636,1.4285714285714286,0.3595399657713635,2.049607135743669,0.28229188122223636,0.28229188122223636,0.28229188122223636,0.28229188122223636,-1.9550524361295616,1.9550524361295616,0.012240096935986747,0.00930549267325782,-2.09365846742909,True,FULL,FULL_exp_log_rank_1
12,1.25,3.5,0.04,0.034,0.034,0.0670624339164287,1.4285714285714286,0.1010624339164287,2.366794324621144,0.034,0.1550618573582963,1.4285714285714286,0.1890618573582963,1.7491233587334318,0.0879994234418676,0.0879994234418676,0.0879994234418676,0.0879994234418676,-0.617670965887712,0.617670965887712,0.0019341606828299715,0.0011452317099397552,0.9105625526425187,True,FULL,FULL_exp_log_rank_1
13,1.8,4.0,0.035,0.033,0.033,0.0334302203204883,1.25,0.0664302203204883,2.0972939397426664,0.033,0.039703043376486,1.25,0.072703043376486,1.783572278717786,0.006272823055997703,0.006272823055997703,0.006272823055997703,0.006272823055997703,-0.3137216610248805,0.3137216610248805,0.0013293673296409507,0.0008075253777755493,0.954067590997156,True,FULL,FULL_exp_log_rank_1
19,1.55,12.0,1.02,0.8525,0.8525,0.3782821788444106,0.4166666666666667,1.2307821788444109,2.3791759662313843,0.8525,1.1798947704609706,0.4166666666666667,2.0323947704609706,1.6588486196998082,0.80161259161656,0.80161259161656,0.8016125916165597,0.8016125916165597,-0.720327346531576,0.720327346531576,0.12357877868035307,0.08000444336565492,-0.07980386226866432,True,FULL,FULL_exp_log_rank_1
20,1.71,12.0,2.57,1.7327500000000002,1.7327500000000002,2.210315622373947,0.4166666666666667,3.9430656223739473,1.6207235717983703,1.7327500000000002,0.7317410474741499,0.4166666666666667,2.46449104747415,2.061950225959625,-1.4785745748997972,1.4785745748997972,-1.4785745748997972,1.4785745748997972,0.44122665416125484,0.44122665416125484,0.23439616026085142,0.15199353288998796,0.5569067085955517,True,FULL,FULL_exp_log_rank_1
27,0.87,3.25,2.35,1.9075,1.9075,2.7034029995062916,1.5384615384615383,4.610902999506291,3.276941309100947,1.9075,0.1126084656002122,1.5384615384615383,2.020108465600212,6.516012423839459,-2.590794533906079,2.590794533906079,-2.590794533906079,2.590794533906079,3.2390711147385116,3.2390711147385116,0.206088288818118,0.14513669462363699,0.6511676277894388,True,FULL,FULL_exp_log_rank_1
28,0.13,1.325,1.02,0.6675,0.6675,0.6738254010838505,3.7735849056603774,1.3413254010838505,23.891608655167115,0.6675,0.4208056245612377,3.7735849056603774,1.0883056245612377,25.899888594399368,-0.25301977652261276,0.25301977652261276,-0.25301977652261276,0.25301977652261276,2.008279939232253,2.008279939232253,0.05122085937701746,0.03152137383273133,0.8490840587607247,True,FULL,FULL_exp_log_rank_1
29,0.6,2.425,4.93,4.2975,4.2975,3.110870023650559,2.061855670103093,7.408370023650559,5.517814597970529,4.2975,3.114482888728257,2.061855670103093,7.411982888728257,4.97491792554834,0.003612865077697869,0.003612865077697869,0.003612865077697869,0.003612865077697869,-0.5428966724221889,0.5428966724221889,0.09530954764612154,0.04741738025055483,0.9819611454480155,True,FULL,FULL_exp_log_rank_1
30,2.17,3.85,16.37,14.955,14.955,60.674147880173095,1.2987012987012987,75.6291478801731,1.6284330431129306,14.955,104.0883152644584,1.2987012987012987,119.0433152644584,1.3928033471910315,43.41416738428531,43.41416738428531,43.41416738428531,43.41416738428531,-0.23562969592189908,0.23562969592189908,1.5932997529470103,1.1467614957346088,0.7190193590039891,True,FULL,FULL_exp_log_rank_1
31,0.24,1.275,0.66,0.475,0.475,0.6758571313827281,3.9215686274509807,1.150857131382728,11.17767536247715,0.475,0.3736301572227396,3.9215686274509807,0.8486301572227396,11.9996708439362,-0.30222697415998845,0.30222697415998845,-0.30222697415998845,0.30222697415998845,0.8219954814590498,0.8219954814590498,0.04148927581980972,0.02773693113036775,0.8000314436160927,True,FULL,FULL_exp_log_rank_1
32,0.3,2.175,4.71,4.1925,4.1925,1.211168346774408,2.298850574712644,5.403668346774408,13.642584509493682,4.1925,1.0826928231305502,2.298850574712644,5.27519282313055,13.471217442897776,-0.12847552364385795,0.12847552364385795,-0.12847552364385795,0.12847552364385795,-0.17136706659590573,0.17136706659590573,0.0320198864511201,0.018620618395631797,0.9966669661321743,True,FULL,FULL_exp_log_rank_1
33,2.26,4.125,16.14,11.3475,11.3475,422.7987490320256,1.2121212121212122,434.1462490320256,1.3091974223177918,11.3475,106.4930576693256,1.2121212121212122,117.8405576693256,1.2815784092949425,-316.30569136270003,316.30569136270003,-316.3056913627,316.3056913627,-0.027619013022849304,0.027619013022849304,5.239252182081159,4.041319990896795,-1.0654891310949748,True,FULL,FULL_exp_log_rank_1
34,0.47,1.525,1.07,0.6975,0.6975,4.0455139668571585,3.278688524590164,4.743013966857158,4.812842755740618,0.6975,1.8722149880511771,3.278688524590164,2.569714988051177,4.734013112162028,-2.173298978805981,2.173298978805981,-2.173298978805981,2.173298978805981,-0.07882964357859024,0.07882964357859024,0.15726714743824116,0.11366927289666834,0.2740646652233746,True,FULL,FULL_exp_log_rank_1
35,0.47,2.2,4.91,4.25,4.25,2.5915991927768687,2.2727272727272725,6.841599192776869,7.213346651196478,4.25,3.770097780462635,2.2727272727272725,8.020097780462635,5.91331327271884,1.1784985876857665,1.1784985876857665,1.178498587685766,1.178498587685766,-1.3000333784776377,1.3000333784776377,0.08350938967795321,0.06137974432161363,0.9845334631106902,True,FULL,FULL_exp_log_rank_1
36,1.48,3.625,14.91,14.235,14.235,8.232456046268986,1.3793103448275863,22.467456046268985,2.7321098339023515,14.235,46.78736947204574,1.3793103448275863,61.02236947204574,1.7000573726390078,38.55491342577675,38.55491342577675,38.55491342577675,38.55491342577675,-1.0320524612633437,1.0320524612633437,0.48323649354566195,0.3738484476389071,0.9648198901988219,True,FULL,FULL_exp_log_rank_1
37,0.11,1.325,0.89,0.5625,0.5625,0.5639971811696873,3.7735849056603774,1.1264971811696871,29.2958502513531,0.5625,0.2497448950424626,3.7735849056603774,0.8122448950424627,34.65281638606923,-0.3142522861272247,0.3142522861272247,-0.31425228612722444,0.31425228612722444,5.3569661347161315,5.3569661347161315,0.0670511339207806,0.04065919079964541,0.6609960556391796,True,FULL,FULL_exp_log_rank_1
38,0.26,2.175,5.3,4.1,4.1,2.5910971306331803,2.298850574712644,6.69109713063318,13.042743993933716,4.1,3.082624701048572,2.298850574712644,7.182624701048572,11.86425023931619,0.49152757041539186,0.49152757041539186,0.49152757041539186,0.49152757041539186,-1.1784937546175254,1.1784937546175254,0.07170003504286795,0.046141392590166426,0.9869058606232901,True,FULL,FULL_exp_log_rank_1
39,0.54,3.35,15.9,14.4675,14.4675,3.852469877296928,1.4925373134328357,18.319969877296927,7.688914610134782,14.4675,27.18391270310729,1.4925373134328357,41.65141270310729,4.197637939314328,23.33144282581036,23.33144282581036,23.331442825810363,23.331442825810363,-3.4912766708204543,3.4912766708204543,2.834340947262593,1.90623729359472,-1.0689817040506822,True,FULL,FULL_exp_log_rank_1
40,0.3,1.35,0.88,0.635,0.635,1.1651130574348498,3.7037037037037033,1.8001130574348498,8.547982610717572,0.635,0.7713327714731777,3.7037037037037033,1.4063327714731777,8.45861265117066,-0.39378028596167214,0.39378028596167214,-0.39378028596167214,0.39378028596167214,-0.08936995954691263,0.08936995954691263,0.05427319893633544,0.03622307282292734,0.8244509448166257,True,FULL,FULL_exp_log_rank_1
41,0.38,2.175,5.2,4.3975,4.3975,2.452688320111813,2.298850574712644,6.850188320111813,9.031706106944794,4.3975,4.00779667123805,2.298850574712644,8.40529667123805,7.282082215531126,1.5551083511262371,1.5551083511262371,1.5551083511262371,1.5551083511262371,-1.749623891413668,1.749623891413668,0.15696103567072472,0.10723144412341717,0.9443392223177296,True,FULL,FULL_exp_log_rank_1
42,0.71,3.35,16.28,14.8375,14.8375,5.373344828404187,1.4925373134328357,20.210844828404188,5.457009220110153,14.8375,40.60339819272153,1.4925373134328357,55.44089819272153,2.8346687338878365,35.23005336431734,35.23005336431734,35.23005336431734,35.23005336431734,-2.622340486222317,2.622340486222317,2.539027914160474,1.8230806266515294,-0.30429836533744137,True,FULL,FULL_exp_log_rank_1
43,0.88,1.475,0.58,0.535,0.535,2.3643732180319175,3.389830508474576,2.8993732180319176,4.157276354583812,0.535,3.1676385635111264,3.389830508474576,3.7026385635111265,3.6517446263095215,0.8032653454792089,0.8032653454792089,0.8032653454792089,0.8032653454792089,-0.5055317282742902,0.5055317282742902,0.058127640807674665,0.042476253733551156,0.7104391542376279,True,FULL,FULL_exp_log_rank_1
44,1.5,2.625,3.89,3.6325,3.6325,10.486129835864666,1.9047619047619049,14.118629835864668,2.474961892115721,3.6325,10.55223656070324,1.9047619047619049,14.18473656070324,2.1971983978195837,0.06610672483857272,0.06610672483857272,0.06610672483857094,0.06610672483857094,-0.2777634942961371,0.2777634942961371,0.3003797244045844,0.2152039073600362,0.827575401631274,True,FULL,FULL_exp_log_rank_1
45,2.87,4.1,13.67,13.42,13.42,16.705556614946417,1.2195121951219514,30.12555661494642,1.6634039681803665,13.42,86.23096002365226,1.2195121951219514,99.65096002365226,1.289300906751481,69.52540340870584,69.52540340870584,69.52540340870584,69.52540340870584,-0.3741030614288856,0.3741030614288856,0.6112590559980291,0.37723426354726797,0.9451848505529377,True,FULL,FULL_exp_log_rank_1
46,0.79,1.5,0.8,0.665,0.665,6.166849946093346,3.3333333333333335,6.831849946093346,3.9230290740544778,0.665,3.407861922101059,3.3333333333333335,4.072861922101059,3.6864303355276,-2.758988023992287,2.758988023992287,-2.758988023992287,2.758988023992287,-0.23659873852687774,0.23659873852687774,0.1329767857356234,0.10002065502338037,0.16840988147607905,True,FULL,FULL_exp_log_rank_1
47,0.6,2.175,5.04,4.655,4.655,2.141531174694559,2.298850574712644,6.796531174694559,6.310564627174357,4.655,6.8619758454233954,2.298850574712644,11.516975845423396,4.143970126820903,4.7204446707288366,4.7204446707288366,4.7204446707288366,4.7204446707288366,-2.1665945003534546,2.1665945003534546,0.20258959530149057,0.1561628339593267,0.9286349588885602,True,FULL,FULL_exp_log_rank_1
48,2.37,4.125,16.38,14.3675,14.3675,112.7264689844744,1.2121212121212122,127.0939689844744,1.4228254925840296,14.3675,82.81567871410195,1.2121212121212122,97.18317871410196,1.313522346433596,-29.910790270372445,29.910790270372445,-29.910790270372445,29.910790270372445,-0.10930314615043346,0.10930314615043346,2.370925482214404,1.7783637838010435,0.38117179447922467,True,FULL,FULL_exp_log_rank_1
49,1.46,2.566666666666667,4.68,4.1066666666666665,4.1066666666666665,30.593215473314466,1.948051948051948,34.69988213998113,2.300589855794831,4.1066666666666665,18.22976736066633,1.948051948051948,22.33643402733299,2.1569876255459666,-12.363448112648136,12.363448112648136,-12.363448112648136,12.363448112648136,-0.14360223024886443,0.14360223024886443,0.6600272689560925,0.49543072724747494,0.4088613253176768,True,FULL,FULL_exp_log_rank_1
50,4.16,4.75,15.04,14.775,14.775,58.5314735148253,1.0526315789473684,73.3064735148253,1.2144266984360343,14.775,130.84545035226742,1.0526315789473684,145.62045035226743,1.085809212571481,72.31397683744211,72.31397683744211,72.31397683744213,72.31397683744213,-0.12861748586455324,0.12861748586455324,0.9471487655313002,0.6002264426689212,0.8758107376149792,True,FULL,FULL_exp_log_rank_1
51,1.26,1.85,0.94,0.785,0.785,27.151829140946248,2.702702702702702,27.936829140946248,2.8751003676389564,0.785,8.02001786031905,2.702702702702702,8.805017860319051,2.8068125016255543,-19.131811280627197,19.131811280627197,-19.131811280627197,19.131811280627197,-0.06828786601340209,0.06828786601340209,0.2613797314497806,0.19459842938665267,-0.73499640007217,True,FULL,FULL_exp_log_rank_1
52,3.13,4.466666666666667,15.58,14.793333333333337,14.793333333333337,75.02328336156236,1.1194029850746268,89.8166166948957,1.313812712287742,14.793333333333337,80.79287776122415,1.1194029850746268,95.58621109455748,1.193635580812306,5.769594399661784,5.769594399661784,5.769594399661784,5.769594399661784,-0.12017713147543607,0.12017713147543607,1.4622958942012496,1.0338330315971147,0.7410710762041457,True,FULL,FULL_exp_log_rank_1
53,1.15,1.85,0.71,0.65,0.65,3.9933470021604136,2.702702702702702,4.6433470021604135,3.19021506632708,0.65,4.1228233080581775,2.702702702702702,4.772823308058178,2.8875270396773787,0.12947630589776393,0.12947630589776393,0.12947630589776438,0.12947630589776438,-0.3026880266497014,0.3026880266497014,0.08522923918186694,0.06353091018010143,0.5892127283796258,True,FULL,FULL_exp_log_rank_1
54,0.35,2.175,4.68,4.205,4.205,1.283914851902833,2.298850574712644,5.488914851902833,11.46515887900422,4.205,1.4944850371982523,2.298850574712644,5.699485037198253,10.44954608405261,0.21057018529541938,0.21057018529541938,0.2105701852954196,0.2105701852954196,-1.0156127949516094,1.0156127949516094,0.03000367330261551,0.019140928334983112,0.9973202549700367,True,FULL,FULL_exp_log_rank_1
55,0.63,3.85,16.18,14.365,14.365,5.024596391351091,1.2987012987012987,19.38959639135109,6.152370825583352,14.365,7.931449072163501,1.2987012987012987,22.2964490721635,5.115313307514645,2.9068526808124098,2.9068526808124098,2.9068526808124098,2.9068526808124098,-1.037057518068707,1.037057518068707,0.34612103276801665,0.23178062761564897,0.9705107844317837,True,FULL,FULL_exp_log_rank_1
56,0.45,1.5666666666666669,0.87,0.6366666666666667,0.6366666666666667,1.8543711063769357,3.191489361702127,2.4910377730436024,5.520751658815112,0.6366666666666667,1.0293337468616854,3.191489361702127,1.6660004135283522,5.4511712441663995,-0.8250373595152503,0.8250373595152503,-0.8250373595152503,0.8250373595152503,-0.0695804146487129,0.0695804146487129,0.0810998770647825,0.05680798868836799,0.6492123491221033,True,FULL,FULL_exp_log_rank_1
57,0.58,2.175,5.35,4.42,4.42,5.5363451785319135,2.298850574712644,9.956345178531912,5.059116621676996,4.42,9.24081694071779,2.298850574712644,13.66081694071779,3.87149215646388,3.704471762185877,3.704471762185877,3.7044717621858787,3.7044717621858787,-1.1876244652131156,1.1876244652131156,0.12938883597051276,0.09546724198776162,0.9732589345122669,True,FULL,FULL_exp_log_rank_1
58,0.94,3.875,16.28,13.935,13.935,11.349260923481204,1.2903225806451613,25.28426092348121,3.405427164282276,13.935,18.70504492838267,1.2903225806451613,32.64004492838267,2.6470080685546975,7.355784004901466,7.355784004901466,7.355784004901462,7.355784004901462,-0.7584190957275787,0.7584190957275787,0.3556010289619474,0.27315117959568463,0.9766516972495025,True,FULL,FULL_exp_log_rank_1
59,0.13,1.5666666666666669,0.97,0.8033333333333333,0.8033333333333333,0.2782264175865835,3.191489361702127,1.0815597509199169,31.910981063129015,0.8033333333333333,0.0365289624296045,3.191489361702127,0.8398622957629379,48.1899081262823,-0.241697455156979,0.241697455156979,-0.24169745515697894,0.24169745515697894,16.278927063153283,16.278927063153283,0.05088045141311527,0.030487637265744296,0.7491691486142655,True,FULL,FULL_exp_log_rank_1
60,2.38,2.85,5.22,4.84,4.84,137.35939252357494,1.7543859649122806,142.19939252357494,1.8523237169572588,4.84,68.08567913835549,1.7543859649122806,72.92567913835549,1.7922008358698531,-69.27371338521945,69.27371338521945,-69.27371338521945,69.27371338521945,-0.06012288108740571,0.06012288108740571,1.045531290907049,0.707263424205363,-0.16920463330259494,True,FULL,FULL_exp_log_rank_1
61,2.68,4.125,16.95,15.5375,15.5375,116.71406105996982,1.2121212121212122,132.25156105996982,1.3981039630569712,15.5375,116.10924026905803,1.2121212121212122,131.64674026905803,1.2790327313937284,-0.6048207909117878,0.6048207909117878,-0.6048207909117878,0.6048207909117878,-0.11907123166324274,0.11907123166324274,2.193337168747306,1.6205023529826994,0.515716305316966,True,FULL,FULL_exp_log_rank_1
62,0.71,1.6,1.14,0.9133333333333334,0.9133333333333334,5.696830896813862,3.125,6.610164230147195,3.976020028848459,0.9133333333333334,3.986220844968399,3.125,4.899554178301733,3.624356381769557,-1.7106100518454626,1.7106100518454626,-1.710610051845462,1.710610051845462,-0.35166364707890185,0.35166364707890185,0.1589174319533774,0.11643994888791276,0.3570125588842533,True,FULL,FULL_exp_log_rank_1
63,0.76,2.2,5.03,4.68,4.68,3.0326428857358856,2.2727272727272725,7.712642885735885,4.87933520201715,4.68,10.214035472162877,2.2727272727272725,14.894035472162876,3.232602152455472,7.181392586426991,7.181392586426991,7.181392586426991,7.181392586426991,-1.6467330495616777,1.6467330495616777,0.15069202482539315,0.12075886455191846,0.9661778746192389,True,FULL,FULL_exp_log_rank_1
64,2.73,4.125,15.88,13.97,13.97,220.02903798852773,1.2121212121212122,233.99903798852773,1.3339956390040135,13.97,117.4690766319492,1.2121212121212122,131.4390766319492,1.2705169166375598,-102.55996135657853,102.55996135657853,-102.55996135657853,102.55996135657853,-0.06347872236645369,0.06347872236645369,3.050267104241823,2.276920727243683,-0.022131994803251676,True,FULL,FULL_exp_log_rank_1
65,0.63,1.5666666666666669,1.42,0.9733333333333332,0.9733333333333332,10.644929502666052,3.191489361702127,11.618262835999383,3.927118476960182,0.9733333333333332,5.6301894341386145,3.191489361702127,6.603522767471948,3.663569321553396,-5.014740068527438,5.014740068527438,-5.014740068527435,5.014740068527435,-0.2635491554067859,0.2635491554067859,0.2799575006925848,0.2083561369383635,-0.14461878433459519,True,FULL,FULL_exp_log_rank_1
66,0.34,2.175,5.0,4.24,4.24,2.0482757543105174,2.298850574712644,6.288275754310518,10.49368724913285,4.24,2.631087807543824,2.298850574712644,6.871087807543824,9.201420117495546,0.5828120532333068,0.5828120532333068,0.5828120532333063,0.5828120532333063,-1.2922671316373044,1.2922671316373044,0.06712328596600427,0.04558820564004531,0.9881397639487446,True,FULL,FULL_exp_log_rank_1
67,3.13,4.533333333333333,14.91,14.596666666666666,14.596666666666666,20.35467702287054,1.1029411764705883,34.951343689537204,1.4882877719989878,14.596666666666666,62.809020463604,1.1029411764705883,77.40568713027066,1.1954287273512425,42.45434344073346,42.45434344073346,42.45434344073346,42.45434344073346,-0.29285904464774526,0.29285904464774526,0.6928636602952394,0.43963221848056605,0.9408678302562455,True,FULL,FULL_exp_log_rank_1
68,0.49,1.5666666666666669,0.79,0.63,0.63,1.4068332196782207,3.191489361702127,2.0368332196782206,5.5461514668738845,0.63,0.991716191545146,3.191489361702127,1.621716191545146,5.185892512573431,-0.4151170281330747,0.4151170281330747,-0.4151170281330747,0.4151170281330747,-0.36025895430045374,0.36025895430045374,0.055955516036596355,0.03803431672864611,0.794745325048075,True,FULL,FULL_exp_log_rank_1
69,1.69,2.566666666666667,5.04,4.426666666666667,4.426666666666667,69.19774278410341,1.948051948051948,73.62440945077007,2.1459242646578933,4.426666666666667,35.02959030394599,1.948051948051948,39.45625697061266,2.048100792442397,-34.168152480157424,34.168152480157424,-34.16815248015742,34.16815248015742,-0.09782347221549648,0.09782347221549648,0.9693548928340301,0.7252530770458067,-0.02284279908486697,True,FULL,FULL_exp_log_rank_1
70,3.12,4.466666666666667,16.37,15.163333333333334,15.163333333333334,137.96164146287623,1.1194029850746268,153.12497479620956,1.2614658876838951,15.163333333333334,91.14392754513452,1.1194029850746268,106.30726087846784,1.1877132540140207,-46.81771391774171,46.81771391774171,-46.81771391774171,46.81771391774171,-0.07375263366987439,0.07375263366987439,2.174207047461346,1.5696181611168833,0.4742679747401598,True,FULL,FULL_exp_log_rank_1
71,0.18,1.5666666666666669,0.87,0.6,0.6,0.5778652142592701,3.191489361702127,1.17786521425927,16.988625203858206,0.6,0.2162368582224751,3.191489361702127,0.8162368582224752,21.05159371306348,-0.361628356036795,0.361628356036795,-0.3616283560367949,0.3616283560367949,4.062968509205273,4.062968509205273,0.0664455366275172,0.041698267277627446,0.6419727268853437,True,FULL,FULL_exp_log_rank_1
72,0.42,2.175,5.1,3.8825,3.8825,4.482035276937978,2.298850574712644,8.364535276937978,6.759501195047857,3.8825,4.801038590422465,2.298850574712644,8.683538590422465,5.989985202436794,0.31900331348448674,0.31900331348448674,0.31900331348448674,0.31900331348448674,-0.7695159926110628,0.7695159926110628,0.08183858090457968,0.03884056912602003,0.9862903671340304,True,FULL,FULL_exp_log_rank_1
73,1.09,3.85,15.19,13.3025,13.3025,11.821633061680007,1.2987012987012987,25.12413306168001,2.9737453064844868,13.3025,19.189284627070016,1.2987012987012987,32.49178462707002,2.310308039872553,7.367651565390009,7.367651565390009,7.367651565390009,7.367651565390009,-0.6634372666119339,0.6634372666119339,0.3277672618132036,0.22696068149738488,0.9795159333523564,True,FULL,FULL_exp_log_rank_1
74,0.47,1.5666666666666669,0.66,0.5066666666666667,0.5066666666666667,1.2794449424210406,3.191489361702127,1.7861116090877074,5.540134014051035,0.5066666666666667,0.7320323291804799,3.191489361702127,1.2386989958471466,5.448674126749657,-0.5474126132405607,0.5474126132405607,-0.5474126132405608,0.5474126132405608,-0.09145988730137855,0.09145988730137855,0.05506482200467981,0.038471825643767915,0.7144888243742835,True,FULL,FULL_exp_log_rank_1
75,0.57,2.175,4.24,4.0125,4.0125,1.1193350008113887,2.298850574712644,5.131835000811389,7.4273022742503985,4.0125,2.596258333915774,2.298850574712644,6.608758333915774,5.453558628034087,1.4769233331043852,1.4769233331043852,1.4769233331043852,1.4769233331043852,-1.9737436462163114,1.9737436462163114,0.09758843576034884,0.07229129595158272,0.9757411336768608,True,FULL,FULL_exp_log_rank_1
76,4.13,4.7,14.9,13.285,13.285,1213.8760619263403,1.0638297872340423,1227.1610619263406,1.0940505167399543,13.285,162.08645206849073,1.0638297872340423,175.37145206849073,1.088441979308068,-1051.7896098578497,1051.7896098578497,-1051.7896098578499,1051.7896098578499,-0.0056085374318863845,0.0056085374318863845,5.0592905720875985,3.3656447350638814,-0.9748666160797075,True,FULL,FULL_exp_log_rank_1
77,0.18,1.5666666666666669,0.88,0.4966666666666666,0.4966666666666666,0.8494890683979475,3.191489361702127,1.346155735064614,14.732448429095294,0.4966666666666666,0.3335191083707165,3.191489361702127,0.8301857750373831,17.809110466383363,-0.515969960027231,0.515969960027231,-0.515969960027231,0.515969960027231,3.0766620372880684,3.0766620372880684,0.09315616537260171,0.05889423282038397,0.5169139820373803,True,FULL,FULL_exp_log_rank_1
78,1.25,2.566666666666667,4.37,3.77,3.77,17.6011784506471,1.948051948051948,21.3711784506471,2.4976694597033373,3.77,9.659263306325062,1.948051948051948,13.429263306325062,2.3677578191811692,-7.941915144322039,7.941915144322039,-7.941915144322039,7.941915144322039,-0.12991164052216808,0.12991164052216808,0.49602625601625,0.36533114928537264,0.5840190271354193,True,FULL,FULL_exp_log_rank_1
79,3.62,4.5,14.62,13.843333333333334,13.843333333333334,173.78668847200146,1.1111111111111112,187.6300218053348,1.2115644521301927,13.843333333333334,117.98701624039629,1.1111111111111112,131.83034957372962,1.1516593332469736,-55.79967223160517,55.79967223160517,-55.79967223160517,55.79967223160517,-0.059905118883219144,0.059905118883219144,1.9659634489542241,1.3399119429025501,0.42592310303625214,True,FULL,FULL_exp_log_rank_1
80,0.11,1.5633333333333332,1.04,0.5006666666666667,0.5006666666666667,0.863642983300683,3.1982942430703627,1.3643096499673495,27.24084861115649,0.5006666666666667,0.3950670891531282,3.1982942430703627,0.895733755819795,31.407552339098658,-0.4685758941475548,0.4685758941475548,-0.4685758941475545,0.4685758941475545,4.166703727942167,4.166703727942167,0.10518819713952246,0.0630353817637954,0.594248376616876,True,FULL,FULL_exp_log_rank_1
81,0.23,2.1775,4.79,3.54875,3.54875,2.4552355004571034,2.296211251435132,6.003985500457103,14.649101403235154,3.54875,1.395455991654987,2.296211251435132,4.944205991654987,16.323879515143116,-1.0597795088021165,1.0597795088021165,-1.0597795088021167,1.0597795088021167,1.6747781119079619,1.6747781119079619,0.20776643156733246,0.12853642039055024,0.8651396786239719,True,FULL,FULL_exp_log_rank_1
83,0.21,1.5566666666666666,0.75,0.4896666666666667,0.4896666666666667,0.6541837303857423,3.211991434689508,1.143850397052409,13.109251845364824,0.4896666666666667,0.2414680577697204,3.211991434689508,0.7311347244363872,16.189874424216526,-0.4127156726160219,0.4127156726160219,-0.4127156726160218,0.4127156726160218,3.0806225788517025,3.0806225788517025,0.06802948810767631,0.04380466007919701,0.5737291269952223,True,FULL,FULL_exp_log_rank_1
84,1.52,2.19,4.53,3.98,3.98,84.48453784563569,2.2831050228310503,88.46453784563569,2.4678705594788535,3.98,44.91263485095316,2.2831050228310503,48.89263485095316,2.3610511993826577,-39.571902994682524,39.571902994682524,-39.57190299468253,39.57190299468253,-0.10681936009619575,0.10681936009619575,0.9674887326226759,0.7101301677967348,-0.22755384398072676,True,FULL,FULL_exp_log_rank_1
85,0.46,3.86,15.2,13.9425,13.9425,2.582793456166362,1.2953367875647668,16.525293456166363,10.00333623780827,13.9425,0.9949810710235648,1.2953367875647668,14.937481071023566,12.028919661149596,-1.5878123851427972,1.5878123851427972,-1.5878123851427972,1.5878123851427972,2.0255834233413257,2.0255834233413257,0.28825316041322535,0.17864347121985108,0.9716506673552362,True,FULL,FULL_exp_log_rank_1
86,1.14,1.85,0.47,0.4455,0.4455,1.2635859558868447,2.702702702702702,1.7090859558868448,3.448989911906233,0.4455,2.651704997472756,2.702702702702702,3.097204997472756,2.9010522769666554,1.3881190415859113,1.3881190415859113,1.3881190415859113,1.3881190415859113,-0.5479376349395775,0.5479376349395775,0.03529913755223408,0.024964202631303726,0.8439172302594158,True,FULL,FULL_exp_log_rank_1
87,1.53,2.29,3.84,3.5879999999999996,3.5879999999999996,21.229112109709114,2.1834061135371177,24.817112109709115,2.5522940611621228,3.5879999999999996,22.40980495584651,2.1834061135371177,25.99780495584651,2.320187418628321,1.1806928461373971,1.1806928461373971,1.1806928461373971,1.1806928461373971,-0.23210664253380164,0.23210664253380164,0.417723564858723,0.3027962169371891,0.655687617858862,True,FULL,FULL_exp_log_rank_1
89,0.31,1.5733333333333333,0.64,0.434,0.434,0.831446191232911,3.1779661016949152,1.265446191232911,8.046929532076042,0.434,0.3506718010433117,3.1779661016949152,0.7846718010433117,9.20768002325164,-0.4807743901895993,0.4807743901895993,-0.4807743901895992,0.4807743901895992,1.1607504911755981,1.1607504911755981,0.058176600100152055,0.03972488413694045,0.6247576587809331,True,FULL,FULL_exp_log_rank_1
90,0.44,2.0033333333333334,4.09,3.8813333333333335,3.8813333333333335,0.7845727106922662,2.4958402662229617,4.6659060440256,10.177837650659969,3.8813333333333335,2.1460293702735185,2.4958402662229617,6.027362703606852,7.273936644452033,1.3614566595812523,1.3614566595812523,1.3614566595812523,1.3614566595812523,-2.903901006207936,2.903901006207936,0.12206015220775275,0.0865482609509161,0.953428461247824,True,FULL,FULL_exp_log_rank_1
91,2.56,4.125,14.35,13.695,13.695,33.24347166872315,1.2121212121212122,46.93847166872315,1.5724619149710894,13.695,65.76852205916325,1.2121212121212122,79.46352205916325,1.319027206780162,32.52505039044009,32.52505039044009,32.5250503904401,32.5250503904401,-0.2534347081909274,0.2534347081909274,0.9746564173278895,0.6821235548229702,0.8739124403311399,True,FULL,FULL_exp_log_rank_1
92,0.1,1.5666666666666669,0.84,0.5786666666666667,0.5786666666666667,0.3913124802400913,3.191489361702127,0.969979146906758,37.39184550372476,0.5786666666666667,0.0507240991763451,3.191489361702127,0.6293907658430118,57.2432156116854,-0.3405883810637462,0.3405883810637462,-0.3405883810637462,0.3405883810637462,19.85137010796064,19.85137010796064,0.07829602805361965,0.04629968717355,0.3399723913294178,True,FULL,FULL_exp_log_rank_1
93,0.29,2.175,4.72,4.314,4.314,0.9127902034753363,2.298850574712644,5.226790203475336,15.255568277966066,4.314,0.8711604790689718,2.298850574712644,5.185160479068972,14.892589805287471,-0.04162972440636459,0.04162972440636459,-0.04162972440636459,0.04162972440636459,-0.36297847267859495,0.36297847267859495,0.017520912345663567,0.008549690528994885,0.998984394482208,True,FULL,FULL_exp_log_rank_1
94,2.24,4.125,16.29,15.185,15.185,36.934910613682646,1.2121212121212122,52.11991061368265,1.6343524111032697,15.185,60.25563957881543,1.2121212121212122,75.44063957881544,1.3657190250036269,23.320728965132787,23.320728965132787,23.320728965132787,23.320728965132787,-0.2686333860996428,0.2686333860996428,1.1456279523950905,0.7877044004972136,0.8539697122458574,True,FULL,FULL_exp_log_rank_1
95,0.15,1.5666666666666669,1.04,0.515,0.515,1.0180921290257392,3.191489361702127,1.533092129025739,17.824332391452327,0.515,0.4791338156042616,3.191489361702127,0.9941338156042616,20.43625390435092,-0.5389583134214776,0.5389583134214776,-0.5389583134214775,0.5389583134214775,2.6119215128985935,2.6119215128985935,0.1070518001663502,0.06623465821413968,0.6040698042826216,True,FULL,FULL_exp_log_rank_1
96,0.32,2.225,5.75,4.01075,4.01075,4.5926707536336835,2.2471910112359548,8.603420753633683,8.90252129065327,4.01075,5.979767480628668,2.2471910112359548,9.990517480628668,7.699448586879948,1.3870967269949848,1.3870967269949848,1.3870967269949848,1.3870967269949848,-1.2030727037733229,1.2030727037733229,0.15402035084278295,0.10345847923107844,0.9598077411506105,True,FULL,FULL_exp_log_rank_1
97,0.98,3.925,16.9,13.655,13.655,17.423005323734152,1.2738853503184715,31.07800532373415,2.9328424113361327,13.655,24.600863488080037,1.2738853503184715,38.25586348808004,2.3486772018653777,7.177858164345885,7.177858164345885,7.1778581643458885,7.1778581643458885,-0.584165209470755,0.584165209470755,0.3699202910022345,0.24500902323323703,0.9773240869123179,True,FULL,FULL_exp_log_rank_1
98,0.12,1.5666666666666669,1.33,0.569,0.569,1.2856106349233354,3.191489361702127,1.854610634923335,23.13000566043724,0.569,0.8977534280325092,3.191489361702127,1.4667534280325092,24.146012716420337,-0.38785720689082614,0.38785720689082614,-0.3878572068908259,0.3878572068908259,1.0160070559830956,1.0160070559830956,0.08517953744420284,0.05139306481025278,0.8652987733766585,True,FULL,FULL_exp_log_rank_1
99,0.38,2.1775,5.29,3.8055,3.8055,4.8847712477868654,2.296211251435132,8.690271247786866,7.231167894086396,3.8055,5.276466974104604,2.296211251435132,9.081966974104605,6.438497520024431,0.39169572631773875,0.39169572631773875,0.39169572631773875,0.39169572631773875,-0.7926703740619647,0.7926703740619647,0.06950420863211103,0.03554567499102163,0.9908865895938911,True,FULL,FULL_exp_log_rank_1
100,1.12,3.865,15.69,14.2025,14.2025,9.330787016774106,1.2936610608020698,23.533287016774107,3.133851414322128,14.2025,19.479927789740955,1.2936610608020698,33.682427789740956,2.2940480289744363,10.149140772966849,10.149140772966849,10.149140772966849,10.149140772966849,-0.8398033853476918,0.8398033853476918,0.37851956214414134,0.294388824205976,0.975025443434179,True,FULL,FULL_exp_log_rank_1
101,0.11,1.5599999999999998,1.19,0.5136666666666666,0.5136666666666666,1.0901897584596147,3.2051282051282053,1.6038564251262817,26.190812099681132,0.5136666666666666,0.6307786684263678,3.2051282051282053,1.1444453350930344,28.479124485197925,-0.459411090033247,0.459411090033247,-0.4594110900332473,0.4594110900332473,2.288312385516793,2.288312385516793,0.10309172444678255,0.061816614327403346,0.7441532002032462,True,FULL,FULL_exp_log_rank_1
102,0.33,2.175,5.38,4.15275,4.15275,3.3230952595070686,2.298850574712644,7.475845259507069,9.464816530487427,4.15275,4.499531352966993,2.298850574712644,8.652281352966993,8.094795644793008,1.176436093459924,1.176436093459924,1.176436093459924,1.176436093459924,-1.3700208856944194,1.3700208856944194,0.1306105899099384,0.08774106738042348,0.9631835397693648,True,FULL,FULL_exp_log_rank_1
104,0.46,1.61,0.57,0.4153333333333333,0.4153333333333333,1.2195408766373736,3.105590062111801,1.634874209970707,5.380408458094788,0.4153333333333333,0.5816035861386584,3.105590062111801,0.9969369194719916,5.532342052226276,-0.6379372904987153,0.6379372904987153,-0.6379372904987154,0.6379372904987154,0.15193359413148766,0.15193359413148766,0.056417558694214325,0.040010674651657065,0.6050234004989425,True,FULL,FULL_exp_log_rank_1
106,6.69,7.0,11.06,11.03,11.03,6.769176332863529,0.7142857142857143,17.799176332863528,0.9707346090728766,11.03,61.73054639248218,0.7142857142857143,72.76054639248218,0.7451902769370158,54.96137005961865,54.96137005961865,54.96137005961866,54.96137005961866,-0.22554433213586078,0.22554433213586078,0.3290249145886163,0.17571516695742836,0.9729221653370673,True,FULL,FULL_exp_log_rank_1
107,0.15,1.5566666666666666,0.88,0.5103333333333334,0.5103333333333334,0.7081291518031402,3.211991434689508,1.2184624851364736,19.26598627033951,0.5103333333333334,0.2607603649437933,3.211991434689508,0.7710936982771267,23.788897424530617,-0.4473687868593469,0.4473687868593469,-0.4473687868593469,0.4473687868593469,4.522911154191107,4.522911154191107,0.08905827756882727,0.054984223865264414,0.50420497386609,True,FULL,FULL_exp_log_rank_1
108,0.24,2.175,5.1,3.69825,3.69825,2.8769666070220197,2.298850574712644,6.5752166070220195,13.53664985652516,3.69825,2.4614058329985857,2.298850574712644,6.1596558329985855,13.49573765708297,-0.41556077402343394,0.41556077402343394,-0.41556077402343394,0.41556077402343394,-0.040912199442191266,0.040912199442191266,0.09088503902342251,0.054913074076054814,0.9784225834610104,True,FULL,FULL_exp_log_rank_1
109,0.47,3.8575,14.84,13.285,13.285,3.275885261750222,1.2961762799740766,16.560885261750222,9.133208341560495,13.285,1.5728809326884274,1.2961762799740766,14.857880932688428,10.531424038117638,-1.7030043290617947,1.7030043290617947,-1.7030043290617947,1.7030043290617947,1.398215696557143,1.398215696557143,0.30689837033058925,0.18930958455662983,0.9667163793441116,True,FULL,FULL_exp_log_rank_1
110,0.15,2.1675,1.23,0.6225,0.6225,0.9619833022068238,2.306805074971165,1.584483302206824,20.507804388385548,0.6225,0.3866417782219062,2.306805074971165,1.0091417782219063,24.437573465958884,-0.5753415239849176,0.5753415239849176,-0.5753415239849178,0.5753415239849178,3.9297690775733365,3.9297690775733365,0.12984979086854556,0.0776724438559414,0.5207019681124628,True,FULL,FULL_exp_log_rank_1
111,0.25,2.165,6.22,4.547499999999999,4.547499999999999,3.553532108811563,2.3094688221709005,8.101032108811562,12.896286747191096,4.547499999999999,8.218052060525181,2.3094688221709005,12.76555206052518,9.88859546871748,4.664519951713618,4.664519951713618,4.664519951713618,4.664519951713618,-3.007691278473617,3.007691278473617,0.7708601598506784,0.4947723706345979,-0.03426574860489784,True,FULL,FULL_exp_log_rank_1
112,0.46,4.1075,18.37,16.2525,16.2525,4.204330792736471,1.217285453438831,20.456830792736472,9.296747223836368,16.2525,0.7919492871786211,1.217285453438831,17.044449287178622,13.045301040832712,-3.4123815055578497,3.4123815055578497,-3.4123815055578497,3.4123815055578497,3.7485538169963437,3.7485538169963437,0.6343809736198385,0.3916741504174635,0.902750862732522,True,FULL,FULL_exp_log_rank_1
113,0.21,1.5599999999999998,0.72,0.5333333333333333,0.5333333333333333,0.4530839141628877,3.2051282051282053,0.9864172474962212,14.758619332850811,0.5333333333333333,0.1611186513578416,3.2051282051282053,0.694451984691175,18.513320446768983,-0.2919652628050461,0.2919652628050461,-0.2919652628050462,0.2919652628050462,3.7547011139181716,3.7547011139181716,0.0489363707484465,0.031259648256445643,0.7068518910310719,True,FULL,FULL_exp_log_rank_1
114,0.46,2.215,4.54,3.755,3.755,3.0550946555112306,2.2573363431151243,6.8100946555112305,6.812602552841997,3.755,2.4172026157535083,2.2573363431151243,6.172202615753508,6.64111827870499,-0.6378920397577224,0.6378920397577224,-0.6378920397577224,0.6378920397577224,-0.17148427413700684,0.17148427413700684,0.12041437934365747,0.07564575346602194,0.9620468368982874,True,FULL,FULL_exp_log_rank_1
115,3.02,4.84,14.29,13.226666666666668,13.226666666666668,67.62238227774218,1.0330578512396695,80.84904894440885,1.2379494369579531,13.226666666666668,35.187776888937364,1.0330578512396695,48.41444355560403,1.183829668575811,-32.43460538880481,32.43460538880481,-32.43460538880482,32.43460538880482,-0.054119768382142164,0.054119768382142164,1.5126276766585258,1.133553661706556,0.6828910548290761,True,FULL,FULL_exp_log_rank_1
116,0.1,1.5533333333333337,1.16,0.5640000000000001,0.5640000000000001,0.912890584776652,3.218884120171673,1.476890584776652,31.1344826944979,0.5640000000000001,0.5013347469878415,3.218884120171673,1.0653347469878416,34.465961956709684,-0.41155583778881044,0.41155583778881044,-0.41155583778881044,0.41155583778881044,3.331479262211783,3.331479262211783,0.09504049260030117,0.056512693799624376,0.7227711263411426,True,FULL,FULL_exp_log_rank_1
117,0.28,2.16,4.98,3.80875,3.80875,2.7207253448886286,2.314814814814815,6.5294753448886285,11.627647012732409,3.80875,2.4592062874469898,2.314814814814815,6.26795628744699,11.327309903671605,-0.26151905744163884,0.26151905744163884,-0.26151905744163884,0.26151905744163884,-0.3003371090608038,0.3003371090608038,0.0658322450003072,0.038243265023232824,0.9881939465398665,True,FULL,FULL_exp_log_rank_1
118,0.84,3.88,14.83,12.9825,12.9825,7.331910697776193,1.288659793814433,20.314410697776193,4.123242699657944,12.9825,9.3438632069435,1.288659793814433,22.3263632069435,3.5228431484830818,2.0119525091673065,2.0119525091673065,2.0119525091673083,2.0119525091673083,-0.6003995511748625,0.6003995511748625,0.17983717543820207,0.12004114445607651,0.992208235840011,True,FULL,FULL_exp_log_rank_1
119,0.05,1.5533333333333337,1.06,0.4603333333333333,0.4603333333333333,0.7347138188950575,3.218884120171673,1.1950471522283908,76.69251608229672,0.4603333333333333,0.3323399366158475,3.218884120171673,0.7926732699491809,86.4039009156589,-0.40237388227921,0.40237388227921,-0.4023738822792099,0.4023738822792099,9.711384833362175,9.711384833362175,0.10478260121131826,0.05999550012711597,0.5995840884300478,True,FULL,FULL_exp_log_rank_1
120,0.24,2.1675,5.34,3.634,3.634,3.551284821064535,2.306805074971165,7.185284821064535,12.76758648025316,3.634,3.671000584075975,2.306805074971165,7.305000584075975,12.068648587685164,0.11971576301144005,0.11971576301144005,0.11971576301144005,0.11971576301144005,-0.6989378925679954,0.6989378925679954,0.02306990999055725,0.013034274505806222,0.9988616083278622,True,FULL,FULL_exp_log_rank_1
121,0.58,3.8475,15.72,12.52,12.52,8.509190021060213,1.299545159194282,21.029190021060213,5.626700720273117,12.52,10.848957559007356,1.299545159194282,23.368957559007356,4.916734476144964,2.339767537947143,2.339767537947143,2.339767537947143,2.339767537947143,-0.7099662441281529,0.7099662441281529,0.2625761929736647,0.1775029334735975,0.9819515386339963,True,FULL,FULL_exp_log_rank_1
122,0.16,1.7866666666666664,1.46,0.5153333333333333,0.5153333333333333,1.791622665699797,2.7985074626865676,2.3069559990331303,15.27471027903135,0.5153333333333333,1.1934598534891458,2.7985074626865676,1.7087931868224793,15.899226935785746,-0.598162812210651,0.598162812210651,-0.598162812210651,0.598162812210651,0.6245166567543965,0.6245166567543965,0.12218875537516098,0.07514474242796094,0.8246707149366513,True,FULL,FULL_exp_log_rank_1
123,0.34,2.19,5.86,3.70375,3.70375,6.4076526447249105,2.2831050228310503,10.11140264472491,7.4904783908875965,3.70375,8.265726557722544,2.2831050228310503,11.969476557722544,6.406851215585052,1.858073912997634,1.858073912997634,1.858073912997634,1.858073912997634,-1.0836271753025448,1.0836271753025448,0.1593052802622939,0.11119024711640396,0.9661212346842445,True,FULL,FULL_exp_log_rank_1
124,0.72,3.9025,15.23,13.1975,13.1975,6.547895084347095,1.2812299807815504,19.745395084347095,4.922489465268678,13.1975,7.380599454409941,1.2812299807815504,20.57809945440994,4.427647027582467,0.8327043700628458,0.8327043700628458,0.8327043700628458,0.8327043700628458,-0.49484243768621106,0.49484243768621106,0.12522084007692094,0.0716970597904303,0.9959971280983783,True,FULL,FULL_exp_log_rank_1
125,0.13,1.5766666666666669,0.83,0.5316666666666667,0.5316666666666667,0.5110542316499418,3.1712473572938684,1.0427208983166083,25.070549134255213,0.5316666666666667,0.1355707070088831,3.1712473572938684,0.6672373736755499,33.58319638599194,-0.3754835246410587,0.3754835246410587,-0.3754835246410584,0.3754835246410584,8.512647251736727,8.512647251736727,0.07994925604843806,0.04841006637803816,0.4305023027828777,True,FULL,FULL_exp_log_rank_1
126,0.33,2.195,4.91,4.2615,4.2615,1.6629195649406574,2.277904328018223,5.924419564940657,11.444353107108954,4.2615,1.9068478661475297,2.277904328018223,6.1683478661475295,10.452279082786596,0.24392830120687226,0.24392830120687226,0.24392830120687226,0.24392830120687226,-0.992074024322358,0.992074024322358,0.03290645359401,0.021613001598745924,0.9969468531323712,True,FULL,FULL_exp_log_rank_1
127,2.99,4.513333333333333,16.39,14.923333333333332,14.923333333333332,140.10135047238424,1.1078286558345645,155.0246838057176,1.2549920885699382,14.923333333333332,75.55387495344893,1.1078286558345645,90.47720828678226,1.192841471121039,-64.54747551893531,64.54747551893531,-64.54747551893533,64.54747551893533,-0.06215061744889905,0.06215061744889905,2.3526311941053697,1.7409904997855412,0.4009364276287761,True,FULL,FULL_exp_log_rank_1
128,0.22,1.5666666666666669,1.38,0.6789999999999999,0.6789999999999999,1.9691572578488556,3.191489361702127,2.6481572578488555,10.298464829923804,0.6789999999999999,1.395905029202833,3.191489361702127,2.074905029202833,10.333771236585726,-0.5732522286460227,0.5732522286460227,-0.5732522286460227,0.5732522286460227,0.035306406661922196,0.035306406661922196,0.09659211140710931,0.06207960279223669,0.8435095091668824,True,FULL,FULL_exp_log_rank_1
129,0.39,2.18,6.11,4.593,4.593,5.057943521426855,2.293577981651376,9.650943521426855,7.34235077378404,4.593,10.5779484099874,2.293577981651376,15.1709484099874,5.426269345145764,5.520004888560544,5.520004888560544,5.520004888560544,5.520004888560544,-1.9160814286382761,1.9160814286382761,0.47501695792231796,0.33455975888035,0.6675983473958724,True,FULL,FULL_exp_log_rank_1
130,2.78,4.13,17.18,15.5675,15.5675,173.2142161184181,1.2106537530266344,188.7817161184181,1.354578535378103,15.5675,136.01007888530668,1.2106537530266344,151.57757888530668,1.2656019193696195,-37.204137233111425,37.204137233111425,-37.204137233111425,37.204137233111425,-0.0889766160084835,0.0889766160084835,2.6774893117067666,1.9696876244332622,0.29396653939395256,True,FULL,FULL_exp_log_rank_1
131,0.3,1.57,0.69,0.4403333333333333,0.4403333333333333,0.989606450202688,3.184713375796178,1.4299397835360212,7.9675990689291964,0.4403333333333333,0.3920393227192586,3.184713375796178,0.8323726560525919,9.24788079411769,-0.5975671274834293,0.5975671274834293,-0.5975671274834293,0.5975671274834293,1.2802817251884928,1.2802817251884928,0.07221366598878186,0.04931789929446477,0.5392923305394741,True,FULL,FULL_exp_log_rank_1
132,0.38,2.2025,4.61,3.49275,3.49275,3.5417527605950667,2.270147559591374,7.034502760595067,7.697329513236288,3.49275,2.196462792665792,2.270147559591374,5.689212792665792,8.13270721743917,-1.3452899679292747,1.3452899679292747,-1.3452899679292747,1.3452899679292747,0.4353777042028826,0.4353777042028826,0.20703104297611585,0.13550829524201968,0.8856488761624361,True,FULL,FULL_exp_log_rank_1
133,0.58,3.89,14.25,12.71,12.71,3.870375185655917,1.2853470437017995,16.580375185655917,6.937928600833182,12.71,1.9749296090607107,1.2853470437017995,14.684929609060712,7.868276979819949,-1.8954455765952063,1.8954455765952063,-1.8954455765952058,1.8954455765952058,0.9303483789867668,0.9303483789867668,0.30675522338644917,0.19391958674960214,0.9682131631446806,True,FULL,FULL_exp_log_rank_1
134,0.29,1.5933333333333335,0.81,0.6846666666666668,0.6846666666666668,0.4027161872827163,3.1380753138075312,1.087382853949383,11.679447292728767,0.6846666666666668,0.284863623589474,3.1380753138075312,0.9695302902561408,11.981316717322654,-0.11785256369324232,0.11785256369324232,-0.11785256369324226,0.11785256369324226,0.3018694245938871,0.3018694245938871,0.019471276409114897,0.01256561457939779,0.9656610270336777,True,FULL,FULL_exp_log_rank_1
135,0.42,2.1925,4.74,4.255,4.255,1.6007301765706998,2.280501710376283,5.8557301765707,9.079561652406012,4.255,2.3480051923664647,2.280501710376283,6.6030051923664645,7.612207756570295,0.7472750157957648,0.7472750157957648,0.7472750157957648,0.7472750157957648,-1.4673538958357168,1.4673538958357168,0.07231656679018679,0.05086287010007173,0.9865599559079333,True,FULL,FULL_exp_log_rank_1
136,2.48,4.18,15.4,14.19,14.19,62.34454554337887,1.1961722488038278,76.53454554337887,1.469660738779334,14.19,66.917470300635,1.1961722488038278,81.107470300635,1.3105374214155243,4.572924757256132,4.572924757256132,4.572924757256132,4.572924757256132,-0.15912331736380958,0.15912331736380958,1.5389585092865607,1.1280378564970985,0.711281079427025,True,FULL,FULL_exp_log_rank_1
137,1.18,1.85,0.63,0.575,0.575,4.239497230710774,2.702702702702702,4.814497230710774,3.1309195303367727,0.575,3.892069699072949,2.702702702702702,4.467069699072949,2.870529723983805,-0.347427531637825,0.347427531637825,-0.347427531637825,0.347427531637825,-0.26038980635296793,0.26038980635296793,0.08222631597081904,0.06121595097554732,0.5109548742615543,True,FULL,FULL_exp_log_rank_1
138,0.99,2.6033333333333335,4.93,4.496666666666667,4.496666666666667,4.9592094785200045,1.9206145966709345,9.455876145186672,3.460965956174455,4.496666666666667,6.594360507983118,1.9206145966709345,11.091027174649785,2.8413932692978348,1.6351510294631133,1.6351510294631133,1.6351510294631133,1.6351510294631133,-0.6195726868766203,0.6195726868766203,0.1811353352598023,0.10225992611016235,0.9515809948797788,True,FULL,FULL_exp_log_rank_1
139,1.92,4.2125,17.14,16.56,16.56,9.158812659704571,1.1869436201780414,25.71881265970457,2.22655990128023,16.56,31.451074926462542,1.1869436201780414,48.01107492646254,1.5443498383576626,22.292262266757973,22.292262266757973,22.29226226675797,22.29226226675797,-0.6822100629225674,0.6822100629225674,0.525508859766158,0.3293682879276612,0.9706460453975647,True,FULL,FULL_exp_log_rank_1
140,0.42,1.7400000000000002,0.83,0.4525,0.4525,2.5886372580129136,2.8735632183908044,3.0411372580129137,4.84879553279124,0.4525,0.7860781984012856,2.8735632183908044,1.2385781984012856,5.503168960838072,-1.802559059611628,1.802559059611628,-1.802559059611628,1.802559059611628,0.6543734280468314,0.6543734280468314,0.14157111824796995,0.10190997062210828,0.13567701017126876,True,FULL,FULL_exp_log_rank_1
141,1.23,2.5733333333333337,4.22,4.026666666666666,4.026666666666666,3.714553371745124,1.94300518134715,7.74122003841179,3.22230726876678,4.026666666666666,7.704021939173962,1.94300518134715,11.730688605840628,2.4848175852644405,3.9894685674288377,3.9894685674288377,3.9894685674288377,3.9894685674288377,-0.7374896835023397,0.7374896835023397,0.15720127544271184,0.09129255883021573,0.9576160881277834,True,FULL,FULL_exp_log_rank_1
142,1.79,4.84,15.01,14.9025,14.9025,0.8901040923931092,1.0330578512396695,15.792604092393107,3.4546415460563873,14.9025,0.8078098539997107,1.0330578512396695,15.71030985399971,3.347892220513894,-0.08229423839339844,0.08229423839339844,-0.08229423839339667,0.08229423839339667,-0.10674932554249317,0.10674932554249317,0.0668109041766713,0.03274530732220203,0.9992123909581779,True,FULL,FULL_exp_log_rank_1
143,0.33,1.5733333333333333,0.58,0.4766666666666666,0.4766666666666666,0.4098600862261488,3.1779661016949152,0.8865267528928155,9.368454028225154,0.4766666666666666,0.2710614588674667,3.1779661016949152,0.7477281255341334,9.604181306624712,-0.1387986273586821,0.1387986273586821,-0.1387986273586821,0.1387986273586821,0.23572727839955832,0.23572727839955832,0.020438501582557726,0.013489178710733794,0.9336244702848504,True,FULL,FULL_exp_log_rank_1
144,0.43,2.1725,4.53,3.8975,3.8975,2.2412867147074325,2.3014959723820483,6.138786714707432,7.955893974394428,3.8975,2.2286967257657064,2.3014959723820483,6.126196725765706,7.354902809313936,-0.012589988941726027,0.012589988941726027,-0.012589988941726027,0.012589988941726027,-0.600991165080492,0.600991165080492,0.05445193413615495,0.024266176892626078,0.9918585066295827,True,FULL,FULL_exp_log_rank_1
145,3.33,4.496666666666667,14.77,14.159999999999998,14.159999999999998,71.68575820940592,1.111934766493699,85.84575820940591,1.2931877819034847,14.159999999999998,86.29451868036048,1.111934766493699,100.45451868036048,1.173829290435284,14.608760470954564,14.608760470954564,14.608760470954564,14.608760470954564,-0.11935849146820066,0.11935849146820066,1.3011159640094754,0.89782070571454,0.7674814143639218,True,FULL,FULL_exp_log_rank_1
147,1.84,3.1775,4.39,3.69,3.69,48.191526905344915,1.5735641227380015,51.88152690534491,1.779339325853626,3.69,10.78484018468173,1.5735641227380015,14.47484018468173,1.8093880506635704,-37.40668672066319,37.40668672066319,-37.40668672066318,37.40668672066318,0.03004872480994436,0.03004872480994436,0.8417205970524699,0.6447589644326824,-0.030282073398759213,True,FULL,FULL_exp_log_rank_1
148,2.23,4.3774999999999995,15.49,14.875,14.875,14.10295307840756,1.142204454597373,28.97795307840756,1.8301286904573817,14.875,29.710411998514573,1.142204454597373,44.58541199851457,1.4227002912326787,15.607458920107012,15.607458920107012,15.607458920107014,15.607458920107014,-0.407428399224703,0.407428399224703,0.6023175587962241,0.35563242115117183,0.955535344678403,True,FULL,FULL_exp_log_rank_1
149,0.18,1.5599999999999998,0.96,0.5433333333333333,0.5433333333333333,0.9264981470545324,3.2051282051282053,1.4698314803878656,14.731251978605432,0.5433333333333333,0.4060089633721419,3.2051282051282053,0.9493422967054752,17.28585345843327,-0.5204891836823905,0.5204891836823905,-0.5204891836823904,0.5204891836823904,2.554601479827838,2.554601479827838,0.09403406583523757,0.059459451670743235,0.5851239874231273,True,FULL,FULL_exp_log_rank_1
150,0.4,2.175,5.29,4.25,4.25,3.4798658017251105,2.298850574712644,7.7298658017251105,7.755705088302538,4.25,5.067248320088105,2.298850574712644,9.317248320088105,6.369176389789686,1.5873825183629942,1.5873825183629942,1.5873825183629942,1.5873825183629942,-1.3865286985128513,1.3865286985128513,0.1286763390445567,0.0914349361178017,0.9659727892066857,True,FULL,FULL_exp_log_rank_1
151,0.99,3.6125,15.85,14.965,14.965,4.712295648967803,1.384083044982699,19.677295648967803,4.185634509215309,14.965,26.78175495283835,1.384083044982699,41.74675495283835,2.3800099950032965,22.06945930387055,22.06945930387055,22.06945930387055,22.06945930387055,-1.8056245142120129,1.8056245142120129,0.9940126363378514,0.7520860817243861,0.8258329630558342,True,FULL,FULL_exp_log_rank_1
152,1.16,1.9,0.64,0.54,0.54,8.918859589233094,2.6315789473684212,9.458859589233091,2.9158636476035604,0.54,3.500221102447532,2.6315789473684212,4.040221102447532,2.8126175960862443,-5.418638486785562,5.418638486785562,-5.418638486785559,5.418638486785559,-0.10324605151731614,0.10324605151731614,0.1355518836201544,0.10379543377576457,-0.19335736224400102,True,FULL,FULL_exp_log_rank_1
153,1.3,2.566666666666667,4.2,3.9333333333333336,3.9333333333333336,6.732843008196392,1.948051948051948,10.666176341529724,2.832743127876559,3.9333333333333336,9.24637820806341,1.948051948051948,13.179711541396744,2.372248002263267,2.513535199867018,2.513535199867018,2.51353519986702,2.51353519986702,-0.4604951256132921,0.4604951256132921,0.23418823293490615,0.15429446609236597,0.906007649761593,True,FULL,FULL_exp_log_rank_1
154,5.1,31.453947067343865,14.28,13.490170336848536,13.490170336848536,2.087839211051561,0.1589625616554528,15.578009547900097,0.9263059984631752,13.490170336848536,13.548744747473217,0.1589625616554528,27.03891508432175,0.5309022553409464,11.460905536421656,11.460905536421656,11.460905536421654,11.460905536421654,-0.3954037431222288,0.3954037431222288,1.4646209666183154,0.9642089127675222,0.31716690093976674,True,FULL,FULL_exp_log_rank_1
155,0.56,1.5599999999999998,0.58,0.4766666666666666,0.4766666666666666,1.2430840918042927,3.2051282051282053,1.7197507584709593,5.0236277196711585,0.4766666666666666,0.9010975349920284,3.2051282051282053,1.3777642016586948,4.613937891881064,-0.3419865568122643,0.3419865568122643,-0.3419865568122644,0.3419865568122644,-0.40968982779009444,0.40968982779009444,0.04609941724752374,0.031843213467253995,0.7594553062788219,True,FULL,FULL_exp_log_rank_1
156,0.67,2.1775,4.06,3.745,3.745,2.1627193549790276,2.296211251435132,5.907719354979028,5.4890381882934465,3.745,3.4226617803482187,2.296211251435132,7.167661780348219,4.354628968669876,1.259942425369191,1.259942425369191,1.259942425369191,1.259942425369191,-1.1344092196235707,1.1344092196235707,0.07827059593241135,0.049218231930171566,0.9847990191202103,True,FULL,FULL_exp_log_rank_1
157,1.32,3.9,14.36,13.5925,13.5925,6.126023681195667,1.2820512820512822,19.718523681195663,3.032176279008363,13.5925,16.815768326036626,1.2820512820512822,30.408268326036623,2.107318166457215,10.689744644840959,10.689744644840959,10.68974464484096,10.68974464484096,-0.9248581125511479,0.9248581125511479,0.3629722140778583,0.2752331169745319,0.9757096456855718,True,FULL,FULL_exp_log_rank_1
158,0.17,1.6233333333333333,1.0,0.5720000000000001,0.5720000000000001,0.8749487231528226,3.080082135523614,1.4469487231528226,16.31818533574024,0.5720000000000001,0.3760064393631769,3.080082135523614,0.948006439363177,19.32129863786874,-0.49894228378964567,0.49894228378964567,-0.49894228378964567,0.49894228378964567,3.003113302128501,3.003113302128501,0.09535872318469137,0.05949743158783351,0.5837724509611808,True,FULL,FULL_exp_log_rank_1
159,0.32,2.1825,5.06,4.11975,4.11975,2.410582651104151,2.290950744558992,6.530332651104151,10.626543938716322,4.11975,2.7049019831926433,2.290950744558992,6.824651983192643,9.68957302543707,0.2943193320884925,0.2943193320884925,0.2943193320884925,0.2943193320884925,-0.9369709132792519,0.9369709132792519,0.03682316009608744,0.02450575817476267,0.9964526745451513,True,FULL,FULL_exp_log_rank_1
160,1.07,3.895,14.3,13.0025,13.0025,7.31537030166651,1.2836970474967908,20.31787030166651,3.3651116062820727,13.0025,11.449319183895993,1.2836970474967908,24.451819183895992,2.681151813079425,4.1339488822294825,4.1339488822294825,4.1339488822294825,4.1339488822294825,-0.6839597932026478,0.6839597932026478,0.248225835234893,0.17146052398399966,0.9865967733383866,True,FULL,FULL_exp_log_rank_1
161,0.1,1.5666666666666669,0.85,0.5843333333333334,0.5843333333333334,0.3978559436075378,3.191489361702127,0.9821892769408712,37.33548887229885,0.5843333333333334,0.0553192696968233,3.191489361702127,0.6396526030301567,56.38704613362817,-0.3425366739107145,0.3425366739107145,-0.3425366739107145,0.3425366739107145,19.051557261329314,19.051557261329314,0.0787755769930701,0.046593524134024594,0.34998251629075694,True,FULL,FULL_exp_log_rank_1
162,0.24,2.175,6.09,4.409,4.409,3.4511384121172206,2.298850574712644,7.86013841211722,13.515323404054092,4.409,6.96996852172336,2.298850574712644,11.37896852172336,10.779752313790944,3.5188301096061396,3.5188301096061396,3.5188301096061396,3.5188301096061396,-2.7355710902631483,2.7355710902631483,0.6023846569462632,0.3835411437924466,0.3369371128842812,True,FULL,FULL_exp_log_rank_1
163,0.5,3.8625,16.89,15.2325,15.2325,3.655467066441505,1.2944983818770228,18.887967066441504,8.601598077321363,15.2325,5.131370066069538,1.2944983818770228,20.363870066069538,7.588226865634108,1.4759029996280328,1.4759029996280328,1.4759029996280333,1.4759029996280333,-1.0133712116872546,1.0133712116872546,0.22861922211000804,0.14646324867240065,0.9862458297442822,True,FULL,FULL_exp_log_rank_1
164,0.07,1.5566666666666666,0.85,0.5843333333333334,0.5843333333333334,0.3510048045966245,3.211991434689508,0.935338137929958,59.36701870371923,0.5843333333333334,0.0089645540106605,3.211991434689508,0.5932978873439939,114.10721441698324,-0.342040250585964,0.342040250585964,-0.3420402505859641,0.3420402505859641,54.74019571326401,54.74019571326401,0.08425823308872163,0.048861598850070936,0.20120821289791624,True,FULL,FULL_exp_log_rank_1
165,0.23,2.1675,5.85,4.43275,4.43275,2.80147060168731,2.306805074971165,7.23422060168731,14.978792929839672,4.43275,5.230953122676068,2.306805074971165,9.663703122676068,12.226471861606342,2.429482520988758,2.429482520988758,2.429482520988758,2.429482520988758,-2.7523210682333303,2.7523210682333303,0.43107761510625403,0.27167951000702945,0.5986870104143368,True,FULL,FULL_exp_log_rank_1
166,0.75,3.8625,16.87,15.795,15.795,3.4935563581594646,1.2944983818770228,19.288556358159465,5.80409010742513,15.795,9.068617900253686,1.2944983818770228,24.863617900253686,4.212534231112441,5.575061542094222,5.575061542094222,5.575061542094222,5.575061542094222,-1.5915558763126887,1.5915558763126887,0.5781711480767155,0.39710932085074874,0.932941382127465,True,FULL,FULL_exp_log_rank_1
167,0.17,1.5599999999999998,0.8,0.5579999999999999,0.5579999999999999,0.4953159279041487,3.2051282051282053,1.0533159279041486,18.51576110820791,0.5579999999999999,0.1541120797357517,3.2051282051282053,0.7121120797357516,24.06798479767472,-0.341203848168397,0.341203848168397,-0.341203848168397,0.341203848168397,5.552223689466807,5.552223689466807,0.06434076583213647,0.04006441846306924,0.585384066015836,True,FULL,FULL_exp_log_rank_1
168,1.11,2.563333333333333,4.61,4.293333333333333,4.293333333333333,4.918051194692046,1.950585175552666,9.21138452802538,3.258019017990617,4.293333333333333,7.759087436708521,1.950585175552666,12.052420770041854,2.6095475571816484,2.841036242016475,2.841036242016475,2.8410362420164734,2.8410362420164734,-0.6484714608089686,0.6484714608089686,0.18641864228232544,0.10860060909206833,0.9463138927885892,True,FULL,FULL_exp_log_rank_1
169,3.93,4.553333333333334,16.61,16.513333333333332,16.513333333333332,14.198414912137522,1.0980966325036603,30.711748245470854,1.4757256498343354,16.513333333333332,159.2781216406886,1.0980966325036603,175.79145497402192,1.1306257409623024,145.07970672855106,145.07970672855106,145.07970672855106,145.07970672855106,-0.345099908872033,0.345099908872033,0.5758894973259434,0.3239136809720236,0.9647277635320591,True,FULL,FULL_exp_log_rank_1
170,0.19,1.5533333333333337,0.76,0.5436666666666666,0.5436666666666666,0.4848535368761771,3.218884120171673,1.0285202035428438,16.275028887164293,0.5436666666666666,0.162337548795433,3.218884120171673,0.7060042154620997,20.76792933860967,-0.3225159880807441,0.3225159880807441,-0.3225159880807441,0.3225159880807441,4.492900451445376,4.492900451445376,0.057142831989768585,0.036084919541889485,0.6422527058897349,True,FULL,FULL_exp_log_rank_1
171,0.32,2.17,4.74,4.0465,4.0465,1.7565900119017304,2.3041474654377883,5.80309001190173,11.4900793995,4.0465,1.6148158237189412,2.3041474654377883,5.661315823718941,11.152133424919752,-0.1417741881827892,0.1417741881827892,-0.1417741881827892,0.1417741881827892,-0.3379459745802489,0.3379459745802489,0.041994792098010554,0.023287899567702438,0.9946233709685672,True,FULL,FULL_exp_log_rank_1
172,1.88,4.13,15.76,14.8875,14.8875,14.997831291761866,1.2106537530266344,29.885331291761865,2.0220034481788933,14.8875,32.6316448782423,1.2106537530266344,47.5191448782423,1.537806126936829,17.633813586480432,17.633813586480432,17.633813586480436,17.633813586480436,-0.48419732124206427,0.48419732124206427,0.6009567025927643,0.34889079247777316,0.9540597513407699,True,FULL,FULL_exp_log_rank_1
173,0.23,1.5666666666666669,0.81,0.5826666666666666,0.5826666666666666,0.6080845262035995,3.191489361702127,1.190751192870266,12.675105003139644,0.5826666666666666,0.2620354806126461,3.191489361702127,0.8447021472793127,15.012911336836794,-0.34604904559095345,0.34604904559095345,-0.3460490455909534,0.3460490455909534,2.3378063336971504,2.3378063336971504,0.05496192315784385,0.035642105562049,0.7325989643395162,True,FULL,FULL_exp_log_rank_1
174,0.27,2.18,5.18,4.452999999999999,4.452999999999999,1.5717255574854088,2.293577981651376,6.024725557485408,14.53141002624948,4.452999999999999,2.180718974457644,2.293577981651376,6.6337189744576435,12.774499826800058,0.6089934169722353,0.6089934169722353,0.6089934169722353,0.6089934169722353,-1.7569101994494218,1.7569101994494218,0.0949492053834356,0.060272116318168464,0.9743214603325591,True,FULL,FULL_exp_log_rank_1
175,1.85,4.1125,17.29,16.4125,16.4125,14.29966321375646,1.21580547112462,30.71216321375646,2.100213453400296,16.4125,38.69594692960084,1.21580547112462,55.10844692960084,1.5318125143733854,24.396283715844376,24.396283715844376,24.396283715844376,24.396283715844376,-0.5684009390269107,0.5684009390269107,0.6064209926768345,0.3594286611196523,0.9610195936153589,True,FULL,FULL_exp_log_rank_1
176,0.65,1.5766666666666669,0.57,0.478,0.478,1.612273609680621,3.1712473572938684,2.090273609680621,4.48569879514461,0.478,1.199935776076235,3.1712473572938684,1.677935776076235,4.071545904420051,-0.4123378336043859,0.4123378336043859,-0.4123378336043859,0.4123378336043859,-0.41415289072455863,0.41415289072455863,0.05380013788410425,0.03807695256628589,0.6855563164031324,True,FULL,FULL_exp_log_rank_1
177,1.47,2.6333333333333333,3.8,3.616,3.616,6.14964024424423,1.89873417721519,9.76564024424423,2.66832825839853,3.616,9.093205502592294,1.89873417721519,12.709205502592294,2.2384627513411983,2.9435652583480643,2.9435652583480643,2.9435652583480643,2.9435652583480643,-0.4298655070573316,0.4298655070573316,0.2096476886075714,0.14052296707478948,0.9132776924935557,True,FULL,FULL_exp_log_rank_1
178,2.12,4.1575,13.69,12.965,12.965,17.833183532648366,1.2026458208057729,30.79818353264837,1.8070468059221405,12.965,31.55330627609368,1.2026458208057729,44.51830627609368,1.454799788610433,13.720122743445312,13.720122743445312,13.720122743445312,13.720122743445312,-0.3522470173117076,0.3522470173117076,0.6613580770572636,0.413235306651675,0.9304942717987696,True,FULL,FULL_exp_log_rank_1
179,0.48,1.5666666666666669,0.88,0.6386666666666666,0.6386666666666666,2.2710172374402005,3.191489361702127,2.909683904106867,5.11752583659357,0.6386666666666666,1.1948683045093085,3.191489361702127,1.833534971175975,5.032336067466702,-1.076148932930892,1.076148932930892,-1.076148932930892,1.076148932930892,-0.08518976912686771,0.08518976912686771,0.09421394784053407,0.06686880679324352,0.5584326086757943,True,FULL,FULL_exp_log_rank_1
180,0.52,2.9225,5.54,4.727,4.727,2.527730037291942,1.710863986313088,7.254730037291942,6.676100463922199,4.727,0.3637941713896762,1.710863986313088,5.0907941713896765,10.222838309210196,-2.163935865902266,2.163935865902266,-2.163935865902266,2.163935865902266,3.546737845287997,3.546737845287997,0.2895805053692819,0.1890436838687262,0.8346755533041479,True,FULL,FULL_exp_log_rank_1
181,0.9,3.925,17.84,14.94,14.94,13.029435602700998,1.2738853503184715,27.969435602700997,3.4621547532157915,14.94,22.5604282922641,1.2738853503184715,37.5004282922641,2.6540919943727332,9.530992689563101,9.530992689563101,9.5309926895631,9.5309926895631,-0.8080627588430582,0.8080627588430582,0.4860075639193354,0.3700116585990127,0.9623871733791199,True,FULL,FULL_exp_log_rank_1
182,0.22,1.49,0.66,0.4575,0.4575,0.5513217275318822,3.3557046979865772,1.0088217275318825,12.75282127395527,0.4575,0.2163363265965245,3.3557046979865772,0.6738363265965246,15.465164965690205,-0.3349854009353578,0.3349854009353578,-0.3349854009353579,0.3349854009353579,2.712343691734935,2.712343691734935,0.05231974365707993,0.034053562742893784,0.6561476979413097,True,FULL,FULL_exp_log_rank_1
183,1.93,3.1,4.22,4.0145,4.0145,10.822557992923612,1.6129032258064515,14.837057992923611,2.064879723343122,4.0145,12.369702202547732,1.6129032258064515,16.384202202547733,1.8215725848620448,1.5471442096241201,1.5471442096241201,1.547144209624122,1.547144209624122,-0.24330713848107743,0.24330713848107743,0.301362079418583,0.2161638689929072,0.8600682433113362,True,FULL,FULL_exp_log_rank_1
184,3.98,4.75,15.12,14.85,14.85,45.661479023586836,1.0526315789473684,60.51147902358684,1.247654255784918,14.85,109.96069661834996,1.0526315789473684,124.81069661834997,1.0941879508709953,64.29921759476312,64.29921759476312,64.29921759476312,64.29921759476312,-0.15346630491392266,0.15346630491392266,0.8730868018990239,0.5567666627997663,0.8989060190117382,True,FULL,FULL_exp_log_rank_1
185,0.13,1.5666666666666669,1.09,0.5446666666666667,0.5446666666666667,0.9576325699215577,3.191489361702127,1.5022992365882244,21.905585532286455,0.5446666666666667,0.4773093250885108,3.191489361702127,1.0219759917551776,24.82874106850091,-0.48032324483304684,0.48032324483304684,-0.4803232448330468,0.4803232448330468,2.9231555362144555,2.9231555362144555,0.1018520844481895,0.06198049836396348,0.6522615975005488,True,FULL,FULL_exp_log_rank_1
186,0.28,2.1775,5.16,3.81425,3.81425,3.130431077528114,2.296211251435132,6.944681077528114,11.220553160809676,3.81425,3.053573589585563,2.296211251435132,6.867823589585563,10.680998997766098,-0.07685748794255076,0.07685748794255076,-0.07685748794255076,0.07685748794255076,-0.5395541630435776,0.5395541630435776,0.04422594547131197,0.02080580583830272,0.9952379265549107,True,FULL,FULL_exp_log_rank_1
187,0.7,3.88,16.09,11.71,11.71,14.993697153202367,1.288659793814433,26.70369715320237,3.931657649182005,11.71,19.245730592558132,1.288659793814433,30.955730592558133,3.319229535792621,4.252033439355765,4.252033439355765,4.252033439355763,4.252033439355763,-0.6124281133893841,0.6124281133893841,0.2899837629278593,0.21428391870275643,0.9829123925011294,True,FULL,FULL_exp_log_rank_1
188,1.1,2.06,0.64,0.593,0.593,1.513280437089641,2.4271844660194173,2.1062804370896413,3.268679989536249,0.593,2.32258991541387,2.4271844660194173,2.91558991541387,2.746143449174109,0.8093094783242287,0.8093094783242287,0.8093094783242285,0.8093094783242285,-0.52253654036214,0.52253654036214,0.04662139958580528,0.03219067048392882,0.8412743063675547,True,FULL,FULL_exp_log_rank_1
189,3.11,3.85,4.79,4.4285,4.4285,105.61771145632456,1.2987012987012987,110.04621145632456,1.3813754414682702,4.4285,30.901288245399883,1.2987012987012987,35.32978824539988,1.3555380473138738,-74.71642321092467,74.71642321092467,-74.71642321092467,74.71642321092467,-0.025837394154396343,0.025837394154396343,0.9084390043153079,0.6239154710412272,-0.06245173598560738,True,FULL,FULL_exp_log_rank_1
190,2.95,4.833333333333333,17.57,15.660000000000002,15.660000000000002,133.5433516563727,1.0344827586206895,149.2033516563727,1.194201194728314,15.660000000000002,47.24801716113576,1.0344827586206895,62.90801716113576,1.1745729236712208,-86.29533449523693,86.29533449523693,-86.29533449523693,86.29533449523693,-0.019628271057093194,0.019628271057093194,2.5710476354924547,1.9536107508746001,0.38541818817303986,True,FULL,FULL_exp_log_rank_1
191,0.1,1.64,1.15,0.5823333333333333,0.5823333333333333,0.8468851223123651,3.048780487804878,1.4292184556456984,32.276683117014976,0.5823333333333333,0.4141858365863495,3.048780487804878,0.9965191699196828,36.71191311600817,-0.4326992857260156,0.4326992857260156,-0.43269928572601557,0.43269928572601557,4.435229998993194,4.435229998993194,0.10132362965121344,0.05999389252456399,0.6538627736633746,True,FULL,FULL_exp_log_rank_1
192,0.26,2.06,5.06,2.78625,2.78625,5.537602820988881,2.4271844660194173,8.323852820988881,9.67711986223781,2.78625,4.927767137415328,2.4271844660194173,7.714017137415328,9.32950368826295,-0.6098356835735528,0.6098356835735528,-0.6098356835735528,0.6098356835735528,-0.3476161739748598,0.3476161739748598,0.1394243597634028,0.0834544310426793,0.9697870315795583,True,FULL,FULL_exp_log_rank_1
193,0.48,3.91,15.79,12.4225,12.4225,7.40432598861948,1.278772378516624,19.82682598861948,7.151633571136485,12.4225,7.420995910341986,1.278772378516624,19.843495910341986,6.813197400739994,0.016669921722506587,0.016669921722506587,0.016669921722506587,0.016669921722506587,-0.3384361703964913,0.3384361703964913,0.07925834073638406,0.026547936123053652,0.9981878068605133,True,FULL,FULL_exp_log_rank_1
194,0.47,1.5599999999999998,0.9,0.6583333333333333,0.6583333333333333,2.1587521490528645,3.2051282051282053,2.8170854823861977,5.267358968714256,0.6583333333333333,1.200946907980664,3.2051282051282053,1.8592802413139975,5.139964983788673,-0.9578052410722004,0.9578052410722004,-0.9578052410722002,0.9578052410722002,-0.1273939849255834,0.1273939849255834,0.09017291568309278,0.06352143620353268,0.606225714243268,True,FULL,FULL_exp_log_rank_1
195,0.49,2.1875,5.79,4.2505,4.2505,7.336962282580967,2.2857142857142856,11.587462282580969,5.320972461121309,4.2505,10.75341262281322,2.2857142857142856,15.00391262281322,4.213848009631665,3.4164503402322532,3.4164503402322532,3.4164503402322506,3.4164503402322506,-1.1071244514896446,1.1071244514896446,0.13364855837623377,0.10234921812998846,0.9750339971734258,True,FULL,FULL_exp_log_rank_1
196,1.09,3.86,17.51,14.9375,14.9375,16.553387035413166,1.2953367875647668,31.490887035413166,2.8169440230151195,14.9375,32.38965903078446,1.2953367875647668,47.32715903078446,2.0759908698149414,15.836271995371291,15.836271995371291,15.836271995371291,15.836271995371291,-0.7409531532001781,0.7409531532001781,0.456176546243279,0.3551094292233616,0.9699977722406524,True,FULL,FULL_exp_log_rank_1
197,0.14,2.0725,0.99,0.65575,0.65575,0.5146811885872504,2.4125452352231607,1.1704311885872505,25.510159206488257,0.65575,0.0703904584275626,2.4125452352231607,0.7261404584275627,38.950337154499834,-0.44429073015968784,0.44429073015968784,-0.4442907301596878,0.4442907301596878,13.440177948011577,13.440177948011577,0.10065889389871426,0.059818417049453024,0.2809033262831323,True,FULL,FULL_exp_log_rank_1
199,2.66,4.3725000000000005,17.29,16.490000000000002,16.490000000000002,37.39926722177272,1.1435105774728416,53.88926722177272,1.504191322919805,16.490000000000002,64.21160761818828,1.1435105774728416,80.70160761818828,1.268411708033611,26.812340396415564,26.812340396415564,26.812340396415557,26.812340396415557,-0.23577961488619392,0.23577961488619392,1.1291801158332702,0.78638114635629,0.8825640602760431,True,FULL,FULL_exp_log_rank_1
200,1.09,1.85,0.51,0.452,0.452,3.5013968656521643,2.702702702702702,3.953396865652164,3.161464776235545,0.452,2.5343126844974195,2.702702702702702,2.9863126844974195,2.926142888825414,-0.9670841811547448,0.9670841811547448,-0.9670841811547444,0.9670841811547444,-0.2353218874101306,0.2353218874101306,0.07230890842916754,0.05429997445627613,0.41243389182243917,True,FULL,FULL_exp_log_rank_1
201,4.54,28.00018033053748,3.73,3.372542584212134,3.372542584212134,0.9705608512144872,0.178570278511632,4.343103435426621,0.8969826858645201,3.372542584212134,31.7415464404344,0.178570278511632,35.11408902464653,0.3473901819517647,30.770985589219915,30.770985589219915,30.77098558921991,30.77098558921991,-0.5495925039127554,0.5495925039127554,3.0603540415539,2.1420576962902906,-42.66180183696311,True,FULL,FULL_exp_log_rank_1
202,5.68,6.0,13.66,13.51,13.51,45.684267603740025,0.8333333333333334,59.19426760374002,0.9611956816495174,13.51,84.30615304692199,0.8333333333333334,97.816153046922,0.8663401607729885,38.62188544318197,38.62188544318197,38.621885443181974,38.621885443181974,-0.09485552087652893,0.09485552087652893,0.7104871940770402,0.4332186486516423,0.9136862472120638,True,FULL,FULL_exp_log_rank_1
203,8.16,15.0,0.64,0.4826666666666666,0.4826666666666666,11.163229285157737,0.3333333333333333,11.645895951824402,0.3680224492093827,0.4826666666666666,10.836005429063402,0.3333333333333333,11.318672095730069,0.3417186305066091,-0.327223856094335,0.327223856094335,-0.32722385609433324,0.32722385609433324,-0.026303818702773596,0.026303818702773596,0.1681911809887071,0.12857108447627563,-0.6601707876951861,True,FULL,FULL_exp_log_rank_1
204,9.63,15.0,1.15,0.9263333333333332,0.9263333333333332,31.67109901569681,0.3333333333333333,32.59743234903014,0.356302565715436,0.9263333333333332,21.5776120832634,0.3333333333333333,22.503945416596732,0.3396466393581189,-10.09348693243341,10.09348693243341,-10.09348693243341,10.09348693243341,-0.016655926357317108,0.016655926357317108,0.3368961146807961,0.2569941913804194,-0.8461109487841854,True,FULL,FULL_exp_log_rank_1
205,8.17,15.0,1.67,1.391,1.391,14.757831874738754,0.3333333333333333,16.148831874738754,0.3859250855203011,1.391,17.73323855091281,0.3333333333333333,19.124238550912807,0.3477636890380324,2.975406676174055,2.975406676174055,2.975406676174053,2.975406676174053,-0.038161396482268684,0.038161396482268684,0.29430330464072363,0.22107503648427426,0.08942759141714873,True,FULL,FULL_exp_log_rank_1
206,7.68,15.0,2.36,1.9943333333333333,1.9943333333333333,14.016889640854824,0.3333333333333333,16.011222974188158,0.404258783461519,1.9943333333333333,16.786409116745865,0.3333333333333333,18.7807424500792,0.3568145241520815,2.769519475891041,2.769519475891041,2.769519475891041,2.769519475891041,-0.04744425930943752,0.04744425930943752,0.3357664393494857,0.24759111054032779,0.36940804213235723,True,FULL,FULL_exp_log_rank_1
207,12.65,17.5,2.87,2.478,2.478,85.54466261294648,0.2857142857142857,88.02266261294648,0.3027127732951231,2.478,60.350958521618615,0.2857142857142857,62.82895852161862,0.2900992779397031,-25.193704091327866,25.193704091327866,-25.19370409132786,25.19370409132786,-0.012613495355420001,0.012613495355420001,0.751349792400558,0.5440740807659072,-0.6235672766576239,True,FULL,FULL_exp_log_rank_1
209,0.55,3.75,0.015,0.014,0.014,0.0024195869070291,1.3333333333333333,0.0164195869070291,8.395940887010124,0.014,0.0386353116434173,1.3333333333333333,0.0526353116434173,3.799556800211258,0.0362157247363882,0.0362157247363882,0.036215724736388205,0.036215724736388205,-4.5963840867988655,4.5963840867988655,0.0048250284127134245,0.0032125645704087747,-6.1731334611183915,True,FULL,FULL_exp_log_rank_1
210,0.73,3.75,0.017,0.0155,0.0155,0.0049950016940742,1.3333333333333333,0.0204950016940742,5.436911505105911,0.0155,0.0303343975590325,1.3333333333333333,0.0458343975590326,3.0176442042018663,0.0253393958649583,0.0253393958649583,0.025339395864958397,0.025339395864958397,-2.419267300904045,2.419267300904045,0.002289924031172855,0.0015967783105324215,-0.03460844146015307,True,FULL,FULL_exp_log_rank_1
211,0.73,3.75,0.031,0.0205,0.0205,0.0421170527109933,1.3333333333333333,0.0626170527109933,3.3538139443417307,0.0205,0.2725369144868438,1.3333333333333333,0.2930369144868439,1.9614557894430027,0.2304198617758505,0.2304198617758505,0.23041986177585058,0.23041986177585058,-1.392358154898728,1.392358154898728,0.011710630672237543,0.00882143753160471,-5.282038615457114,True,FULL,FULL_exp_log_rank_1
212,0.56,4.25,0.032,0.0305,0.0305,0.0032729190185453,1.1764705882352942,0.0337729190185453,9.217143579218789,0.0305,0.1275093345235119,1.1764705882352942,0.1580093345235119,3.512852943419935,0.1242364155049666,0.1242364155049666,0.1242364155049666,0.1242364155049666,-5.704290635798854,5.704290635798854,0.01817091804927407,0.011938442201713705,-22.959878628449943,True,FULL,FULL_exp_log_rank_1
213,0.61,4.25,0.036,0.032,0.032,0.0097117896904809,1.1764705882352942,0.0417117896904809,6.613265489413038,0.032,0.1487879271146634,1.1764705882352942,0.1807879271146634,3.0661571128850964,0.1390761374241825,0.1390761374241825,0.1390761374241825,0.1390761374241825,-3.547108376527942,3.547108376527942,0.018112134068917235,0.012170879788367908,-16.79478768465716,True,FULL,FULL_exp_log_rank_1
214,0.8,4.25,0.041,0.0365,0.0365,0.0146135447707714,1.1764705882352942,0.0511135447707714,4.687843076991533,0.0365,0.1587446360021661,1.1764705882352942,0.1952446360021661,2.2402541725972167,0.1441310912313947,0.1441310912313947,0.1441310912313947,0.1441310912313947,-2.4475889043943164,2.4475889043943164,0.012015565068945154,0.008577190124639193,-4.022468021017433,True,FULL,FULL_exp_log_rank_1
215,0.85,4.25,0.053,0.0412499999999999,0.0412499999999999,0.0449535990108785,1.1764705882352942,0.0862035990108784,3.4008265344224067,0.0412499999999999,0.2574650087984865,1.1764705882352942,0.2987150087984864,1.93932782095137,0.212511409787608,0.212511409787608,0.212511409787608,0.212511409787608,-1.4614987134710367,1.4614987134710367,0.012982659406969063,0.009617816395725896,-2.1917407275174714,True,FULL,FULL_exp_log_rank_1
216,1.18,4.75,0.072,0.06875,0.06875,0.0144953537063408,1.0526315789473684,0.0832453537063408,3.803418428356459,0.06875,0.2234601134669474,1.0526315789473684,0.2922101134669475,1.6721935888027262,0.2089647597606066,0.2089647597606066,0.2089647597606067,0.2089647597606067,-2.1312248395537328,2.1312248395537328,0.010366551136713241,0.007663305265954252,0.008829602211991583,True,FULL,FULL_exp_log_rank_1
217,1.07,4.75,0.082,0.07425,0.07425,0.0316745022212473,1.0526315789473684,0.1059245022212473,3.494012368300583,0.07425,0.2727851820772056,1.0526315789473684,0.3470351820772056,1.7557653236056985,0.2411106798559583,0.2411106798559583,0.24111067985595827,0.24111067985595827,-1.7382470446948846,1.7382470446948846,0.01389390052746872,0.010222464448202595,-0.474064338546053,True,FULL,FULL_exp_log_rank_1
218,0.99,4.75,0.091,0.0815,0.0815,0.0350845623553453,1.0526315789473684,0.1165845623553453,3.740061038065954,0.0815,0.3080558243352054,1.0526315789473684,0.3895558243352054,1.8703877989758293,0.2729712619798601,0.2729712619798601,0.2729712619798601,0.2729712619798601,-1.8696732390901245,1.8696732390901245,0.018756660634109832,0.01362830966405137,-1.3099620703304082,True,FULL,FULL_exp_log_rank_1
219,1.33,4.75,0.123,0.109,0.109,0.0845437839006371,1.0526315789473684,0.1935437839006371,2.512415047002486,0.109,0.5063480071332735,1.0526315789473684,0.6153480071332735,1.4291196110711952,0.42180422323263644,0.42180422323263644,0.42180422323263644,0.42180422323263644,-1.083295435931291,1.083295435931291,0.010322372474645349,0.008066181912909438,0.6886485538941682,True,FULL,FULL_exp_log_rank_1
220,0.57,3.0,0.057,0.045,0.045,0.0423378142666348,1.6666666666666667,0.0873378142666348,5.252909248352316,0.045,0.4241190794934441,1.6666666666666667,0.4691190794934441,2.670998383282487,0.3817812652268093,0.3817812652268093,0.38178126522680933,0.38178126522680933,-2.5819108650698293,2.5819108650698293,0.024995461130608753,0.018379976927544506,-9.690422820679863,True,FULL,FULL_exp_log_rank_1
221,0.74,3.0,0.052,0.0426666666666666,0.0426666666666666,0.0483380999196384,1.6666666666666667,0.091004766586305,3.990648101805694,0.0426666666666666,0.3714361449196547,1.6666666666666667,0.4141028115863213,2.170616655380996,0.3230980450000163,0.3230980450000163,0.32309804500001627,0.32309804500001627,-1.8200314464246978,1.8200314464246978,0.008644461971002574,0.006752572124485759,-0.3263693798349123,True,FULL,FULL_exp_log_rank_1
222,1.17,3.75,0.042,0.037,0.037,0.0379972465016185,1.3333333333333333,0.0749972465016185,2.7555455668379523,0.037,0.1743166801657995,1.3333333333333333,0.2113166801657995,1.711017314802754,0.13631943366418098,0.13631943366418098,0.13631943366418098,0.13631943366418098,-1.0445282520351982,1.0445282520351982,0.0019545333378296957,0.0016271598914626227,0.9107561315010461,True,FULL,FULL_exp_log_rank_1
224,0.75,3.5,0.022,0.02125,0.02125,0.0026705992767688,1.4285714285714286,0.0239205992767688,6.637578410976577,0.02125,0.0420902048661566,1.4285714285714286,0.0633402048661567,2.932351227993922,0.0394196055893878,0.0394196055893878,0.039419605589387896,0.039419605589387896,-3.7052271829826546,3.7052271829826546,0.003123459476332967,0.0022015518340662925,-0.08669183499835387,True,FULL,FULL_exp_log_rank_1
225,1.15,3.5,0.021,0.02,0.02,0.0073958891535081,1.4285714285714286,0.0273958891535081,3.6113543932907137,0.02,0.0052761676437339,1.4285714285714286,0.025276167643734,3.592864237757759,-0.002119721509774199,0.002119721509774199,-0.002119721509774103,0.002119721509774103,-0.018490155532954855,0.018490155532954855,0.0003201834096029983,0.0002102785207270459,0.9909743663442729,True,FULL,FULL_exp_log_rank_1
226,1.1,3.5,0.02,0.01925,0.01925,0.004956977641193,1.4285714285714286,0.024206977641193,4.054827267846036,0.01925,0.0037766207080206,1.4285714285714286,0.0230266207080206,4.010430524898912,-0.0011803569331724,0.0011803569331724,-0.0011803569331723975,0.0011803569331723975,-0.044396742947124146,0.044396742947124146,0.00021234812897618483,0.0001348213749053582,0.995459091240631,True,FULL,FULL_exp_log_rank_1
228,0.7,3.0,0.059,0.0456666666666666,0.0456666666666666,0.0656740182268081,1.6666666666666667,0.1113406848934747,3.9285722676402535,0.0456666666666666,0.1553342474212642,1.6666666666666667,0.2010009140879308,2.750511835625283,0.0896602291944561,0.0896602291944561,0.0896602291944561,0.0896602291944561,-1.1780604320149703,1.1780604320149703,0.0032842635572757,0.0025115578409539594,0.8509843944541678,True,FULL,FULL_exp_log_rank_1
229,0.8,3.75,0.039,0.03775,0.03775,0.0044128695173391,1.3333333333333333,0.0421628695173391,6.31959788609588,0.03775,0.0785832633954758,1.3333333333333333,0.1163332633954759,2.710541764763573,0.0741703938781367,0.0741703938781367,0.07417039387813679,0.07417039387813679,-3.609056121332307,3.609056121332307,0.005876943389254651,0.004142845887993922,-0.23149735606012056,True,FULL,FULL_exp_log_rank_1
230,1.1,3.75,0.031,0.03025,0.03025,0.004226216061608,1.3333333333333333,0.034476216061608,4.574641618565765,0.03025,0.0293828452799136,1.3333333333333333,0.0596328452799136,2.575182158591642,0.025156629218305603,0.025156629218305603,0.025156629218305603,0.025156629218305603,-1.9994594599741227,1.9994594599741227,0.0013442676810914126,0.0010215456136153111,0.9186155061206719,True,FULL,FULL_exp_log_rank_1
234,0.99,3.0,0.523,0.4803333333333333,0.4803333333333333,0.3422582854093307,1.6666666666666667,0.822591618742664,3.6102895519762694,0.4803333333333333,0.2441400572354408,1.6666666666666667,0.7244733905687741,3.520762576666631,-0.09811822817388988,0.09811822817388988,-0.09811822817388982,0.09811822817388982,-0.0895269753096386,0.0895269753096386,0.014656213023709402,0.009677055337202822,0.9693186044886594,True,FULL,FULL_exp_log_rank_1
235,1.49,3.0,0.929,0.87,0.87,1.3911680147990315,1.6666666666666667,2.261168014799032,2.4688599946843404,0.87,0.9165317349744444,1.6666666666666667,1.7865317349744445,2.343286503643711,-0.4746362798245871,0.4746362798245871,-0.47463627982458734,0.47463627982458734,-0.1255734910406292,0.1255734910406292,0.04885937843292386,0.03449894128690406,0.9156375280095218,True,FULL,FULL_exp_log_rank_1
236,2.48,3.5,1.278,1.2245,1.2245,4.974718816480315,1.4285714285714286,6.199218816480315,1.7047169871616714,1.2245,3.807675744139167,1.4285714285714286,5.032175744139167,1.582186993558765,-1.1670430723411478,1.1670430723411478,-1.1670430723411478,1.1670430723411478,-0.1225299936029065,0.1225299936029065,0.10225126596861724,0.07178124587018392,0.8134600072853205,True,FULL,FULL_exp_log_rank_1
238,1.16,3.0,0.606,0.5299999999999999,0.5299999999999999,0.9995028593983644,1.6666666666666667,1.5295028593983642,2.6762963684092975,0.5299999999999999,0.4248772385016709,1.6666666666666667,0.9548772385016708,2.817301488845533,-0.5746256208966934,0.5746256208966934,-0.5746256208966933,0.5746256208966933,0.14100512043623548,0.14100512043623548,0.040530088924276925,0.029442942738799206,0.837538393541829,True,FULL,FULL_exp_log_rank_1
239,2.0,3.5,0.785,0.745,0.745,1.4880839300345443,1.4285714285714286,2.2330839300345446,1.9471028822830023,0.745,1.5116175235302285,1.4285714285714286,2.2566175235302284,1.722451652162784,0.02353359349568418,0.02353359349568418,0.023533593495683736,0.023533593495683736,-0.22465123012021837,0.22465123012021837,0.04727263273996972,0.033098267881008975,0.8972411024702603,True,FULL,FULL_exp_log_rank_1
240,1.84,3.0,1.067,0.9266666666666667,0.9266666666666667,11.34965538746409,1.6666666666666667,12.276322054130755,1.8769974838423913,0.9266666666666667,2.1637383162180623,1.6666666666666667,3.090404982884729,1.944070508107474,-9.185917071246028,9.185917071246028,-9.185917071246026,9.185917071246026,0.06707302426508277,0.06707302426508277,0.19069252240331605,0.1464619913532291,0.10902056243787783,True,FULL,FULL_exp_log_rank_1
241,2.5,3.5,1.53,1.435,1.435,11.191062390354295,1.4285714285714286,12.626062390354296,1.6206039521105755,1.435,4.3215683105349,1.4285714285714286,5.7565683105349,1.584765216887728,-6.869494079819395,6.869494079819395,-6.869494079819396,6.869494079819396,-0.03583873522284753,0.03583873522284753,0.17882091834623146,0.12813306820012385,0.5891448236216006,True,FULL,FULL_exp_log_rank_1
242,1.28,13.0,0.381,0.236,0.236,0.2798827945510767,0.3846153846153846,0.5158827945510767,2.332154177278262,0.236,0.944521546401396,0.3846153846153846,1.1805215464013958,1.7365054530396111,0.6646387518503193,0.6646387518503193,0.6646387518503192,0.6646387518503192,-0.5956487242386508,0.5956487242386508,0.12237862036332185,0.07706035680512571,-4.576937950626432,True,FULL,FULL_exp_log_rank_1
243,1.94,13.0,1.479,1.139,1.139,0.9051763320711632,0.3846153846153846,2.0441763320711632,1.6142343389282214,1.139,0.717133891930364,0.3846153846153846,1.856133891930364,1.614158543896734,-0.18804244014079918,0.18804244014079918,-0.18804244014079918,0.18804244014079918,-7.579503148735789e-05,7.579503148735789e-05,0.03623179934867818,0.02260496892368134,0.9622428421186232,True,FULL,FULL_exp_log_rank_1
244,2.29,13.0,30.401,2.493,2.493,191.4872115140508,0.3846153846153846,193.9802115140508,0.5794840127037909,2.493,21.54765902206164,0.3846153846153846,24.04065902206164,0.6835198258732447,-169.93955249198916,169.93955249198916,-169.93955249198916,169.93955249198916,0.10403581316945376,0.10403581316945376,11.871324909440288,8.614442492342105,-0.5605983734107174,True,FULL,FULL_exp_log_rank_1
245,3.95,13.0,5.488,4.171,4.171,11.473466241634494,0.3846153846153846,15.644466241634497,0.6512771868667829,4.171,0.6035359879018634,0.3846153846153846,4.774535987901864,1.1952842024974415,-10.86993025373263,10.86993025373263,-10.869930253732633,10.869930253732633,0.5440070156306586,0.5440070156306586,0.6764074101374051,0.49848040154795403,0.3863145163992544,True,FULL,FULL_exp_log_rank_1
246,0.34,13.0,0.306,0.104,0.104,0.238125551076079,0.3846153846153846,0.342125551076079,11.465962069935722,0.104,0.8976659883165145,0.3846153846153846,1.0016659883165144,10.407004776623364,0.6595404372404354,0.6595404372404354,0.6595404372404354,0.6595404372404354,-1.0589572933123588,1.0589572933123588,0.17475879336330136,0.0994108928182357,-9.658515849410824,True,FULL,FULL_exp_log_rank_1
247,0.55,13.0,1.422,0.768,0.768,0.854926430267495,0.3846153846153846,1.622926430267495,6.829794290098721,0.768,0.4825314319338107,0.3846153846153846,1.2505314319338108,7.522143360303288,-0.37239499833368434,0.37239499833368434,-0.3723949983336843,0.3723949983336843,0.6923490702045676,0.6923490702045676,0.09380411901991725,0.05431790703340253,0.7671160484228257,True,FULL,FULL_exp_log_rank_1
248,1.07,13.0,2.417,1.547,1.547,1.4889207977309928,0.3846153846153846,3.0359207977309928,3.0462519251595546,1.547,0.0541038275248262,0.3846153846153846,1.6011038275248262,6.139579198144315,-1.4348169702061666,1.4348169702061666,-1.4348169702061666,1.4348169702061666,3.09332727298476,3.09332727298476,0.3027404558388536,0.18215936398120786,0.037892831113889525,True,FULL,FULL_exp_log_rank_1
250,0.1,15.0,0.367,0.136,0.136,0.2402542971419538,0.3333333333333333,0.3762542971419538,56.09759499434641,0.136,1.2529738888151494,0.3333333333333333,1.3889738888151493,51.82950663541792,1.0127195916731955,1.0127195916731955,1.0127195916731955,1.0127195916731955,-4.2680883589284875,4.2680883589284875,0.2760542063577023,0.15510379283840503,-22.679533254397292,True,FULL,FULL_exp_log_rank_1
251,0.67,15.0,1.297,0.843,0.843,0.5998183417647385,0.3333333333333333,1.4428183417647384,6.0080454699914485,0.843,0.8855716392786017,0.3333333333333333,1.7285716392786017,5.52151540704829,0.28575329751386325,0.28575329751386325,0.28575329751386325,0.28575329751386325,-0.48653006294315837,0.48653006294315837,0.07081039728280658,0.041203766754204355,0.7810575239304336,True,FULL,FULL_exp_log_rank_1
254,0.42,15.0,0.464,0.223,0.223,0.286841251907236,0.3333333333333333,0.509841251907236,9.785018691865965,0.223,1.2468443594224936,0.3333333333333333,1.4698443594224937,8.411243539047257,0.9600031075152576,0.9600031075152576,0.9600031075152577,0.9600031075152577,-1.3737751528187072,1.3737751528187072,0.2530122962751962,0.14422731831244107,-13.191250345193474,True,FULL,FULL_exp_log_rank_1
255,1.34,15.0,1.532,0.812,0.812,1.3202731944591186,0.3333333333333333,2.1322731944591187,2.118955632610797,0.812,1.2694057421284817,0.3333333333333333,2.0814057421284815,2.0624326735101755,-0.05086745233063694,0.05086745233063694,-0.050867452330637164,0.050867452330637164,-0.05652295910062133,0.05652295910062133,0.014749956478831936,0.008163502456422618,0.9960456667473327,True,FULL,FULL_exp_log_rank_1
256,1.56,15.0,2.845,1.821,1.821,2.049502462074934,0.3333333333333333,3.870502462074933,1.917214666999875,1.821,0.6453239834398656,0.3333333333333333,2.4663239834398656,2.478964643503199,-1.4041784786350682,1.4041784786350682,-1.4041784786350675,1.4041784786350675,0.561749976503324,0.561749976503324,0.2700882404255343,0.1678098984883,0.49403661608824034,True,FULL,FULL_exp_log_rank_1
258,2.09,15.0,55.263,3.813,3.813,190.18212243089908,0.3333333333333333,193.99512243089907,0.7174733228095233,3.813,58.77849036566876,0.3333333333333333,62.59149036566876,0.7538813553418185,-131.40363206523034,131.40363206523034,-131.4036320652303,131.4036320652303,0.0364080325322953,0.0364080325322953,15.972755053743523,10.875167639490607,0.13057139311085564,True,FULL,FULL_exp_log_rank_1
284,0.27,1.6652089623887931,2.655,1.3036485066778338,1.3036485066778338,4.61028992899217,3.002626164602998,5.913938435670004,7.913618795998358,1.3036485066778338,2.2905644679525117,3.002626164602998,3.5942129746303455,8.544639486974063,-2.3197254610396585,2.3197254610396585,-2.3197254610396585,2.3197254610396585,0.6310206909757046,0.6310206909757046,0.31558032867683766,0.21122714248795127,0.5749329511283097,True,FULL,FULL_exp_log_rank_1
285,0.5,3.083720300719987,2.417,0.6555920235894309,0.6555920235894309,7.127781251237852,1.621418128885619,7.783373274827283,3.420782268328867,0.6555920235894309,1.9613199224430344,1.621418128885619,2.6169119460324652,4.008309663532735,-5.166461328794817,5.166461328794817,-5.166461328794817,5.166461328794817,0.587527395203868,0.587527395203868,0.5799463567690505,0.39988875517505484,0.062404115047790976,True,FULL,FULL_exp_log_rank_1
286,0.88,5.4273477292671775,5.477,2.848434309388562,2.848434309388562,8.806082929225237,0.9212603005031926,11.6545172386138,2.5046228694450243,2.848434309388562,0.0081193982882163,0.9212603005031926,2.8565537076767784,10.330624533426532,-8.797963530937022,8.797963530937022,-8.797963530937022,8.797963530937022,7.826001663981508,7.826001663981508,1.1421745676773667,0.7557677035085588,-0.42446896199336703,True,FULL,FULL_exp_log_rank_1
287,0.29,1.7885577744175924,3.214,1.959240530267265,1.959240530267265,3.9894927128527247,2.7955484980786536,5.94873324311999,8.412171305906568,1.959240530267265,2.2155923978671863,2.7955484980786536,4.174832928134451,9.019327826814232,-1.7739003149855384,1.7739003149855384,-1.7739003149855384,1.7739003149855384,0.6071565209076635,0.6071565209076635,0.2607082414093914,0.17214906766226823,0.7218440616569536,True,FULL,FULL_exp_log_rank_1
288,0.44,2.7136738646335887,3.179,1.959240530267265,1.959240530267265,3.8637545585443656,1.8425206010063853,5.822995088811631,5.589277438658442,1.959240530267265,0.1925110540927872,1.8425206010063853,2.1517515843600523,11.488117450809128,-3.6712435044515783,3.6712435044515783,-3.6712435044515783,3.6712435044515783,5.898840012150686,5.898840012150686,0.5001231833709806,0.3310117172588545,-0.06550108917209374,True,FULL,FULL_exp_log_rank_1
289,0.44,2.7136738646335887,5.856,2.848434309388562,2.848434309388562,10.290924987900752,1.8425206010063853,13.139359297289314,4.832563228905287,2.848434309388562,5.402917016975152,1.8425206010063853,8.251351326363714,5.133745565950032,-4.8880079709255995,4.8880079709255995,-4.8880079709255995,4.8880079709255995,0.30118233704474484,0.30118233704474484,0.6704001907729736,0.44802710752702923,0.6109690407558265,True,FULL,FULL_exp_log_rank_1
291,0.42,2.590325052604789,4.293,1.959240530267265,1.959240530267265,8.144262348078403,1.9302596772447849,10.103502878345669,4.906645401620717,1.959240530267265,2.6759238285437004,1.9302596772447849,4.6351643588109654,5.897540076507486,-5.4683385195347025,5.4683385195347025,-5.468338519534703,5.468338519534703,0.9908946748867686,0.9908946748867686,0.7025679703236577,0.47496240120258276,0.27169422352504746,True,FULL,FULL_exp_log_rank_1
292,0.27,1.6652089623887931,1.816,0.6555920235894309,0.6555920235894309,4.340373544875488,3.002626164602998,4.99596556846492,6.93036783035678,0.6555920235894309,1.684349129960852,3.002626164602998,2.3399411535502828,7.715604193294208,-2.6560244149146364,2.6560244149146364,-2.656024414914637,2.656024414914637,0.7852363629374279,0.7852363629374279,0.32480258158647735,0.22115681235019843,0.33705230247091356,True,FULL,FULL_exp_log_rank_1
293,0.55,3.392092330791986,3.752,1.3488617496840016,1.3488617496840016,8.999404803617814,1.4740164808051082,10.348266553301816,3.397073578572742,1.3488617496840016,1.808072660924116,1.4740164808051082,3.156934410608118,4.527812893556594,-7.191332142693698,7.191332142693698,-7.191332142693698,7.191332142693698,1.130739314983852,1.130739314983852,0.8603285091678502,0.5881570176600034,-0.0850865574705566,True,FULL,FULL_exp_log_rank_1
295,1.2,7.400928721727968,0.0307,0.0217962758401608,0.0217962758401608,0.0268208917452208,0.6755908870356747,0.0486171675853816,2.3157906832156443,0.0217962758401608,0.0536865602505481,0.6755908870356747,0.075482836090709,1.755139796003752,0.026865668505327296,0.026865668505327296,0.026865668505327393,0.026865668505327393,-0.5606508872118923,0.5606508872118923,0.002725966973727943,0.0018917382955744772,0.5743788308933784,True,FULL,FULL_exp_log_rank_1
296,2.0,12.334881202879949,0.131,0.0508579769603752,0.0508579769603752,0.2935284290129898,0.4053545322214048,0.344386405973365,0.9614433155844516,0.0508579769603752,1.2032206059410966,0.4053545322214048,1.2540785829014718,0.6972328988941896,0.9096921769281068,0.9096921769281068,0.9096921769281068,0.9096921769281068,-0.264210416690262,0.264210416690262,0.07102305857804822,0.05131657548408945,-5.573507730208925,True,FULL,FULL_exp_log_rank_1
297,1.8,11.101393082591954,0.046,0.0145308505601072,0.0145308505601072,0.1222071066849876,0.4503939246904497,0.1367379572450948,0.9937795159488002,0.0145308505601072,0.2233432947913358,0.4503939246904497,0.237874145351443,0.8146618012146952,0.1011361881063482,0.1011361881063482,0.1011361881063482,0.1011361881063482,-0.17911771473410498,0.17911771473410498,0.006738550474099053,0.004973719496598422,0.6068205887394027,True,FULL,FULL_exp_log_rank_1
302,0.75,4.625580451079981,0.055,0.0153092991217785,0.0153092991217785,0.1595143577214117,1.080945419257079,0.1748236568431902,2.2969478423570417,0.0153092991217785,0.4016341385340532,1.080945419257079,0.4169434376558317,1.8402303981835049,0.24211978081264152,0.24211978081264152,0.2421197808126415,0.2421197808126415,-0.4567174441735369,0.4567174441735369,0.017116752744411694,0.012513815807258957,-0.6067158894104756,True,FULL,FULL_exp_log_rank_1
303,0.91,5.612370947310377,0.041,0.0153092991217785,0.0153092991217785,0.0951653865132687,0.8908890818052851,0.1104746856350472,2.0818876302589207,0.0153092991217785,0.2066136558900895,0.8908890818052851,0.221922955011868,1.6400675165965963,0.11144826937682081,0.11144826937682081,0.11144826937682081,0.11144826937682081,-0.4418201136623243,0.4418201136623243,0.008242574188368117,0.006011854463678448,0.13301609893841426,True,FULL,FULL_exp_log_rank_1
304,1.87,11.533113924692753,0.046,0.0153092991217785,0.0153092991217785,0.1174680513670647,0.4335342590603259,0.1327773504888432,0.9728764088168116,0.0153092991217785,0.1811220858564328,0.4335342590603259,0.1964313849782113,0.8134704116551994,0.0636540344893681,0.0636540344893681,0.0636540344893681,0.0636540344893681,-0.1594059971616122,0.1594059971616122,0.0038348358178567315,0.0028535546048184066,0.8667049407027904,True,FULL,FULL_exp_log_rank_1
305,2.17,13.383346105124744,0.042,0.0153092991217785,0.0153092991217785,0.0995579974430193,0.373598647208668,0.1148672965647978,0.8653228395367738,0.0153092991217785,0.1063316870572499,0.373598647208668,0.1216409861790284,0.7671551551264099,0.006773689614230596,0.006773689614230596,0.006773689614230596,0.006773689614230596,-0.09816768441036394,0.09816768441036394,0.0011522164312880727,0.0005862518246600778,0.9842507566695291,True,FULL,FULL_exp_log_rank_1
311,1.45,8.942788872087963,1.14,0.7935883525311068,0.7935883525311068,1.051107361858608,0.5591096996157306,1.844695714389715,1.879665749713435,0.7935883525311068,0.7575021034911497,0.5591096996157306,1.5510904560222565,1.8952977802790856,-0.2936052583674583,0.2936052583674583,-0.29360525836745843,0.29360525836745843,0.015632030565650545,0.015632030565650545,0.049772697649593314,0.03194955965591058,0.9000648977456797,True,FULL,FULL_exp_log_rank_1
314,1.8,11.101393082591954,3.8,2.3726672172613705,2.3726672172613705,4.501119428750482,0.4503939246904497,6.873786646011853,1.379736428464202,2.3726672172613705,0.7726775995744104,0.4503939246904497,3.145344816835781,2.080399133201733,-3.728441829176072,3.728441829176072,-3.728441829176072,3.728441829176072,0.7006627047375311,0.7006627047375311,0.5134946510807479,0.34177047628282897,0.19667026189338555,True,FULL,FULL_exp_log_rank_1
316,1.1,6.784184661583972,1.23,0.5909609098097346,0.5909609098097346,2.195000047586552,0.7370082404025541,2.7859609573962865,1.920963652491806,0.5909609098097346,0.6667122696351166,0.7370082404025541,1.2576731794448512,2.379449522737316,-1.5282877779514352,1.5282877779514352,-1.5282877779514352,1.5282877779514352,0.4584858702455099,0.4584858702455099,0.1984584581013267,0.1339345608455976,0.24057923753124877,True,FULL,FULL_exp_log_rank_1
320,1.3,8.017672781871967,3.7,1.9806931592524069,1.9806931592524069,5.70674005649928,0.6236223572636995,7.687433215751687,1.723838260148718,1.9806931592524069,0.1286527250429134,0.6236223572636995,2.1093458842953203,4.25174198768964,-5.578087331456366,5.578087331456366,-5.578087331456366,5.578087331456366,2.527903727540922,2.527903727540922,0.7355210722096984,0.49033790418429907,-0.3532073870059389,True,FULL,FULL_exp_log_rank_1
321,1.5,9.25116090215996,2.94,0.5553062574145964,0.5553062574145964,10.568278952724356,0.5404727096285398,11.123585210138952,1.04691166819964,0.5553062574145964,13.322374223365337,0.5404727096285398,13.877680480779931,0.9283161093456648,2.754095270640981,2.754095270640981,2.7540952706409794,2.7540952706409794,-0.11859555885397521,0.11859555885397521,0.08885597735594969,0.06865502477098012,0.9878982805628103,True,FULL,FULL_exp_log_rank_1
322,1.7,10.484649022447956,1.47,1.1106125148291928,1.1106125148291928,1.0572811334663703,0.4768876849663586,2.1678936482955633,1.7502458150213789,1.1106125148291928,1.2277635472898585,0.4768876849663586,2.338376062119051,1.5487679577941966,0.17048241382348817,0.17048241382348817,0.17048241382348772,0.17048241382348772,-0.20147785722718226,0.20147785722718226,0.01599813901995192,0.011242885804953022,0.9930557522467994,True,FULL,FULL_exp_log_rank_1
323,1.7,10.484649022447956,7.35,2.2212250296583855,2.2212250296583855,20.160376750419932,0.4768876849663586,22.381601780078316,1.0379375597762583,2.2212250296583855,8.771648820776868,0.4768876849663586,10.992873850435254,1.1027977019622617,-11.388727929643064,11.388727929643064,-11.388727929643062,11.388727929643062,0.06486014218600333,0.06486014218600333,1.3519476146651628,0.924073968115423,0.40235245001602193,True,FULL,FULL_exp_log_rank_1
327,0.1,0.6167440601439975,0.08,0.0796743371481683,0.0796743371481683,0.0008090983306987,8.107090644428094,0.080483435478867,77.68977402204777,0.0796743371481683,0.2082667497661761,8.107090644428094,0.2879410869143444,20.73942821976241,0.2074576514354774,0.2074576514354774,0.2074576514354774,0.2074576514354774,-56.95034580228536,56.95034580228536,0.024609532770845363,0.01647155813810673,-5.962051656612555,True,FULL,FULL_exp_log_rank_1
329,1.2,7.400928721727968,0.024,0.0202072594216368,0.0202072594216368,0.010665146237602,0.6755908870356747,0.0308724056592388,2.9023919692701785,0.0202072594216368,0.0115258715935211,0.6755908870356747,0.0317331310151579,2.662389912767414,0.0008607253559191012,0.0008607253559191012,0.0008607253559190994,0.0008607253559190994,-0.2400020565027643,0.2400020565027643,0.00016167616756747755,8.700240028993383e-05,0.9970921462017102,True,FULL,FULL_exp_log_rank_1
330,1.1,6.784184661583972,0.025,0.0202072594216368,0.0202072594216368,0.0137190748784508,0.7370082404025541,0.0339263343000876,2.9611290302817843,0.0202072594216368,0.0229019187352507,0.7370082404025541,0.0431091781568875,2.3762928686431493,0.009182843856799901,0.009182843856799901,0.009182843856799898,0.009182843856799898,-0.584836161638635,0.584836161638635,0.0010098719057133503,0.0006797432023160676,0.8978737009126945,True,FULL,FULL_exp_log_rank_1
331,1.25,7.709300751799968,0.047,0.0398371685740841,0.0398371685740841,0.0200809505252075,0.6485672515542477,0.0599181190992916,2.820311710406355,0.0398371685740841,0.1220389024869102,0.6485672515542477,0.1618760710609943,1.5938978593593514,0.1019579519617027,0.1019579519617027,0.10195795196170271,0.10195795196170271,-1.2264138510470035,1.2264138510470035,0.011459736263881028,0.007867100855355658,-2.819360990633223,True,FULL,FULL_exp_log_rank_1
332,1.2,7.400928721727968,0.05,0.0398371685740841,0.0398371685740841,0.0292663957131568,0.6755908870356747,0.0691035642872409,2.6576864448773354,0.0398371685740841,0.1459905153053985,0.6755908870356747,0.1858276838794826,1.5898053014072278,0.1167241195922417,0.1167241195922417,0.11672411959224169,0.11672411959224169,-1.0678811434701077,1.0678811434701077,0.012609880723588313,0.008725955241450974,-2.9359758206648197,True,FULL,FULL_exp_log_rank_1
333,1.6,9.86790496230396,0.093,0.0796743371481683,0.0796743371481683,0.0371742575975103,0.5066931652767559,0.1168485947456786,2.2486028629786348,0.0796743371481683,0.3661568400015213,0.5066931652767559,0.4458311771496896,1.132311536161824,0.328982582404011,0.328982582404011,0.328982582404011,0.328982582404011,-1.1162913268168109,1.1162913268168109,0.03551632491967651,0.024575000105355276,-8.402410757967374,True,FULL,FULL_exp_log_rank_1
334,2.5,15.418601503599936,0.1,0.0796743371481683,0.0796743371481683,0.0585327914263222,0.3242836257771238,0.1382071285744905,1.275689493540873,0.0796743371481683,0.6336572631192869,0.3242836257771238,0.7133316002674552,0.6494807935958142,0.5751244716929648,0.5751244716929648,0.5751244716929648,0.5751244716929648,-0.6262086999450587,0.6262086999450587,0.057128795186238146,0.040061835391271776,-19.196708788482155,True,FULL,FULL_exp_log_rank_1
335,1.8,11.101393082591954,0.233,0.1991858428704208,0.1991858428704208,0.0944249962521731,0.4503939246904497,0.2936108391225939,1.9904398436807709,0.1991858428704208,0.8648681115220422,0.4503939246904497,1.064053954392463,1.0192782973010222,0.7704431152698692,0.7704431152698692,0.7704431152698691,0.7704431152698691,-0.9711615463797487,0.9711615463797487,0.08367795718452456,0.05783944393299285,-7.3097076710649205,True,FULL,FULL_exp_log_rank_1
336,4.0,24.669762405759897,0.251,0.1991858428704208,0.1991858428704208,0.1494580982300445,0.2026772661107024,0.3486439411004653,0.792806515114832,0.1991858428704208,6.53482245585028,0.2026772661107024,6.734008298720701,0.3381587567003871,6.385364357620236,6.385364357620236,6.385364357620236,6.385364357620236,-0.45464775841444494,0.45464775841444494,0.5382085950741311,0.384190224709149,-282.56004735108075,True,FULL,FULL_exp_log_rank_1
337,1.13,6.96920787962717,0.045,0.0153092991217785,0.0153092991217785,0.1129415099906837,0.7174416499493891,0.1282508091124622,1.6219045254507285,0.0153092991217785,0.2313637355391271,0.7174416499493891,0.2466730346609056,1.3005807492799333,0.1184222255484434,0.1184222255484434,0.1184222255484434,0.1184222255484434,-0.3213237761707952,0.3213237761707952,0.008396895245806967,0.006153493612809027,0.3185929854712193,True,FULL,FULL_exp_log_rank_1
338,1.74,10.731346646505555,0.033,0.0153092991217785,0.0153092991217785,0.0614267591501006,0.4659247496797756,0.0767360582718792,1.1936384711708052,0.0153092991217785,0.0461837280901629,0.4659247496797756,0.0614930272119415,1.14942359833806,-0.015243031059937705,0.015243031059937705,-0.015243031059937698,0.015243031059937698,-0.04421487283274517,0.04421487283274517,0.002488480901993724,0.0016122033979813044,0.8419371760052331,True,FULL,FULL_exp_log_rank_1
339,2.13,13.136648481067144,0.035,0.0153092991217785,0.0153092991217785,0.0696089127687665,0.3806145842454505,0.084918211890545,0.9488333573269884,0.0153092991217785,0.040817841994026,0.3806145842454505,0.0561271411158045,0.968741871179984,-0.028791070774740503,0.028791070774740503,-0.028791070774740503,0.028791070774740503,0.019908513852995635,0.019908513852995635,0.003965921136656127,0.0026471808568934822,0.6695377748381233,True,FULL,FULL_exp_log_rank_1
341,1.13,6.96920787962717,0.055,0.0153092991217785,0.0153092991217785,0.1595143577209842,0.7174416499493891,0.1748236568427627,1.524522904222498,0.0153092991217785,0.3786554821791777,0.7174416499493891,0.3939647813009562,1.2284885449384322,0.2191411244581935,0.2191411244581935,0.2191411244581935,0.2191411244581935,-0.29603435928406574,0.29603435928406574,0.015338294135841085,0.011231115236295308,-0.2901804528487386,True,FULL,FULL_exp_log_rank_1
342,1.22,7.524277533756768,0.039,0.0153092991217785,0.0153092991217785,0.0864894320112215,0.6645156265924669,0.101798731133,1.5829859963913084,0.0153092991217785,0.1476903704752379,0.6645156265924669,0.1629996695970164,1.2874740254930506,0.06120093846401639,0.06120093846401639,0.06120093846401639,0.06120093846401639,-0.29551197089825787,0.29551197089825787,0.004247382931657358,0.003118275642190641,0.7314964807041904,True,FULL,FULL_exp_log_rank_1
343,1.45,8.942788872087963,0.034,0.0153092991217785,0.0153092991217785,0.0654950286258003,0.5591096996157306,0.0808043277475788,1.4123161332544465,0.0153092991217785,0.0745495725318692,0.5591096996157306,0.0898588716536477,1.2337742361549326,0.009054543906068899,0.009054543906068899,0.009054543906068899,0.009054543906068899,-0.17854189709951385,0.17854189709951385,0.0005765897573158206,0.0003921685618885184,0.9923170347484311,True,FULL,FULL_exp_log_rank_1
344,2.17,13.383346105124744,0.028,0.0153092991217785,0.0153092991217785,0.0418356081902535,0.373598647208668,0.057144907312032,1.0458293131757963,0.0153092991217785,0.0018071334128765,0.373598647208668,0.0171164325346551,2.233763745683243,-0.040028474777377,0.040028474777377,-0.0400284747773769,0.0400284747773769,1.1879344325074466,1.1879344325074466,0.005314195329502431,0.003547643468400821,-0.27511358438759403,True,FULL,FULL_exp_log_rank_1
345,0.6,3.700464360863984,0.062,0.0153092991217785,0.0153092991217785,0.1936315334445874,1.3511817740713494,0.2089408325663659,2.78103428223211,0.0153092991217785,0.5047866337500257,1.3511817740713494,0.5200959328718042,2.253445456849017,0.31115510030543836,0.31115510030543836,0.31115510030543836,0.31115510030543836,-0.5275888253830932,0.5275888253830932,0.021703755675039474,0.015871960160055817,-0.8748535884371251,True,FULL,FULL_exp_log_rank_1
346,0.7,4.317208421007981,0.05,0.0153092991217785,0.0153092991217785,0.1358772828198478,1.1581558063468709,0.1511865819416263,2.530764500816095,0.0153092991217785,0.3403788173009587,1.1581558063468709,0.3556881164227372,2.0050959500648884,0.2045015344811109,0.2045015344811109,0.20450153448111089,0.20450153448111089,-0.5256685507512064,0.5256685507512064,0.014715801461550547,0.010745222674144682,-0.5464182109026459,True,FULL,FULL_exp_log_rank_1
347,0.9,5.550696541295977,0.034,0.0153092991217785,0.0153092991217785,0.0654950141480271,0.9007878493808994,0.0808043132698056,2.275398701589776,0.0153092991217785,0.1317642196097742,0.9007878493808994,0.1470735187315527,1.7791907641470852,0.0662692054617471,0.0662692054617471,0.0662692054617471,0.0662692054617471,-0.49620793744269087,0.49620793744269087,0.005171592929313476,0.0037486693246223256,0.3819214115819287,True,FULL,FULL_exp_log_rank_1
348,1.8,11.101393082591954,0.027,0.0153092991217785,0.0153092991217785,0.038082793731829,0.4503939246904497,0.0533920928536075,1.2897687725693818,0.0153092991217785,0.0080419328300567,0.4503939246904497,0.0233512319518352,1.817727209444614,-0.0300408609017723,0.0300408609017723,-0.0300408609017723,0.0300408609017723,0.5279584368752321,0.5279584368752321,0.004047750396999338,0.002711223644584139,0.15667661980789083,True,FULL,FULL_exp_log_rank_1
349,1.13,6.96920787962717,0.043,0.0153092991217785,0.0153092991217785,0.1039855497101338,0.7174416499493891,0.1192948488319123,1.6477168177591195,0.0153092991217785,0.2054990479853295,0.7174416499493891,0.2208083471071081,1.32176487744926,0.10151349827519571,0.10151349827519571,0.10151349827519579,0.10151349827519579,-0.3259519403098594,0.3259519403098594,0.007220830671396265,0.005291269499085732,0.42360101124788196,True,FULL,FULL_exp_log_rank_1
350,1.37,8.449393623972766,0.041,0.0153092991217785,0.0153092991217785,0.0951653865075495,0.591758441199131,0.110474685629328,1.3828596668882291,0.0153092991217785,0.1562383968518593,0.591758441199131,0.1715476959736378,1.1360764954473208,0.061073010344309814,0.061073010344309814,0.061073010344309814,0.061073010344309814,-0.24678317144090833,0.24678317144090833,0.0040544756521190385,0.002989810534314071,0.7902245327259231,True,FULL,FULL_exp_log_rank_1
351,1.67,10.299625804404757,0.032,0.0153092991217785,0.0153092991217785,0.057405854043788,0.4854545296064728,0.0727151531655665,1.2626030593869657,0.0153092991217785,0.042852834852085,0.4854545296064728,0.0581621339738636,1.2203437021778554,-0.014553019191703001,0.014553019191703001,-0.014553019191702897,0.014553019191702897,-0.04225935720911034,0.04225935720911034,0.002370259812927347,0.0015357415142438799,0.8409053458759204,True,FULL,FULL_exp_log_rank_1
353,0.9,5.550696541295977,0.037,0.0153092991217785,0.0153092991217785,0.0779670989319231,0.9007878493808994,0.0932763980537016,2.192227389199339,0.0153092991217785,0.1630384320192398,0.9007878493808994,0.1783477311410183,1.717699998599178,0.08507133308731668,0.08507133308731668,0.0850713330873167,0.0850713330873167,-0.4745273906001608,0.4745273906001608,0.006469733717842207,0.004704891867521044,0.26478459520768594,True,FULL,FULL_exp_log_rank_1
354,1.05,6.475812631511974,0.032,0.0153092991217785,0.0153092991217785,0.0574058541682785,0.7721038708979138,0.0727151532900571,2.0081400996379837,0.0153092991217785,0.0940038023034265,0.7721038708979138,0.109313101425205,1.623812343905359,0.036597948135148,0.036597948135148,0.03659794813514791,0.03659794813514791,-0.3843277557326248,0.3843277557326248,0.0027321436352175602,0.0019814463487980364,0.7886166700206386,True,FULL,FULL_exp_log_rank_1
355,1.15,7.09255669165597,0.028,0.0153092991217785,0.0153092991217785,0.0418356081862674,0.7049644038633127,0.0571449073080459,1.9734344433232216,0.0153092991217785,0.050231226255941,0.7049644038633127,0.0655405253777196,1.7035155958227597,0.0083956180696736,0.0083956180696736,0.008395618069673691,0.008395618069673691,-0.2699188475004619,0.2699188475004619,0.0005065631125523303,0.0003802075405300109,0.988413801382489,True,FULL,FULL_exp_log_rank_1
356,1.4,8.634416842015963,0.024,0.0153092991217785,0.0153092991217785,0.0272042150777216,0.5790779031734354,0.0425135141995001,1.8037445140554815,0.0153092991217785,0.0099384682329881,0.5790779031734354,0.0252477673547667,2.1976825485631055,-0.0172657468447335,0.0172657468447335,-0.0172657468447334,0.0172657468447334,0.393938034507624,0.393938034507624,0.002438409809310953,0.0016205998318338673,0.5294623496623456,True,FULL,FULL_exp_log_rank_1
357,0.75,4.625580451079981,0.028,0.0153092991217785,0.0153092991217785,0.0418356081843982,1.080945419257079,0.0571449073061767,3.0259328132395527,0.0153092991217785,0.0958530225589371,1.080945419257079,0.1111623216807156,2.2645891326156606,0.0540174143745389,0.0540174143745389,0.05401741437453891,0.05401741437453891,-0.761343680623892,0.761343680623892,0.00471341243805446,0.0033681145348163966,-0.0031011604389106218,True,FULL,FULL_exp_log_rank_1
358,1.15,7.09255669165597,0.026,0.0153092991217785,0.0153092991217785,0.0343911653190034,0.7049644038633127,0.0497004644407819,2.0699745048837284,0.0153092991217785,0.036009106836439,0.7049644038633127,0.0513184059582175,1.853738128141816,0.001617941517435599,0.001617941517435599,0.001617941517435606,0.001617941517435606,-0.21623637674191243,0.21623637674191243,0.00045386684024797036,0.00021321834749795662,0.9878375667775942,True,FULL,FULL_exp_log_rank_1
359,1.1,6.784184661583972,0.024,0.0153092991217785,0.0153092991217785,0.0272042141314279,0.7370082404025541,0.0425135132532064,2.2956749282231264,0.0153092991217785,0.0269548363878145,0.7370082404025541,0.0422641355095931,2.096115848776534,-0.00024937774361340204,0.00024937774361340204,-0.0002493777436133049,0.0002493777436133049,-0.19955907944659224,0.19955907944659224,0.00048060682446690893,0.00023073589887693798,0.981720645445525,True,FULL,FULL_exp_log_rank_1
360,1.2,7.400928721727968,0.022,0.0153092991217785,0.0153092991217785,0.0203041095024898,0.6755908870356747,0.0356134086242683,2.2704692840433656,0.0153092991217785,0.010081178171269,0.6755908870356747,0.0253904772930475,2.5533090846357513,-0.0102229313312208,0.0102229313312208,-0.010222931331220802,0.010222931331220802,0.2828398005923858,0.2828398005923858,0.0015204373728034159,0.001001172212379531,0.7497362845331301,True,FULL,FULL_exp_log_rank_1
