sample_id,u_peak,u_r,tau_peak,tau_r,true_a,true_b,true_c,true_d,true_e,estimated_a,estimated_b,estimated_c,estimated_d,estimated_e,error_b,abs_error_b,error_d,abs_error_d,error_e,abs_error_e,curve_rmse_tau_u,curve_mae_tau_u,curve_r2_tau_u,curve_valid,dataset,model_name
7,0.72,2.75,0.044,0.03175,0.03175,0.0801325410005739,1.818181818181818,0.1118825410005739,3.441242286799551,0.03175,0.2795477593156217,1.818181818181818,0.3112977593156217,2.2849881718671505,0.1994152183150478,0.1994152183150478,0.1994152183150478,0.1994152183150478,-1.1562541149324006,1.1562541149324006,0.002446262468062421,0.002034369697201999,0.8702248660468869,True,FULL,FULL_poly_rank_1
8,0.92,3.0,0.035,0.02825,0.02825,0.0557241852265918,1.6666666666666667,0.0839741852265918,3.007954906577982,0.02825,0.1235835689687155,1.6666666666666667,0.1518335689687155,2.184547724500742,0.06785938374212369,0.06785938374212369,0.0678593837421237,0.0678593837421237,-0.82340718207724,0.82340718207724,0.001308499139847256,0.0008735505899449596,0.9418503044186268,True,FULL,FULL_poly_rank_1
9,0.97,3.0,0.029,0.0255,0.0255,0.0288872445152351,1.6666666666666667,0.0543872445152351,3.290221199159674,0.0255,0.0476449159866739,1.6666666666666667,0.0731449159866739,2.544979876426869,0.018757671471438798,0.018757671471438798,0.0187576714714388,0.0187576714714388,-0.745241322732805,0.745241322732805,0.0008548265971323675,0.0005073145742355876,0.9649799508857961,True,FULL,FULL_poly_rank_1
11,0.78,3.5,0.05,0.0417499999999999,0.0417499999999999,0.0354980845491272,1.4285714285714286,0.0772480845491271,4.004659571873231,0.0417499999999999,0.1177802032267671,1.4285714285714286,0.159530203226767,2.570843394508692,0.0822821186776399,0.0822821186776399,0.0822821186776399,0.0822821186776399,-1.4338161773645388,1.4338161773645388,0.004553180282888974,0.0033488413740823592,0.57191269842556,True,FULL,FULL_poly_rank_1
12,1.25,3.5,0.04,0.034,0.034,0.0670624339164287,1.4285714285714286,0.1010624339164287,2.366794324621144,0.034,0.0971553825646046,1.4285714285714286,0.1311553825646046,1.8944175525969895,0.030092948648175896,0.030092948648175896,0.030092948648175896,0.030092948648175896,-0.4723767720241543,0.4723767720241543,0.0021650205099309977,0.0012765138543025857,0.8879380117305653,True,FULL,FULL_poly_rank_1
13,1.8,4.0,0.035,0.033,0.033,0.0334302203204883,1.25,0.0664302203204883,2.0972939397426664,0.033,0.0167834542551515,1.25,0.0497834542551516,2.1571975178563068,-0.0166467660653368,0.0166467660653368,-0.0166467660653367,0.0166467660653367,0.05990357811364033,0.05990357811364033,0.0012914827793954469,0.0009294345499777155,0.956648267335672,True,FULL,FULL_poly_rank_1
19,1.55,12.0,1.02,0.8525,0.8525,0.3782821788444106,0.4166666666666667,1.2307821788444109,2.3791759662313843,0.8525,0.7103480304193244,0.4166666666666667,1.5628480304193244,1.9065060787712929,0.33206585157491375,0.33206585157491375,0.33206585157491353,0.33206585157491353,-0.4726698874600914,0.4726698874600914,0.05084816023493989,0.032565710455896485,0.8171867930848892,True,FULL,FULL_poly_rank_1
20,1.71,12.0,2.57,1.7327500000000002,1.7327500000000002,2.210315622373947,0.4166666666666667,3.9430656223739473,1.6207235717983703,1.7327500000000002,1.8359267423605965,0.4166666666666667,3.5686767423605965,1.5876385651565643,-0.3743888800133506,0.3743888800133506,-0.3743888800133508,0.3743888800133508,-0.033085006641806025,0.033085006641806025,0.0761396996006763,0.046902975476192627,0.9532462439287543,True,FULL,FULL_poly_rank_1
21,1.67,12.0,7.53,5.32,5.32,5.617172562155661,0.4166666666666667,10.93717256215566,1.7473164085592403,5.32,2.66293443435515,0.4166666666666667,7.98293443435515,2.0190440890943866,-2.9542381278005108,2.9542381278005108,-2.954238127800509,2.954238127800509,0.2717276805351463,0.2717276805351463,0.4890267913904708,0.3146842290607217,0.7548075159222007,True,FULL,FULL_poly_rank_1
22,1.67,12.0,19.67,18.994999999999997,18.994999999999997,1.5273740416856256,0.4166666666666667,20.522374041685623,3.2739688179792332,18.994999999999997,6.381717371936716,0.4166666666666667,25.376717371936714,2.2541821316494492,4.8543433302510905,4.8543433302510905,4.8543433302510905,4.8543433302510905,-1.019786686329784,1.019786686329784,0.7604246612585819,0.4870369917555469,0.8919316761573662,True,FULL,FULL_poly_rank_1
27,0.87,3.25,2.35,1.9075,1.9075,2.7034029995062916,1.5384615384615383,4.610902999506291,3.276941309100947,1.9075,1.0020277263117492,1.5384615384615383,2.909527726311749,3.804357201975755,-1.7013752731945424,1.7013752731945424,-1.7013752731945422,1.7013752731945422,0.5274158928748083,0.5274158928748083,0.1584878634550541,0.11242526346322977,0.793698599383436,True,FULL,FULL_poly_rank_1
28,0.13,1.325,1.02,0.6675,0.6675,0.6738254010838505,3.7735849056603774,1.3413254010838505,23.891608655167115,0.6675,0.4611634344014559,3.7735849056603774,1.128663434401456,25.293167702240385,-0.21266196668239457,0.21266196668239457,-0.21266196668239457,0.21266196668239457,1.4015590470732704,1.4015590470732704,0.04346719552160636,0.02669983166217137,0.8913162445556355,True,FULL,FULL_poly_rank_1
29,0.6,2.425,4.93,4.2975,4.2975,3.110870023650559,2.061855670103093,7.408370023650559,5.517814597970529,4.2975,3.1585490918617163,2.061855670103093,7.456049091861717,4.954540576492096,0.047679068211157194,0.047679068211157194,0.047679068211157194,0.047679068211157194,-0.5632740214784331,0.5632740214784331,0.09372289365312371,0.04565938113372822,0.9825567454799581,True,FULL,FULL_poly_rank_1
30,2.17,3.85,16.37,14.955,14.955,60.674147880173095,1.2987012987012987,75.6291478801731,1.6284330431129306,14.955,37.348226808153285,1.2987012987012987,52.30322680815328,1.5291804814155792,-23.32592107201981,23.32592107201981,-23.32592107201981,23.32592107201981,-0.09925256169735142,0.09925256169735142,1.5841241085700049,1.1688723902468658,0.7222463157717731,True,FULL,FULL_poly_rank_1
31,0.24,1.275,0.66,0.475,0.475,0.6758571313827281,3.9215686274509807,1.150857131382728,11.17767536247715,0.475,0.7766600834700691,3.9215686274509807,1.251660083470069,9.670997714712676,0.10080295208734102,0.10080295208734102,0.10080295208734102,0.10080295208734102,-1.506677647764473,1.506677647764473,0.009856838084369178,0.00594959359925528,0.9887133450655756,True,FULL,FULL_poly_rank_1
32,0.3,2.175,4.71,4.1925,4.1925,1.211168346774408,2.298850574712644,5.403668346774408,13.642584509493682,4.1925,0.6730130453537839,2.298850574712644,4.865513045353784,15.185925720276884,-0.5381553014206242,0.5381553014206242,-0.5381553014206242,0.5381553014206242,1.5433412107832023,1.5433412107832023,0.09204893605922972,0.05762485330628359,0.9724553221203208,True,FULL,FULL_poly_rank_1
33,2.26,4.125,16.14,11.3475,11.3475,422.7987490320256,1.2121212121212122,434.1462490320256,1.3091974223177918,11.3475,438.9808268005648,1.2121212121212122,450.32832680056487,1.2298323427137072,16.18207776853916,16.18207776853916,16.182077768539273,16.182077768539273,-0.07936507960408457,0.07936507960408457,5.233060072053841,4.027250798466352,-1.0606097408235517,True,FULL,FULL_poly_rank_1
34,0.47,1.525,1.07,0.6975,0.6975,4.0455139668571585,3.278688524590164,4.743013966857158,4.812842755740618,0.6975,6.116031848219039,3.278688524590164,6.813531848219038,3.850524875824804,2.07051788136188,2.07051788136188,2.07051788136188,2.07051788136188,-0.9623178799158145,0.9623178799158145,0.12126866403109132,0.0792414472583017,0.5683625646414168,True,FULL,FULL_poly_rank_1
35,0.47,2.2,4.91,4.25,4.25,2.5915991927768687,2.2727272727272725,6.841599192776869,7.213346651196478,4.25,3.1578109606653184,2.2727272727272725,7.407810960665318,6.233662039910673,0.5662117678884497,0.5662117678884497,0.5662117678884497,0.5662117678884497,-0.9796846112858049,0.9796846112858049,0.057634306996757305,0.03612229304912558,0.9926331027359524,True,FULL,FULL_poly_rank_1
36,1.48,3.625,14.91,14.235,14.235,8.232456046268986,1.3793103448275863,22.467456046268985,2.7321098339023515,14.235,7.579639130115467,1.3793103448275863,21.814639130115467,2.4937026982157455,-0.6528169161535189,0.6528169161535189,-0.6528169161535189,0.6528169161535189,-0.238407135686606,0.238407135686606,0.3601392665196704,0.21753997642454587,0.9804602639248928,True,FULL,FULL_poly_rank_1
37,0.11,1.325,0.89,0.5625,0.5625,0.5639971811696873,3.7735849056603774,1.1264971811696871,29.2958502513531,0.5625,0.3334935950504858,3.7735849056603774,0.8959935950504858,32.26767748573183,-0.23050358611920152,0.23050358611920152,-0.2305035861192013,0.2305035861192013,2.971827234378729,2.971827234378729,0.04953271779070796,0.03001171581869021,0.8149978338942103,True,FULL,FULL_poly_rank_1
38,0.26,2.175,5.3,4.1,4.1,2.5910971306331803,2.298850574712644,6.69109713063318,13.042743993933716,4.1,3.457397471600724,2.298850574712644,7.557397471600724,11.497975493384956,0.8663003409675438,0.8663003409675438,0.8663003409675438,0.8663003409675438,-1.5447685005487592,1.5447685005487592,0.13318497310434269,0.08490727686557031,0.954819744959763,True,FULL,FULL_poly_rank_1
40,0.3,1.35,0.88,0.635,0.635,1.1651130574348498,3.7037037037037033,1.8001130574348498,8.547982610717572,0.635,1.3776060119071123,3.7037037037037033,2.0126060119071125,7.168546141402956,0.21249295447226246,0.21249295447226246,0.21249295447226269,0.21249295447226269,-1.3794364693146157,1.3794364693146157,0.02299159643042793,0.012336151488499864,0.9684959845799523,True,FULL,FULL_poly_rank_1
41,0.38,2.175,5.2,4.3975,4.3975,2.452688320111813,2.298850574712644,6.850188320111813,9.031706106944794,4.3975,3.28216799331119,2.298850574712644,7.67966799331119,7.725750057929373,0.8294796731993772,0.8294796731993772,0.8294796731993772,0.8294796731993772,-1.3059560490154212,1.3059560490154212,0.08047014599921876,0.056283165495546114,0.9853703095419806,True,FULL,FULL_poly_rank_1
43,0.88,1.475,0.58,0.535,0.535,2.3643732180319175,3.389830508474576,2.8993732180319176,4.157276354583812,0.535,2.25836786070001,3.389830508474576,2.7933678607000103,3.7445075717662273,-0.1060053573319073,0.1060053573319073,-0.1060053573319073,0.1060053573319073,-0.41276878281758433,0.41276878281758433,0.0579487959302622,0.04260065303930277,0.7122182323469446,True,FULL,FULL_poly_rank_1
44,1.5,2.625,3.89,3.6325,3.6325,10.486129835864666,1.9047619047619049,14.118629835864668,2.474961892115721,3.6325,8.154803204696748,1.9047619047619049,11.787303204696748,2.266205770443575,-2.3313266311679186,2.3313266311679186,-2.3313266311679204,2.3313266311679204,-0.20875612167214586,0.20875612167214586,0.2987474208535525,0.21625015321918326,0.8294442665705031,True,FULL,FULL_poly_rank_1
45,2.87,4.1,13.67,13.42,13.42,16.705556614946417,1.2195121951219514,30.12555661494642,1.6634039681803665,13.42,33.18739435348858,1.2195121951219514,46.60739435348858,1.3812218256498927,16.48183773854216,16.48183773854216,16.48183773854216,16.48183773854216,-0.2821821425304738,0.2821821425304738,0.5753787854239497,0.36523492215732295,0.9514311657116121,True,FULL,FULL_poly_rank_1
46,0.79,1.5,0.8,0.665,0.665,6.166849946093346,3.3333333333333335,6.831849946093346,3.9230290740544778,0.665,6.158463228327633,3.3333333333333335,6.823463228327633,3.538871129945655,-0.008386717765713314,0.008386717765713314,-0.008386717765713314,0.008386717765713314,-0.38415794410882276,0.38415794410882276,0.1325815589731227,0.099121694318893,0.17334575423568288,True,FULL,FULL_poly_rank_1
47,0.6,2.175,5.04,4.655,4.655,2.141531174694559,2.298850574712644,6.796531174694559,6.310564627174357,4.655,2.5664164039034327,2.298850574712644,7.221416403903433,5.466932142727553,0.42488522920887384,0.42488522920887384,0.42488522920887384,0.42488522920887384,-0.8436324844468039,0.8436324844468039,0.0731596133231052,0.03694440283830496,0.9906933356882189,True,FULL,FULL_poly_rank_1
48,2.37,4.125,16.38,14.3675,14.3675,112.7264689844744,1.2121212121212122,127.0939689844744,1.4228254925840296,14.3675,80.47767347264062,1.2121212121212122,94.84517347264062,1.3161852123978062,-32.24879551183378,32.24879551183378,-32.24879551183378,32.24879551183378,-0.1066402801862234,0.1066402801862234,2.3708057127486524,1.778831291555322,0.3812343142438368,True,FULL,FULL_poly_rank_1
49,1.46,2.566666666666667,4.68,4.1066666666666665,4.1066666666666665,30.593215473314466,1.948051948051948,34.69988213998113,2.300589855794831,4.1066666666666665,26.466456026707885,1.948051948051948,30.57312269337455,2.0974646983442455,-4.126759446606581,4.126759446606581,-4.126759446606577,4.126759446606577,-0.20312515745058546,0.20312515745058546,0.6603748896402967,0.4934593247968905,0.40823848394700657,True,FULL,FULL_poly_rank_1
50,4.16,4.75,15.04,14.775,14.775,58.5314735148253,1.0526315789473684,73.3064735148253,1.2144266984360343,14.775,99.81412658281783,1.0526315789473684,114.58912658281784,1.095385483442472,41.282653067992534,41.282653067992534,41.28265306799254,41.28265306799254,-0.11904121499356224,0.11904121499356224,0.9414022658932045,0.5976142512469749,0.8773131175016644,True,FULL,FULL_poly_rank_1
51,1.26,1.85,0.94,0.785,0.785,27.151829140946248,2.702702702702702,27.936829140946248,2.8751003676389564,0.785,20.891032978720524,2.702702702702702,21.676032978720524,2.744018980366616,-6.2607961622257235,6.2607961622257235,-6.2607961622257235,6.2607961622257235,-0.13108138727234042,0.13108138727234042,0.26178368448125544,0.19465427667985716,-0.740363293872845,True,FULL,FULL_poly_rank_1
52,3.13,4.466666666666667,15.58,14.793333333333337,14.793333333333337,75.02328336156236,1.1194029850746268,89.8166166948957,1.313812712287742,14.793333333333337,66.78185419992916,1.1194029850746268,81.5751875332625,1.2075463526043944,-8.241429161633206,8.241429161633206,-8.241429161633206,8.241429161633206,-0.10626635968334774,0.10626635968334774,1.4568428072049253,1.0322791543520637,0.7429986330826849,True,FULL,FULL_poly_rank_1
53,1.15,1.85,0.71,0.65,0.65,3.9933470021604136,2.702702702702702,4.6433470021604135,3.19021506632708,0.65,3.140438791179754,2.702702702702702,3.790438791179754,2.939240166947376,-0.8529082109806594,0.8529082109806594,-0.8529082109806594,0.8529082109806594,-0.25097489937970385,0.25097489937970385,0.08502698872658332,0.06357839978622919,0.5911600257179632,True,FULL,FULL_poly_rank_1
54,0.35,2.175,4.68,4.205,4.205,1.283914851902833,2.298850574712644,5.488914851902833,11.46515887900422,4.205,0.8080905326132859,2.298850574712644,5.013090532613286,12.307150471328082,-0.47582431928954705,0.47582431928954705,-0.47582431928954705,0.47582431928954705,0.841991592323863,0.841991592323863,0.07695389676883024,0.04922087234008059,0.9823718859761507,True,FULL,FULL_poly_rank_1
55,0.63,3.85,16.18,14.365,14.365,5.024596391351091,1.2987012987012987,19.38959639135109,6.152370825583352,14.365,4.971456971279176,1.2987012987012987,19.336456971279176,5.841367032309599,-0.053139420071914856,0.053139420071914856,-0.053139420071914856,0.053139420071914856,-0.3110037932737528,0.3110037932737528,0.10159228345062858,0.04079483865396961,0.997459444526858,True,FULL,FULL_poly_rank_1
56,0.45,1.5666666666666669,0.87,0.6366666666666667,0.6366666666666667,1.8543711063769357,3.191489361702127,2.4910377730436024,5.520751658815112,0.6366666666666667,2.196938950127066,3.191489361702127,2.833605616793733,4.540411313567784,0.3425678437501305,0.3425678437501305,0.3425678437501305,0.3425678437501305,-0.9803403452473285,0.9803403452473285,0.05621571031530205,0.03338461333914838,0.8314536665069303,True,FULL,FULL_poly_rank_1
57,0.58,2.175,5.35,4.42,4.42,5.5363451785319135,2.298850574712644,9.956345178531912,5.059116621676996,4.42,8.759769046866417,2.298850574712644,13.179769046866417,3.925934356559101,3.2234238683345033,3.2234238683345033,3.223423868334505,3.223423868334505,-1.1331822651178944,1.1331822651178944,0.1271330174217264,0.08911113038792799,0.9741832359496402,True,FULL,FULL_poly_rank_1
58,0.94,3.875,16.28,13.935,13.935,11.349260923481204,1.2903225806451613,25.28426092348121,3.405427164282276,13.935,12.587928538672438,1.2903225806451613,26.52292853867244,2.970073285661779,1.2386676151912344,1.2386676151912344,1.238667615191229,1.238667615191229,-0.43535387862049735,0.43535387862049735,0.2961213680863634,0.1439250029410928,0.9838091819441397,True,FULL,FULL_poly_rank_1
60,2.38,2.85,5.22,4.84,4.84,137.35939252357494,1.7543859649122806,142.19939252357494,1.8523237169572588,4.84,77.75123710660513,1.7543859649122806,82.59123710660513,1.7876520382395946,-59.60815541696981,59.60815541696981,-59.60815541696981,59.60815541696981,-0.06467167871766422,0.06467167871766422,1.0460126772728122,0.7074774972674143,-0.1702815379273095,True,FULL,FULL_poly_rank_1
61,2.68,4.125,16.95,15.5375,15.5375,116.71406105996982,1.2121212121212122,132.25156105996982,1.3981039630569712,15.5375,66.32100492316371,1.2121212121212122,81.85850492316371,1.3234471226897535,-50.39305613680611,50.39305613680611,-50.39305613680611,50.39305613680611,-0.07465684036721765,0.07465684036721765,2.1813284419571803,1.6198225633307797,0.5210047854462092,True,FULL,FULL_poly_rank_1
62,0.71,1.6,1.14,0.9133333333333334,0.9133333333333334,5.696830896813862,3.125,6.610164230147195,3.976020028848459,0.9133333333333334,5.933055023867284,3.125,6.846388357200617,3.476994257762549,0.236224127053422,0.236224127053422,0.236224127053422,0.236224127053422,-0.49902577108590984,0.49902577108590984,0.15681006894889682,0.11371799206560568,0.37395247194571235,True,FULL,FULL_poly_rank_1
63,0.76,2.2,5.03,4.68,4.68,3.0326428857358856,2.2727272727272725,7.712642885735885,4.87933520201715,4.68,3.839772902686125,2.2727272727272725,8.519772902686125,4.096619378982011,0.8071300169502393,0.8071300169502393,0.8071300169502393,0.8071300169502393,-0.7827158230351392,0.7827158230351392,0.1176009021000009,0.06155933896313234,0.9794012121594227,True,FULL,FULL_poly_rank_1
64,2.73,4.125,15.88,13.97,13.97,220.02903798852773,1.2121212121212122,233.99903798852773,1.3339956390040135,13.97,131.21137622470377,1.2121212121212122,145.18137622470377,1.2647501238067729,-88.81766176382396,88.81766176382396,-88.81766176382396,88.81766176382396,-0.06924551519724065,0.06924551519724065,3.051636089243279,2.27700809393103,-0.023049683207259752,True,FULL,FULL_poly_rank_1
65,0.63,1.5666666666666669,1.42,0.9733333333333332,0.9733333333333332,10.644929502666052,3.191489361702127,11.618262835999383,3.927118476960182,0.9733333333333332,16.190135483505603,3.191489361702127,17.163468816838936,3.3710333725914343,5.545205980839551,5.545205980839551,5.545205980839553,5.545205980839553,-0.5560851043687478,0.5560851043687478,0.2711669989241542,0.1987613769643288,-0.07386656999551744,True,FULL,FULL_poly_rank_1
66,0.34,2.175,5.0,4.24,4.24,2.0482757543105174,2.298850574712644,6.288275754310518,10.49368724913285,4.24,2.3775308594851774,2.298850574712644,6.617530859485178,9.475070467364166,0.32925510517465995,0.32925510517465995,0.32925510517465995,0.32925510517465995,-1.018616781768685,1.018616781768685,0.03983142992971559,0.026760988572858673,0.9958236324725189,True,FULL,FULL_poly_rank_1
67,3.13,4.533333333333333,14.91,14.596666666666666,14.596666666666666,20.35467702287054,1.1029411764705883,34.951343689537204,1.4882877719989878,14.596666666666666,38.3572065570987,1.1029411764705883,52.95387322376536,1.2445658114057332,18.00252953422816,18.00252953422816,18.00252953422816,18.00252953422816,-0.24372196059325457,0.24372196059325457,0.6705327847834286,0.43339259585527634,0.9446180451570654,True,FULL,FULL_poly_rank_1
68,0.49,1.5666666666666669,0.79,0.63,0.63,1.4068332196782207,3.191489361702127,2.0368332196782206,5.5461514668738845,0.63,1.4142184378463265,3.191489361702127,2.044218437846326,4.758671818755297,0.007385218168105778,0.007385218168105778,0.007385218168105556,0.007385218168105556,-0.7874796481185875,0.7874796481185875,0.04838416757640602,0.030298648876167657,0.8465334273097984,True,FULL,FULL_poly_rank_1
69,1.69,2.566666666666667,5.04,4.426666666666667,4.426666666666667,69.19774278410341,1.948051948051948,73.62440945077007,2.1459242646578933,4.426666666666667,53.586944704575686,1.948051948051948,58.013611371242355,2.015016174363816,-15.610798079527726,15.610798079527726,-15.610798079527719,15.610798079527719,-0.13090809029407735,0.13090809029407735,0.9708451185597118,0.7252930553851701,-0.02599012586893945,True,FULL,FULL_poly_rank_1
70,3.12,4.466666666666667,16.37,15.163333333333334,15.163333333333334,137.96164146287623,1.1194029850746268,153.12497479620956,1.2614658876838951,15.163333333333334,94.1884783401962,1.1194029850746268,109.35181167352955,1.1856840060161562,-43.77316312268003,43.77316312268003,-43.77316312268,43.77316312268,-0.07578188166773892,0.07578188166773892,2.174970398557733,1.569824346809507,0.47389874719253244,True,FULL,FULL_poly_rank_1
71,0.18,1.5666666666666669,0.87,0.6,0.6,0.5778652142592701,3.191489361702127,1.17786521425927,16.988625203858206,0.6,0.3045745541258629,3.191489361702127,0.9045745541258629,19.21125208343567,-0.2732906601334072,0.2732906601334072,-0.2732906601334072,0.2732906601334072,2.222626879577465,2.222626879577465,0.050929474852198155,0.031932673792836555,0.7896595104105046,True,FULL,FULL_poly_rank_1
72,0.42,2.175,5.1,3.8825,3.8825,4.482035276937978,2.298850574712644,8.364535276937978,6.759501195047857,3.8825,7.082185196062923,2.298850574712644,10.964685196062923,5.3512943529474075,2.600149919124945,2.600149919124945,2.600149919124945,2.600149919124945,-1.4082068421004497,1.4082068421004497,0.17245691355511783,0.12485765498379962,0.9391205299319523,True,FULL,FULL_poly_rank_1
73,1.09,3.85,15.19,13.3025,13.3025,11.821633061680007,1.2987012987012987,25.12413306168001,2.9737453064844868,13.3025,14.915580019797607,1.2987012987012987,28.218080019797608,2.4753887073445076,3.0939469581176002,3.0939469581176002,3.0939469581175985,3.0939469581175985,-0.4983565991399792,0.4983565991399792,0.3416263206172906,0.18232953050874862,0.9777470454324868,True,FULL,FULL_poly_rank_1
74,0.47,1.5666666666666669,0.66,0.5066666666666667,0.5066666666666667,1.2794449424210406,3.191489361702127,1.7861116090877074,5.540134014051035,0.5066666666666667,1.482985180813324,3.191489361702127,1.989651847479991,4.589979906385176,0.20354023839228352,0.20354023839228352,0.20354023839228352,0.20354023839228352,-0.9501541076658588,0.9501541076658588,0.04026323250275589,0.02402660000308531,0.8473517215424182,True,FULL,FULL_poly_rank_1
75,0.57,2.175,4.24,4.0125,4.0125,1.1193350008113887,2.298850574712644,5.131835000811389,7.4273022742503985,4.0125,0.4475201603278771,2.298850574712644,4.460020160327877,8.659201973069907,-0.6718148404835116,0.6718148404835116,-0.6718148404835116,0.6718148404835116,1.2318996988195083,1.2318996988195083,0.06598347381717508,0.04534225371074117,0.9889096784072778,True,FULL,FULL_poly_rank_1
76,4.13,4.7,14.9,13.285,13.285,1213.8760619263403,1.0638297872340423,1227.1610619263406,1.0940505167399543,13.285,524.0609996028579,1.0638297872340423,537.3459996028579,1.0716690035897696,-689.8150623234824,689.8150623234824,-689.8150623234827,689.8150623234827,-0.022381513150184773,0.022381513150184773,5.067758720868496,3.369599523101144,-0.9814831405921918,True,FULL,FULL_poly_rank_1
77,0.18,1.5666666666666669,0.88,0.4966666666666666,0.4966666666666666,0.8494890683979475,3.191489361702127,1.346155735064614,14.732448429095294,0.4966666666666666,0.7150614984596906,3.191489361702127,1.2117281651263572,14.550051143191997,-0.13442756993825689,0.13442756993825689,-0.13442756993825689,0.13442756993825689,-0.1823972859032974,0.1823972859032974,0.027990567440768385,0.01713281052456865,0.9563861257464336,True,FULL,FULL_poly_rank_1
78,1.25,2.566666666666667,4.37,3.77,3.77,17.6011784506471,1.948051948051948,21.3711784506471,2.4976694597033373,3.77,16.29589046182808,1.948051948051948,20.06589046182808,2.21856228220553,-1.3052879888190212,1.3052879888190212,-1.3052879888190212,1.3052879888190212,-0.27910717749780733,0.27910717749780733,0.49080897948052293,0.3554712350763369,0.5927237037171138,True,FULL,FULL_poly_rank_1
79,3.62,4.5,14.62,13.843333333333334,13.843333333333334,173.78668847200146,1.1111111111111112,187.6300218053348,1.2115644521301927,13.843333333333334,122.51738187132835,1.1111111111111112,136.3607152046617,1.1502451996681278,-51.269306600673104,51.269306600673104,-51.269306600673104,51.269306600673104,-0.06131925246206493,0.06131925246206493,1.966619833749604,1.3401917449860294,0.42553969992543805,True,FULL,FULL_poly_rank_1
80,0.11,1.5633333333333332,1.04,0.5006666666666667,0.5006666666666667,0.863642983300683,3.1982942430703627,1.3643096499673495,27.24084861115649,0.5006666666666667,0.4782421000160847,3.1982942430703627,0.9789087666827514,30.087511846977204,-0.3854008832845983,0.3854008832845983,-0.3854008832845981,0.3854008832845981,2.8466632358207136,2.8466632358207136,0.08669809942401499,0.05193694049881478,0.7243579971056892,True,FULL,FULL_poly_rank_1
81,0.23,2.1775,4.79,3.54875,3.54875,2.4552355004571034,2.296211251435132,6.003985500457103,14.649101403235154,3.54875,2.7254871220774435,2.296211251435132,6.2742371220774436,13.681324045878725,0.2702516216203401,0.2702516216203401,0.2702516216203401,0.2702516216203401,-0.9677773573564288,0.9677773573564288,0.04201586397613723,0.026833755835924823,0.9944848157527959,True,FULL,FULL_poly_rank_1
82,0.39,3.9275,14.13,12.93,12.93,2.178980729198466,1.273074474856779,15.108980729198466,12.268593789286898,12.93,3.2163476266869857,1.273074474856779,16.146347626686985,10.92103082000214,1.0373668974885195,1.0373668974885195,1.0373668974885195,1.0373668974885195,-1.3475629692847573,1.3475629692847573,0.1955117000944412,0.1201235283883198,0.983357682692134,True,FULL,FULL_poly_rank_1
83,0.21,1.5566666666666666,0.75,0.4896666666666667,0.4896666666666667,0.6541837303857423,3.211991434689508,1.143850397052409,13.109251845364824,0.4896666666666667,0.548307783718937,3.211991434689508,1.0379744503856037,12.854996848388604,-0.10587594666680533,0.10587594666680533,-0.10587594666680533,0.10587594666680533,-0.2542549969762202,0.2542549969762202,0.021843642879414885,0.013405592838136022,0.9560517701163287,True,FULL,FULL_poly_rank_1
84,1.52,2.19,4.53,3.98,3.98,84.48453784563569,2.2831050228310503,88.46453784563569,2.4678705594788535,3.98,66.40822877776931,2.2831050228310503,70.38822877776931,2.3366487307437027,-18.076309067866376,18.076309067866376,-18.076309067866376,18.076309067866376,-0.13122182873515076,0.13122182873515076,0.9685375067214075,0.710345320547662,-0.2302166645987731,True,FULL,FULL_poly_rank_1
85,0.46,3.86,15.2,13.9425,13.9425,2.582793456166362,1.2953367875647668,16.525293456166363,10.00333623780827,13.9425,3.0486275583959195,1.2953367875647668,16.99112755839592,9.320132158775612,0.46583410222955735,0.46583410222955735,0.46583410222955735,0.46583410222955735,-0.6832040790326577,0.6832040790326577,0.0801926237532017,0.050712587334857916,0.9978058640627884,True,FULL,FULL_poly_rank_1
86,1.14,1.85,0.47,0.4455,0.4455,1.2635859558868447,2.702702702702702,1.7090859558868448,3.448989911906233,0.4455,1.3783437652645876,2.702702702702702,1.8238437652645876,3.056195997287766,0.11475780937774283,0.11475780937774283,0.11475780937774283,0.11475780937774283,-0.3927939146184669,0.3927939146184669,0.03480243807202818,0.02504435233929725,0.8482788546108664,True,FULL,FULL_poly_rank_1
87,1.53,2.29,3.84,3.5879999999999996,3.5879999999999996,21.229112109709114,2.1834061135371177,24.817112109709115,2.5522940611621228,3.5879999999999996,17.719876285217286,2.1834061135371177,21.307876285217286,2.3527431537259837,-3.509235824491828,3.509235824491828,-3.509235824491828,3.509235824491828,-0.199550907436139,0.199550907436139,0.41640880576854783,0.30258555460895287,0.6578516108380452,True,FULL,FULL_poly_rank_1
89,0.31,1.5733333333333333,0.64,0.434,0.434,0.831446191232911,3.1779661016949152,1.265446191232911,8.046929532076042,0.434,0.9818319527643736,3.1779661016949152,1.4158319527643737,6.8239163318542255,0.15038576153146266,0.15038576153146266,0.15038576153146277,0.15038576153146277,-1.2230132002218168,1.2230132002218168,0.0124314797509128,0.007466984554436168,0.9828659189596127,True,FULL,FULL_poly_rank_1
90,0.44,2.0033333333333334,4.09,3.8813333333333335,3.8813333333333335,0.7845727106922662,2.4958402662229617,4.6659060440256,10.177837650659969,3.8813333333333335,0.1896087050577732,2.4958402662229617,4.070942038391107,13.26154545966124,-0.594964005634493,0.594964005634493,-0.5949640056344929,0.5949640056344929,3.0837078090012717,3.0837078090012717,0.07399981812317019,0.04979815544308058,0.9828827466829924,True,FULL,FULL_poly_rank_1
91,2.56,4.125,14.35,13.695,13.695,33.24347166872315,1.2121212121212122,46.93847166872315,1.5724619149710894,13.695,36.64018208723355,1.2121212121212122,50.33518208723355,1.389522359582769,3.396710418510395,3.396710418510395,3.396710418510395,3.396710418510395,-0.1829395553883204,0.1829395553883204,0.9572348398167376,0.6829944558078737,0.8783796804892745,True,FULL,FULL_poly_rank_1
92,0.1,1.5666666666666669,0.84,0.5786666666666667,0.5786666666666667,0.3913124802400913,3.191489361702127,0.969979146906758,37.39184550372476,0.5786666666666667,0.0211569404945871,3.191489361702127,0.5998236071612538,67.0942759424647,-0.3701555397455042,0.3701555397455042,-0.3701555397455042,0.3701555397455042,29.702430438739945,29.702430438739945,0.0847619376655475,0.05000017173326692,0.22645712053223477,True,FULL,FULL_poly_rank_1
93,0.29,2.175,4.72,4.314,4.314,0.9127902034753363,2.298850574712644,5.226790203475336,15.255568277966066,4.314,0.1581247103273781,2.298850574712644,4.472124710327378,21.53919516949738,-0.7546654931479583,0.7546654931479583,-0.7546654931479582,0.7546654931479582,6.283626891531313,6.283626891531313,0.1303528490412388,0.08226538489488698,0.943784940675744,True,FULL,FULL_poly_rank_1
94,2.24,4.125,16.29,15.185,15.185,36.934910613682646,1.2121212121212122,52.11991061368265,1.6343524111032697,15.185,32.27923756103521,1.2121212121212122,47.46423756103521,1.470509238666091,-4.655673052647437,4.655673052647437,-4.655673052647437,4.655673052647437,-0.16384317243717872,0.16384317243717872,1.1378047618348142,0.8082384072027827,0.8559573071097721,True,FULL,FULL_poly_rank_1
95,0.15,1.5666666666666669,1.04,0.515,0.515,1.0180921290257392,3.191489361702127,1.533092129025739,17.824332391452327,0.515,0.7703292450603755,3.191489361702127,1.2853292450603755,18.216927531686014,-0.24776288396536372,0.24776288396536372,-0.2477628839653636,0.2477628839653636,0.3925951402336878,0.3925951402336878,0.051008215120942474,0.03130823851792834,0.9101100934173736,True,FULL,FULL_poly_rank_1
96,0.32,2.225,5.75,4.01075,4.01075,4.5926707536336835,2.2471910112359548,8.603420753633683,8.90252129065327,4.01075,7.372298435907744,2.2471910112359548,11.383048435907744,7.276422508057715,2.779627682274061,2.779627682274061,2.779627682274061,2.779627682274061,-1.6260987825955553,1.6260987825955553,0.33682076161280294,0.22661831698840168,0.8077864918999299,True,FULL,FULL_poly_rank_1
97,0.98,3.925,16.9,13.655,13.655,17.423005323734152,1.2738853503184715,31.07800532373415,2.9328424113361327,13.655,18.798104513169747,1.2738853503184715,32.45310451316975,2.532043849703005,1.3750991894355948,1.3750991894355948,1.3750991894355984,1.3750991894355984,-0.40079856163312755,0.40079856163312755,0.47785521335375736,0.24306424951643749,0.9621608708617605,True,FULL,FULL_poly_rank_1
98,0.12,1.5666666666666669,1.33,0.569,0.569,1.2856106349233354,3.191489361702127,1.854610634923335,23.13000566043724,0.569,0.8329123358882813,3.191489361702127,1.4019123358882812,24.52308361119516,-0.4526982990350541,0.4526982990350541,-0.4526982990350539,0.4526982990350539,1.3930779507579167,1.3930779507579167,0.09906331567382093,0.059822150059474055,0.8178090856268092,True,FULL,FULL_poly_rank_1
99,0.38,2.1775,5.29,3.8055,3.8055,4.8847712477868654,2.296211251435132,8.690271247786866,7.231167894086396,3.8055,8.039130184033626,2.296211251435132,11.844630184033626,5.7162086142009985,3.1543589362467603,3.1543589362467603,3.1543589362467603,3.1543589362467603,-1.5149592798853977,1.5149592798853977,0.2617182724784855,0.18356976058913954,0.8707808700249497,True,FULL,FULL_poly_rank_1
100,1.12,3.865,15.69,14.2025,14.2025,9.330787016774106,1.2936610608020698,23.533287016774107,3.133851414322128,14.2025,10.533168577228375,1.2936610608020698,24.735668577228378,2.7191667136880935,1.2023815604542687,1.2023815604542687,1.2023815604542705,1.2023815604542705,-0.4146847006340346,0.4146847006340346,0.3120366968466364,0.1547211728946927,0.9830280215521626,True,FULL,FULL_poly_rank_1
101,0.11,1.5599999999999998,1.19,0.5136666666666666,0.5136666666666666,1.0901897584596147,3.2051282051282053,1.6038564251262817,26.190812099681132,0.5136666666666666,0.6403277526643546,3.2051282051282053,1.1539944193310212,28.389377262170186,-0.44986200579526014,0.44986200579526014,-0.4498620057952605,0.4498620057952605,2.1985651624890536,2.1985651624890536,0.10097602595449477,0.0605443969256392,0.7545466694186125,True,FULL,FULL_poly_rank_1
102,0.33,2.175,5.38,4.15275,4.15275,3.3230952595070686,2.298850574712644,7.475845259507069,9.464816530487427,4.15275,5.036750683587079,2.298850574712644,9.18950068358708,7.837780526339724,1.7136554240800104,1.7136554240800104,1.7136554240800104,1.7136554240800104,-1.627036004147703,1.627036004147703,0.19865117646702835,0.1327898300463281,0.91483374878645,True,FULL,FULL_poly_rank_1
103,0.94,4.6125,15.17,14.2325,14.2325,3.230539541690666,1.0840108401084012,17.463039541690666,4.61254903129243,14.2325,6.313122909104473,1.0840108401084012,20.545622909104473,3.6230032399422822,3.0825833674138075,3.0825833674138075,3.0825833674138075,3.0825833674138075,-0.9895457913501482,0.9895457913501482,0.30832891139048857,0.2156065318469845,0.9772272038710232,True,FULL,FULL_poly_rank_1
104,0.46,1.61,0.57,0.4153333333333333,0.4153333333333333,1.2195408766373736,3.105590062111801,1.634874209970707,5.380408458094788,0.4153333333333333,1.6362071713283992,3.105590062111801,2.0515405046617325,4.309630273387964,0.41666629469102556,0.41666629469102556,0.41666629469102556,0.41666629469102556,-1.0707781847068238,1.0707781847068238,0.03415007682861549,0.019640164455111016,0.8552807984235837,True,FULL,FULL_poly_rank_1
105,0.38,2.1725,3.22,2.8175,2.8175,1.2095551373508462,2.3014959723820483,4.027055137350846,9.674876431868377,2.8175,0.085654287397765,2.3014959723820483,2.903154287397765,16.80506061232766,-1.1239008499530811,1.1239008499530811,-1.1239008499530811,1.1239008499530811,7.130184180459285,7.130184180459285,0.15507797393698844,0.1020979386837774,0.8573490932573247,True,FULL,FULL_poly_rank_1
106,6.69,7.0,11.06,11.03,11.03,6.769176332863529,0.7142857142857143,17.799176332863528,0.9707346090728766,11.03,87.39458017556832,0.7142857142857143,98.42458017556832,0.7366631400920517,80.6254038427048,80.6254038427048,80.6254038427048,80.6254038427048,-0.23407146898082487,0.23407146898082487,0.3353356836599982,0.17884865807545616,0.9718734864658695,True,FULL,FULL_poly_rank_1
107,0.15,1.5566666666666666,0.88,0.5103333333333334,0.5103333333333334,0.7081291518031402,3.211991434689508,1.2184624851364736,19.26598627033951,0.5103333333333334,0.4752839857888074,3.211991434689508,0.9856173191221408,20.398001160609876,-0.2328451660143328,0.2328451660143328,-0.2328451660143328,0.2328451660143328,1.1320148902703657,1.1320148902703657,0.04744042276300928,0.029177288605645023,0.8593140641447572,True,FULL,FULL_poly_rank_1
108,0.24,2.175,5.1,3.69825,3.69825,2.8769666070220197,2.298850574712644,6.5752166070220195,13.53664985652516,3.69825,3.692640229518678,2.298850574712644,7.3908902295186785,12.11541740697343,0.8156736224966585,0.8156736224966585,0.815673622496659,0.815673622496659,-1.4212324495517308,1.4212324495517308,0.13216139179804617,0.0837263687432887,0.954372795980157,True,FULL,FULL_poly_rank_1
109,0.47,3.8575,14.84,13.285,13.285,3.275885261750222,1.2961762799740766,16.560885261750222,9.133208341560495,13.285,4.369410040245029,1.2961762799740766,17.65441004024503,8.189297940668883,1.0935247784948068,1.0935247784948068,1.0935247784948068,1.0935247784948068,-0.9439104008916122,0.9439104008916122,0.17625032992172066,0.11210549339826503,0.9890225548382153,True,FULL,FULL_poly_rank_1
110,0.15,2.1675,1.23,0.6225,0.6225,0.9619833022068238,2.306805074971165,1.584483302206824,20.507804388385548,0.6225,0.3061751538128839,2.306805074971165,0.928675153812884,25.801199544936196,-0.65580814839394,0.65580814839394,-0.6558081483939401,0.6558081483939401,5.293395156550648,5.293395156550648,0.14786383442365975,0.08844540401291741,0.3784915108262852,True,FULL,FULL_poly_rank_1
111,0.25,2.165,6.22,4.547499999999999,4.547499999999999,3.553532108811563,2.3094688221709005,8.101032108811562,12.896286747191096,4.547499999999999,5.646948415525479,2.3094688221709005,10.194448415525478,10.867369236800096,2.093416306713916,2.093416306713916,2.093416306713916,2.093416306713916,-2.0289175103910004,2.0289175103910004,0.33977743248252207,0.21757050702861364,0.7990583326062657,True,FULL,FULL_poly_rank_1
112,0.46,4.1075,18.37,16.2525,16.2525,4.204330792736471,1.217285453438831,20.456830792736472,9.296747223836368,16.2525,2.233307254649418,1.217285453438831,18.48580725464942,10.495127830420872,-1.9710235380870529,1.9710235380870529,-1.9710235380870529,1.9710235380870529,1.1983806065845037,1.1983806065845037,0.37280663043541384,0.22831522129009788,0.966414430685496,True,FULL,FULL_poly_rank_1
113,0.21,1.5599999999999998,0.72,0.5333333333333333,0.5333333333333333,0.4530839141628877,3.2051282051282053,0.9864172474962212,14.758619332850811,0.5333333333333333,0.2356410577917098,3.2051282051282053,0.7689743911250432,16.696546035655853,-0.21744285637117788,0.21744285637117788,-0.217442856371178,0.217442856371178,1.9379267028050418,1.9379267028050418,0.037311516764457583,0.023811466926289743,0.829584383669888,True,FULL,FULL_poly_rank_1
114,0.46,2.215,4.54,3.755,3.755,3.0550946555112306,2.2573363431151243,6.8100946555112305,6.812602552841997,3.755,3.631040304860453,2.2573363431151243,7.386040304860453,5.8835124557409335,0.5759456493492223,0.5759456493492223,0.5759456493492223,0.5759456493492223,-0.9290900971010636,0.9290900971010636,0.05853176380906298,0.035766932476550786,0.9910324357559606,True,FULL,FULL_poly_rank_1
115,3.02,4.84,14.29,13.226666666666668,13.226666666666668,67.62238227774218,1.0330578512396695,80.84904894440885,1.2379494369579531,13.226666666666668,67.80076145573587,1.0330578512396695,81.02742812240254,1.1183326862781706,0.17837917799369052,0.17837917799369052,0.17837917799369052,0.17837917799369052,-0.1196167506797825,0.1196167506797825,1.5287760764470486,1.1330248839200288,0.6760841766472043,True,FULL,FULL_poly_rank_1
116,0.1,1.5533333333333337,1.16,0.5640000000000001,0.5640000000000001,0.912890584776652,3.218884120171673,1.476890584776652,31.1344826944979,0.5640000000000001,0.4598459351992066,3.218884120171673,1.0238459351992066,35.12075857599894,-0.4530446495774454,0.4530446495774454,-0.4530446495774454,0.4530446495774454,3.98627588150104,3.98627588150104,0.10453172766082391,0.06216577318643106,0.664635290418359,True,FULL,FULL_poly_rank_1
117,0.28,2.16,4.98,3.80875,3.80875,2.7207253448886286,2.314814814814815,6.5294753448886285,11.627647012732409,3.80875,3.560238703073848,2.314814814814815,7.368988703073848,10.214607751308872,0.8395133581852194,0.8395133581852194,0.8395133581852194,0.8395133581852194,-1.4130392614235365,1.4130392614235365,0.1159625472047542,0.07521949797636082,0.9633678079754098,True,FULL,FULL_poly_rank_1
118,0.84,3.88,14.83,12.9825,12.9825,7.331910697776193,1.288659793814433,20.314410697776193,4.123242699657944,12.9825,10.46252700294759,1.288659793814433,23.44502700294759,3.4064180638301536,3.1306163051713973,3.1306163051713973,3.1306163051713973,3.1306163051713973,-0.7168246358277908,0.7168246358277908,0.22945243193895445,0.16729828413292944,0.9873158262204323,True,FULL,FULL_poly_rank_1
119,0.05,1.5533333333333337,1.06,0.4603333333333333,0.4603333333333333,0.7347138188950575,3.218884120171673,1.1950471522283908,76.69251608229672,0.4603333333333333,0.1855212057703636,3.218884120171673,0.645854539103697,96.09252113224191,-0.5491926131246939,0.5491926131246939,-0.5491926131246938,0.5491926131246938,19.400005049945193,19.400005049945193,0.14294080711386672,0.08185488259018696,0.2548470314791246,True,FULL,FULL_poly_rank_1
120,0.24,2.1675,5.34,3.634,3.634,3.551284821064535,2.306805074971165,7.185284821064535,12.76758648025316,3.634,4.964179672990882,2.306805074971165,8.598179672990883,11.166702150226945,1.4128948519263473,1.4128948519263473,1.4128948519263478,1.4128948519263478,-1.600884330026215,1.600884330026215,0.23090014858020458,0.1476465128728133,0.8859623301780655,True,FULL,FULL_poly_rank_1
121,0.58,3.8475,15.72,12.52,12.52,8.509190021060213,1.299545159194282,21.029190021060213,5.626700720273117,12.52,10.39958860451695,1.299545159194282,22.91958860451695,4.977302997620614,1.8903985834567365,1.8903985834567365,1.8903985834567365,1.8903985834567365,-0.6493977226525036,0.6493977226525036,0.20827900754241885,0.1422796438959111,0.9886441279988376,True,FULL,FULL_poly_rank_1
122,0.16,1.7866666666666664,1.46,0.5153333333333333,0.5153333333333333,1.791622665699797,2.7985074626865676,2.3069559990331303,15.27471027903135,0.5153333333333333,1.1939891636824551,2.7985074626865676,1.7093224970157888,15.89785000115465,-0.5976335020173418,0.5976335020173418,-0.5976335020173416,0.5976335020173416,0.6231397221232999,0.6231397221232999,0.12208444479157818,0.07508002782454964,0.8249699387662552,True,FULL,FULL_poly_rank_1
123,0.34,2.19,5.86,3.70375,3.70375,6.4076526447249105,2.2831050228310503,10.11140264472491,7.4904783908875965,3.70375,10.998698100125829,2.2831050228310503,14.702448100125826,5.957833288198877,4.591045455400918,4.591045455400918,4.591045455400916,4.591045455400916,-1.5326451026887193,1.5326451026887193,0.4622764635916988,0.32156606184858183,0.7147203473575392,True,FULL,FULL_poly_rank_1
124,0.72,3.9025,15.23,13.1975,13.1975,6.547895084347095,1.2812299807815504,19.745395084347095,4.922489465268678,13.1975,9.08651326537232,1.2812299807815504,22.28401326537232,4.1642906502779855,2.5386181810252246,2.5386181810252246,2.5386181810252246,2.5386181810252246,-0.7581988149906929,0.7581988149906929,0.2374465498581368,0.16763772589219678,0.9856070375188501,True,FULL,FULL_poly_rank_1
125,0.13,1.5766666666666669,0.83,0.5316666666666667,0.5316666666666667,0.5110542316499418,3.1712473572938684,1.0427208983166083,25.070549134255213,0.5316666666666667,0.2098828339101552,3.1712473572938684,0.741549500576822,30.22241036604866,-0.30117139773978663,0.30117139773978663,-0.3011713977397863,0.3011713977397863,5.151861231793447,5.151861231793447,0.06437858319019543,0.039002669782572205,0.6307283660495111,True,FULL,FULL_poly_rank_1
126,0.33,2.195,4.91,4.2615,4.2615,1.6629195649406574,2.277904328018223,5.924419564940657,11.444353107108954,4.2615,1.5503619715243664,2.277904328018223,5.811861971524366,11.074188334433998,-0.11255759341629101,0.11255759341629101,-0.11255759341629101,0.11255759341629101,-0.37016477267495596,0.37016477267495596,0.037997284592250206,0.02029869842531597,0.9959290978884109,True,FULL,FULL_poly_rank_1
127,2.99,4.513333333333333,16.39,14.923333333333332,14.923333333333332,140.10135047238424,1.1078286558345645,155.0246838057176,1.2549920885699382,14.923333333333332,100.463137101894,1.1078286558345645,115.38647043522732,1.173372637897573,-39.638213370490234,39.638213370490234,-39.63821337049026,39.63821337049026,-0.08161945067236509,0.08161945067236509,2.3585666467637645,1.741758447031217,0.39790985989778627,True,FULL,FULL_poly_rank_1
128,0.22,1.5666666666666669,1.38,0.6789999999999999,0.6789999999999999,1.9691572578488556,3.191489361702127,2.6481572578488555,10.298464829923804,0.6789999999999999,2.2206968706092707,3.191489361702127,2.8996968706092705,9.232544649709183,0.25153961276041503,0.25153961276041503,0.25153961276041503,0.25153961276041503,-1.0659201802146203,1.0659201802146203,0.019648336863300316,0.014221177535585756,0.9935247547113326,True,FULL,FULL_poly_rank_1
129,0.39,2.18,6.11,4.593,4.593,5.057943521426855,2.293577981651376,9.650943521426855,7.34235077378404,4.593,8.96237397143164,2.293577981651376,13.55537397143164,5.679446269583852,3.904430450004785,3.904430450004785,3.904430450004785,3.904430450004785,-1.6629045042001884,1.6629045042001884,0.32713224648031647,0.22930232014213833,0.8423508409985807,True,FULL,FULL_poly_rank_1
130,2.78,4.13,17.18,15.5675,15.5675,173.2142161184181,1.2106537530266344,188.7817161184181,1.354578535378103,15.5675,86.16233394844582,1.2106537530266344,101.72983394844582,1.2944795464834409,-87.05188216997229,87.05188216997229,-87.05188216997229,87.05188216997229,-0.06009898889466214,0.06009898889466214,2.6687313132236867,1.9682508718172471,0.2985778198301856,True,FULL,FULL_poly_rank_1
131,0.3,1.57,0.69,0.4403333333333333,0.4403333333333333,0.989606450202688,3.184713375796178,1.4299397835360212,7.9675990689291964,0.4403333333333333,1.224984570664343,3.184713375796178,1.6653179039976762,6.675058020305702,0.23537812046165496,0.23537812046165496,0.23537812046165496,0.23537812046165496,-1.2925410486234945,1.2925410486234945,0.013125545095476955,0.009271437972017366,0.9847797651695056,True,FULL,FULL_poly_rank_1
132,0.38,2.2025,4.61,3.49275,3.49275,3.5417527605950667,2.270147559591374,7.034502760595067,7.697329513236288,3.49275,4.716508090222713,2.270147559591374,8.209258090222713,6.494724497307104,1.1747553296276463,1.1747553296276463,1.1747553296276463,1.1747553296276463,-1.2026050159291843,1.2026050159291843,0.09676032847506158,0.0687790162461122,0.9750216259315921,True,FULL,FULL_poly_rank_1
133,0.58,3.89,14.25,12.71,12.71,3.870375185655917,1.2853470437017995,16.580375185655917,6.937928600833182,12.71,5.870934199582759,1.2853470437017995,18.58093419958276,5.898896750236515,2.0005590139268423,2.0005590139268423,2.0005590139268428,2.0005590139268428,-1.0390318505966665,1.0390318505966665,0.26798126992731514,0.17587023513988725,0.9757410353587566,True,FULL,FULL_poly_rank_1
134,0.29,1.5933333333333335,0.81,0.6846666666666668,0.6846666666666668,0.4027161872827163,3.1380753138075312,1.087382853949383,11.679447292728767,0.6846666666666668,0.0499468691313054,3.1380753138075312,0.7346135357979722,18.53215205157673,-0.3527693181514109,0.3527693181514109,-0.3527693181514109,0.3527693181514109,6.852704758847963,6.852704758847963,0.04605897456237188,0.030195354791470837,0.8078559291970189,True,FULL,FULL_poly_rank_1
135,0.42,2.1925,4.74,4.255,4.255,1.6007301765706998,2.280501710376283,5.8557301765707,9.079561652406012,4.255,1.358233892045872,2.280501710376283,5.613233892045872,8.901327116044158,-0.24249628452482774,0.24249628452482774,-0.24249628452482774,0.24249628452482774,-0.17823453636185427,0.17823453636185427,0.05526818621761509,0.033102522334841095,0.9921498940549491,True,FULL,FULL_poly_rank_1
136,2.48,4.18,15.4,14.19,14.19,62.34454554337887,1.1961722488038278,76.53454554337887,1.469660738779334,14.19,53.19680329874329,1.1961722488038278,67.38680329874329,1.3361336860900666,-9.14774224463558,9.14774224463558,-9.14774224463558,9.14774224463558,-0.13352705268926734,0.13352705268926734,1.5352180880095323,1.130460439797626,0.7126828300366357,True,FULL,FULL_poly_rank_1
137,1.18,1.85,0.63,0.575,0.575,4.239497230710774,2.702702702702702,4.814497230710774,3.1309195303367727,0.575,3.4400784543872893,2.702702702702702,4.0150784543872895,2.890666684776673,-0.7994187763234848,0.7994187763234848,-0.7994187763234848,0.7994187763234848,-0.24025284556009963,0.24025284556009963,0.0821471376598311,0.06122234334259065,0.5118962547281604,True,FULL,FULL_poly_rank_1
138,0.99,2.6033333333333335,4.93,4.496666666666667,4.496666666666667,4.9592094785200045,1.9206145966709345,9.455876145186672,3.460965956174455,4.496666666666667,4.632313839842857,1.9206145966709345,9.128980506509524,3.084342765266694,-0.3268956386771471,0.3268956386771471,-0.3268956386771471,0.3268956386771471,-0.3766231909077611,0.3766231909077611,0.1926363804136112,0.12079960169641905,0.9452371399118273,True,FULL,FULL_poly_rank_1
139,1.92,4.2125,17.14,16.56,16.56,9.158812659704571,1.1869436201780414,25.71881265970457,2.22655990128023,16.56,10.677234291774564,1.1869436201780414,27.237234291774563,1.9271039416879912,1.5184216320699928,1.5184216320699928,1.518421632069991,1.518421632069991,-0.2994559595922388,0.2994559595922388,0.4364928727199895,0.24760615589068458,0.9797483297687902,True,FULL,FULL_poly_rank_1
140,0.42,1.7400000000000002,0.83,0.4525,0.4525,2.5886372580129136,2.8735632183908044,3.0411372580129137,4.84879553279124,0.4525,3.9853717809031903,2.8735632183908044,4.4378717809031905,3.786501232035549,1.3967345228902768,1.3967345228902768,1.3967345228902768,1.3967345228902768,-1.0622943007556915,1.0622943007556915,0.055079301517754094,0.03175796790924073,0.8691711306566893,True,FULL,FULL_poly_rank_1
141,1.23,2.5733333333333337,4.22,4.026666666666666,4.026666666666666,3.714553371745124,1.94300518134715,7.74122003841179,3.22230726876678,4.026666666666666,3.1442331423204166,1.94300518134715,7.170899808987083,2.953845015838387,-0.5703202294247074,0.5703202294247074,-0.5703202294247074,0.5703202294247074,-0.2684622529283933,0.2684622529283933,0.14823666218839054,0.0978427244296596,0.9623122541730641,True,FULL,FULL_poly_rank_1
142,1.79,4.84,15.01,14.9025,14.9025,0.8901040923931092,1.0330578512396695,15.792604092393107,3.4546415460563873,14.9025,5.250168087193256,1.0330578512396695,20.152668087193256,2.209117312857869,4.3600639948001465,4.3600639948001465,4.360063994800148,4.360063994800148,-1.2455242331985183,1.2455242331985183,0.4643978078153809,0.266145985758316,0.961946350239237,True,FULL,FULL_poly_rank_1
143,0.33,1.5733333333333333,0.58,0.4766666666666666,0.4766666666666666,0.4098600862261488,3.1779661016949152,0.8865267528928155,9.368454028225154,0.4766666666666666,0.2668266902782757,3.1779661016949152,0.7434933569449423,9.648700383287936,-0.14303339594787307,0.14303339594787307,-0.14303339594787312,0.14303339594787312,0.2802463550627827,0.2802463550627827,0.020793864050754847,0.013757045262392235,0.931296273398642,True,FULL,FULL_poly_rank_1
144,0.43,2.1725,4.53,3.8975,3.8975,2.2412867147074325,2.3014959723820483,6.138786714707432,7.955893974394428,3.8975,2.363565321443188,2.3014959723820483,6.261065321443188,7.228635846296612,0.12227860673575552,0.12227860673575552,0.12227860673575552,0.12227860673575552,-0.7272581280978159,0.7272581280978159,0.0481522849608957,0.021212864021822545,0.9936333459282297,True,FULL,FULL_poly_rank_1
145,3.33,4.496666666666667,14.77,14.159999999999998,14.159999999999998,71.68575820940592,1.111934766493699,85.84575820940591,1.2931877819034847,14.159999999999998,70.82337586966857,1.111934766493699,84.98337586966856,1.1860458764310864,-0.8623823397373513,0.8623823397373513,-0.8623823397373513,0.8623823397373513,-0.10714190547239832,0.10714190547239832,1.2958679019064525,0.8959444923236347,0.7693533627875937,True,FULL,FULL_poly_rank_1
147,1.84,3.1775,4.39,3.69,3.69,48.191526905344915,1.5735641227380015,51.88152690534491,1.779339325853626,3.69,34.84966791223379,1.5735641227380015,38.53966791223379,1.6560196511852976,-13.341858993111124,13.341858993111124,-13.341858993111124,13.341858993111124,-0.1233196746683285,0.1233196746683285,0.8435620493125986,0.6403988656304251,-0.03479494988259213,True,FULL,FULL_poly_rank_1
148,2.23,4.3774999999999995,15.49,14.875,14.875,14.10295307840756,1.142204454597373,28.97795307840756,1.8301286904573817,14.875,20.63138726917171,1.142204454597373,35.50638726917171,1.5111890816233366,6.52843419076415,6.52843419076415,6.528434190764152,6.528434190764152,-0.31893960883404504,0.31893960883404504,0.5868932508243893,0.35595573003692976,0.9577835109009427,True,FULL,FULL_poly_rank_1
149,0.18,1.5599999999999998,0.96,0.5433333333333333,0.5433333333333333,0.9264981470545324,3.2051282051282053,1.4698314803878656,14.731251978605432,0.5433333333333333,0.7728144439119801,3.2051282051282053,1.3161477772453134,14.57862792485856,-0.1536837031425523,0.1536837031425523,-0.1536837031425522,0.1536837031425522,-0.15262405374687127,0.15262405374687127,0.03168716632441046,0.019444034491584432,0.9528898265423993,True,FULL,FULL_poly_rank_1
150,0.4,2.175,5.29,4.25,4.25,3.4798658017251105,2.298850574712644,7.7298658017251105,7.755705088302538,4.25,5.301878347626628,2.298850574712644,9.551878347626628,6.28488991562788,1.8220125459015177,1.8220125459015177,1.8220125459015177,1.8220125459015177,-1.4708151726746577,1.4708151726746577,0.15000487818669866,0.1057696879510919,0.953757668360519,True,FULL,FULL_poly_rank_1
151,0.99,3.6125,15.85,14.965,14.965,4.712295648967803,1.384083044982699,19.677295648967803,4.185634509215309,14.965,2.0772440716375513,1.384083044982699,17.04224407163755,4.757057362563938,-2.635051577330252,2.635051577330252,-2.635051577330252,2.635051577330252,0.5714228533486283,0.5714228533486283,0.2546903357587523,0.17467681167535085,0.9885657657695405,True,FULL,FULL_poly_rank_1
152,1.16,1.9,0.64,0.54,0.54,8.918859589233094,2.6315789473684212,9.458859589233091,2.9158636476035604,0.54,7.866190930575352,2.6315789473684212,8.406190930575352,2.7160533782511584,-1.0526686586577414,1.0526686586577414,-1.0526686586577387,1.0526686586577387,-0.19981026935240198,0.19981026935240198,0.13574458608650986,0.10362241174455178,-0.19675276126104335,True,FULL,FULL_poly_rank_1
153,1.3,2.566666666666667,4.2,3.9333333333333336,3.9333333333333336,6.732843008196392,1.948051948051948,10.666176341529724,2.832743127876559,3.9333333333333336,5.752144753430631,1.948051948051948,9.685478086763965,2.558570046535146,-0.9806982547657608,0.9806982547657608,-0.980698254765759,0.980698254765759,-0.27417308134141294,0.27417308134141294,0.2328569528139541,0.1610064670638488,0.9070732411856743,True,FULL,FULL_poly_rank_1
154,5.1,31.453947067343865,14.28,13.490170336848536,13.490170336848536,2.087839211051561,0.1589625616554528,15.578009547900097,0.9263059984631752,13.490170336848536,1.786649325105362,0.1589625616554528,15.276819661953898,0.9250817954634912,-0.301189885946199,0.301189885946199,-0.301189885946199,0.301189885946199,-0.0012242029996839543,0.0012242029996839543,0.06609819495206314,0.039899158180220454,0.9986092685687279,True,FULL,FULL_poly_rank_1
155,0.56,1.5599999999999998,0.58,0.4766666666666666,0.4766666666666666,1.2430840918042927,3.2051282051282053,1.7197507584709593,5.0236277196711585,0.4766666666666666,1.3559868543262137,3.2051282051282053,1.83265352099288,4.244682376212406,0.112902762521921,0.112902762521921,0.11290276252192077,0.11290276252192077,-0.7789453434587523,0.7789453434587523,0.04226179731594065,0.02748339139140852,0.7978373899730938,True,FULL,FULL_poly_rank_1
156,0.67,2.1775,4.06,3.745,3.745,2.1627193549790276,2.296211251435132,5.907719354979028,5.4890381882934465,3.745,1.794073130154584,2.296211251435132,5.539073130154584,5.198321690477279,-0.36864622482444354,0.36864622482444354,-0.36864622482444354,0.36864622482444354,-0.2907164978161676,0.2907164978161676,0.08851184141046725,0.05431930032254167,0.9805608583786809,True,FULL,FULL_poly_rank_1
157,1.32,3.9,14.36,13.5925,13.5925,6.126023681195667,1.2820512820512822,19.718523681195663,3.032176279008363,13.5925,8.651338153385163,1.2820512820512822,22.243838153385163,2.504876293080325,2.5253144721894962,2.5253144721894962,2.5253144721895,2.5253144721895,-0.5272999859280381,0.5272999859280381,0.2689519612995489,0.14511036930873758,0.9866636642704876,True,FULL,FULL_poly_rank_1
158,0.17,1.6233333333333333,1.0,0.5720000000000001,0.5720000000000001,0.8749487231528226,3.080082135523614,1.4469487231528226,16.31818533574024,0.5720000000000001,0.6163767028072293,3.080082135523614,1.1883767028072294,16.985211771217784,-0.25857202034559323,0.25857202034559323,-0.25857202034559323,0.25857202034559323,0.6670264354775455,0.6670264354775455,0.05116926150187547,0.031710175949651254,0.8801526970697067,True,FULL,FULL_poly_rank_1
159,0.32,2.1825,5.06,4.11975,4.11975,2.410582651104151,2.290950744558992,6.530332651104151,10.626543938716322,4.11975,3.0458960730921554,2.290950744558992,7.165646073092155,9.36415467156464,0.6353134219880046,0.6353134219880046,0.6353134219880046,0.6353134219880046,-1.2623892671516828,1.2623892671516828,0.07587429739026381,0.05082088221912206,0.9849391914468545,True,FULL,FULL_poly_rank_1
160,1.07,3.895,14.3,13.0025,13.0025,7.31537030166651,1.2836970474967908,20.31787030166651,3.3651116062820727,13.0025,10.573712344829053,1.2836970474967908,23.576212344829052,2.742604652898045,3.2583420431625427,3.2583420431625427,3.2583420431625427,3.2583420431625427,-0.6225069533840277,0.6225069533840277,0.2354752003916619,0.15052067120685497,0.9879383769734128,True,FULL,FULL_poly_rank_1
161,0.1,1.5666666666666669,0.85,0.5843333333333334,0.5843333333333334,0.3978559436075378,3.191489361702127,0.9821892769408712,37.33548887229885,0.5843333333333334,0.0231182482949742,3.191489361702127,0.6074515816283076,66.19990461776187,-0.37473769531256357,0.37473769531256357,-0.3747376953125636,0.3747376953125636,28.86441574546302,28.86441574546302,0.08584080139149837,0.05065245533848178,0.22815627214570744,True,FULL,FULL_poly_rank_1
162,0.24,2.175,6.09,4.409,4.409,3.4511384121172206,2.298850574712644,7.86013841211722,13.515323404054092,4.409,5.298357304497189,2.298850574712644,9.707357304497188,11.546659744011944,1.847218892379968,1.847218892379968,1.847218892379968,1.847218892379968,-1.9686636600421483,1.9686636600421483,0.3108197313909501,0.19765342356934001,0.8234677410258839,True,FULL,FULL_poly_rank_1
163,0.5,3.8625,16.89,15.2325,15.2325,3.655467066441505,1.2944983818770228,18.887967066441504,8.601598077321363,15.2325,2.0468950711472917,1.2944983818770228,17.27939507114729,9.55975810982764,-1.6085719952942132,1.6085719952942132,-1.6085719952942128,1.6085719952942128,0.958160032506278,0.958160032506278,0.28396008584601656,0.1761976689847404,0.9787810686302715,True,FULL,FULL_poly_rank_1
165,0.23,2.1675,5.85,4.43275,4.43275,2.80147060168731,2.306805074971165,7.23422060168731,14.978792929839672,4.43275,4.084939781929501,2.306805074971165,8.517689781929501,13.029309897396738,1.2834691802421911,1.2834691802421911,1.2834691802421911,1.2834691802421911,-1.9494830324429344,1.9494830324429344,0.22347216591304328,0.1405289710313034,0.8921502480564201,True,FULL,FULL_poly_rank_1
166,0.75,3.8625,16.87,15.795,15.795,3.4935563581594646,1.2944983818770228,19.288556358159465,5.80409010742513,15.795,1.5537937299127211,1.2944983818770228,17.34879372991272,6.704463266889329,-1.9397626282467435,1.9397626282467435,-1.9397626282467435,1.9397626282467435,0.9003731594641993,0.9003731594641993,0.2553734635097898,0.16775044911594567,0.9869174229867648,True,FULL,FULL_poly_rank_1
167,0.17,1.5599999999999998,0.8,0.5579999999999999,0.5579999999999999,0.4953159279041487,3.2051282051282053,1.0533159279041486,18.51576110820791,0.5579999999999999,0.2324834148984211,3.2051282051282053,0.7904834148984211,21.637487166326935,-0.26283251300572763,0.26283251300572763,-0.2628325130057275,0.2628325130057275,3.121726058119023,3.121726058119023,0.05007489069755069,0.031195309705042484,0.7488613493285898,True,FULL,FULL_poly_rank_1
168,1.11,2.563333333333333,4.61,4.293333333333333,4.293333333333333,4.918051194692046,1.950585175552666,9.21138452802538,3.258019017990617,4.293333333333333,4.4037482390505485,1.950585175552666,8.697081572383881,2.9303304410946898,-0.5143029556414973,0.5143029556414973,-0.5143029556414991,0.5143029556414991,-0.32768857689592723,0.32768857689592723,0.1910843914714399,0.12462839824125528,0.9435929145497487,True,FULL,FULL_poly_rank_1
169,3.93,4.553333333333334,16.61,16.513333333333332,16.513333333333332,14.198414912137522,1.0980966325036603,30.711748245470854,1.4757256498343354,16.513333333333332,66.46271814991621,1.0980966325036603,82.97605148324955,1.170896089455459,52.26430323777869,52.26430323777869,52.26430323777869,52.26430323777869,-0.30482956037887643,0.30482956037887643,0.5484951540311127,0.310803374067591,0.9680036623800248,True,FULL,FULL_poly_rank_1
170,0.19,1.5533333333333337,0.76,0.5436666666666666,0.5436666666666666,0.4848535368761771,3.218884120171673,1.0285202035428438,16.275028887164293,0.5436666666666666,0.2540748558186519,3.218884120171673,0.7977415224853186,18.422549221686815,-0.2307786810575252,0.2307786810575252,-0.2307786810575252,0.2307786810575252,2.147520334522522,2.147520334522522,0.04170813942796628,0.026322416728686432,0.8094124748265759,True,FULL,FULL_poly_rank_1
171,0.32,2.17,4.74,4.0465,4.0465,1.7565900119017304,2.3041474654377883,5.80309001190173,11.4900793995,4.0465,1.674695835451307,2.3041474654377883,5.721195835451307,11.039510817446004,-0.0818941764504233,0.0818941764504233,-0.0818941764504233,0.0818941764504233,-0.45056858205399664,0.45056858205399664,0.035302761982230375,0.017687934026093283,0.9962004114450541,True,FULL,FULL_poly_rank_1
172,1.88,4.13,15.76,14.8875,14.8875,14.997831291761866,1.2106537530266344,29.885331291761865,2.0220034481788933,14.8875,17.73753443329782,1.2106537530266344,32.62503443329782,1.722301611845667,2.739703141535955,2.739703141535955,2.739703141535955,2.739703141535955,-0.2997018363332262,0.2997018363332262,0.5981369956683286,0.36484497190661613,0.9544898460165214,True,FULL,FULL_poly_rank_1
173,0.23,1.5666666666666669,0.81,0.5826666666666666,0.5826666666666666,0.6080845262035995,3.191489361702127,1.190751192870266,12.675105003139644,0.5826666666666666,0.4040181634803894,3.191489361702127,0.986684830147056,13.269039962836834,-0.20406636272321016,0.20406636272321016,-0.2040663627232101,0.2040663627232101,0.5939349596971901,0.5939349596971901,0.03486713308723886,0.022341011770869647,0.8923852694375993,True,FULL,FULL_poly_rank_1
174,0.27,2.18,5.18,4.452999999999999,4.452999999999999,1.5717255574854088,2.293577981651376,6.024725557485408,14.53141002624948,4.452999999999999,1.570531612989181,2.293577981651376,6.0235316129891805,13.962060177801778,-0.0011939444962276724,0.0011939444962276724,-0.0011939444962276724,0.0011939444962276724,-0.5693498484477022,0.5693498484477022,0.019400154418916883,0.006221558041008741,0.9989279919999481,True,FULL,FULL_poly_rank_1
175,1.85,4.1125,17.29,16.4125,16.4125,14.29966321375646,1.21580547112462,30.71216321375646,2.100213453400296,16.4125,12.7427177760641,1.21580547112462,29.155217776064102,1.9063124159413367,-1.5569454376923595,1.5569454376923595,-1.5569454376923595,1.5569454376923595,-0.19390103745895937,0.19390103745895937,0.5825951694230929,0.37491722889204,0.9640224432250664,True,FULL,FULL_poly_rank_1
176,0.65,1.5766666666666669,0.57,0.478,0.478,1.612273609680621,3.1712473572938684,2.090273609680621,4.48569879514461,0.478,1.726351534321075,3.1712473572938684,2.204351534321075,3.842774821790219,0.11407792464045396,0.11407792464045396,0.11407792464045396,0.11407792464045396,-0.642923973354391,0.642923973354391,0.0521081708077991,0.03590767642756791,0.7050232720024803,True,FULL,FULL_poly_rank_1
177,1.47,2.6333333333333333,3.8,3.616,3.616,6.14964024424423,1.89873417721519,9.76564024424423,2.66832825839853,3.616,4.991978022344817,1.89873417721519,8.607978022344817,2.440006659296628,-1.1576622218994128,1.1576622218994128,-1.1576622218994128,1.1576622218994128,-0.22832159910190208,0.22832159910190208,0.203686315036959,0.14308637813378922,0.9181395042604202,True,FULL,FULL_poly_rank_1
178,2.12,4.1575,13.69,12.965,12.965,17.833183532648366,1.2026458208057729,30.79818353264837,1.8070468059221405,12.965,23.59222136955339,1.2026458208057729,36.55722136955339,1.5195603188165938,5.759037836905023,5.759037836905023,5.759037836905019,5.759037836905019,-0.2874864871055467,0.2874864871055467,0.6569723919007884,0.4240238552910276,0.9314130464707574,True,FULL,FULL_poly_rank_1
179,0.48,1.5666666666666669,0.88,0.6386666666666666,0.6386666666666666,2.2710172374402005,3.191489361702127,2.909683904106867,5.11752583659357,0.6386666666666666,2.8179268914440767,3.191489361702127,3.456593558110743,4.178423737374881,0.5469096540038763,0.5469096540038763,0.5469096540038763,0.5469096540038763,-0.9391020992186894,0.9391020992186894,0.07084841987085524,0.04421171339760836,0.7502951792547159,True,FULL,FULL_poly_rank_1
180,0.52,2.9225,5.54,4.727,4.727,2.527730037291942,1.710863986313088,7.254730037291942,6.676100463922199,4.727,1.4404282516482336,1.710863986313088,6.167428251648234,7.297040603177802,-1.0873017856437084,1.0873017856437084,-1.0873017856437084,1.0873017856437084,0.6209401392556027,0.6209401392556027,0.1623863010360154,0.10641789571025673,0.948012705945884,True,FULL,FULL_poly_rank_1
181,0.9,3.925,17.84,14.94,14.94,13.029435602700998,1.2738853503184715,27.969435602700997,3.4621547532157915,14.94,10.34105946655349,1.2738853503184715,25.28105946655349,3.3372175515823175,-2.6883761361475074,2.6883761361475074,-2.6883761361475074,2.6883761361475074,-0.124937201633474,0.124937201633474,0.5139092331698293,0.32314591680412824,0.9579445042973478,True,FULL,FULL_poly_rank_1
182,0.22,1.49,0.66,0.4575,0.4575,0.5513217275318822,3.3557046979865772,1.0088217275318825,12.75282127395527,0.4575,0.4833961589134328,3.3557046979865772,0.9408961589134328,12.279721599459556,-0.06792556861844945,0.06792556861844945,-0.06792556861844967,0.06792556861844967,-0.4730996744957139,0.4730996744957139,0.015740958519982588,0.009402074260450644,0.9688754507770178,True,FULL,FULL_poly_rank_1
183,1.93,3.1,4.22,4.0145,4.0145,10.822557992923612,1.6129032258064515,14.837057992923611,2.064879723343122,4.0145,8.03689600737118,1.6129032258064515,12.05139600737118,1.910574632649051,-2.785661985552432,2.785661985552432,-2.785661985552432,2.785661985552432,-0.15430509069407128,0.15430509069407128,0.2961916044061573,0.21572862631508766,0.8648286762360595,True,FULL,FULL_poly_rank_1
184,3.98,4.75,15.12,14.85,14.85,45.661479023586836,1.0526315789473684,60.51147902358684,1.247654255784918,14.85,82.03387717289196,1.0526315789473684,96.88387717289196,1.1071153390374668,36.37239814930513,36.37239814930513,36.37239814930512,36.37239814930512,-0.14053891674745111,0.14053891674745111,0.8655131486128276,0.5534667972897341,0.9006523056668472,True,FULL,FULL_poly_rank_1
185,0.13,1.5666666666666669,1.09,0.5446666666666667,0.5446666666666667,0.9576325699215577,3.191489361702127,1.5022992365882244,21.905585532286455,0.5446666666666667,0.617563694463319,3.191489361702127,1.1622303611299858,23.370837329354103,-0.3400688754582386,0.3400688754582386,-0.3400688754582386,0.3400688754582386,1.4652517970676477,1.4652517970676477,0.072683533559776,0.04415980326535622,0.8229137354345002,True,FULL,FULL_poly_rank_1
186,0.28,2.1775,5.16,3.81425,3.81425,3.130431077528114,2.296211251435132,6.944681077528114,11.220553160809676,3.81425,4.348527233701997,2.296211251435132,8.162777233701997,9.686155291768229,1.2180961561738832,1.2180961561738832,1.2180961561738828,1.2180961561738828,-1.534397869041447,1.534397869041447,0.17145343223400222,0.11141267515274937,0.9284294748503392,True,FULL,FULL_poly_rank_1
187,0.7,3.88,16.09,11.71,11.71,14.993697153202367,1.288659793814433,26.70369715320237,3.931657649182005,11.71,18.38170479723401,1.288659793814433,30.091704797234012,3.363214102911173,3.388007644031644,3.388007644031644,3.3880076440316422,3.3880076440316422,-0.5684435462708319,0.5684435462708319,0.23912512563428887,0.174798375037116,0.9883805834839443,True,FULL,FULL_poly_rank_1
188,1.1,2.06,0.64,0.593,0.593,1.513280437089641,2.4271844660194173,2.1062804370896413,3.268679989536249,0.593,1.2162702987597045,2.4271844660194173,1.8092702987597045,2.972446178119607,-0.2970101383299366,0.2970101383299366,-0.29701013832993683,0.29701013832993683,-0.29623381141664185,0.29623381141664185,0.04643439907137429,0.03316095652514422,0.8425450643945964,True,FULL,FULL_poly_rank_1
189,3.11,3.85,4.79,4.4285,4.4285,105.61771145632456,1.2987012987012987,110.04621145632456,1.3813754414682702,4.4285,49.70605146079613,1.2987012987012987,54.13455146079613,1.3350099631479186,-55.911659995528424,55.911659995528424,-55.911659995528424,55.911659995528424,-0.04636547832035154,0.04636547832035154,0.9110373203705353,0.6250416208046863,-0.06853807376231802,True,FULL,FULL_poly_rank_1
190,2.95,4.833333333333333,17.57,15.660000000000002,15.660000000000002,133.5433516563727,1.0344827586206895,149.2033516563727,1.194201194728314,15.660000000000002,109.38896150254364,1.0344827586206895,125.04896150254363,1.1009445622438696,-24.154390153829056,24.154390153829056,-24.154390153829056,24.154390153829056,-0.09325663248444438,0.09325663248444438,2.5867433315572166,1.9484725436069934,0.37789150258490734,True,FULL,FULL_poly_rank_1
191,0.1,1.64,1.15,0.5823333333333333,0.5823333333333333,0.8468851223123651,3.048780487804878,1.4292184556456984,32.276683117014976,0.5823333333333333,0.3484783746526683,3.048780487804878,0.9308117079860015,38.138384560785966,-0.49840674765969684,0.49840674765969684,-0.49840674765969684,0.49840674765969684,5.86170144377099,5.86170144377099,0.11659760966890302,0.06904463765935827,0.5416406172290051,True,FULL,FULL_poly_rank_1
192,0.26,2.06,5.06,2.78625,2.78625,5.537602820988881,2.4271844660194173,8.323852820988881,9.67711986223781,2.78625,8.40074971922117,2.4271844660194173,11.186999719221172,8.22099492856595,2.86314689823229,2.86314689823229,2.8631468982322907,2.8631468982322907,-1.456124933671859,1.456124933671859,0.3904372588945785,0.260103414081845,0.7630707993706719,True,FULL,FULL_poly_rank_1
193,0.48,3.91,15.79,12.4225,12.4225,7.40432598861948,1.278772378516624,19.82682598861948,7.151633571136485,12.4225,8.973175166302205,1.278772378516624,21.395675166302205,6.465191908918736,1.5688491776827256,1.5688491776827256,1.5688491776827256,1.5688491776827256,-0.6864416622177494,0.6864416622177494,0.2261701667544174,0.14587102736669688,0.9852434387080558,True,FULL,FULL_poly_rank_1
194,0.47,1.5599999999999998,0.9,0.6583333333333333,0.6583333333333333,2.1587521490528645,3.2051282051282053,2.8170854823861977,5.267358968714256,0.6583333333333333,2.6145990757063093,3.2051282051282053,3.2729324090396426,4.316179549529385,0.45584692665344484,0.45584692665344484,0.45584692665344484,0.45584692665344484,-0.9511794191848715,0.9511794191848715,0.06723073342727214,0.04135579969541743,0.7811075282056346,True,FULL,FULL_poly_rank_1
195,0.49,2.1875,5.79,4.2505,4.2505,7.336962282580967,2.2857142857142856,11.587462282580969,5.320972461121309,4.2505,13.293822341013788,2.2857142857142856,17.544322341013785,3.9876748899475425,5.956860058432821,5.956860058432821,5.956860058432817,5.956860058432817,-1.333297571173767,1.333297571173767,0.21286093441169016,0.16642902413727712,0.9366695772847641,True,FULL,FULL_poly_rank_1
196,1.09,3.86,17.51,14.9375,14.9375,16.553387035413166,1.2953367875647668,31.490887035413166,2.8169440230151195,14.9375,12.760121763877493,1.2953367875647668,27.697621763877493,2.6699253266875833,-3.793265271535674,3.793265271535674,-3.793265271535674,3.793265271535674,-0.14701869632753617,0.14701869632753617,0.6727973960258001,0.4341228579514152,0.9347386276866457,True,FULL,FULL_poly_rank_1
198,0.4,2.9125,5.46,4.44825,4.44825,2.4337808805815433,1.7167381974248928,6.882030880581543,8.688241808193261,4.44825,1.2807030158436632,1.7167381974248928,5.728953015843663,9.822729695593909,-1.15307786473788,1.15307786473788,-1.15307786473788,1.15307786473788,1.1344878874006472,1.1344878874006472,0.19741931311849514,0.1254586934477725,0.9088601090087088,True,FULL,FULL_poly_rank_1
199,2.66,4.3725000000000005,17.29,16.490000000000002,16.490000000000002,37.39926722177272,1.1435105774728416,53.88926722177272,1.504191322919805,16.490000000000002,34.34482327168338,1.1435105774728416,50.83482327168338,1.3546185633087937,-3.054443950089336,3.054443950089336,-3.054443950089336,3.054443950089336,-0.14957275961101124,0.14957275961101124,1.1030378435159416,0.7883053483247667,0.887938763835187,True,FULL,FULL_poly_rank_1
200,1.09,1.85,0.51,0.452,0.452,3.5013968656521643,2.702702702702702,3.953396865652164,3.161464776235545,0.452,3.2150586990272703,2.702702702702702,3.66705869902727,2.882460874445291,-0.2863381666248941,0.2863381666248941,-0.28633816662489364,0.28633816662489364,-0.2790039017902539,0.2790039017902539,0.07236204527892702,0.05421341777899579,0.411570018079638,True,FULL,FULL_poly_rank_1
201,4.54,28.00018033053748,3.73,3.372542584212134,3.372542584212134,0.9705608512144872,0.178570278511632,4.343103435426621,0.8969826858645201,3.372542584212134,2.2338211563916692,0.178570278511632,5.606363740603803,0.6737335191021523,1.263260305177182,1.263260305177182,1.263260305177182,1.263260305177182,-0.22324916676236783,0.22324916676236783,0.15850225607874058,0.10451573213933335,0.882880500468064,True,FULL,FULL_poly_rank_1
202,5.68,6.0,13.66,13.51,13.51,45.684267603740025,0.8333333333333334,59.19426760374002,0.9611956816495174,13.51,136.0539141670127,0.8333333333333334,149.56391416701268,0.8543954908167555,90.36964656327267,90.36964656327267,90.36964656327265,90.36964656327265,-0.10680019083276193,0.10680019083276193,0.7193076547111464,0.4373786720258731,0.9115298315150615,True,FULL,FULL_poly_rank_1
203,8.16,15.0,0.64,0.4826666666666666,0.4826666666666666,11.163229285157737,0.3333333333333333,11.645895951824402,0.3680224492093827,0.4826666666666666,10.10608714612254,0.3333333333333333,10.588753812789207,0.3423059370746703,-1.0571421390351965,1.0571421390351965,-1.0571421390351947,1.0571421390351947,-0.025716512134712433,0.025716512134712433,0.16820377516905585,0.128598165415031,-0.6604194246689254,True,FULL,FULL_poly_rank_1
204,9.63,15.0,1.15,0.9263333333333332,0.9263333333333332,31.67109901569681,0.3333333333333333,32.59743234903014,0.356302565715436,0.9263333333333332,26.782215496511032,0.3333333333333333,27.708548829844364,0.3384444275278359,-4.888883519185779,4.888883519185779,-4.888883519185779,4.888883519185779,-0.017858138187600126,0.017858138187600126,0.3369432108170792,0.25697887076682774,-0.8466271362154569,True,FULL,FULL_poly_rank_1
205,8.17,15.0,1.67,1.391,1.391,14.757831874738754,0.3333333333333333,16.148831874738754,0.3859250855203011,1.391,15.361063564509772,0.3333333333333333,16.752063564509772,0.3498699210616445,0.6032316897710182,0.6032316897710182,0.6032316897710182,0.6032316897710182,-0.036055164458656586,0.036055164458656586,0.2943959075300157,0.22132791289761208,0.08885447585529971,True,FULL,FULL_poly_rank_1
206,7.68,15.0,2.36,1.9943333333333333,1.9943333333333333,14.016889640854824,0.3333333333333333,16.011222974188158,0.404258783461519,1.9943333333333333,14.388731315083966,0.3333333333333333,16.3830646484173,0.3604004771667515,0.3718416742291417,0.3718416742291417,0.3718416742291417,0.3718416742291417,-0.0438583062947675,0.0438583062947675,0.33618270941113065,0.24839662132046797,0.3678435065572796,True,FULL,FULL_poly_rank_1
207,12.65,17.5,2.87,2.478,2.478,85.54466261294648,0.2857142857142857,88.02266261294648,0.3027127732951231,2.478,55.717173938910534,0.2857142857142857,58.195173938910536,0.2904550340379448,-29.827488674035948,29.827488674035948,-29.82748867403594,29.82748867403594,-0.012257739257178268,0.012257739257178268,0.7512644469223088,0.5440496730846953,-0.6231984570814968,True,FULL,FULL_poly_rank_1
209,0.55,3.75,0.015,0.014,0.014,0.0024195869070291,1.3333333333333333,0.0164195869070291,8.395940887010124,0.014,0.005304975606548,1.3333333333333333,0.019304975606548,6.586038017366719,0.0028853886995189003,0.0028853886995189003,0.0028853886995189003,0.0028853886995189003,-1.8099028696434045,1.8099028696434045,0.00041808136271736965,0.00027043445811533853,0.9461444113695603,True,FULL,FULL_poly_rank_1
210,0.73,3.75,0.017,0.0155,0.0155,0.0049950016940742,1.3333333333333333,0.0204950016940742,5.436911505105911,0.0155,0.0043069815466344,1.3333333333333333,0.0198069815466345,5.318748582213549,-0.0006880201474398001,0.0006880201474398001,-0.0006880201474397003,0.0006880201474397003,-0.11816292289236241,0.11816292289236241,0.00016821466060881608,9.894227166572938e-05,0.994417078062656,True,FULL,FULL_poly_rank_1
211,0.73,3.75,0.031,0.0205,0.0205,0.0421170527109933,1.3333333333333333,0.0626170527109933,3.3538139443417307,0.0205,0.1178347629557165,1.3333333333333333,0.1383347629557166,2.299842890172683,0.07571771024472321,0.07571771024472321,0.07571771024472329,0.07571771024472329,-1.0539710541690477,1.0539710541690477,0.0043042448044849435,0.003210801050902696,0.15133955541946476,True,FULL,FULL_poly_rank_1
212,0.56,4.25,0.032,0.0305,0.0305,0.0032729190185453,1.1764705882352942,0.0337729190185453,9.217143579218789,0.0305,0.031549256719825,1.1764705882352942,0.062049256719825,4.950197437523767,0.028276337701279703,0.028276337701279703,0.0282763377012797,0.0282763377012797,-4.266946141695022,4.266946141695022,0.004439071067673341,0.002827828866219533,-0.42993096288220944,True,FULL,FULL_poly_rank_1
213,0.61,4.25,0.036,0.032,0.032,0.0097117896904809,1.1764705882352942,0.0417117896904809,6.613265489413038,0.032,0.0516082217606232,1.1764705882352942,0.0836082217606233,3.955054866527556,0.0418964320701423,0.0418964320701423,0.041896432070142396,0.041896432070142396,-2.6582106228854823,2.6582106228854823,0.005867343495912206,0.0038596796149239663,-0.8673967150834927,True,FULL,FULL_poly_rank_1
214,0.8,4.25,0.041,0.0365,0.0365,0.0146135447707714,1.1764705882352942,0.0511135447707714,4.687843076991533,0.0365,0.0484657488487206,1.1764705882352942,0.0849657488487206,3.0820571129393324,0.0338522040779492,0.0338522040779492,0.0338522040779492,0.0338522040779492,-1.6057859640522008,1.6057859640522008,0.0032949328556984743,0.0022631066006457414,0.6223217989736503,True,FULL,FULL_poly_rank_1
215,0.85,4.25,0.053,0.0412499999999999,0.0412499999999999,0.0449535990108785,1.1764705882352942,0.0862035990108784,3.4008265344224067,0.0412499999999999,0.1419968081949897,1.1764705882352942,0.1832468081949896,2.227538132666075,0.09704320918411119,0.09704320918411119,0.09704320918411119,0.09704320918411119,-1.1732884017563316,1.1732884017563316,0.006490717234877174,0.004736414575545598,0.20221538425009566,True,FULL,FULL_poly_rank_1
216,1.18,4.75,0.072,0.06875,0.06875,0.0144953537063408,1.0526315789473684,0.0832453537063408,3.803418428356459,0.06875,0.0427173108514389,1.0526315789473684,0.1114673108514389,2.6468828470644894,0.0282219571450981,0.0282219571450981,0.028221957145098106,0.028221957145098106,-1.1565355812919695,1.1565355812919695,0.0020909334955910275,0.0015272868252619153,0.9596763186706739,True,FULL,FULL_poly_rank_1
217,1.07,4.75,0.082,0.07425,0.07425,0.0316745022212473,1.0526315789473684,0.1059245022212473,3.494012368300583,0.07425,0.0970803713714798,1.0526315789473684,0.1713303713714798,2.323510392619806,0.0654058691502325,0.0654058691502325,0.0654058691502325,0.0654058691502325,-1.1705019756807769,1.1705019756807769,0.004555479796529287,0.0032684442943572713,0.8415339185228958,True,FULL,FULL_poly_rank_1
218,0.99,4.75,0.091,0.0815,0.0815,0.0350845623553453,1.0526315789473684,0.1165845623553453,3.740061038065954,0.0815,0.1187435895620969,1.0526315789473684,0.2002435895620969,2.422335665685931,0.08365902720675158,0.08365902720675158,0.0836590272067516,0.0836590272067516,-1.3177253723800226,1.3177253723800226,0.0067081944650974595,0.004719607440372413,0.7045356447274846,True,FULL,FULL_poly_rank_1
219,1.33,4.75,0.123,0.109,0.109,0.0845437839006371,1.0526315789473684,0.1935437839006371,2.512415047002486,0.109,0.1971074405252227,1.0526315789473684,0.3061074405252227,1.7775348936667932,0.11256365662458559,0.11256365662458559,0.11256365662458562,0.11256365662458562,-0.734880153335693,0.734880153335693,0.003710659997543129,0.0029593867251529603,0.9597659121739898,True,FULL,FULL_poly_rank_1
220,0.57,3.0,0.057,0.045,0.045,0.0423378142666348,1.6666666666666667,0.0873378142666348,5.252909248352316,0.045,0.1858098772658128,1.6666666666666667,0.2308098772658128,3.1812751167759403,0.143472062999178,0.143472062999178,0.14347206299917803,0.14347206299917803,-2.071634131576376,2.071634131576376,0.01095345845439235,0.007917957452068618,-1.0529345634622254,True,FULL,FULL_poly_rank_1
221,0.74,3.0,0.052,0.0426666666666666,0.0426666666666666,0.0483380999196384,1.6666666666666667,0.091004766586305,3.990648101805694,0.0426666666666666,0.1644133907603345,1.6666666666666667,0.2070800574270011,2.55666735655433,0.11607529084069611,0.11607529084069611,0.11607529084069611,0.11607529084069611,-1.4339807452513638,1.4339807452513638,0.004010222381233061,0.003065448508451333,0.7145530124085882,True,FULL,FULL_poly_rank_1
222,1.17,3.75,0.042,0.037,0.037,0.0379972465016185,1.3333333333333333,0.0749972465016185,2.7555455668379523,0.037,0.0593955702733642,1.3333333333333333,0.0963955702733642,2.159245708866349,0.0213983237717457,0.0213983237717457,0.021398323771745706,0.021398323771745706,-0.5962998579716032,0.5962998579716032,0.001114486869509457,0.0006629294346450879,0.9709836931707716,True,FULL,FULL_poly_rank_1
223,2.7,4.333333333333333,0.036,0.0356666666666666,0.0356666666666666,0.012315781767816,1.153846153846154,0.0479824484344826,2.0063850757344786,0.0356666666666666,0.0200451005096895,1.153846153846154,0.0557117671763561,1.6691975561613297,0.007729318741873499,0.007729318741873499,0.007729318741873499,0.007729318741873499,-0.33718751957314885,0.33718751957314885,0.0009008119879786542,0.00051956623384329,0.9832205355368817,True,FULL,FULL_poly_rank_1
224,0.75,3.5,0.022,0.02125,0.02125,0.0026705992767688,1.4285714285714286,0.0239205992767688,6.637578410976577,0.02125,0.0035639766431008,1.4285714285714286,0.0248139766431009,5.909017825690345,0.0008933773663319998,0.0008933773663319998,0.0008933773663321008,0.0008933773663321008,-0.7285605852862318,0.7285605852862318,0.0001659769036339395,9.104182225218355e-05,0.9969314728577582,True,FULL,FULL_poly_rank_1
225,1.15,3.5,0.021,0.02,0.02,0.0073958891535081,1.4285714285714286,0.0273958891535081,3.6113543932907137,0.02,0.0005854937729034,1.4285714285714286,0.0205854937729034,5.732341431728428,-0.006810395380604699,0.006810395380604699,-0.006810395380604701,0.006810395380604701,2.1209870384377143,2.1209870384377143,0.0005847170669124632,0.0004066528667491879,0.9698996467502632,True,FULL,FULL_poly_rank_1
228,0.7,3.0,0.059,0.0456666666666666,0.0456666666666666,0.0656740182268081,1.6666666666666667,0.1113406848934747,3.9285722676402535,0.0456666666666666,0.2407205240767738,1.6666666666666667,0.2863871907434405,2.4860810587969637,0.1750465058499657,0.1750465058499657,0.17504650584996578,0.17504650584996578,-1.4424912088432897,1.4424912088432897,0.006223222341155771,0.004761467824772087,0.4649598361037095,True,FULL,FULL_poly_rank_1
229,0.8,3.75,0.039,0.03775,0.03775,0.0044128695173391,1.3333333333333333,0.0421628695173391,6.31959788609588,0.03775,0.0201862001900826,1.3333333333333333,0.0579362001900826,4.035605034555321,0.015773330672743502,0.015773330672743502,0.015773330672743502,0.015773330672743502,-2.2839928515405594,2.2839928515405594,0.00155239152430158,0.0010850511416449506,0.9140723380512091,True,FULL,FULL_poly_rank_1
230,1.1,3.75,0.031,0.03025,0.03025,0.004226216061608,1.3333333333333333,0.034476216061608,4.574641618565765,0.03025,0.0006170357598013,1.3333333333333333,0.0308670357598013,6.302179266240702,-0.0036091803018066995,0.0036091803018066995,-0.003609180301806701,0.003609180301806701,1.7275376476749376,1.7275376476749376,0.0006108966623490596,0.0003396750246940448,0.9831924018196644,True,FULL,FULL_poly_rank_1
234,0.99,3.0,0.523,0.4803333333333333,0.4803333333333333,0.3422582854093307,1.6666666666666667,0.822591618742664,3.6102895519762694,0.4803333333333333,0.1719507087578513,1.6666666666666667,0.6522840420911846,3.8623444445124377,-0.1703075766514794,0.1703075766514794,-0.17030757665147933,0.17030757665147933,0.2520548925361683,0.2520548925361683,0.016031818218669353,0.011354696828291584,0.9632889225138631,True,FULL,FULL_poly_rank_1
235,1.49,3.0,0.929,0.87,0.87,1.3911680147990315,1.6666666666666667,2.261168014799032,2.4688599946843404,0.87,0.7518034195974749,1.6666666666666667,1.6218034195974749,2.4378934006184516,-0.6393645952015566,0.6393645952015566,-0.639364595201557,0.639364595201557,-0.030966594065888753,0.030966594065888753,0.04848470370685003,0.034906568992920425,0.9169264225211383,True,FULL,FULL_poly_rank_1
236,2.48,3.5,1.278,1.2245,1.2245,4.974718816480315,1.4285714285714286,6.199218816480315,1.7047169871616714,1.2245,3.4116607512713193,1.4285714285714286,4.636160751271319,1.5972354375065492,-1.5630580652089954,1.5630580652089954,-1.5630580652089954,1.5630580652089954,-0.10748154965512224,0.10748154965512224,0.1018305238712608,0.07163522384858835,0.8149919932625678,True,FULL,FULL_poly_rank_1
238,1.16,3.0,0.606,0.5299999999999999,0.5299999999999999,0.9995028593983644,1.6666666666666667,1.5295028593983642,2.6762963684092975,0.5299999999999999,0.7904921473841865,1.6666666666666667,1.3204921473841864,2.436279009378755,-0.20901071201417787,0.20901071201417787,-0.20901071201417776,0.20901071201417776,-0.24001735903054255,0.24001735903054255,0.03722833920431279,0.025235472555818816,0.8629298289430815,True,FULL,FULL_poly_rank_1
239,2.0,3.5,0.785,0.745,0.745,1.4880839300345443,1.4285714285714286,2.2330839300345446,1.9471028822830023,0.745,1.1002964046657224,1.4285714285714286,1.8452964046657223,1.8036780981643945,-0.3877875253688219,0.3877875253688219,-0.38778752536882233,0.38778752536882233,-0.14342478411860782,0.14342478411860782,0.04653781049812571,0.03324556038383843,0.9004109132451024,True,FULL,FULL_poly_rank_1
240,1.84,3.0,1.067,0.9266666666666667,0.9266666666666667,11.34965538746409,1.6666666666666667,12.276322054130755,1.8769974838423913,0.9266666666666667,7.099334697278954,1.6666666666666667,8.026001363945621,1.76427519695642,-4.250320690185135,4.250320690185135,-4.250320690185134,4.250320690185134,-0.11272228688597119,0.11272228688597119,0.1921785093548723,0.14615798047462036,0.09508039921354228,True,FULL,FULL_poly_rank_1
241,2.5,3.5,1.53,1.435,1.435,11.191062390354295,1.4285714285714286,12.626062390354296,1.6206039521105755,1.435,6.021491483277401,1.4285714285714286,7.456491483277401,1.5455545716829768,-5.169570907076894,5.169570907076894,-5.169570907076895,5.169570907076895,-0.07504938042759868,0.07504938042759868,0.1800596099477658,0.12857050719042992,0.5834331259725505,True,FULL,FULL_poly_rank_1
242,1.28,13.0,0.381,0.236,0.236,0.2798827945510767,0.3846153846153846,0.5158827945510767,2.332154177278262,0.236,1.0041919110953748,0.3846153846153846,1.2401919110953747,1.7194651695322012,0.7243091165442981,0.7243091165442981,0.7243091165442981,0.7243091165442981,-0.6126890077460607,0.6126890077460607,0.1333143842994477,0.08396167235314632,-5.618182354238837,True,FULL,FULL_poly_rank_1
243,1.94,13.0,1.479,1.139,1.139,0.9051763320711632,0.3846153846153846,2.0441763320711632,1.6142343389282214,1.139,1.3832003384217793,0.3846153846153846,2.5222003384217793,1.3361990150749037,0.47802400635061604,0.47802400635061604,0.47802400635061604,0.47802400635061604,-0.27803532385331775,0.27803532385331775,0.05698659170782987,0.03795023615335883,0.9065961329159946,True,FULL,FULL_poly_rank_1
244,2.29,13.0,30.401,2.493,2.493,191.4872115140508,0.3846153846153846,193.9802115140508,0.5794840127037909,2.493,154.92301188331484,0.3846153846153846,157.41601188331484,0.5387576069461516,-36.56419963073597,36.56419963073597,-36.56419963073597,36.56419963073597,-0.040726405757639306,0.040726405757639306,4.563820677955523,3.1849100642487524,0.7693518845553775,True,FULL,FULL_poly_rank_1
245,3.95,13.0,5.488,4.171,4.171,11.473466241634494,0.3846153846153846,15.644466241634497,0.6512771868667829,4.171,10.665124566660063,0.3846153846153846,14.836124566660065,0.5659849017033612,-0.8083416749744305,0.8083416749744305,-0.8083416749744323,0.8083416749744323,-0.08529228516342169,0.08529228516342169,0.40264372736254656,0.26100664073135876,0.7825441915742462,True,FULL,FULL_poly_rank_1
246,0.34,13.0,0.306,0.104,0.104,0.238125551076079,0.3846153846153846,0.342125551076079,11.465962069935722,0.104,0.4955778598517122,0.3846153846153846,0.5995778598517122,10.736585848486808,0.2574523087756332,0.2574523087756332,0.2574523087756332,0.2574523087756332,-0.7293762214489146,0.7293762214489146,0.0682103468526059,0.03880262538554199,-0.6237500459651204,True,FULL,FULL_poly_rank_1
247,0.55,13.0,1.422,0.768,0.768,0.854926430267495,0.3846153846153846,1.622926430267495,6.829794290098721,0.768,0.7017970377525189,0.3846153846153846,1.469797037752519,7.00539151698308,-0.15312939251497615,0.15312939251497615,-0.15312939251497615,0.15312939251497615,0.17559722688435908,0.17559722688435908,0.03876830193193759,0.022416801443143883,0.9602214176177533,True,FULL,FULL_poly_rank_1
248,1.07,13.0,2.417,1.547,1.547,1.4889207977309928,0.3846153846153846,3.0359207977309928,3.0462519251595546,1.547,0.9646115763252732,0.3846153846153846,2.511611576325273,3.28293718915649,-0.5243092214057197,0.5243092214057197,-0.5243092214057197,0.5243092214057197,0.23668526399693546,0.23668526399693546,0.11355350777062134,0.06867825555122918,0.8646420904091138,True,FULL,FULL_poly_rank_1
249,1.08,13.0,4.482,3.316,3.316,1.9761134955053168,0.3846153846153846,5.292113495505316,3.3738748448845737,3.316,0.1085625387234374,0.3846153846153846,3.4245625387234373,6.146458018839501,-1.8675509567818793,1.8675509567818793,-1.867550956781879,1.867550956781879,2.772583173954927,2.772583173954927,0.3925629891377221,0.23494437689944983,0.39318365983477555,True,FULL,FULL_poly_rank_1
250,0.1,15.0,0.367,0.136,0.136,0.2402542971419538,0.3333333333333333,0.3762542971419538,56.09759499434641,0.136,0.5965053931584402,0.3333333333333333,0.7325053931584402,53.093901068965536,0.3562510960164864,0.3562510960164864,0.3562510960164864,0.3562510960164864,-3.0036939253808725,3.0036939253808725,0.09710946042559822,0.054561902553532174,-1.9302689401365165,True,FULL,FULL_poly_rank_1
251,0.67,15.0,1.297,0.843,0.843,0.5998183417647385,0.3333333333333333,1.4428183417647384,6.0080454699914485,0.843,0.9656645995897304,0.3333333333333333,1.8086645995897304,5.436815980553837,0.3658462578249919,0.3658462578249919,0.3658462578249919,0.3658462578249919,-0.5712294894376111,0.5712294894376111,0.09073785363197277,0.05279001061073116,0.6404883508476118,True,FULL,FULL_poly_rank_1
252,0.78,15.0,3.232,2.23,2.23,1.3862854300913423,0.3333333333333333,3.6162854300913425,5.115435733153055,2.23,0.4873300153762807,0.3333333333333333,2.7173300153762807,6.305834848518411,-0.8989554147150616,0.8989554147150616,-0.8989554147150618,0.8989554147150618,1.1903991153653557,1.1903991153653557,0.21773882916002965,0.12736929387310356,0.6376595133465517,True,FULL,FULL_poly_rank_1
253,2.08,15.0,4.233,3.386,3.386,2.0681407318693763,0.3333333333333333,5.454140731869376,1.6219591173534793,3.386,1.217341494433418,0.3333333333333333,4.603341494433418,1.777543875944778,-0.8507992374359583,0.8507992374359583,-0.8507992374359583,0.8507992374359583,0.1555847585912986,0.1555847585912986,0.14711971892989786,0.09364168328000741,0.9175436055722523,True,FULL,FULL_poly_rank_1
254,0.42,15.0,0.464,0.223,0.223,0.286841251907236,0.3333333333333333,0.509841251907236,9.785018691865965,0.223,0.8142396241325077,0.3333333333333333,1.0372396241325077,8.667192217525727,0.5273983722252717,0.5273983722252717,0.5273983722252717,0.5273983722252717,-1.1178264743402373,1.1178264743402373,0.1389883149147157,0.07923043958724063,-3.282466597597584,True,FULL,FULL_poly_rank_1
255,1.34,15.0,1.532,0.812,0.812,1.3202731944591186,0.3333333333333333,2.1322731944591187,2.118955632610797,0.812,1.6710624066695523,0.3333333333333333,2.4830624066695526,1.9453317286716696,0.3507892122104337,0.3507892122104337,0.3507892122104339,0.3507892122104339,-0.1736239039391272,0.1736239039391272,0.06589496218381884,0.04116690337504962,0.9210783393092257,True,FULL,FULL_poly_rank_1
256,1.56,15.0,2.845,1.821,1.821,2.049502462074934,0.3333333333333333,3.870502462074933,1.917214666999875,1.821,1.812564830417273,0.3333333333333333,3.633564830417273,1.892192050200488,-0.2369376316576608,0.2369376316576608,-0.23693763165766013,0.23693763165766013,-0.025022616799387,0.025022616799387,0.053842695789160684,0.0321854663631992,0.9798923494346418,True,FULL,FULL_poly_rank_1
257,1.9,15.0,4.37,3.015,3.015,3.1599174946212627,0.3333333333333333,6.174917494621263,1.5540138559861083,3.015,2.2523820651013664,0.3333333333333333,5.2673820651013665,1.6090028279355102,-0.9075354295198963,0.9075354295198963,-0.9075354295198963,0.9075354295198963,0.05498897194940189,0.05498897194940189,0.1693237278078363,0.10640449362772265,0.9119451001452383,True,FULL,FULL_poly_rank_1
258,2.09,15.0,55.263,3.813,3.813,190.18212243089908,0.3333333333333333,193.99512243089907,0.7174733228095233,3.813,188.53633862869137,0.3333333333333333,192.34933862869136,0.693318385111142,-1.645783802207717,1.645783802207717,-1.645783802207717,1.645783802207717,-0.024154937698381285,0.024154937698381285,1.0971139565008778,0.631409364854623,0.9958981691988933,True,FULL,FULL_poly_rank_1
284,0.27,1.6652089623887931,2.655,1.3036485066778338,1.3036485066778338,4.61028992899217,3.002626164602998,5.913938435670004,7.913618795998358,1.3036485066778338,7.189611004925189,3.002626164602998,8.493259511603023,6.453805713534782,2.579321075933019,2.579321075933019,2.579321075933019,2.579321075933019,-1.459813082463576,1.459813082463576,0.18976394566846036,0.13731530763349967,0.8463031399297801,True,FULL,FULL_poly_rank_1
285,0.5,3.083720300719987,2.417,0.6555920235894309,0.6555920235894309,7.127781251237852,1.621418128885619,7.783373274827283,3.420782268328867,0.6555920235894309,5.749552789843634,1.621418128885619,6.405144813433065,3.1921877507087135,-1.378228461394218,1.378228461394218,-1.378228461394218,1.378228461394218,-0.2285945176201536,0.2285945176201536,0.22770108900226319,0.1487339971945536,0.8554659211725711,True,FULL,FULL_poly_rank_1
286,0.88,5.4273477292671775,5.477,2.848434309388562,2.848434309388562,8.806082929225237,0.9212603005031926,11.6545172386138,2.5046228694450243,2.848434309388562,6.120525575864141,0.9212603005031926,8.968959885252703,2.481472072828597,-2.685557353361096,2.685557353361096,-2.685557353361096,2.685557353361096,-0.02315079661642727,0.02315079661642727,0.4176555752349778,0.2727479894021553,0.809530875455534,True,FULL,FULL_poly_rank_1
287,0.29,1.7885577744175924,3.214,1.959240530267265,1.959240530267265,3.9894927128527247,2.7955484980786536,5.94873324311999,8.412171305906568,1.959240530267265,6.099503223627855,2.7955484980786536,8.05874375389512,6.842911860793736,2.1100105107751306,2.1100105107751306,2.1100105107751306,2.1100105107751306,-1.5692594451128326,1.5692594451128326,0.1778135250969343,0.12535110306222844,0.8706077099094571,True,FULL,FULL_poly_rank_1
288,0.44,2.7136738646335887,3.179,1.959240530267265,1.959240530267265,3.8637545585443656,1.8425206010063853,5.822995088811631,5.589277438658442,1.959240530267265,3.1070229586668523,1.8425206010063853,5.066263488934117,5.395729136954085,-0.7567315998775133,0.7567315998775133,-0.7567315998775133,0.7567315998775133,-0.19354830170435733,0.19354830170435733,0.142390163586298,0.0895084351660402,0.9136306000856761,True,FULL,FULL_poly_rank_1
289,0.44,2.7136738646335887,5.856,2.848434309388562,2.848434309388562,10.290924987900752,1.8425206010063853,13.139359297289314,4.832563228905287,2.848434309388562,14.541799315386111,1.8425206010063853,17.390233624774673,4.024900799691436,4.250874327485359,4.250874327485359,4.250874327485359,4.250874327485359,-0.8076624292138508,0.8076624292138508,0.2846039743544856,0.20547004128364724,0.9298871168048187,True,FULL,FULL_poly_rank_1
291,0.42,2.590325052604789,4.293,1.959240530267265,1.959240530267265,8.144262348078403,1.9302596772447849,10.103502878345669,4.906645401620717,1.959240530267265,9.929816336880249,1.9302596772447849,11.889056867147511,4.223091169756323,1.785553988801846,1.785553988801846,1.7855539888018424,1.7855539888018424,-0.6835542318643943,0.6835542318643943,0.09039666645806782,0.06908144554447365,0.987942926956752,True,FULL,FULL_poly_rank_1
292,0.27,1.6652089623887931,1.816,0.6555920235894309,0.6555920235894309,4.340373544875488,3.002626164602998,4.99596556846492,6.93036783035678,0.6555920235894309,5.7277728817063,3.002626164602998,6.383364905295731,5.915315649509683,1.3873993368308115,1.3873993368308115,1.3873993368308115,1.3873993368308115,-1.0150521808470971,1.0150521808470971,0.06793698763394386,0.05053245824523339,0.9709963340879323,True,FULL,FULL_poly_rank_1
293,0.55,3.392092330791986,3.752,1.3488617496840016,1.3488617496840016,8.999404803617814,1.4740164808051082,10.348266553301816,3.397073578572742,1.3488617496840016,7.766240294879491,1.4740164808051082,9.115102044563493,3.140377115296946,-1.233164508738323,1.233164508738323,-1.233164508738323,1.233164508738323,-0.25669646327579576,0.25669646327579576,0.25629841251732977,0.16125233998887045,0.9036997118658872,True,FULL,FULL_poly_rank_1
295,1.2,7.400928721727968,0.0307,0.0217962758401608,0.0217962758401608,0.0268208917452208,0.6755908870356747,0.0486171675853816,2.3157906832156443,0.0217962758401608,0.0174041767743496,0.6755908870356747,0.0392004526145104,2.413159758564496,-0.009416714970871203,0.009416714970871203,-0.009416714970871203,0.009416714970871203,0.09736907534885164,0.09736907534885164,0.0015084699358435159,0.0009796717536278206,0.8696667099042762,True,FULL,FULL_poly_rank_1
296,2.0,12.334881202879949,0.131,0.0508579769603752,0.0508579769603752,0.2935284290129898,0.4053545322214048,0.344386405973365,0.9614433155844516,0.0508579769603752,0.1654802954268147,0.4053545322214048,0.2163382723871899,0.9815205240979172,-0.12804813358617512,0.12804813358617512,-0.12804813358617512,0.12804813358617512,0.020077208513465616,0.020077208513465616,0.016951326854444396,0.011389241657652302,0.6255396560925395,True,FULL,FULL_poly_rank_1
297,1.8,11.101393082591954,0.046,0.0145308505601072,0.0145308505601072,0.1222071066849876,0.4503939246904497,0.1367379572450948,0.9937795159488002,0.0145308505601072,0.1193763725221213,0.4503939246904497,0.1339072230822285,0.8968660573073597,-0.002830734162866305,0.002830734162866305,-0.002830734162866305,0.002830734162866305,-0.09691345864144052,0.09691345864144052,0.0022348678930410866,0.0012813772726782842,0.956752450024453,True,FULL,FULL_poly_rank_1
302,0.75,4.625580451079981,0.055,0.0153092991217785,0.0153092991217785,0.1595143577214117,1.080945419257079,0.1748236568431902,2.2969478423570417,0.0153092991217785,0.2679622107501775,1.080945419257079,0.283271509871956,1.923301518572968,0.1084478530287658,0.1084478530287658,0.10844785302876578,0.10844785302876578,-0.3736463237840737,0.3736463237840737,0.006660546444960718,0.004958764567507288,0.7567145947687102,True,FULL,FULL_poly_rank_1
303,0.91,5.612370947310377,0.041,0.0153092991217785,0.0153092991217785,0.0951653865132687,0.8908890818052851,0.1104746856350472,2.0818876302589207,0.0153092991217785,0.1472102297339673,0.8908890818052851,0.1625195288557458,1.7269899774672757,0.052044843220698606,0.052044843220698606,0.052044843220698606,0.052044843220698606,-0.354897652791645,0.354897652791645,0.003296197271105287,0.002436721758697354,0.8613526112301277,True,FULL,FULL_poly_rank_1
304,1.87,11.533113924692753,0.046,0.0153092991217785,0.0153092991217785,0.1174680513670647,0.4335342590603259,0.1327773504888432,0.9728764088168116,0.0153092991217785,0.0850530976645528,0.4335342590603259,0.1003623967863314,0.9304210094221586,-0.032414953702511906,0.032414953702511906,-0.03241495370251181,0.03241495370251181,-0.04245539939465304,0.04245539939465304,0.004777012037458231,0.0031574868364522054,0.7931606457091872,True,FULL,FULL_poly_rank_1
305,2.17,13.383346105124744,0.042,0.0153092991217785,0.0153092991217785,0.0995579974430193,0.373598647208668,0.1148672965647978,0.8653228395367738,0.0153092991217785,0.0768186728431705,0.373598647208668,0.092127971964949,0.8191179306976988,-0.0227393245998488,0.0227393245998488,-0.0227393245998488,0.0227393245998488,-0.04620490883907502,0.04620490883907502,0.0036753488078582735,0.0023932901229618,0.8397534499025261,True,FULL,FULL_poly_rank_1
311,1.45,8.942788872087963,1.14,0.7935883525311068,0.7935883525311068,1.051107361858608,0.5591096996157306,1.844695714389715,1.879665749713435,0.7935883525311068,1.2375522537792951,0.5591096996157306,2.031140606310402,1.6450844323657916,0.18644489192068714,0.18644489192068714,0.18644489192068714,0.18644489192068714,-0.23458131734764343,0.23458131734764343,0.01516502618086325,0.010945600216925944,0.9907226908219949,True,FULL,FULL_poly_rank_1
314,1.8,11.101393082591954,3.8,2.3726672172613705,2.3726672172613705,4.501119428750482,0.4503939246904497,6.873786646011853,1.379736428464202,2.3726672172613705,3.173761715691322,0.4503939246904497,5.546428932952693,1.3843307081881695,-1.3273577130591603,1.3273577130591603,-1.3273577130591603,1.3273577130591603,0.0045942797239675315,0.0045942797239675315,0.2166261571638138,0.14013343310258283,0.8570303719300222,True,FULL,FULL_poly_rank_1
316,1.1,6.784184661583972,1.23,0.5909609098097346,0.5909609098097346,2.195000047586552,0.7370082404025541,2.7859609573962865,1.920963652491806,0.5909609098097346,2.273557374040368,0.7370082404025541,2.8645182838501024,1.7146765409707896,0.07855732645381597,0.07855732645381597,0.07855732645381597,0.07855732645381597,-0.2062871115210163,0.2062871115210163,0.030803736099041124,0.014739437164290336,0.981704257932842,True,FULL,FULL_poly_rank_1
317,0.75,4.625580451079981,0.94,0.7727950359050375,0.7727950359050375,0.4751593936736535,1.080945419257079,1.247954429578691,4.459377299507828,0.7727950359050375,0.0192692690965814,1.080945419257079,0.792064305001619,8.837316405546147,-0.4558901245770721,0.4558901245770721,-0.4558901245770721,0.4558901245770721,4.377939106038319,4.377939106038319,0.06542944066451441,0.04248255096943415,0.693307090802824,True,FULL,FULL_poly_rank_1
320,1.3,8.017672781871967,3.7,1.9806931592524069,1.9806931592524069,5.70674005649928,0.6236223572636995,7.687433215751687,1.723838260148718,1.9806931592524069,3.56469261749251,0.6236223572636995,5.545385776744917,1.7628971310906822,-2.14204743900677,2.14204743900677,-2.1420474390067703,2.1420474390067703,0.03905887094196414,0.03905887094196414,0.3165181439188391,0.20869824722659402,0.7494056115939907,True,FULL,FULL_poly_rank_1
321,1.5,9.25116090215996,2.94,0.5553062574145964,0.5553062574145964,10.568278952724356,0.5404727096285398,11.123585210138952,1.04691166819964,0.5553062574145964,5.883916951368475,0.5404727096285398,6.439223208783071,1.0314424647099418,-4.684362001355881,4.684362001355881,-4.684362001355881,4.684362001355881,-0.015469203489698158,0.015469203489698158,0.5310925861037215,0.36521115856684216,0.5676711064063376,True,FULL,FULL_poly_rank_1
322,1.7,10.484649022447956,1.47,1.1106125148291928,1.1106125148291928,1.0572811334663703,0.4768876849663586,2.1678936482955633,1.7502458150213789,1.1106125148291928,1.1230851916680047,0.4768876849663586,2.2336977064971975,1.589529588669775,0.06580405820163437,0.06580405820163437,0.06580405820163415,0.06580405820163415,-0.16071622635160399,0.16071622635160399,0.01400934081129062,0.0069722727453890125,0.9946749746992106,True,FULL,FULL_poly_rank_1
323,1.7,10.484649022447956,7.35,2.2212250296583855,2.2212250296583855,20.160376750419932,0.4768876849663586,22.381601780078316,1.0379375597762583,2.2212250296583855,12.913469174993423,0.4768876849663586,15.13469420465181,1.0140071387764908,-7.246907575426508,7.246907575426508,-7.246907575426507,7.246907575426507,-0.0239304209997675,0.0239304209997675,0.95785219016336,0.6438544855740536,0.6999992026778963,True,FULL,FULL_poly_rank_1
327,0.1,0.6167440601439975,0.08,0.0796743371481683,0.0796743371481683,0.0008090983306987,8.107090644428094,0.080483435478867,77.68977402204777,0.0796743371481683,0.0425283000294782,8.107090644428094,0.1222026371776465,32.56816016509057,0.041719201698779504,0.041719201698779504,0.041719201698779504,0.041719201698779504,-45.121613856957204,45.121613856957204,0.005938131690940044,0.003900463942647001,0.5946500217088737,True,FULL,FULL_poly_rank_1
330,1.1,6.784184661583972,0.025,0.0202072594216368,0.0202072594216368,0.0137190748784508,0.7370082404025541,0.0339263343000876,2.9611290302817843,0.0202072594216368,0.0042265881501434,0.7370082404025541,0.0244338475717802,3.8303627973043857,-0.009492486728307398,0.009492486728307398,-0.009492486728307402,0.009492486728307402,0.8692337670226014,0.8692337670226014,0.001396071991533292,0.0009079583121584815,0.804826593823734,True,FULL,FULL_poly_rank_1
331,1.25,7.709300751799968,0.047,0.0398371685740841,0.0398371685740841,0.0200809505252075,0.6485672515542477,0.0599181190992916,2.820311710406355,0.0398371685740841,0.0288458136002641,0.6485672515542477,0.0686829821743482,2.3840180294277977,0.008764863075056601,0.008764863075056601,0.008764863075056605,0.008764863075056605,-0.43629368097855714,0.43629368097855714,0.0009796344101951583,0.000661389788323108,0.972089377325313,True,FULL,FULL_poly_rank_1
332,1.2,7.400928721727968,0.05,0.0398371685740841,0.0398371685740841,0.0292663957131568,0.6755908870356747,0.0691035642872409,2.6576864448773354,0.0398371685740841,0.052949012253007,0.6755908870356747,0.0927861808270911,2.0802959113477155,0.0236826165398502,0.0236826165398502,0.023682616539850196,0.023682616539850196,-0.5773905335296199,0.5773905335296199,0.002604559892678835,0.0017593299317629682,0.8320812619190228,True,FULL,FULL_poly_rank_1
333,1.6,9.86790496230396,0.093,0.0796743371481683,0.0796743371481683,0.0371742575975103,0.5066931652767559,0.1168485947456786,2.2486028629786348,0.0796743371481683,0.1058279337730268,0.5066931652767559,0.1855022709211951,1.5605183673933274,0.06865367617551649,0.06865367617551649,0.06865367617551649,0.06865367617551649,-0.6880844955853074,0.6880844955853074,0.00817830846442952,0.0054852360388277085,0.5014483555528219,True,FULL,FULL_poly_rank_1
334,2.5,15.418601503599936,0.1,0.0796743371481683,0.0796743371481683,0.0585327914263222,0.3242836257771238,0.1382071285744905,1.275689493540873,0.0796743371481683,0.0266679016488231,0.3242836257771238,0.1063422387969914,1.4866215396119993,-0.0318648897774991,0.0318648897774991,-0.0318648897774991,0.0318648897774991,0.21093204607112637,0.21093204607112637,0.004817232726750103,0.0031460597580431366,0.856396267011954,True,FULL,FULL_poly_rank_1
335,1.8,11.101393082591954,0.233,0.1991858428704208,0.1991858428704208,0.0944249962521731,0.4503939246904497,0.2936108391225939,1.9904398436807709,0.1991858428704208,0.4154524293010862,0.4503939246904497,0.614638272171507,1.2229128726996616,0.3210274330489131,0.3210274330489131,0.3210274330489131,0.3210274330489131,-0.7675269709811092,0.7675269709811092,0.03739038499803068,0.025419890027394417,-0.659141709541085,True,FULL,FULL_poly_rank_1
336,4.0,24.669762405759897,0.251,0.1991858428704208,0.1991858428704208,0.1494580982300445,0.2026772661107024,0.3486439411004653,0.792806515114832,0.1991858428704208,0.1046091840065133,0.2026772661107024,0.3037950268769341,0.8180282195405485,-0.0448489142235312,0.0448489142235312,-0.04484891422353121,0.04484891422353121,0.025221704425716474,0.025221704425716474,0.007623585091989238,0.0048904851204719735,0.9431065478711789,True,FULL,FULL_poly_rank_1
337,1.13,6.96920787962717,0.045,0.0153092991217785,0.0153092991217785,0.1129415099906837,0.7174416499493891,0.1282508091124622,1.6219045254507285,0.0153092991217785,0.1252046681388618,0.7174416499493891,0.1405139672606403,1.429777819296797,0.012263158148178105,0.012263158148178105,0.012263158148178105,0.012263158148178105,-0.19212670615393157,0.19212670615393157,0.001020326161914973,0.0005829644742169634,0.9899388604145125,True,FULL,FULL_poly_rank_1
338,1.74,10.731346646505555,0.033,0.0153092991217785,0.0153092991217785,0.0614267591501006,0.4659247496797756,0.0767360582718792,1.1936384711708052,0.0153092991217785,0.0379397042150621,0.4659247496797756,0.0532490033368407,1.2085121028697188,-0.023487054935038505,0.023487054935038505,-0.0234870549350385,0.0234870549350385,0.014873631698913536,0.014873631698913536,0.003343200522943509,0.002218831247030657,0.714710383710453,True,FULL,FULL_poly_rank_1
339,2.13,13.136648481067144,0.035,0.0153092991217785,0.0153092991217785,0.0696089127687665,0.3806145842454505,0.084918211890545,0.9488333573269884,0.0153092991217785,0.0457976847331507,0.3806145842454505,0.0611069838549293,0.9409321201023284,-0.023811228035615806,0.023811228035615806,-0.02381122803561571,0.02381122803561571,-0.007901237224659963,0.007901237224659963,0.003449642748965609,0.002282336513558357,0.7499758743121401,True,FULL,FULL_poly_rank_1
340,3.5,21.58604210503991,0.026,0.0153092991217785,0.0153092991217785,0.0343911652377439,0.2316311612693741,0.0497004643595224,0.6801344819537776,0.0153092991217785,0.0948214501563352,0.2316311612693741,0.1101307492781137,0.4863077136631806,0.060430284918591294,0.060430284918591294,0.0604302849185913,0.0604302849185913,-0.19382676829059697,0.19382676829059697,0.005525930498256922,0.003925076215097873,-0.802911452322475,True,FULL,FULL_poly_rank_1
341,1.13,6.96920787962717,0.055,0.0153092991217785,0.0153092991217785,0.1595143577209842,0.7174416499493891,0.1748236568427627,1.524522904222498,0.0153092991217785,0.1611432609436766,0.7174416499493891,0.1764525600654551,1.370603979261236,0.0016289032226923794,0.0016289032226923794,0.0016289032226924072,0.0016289032226924072,-0.15391892496126203,0.15391892496126203,0.002441225828950278,0.0013404281581849218,0.9673177275025152,True,FULL,FULL_poly_rank_1
342,1.22,7.524277533756768,0.039,0.0153092991217785,0.0153092991217785,0.0864894320112215,0.6645156265924669,0.101798731133,1.5829859963913084,0.0153092991217785,0.0887685859709365,0.6645156265924669,0.1040778850927151,1.4137175918180078,0.002279153959714994,0.002279153959714994,0.002279153959715091,0.002279153959715091,-0.1692684045733006,0.1692684045733006,0.0012705894952136732,0.0006382347790462779,0.975971997509794,True,FULL,FULL_poly_rank_1
343,1.45,8.942788872087963,0.034,0.0153092991217785,0.0153092991217785,0.0654950286258003,0.5591096996157306,0.0808043277475788,1.4123161332544465,0.0153092991217785,0.0508792046648755,0.5591096996157306,0.066188503786654,1.3468601498210933,-0.014615823960924798,0.014615823960924798,-0.014615823960924798,0.014615823960924798,-0.06545598343335324,0.06545598343335324,0.0024754002818466597,0.0015944241090715954,0.8583926176966986,True,FULL,FULL_poly_rank_1
344,2.17,13.383346105124744,0.028,0.0153092991217785,0.0153092991217785,0.0418356081902535,0.373598647208668,0.057144907312032,1.0458293131757963,0.0153092991217785,0.0172106957792339,0.373598647208668,0.0325199949010125,1.2074131430932291,-0.024624912411019596,0.024624912411019596,-0.024624912411019502,0.024624912411019502,0.1615838299174328,0.1615838299174328,0.0033662523789350744,0.0022520464905080896,0.48835681656678365,True,FULL,FULL_poly_rank_1
345,0.6,3.700464360863984,0.062,0.0153092991217785,0.0153092991217785,0.1936315334445874,1.3511817740713494,0.2089408325663659,2.78103428223211,0.0153092991217785,0.3809010191660885,1.3511817740713494,0.396210318287867,2.312286836858356,0.1872694857215011,0.1872694857215011,0.18726948572150112,0.18726948572150112,-0.46874744537375435,0.46874744537375435,0.012202469806838196,0.009012003141752689,0.40735713770099113,True,FULL,FULL_poly_rank_1
346,0.7,4.317208421007981,0.05,0.0153092991217785,0.0153092991217785,0.1358772828198478,1.1581558063468709,0.1511865819416263,2.530764500816095,0.0153092991217785,0.2660296497953914,1.1581558063468709,0.2813389489171699,2.062506433317247,0.1301523669755436,0.1301523669755436,0.13015236697554358,0.13015236697554358,-0.4682580674988479,0.4682580674988479,0.008844585124629043,0.006511105656893623,0.44138312897847054,True,FULL,FULL_poly_rank_1
347,0.9,5.550696541295977,0.034,0.0153092991217785,0.0153092991217785,0.0654950141480271,0.9007878493808994,0.0808043132698056,2.275398701589776,0.0153092991217785,0.1073310032778429,0.9007878493808994,0.1226403023996214,1.846429364208935,0.0418359891298158,0.0418359891298158,0.0418359891298158,0.0418359891298158,-0.428969337380841,0.428969337380841,0.00302449482251041,0.002204048633360462,0.7886020732481311,True,FULL,FULL_poly_rank_1
348,1.8,11.101393082591954,0.027,0.0153092991217785,0.0153092991217785,0.038082793731829,0.4503939246904497,0.0533920928536075,1.2897687725693818,0.0153092991217785,0.0143837545071449,0.4503939246904497,0.0296930536289234,1.5338555689231184,-0.023699039224684096,0.023699039224684096,-0.0236990392246841,0.0236990392246841,0.24408679635373653,0.24408679635373653,0.003250516637831228,0.0021731727534017847,0.45615958409613677,True,FULL,FULL_poly_rank_1
349,1.13,6.96920787962717,0.043,0.0153092991217785,0.0153092991217785,0.1039855497101338,0.7174416499493891,0.1192948488319123,1.6477168177591195,0.0153092991217785,0.1168915169746162,0.7174416499493891,0.1322008160963947,1.4475260837484485,0.012905967264482399,0.012905967264482399,0.012905967264482399,0.012905967264482399,-0.200190734010671,0.200190734010671,0.0008775634898534894,0.0005405758755661607,0.9914865423198967,True,FULL,FULL_poly_rank_1
350,1.37,8.449393623972766,0.041,0.0153092991217785,0.0153092991217785,0.0951653865075495,0.591758441199131,0.110474685629328,1.3828596668882291,0.0153092991217785,0.0839227536538654,0.591758441199131,0.0992320527756439,1.2735070868320442,-0.011242632853684098,0.011242632853684098,-0.011242632853684098,0.011242632853684098,-0.10935258005618498,0.10935258005618498,0.002563274603130572,0.0015912466528542279,0.9161553081754302,True,FULL,FULL_poly_rank_1
351,1.67,10.299625804404757,0.032,0.0153092991217785,0.0153092991217785,0.057405854043788,0.4854545296064728,0.0727151531655665,1.2626030593869657,0.0153092991217785,0.0354040629552201,0.4854545296064728,0.0507133620769987,1.282250455657159,-0.022001791088567903,0.022001791088567903,-0.0220017910885678,0.0220017910885678,0.019647396270193296,0.019647396270193296,0.003151801606033569,0.0020895276585868204,0.7186924260657043,True,FULL,FULL_poly_rank_1
352,2.91,17.947252150190327,0.03,0.0153092991217785,0.0153092991217785,0.0495137718239397,0.2785941802208967,0.0648230709457182,0.7494886652754336,0.0153092991217785,0.0574004399238405,0.2785941802208967,0.072709739045619,0.6520732555472334,0.007886668099900802,0.007886668099900802,0.00788666809990081,0.00788666809990081,-0.09741540972820018,0.09741540972820018,0.0004770333301406534,0.0003493258755618748,0.9919510706613427,True,FULL,FULL_poly_rank_1
353,0.9,5.550696541295977,0.037,0.0153092991217785,0.0153092991217785,0.0779670989319231,0.9007878493808994,0.0932763980537016,2.192227389199339,0.0153092991217785,0.12630157761316,0.9007878493808994,0.1416108767349385,1.7924016074482385,0.048334478681236887,0.048334478681236887,0.0483344786812369,0.0483344786812369,-0.3998257817511004,0.3998257817511004,0.0033268228757965083,0.002439628333898143,0.8055978141636645,True,FULL,FULL_poly_rank_1
354,1.05,6.475812631511974,0.032,0.0153092991217785,0.0153092991217785,0.0574058541682785,0.7721038708979138,0.0727151532900571,2.0081400996379837,0.0153092991217785,0.0726147390799442,0.7721038708979138,0.0879240382017227,1.7135292398422648,0.0152088849116657,0.0152088849116657,0.01520888491166561,0.01520888491166561,-0.2946108597957189,0.2946108597957189,0.0008483442351443531,0.0006304750059706335,0.9796198251283004,True,FULL,FULL_poly_rank_1
355,1.15,7.09255669165597,0.028,0.0153092991217785,0.0153092991217785,0.0418356081862674,0.7049644038633127,0.0571449073080459,1.9734344433232216,0.0153092991217785,0.0410919983723385,0.7049644038633127,0.0564012974941171,1.7912026480197285,-0.0007436098139289027,0.0007436098139289027,-0.0007436098139288055,0.0007436098139288055,-0.1822317953034931,0.1822317953034931,0.0007726331730909964,0.00039934335982529226,0.9730461661365675,True,FULL,FULL_poly_rank_1
356,1.4,8.634416842015963,0.024,0.0153092991217785,0.0153092991217785,0.0272042150777216,0.5790779031734354,0.0425135141995001,1.8037445140554815,0.0153092991217785,0.0110040812322057,0.5790779031734354,0.0263133803539842,2.1331805311860834,-0.0162001338455159,0.0162001338455159,-0.0162001338455159,0.0162001338455159,0.3294360171306019,0.3294360171306019,0.0023039841543523306,0.001529809757746184,0.5799123038603723,True,FULL,FULL_poly_rank_1
357,0.75,4.625580451079981,0.028,0.0153092991217785,0.0153092991217785,0.0418356081843982,1.080945419257079,0.0571449073061767,3.0259328132395527,0.0153092991217785,0.0906997387568453,1.080945419257079,0.1060090378786238,2.289663925351826,0.048864130572447095,0.048864130572447095,0.0488641305724471,0.0488641305724471,-0.7362688878877268,0.7362688878877268,0.004239920587607163,0.003030932955998588,0.1883116910284105,True,FULL,FULL_poly_rank_1
358,1.15,7.09255669165597,0.026,0.0153092991217785,0.0153092991217785,0.0343911653190034,0.7049644038633127,0.0497004644407819,2.0699745048837284,0.0153092991217785,0.0305849981146116,0.7049644038633127,0.0458942972363901,1.9365875733966615,-0.0038061672043918013,0.0038061672043918013,-0.0038061672043917943,0.0038061672043917943,-0.13338693148706682,0.13338693148706682,0.0009479493536806177,0.0005661258369332023,0.9469440823845809,True,FULL,FULL_poly_rank_1
359,1.1,6.784184661583972,0.024,0.0153092991217785,0.0153092991217785,0.0272042141314279,0.7370082404025541,0.0425135132532064,2.2956749282231264,0.0153092991217785,0.0230594527046126,0.7370082404025541,0.0383687518263912,2.189898047354081,-0.004144761426815302,0.004144761426815302,-0.004144761426815205,0.004144761426815205,-0.10577688086904535,0.10577688086904535,0.0008770181422487898,0.0005380243873029198,0.9391307227889575,True,FULL,FULL_poly_rank_1
360,1.2,7.400928721727968,0.022,0.0153092991217785,0.0153092991217785,0.0203041095024898,0.6755908870356747,0.0356134086242683,2.2704692840433656,0.0153092991217785,0.0090189052613857,0.6755908870356747,0.0243282043831642,2.637526239448849,-0.0112852042411041,0.0112852042411041,-0.011285204241104102,0.011285204241104102,0.36705695540548344,0.36705695540548344,0.0016549393198129047,0.001092046439908936,0.7034998177612962,True,FULL,FULL_poly_rank_1
