sample_id,u_peak,u_r,tau_peak,tau_r,true_a,true_b,true_c,true_d,true_e,estimated_a,estimated_b,estimated_c,estimated_d,estimated_e,error_b,abs_error_b,error_d,abs_error_d,error_e,abs_error_e,curve_rmse_tau_u,curve_mae_tau_u,curve_r2_tau_u,curve_valid,dataset,model_name
7,0.72,2.75,0.044,0.03175,0.03175,0.0801325410005739,1.818181818181818,0.1118825410005739,3.441242286799551,0.03175,0.3250401280287623,1.818181818181818,0.3567901280287623,2.2331431661584333,0.2449075870281884,0.2449075870281884,0.2449075870281884,0.2449075870281884,-1.2080991206411178,1.2080991206411178,0.0028697185699047513,0.00236144584819095,0.8214071788941751,True,FULL,FULL_poly_rank_3
8,0.92,3.0,0.035,0.02825,0.02825,0.0557241852265918,1.6666666666666667,0.0839741852265918,3.007954906577982,0.02825,0.1741326985396737,1.6666666666666667,0.2023826985396737,2.060820183578273,0.11840851331308189,0.11840851331308189,0.1184085133130819,0.1184085133130819,-0.9471347229997087,0.9471347229997087,0.0012931013176826173,0.0010208425323557204,0.9432108104214169,True,FULL,FULL_poly_rank_3
9,0.97,3.0,0.029,0.0255,0.0255,0.0288872445152351,1.6666666666666667,0.0543872445152351,3.290221199159674,0.0255,0.0798646643529236,1.6666666666666667,0.1053646643529236,2.271538261506258,0.0509774198376885,0.0509774198376885,0.050977419837688505,0.050977419837688505,-1.0186829376534159,1.0186829376534159,0.0008899218683990048,0.000702610045683522,0.9620453967426678,True,FULL,FULL_poly_rank_3
11,0.78,3.5,0.05,0.0417499999999999,0.0417499999999999,0.0354980845491272,1.4285714285714286,0.0772480845491271,4.004659571873231,0.0417499999999999,0.1336953902675826,1.4285714285714286,0.1754453902675825,2.48856534920677,0.09819730571845539,0.09819730571845539,0.09819730571845539,0.09819730571845539,-1.5160942226664607,1.5160942226664607,0.005338751890671978,0.003943797244707902,0.41145167380691383,True,FULL,FULL_poly_rank_3
12,1.25,3.5,0.04,0.034,0.034,0.0670624339164287,1.4285714285714286,0.1010624339164287,2.366794324621144,0.034,0.1686942520998779,1.4285714285714286,0.2026942520998779,1.7274260896635938,0.1016318181834492,0.1016318181834492,0.1016318181834492,0.1016318181834492,-0.63936823495755,0.63936823495755,0.0019011101874983956,0.001140324020368732,0.9135930109152968,True,FULL,FULL_poly_rank_3
13,1.8,4.0,0.035,0.033,0.033,0.0334302203204883,1.25,0.0664302203204883,2.0972939397426664,0.033,0.0479805508418777,1.25,0.0809805508418777,1.717203926252307,0.014550330521389404,0.014550330521389404,0.014550330521389404,0.014550330521389404,-0.38009001349035954,0.38009001349035954,0.001330372465598986,0.0007810156556135705,0.9539981056579981,True,FULL,FULL_poly_rank_3
19,1.55,12.0,1.02,0.8525,0.8525,0.3782821788444106,0.4166666666666667,1.2307821788444109,2.3791759662313843,0.8525,0.4976000300943561,0.4166666666666667,1.3501000300943562,2.1059347515465165,0.11931785124994548,0.11931785124994548,0.11931785124994532,0.11931785124994532,-0.27324121468486773,0.27324121468486773,0.017352092962146008,0.011167846025198018,0.9787107280187646,True,FULL,FULL_poly_rank_3
20,1.71,12.0,2.57,1.7327500000000002,1.7327500000000002,2.210315622373947,0.4166666666666667,3.9430656223739473,1.6207235717983703,1.7327500000000002,1.5842347938670929,0.4166666666666667,3.316984793867093,1.655609840077671,-0.6260808285068542,0.6260808285068542,-0.6260808285068542,0.6260808285068542,0.03488626827930075,0.03488626827930075,0.11097473901041918,0.07056337627575378,0.9006786867510576,True,FULL,FULL_poly_rank_3
21,1.67,12.0,7.53,5.32,5.32,5.617172562155661,0.4166666666666667,10.93717256215566,1.7473164085592403,5.32,2.002287350203586,0.4166666666666667,7.322287350203586,2.18549526783555,-3.6148852119520747,3.6148852119520747,-3.614885211952073,3.614885211952073,0.43817885927630984,0.43817885927630984,0.5888692797153398,0.3793292119355573,0.6444672227909963,True,FULL,FULL_poly_rank_3
22,1.67,12.0,19.67,18.994999999999997,18.994999999999997,1.5273740416856256,0.4166666666666667,20.522374041685623,3.2739688179792332,18.994999999999997,4.463969586521294,0.4166666666666667,23.45896958652129,2.477769716455319,2.9365955448356686,2.9365955448356686,2.9365955448356686,2.9365955448356686,-0.7961991015239143,0.7961991015239143,0.47167124449796266,0.30245659290159116,0.9584218817526948,True,FULL,FULL_poly_rank_3
23,0.84,16.0,8.44,7.47,7.47,1.3255582927799532,0.3125,8.795558292779953,6.166176834932969,7.47,12.1626780677332,0.3125,19.6326780677332,3.881904932147269,10.837119774953248,10.837119774953248,10.837119774953246,10.837119774953246,-2.2842719027857,2.2842719027857,2.608303273111133,1.530423821414818,-9.253724510344474,True,FULL,FULL_poly_rank_3
27,0.87,3.25,2.35,1.9075,1.9075,2.7034029995062916,1.5384615384615383,4.610902999506291,3.276941309100947,1.9075,0.2203200591350695,1.5384615384615383,2.1278200591350696,5.63788449810385,-2.4830829403712222,2.4830829403712222,-2.483082940371222,2.483082940371222,2.3609431890029033,2.3609431890029033,0.20080240729371981,0.14191378644521574,0.6688322900821826,True,FULL,FULL_poly_rank_3
28,0.13,1.325,1.02,0.6675,0.6675,0.6738254010838505,3.7735849056603774,1.3413254010838505,23.891608655167115,0.6675,0.5496448869274719,3.7735849056603774,1.217144886927472,24.176132215254455,-0.12418051415637854,0.12418051415637854,-0.12418051415637854,0.12418051415637854,0.28452356008734014,0.28452356008734014,0.026551920807356588,0.016138271990126307,0.9594460386037349,True,FULL,FULL_poly_rank_3
29,0.6,2.425,4.93,4.2975,4.2975,3.110870023650559,2.061855670103093,7.408370023650559,5.517814597970529,4.2975,0.5855613305134026,2.061855670103093,4.883061330513403,7.8181958917722305,-2.5253086931371564,2.5253086931371564,-2.5253086931371564,2.5253086931371564,2.300381293801702,2.300381293801702,0.2419219019616482,0.16632096439709426,0.8837784892151826,True,FULL,FULL_poly_rank_3
30,2.17,3.85,16.37,14.955,14.955,60.674147880173095,1.2987012987012987,75.6291478801731,1.6284330431129306,14.955,63.45994181731062,1.2987012987012987,78.41494181731062,1.4455967113913526,2.7857939371375267,2.7857939371375267,2.7857939371375267,2.7857939371375267,-0.18283633172157798,0.18283633172157798,1.5909946035681675,1.1571808243103687,0.7198318035028248,True,FULL,FULL_poly_rank_3
31,0.24,1.275,0.66,0.475,0.475,0.6758571313827281,3.9215686274509807,1.150857131382728,11.17767536247715,0.475,0.4903368981334052,3.9215686274509807,0.9653368981334052,11.066711973142278,-0.18552023324932287,0.18552023324932287,-0.18552023324932287,0.18552023324932287,-0.11096338933487182,0.11096338933487182,0.03018424751294793,0.019539962632912987,0.8941597859797249,True,FULL,FULL_poly_rank_3
32,0.3,2.175,4.71,4.1925,4.1925,1.211168346774408,2.298850574712644,5.403668346774408,13.642584509493682,4.1925,1.398145600295055,2.298850574712644,5.590645600295055,12.585904758076834,0.18697725352064687,0.18697725352064687,0.18697725352064687,0.18697725352064687,-1.0566797514168478,1.0566797514168478,0.027969834598697493,0.01812402379460552,0.9974568033198575,True,FULL,FULL_poly_rank_3
33,2.26,4.125,16.14,11.3475,11.3475,422.7987490320256,1.2121212121212122,434.1462490320256,1.3091974223177918,11.3475,530.4917867110634,1.2121212121212122,541.8392867110633,1.2268194914228645,107.69303767903773,107.69303767903773,107.69303767903773,107.69303767903773,-0.08237793089492729,0.08237793089492729,5.2326257307531305,4.026342957788096,-1.0602676959166843,True,FULL,FULL_poly_rank_3
34,0.47,1.525,1.07,0.6975,0.6975,4.0455139668571585,3.278688524590164,4.743013966857158,4.812842755740618,0.6975,4.4905634697833925,3.278688524590164,5.188063469783392,4.019115431311513,0.445049502926234,0.445049502926234,0.445049502926234,0.445049502926234,-0.7937273244291054,0.7937273244291054,0.12991291031189084,0.08791292500154563,0.5046336052540057,True,FULL,FULL_poly_rank_3
35,0.47,2.2,4.91,4.25,4.25,2.5915991927768687,2.2727272727272725,6.841599192776869,7.213346651196478,4.25,1.3318256479377872,2.2727272727272725,5.581825647937787,7.998863852259147,-1.2597735448390814,1.2597735448390814,-1.2597735448390814,1.2597735448390814,0.7855172010626692,0.7855172010626692,0.16151143177700988,0.10890308659503777,0.9421465854252961,True,FULL,FULL_poly_rank_3
36,1.48,3.625,14.91,14.235,14.235,8.232456046268986,1.3793103448275863,22.467456046268985,2.7321098339023515,14.235,12.74450671278187,1.3793103448275863,26.97950671278187,2.202174443451033,4.512050666512884,4.512050666512884,4.512050666512884,4.512050666512884,-0.5299353904513184,0.5299353904513184,0.38212800198261115,0.2087361916246401,0.9780013784219228,True,FULL,FULL_poly_rank_3
37,0.11,1.325,0.89,0.5625,0.5625,0.5639971811696873,3.7735849056603774,1.1264971811696871,29.2958502513531,0.5625,0.5028724455358589,3.7735849056603774,1.0653724455358589,29.199746235261692,-0.061124735633828475,0.061124735633828475,-0.06112473563382825,0.06112473563382825,-0.0961040160914095,0.0961040160914095,0.014271069543826056,0.008465378989454143,0.9846430297537119,True,FULL,FULL_poly_rank_3
38,0.26,2.175,5.3,4.1,4.1,2.5910971306331803,2.298850574712644,6.69109713063318,13.042743993933716,4.1,4.172741288046877,2.298850574712644,8.272741288046877,10.92641487179533,1.581644157413697,1.581644157413697,1.581644157413697,1.581644157413697,-2.116329122138385,2.116329122138385,0.2519758244524914,0.16118142716727063,0.838282889392147,True,FULL,FULL_poly_rank_3
39,0.54,3.35,15.9,14.4675,14.4675,3.852469877296928,1.4925373134328357,18.319969877296927,7.688914610134782,14.4675,9.705210793915484,1.4925373134328357,24.172710793915485,5.6464445410888615,5.852740916618556,5.852740916618556,5.852740916618558,5.852740916618558,-2.0424700690459208,2.0424700690459208,0.7449453593954461,0.48982798693750035,0.8570772689471907,True,FULL,FULL_poly_rank_3
40,0.3,1.35,0.88,0.635,0.635,1.1651130574348498,3.7037037037037033,1.8001130574348498,8.547982610717572,0.635,0.8673496557723559,3.7037037037037033,1.502349655772356,8.173322204094056,-0.29776340166249393,0.29776340166249393,-0.29776340166249393,0.29776340166249393,-0.37466040662351574,0.37466040662351574,0.04813032074568997,0.03133934105524342,0.8619408587542886,True,FULL,FULL_poly_rank_3
41,0.38,2.175,5.2,4.3975,4.3975,2.452688320111813,2.298850574712644,6.850188320111813,9.031706106944794,4.3975,2.607408576021818,2.298850574712644,7.004908576021818,8.267849046611923,0.15472025591000538,0.15472025591000538,0.15472025591000538,0.15472025591000538,-0.7638570603328709,0.7638570603328709,0.04204866583808655,0.019650985957532615,0.9960054303324459,True,FULL,FULL_poly_rank_3
42,0.71,3.35,16.28,14.8375,14.8375,5.373344828404187,1.4925373134328357,20.210844828404188,5.457009220110153,14.8375,22.50298160256174,1.4925373134328357,37.34048160256174,3.3405478320271036,17.129636774157554,17.129636774157554,17.12963677415755,17.12963677415755,-2.11646138808305,2.11646138808305,1.35782297973808,0.9567644658473446,0.6269832725215403,True,FULL,FULL_poly_rank_3
43,0.88,1.475,0.58,0.535,0.535,2.3643732180319175,3.389830508474576,2.8993732180319176,4.157276354583812,0.535,3.929380056569771,3.389830508474576,4.464380056569771,3.604736786285256,1.5650068385378537,1.5650068385378537,1.5650068385378537,1.5650068385378537,-0.5525395682985557,0.5525395682985557,0.05820897038683421,0.04239954694380228,0.7096283063741037,True,FULL,FULL_poly_rank_3
44,1.5,2.625,3.89,3.6325,3.6325,10.486129835864666,1.9047619047619049,14.118629835864668,2.474961892115721,3.6325,5.25210491401894,1.9047619047619049,8.88460491401894,2.4128596945208067,-5.234024921845727,5.234024921845727,-5.234024921845728,5.234024921845728,-0.06210219759491409,0.06210219759491409,0.2945720727234786,0.21733767484317593,0.8341783870169566,True,FULL,FULL_poly_rank_3
45,2.87,4.1,13.67,13.42,13.42,16.705556614946417,1.2195121951219514,30.12555661494642,1.6634039681803665,13.42,26.23104520415059,1.2195121951219514,39.65104520415059,1.4153708366357045,9.525488589204173,9.525488589204173,9.525488589204173,9.525488589204173,-0.248033131544662,0.248033131544662,0.5614567060373218,0.36072567232064556,0.9537531095931888,True,FULL,FULL_poly_rank_3
46,0.79,1.5,0.8,0.665,0.665,6.166849946093346,3.3333333333333335,6.831849946093346,3.9230290740544778,0.665,7.534119925913683,3.3333333333333335,8.199119925913683,3.503386621758304,1.3672699798203372,1.3672699798203372,1.3672699798203372,1.3672699798203372,-0.4196424522961739,0.4196424522961739,0.13246602525828685,0.09887885255120493,0.17478584626222005,True,FULL,FULL_poly_rank_3
47,0.6,2.175,5.04,4.655,4.655,2.141531174694559,2.298850574712644,6.796531174694559,6.310564627174357,4.655,0.1713267045821611,2.298850574712644,4.826326704582161,10.3741438162276,-1.9702044701123977,1.9702044701123977,-1.9702044701123977,1.9702044701123977,4.063579189053242,4.063579189053242,0.17576071736405238,0.12515278187110257,0.946285086647141,True,FULL,FULL_poly_rank_3
48,2.37,4.125,16.38,14.3675,14.3675,112.7264689844744,1.2121212121212122,127.0939689844744,1.4228254925840296,14.3675,94.63146391298396,1.2121212121212122,108.99896391298395,1.301915901487391,-18.095005071490434,18.095005071490434,-18.095005071490448,18.095005071490448,-0.12090959109663868,0.12090959109663868,2.3713864939238287,1.7762445457462395,0.3809311164932202,True,FULL,FULL_poly_rank_3
49,1.46,2.566666666666667,4.68,4.1066666666666665,4.1066666666666665,30.593215473314466,1.948051948051948,34.69988213998113,2.300589855794831,4.1066666666666665,16.80111435851592,1.948051948051948,20.907781025182587,2.172530731638055,-13.792101114798545,13.792101114798545,-13.792101114798541,13.792101114798541,-0.1280591241567759,0.1280591241567759,0.6598901147547288,0.4958834830825109,0.4091069779829082,True,FULL,FULL_poly_rank_3
50,4.16,4.75,15.04,14.775,14.775,58.5314735148253,1.0526315789473684,73.3064735148253,1.2144266984360343,14.775,84.89055567250733,1.0526315789473684,99.66555567250734,1.1022822525371168,26.359082157682032,26.359082157682032,26.35908215768204,26.35908215768204,-0.11214444589891759,0.11214444589891759,0.9372381931164513,0.5957095522479807,0.8783960705669708,True,FULL,FULL_poly_rank_3
51,1.26,1.85,0.94,0.785,0.785,27.151829140946248,2.702702702702702,27.936829140946248,2.8751003676389564,0.785,31.684253929526403,2.702702702702702,32.4692539295264,2.730143798299357,4.532424788580155,4.532424788580155,4.532424788580155,4.532424788580155,-0.14495656933959955,0.14495656933959955,0.2618696022771445,0.19466269073892936,-0.7415058609983534,True,FULL,FULL_poly_rank_3
52,3.13,4.466666666666667,15.58,14.793333333333337,14.793333333333337,75.02328336156236,1.1194029850746268,89.8166166948957,1.313812712287742,14.793333333333337,56.40820625651567,1.1194029850746268,71.201539589849,1.2217683425798271,-18.615077105046694,18.615077105046694,-18.615077105046694,18.615077105046694,-0.09204436970791496,0.09204436970791496,1.4511733870262111,1.0305662144033352,0.7449950236576783,True,FULL,FULL_poly_rank_3
53,1.15,1.85,0.71,0.65,0.65,3.9933470021604136,2.702702702702702,4.6433470021604135,3.19021506632708,0.65,5.50540600990547,2.702702702702702,6.15540600990547,2.84408460552475,1.5120590077450564,1.5120590077450564,1.5120590077450569,1.5120590077450569,-0.3461304608023301,0.3461304608023301,0.08538822763454668,0.06347598246196212,0.5876787161306685,True,FULL,FULL_poly_rank_3
54,0.35,2.175,4.68,4.205,4.205,1.283914851902833,2.298850574712644,5.488914851902833,11.46515887900422,4.205,0.7604010216751051,2.298850574712644,4.965401021675105,12.497483207470513,-0.5235138302277278,0.5235138302277278,-0.5235138302277278,0.5235138302277278,1.0323243284662933,1.0323243284662933,0.08313120005250589,0.05312290392686424,0.9794281798926864,True,FULL,FULL_poly_rank_3
55,0.63,3.85,16.18,14.365,14.365,5.024596391351091,1.2987012987012987,19.38959639135109,6.152370825583352,14.365,13.55651292687959,1.2987012987012987,27.92151292687959,4.372518329636191,8.531916535528499,8.531916535528499,8.531916535528499,8.531916535528499,-1.7798524959471616,1.7798524959471616,1.0385918659832396,0.6891374067111495,0.7344801021415795,True,FULL,FULL_poly_rank_3
56,0.45,1.5666666666666669,0.87,0.6366666666666667,0.6366666666666667,1.8543711063769357,3.191489361702127,2.4910377730436024,5.520751658815112,0.6366666666666667,1.6410583910027925,3.191489361702127,2.277725057669459,4.849987672610831,-0.2133127153741432,0.2133127153741432,-0.2133127153741432,0.2133127153741432,-0.6707639862042818,0.6707639862042818,0.0660069908141686,0.04299233230253045,0.7676280124350683,True,FULL,FULL_poly_rank_3
57,0.58,2.175,5.35,4.42,4.42,5.5363451785319135,2.298850574712644,9.956345178531912,5.059116621676996,4.42,4.466453382527263,2.298850574712644,8.886453382527263,4.728324894077935,-1.0698917960046508,1.0698917960046508,-1.069891796004649,1.069891796004649,-0.3307917275990606,0.3307917275990606,0.21550797671564487,0.136758362442745,0.9258157355221515,True,FULL,FULL_poly_rank_3
58,0.94,3.875,16.28,13.935,13.935,11.349260923481204,1.2903225806451613,25.28426092348121,3.405427164282276,13.935,25.78293940496637,1.2903225806451613,39.71793940496637,2.418231127816491,14.433678481485167,14.433678481485167,14.433678481485163,14.433678481485163,-0.987196036465785,0.987196036465785,0.6633290266572835,0.5028464415048388,0.9187567474051223,True,FULL,FULL_poly_rank_3
60,2.38,2.85,5.22,4.84,4.84,137.35939252357494,1.7543859649122806,142.19939252357494,1.8523237169572588,4.84,71.66669888721546,1.7543859649122806,76.50669888721546,1.7903774093742026,-65.69269363635948,65.69269363635948,-65.69269363635948,65.69269363635948,-0.06194630758305619,0.06194630758305619,1.0457244107977062,0.707349380462834,-0.16963660033473182,True,FULL,FULL_poly_rank_3
61,2.68,4.125,16.95,15.5375,15.5375,116.71406105996982,1.2121212121212122,132.25156105996982,1.3981039630569712,15.5375,98.11978674422753,1.2121212121212122,113.6572867442275,1.2902907207822023,-18.594274315742297,18.594274315742297,-18.59427431574231,18.59427431574231,-0.10781324227476885,0.10781324227476885,2.1903976600420463,1.6204679693680577,0.5170135087129726,True,FULL,FULL_poly_rank_3
62,0.71,1.6,1.14,0.9133333333333334,0.9133333333333334,5.696830896813862,3.125,6.610164230147195,3.976020028848459,0.9133333333333334,5.418684804806808,3.125,6.332018138140141,3.506700041384575,-0.278146092007054,0.278146092007054,-0.278146092007054,0.278146092007054,-0.46931998746388404,0.46931998746388404,0.15726035243508624,0.11429993762499197,0.370351891897887,True,FULL,FULL_poly_rank_3
63,0.76,2.2,5.03,4.68,4.68,3.0326428857358856,2.2727272727272725,7.712642885735885,4.87933520201715,4.68,0.583545150349229,2.2727272727272725,5.263545150349229,6.561845037944644,-2.4490977353866565,2.4490977353866565,-2.4490977353866565,2.4490977353866565,1.682509835927494,1.682509835927494,0.15409183131433588,0.11174329963738103,0.9646345171924147,True,FULL,FULL_poly_rank_3
64,2.73,4.125,15.88,13.97,13.97,220.02903798852773,1.2121212121212122,233.99903798852773,1.3339956390040135,13.97,154.19898214289287,1.2121212121212122,168.16898214289287,1.2572907170473353,-65.83005584563486,65.83005584563486,-65.83005584563486,65.83005584563486,-0.07670492195667822,0.07670492195667822,3.0533798497161113,2.277087760775124,-0.02421919571722686,True,FULL,FULL_poly_rank_3
65,0.63,1.5666666666666669,1.42,0.9733333333333332,0.9733333333333332,10.644929502666052,3.191489361702127,11.618262835999383,3.927118476960182,0.9733333333333332,12.291819926899109,3.191489361702127,13.26515326023244,3.424137921296888,1.6468904242330566,1.6468904242330566,1.6468904242330566,1.6468904242330566,-0.502980555663294,0.502980555663294,0.27293445080537915,0.20070682976242085,-0.08791100056507695,True,FULL,FULL_poly_rank_3
66,0.34,2.175,5.0,4.24,4.24,2.0482757543105174,2.298850574712644,6.288275754310518,10.49368724913285,4.24,2.3322757786790342,2.298850574712644,6.5722757786790345,9.527703977790898,0.2840000243685168,0.2840000243685168,0.2840000243685168,0.2840000243685168,-0.9659832713419529,0.9659832713419529,0.036147913850990046,0.023775910201703755,0.996560356820781,True,FULL,FULL_poly_rank_3
67,3.13,4.533333333333333,14.91,14.596666666666666,14.596666666666666,20.35467702287054,1.1029411764705883,34.951343689537204,1.4882877719989878,14.596666666666666,25.830753458523816,1.1029411764705883,40.42742012519048,1.29810704557969,5.476076435653276,5.476076435653276,5.476076435653276,5.476076435653276,-0.19018072641929784,0.19018072641929784,0.6452177339115698,0.4254553032038947,0.948720847564238,True,FULL,FULL_poly_rank_3
68,0.49,1.5666666666666669,0.79,0.63,0.63,1.4068332196782207,3.191489361702127,2.0368332196782206,5.5461514668738845,0.63,1.146325195502497,3.191489361702127,1.776325195502497,5.0026388196586415,-0.26050802417572383,0.26050802417572383,-0.2605080241757236,0.2605080241757236,-0.543512647215243,0.543512647215243,0.05289941100393028,0.035000812851582276,0.8165537155025653,True,FULL,FULL_poly_rank_3
69,1.69,2.566666666666667,5.04,4.426666666666667,4.426666666666667,69.19774278410341,1.948051948051948,73.62440945077007,2.1459242646578933,4.426666666666667,39.18670800929526,1.948051948051948,43.61337467596193,2.0381276610708374,-30.011034774808152,30.011034774808152,-30.011034774808145,30.011034774808145,-0.1077966035870559,0.1077966035870559,0.9698119560215355,0.7252748271912192,-0.023807593321779397,True,FULL,FULL_poly_rank_3
70,3.12,4.466666666666667,16.37,15.163333333333334,15.163333333333334,137.96164146287623,1.1194029850746268,153.12497479620956,1.2614658876838951,15.163333333333334,91.9088521083697,1.1194029850746268,107.07218544170304,1.1871917907768756,-46.05278935450653,46.05278935450653,-46.052789354506515,46.052789354506515,-0.07427409690701947,0.07427409690701947,2.1744034235510385,1.569671412497428,0.47417300139171037,True,FULL,FULL_poly_rank_3
71,0.18,1.5666666666666669,0.87,0.6,0.6,0.5778652142592701,3.191489361702127,1.17786521425927,16.988625203858206,0.6,0.2126627529164462,3.191489361702127,0.8126627529164462,21.144189774806545,-0.36520246134282386,0.36520246134282386,-0.36520246134282386,0.36520246134282386,4.155564570948339,4.155564570948339,0.0670746550262166,0.042092236942781955,0.6351608966210639,True,FULL,FULL_poly_rank_3
72,0.42,2.175,5.1,3.8825,3.8825,4.482035276937978,2.298850574712644,8.364535276937978,6.759501195047857,3.8825,4.796512108914628,2.298850574712644,8.679012108914629,5.99165208151573,0.3144768319766502,0.3144768319766502,0.3144768319766502,0.3144768319766502,-0.7678491135321268,0.7678491135321268,0.08205037699505441,0.03886757239878609,0.9862193149752267,True,FULL,FULL_poly_rank_3
73,1.09,3.85,15.19,13.3025,13.3025,11.821633061680007,1.2987012987012987,25.12413306168001,2.9737453064844868,13.3025,19.64798647932485,1.2987012987012987,32.95048647932485,2.295662745290101,7.826353417644842,7.826353417644842,7.826353417644842,7.826353417644842,-0.6780825611943859,0.6780825611943859,0.33082578979550814,0.2339128000583192,0.979131859592619,True,FULL,FULL_poly_rank_3
74,0.47,1.5666666666666669,0.66,0.5066666666666667,0.5066666666666667,1.2794449424210406,3.191489361702127,1.7861116090877074,5.540134014051035,0.5066666666666667,1.2511514678464342,3.191489361702127,1.757818134513101,4.769875763741561,-0.028293474574606403,0.028293474574606403,-0.028293474574606403,0.028293474574606403,-0.7702582503094737,0.7702582503094737,0.043887782182953375,0.02775745007819947,0.8186314827359893,True,FULL,FULL_poly_rank_3
76,4.13,4.7,14.9,13.285,13.285,1213.8760619263403,1.0638297872340423,1227.1610619263406,1.0940505167399543,13.285,469.7019201559131,1.0638297872340423,482.98692015591314,1.0725626343338923,-744.1741417704272,744.1741417704272,-744.1741417704275,744.1741417704275,-0.02148788240606203,0.02148788240606203,5.067310808980139,3.3693915706198196,-0.9811328908340076,True,FULL,FULL_poly_rank_3
77,0.18,1.5666666666666669,0.88,0.4966666666666666,0.4966666666666666,0.8494890683979475,3.191489361702127,1.346155735064614,14.732448429095294,0.4966666666666666,0.5682538193038265,3.191489361702127,1.064920485970493,15.438517467758818,-0.281235249094121,0.281235249094121,-0.281235249094121,0.281235249094121,0.7060690386635233,0.7060690386635233,0.05273169592001842,0.03310171113696438,0.8452093444490438,True,FULL,FULL_poly_rank_3
78,1.25,2.566666666666667,4.37,3.77,3.77,17.6011784506471,1.948051948051948,21.3711784506471,2.4976694597033373,3.77,8.989424020361643,1.948051948051948,12.759424020361642,2.392704636865389,-8.611754430285458,8.611754430285458,-8.611754430285458,8.611754430285458,-0.10496482283794828,0.10496482283794828,0.49670567738599175,0.36671627406571233,0.582878684584389,True,FULL,FULL_poly_rank_3
79,3.62,4.5,14.62,13.843333333333334,13.843333333333334,173.78668847200146,1.1111111111111112,187.6300218053348,1.2115644521301927,13.843333333333334,105.04393597770412,1.1111111111111112,118.88726931103744,1.1563283050540154,-68.74275249429733,68.74275249429733,-68.74275249429735,68.74275249429735,-0.0552361470761773,0.0552361470761773,1.9637903279062692,1.3389819829436675,0.4271915387149079,True,FULL,FULL_poly_rank_3
80,0.11,1.5633333333333332,1.04,0.5006666666666667,0.5006666666666667,0.863642983300683,3.1982942430703627,1.3643096499673495,27.24084861115649,0.5006666666666667,0.7966388947498994,3.1982942430703627,1.297305561416566,27.036647987236204,-0.06700408855078366,0.06700408855078366,-0.06700408855078344,0.06700408855078344,-0.20420062392028626,0.20420062392028626,0.016177370471836337,0.009499065148565517,0.9904028539217844,True,FULL,FULL_poly_rank_3
81,0.23,2.1775,4.79,3.54875,3.54875,2.4552355004571034,2.296211251435132,6.003985500457103,14.649101403235154,3.54875,3.5266394045135794,2.296211251435132,7.0753894045135794,12.790716622341352,1.071403904056476,1.071403904056476,1.071403904056476,1.071403904056476,-1.858384780893802,1.858384780893802,0.1861816231333591,0.11726425160684084,0.891705337258305,True,FULL,FULL_poly_rank_3
83,0.21,1.5566666666666666,0.75,0.4896666666666667,0.4896666666666667,0.6541837303857423,3.211991434689508,1.143850397052409,13.109251845364824,0.4896666666666667,0.3528299106215817,3.211991434689508,0.8424965772882484,14.55071891865184,-0.3013538197641606,0.3013538197641606,-0.30135381976416054,0.30135381976416054,1.4414670732870167,1.4414670732870167,0.050920852134133915,0.03268123599777632,0.7611734650301789,True,FULL,FULL_poly_rank_3
84,1.52,2.19,4.53,3.98,3.98,84.48453784563569,2.2831050228310503,88.46453784563569,2.4678705594788535,3.98,53.83778702221173,2.2831050228310503,57.817787022211725,2.3486471137055074,-30.646750823423957,30.646750823423957,-30.646750823423965,30.646750823423965,-0.11922344577334609,0.11922344577334609,0.9680248576890913,0.7102431097448522,-0.22891469648514873,True,FULL,FULL_poly_rank_3
86,1.14,1.85,0.47,0.4455,0.4455,1.2635859558868447,2.702702702702702,1.7090859558868448,3.448989911906233,0.4455,2.9880311033477014,2.702702702702702,3.4335311033477014,2.880496505109843,1.7244451474608566,1.7244451474608566,1.7244451474608566,1.7244451474608566,-0.56849340679639,0.56849340679639,0.035359544019971205,0.024944881289051302,0.8433825726592242,True,FULL,FULL_poly_rank_3
87,1.53,2.29,3.84,3.5879999999999996,3.5879999999999996,21.229112109709114,2.1834061135371177,24.817112109709115,2.5522940611621228,3.5879999999999996,14.219924108356222,2.1834061135371177,17.80792410835622,2.389386497969537,-7.009188001352891,7.009188001352891,-7.009188001352893,7.009188001352893,-0.1629075631925856,0.1629075631925856,0.4148848206294365,0.3022892906027978,0.6603514373670356,True,FULL,FULL_poly_rank_3
89,0.31,1.5733333333333333,0.64,0.434,0.434,0.831446191232911,3.1779661016949152,1.265446191232911,8.046929532076042,0.434,0.6723442255732122,3.1779661016949152,1.106344225573212,7.595079314801788,-0.1591019656596988,0.1591019656596988,-0.1591019656596988,0.1591019656596988,-0.451850217274254,0.451850217274254,0.030594922958782543,0.019298057645936312,0.8962199463796539,True,FULL,FULL_poly_rank_3
91,2.56,4.125,14.35,13.695,13.695,33.24347166872315,1.2121212121212122,46.93847166872315,1.5724619149710894,13.695,28.36929089367475,1.2121212121212122,42.06429089367475,1.4307656483031526,-4.874180775048401,4.874180775048401,-4.874180775048401,4.874180775048401,-0.1416962666679369,0.1416962666679369,0.946173799868919,0.6820597146831909,0.8811741356359065,True,FULL,FULL_poly_rank_3
92,0.1,1.5666666666666669,0.84,0.5786666666666667,0.5786666666666667,0.3913124802400913,3.191489361702127,0.969979146906758,37.39184550372476,0.5786666666666667,0.2937139998788731,3.191489361702127,0.8723806665455398,39.14571604642763,-0.09759848036121821,0.09759848036121821,-0.09759848036121821,0.09759848036121821,1.7538705427028702,1.7538705427028702,0.02291849223887331,0.013552770039450364,0.9434471200541136,True,FULL,FULL_poly_rank_3
93,0.29,2.175,4.72,4.314,4.314,0.9127902034753363,2.298850574712644,5.226790203475336,15.255568277966066,4.314,1.1591736606160996,2.298850574712644,5.4731736606161,13.841706641157996,0.24638345714076326,0.24638345714076326,0.24638345714076326,0.24638345714076326,-1.41386163680807,1.41386163680807,0.03808491004476138,0.024618988696226286,0.9952013675539779,True,FULL,FULL_poly_rank_3
94,2.24,4.125,16.29,15.185,15.185,36.934910613682646,1.2121212121212122,52.11991061368265,1.6343524111032697,15.185,35.565978281128395,1.2121212121212122,50.7509782811284,1.4512153473139462,-1.3689323325542517,1.3689323325542517,-1.3689323325542517,1.3689323325542517,-0.18313706378932348,0.18313706378932348,1.1396868565971712,0.8052249684128673,0.8554803778016227,True,FULL,FULL_poly_rank_3
95,0.15,1.5666666666666669,1.04,0.515,0.515,1.0180921290257392,3.191489361702127,1.533092129025739,17.824332391452327,0.515,0.7997404738279416,3.191489361702127,1.3147404738279416,18.06044974636243,-0.21835165519779764,0.21835165519779764,-0.21835165519779753,0.21835165519779753,0.23611735491010322,0.23611735491010322,0.04539316171609748,0.027794399437884802,0.9288112214293746,True,FULL,FULL_poly_rank_3
96,0.32,2.225,5.75,4.01075,4.01075,4.5926707536336835,2.2471910112359548,8.603420753633683,8.90252129065327,4.01075,6.874295780966641,2.2471910112359548,10.88504578096664,7.413518817689022,2.2816250273329572,2.2816250273329572,2.2816250273329572,2.2816250273329572,-1.4890024729642484,1.4890024729642484,0.2713099317938505,0.1821148230828969,0.8752853183612869,True,FULL,FULL_poly_rank_3
97,0.98,3.925,16.9,13.655,13.655,17.423005323734152,1.2738853503184715,31.07800532373415,2.9328424113361327,13.655,38.08207897215124,1.2738853503184715,51.73707897215124,2.093448847051247,20.659073648417085,20.659073648417085,20.65907364841709,20.65907364841709,-0.8393935642848858,0.8393935642848858,0.6531610630260318,0.517063994030591,0.929304942828924,True,FULL,FULL_poly_rank_3
98,0.12,1.5666666666666669,1.33,0.569,0.569,1.2856106349233354,3.191489361702127,1.854610634923335,23.13000566043724,0.569,1.2520694062917304,3.191489361702127,1.8210694062917303,22.640468032218344,-0.033541228631605025,0.033541228631605025,-0.0335412286316048,0.0335412286316048,-0.4895376282188977,0.4895376282188977,0.009833154303622492,0.005404985363534851,0.9982049080296035,True,FULL,FULL_poly_rank_3
99,0.38,2.1775,5.29,3.8055,3.8055,4.8847712477868654,2.296211251435132,8.690271247786866,7.231167894086396,3.8055,6.27129528700269,2.296211251435132,10.07679528700269,6.126987972839382,1.386524039215825,1.386524039215825,1.386524039215825,1.386524039215825,-1.104179921247014,1.104179921247014,0.10055675869185265,0.07337078825075645,0.980924266137392,True,FULL,FULL_poly_rank_3
100,1.12,3.865,15.69,14.2025,14.2025,9.330787016774106,1.2936610608020698,23.533287016774107,3.133851414322128,14.2025,17.00342203915863,1.2936610608020698,31.20592203915863,2.3801684810415615,7.672635022384522,7.672635022384522,7.672635022384522,7.672635022384522,-0.7536829332805666,0.7536829332805666,0.33025775624404974,0.2439062071492106,0.9809880273972715,True,FULL,FULL_poly_rank_3
101,0.11,1.5599999999999998,1.19,0.5136666666666666,0.5136666666666666,1.0901897584596147,3.2051282051282053,1.6038564251262817,26.190812099681132,0.5136666666666666,1.0608794301480549,3.2051282051282053,1.5745460968147214,25.730540669792205,-0.029310328311559886,0.029310328311559886,-0.02931032831156033,0.02931032831156033,-0.4602714298889268,0.4602714298889268,0.008238989058498417,0.004589140563226366,0.9983658939693343,True,FULL,FULL_poly_rank_3
102,0.33,2.175,5.38,4.15275,4.15275,3.3230952595070686,2.298850574712644,7.475845259507069,9.464816530487427,4.15275,4.81309786060078,2.298850574712644,8.96584786060078,7.940031714174902,1.4900026010937113,1.4900026010937113,1.4900026010937113,1.4900026010937113,-1.5247848163125255,1.5247848163125255,0.170208296781287,0.11377066880557546,0.9374760078093309,True,FULL,FULL_poly_rank_3
103,0.94,4.6125,15.17,14.2325,14.2325,3.230539541690666,1.0840108401084012,17.463039541690666,4.61254903129243,14.2325,5.396904326464226,1.0840108401084012,19.629404326464226,3.788922442275621,2.1663647847735596,2.1663647847735596,2.1663647847735596,2.1663647847735596,-0.8236265890168095,0.8236265890168095,0.22547770803916048,0.15654204878409236,0.9878214640556058,True,FULL,FULL_poly_rank_3
104,0.46,1.61,0.57,0.4153333333333333,0.4153333333333333,1.2195408766373736,3.105590062111801,1.634874209970707,5.380408458094788,0.4153333333333333,1.4043703567042187,3.105590062111801,1.819703690037552,4.4515145977536354,0.18482948006684508,0.18482948006684508,0.18482948006684508,0.18482948006684508,-0.9288938603411525,0.9288938603411525,0.03745880197631054,0.02242694840490274,0.825879239783164,True,FULL,FULL_poly_rank_3
106,6.69,7.0,11.06,11.03,11.03,6.769176332863529,0.7142857142857143,17.799176332863528,0.9707346090728766,11.03,48.5052336829643,0.7142857142857143,59.535233682964304,0.7527538515965608,41.73605735010077,41.73605735010077,41.73605735010078,41.73605735010078,-0.21798075747631573,0.21798075747631573,0.3233750470411191,0.17292300267673336,0.9738441178563573,True,FULL,FULL_poly_rank_3
107,0.15,1.5566666666666666,0.88,0.5103333333333334,0.5103333333333334,0.7081291518031402,3.211991434689508,1.2184624851364736,19.26598627033951,0.5103333333333334,0.4577621984329694,3.211991434689508,0.9680955317663028,20.591913020254168,-0.2503669533701708,0.2503669533701708,-0.2503669533701708,0.2503669533701708,1.3259267499146574,1.3259267499146574,0.05082088110479958,0.03128125519324408,0.838550031939432,True,FULL,FULL_poly_rank_3
108,0.24,2.175,5.1,3.69825,3.69825,2.8769666070220197,2.298850574712644,6.5752166070220195,13.53664985652516,3.69825,4.125975011067296,2.298850574712644,7.824225011067296,11.76994288198792,1.2490084040452762,1.2490084040452762,1.2490084040452762,1.2490084040452762,-1.7667069745372412,1.7667069745372412,0.20816370961480893,0.13227586172252923,0.8868056664617402,True,FULL,FULL_poly_rank_3
109,0.47,3.8575,14.84,13.285,13.285,3.275885261750222,1.2961762799740766,16.560885261750222,9.133208341560495,13.285,1.9854481891473164,1.2961762799740766,15.270448189147316,9.979573084826434,-1.2904370726029057,1.2904370726029057,-1.2904370726029057,1.2904370726029057,0.8463647432659389,0.8463647432659389,0.23719114487212556,0.14622741964351563,0.9801189946713703,True,FULL,FULL_poly_rank_3
110,0.15,2.1675,1.23,0.6225,0.6225,0.9619833022068238,2.306805074971165,1.584483302206824,20.507804388385548,0.6225,0.5871366341075857,2.306805074971165,1.2096366341075857,22.22921666417044,-0.37484666809923817,0.37484666809923817,-0.3748466680992384,0.3748466680992384,1.7214122757848926,1.7214122757848926,0.08500503187342381,0.05080881603367847,0.7945943403618636,True,FULL,FULL_poly_rank_3
111,0.25,2.165,6.22,4.547499999999999,4.547499999999999,3.553532108811563,2.3094688221709005,8.101032108811562,12.896286747191096,4.547499999999999,4.849093951013428,2.3094688221709005,9.396593951013427,11.310571522409605,1.2955618422018649,1.2955618422018649,1.2955618422018649,1.2955618422018649,-1.5857152247814916,1.5857152247814916,0.20470689387467703,0.1307396380420834,0.9270633389093585,True,FULL,FULL_poly_rank_3
113,0.21,1.5599999999999998,0.72,0.5333333333333333,0.5333333333333333,0.4530839141628877,3.2051282051282053,0.9864172474962212,14.758619332850811,0.5333333333333333,0.1045060876238433,3.2051282051282053,0.6378394209571767,20.701853933677945,-0.3485778265390444,0.3485778265390444,-0.34857782653904446,0.34857782653904446,5.943234600827134,5.943234600827134,0.05778824884480312,0.036817224959717565,0.5912077535468243,True,FULL,FULL_poly_rank_3
114,0.46,2.215,4.54,3.755,3.755,3.0550946555112306,2.2573363431151243,6.8100946555112305,6.812602552841997,3.755,1.6495786676997533,2.2573363431151243,5.404578667699753,7.425825282352387,-1.4055159878114774,1.4055159878114774,-1.4055159878114774,1.4055159878114774,0.6132227295103903,0.6132227295103903,0.1857663428285046,0.12495164070160385,0.9096713881187924,True,FULL,FULL_poly_rank_3
115,3.02,4.84,14.29,13.226666666666668,13.226666666666668,67.62238227774218,1.0330578512396695,80.84904894440885,1.2379494369579531,13.226666666666668,35.249374206612096,1.0330578512396695,48.47604087327876,1.1836101409210011,-32.37300807113008,32.37300807113008,-32.37300807113009,32.37300807113009,-0.05433929603695198,0.05433929603695198,1.5126861417964754,1.1335579955365764,0.6828665409625043,True,FULL,FULL_poly_rank_3
116,0.1,1.5533333333333337,1.16,0.5640000000000001,0.5640000000000001,0.912890584776652,3.218884120171673,1.476890584776652,31.1344826944979,0.5640000000000001,0.967363283112194,3.218884120171673,1.5313632831121942,30.200525213471703,0.054472698335542025,0.054472698335542025,0.054472698335542136,0.054472698335542136,-0.9339574810261979,0.9339574810261979,0.01148349516268733,0.006942997422131964,0.9959526637494375,True,FULL,FULL_poly_rank_3
117,0.28,2.16,4.98,3.80875,3.80875,2.7207253448886286,2.314814814814815,6.5294753448886285,11.627647012732409,3.80875,3.996603715173495,2.314814814814815,7.805353715173495,9.892837000345088,1.2758783702848664,1.2758783702848664,1.2758783702848664,1.2758783702848664,-1.734810012387321,1.734810012387321,0.1828380975225439,0.1184969956113755,0.908933047863777,True,FULL,FULL_poly_rank_3
118,0.84,3.88,14.83,12.9825,12.9825,7.331910697776193,1.288659793814433,20.314410697776193,4.123242699657944,12.9825,15.597911752660584,1.288659793814433,28.580411752660584,3.0257205570718617,8.266001054884391,8.266001054884391,8.266001054884391,8.266001054884391,-1.0975221425860826,1.0975221425860826,0.5800576686645883,0.4174511360165505,0.9189376483198405,True,FULL,FULL_poly_rank_3
119,0.05,1.5533333333333337,1.06,0.4603333333333333,0.4603333333333333,0.7347138188950575,3.218884120171673,1.1950471522283908,76.69251608229672,0.4603333333333333,0.910704237633988,3.218884120171673,1.3710375709673213,74.13916592435909,0.1759904187389305,0.1759904187389305,0.1759904187389305,0.1759904187389305,-2.553350157937629,2.553350157937629,0.04568519762047549,0.02618881530250535,0.9238825918819703,True,FULL,FULL_poly_rank_3
120,0.24,2.1675,5.34,3.634,3.634,3.551284821064535,2.306805074971165,7.185284821064535,12.76758648025316,3.634,4.691604967017163,2.306805074971165,8.325604967017163,11.327263379694212,1.1403201459526282,1.1403201459526282,1.1403201459526286,1.1403201459526286,-1.4403231005589472,1.4403231005589472,0.18361094298325314,0.11735691591259137,0.9278897448986826,True,FULL,FULL_poly_rank_3
121,0.58,3.8475,15.72,12.52,12.52,8.509190021060213,1.299545159194282,21.029190021060213,5.626700720273117,12.52,13.665257776310613,1.299545159194282,26.18525777631061,4.600325575605768,5.156067755250399,5.156067755250399,5.1560677552503975,5.1560677552503975,-1.026375144667349,1.026375144667349,0.6261321016929886,0.41562572184283725,0.8973730479943647,True,FULL,FULL_poly_rank_3
122,0.16,1.7866666666666664,1.46,0.5153333333333333,0.5153333333333333,1.791622665699797,2.7985074626865676,2.3069559990331303,15.27471027903135,0.5153333333333333,1.454903637448353,2.7985074626865676,1.9702369707816865,15.318398348869788,-0.33671902825144384,0.33671902825144384,-0.33671902825144384,0.33671902825144384,0.04368806983843854,0.04368806983843854,0.07079573053493712,0.04322445989989593,0.9411419167554975,True,FULL,FULL_poly_rank_3
123,0.34,2.19,5.86,3.70375,3.70375,6.4076526447249105,2.2831050228310503,10.11140264472491,7.4904783908875965,3.70375,9.60944116924804,2.2831050228310503,13.31319116924804,6.1622815119155865,3.2017885245231295,3.2017885245231295,3.2017885245231295,3.2017885245231295,-1.32819687897201,1.32819687897201,0.3074943828595071,0.21314927008994108,0.8737760967166033,True,FULL,FULL_poly_rank_3
124,0.72,3.9025,15.23,13.1975,13.1975,6.547895084347095,1.2812299807815504,19.745395084347095,4.922489465268678,13.1975,16.087248674119614,1.2812299807815504,29.284748674119616,3.5148725130803555,9.539353589772519,9.539353589772519,9.53935358977252,9.53935358977252,-1.4076169521883228,1.4076169521883228,0.9313532356070063,0.6381983766346002,0.7785644620985033,True,FULL,FULL_poly_rank_3
125,0.13,1.5766666666666669,0.83,0.5316666666666667,0.5316666666666667,0.5110542316499418,3.1712473572938684,1.0427208983166083,25.070549134255213,0.5316666666666667,0.2835398970449191,3.1712473572938684,0.8152065637115858,28.068169384265374,-0.22751433460502268,0.22751433460502268,-0.22751433460502246,0.22751433460502246,2.9976202500101614,2.9976202500101614,0.04892263711941431,0.02962557643177093,0.7867530457813113,True,FULL,FULL_poly_rank_3
126,0.33,2.195,4.91,4.2615,4.2615,1.6629195649406574,2.277904328018223,5.924419564940657,11.444353107108954,4.2615,1.7818727046656342,2.277904328018223,6.043372704665634,10.653429689825932,0.11895313972497679,0.11895313972497679,0.11895313972497679,0.11895313972497679,-0.7909234172830217,0.7909234172830217,0.02505686770781512,0.013291390641514446,0.9982297316846661,True,FULL,FULL_poly_rank_3
127,2.99,4.513333333333333,16.39,14.923333333333332,14.923333333333332,140.10135047238424,1.1078286558345645,155.0246838057176,1.2549920885699382,14.923333333333332,90.49251856196062,1.1078286558345645,105.41585189529395,1.1799841443560686,-49.60883191042362,49.60883191042362,-49.60883191042363,49.60883191042363,-0.07500794421386958,0.07500794421386958,2.3565776409696153,1.7415317421985912,0.39892493048793976,True,FULL,FULL_poly_rank_3
128,0.22,1.5666666666666669,1.38,0.6789999999999999,0.6789999999999999,1.9691572578488556,3.191489361702127,2.6481572578488555,10.298464829923804,0.6789999999999999,1.7335292856013358,3.191489361702127,2.4125292856013356,9.787604743432194,-0.23562797224751986,0.23562797224751986,-0.23562797224751986,0.23562797224751986,-0.5108600864916095,0.5108600864916095,0.052492717988355565,0.03182051011935147,0.9537828932369862,True,FULL,FULL_poly_rank_3
129,0.39,2.18,6.11,4.593,4.593,5.057943521426855,2.293577981651376,9.650943521426855,7.34235077378404,4.593,7.962660615789543,2.293577981651376,12.555660615789543,5.871572520425143,2.904717094362688,2.904717094362688,2.904717094362688,2.904717094362688,-1.4707782533588967,1.4707782533588967,0.2344783543824546,0.16481798444476362,0.9190064450838321,True,FULL,FULL_poly_rank_3
130,2.78,4.13,17.18,15.5675,15.5675,173.2142161184181,1.2106537530266344,188.7817161184181,1.354578535378103,15.5675,137.8189171727879,1.2106537530266344,153.3864171727879,1.2649239799219258,-35.3952989456302,35.3952989456302,-35.3952989456302,35.3952989456302,-0.08965455545617718,0.08965455545617718,2.6776893921131735,1.969714433783204,0.29386101610449966,True,FULL,FULL_poly_rank_3
131,0.3,1.57,0.69,0.4403333333333333,0.4403333333333333,0.989606450202688,3.184713375796178,1.4299397835360212,7.9675990689291964,0.4403333333333333,0.844336827582161,3.184713375796178,1.2846701609154942,7.38930308504916,-0.145269622620527,0.145269622620527,-0.145269622620527,0.145269622620527,-0.5782959838800368,0.5782959838800368,0.03259819849664939,0.02011191005433082,0.9061198324221819,True,FULL,FULL_poly_rank_3
132,0.38,2.2025,4.61,3.49275,3.49275,3.5417527605950667,2.270147559591374,7.034502760595067,7.697329513236288,3.49275,3.293858626578329,2.270147559591374,6.786608626578329,7.215683783783199,-0.24789413401673777,0.24789413401673777,-0.24789413401673777,0.24789413401673777,-0.48164572945308937,0.48164572945308937,0.08838751377237446,0.048668300624336795,0.9791574269159444,True,FULL,FULL_poly_rank_3
133,0.58,3.89,14.25,12.71,12.71,3.870375185655917,1.2853470437017995,16.580375185655917,6.937928600833182,12.71,9.459316797676411,1.2853470437017995,22.169316797676412,5.14527731985562,5.588941612020495,5.588941612020495,5.588941612020495,5.588941612020495,-1.7926512809775614,1.7926512809775614,0.7663576369553542,0.4980786917200325,0.8016069934396983,True,FULL,FULL_poly_rank_3
135,0.42,2.1925,4.74,4.255,4.255,1.6007301765706998,2.280501710376283,5.8557301765707,9.079561652406012,4.255,0.4329257455166218,2.280501710376283,4.687925745516622,11.882533490901414,-1.167804431054078,1.167804431054078,-1.167804431054078,1.167804431054078,2.8029718384954023,2.8029718384954023,0.14971703724755178,0.09849557894388937,0.9423940236017103,True,FULL,FULL_poly_rank_3
136,2.48,4.18,15.4,14.19,14.19,62.34454554337887,1.1961722488038278,76.53454554337887,1.469660738779334,14.19,47.871274285612415,1.1961722488038278,62.06127428561241,1.3494777074797109,-14.473271257766456,14.473271257766456,-14.473271257766456,14.473271257766456,-0.12018303129962304,0.12018303129962304,1.5331221244032656,1.1315104376675347,0.713466816694827,True,FULL,FULL_poly_rank_3
137,1.18,1.85,0.63,0.575,0.575,4.239497230710774,2.702702702702702,4.814497230710774,3.1309195303367727,0.575,6.355570470738828,2.702702702702702,6.930570470738828,2.808703786178623,2.1160732400280535,2.1160732400280535,2.1160732400280535,2.1160732400280535,-0.3222157441581497,0.3222157441581497,0.08245783113348941,0.06118084118307033,0.5081971013351944,True,FULL,FULL_poly_rank_3
138,0.99,2.6033333333333335,4.93,4.496666666666667,4.496666666666667,4.9592094785200045,1.9206145966709345,9.455876145186672,3.460965956174455,4.496666666666667,0.8428911702242354,1.9206145966709345,5.3395578368909025,4.686338432204729,-4.116318308295769,4.116318308295769,-4.116318308295769,4.116318308295769,1.225372476030274,1.225372476030274,0.2234248723727261,0.16626248449281922,0.9263330753030344,True,FULL,FULL_poly_rank_3
139,1.92,4.2125,17.14,16.56,16.56,9.158812659704571,1.1869436201780414,25.71881265970457,2.22655990128023,16.56,13.173864311212125,1.1869436201780414,29.733864311212123,1.8389591620160943,4.015051651507553,4.015051651507553,4.015051651507552,4.015051651507552,-0.38760073926413563,0.38760073926413563,0.45623640019607675,0.2517068842788236,0.977874841156554,True,FULL,FULL_poly_rank_3
140,0.42,1.7400000000000002,0.83,0.4525,0.4525,2.5886372580129136,2.8735632183908044,3.0411372580129137,4.84879553279124,0.4525,3.0580332643206476,2.8735632183908044,3.5105332643206477,3.974195191445176,0.46939600630773404,0.46939600630773404,0.46939600630773404,0.46939600630773404,-0.8746003413460643,0.8746003413460643,0.07043033953072303,0.04246686504645727,0.7860825052035133,True,FULL,FULL_poly_rank_3
141,1.23,2.5733333333333337,4.22,4.026666666666666,4.026666666666666,3.714553371745124,1.94300518134715,7.74122003841179,3.22230726876678,4.026666666666666,0.702568409228661,1.94300518134715,4.729235075895327,4.1004294492959925,-3.011984962516463,3.011984962516463,-3.011984962516463,3.011984962516463,0.8781221805292123,0.8781221805292123,0.12074686263313193,0.09193142799801654,0.9749942077996115,True,FULL,FULL_poly_rank_3
143,0.33,1.5733333333333333,0.58,0.4766666666666666,0.4766666666666666,0.4098600862261488,3.1779661016949152,0.8865267528928155,9.368454028225154,0.4766666666666666,0.143105888697584,3.1779661016949152,0.6197725553642507,11.523041847336698,-0.2667541975285648,0.2667541975285648,-0.2667541975285648,0.2667541975285648,2.154587819111544,2.154587819111544,0.03175256113732632,0.02160942182769281,0.8397981909976272,True,FULL,FULL_poly_rank_3
144,0.43,2.1725,4.53,3.8975,3.8975,2.2412867147074325,2.3014959723820483,6.138786714707432,7.955893974394428,3.8975,0.9924535811868624,2.3014959723820483,4.889953581186862,9.243678311322048,-1.24883313352057,1.24883313352057,-1.24883313352057,1.24883313352057,1.2877843369276203,1.2877843369276203,0.16321724793589806,0.10898702661827209,0.9268508045015509,True,FULL,FULL_poly_rank_3
145,3.33,4.496666666666667,14.77,14.159999999999998,14.159999999999998,71.68575820940592,1.111934766493699,85.84575820940591,1.2931877819034847,14.159999999999998,55.29413003209271,1.111934766493699,69.4541300320927,1.2043882142632525,-16.39162817731321,16.39162817731321,-16.39162817731321,16.39162817731321,-0.08879956764023222,0.08879956764023222,1.2878708802066228,0.8929820563400174,0.7721912984148687,True,FULL,FULL_poly_rank_3
147,1.84,3.1775,4.39,3.69,3.69,48.191526905344915,1.5735641227380015,51.88152690534491,1.779339325853626,3.69,24.23982896697179,1.5735641227380015,27.92982896697179,1.6890717869525604,-23.951697938373126,23.951697938373126,-23.951697938373123,23.951697938373123,-0.09026753890106565,0.09026753890106565,0.8433887925379949,0.6416209552347706,-0.03436992643802084,True,FULL,FULL_poly_rank_3
148,2.23,4.3774999999999995,15.49,14.875,14.875,14.10295307840756,1.142204454597373,28.97795307840756,1.8301286904573817,14.875,11.828374223971924,1.142204454597373,26.703374223971924,1.680512763294507,-2.274578854435637,2.274578854435637,-2.274578854435635,2.274578854435635,-0.14961592716287475,0.14961592716287475,0.5526360634886708,0.3693716862984654,0.9625680607829624,True,FULL,FULL_poly_rank_3
149,0.18,1.5599999999999998,0.96,0.5433333333333333,0.5433333333333333,0.9264981470545324,3.2051282051282053,1.4698314803878656,14.731251978605432,0.5433333333333333,0.6286739614387528,3.2051282051282053,1.172007294772086,15.377385223283907,-0.2978241856157796,0.2978241856157796,-0.2978241856157795,0.2978241856157795,0.6461332446784755,0.6461332446784755,0.05589695090966778,0.035081963376148086,0.8534033205284566,True,FULL,FULL_poly_rank_3
150,0.4,2.175,5.29,4.25,4.25,3.4798658017251105,2.298850574712644,7.7298658017251105,7.755705088302538,4.25,3.926159828646416,2.298850574712644,8.176159828646416,6.869433505154019,0.4462940269213056,0.4462940269213056,0.44629402692130515,0.44629402692130515,-0.8862715831485186,0.8862715831485186,0.055902162963136964,0.03301696889684985,0.9935777651545341,True,FULL,FULL_poly_rank_3
151,0.99,3.6125,15.85,14.965,14.965,4.712295648967803,1.384083044982699,19.677295648967803,4.185634509215309,14.965,15.113357314359227,1.384083044982699,30.078357314359227,2.7858386421070387,10.401061665391424,10.401061665391424,10.401061665391424,10.401061665391424,-1.3997958671082706,1.3997958671082706,0.545518946644681,0.41464220199719404,0.9475431956122559,True,FULL,FULL_poly_rank_3
152,1.16,1.9,0.64,0.54,0.54,8.918859589233094,2.6315789473684212,9.458859589233091,2.9158636476035604,0.54,12.722660219731411,2.6315789473684212,13.262660219731412,2.684614229053571,3.8038006304983174,3.8038006304983174,3.803800630498321,3.803800630498321,-0.23124941854998937,0.23124941854998937,0.1357955343245424,0.10355126810006764,-0.19765127056479037,True,FULL,FULL_poly_rank_3
153,1.3,2.566666666666667,4.2,3.9333333333333336,3.9333333333333336,6.732843008196392,1.948051948051948,10.666176341529724,2.832743127876559,3.9333333333333336,2.5971206060749727,1.948051948051948,6.530453939408306,2.985839854152277,-4.135722402121419,4.135722402121419,-4.135722402121417,4.135722402121417,0.1530967262757179,0.1530967262757179,0.22504627208780784,0.1669024352854705,0.9132027398912305,True,FULL,FULL_poly_rank_3
155,0.56,1.5599999999999998,0.58,0.4766666666666666,0.4766666666666666,1.2430840918042927,3.2051282051282053,1.7197507584709593,5.0236277196711585,0.4766666666666666,1.3972823931659983,3.2051282051282053,1.873949059832665,4.220847002953603,0.15419830136170565,0.15419830136170565,0.15419830136170565,0.15419830136170565,-0.8027807167175558,0.8027807167175558,0.04198496092873857,0.02715517755930186,0.8004772523205331,True,FULL,FULL_poly_rank_3
157,1.32,3.9,14.36,13.5925,13.5925,6.126023681195667,1.2820512820512822,19.718523681195663,3.032176279008363,13.5925,6.397588234471408,1.2820512820512822,19.990088234471408,2.7130597515630006,0.27156455327574136,0.27156455327574136,0.2715645532757449,0.2715645532757449,-0.31911652744536223,0.31911652744536223,0.2610809471620721,0.13380493889293762,0.9874328312218967,True,FULL,FULL_poly_rank_3
158,0.17,1.6233333333333333,1.0,0.5720000000000001,0.5720000000000001,0.8749487231528226,3.080082135523614,1.4469487231528226,16.31818533574024,0.5720000000000001,0.5551134007032148,3.080082135523614,1.1271134007032149,17.447693309617797,-0.3198353224496078,0.3198353224496078,-0.3198353224496078,0.3198353224496078,1.1295079738775584,1.1295079738775584,0.06236285897906151,0.03877257033268351,0.8219827857321969,True,FULL,FULL_poly_rank_3
159,0.32,2.1825,5.06,4.11975,4.11975,2.410582651104151,2.290950744558992,6.530332651104151,10.626543938716322,4.11975,3.184424062729243,2.290950744558992,7.304174062729243,9.244975116806156,0.7738414116250922,0.7738414116250922,0.7738414116250922,0.7738414116250922,-1.3815688219101663,1.3815688219101663,0.09410942843896418,0.06257445807193483,0.9768300447681757,True,FULL,FULL_poly_rank_3
160,1.07,3.895,14.3,13.0025,13.0025,7.31537030166651,1.2836970474967908,20.31787030166651,3.3651116062820727,13.0025,10.21867623555818,1.2836970474967908,23.22117623555818,2.7694449695550247,2.9033059338916694,2.9033059338916694,2.9033059338916694,2.9033059338916694,-0.595666636727048,0.595666636727048,0.23221743897690014,0.14275649455234332,0.9882698095634679,True,FULL,FULL_poly_rank_3
161,0.1,1.5666666666666669,0.85,0.5843333333333334,0.5843333333333334,0.3978559436075378,3.191489361702127,0.9821892769408712,37.33548887229885,0.5843333333333334,0.3041315318054773,3.191489361702127,0.8884648651388107,38.92274974316112,-0.09372441180206048,0.09372441180206048,-0.09372441180206048,0.09372441180206048,1.5872608708622664,1.5872608708622664,0.02203886401613958,0.013028913640729872,0.9491231443268597,True,FULL,FULL_poly_rank_3
162,0.24,2.175,6.09,4.409,4.409,3.4511384121172206,2.298850574712644,7.86013841211722,13.515323404054092,4.409,4.289605404135334,2.298850574712644,8.698605404135334,12.198220605031352,0.8384669920181134,0.8384669920181134,0.8384669920181134,0.8384669920181134,-1.3171027990227397,1.3171027990227397,0.1340190592638132,0.08496221850109208,0.9671798888674983,True,FULL,FULL_poly_rank_3
163,0.5,3.8625,16.89,15.2325,15.2325,3.655467066441505,1.2944983818770228,18.887967066441504,8.601598077321363,15.2325,0.1570700767843114,1.2944983818770228,15.389570076784311,15.418953285486,-3.4983969896571936,3.4983969896571936,-3.498396989657193,3.498396989657193,6.817355208164637,6.817355208164637,0.6441459488336084,0.39953608705897264,0.8908113566294046,True,FULL,FULL_poly_rank_3
164,0.07,1.5566666666666666,0.85,0.5843333333333334,0.5843333333333334,0.3510048045966245,3.211991434689508,0.935338137929958,59.36701870371923,0.5843333333333334,0.5932827863785983,3.211991434689508,1.1776161197119317,53.074619919731546,0.24227798178197385,0.24227798178197385,0.24227798178197368,0.24227798178197368,-6.292398783987686,6.292398783987686,0.06002819065239534,0.03492884585070578,0.5945667132906325,True,FULL,FULL_poly_rank_3
165,0.23,2.1675,5.85,4.43275,4.43275,2.80147060168731,2.306805074971165,7.23422060168731,14.978792929839672,4.43275,3.652048107430744,2.306805074971165,8.084798107430744,13.41707480650372,0.8505775057434342,0.8505775057434342,0.8505775057434342,0.8505775057434342,-1.561718123335952,1.561718123335952,0.14488006713086665,0.09082052513433478,0.9546696000183805,True,FULL,FULL_poly_rank_3
166,0.75,3.8625,16.87,15.795,15.795,3.4935563581594646,1.2944983818770228,19.288556358159465,5.80409010742513,15.795,15.481145380457455,1.2944983818770228,31.276145380457457,3.593468193511206,11.98758902229799,11.98758902229799,11.987589022297993,11.987589022297993,-2.210621913913924,2.210621913913924,1.1991267927396971,0.8184798432162844,0.7115490456318934,True,FULL,FULL_poly_rank_3
167,0.17,1.5599999999999998,0.8,0.5579999999999999,0.5579999999999999,0.4953159279041487,3.2051282051282053,1.0533159279041486,18.51576110820791,0.5579999999999999,0.1640594644164212,3.2051282051282053,0.7220594644164212,23.688053532885345,-0.3312564634877275,0.3312564634877275,-0.3312564634877274,0.3312564634877274,5.172292424677433,5.172292424677433,0.06253059343038093,0.03894476092796902,0.6083856142094521,True,FULL,FULL_poly_rank_3
168,1.11,2.563333333333333,4.61,4.293333333333333,4.293333333333333,4.918051194692046,1.950585175552666,9.21138452802538,3.258019017990617,4.293333333333333,1.0233042959806102,1.950585175552666,5.316637629313943,4.105554069432178,-3.8947468987114355,3.8947468987114355,-3.8947468987114373,3.8947468987114373,0.8475350514415609,0.8475350514415609,0.18730218103700833,0.14234003672332737,0.9458037918369022,True,FULL,FULL_poly_rank_3
169,3.93,4.553333333333334,16.61,16.513333333333332,16.513333333333332,14.198414912137522,1.0980966325036603,30.711748245470854,1.4757256498343354,16.513333333333332,80.06672709034837,1.0980966325036603,96.5800604236817,1.1596979464124626,65.86831217821084,65.86831217821084,65.86831217821084,65.86831217821084,-0.3160277034218728,0.3160277034218728,0.5561926553441465,0.3144557239945201,0.9670992968225628,True,FULL,FULL_poly_rank_3
170,0.19,1.5533333333333337,0.76,0.5436666666666666,0.5436666666666666,0.4848535368761771,3.218884120171673,1.0285202035428438,16.275028887164293,0.5436666666666666,0.1413589369369416,3.218884120171673,0.6850256036036083,21.526199547977747,-0.3434945999392355,0.3434945999392355,-0.3434945999392355,0.3434945999392355,5.251170660813454,5.251170660813454,0.06067838354955147,0.038296671507798204,0.5966139800313434,True,FULL,FULL_poly_rank_3
171,0.32,2.17,4.74,4.0465,4.0465,1.7565900119017304,2.3041474654377883,5.80309001190173,11.4900793995,4.0465,1.8922198078139916,2.3041474654377883,5.938719807813992,10.667328196554228,0.1356297959122612,0.1356297959122612,0.1356297959122612,0.1356297959122612,-0.8227512029457724,0.8227512029457724,0.025016766060516095,0.014075933616589906,0.9980919860909249,True,FULL,FULL_poly_rank_3
172,1.88,4.13,15.76,14.8875,14.8875,14.997831291761866,1.2106537530266344,29.885331291761865,2.0220034481788933,14.8875,14.939373667399735,1.2106537530266344,29.826873667399735,1.784921575263222,-0.058457624362130645,0.058457624362130645,-0.058457624362130645,0.058457624362130645,-0.2370818729156714,0.2370818729156714,0.5958723707221164,0.3788969964246221,0.9548338084363174,True,FULL,FULL_poly_rank_3
173,0.23,1.5666666666666669,0.81,0.5826666666666666,0.5826666666666666,0.6080845262035995,3.191489361702127,1.190751192870266,12.675105003139644,0.5826666666666666,0.2139265694781791,3.191489361702127,0.7965932361448457,15.885547657786663,-0.3941579567254204,0.3941579567254204,-0.3941579567254204,0.3941579567254204,3.2104426546470197,3.2104426546470197,0.061893020110901975,0.04015687112948694,0.6609040572058473,True,FULL,FULL_poly_rank_3
174,0.27,2.18,5.18,4.452999999999999,4.452999999999999,1.5717255574854088,2.293577981651376,6.024725557485408,14.53141002624948,4.452999999999999,2.8542131303957516,2.293577981651376,7.307213130395751,11.861024194976242,1.2824875729103429,1.2824875729103429,1.2824875729103429,1.2824875729103429,-2.6703858312732383,2.6703858312732383,0.20579495652750965,0.13024295789175888,0.8793695057671994,True,FULL,FULL_poly_rank_3
175,1.85,4.1125,17.29,16.4125,16.4125,14.29966321375646,1.21580547112462,30.71216321375646,2.100213453400296,16.4125,19.96680604991912,1.21580547112462,36.37930604991912,1.7310876372354842,5.667142836162661,5.667142836162661,5.667142836162661,5.667142836162661,-0.3691258161648119,0.3691258161648119,0.5950220506120386,0.34391344314383887,0.9624712560612799,True,FULL,FULL_poly_rank_3
176,0.65,1.5766666666666669,0.57,0.478,0.478,1.612273609680621,3.1712473572938684,2.090273609680621,4.48569879514461,0.478,2.028580844736521,3.1712473572938684,2.5065808447365203,3.7578849655179223,0.41630723505590006,0.41630723505590006,0.4163072350558994,0.4163072350558994,-0.7278138296266876,0.7278138296266876,0.05139772658019563,0.03497939532285207,0.7130118813241166,True,FULL,FULL_poly_rank_3
177,1.47,2.6333333333333333,3.8,3.616,3.616,6.14964024424423,1.89873417721519,9.76564024424423,2.66832825839853,3.616,2.9060990816529437,1.89873417721519,6.522099081652944,2.6841500111292795,-3.243541162591286,3.243541162591286,-3.2435411625912858,3.2435411625912858,0.015821752730749594,0.015821752730749594,0.19484436435732574,0.1428818382181174,0.9250923167245302,True,FULL,FULL_poly_rank_3
178,2.12,4.1575,13.69,12.965,12.965,17.833183532648366,1.2026458208057729,30.79818353264837,1.8070468059221405,12.965,12.025232047561346,1.2026458208057729,24.990232047561346,1.7151146168025444,-5.80795148508702,5.80795148508702,-5.807951485087024,5.807951485087024,-0.09193218911959611,0.09193218911959611,0.6364181386030217,0.4468423234334725,0.9356375789665924,True,FULL,FULL_poly_rank_3
179,0.48,1.5666666666666669,0.88,0.6386666666666666,0.6386666666666666,2.2710172374402005,3.191489361702127,2.909683904106867,5.11752583659357,0.6386666666666666,2.187321375642652,3.191489361702127,2.8259880423093184,4.388956320032376,-0.08369586179754851,0.08369586179754851,-0.08369586179754851,0.08369586179754851,-0.7285695165611941,0.7285695165611941,0.07773160983948635,0.05122402497956182,0.6994187308721553,True,FULL,FULL_poly_rank_3
180,0.52,2.9225,5.54,4.727,4.727,2.527730037291942,1.710863986313088,7.254730037291942,6.676100463922199,4.727,0.2722737668531421,1.710863986313088,4.999273766853142,10.861815656085302,-2.2554562704388,2.2554562704388,-2.2554562704388,2.2554562704388,4.185715192163102,4.185715192163102,0.3011405320939435,0.19719019445920474,0.821212619502456,True,FULL,FULL_poly_rank_3
181,0.9,3.925,17.84,14.94,14.94,13.029435602700998,1.2738853503184715,27.969435602700997,3.4621547532157915,14.94,34.71484498626597,1.2738853503184715,49.65484498626597,2.3537260467091987,21.685409383564973,21.685409383564973,21.685409383564973,21.685409383564973,-1.1084287065065928,1.1084287065065928,1.1181187379317772,0.8264939636526352,0.8009208551570308,True,FULL,FULL_poly_rank_3
182,0.22,1.49,0.66,0.4575,0.4575,0.5513217275318822,3.3557046979865772,1.0088217275318825,12.75282127395527,0.4575,0.2900496434972135,3.3557046979865772,0.7475496434972135,14.223950184518724,-0.26127208403466873,0.26127208403466873,-0.26127208403466895,0.26127208403466895,1.4711289105634542,1.4711289105634542,0.04189211213676466,0.027174323736717368,0.7795524705507266,True,FULL,FULL_poly_rank_3
183,1.93,3.1,4.22,4.0145,4.0145,10.822557992923612,1.6129032258064515,14.837057992923611,2.064879723343122,4.0145,5.7066489723601705,1.6129032258064515,9.72114897236017,2.0004800096107545,-5.115909020563441,5.115909020563441,-5.115909020563441,5.115909020563441,-0.06439971373236775,0.06439971373236775,0.2905249000422693,0.2145637684993653,0.8699513646337981,True,FULL,FULL_poly_rank_3
184,3.98,4.75,15.12,14.85,14.85,45.661479023586836,1.0526315789473684,60.51147902358684,1.247654255784918,14.85,66.24634664131872,1.0526315789473684,81.09634664131872,1.11875809249763,20.584867617731888,20.584867617731888,20.58486761773188,20.58486761773188,-0.12889616328728803,0.12889616328728803,0.8586294969338679,0.5504310130946917,0.9022262977112828,True,FULL,FULL_poly_rank_3
185,0.13,1.5666666666666669,1.09,0.5446666666666667,0.5446666666666667,0.9576325699215577,3.191489361702127,1.5022992365882244,21.905585532286455,0.5446666666666667,0.8080696810150166,3.191489361702127,1.3527363476816834,22.00809932083635,-0.149562888906541,0.149562888906541,-0.149562888906541,0.149562888906541,0.10251378854989568,0.10251378854989568,0.033263172972695966,0.020005758886141898,0.9629114239123016,True,FULL,FULL_poly_rank_3
186,0.28,2.1775,5.16,3.81425,3.81425,3.130431077528114,2.296211251435132,6.944681077528114,11.220553160809676,3.81425,4.633295828214697,2.296211251435132,8.447545828214697,9.520463100792016,1.5028647506865833,1.5028647506865833,1.5028647506865829,1.5028647506865829,-1.7000900600176596,1.7000900600176596,0.21516711748218872,0.14001480471222233,0.8872819049322,True,FULL,FULL_poly_rank_3
187,0.7,3.88,16.09,11.71,11.71,14.993697153202367,1.288659793814433,26.70369715320237,3.931657649182005,11.71,28.596027022805416,1.288659793814433,40.30602702280542,2.9734505787635337,13.602329869603048,13.602329869603048,13.602329869603047,13.602329869603047,-0.9582070704184713,0.9582070704184713,1.0880591995458582,0.7710695731294043,0.7594313959819617,True,FULL,FULL_poly_rank_3
188,1.1,2.06,0.64,0.593,0.593,1.513280437089641,2.4271844660194173,2.1062804370896413,3.268679989536249,0.593,2.149782802582848,2.4271844660194173,2.742782802582848,2.7681383876795644,0.6365023654932067,0.6365023654932067,0.6365023654932065,0.6365023654932065,-0.5005416018566846,0.5005416018566846,0.04661617616924205,0.032307321611380876,0.8413098713218139,True,FULL,FULL_poly_rank_3
189,3.11,3.85,4.79,4.4285,4.4285,105.61771145632456,1.2987012987012987,110.04621145632456,1.3813754414682702,4.4285,46.67066989779813,1.2987012987012987,51.09916989779813,1.3372569341740734,-58.94704155852643,58.94704155852643,-58.94704155852643,58.94704155852643,-0.04411850729419675,0.04411850729419675,0.910754999773678,0.6249204351599812,-0.06787591962697159,True,FULL,FULL_poly_rank_3
190,2.95,4.833333333333333,17.57,15.660000000000002,15.660000000000002,133.5433516563727,1.0344827586206895,149.2033516563727,1.194201194728314,15.660000000000002,87.47019280423272,1.0344827586206895,103.13019280423272,1.1160328957433865,-46.07315885213997,46.07315885213997,-46.07315885213997,46.07315885213997,-0.0781682989849275,0.0781682989849275,2.583922606066399,1.9500468485283933,0.37924752466267064,True,FULL,FULL_poly_rank_3
191,0.1,1.64,1.15,0.5823333333333333,0.5823333333333333,0.8468851223123651,3.048780487804878,1.4292184556456984,32.276683117014976,0.5823333333333333,0.8741201991834345,3.048780487804878,1.4564535325167678,31.509752613799797,0.027235076871069408,0.027235076871069408,0.027235076871069408,0.027235076871069408,-0.7669305032151783,0.7669305032151783,0.005631938085740048,0.0033801224690414656,0.9989305941016704,True,FULL,FULL_poly_rank_3
192,0.26,2.06,5.06,2.78625,2.78625,5.537602820988881,2.4271844660194173,8.323852820988881,9.67711986223781,2.78625,7.189185088810409,2.4271844660194173,9.975435088810409,8.513688888920514,1.651582267821528,1.651582267821528,1.651582267821528,1.651582267821528,-1.1634309733172952,1.1634309733172952,0.2116291424595579,0.14133821876274918,0.9303907389807746,True,FULL,FULL_poly_rank_3
193,0.48,3.91,15.79,12.4225,12.4225,7.40432598861948,1.278772378516624,19.82682598861948,7.151633571136485,12.4225,1.908050845302629,1.278772378516624,14.330550845302628,9.700922094837118,-5.496275143316851,5.496275143316851,-5.496275143316851,5.496275143316851,2.549288523700633,2.549288523700633,0.9710585018296806,0.6068121574910798,0.7279771919488647,True,FULL,FULL_poly_rank_3
194,0.47,1.5599999999999998,0.9,0.6583333333333333,0.6583333333333333,2.1587521490528645,3.2051282051282053,2.8170854823861977,5.267358968714256,0.6583333333333333,1.986226391719304,3.2051282051282053,2.644559725052637,4.568165998572838,-0.17252575733356057,0.17252575733356057,-0.17252575733356057,0.17252575733356057,-0.6991929701414179,0.6991929701414179,0.0753922739680231,0.049596500010545344,0.7247363827814332,True,FULL,FULL_poly_rank_3
195,0.49,2.1875,5.79,4.2505,4.2505,7.336962282580967,2.2857142857142856,11.587462282580969,5.320972461121309,4.2505,9.188571382485396,2.2857142857142856,13.439071382485396,4.396694114380371,1.8516090999044286,1.8516090999044286,1.8516090999044277,1.8516090999044277,-0.9242783467409383,0.9242783467409383,0.13441106650665294,0.07971969288373773,0.974748306315903,True,FULL,FULL_poly_rank_3
196,1.09,3.86,17.51,14.9375,14.9375,16.553387035413166,1.2953367875647668,31.490887035413166,2.8169440230151195,14.9375,38.31491442579715,1.2953367875647668,53.25241442579715,1.9923561725142207,21.761527390383982,21.761527390383982,21.761527390383982,21.761527390383982,-0.8245878505008988,0.8245878505008988,0.5416575627058419,0.4404162516301945,0.9577003065054778,True,FULL,FULL_poly_rank_3
197,0.14,2.0725,0.99,0.65575,0.65575,0.5146811885872504,2.4125452352231607,1.1704311885872505,25.510159206488257,0.65575,0.1863282290374386,2.4125452352231607,0.8420782290374387,31.550099213772373,-0.3283529595498118,0.3283529595498118,-0.3283529595498118,0.3283529595498118,6.039940007284116,6.039940007284116,0.07480525197467831,0.044523966411112254,0.6028567801018304,True,FULL,FULL_poly_rank_3
198,0.4,2.9125,5.46,4.44825,4.44825,2.4337808805815433,1.7167381974248928,6.882030880581543,8.688241808193261,4.44825,1.415369645755557,1.7167381974248928,5.8636196457555565,9.56417466761262,-1.0184112348259864,1.0184112348259864,-1.0184112348259866,1.0184112348259866,0.8759328594193594,0.8759328594193594,0.17680584612501793,0.11227100678098108,0.9268991421237379,True,FULL,FULL_poly_rank_3
199,2.66,4.3725000000000005,17.29,16.490000000000002,16.490000000000002,37.39926722177272,1.1435105774728416,53.88926722177272,1.504191322919805,16.490000000000002,38.965718187858315,1.1435105774728416,55.45571818785832,1.3341464037733164,1.566450966085597,1.566450966085597,1.566450966085597,1.566450966085597,-0.17004491914648856,0.17004491914648856,1.1095837032290778,0.7884278574803942,0.8866047866117686,True,FULL,FULL_poly_rank_3
200,1.09,1.85,0.51,0.452,0.452,3.5013968656521643,2.702702702702702,3.953396865652164,3.161464776235545,0.452,5.693604461099022,2.702702702702702,6.145604461099022,2.8077816244496177,2.1922075954468574,2.1922075954468574,2.192207595446858,2.192207595446858,-0.35368315178592713,0.35368315178592713,0.07243288412025294,0.05403850365865522,0.41041736682184204,True,FULL,FULL_poly_rank_3
201,4.54,28.00018033053748,3.73,3.372542584212134,3.372542584212134,0.9705608512144872,0.178570278511632,4.343103435426621,0.8969826858645201,3.372542584212134,2.2166906537554363,0.178570278511632,5.58923323796757,0.6752505034451195,1.246129802540949,1.246129802540949,1.246129802540949,1.246129802540949,-0.22173218241940063,0.22173218241940063,0.15633943197747108,0.10310076903939158,0.8860549742469802,True,FULL,FULL_poly_rank_3
202,5.68,6.0,13.66,13.51,13.51,45.684267603740025,0.8333333333333334,59.19426760374002,0.9611956816495174,13.51,78.04214444616652,0.8333333333333334,91.55214444616652,0.8687753278946185,32.35787684242649,32.35787684242649,32.3578768424265,32.3578768424265,-0.09242035375489888,0.09242035375489888,0.7086771047444732,0.43236140702490483,0.9141254854863919,True,FULL,FULL_poly_rank_3
203,8.16,15.0,0.64,0.4826666666666666,0.4826666666666666,11.163229285157737,0.3333333333333333,11.645895951824402,0.3680224492093827,0.4826666666666666,20.815240910380844,0.3333333333333333,21.29790757704751,0.3377589174328584,9.652011625223107,9.652011625223107,9.652011625223109,9.652011625223109,-0.0302635317765243,0.0302635317765243,0.16810164817704726,0.12838281482312364,-0.6584037486024146,True,FULL,FULL_poly_rank_3
204,9.63,15.0,1.15,0.9263333333333332,0.9263333333333332,31.67109901569681,0.3333333333333333,32.59743234903014,0.356302565715436,0.9263333333333332,41.52243409108325,0.3333333333333333,42.44876742441658,0.336653804963717,9.851335075386437,9.851335075386437,9.851335075386437,9.851335075386437,-0.019648760751719008,0.019648760751719008,0.3370117600157249,0.256954125241062,-0.8473785844287116,True,FULL,FULL_poly_rank_3
205,8.17,15.0,1.67,1.391,1.391,14.757831874738754,0.3333333333333333,16.148831874738754,0.3859250855203011,1.391,19.264665989285696,0.3333333333333333,20.655665989285698,0.3466674997952063,4.506834114546942,4.506834114546942,4.506834114546944,4.506834114546944,-0.0392575857250948,0.0392575857250948,0.2942528386085929,0.2209404719332014,0.08973984775801813,True,FULL,FULL_poly_rank_3
206,7.68,15.0,2.36,1.9943333333333333,1.9943333333333333,14.016889640854824,0.3333333333333333,16.011222974188158,0.404258783461519,1.9943333333333333,15.446515628486456,0.3333333333333333,17.44084896181979,0.3586916270041665,1.4296259876316313,1.4296259876316313,1.4296259876316313,1.4296259876316313,-0.04556715645735249,0.04556715645735249,0.3359875213327829,0.24801705582647152,0.3685773550729705,True,FULL,FULL_poly_rank_3
207,12.65,17.5,2.87,2.478,2.478,85.54466261294648,0.2857142857142857,88.02266261294648,0.3027127732951231,2.478,51.29365406575848,0.2857142857142857,53.77165406575848,0.2908530378659675,-34.251008547188,34.251008547188,-34.25100854718799,34.25100854718799,-0.011859735429155582,0.011859735429155582,0.7511687363968206,0.5440221074879837,-0.6227848949017833,True,FULL,FULL_poly_rank_3
209,0.55,3.75,0.015,0.014,0.014,0.0024195869070291,1.3333333333333333,0.0164195869070291,8.395940887010124,0.014,0.0048544584532194,1.3333333333333333,0.0188544584532194,6.7488692573989555,0.0024348715461903004,0.0024348715461903004,0.0024348715461902995,0.0024348715461902995,-1.647071629611168,1.647071629611168,0.00035322926652759106,0.00022875913526268374,0.9615565354077749,True,FULL,FULL_poly_rank_3
210,0.73,3.75,0.017,0.0155,0.0155,0.0049950016940742,1.3333333333333333,0.0204950016940742,5.436911505105911,0.0155,0.0049607669203815,1.3333333333333333,0.0204607669203816,5.1165482014326376,-3.423477369269949e-05,3.423477369269949e-05,-3.423477369260061e-05,3.423477369260061e-05,-0.3203633036732736,0.3203633036732736,0.00012976169119939437,5.3585011712949556e-05,0.9966777916742945,True,FULL,FULL_poly_rank_3
211,0.73,3.75,0.031,0.0205,0.0205,0.0421170527109933,1.3333333333333333,0.0626170527109933,3.3538139443417307,0.0205,0.1056083657815055,1.3333333333333333,0.1261083657815055,2.356459828072083,0.0634913130705122,0.0634913130705122,0.0634913130705122,0.0634913130705122,-0.9973541162696478,0.9973541162696478,0.0035991282907844235,0.002678889467126903,0.40661756370742486,True,FULL,FULL_poly_rank_3
212,0.56,4.25,0.032,0.0305,0.0305,0.0032729190185453,1.1764705882352942,0.0337729190185453,9.217143579218789,0.0305,0.0184516702648561,1.1764705882352942,0.0489516702648561,5.753063836772501,0.015178751246310799,0.015178751246310799,0.015178751246310795,0.015178751246310795,-3.4640797424462875,3.4640797424462875,0.0024177822837829917,0.001530444680937834,0.5758052821809292,True,FULL,FULL_poly_rank_3
213,0.61,4.25,0.036,0.032,0.032,0.0097117896904809,1.1764705882352942,0.0417117896904809,6.613265489413038,0.032,0.0360582491635725,1.1764705882352942,0.0680582491635725,4.368476674024855,0.026346459473091603,0.026346459473091603,0.026346459473091603,0.026346459473091603,-2.2447888153881834,2.2447888153881834,0.0037410361199752638,0.002438002228360478,0.24083292430853476,True,FULL,FULL_poly_rank_3
214,0.8,4.25,0.041,0.0365,0.0365,0.0146135447707714,1.1764705882352942,0.0511135447707714,4.687843076991533,0.0365,0.0496276549472875,1.1764705882352942,0.0861276549472875,3.0607496678970207,0.035014110176516094,0.035014110176516094,0.035014110176516094,0.035014110176516094,-1.6270934090945124,1.6270934090945124,0.0034032371193599086,0.002338879707253905,0.5970852190299748,True,FULL,FULL_poly_rank_3
215,0.85,4.25,0.053,0.0412499999999999,0.0412499999999999,0.0449535990108785,1.1764705882352942,0.0862035990108784,3.4008265344224067,0.0412499999999999,0.1409414633475809,1.1764705882352942,0.1821914633475808,2.231732786344967,0.0959878643367024,0.0959878643367024,0.0959878643367024,0.0959878643367024,-1.1690937480774397,1.1690937480774397,0.006423932828495814,0.004686509603984972,0.21854808447169605,True,FULL,FULL_poly_rank_3
216,1.18,4.75,0.072,0.06875,0.06875,0.0144953537063408,1.0526315789473684,0.0832453537063408,3.803418428356459,0.06875,0.0780558536488048,1.0526315789473684,0.1468058536488048,2.2205557961691067,0.06356049994246399,0.06356049994246399,0.063560499942464,0.063560499942464,-1.5828626321873522,1.5828626321873522,0.0041449097573012725,0.003025611976667068,0.8415435604109484,True,FULL,FULL_poly_rank_3
217,1.07,4.75,0.082,0.07425,0.07425,0.0316745022212473,1.0526315789473684,0.1059245022212473,3.494012368300583,0.07425,0.1224404030653606,1.0526315789473684,0.1966904030653606,2.173045464618668,0.09076590084411329,0.09076590084411329,0.09076590084411329,0.09076590084411329,-1.320966903681915,1.320966903681915,0.006161453388550901,0.004422206125114133,0.710109219273023,True,FULL,FULL_poly_rank_3
218,0.99,4.75,0.091,0.0815,0.0815,0.0350845623553453,1.0526315789473684,0.1165845623553453,3.740061038065954,0.0815,0.1307889826335502,1.0526315789473684,0.2122889826335502,2.3554703871957012,0.09570442027820492,0.09570442027820492,0.0957044202782049,0.0957044202782049,-1.3845906508702526,1.3845906508702526,0.007605214405105455,0.005359997209277092,0.6202334304803168,True,FULL,FULL_poly_rank_3
219,1.33,4.75,0.123,0.109,0.109,0.0845437839006371,1.0526315789473684,0.1935437839006371,2.512415047002486,0.109,0.2894789912418022,1.0526315789473684,0.3984789912418022,1.6145268341067889,0.2049352073411651,0.2049352073411651,0.2049352073411651,0.2049352073411651,-0.8978882128956973,0.8978882128956973,0.006038063746099719,0.004760975743624062,0.8934662480994608,True,FULL,FULL_poly_rank_3
220,0.57,3.0,0.057,0.045,0.045,0.0423378142666348,1.6666666666666667,0.0873378142666348,5.252909248352316,0.045,0.1707133395218449,1.6666666666666667,0.215713339521845,3.2473071732354626,0.1283755252552101,0.1283755252552101,0.12837552525521018,0.12837552525521018,-2.0056020751168537,2.0056020751168537,0.009908526083543654,0.007148179448523849,-0.6799280818533746,True,FULL,FULL_poly_rank_3
221,0.74,3.0,0.052,0.0426666666666666,0.0426666666666666,0.0483380999196384,1.6666666666666667,0.091004766586305,3.990648101805694,0.0426666666666666,0.1981954554210794,1.6666666666666667,0.240862122087746,2.451707048448704,0.14985735550144097,0.14985735550144097,0.14985735550144097,0.14985735550144097,-1.5389410533569898,1.5389410533569898,0.004980469160367864,0.0038152284701556986,0.5597198947160127,True,FULL,FULL_poly_rank_3
222,1.17,3.75,0.042,0.037,0.037,0.0379972465016185,1.3333333333333333,0.0749972465016185,2.7555455668379523,0.037,0.1079610637402586,1.3333333333333333,0.1449610637402586,1.8779370167530864,0.06996381723864009,0.06996381723864009,0.0699638172386401,0.0699638172386401,-0.8776085500848658,0.8776085500848658,0.001333468085849313,0.0010913327117220907,0.9584608624905535,True,FULL,FULL_poly_rank_3
223,2.7,4.333333333333333,0.036,0.0356666666666666,0.0356666666666666,0.012315781767816,1.153846153846154,0.0479824484344826,2.0063850757344786,0.0356666666666666,0.0231793040392582,1.153846153846154,0.0588459707059248,1.625937809428668,0.010863522271442199,0.010863522271442199,0.010863522271442203,0.010863522271442203,-0.3804472663058105,0.3804472663058105,0.000957114253188208,0.000548842958244421,0.9810574976904115,True,FULL,FULL_poly_rank_3
224,0.75,3.5,0.022,0.02125,0.02125,0.0026705992767688,1.4285714285714286,0.0239205992767688,6.637578410976577,0.02125,0.0086923262953294,1.4285714285714286,0.0299423262953294,4.651781948812263,0.0060217270185606,0.0060217270185606,0.006021727018560602,0.006021727018560602,-1.9857964621643136,1.9857964621643136,0.0006166029755505486,0.0004301361317808787,0.9576507342736443,True,FULL,FULL_poly_rank_3
225,1.15,3.5,0.021,0.02,0.02,0.0073958891535081,1.4285714285714286,0.0273958891535081,3.6113543932907137,0.02,0.0048570751636549,1.4285714285714286,0.0248570751636549,3.668381521453044,-0.0025388139898531994,0.0025388139898531994,-0.0025388139898532003,0.0025388139898532003,0.05702712816233024,0.05702712816233024,0.00032180892320534684,0.00021795071014116,0.9908824906780922,True,FULL,FULL_poly_rank_3
226,1.1,3.5,0.02,0.01925,0.01925,0.004956977641193,1.4285714285714286,0.024206977641193,4.054827267846036,0.01925,0.0018307469916377,1.4285714285714286,0.0210807469916377,4.740480120641791,-0.0031262306495553,0.0031262306495553,-0.003126230649555299,0.003126230649555299,0.6856528527957542,0.6856528527957542,0.0002491796330173879,0.00017871735208046792,0.9937472511932821,True,FULL,FULL_poly_rank_3
228,0.7,3.0,0.059,0.0456666666666666,0.0456666666666666,0.0656740182268081,1.6666666666666667,0.1113406848934747,3.9285722676402535,0.0456666666666666,0.262991953914027,1.6666666666666667,0.3086586205806936,2.4398329221706656,0.19731793568721892,0.19731793568721892,0.1973179356872189,0.1973179356872189,-1.4887393454695879,1.4887393454695879,0.006892628565959058,0.00528885251950046,0.343665096338602,True,FULL,FULL_poly_rank_3
229,0.8,3.75,0.039,0.03775,0.03775,0.0044128695173391,1.3333333333333333,0.0421628695173391,6.31959788609588,0.03775,0.0315894056825665,1.3333333333333333,0.0693394056825666,3.5347862364086793,0.027176536165227395,0.027176536165227395,0.027176536165227493,0.027176536165227493,-2.784811649687201,2.784811649687201,0.002501142500205823,0.0017466858107618938,0.7769473737488726,True,FULL,FULL_poly_rank_3
230,1.1,3.75,0.031,0.03025,0.03025,0.004226216061608,1.3333333333333333,0.034476216061608,4.574641618565765,0.03025,0.0184145349532666,1.3333333333333333,0.0486645349532667,2.933685843164629,0.014188318891658601,0.014188318891658601,0.014188318891658697,0.014188318891658697,-1.6409557754011357,1.6409557754011357,0.0009288474399709953,0.0006791837716118945,0.9611439249733792,True,FULL,FULL_poly_rank_3
234,0.99,3.0,0.523,0.4803333333333333,0.4803333333333333,0.3422582854093307,1.6666666666666667,0.822591618742664,3.6102895519762694,0.4803333333333333,0.2798695272907381,1.6666666666666667,0.7602028606240714,3.394554140755851,-0.06238875811859257,0.06238875811859257,-0.06238875811859257,0.06238875811859257,-0.21573541122041862,0.21573541122041862,0.014069434868411267,0.008825563359330144,0.9717261546363464,True,FULL,FULL_poly_rank_3
235,1.49,3.0,0.929,0.87,0.87,1.3911680147990315,1.6666666666666667,2.261168014799032,2.4688599946843404,0.87,1.361753694452602,1.6666666666666667,2.231753694452602,2.177717772317357,-0.029414320346429434,0.029414320346429434,-0.02941432034642988,0.02941432034642988,-0.2911422223669833,0.2911422223669833,0.04929416728334194,0.0333371028497704,0.9141294013650358,True,FULL,FULL_poly_rank_3
236,2.48,3.5,1.278,1.2245,1.2245,4.974718816480315,1.4285714285714286,6.199218816480315,1.7047169871616714,1.2245,6.667720505582601,1.4285714285714286,7.892220505582601,1.5221354571718244,1.693001689102286,1.693001689102286,1.693001689102286,1.693001689102286,-0.182581529989847,0.182581529989847,0.10388185092745661,0.07229880665390392,0.8074631216011201,True,FULL,FULL_poly_rank_3
238,1.16,3.0,0.606,0.5299999999999999,0.5299999999999999,0.9995028593983644,1.6666666666666667,1.5295028593983642,2.6762963684092975,0.5299999999999999,1.0862187457081451,1.6666666666666667,1.6162187457081452,2.2789877271224492,0.08671588630978078,0.08671588630978078,0.086715886309781,0.086715886309781,-0.3973086412868483,0.3973086412868483,0.03529632598051323,0.022592137124814764,0.8767875385819958,True,FULL,FULL_poly_rank_3
239,2.0,3.5,0.785,0.745,0.745,1.4880839300345443,1.4285714285714286,2.2330839300345446,1.9471028822830023,0.745,2.322442485660642,1.4285714285714286,3.067442485660642,1.6352415961463838,0.8343585556260977,0.8343585556260977,0.8343585556260975,0.8343585556260975,-0.31186128613661857,0.31186128613661857,0.04795780339301026,0.03274826182337148,0.894240735453026,True,FULL,FULL_poly_rank_3
240,1.84,3.0,1.067,0.9266666666666667,0.9266666666666667,11.34965538746409,1.6666666666666667,12.276322054130755,1.8769974838423913,0.9266666666666667,10.97406595595452,1.6666666666666667,11.900732622621184,1.7314479127677938,-0.37558943150956914,0.37558943150956914,-0.3755894315095709,0.3755894315095709,-0.14554957107459754,0.14554957107459754,0.1923758332541219,0.14600831503886424,0.0932211493288333,True,FULL,FULL_poly_rank_3
241,2.5,3.5,1.53,1.435,1.435,11.191062390354295,1.4285714285714286,12.626062390354296,1.6206039521105755,1.435,10.26893445805018,1.4285714285714286,11.70393445805018,1.5005566171723346,-0.9221279323041145,0.9221279323041145,-0.9221279323041163,0.9221279323041163,-0.12004733493824093,0.12004733493824093,0.18142815715883337,0.1290069837698676,0.5770768095240912,True,FULL,FULL_poly_rank_3
242,1.28,13.0,0.381,0.236,0.236,0.2798827945510767,0.3846153846153846,0.5158827945510767,2.332154177278262,0.236,0.7064450116052114,0.3846153846153846,0.9424450116052114,1.8272274120741423,0.4265622170541348,0.4265622170541348,0.4265622170541348,0.4265622170541348,-0.5049267652041196,0.5049267652041196,0.07858007895100831,0.04944612840727873,-1.2993740642818055,True,FULL,FULL_poly_rank_3
243,1.94,13.0,1.479,1.139,1.139,0.9051763320711632,0.3846153846153846,2.0441763320711632,1.6142343389282214,1.139,1.1496890160911246,0.3846153846153846,2.2886890160911246,1.408653070221146,0.2445126840199614,0.2445126840199614,0.2445126840199614,0.2445126840199614,-0.2055812687070755,0.2055812687070755,0.026934330498544705,0.018215194943891632,0.9791343527756439,True,FULL,FULL_poly_rank_3
244,2.29,13.0,30.401,2.493,2.493,191.4872115140508,0.3846153846153846,193.9802115140508,0.5794840127037909,2.493,172.87825928666538,0.3846153846153846,175.37125928666538,0.5349042223920462,-18.60895222738543,18.60895222738543,-18.60895222738543,18.60895222738543,-0.04457979031174475,0.04457979031174475,3.6776180140043633,2.5191328054601643,0.8502295953844909,True,FULL,FULL_poly_rank_3
245,3.95,13.0,5.488,4.171,4.171,11.473466241634494,0.3846153846153846,15.644466241634497,0.6512771868667829,4.171,7.010097729038876,0.3846153846153846,11.181097729038877,0.6262168933809819,-4.4633685125956175,4.4633685125956175,-4.46336851259562,4.46336851259562,-0.025060293485801077,0.025060293485801077,0.4741681818802351,0.3298051573526357,0.698425960506234,True,FULL,FULL_poly_rank_3
246,0.34,13.0,0.306,0.104,0.104,0.238125551076079,0.3846153846153846,0.342125551076079,11.465962069935722,0.104,0.2437730519280963,0.3846153846153846,0.3477730519280963,11.396854428853196,0.0056475008520173176,0.0056475008520173176,0.0056475008520173176,0.0056475008520173176,-0.06910764108252643,0.06910764108252643,0.0014827625612992678,0.0008463816687539237,0.9992327058550196,True,FULL,FULL_poly_rank_3
247,0.55,13.0,1.422,0.768,0.768,0.854926430267495,0.3846153846153846,1.622926430267495,6.829794290098721,0.768,1.1235071300118329,0.3846153846153846,1.891507130011833,6.461513083941003,0.26858069974433785,0.26858069974433785,0.26858069974433785,0.26858069974433785,-0.3682812061577181,0.3682812061577181,0.06711492545620507,0.03896434876818488,0.8807841587238436,True,FULL,FULL_poly_rank_3
248,1.07,13.0,2.417,1.547,1.547,1.4889207977309928,0.3846153846153846,3.0359207977309928,3.0462519251595546,1.547,1.221069886076265,0.3846153846153846,2.768069886076265,3.099832586153721,-0.26785091165472785,0.26785091165472785,-0.26785091165472785,0.26785091165472785,0.05358066099416625,0.05358066099416625,0.05989290140717829,0.03595747679253589,0.9623440824720098,True,FULL,FULL_poly_rank_3
249,1.08,13.0,4.482,3.316,3.316,1.9761134955053168,0.3846153846153846,5.292113495505316,3.3738748448845737,3.316,1.0082729318858066,0.3846153846153846,4.324272931885806,3.8706763267353352,-0.9678405636195102,0.9678405636195102,-0.96784056361951,0.96784056361951,0.49680148185076156,0.49680148185076156,0.20762213108649277,0.12541572793746072,0.8302593535128481,True,FULL,FULL_poly_rank_3
250,0.1,15.0,0.367,0.136,0.136,0.2402542971419538,0.3333333333333333,0.3762542971419538,56.09759499434641,0.136,0.66371177971683,0.3333333333333333,0.79971177971683,52.85994980428331,0.42345748257487625,0.42345748257487625,0.42345748257487625,0.42345748257487625,-3.2376451900630983,3.2376451900630983,0.11542904777214119,0.06485494452150625,-3.1401361721218803,True,FULL,FULL_poly_rank_3
251,0.67,15.0,1.297,0.843,0.843,0.5998183417647385,0.3333333333333333,1.4428183417647384,6.0080454699914485,0.843,1.1993893960354716,0.3333333333333333,2.0423893960354715,5.23953026300595,0.5995710542707331,0.5995710542707331,0.5995710542707331,0.5995710542707331,-0.7685152069854988,0.7685152069854988,0.14888481828420516,0.08660176941080701,0.032085950707538835,True,FULL,FULL_poly_rank_3
252,0.78,15.0,3.232,2.23,2.23,1.3862854300913423,0.3333333333333333,3.6162854300913425,5.115435733153055,2.23,2.1930588335311723,0.3333333333333333,4.423058833531172,4.596805158582117,0.80677340343983,0.80677340343983,0.8067734034398297,0.8067734034398297,-0.5186305745709383,0.5186305745709383,0.19389417147993734,0.11382409785130015,0.7126742128012709,True,FULL,FULL_poly_rank_3
253,2.08,15.0,4.233,3.386,3.386,2.0681407318693763,0.3333333333333333,5.454140731869376,1.6219591173534793,3.386,0.9065882645023732,0.3333333333333333,4.292588264502373,1.9236082130758112,-1.1615524673670032,1.1615524673670032,-1.1615524673670032,1.1615524673670032,0.3016490957223319,0.3016490957223319,0.19434538714588603,0.12388814159432714,0.8561098579382367,True,FULL,FULL_poly_rank_3
254,0.42,15.0,0.464,0.223,0.223,0.286841251907236,0.3333333333333333,0.509841251907236,9.785018691865965,0.223,0.5402468583948136,0.3333333333333333,0.7632468583948135,9.004506720587555,0.2534056064875776,0.2534056064875776,0.2534056064875776,0.2534056064875776,-0.7805119712784094,0.7805119712784094,0.06676754029978742,0.03806352644963563,0.011746958802209218,True,FULL,FULL_poly_rank_3
255,1.34,15.0,1.532,0.812,0.812,1.3202731944591186,0.3333333333333333,2.1322731944591187,2.118955632610797,0.812,1.9195068170368417,0.3333333333333333,2.7315068170368417,1.8925157458103048,0.5992336225777231,0.5992336225777231,0.5992336225777231,0.5992336225777231,-0.22643988680049199,0.22643988680049199,0.11493401317623911,0.07159419138147538,0.7599017847965372,True,FULL,FULL_poly_rank_3
256,1.56,15.0,2.845,1.821,1.821,2.049502462074934,0.3333333333333333,3.870502462074933,1.917214666999875,1.821,2.1098217041641316,0.3333333333333333,3.9308217041641313,1.8204886443252937,0.06031924208919781,0.06031924208919781,0.060319242089198255,0.060319242089198255,-0.09672602267458141,0.09672602267458141,0.011368958290523012,0.006543020640767272,0.999103502497934,True,FULL,FULL_poly_rank_3
257,1.9,15.0,4.37,3.015,3.015,3.1599174946212627,0.3333333333333333,6.174917494621263,1.5540138559861083,3.015,2.3364701563970507,0.3333333333333333,5.351470156397051,1.5926813853637145,-0.823447338224212,0.823447338224212,-0.823447338224212,0.823447338224212,0.0386675293776062,0.0386675293776062,0.1559401700891553,0.09767202149094555,0.9253149128502062,True,FULL,FULL_poly_rank_3
258,2.09,15.0,55.263,3.813,3.813,190.18212243089908,0.3333333333333333,193.99512243089907,0.7174733228095233,3.813,146.2201459370647,0.3333333333333333,150.0331459370647,0.7020300333440619,-43.961976493834385,43.961976493834385,-43.961976493834385,43.961976493834385,-0.015443289465461363,0.015443289465461363,5.895983826938991,3.9551764062165775,0.8815358808787612,True,FULL,FULL_poly_rank_3
284,0.27,1.6652089623887931,2.655,1.3036485066778338,1.3036485066778338,4.61028992899217,3.002626164602998,5.913938435670004,7.913618795998358,1.3036485066778338,5.377190698901393,3.002626164602998,6.680839205579227,6.874525940513214,0.7669007699092232,0.7669007699092232,0.7669007699092232,0.7669007699092232,-1.0390928554851442,1.0390928554851442,0.04379072828157065,0.032494114127675305,0.9918153157932746,True,FULL,FULL_poly_rank_3
285,0.5,3.083720300719987,2.417,0.6555920235894309,0.6555920235894309,7.127781251237852,1.621418128885619,7.783373274827283,3.420782268328867,0.6555920235894309,5.146423117917193,1.621418128885619,5.802015141506624,3.255018403384893,-1.9813581333206587,1.9813581333206587,-1.9813581333206587,1.9813581333206587,-0.16576386494397433,0.16576386494397433,0.27988996000185756,0.18653635102211116,0.7816190838272701,True,FULL,FULL_poly_rank_3
286,0.88,5.4273477292671775,5.477,2.848434309388562,2.848434309388562,8.806082929225237,0.9212603005031926,11.6545172386138,2.5046228694450243,2.848434309388562,4.281912785307957,0.9212603005031926,7.130347094696519,2.7389120235745756,-4.524170143917281,4.524170143917281,-4.524170143917281,4.524170143917281,0.2342891541295513,0.2342891541295513,0.6223833486399563,0.4158447527725951,0.5770354695042395,True,FULL,FULL_poly_rank_3
287,0.29,1.7885577744175924,3.214,1.959240530267265,1.959240530267265,3.9894927128527247,2.7955484980786536,5.94873324311999,8.412171305906568,1.959240530267265,4.500599925410682,2.7955484980786536,6.459840455677947,7.397123780898586,0.511107212557957,0.511107212557957,0.511107212557957,0.511107212557957,-1.015047525007982,1.015047525007982,0.04214558328691372,0.028539375335689964,0.9927308613365728,True,FULL,FULL_poly_rank_3
288,0.44,2.7136738646335887,3.179,1.959240530267265,1.959240530267265,3.8637545585443656,1.8425206010063853,5.822995088811631,5.589277438658442,1.959240530267265,1.9561655057489655,1.8425206010063853,3.915406036016231,6.164263923797357,-1.9075890527954,1.9075890527954,-1.9075890527953998,1.9075890527953998,0.5749864851389148,0.5749864851389148,0.2760004773047552,0.18277807411197355,0.6754963467160524,True,FULL,FULL_poly_rank_3
289,0.44,2.7136738646335887,5.856,2.848434309388562,2.848434309388562,10.290924987900752,1.8425206010063853,13.139359297289314,4.832563228905287,2.848434309388562,11.24179551671077,1.8425206010063853,14.090229826099332,4.261396810519569,0.9508705288100181,0.9508705288100181,0.9508705288100181,0.9508705288100181,-0.5711664183857179,0.5711664183857179,0.10725133843041865,0.059539101161621144,0.990043164161099,True,FULL,FULL_poly_rank_3
291,0.42,2.590325052604789,4.293,1.959240530267265,1.959240530267265,8.144262348078403,1.9302596772447849,10.103502878345669,4.906645401620717,1.959240530267265,7.456966857870406,1.9302596772447849,9.416207388137671,4.502100647071572,-0.6872954902079966,0.6872954902079966,-0.6872954902079975,0.6872954902079975,-0.4045447545491454,0.4045447545491454,0.19904016555307022,0.11840083452078855,0.9415454246783055,True,FULL,FULL_poly_rank_3
292,0.27,1.6652089623887931,1.816,0.6555920235894309,0.6555920235894309,4.340373544875488,3.002626164602998,4.99596556846492,6.93036783035678,0.6555920235894309,4.530695225916196,3.002626164602998,5.186287249505627,6.171512656672549,0.19032168104070735,0.19032168104070735,0.19032168104070735,0.19032168104070735,-0.758855173684231,0.758855173684231,0.05762434241024155,0.02897473730803083,0.9791333713836816,True,FULL,FULL_poly_rank_3
293,0.55,3.392092330791986,3.752,1.3488617496840016,1.3488617496840016,8.999404803617814,1.4740164808051082,10.348266553301816,3.397073578572742,1.3488617496840016,6.259426649121247,1.4740164808051082,7.608288398805248,3.286971619546891,-2.7399781544965673,2.7399781544965673,-2.7399781544965673,2.7399781544965673,-0.11010195902585096,0.11010195902585096,0.3957180002302838,0.26217771994630146,0.7704341065481779,True,FULL,FULL_poly_rank_3
295,1.2,7.400928721727968,0.0307,0.0217962758401608,0.0217962758401608,0.0268208917452208,0.6755908870356747,0.0486171675853816,2.3157906832156443,0.0217962758401608,0.0126281206901759,0.6755908870356747,0.0344243965303367,2.6503350982934055,-0.0141927710550449,0.0141927710550449,-0.014192771055044899,0.014192771055044899,0.3345444150777612,0.3345444150777612,0.002105488991715112,0.0013863627937930384,0.7460852144108654,True,FULL,FULL_poly_rank_3
296,2.0,12.334881202879949,0.131,0.0508579769603752,0.0508579769603752,0.2935284290129898,0.4053545322214048,0.344386405973365,0.9614433155844516,0.0508579769603752,0.1695378534990323,0.4053545322214048,0.2203958304594075,0.9757523902169638,-0.12399057551395751,0.12399057551395751,-0.12399057551395751,0.12399057551395751,0.014309074632512186,0.014309074632512186,0.016540084179528878,0.011098527341186168,0.6434882344948796,True,FULL,FULL_poly_rank_3
297,1.8,11.101393082591954,0.046,0.0145308505601072,0.0145308505601072,0.1222071066849876,0.4503939246904497,0.1367379572450948,0.9937795159488002,0.0145308505601072,0.1361842647058795,0.4503939246904497,0.1507151152659867,0.8768120354274312,0.013977158020891889,0.013977158020891889,0.013977158020891889,0.013977158020891889,-0.11696748052136896,0.11696748052136896,0.00104786127796522,0.0006100135530741139,0.9904925208742932,True,FULL,FULL_poly_rank_3
302,0.75,4.625580451079981,0.055,0.0153092991217785,0.0153092991217785,0.1595143577214117,1.080945419257079,0.1748236568431902,2.2969478423570417,0.0153092991217785,0.2701476176121676,1.080945419257079,0.2854569167339461,1.921398591286208,0.1106332598907559,0.1106332598907559,0.11063325989075587,0.11063325989075587,-0.3755492510708338,0.3755492510708338,0.006833551101099144,0.005084505383148919,0.7439120008334481,True,FULL,FULL_poly_rank_3
303,0.91,5.612370947310377,0.041,0.0153092991217785,0.0153092991217785,0.0951653865132687,0.8908890818052851,0.1104746856350472,2.0818876302589207,0.0153092991217785,0.1419099150074367,0.8908890818052851,0.1572192141292152,1.7375459067952093,0.04674452849416799,0.04674452849416799,0.04674452849416799,0.04674452849416799,-0.3443417234637114,0.3443417234637114,0.0028521282637170003,0.0021100275553368494,0.8961937724737002,True,FULL,FULL_poly_rank_3
304,1.87,11.533113924692753,0.046,0.0153092991217785,0.0153092991217785,0.1174680513670647,0.4335342590603259,0.1327773504888432,0.9728764088168116,0.0153092991217785,0.0938448573088923,0.4335342590603259,0.1091541564306708,0.9120729492638096,-0.023623194058172398,0.023623194058172398,-0.023623194058172398,0.023623194058172398,-0.06080345955300204,0.06080345955300204,0.003975883375531039,0.002578723622596141,0.8567192732916823,True,FULL,FULL_poly_rank_3
305,2.17,13.383346105124744,0.042,0.0153092991217785,0.0153092991217785,0.0995579974430193,0.373598647208668,0.1148672965647978,0.8653228395367738,0.0153092991217785,0.0838865021103685,0.373598647208668,0.099195801232147,0.8040833605565582,-0.015671495332650803,0.015671495332650803,-0.015671495332650803,0.015671495332650803,-0.061239478980215645,0.061239478980215645,0.0030247896795247975,0.0019206905394257006,0.891461971261141,True,FULL,FULL_poly_rank_3
311,1.45,8.942788872087963,1.14,0.7935883525311068,0.7935883525311068,1.051107361858608,0.5591096996157306,1.844695714389715,1.879665749713435,0.7935883525311068,0.9949590705917742,0.5591096996157306,1.788547423122881,1.7507874218706343,-0.05614829126683374,0.05614829126683374,-0.05614829126683385,0.05614829126683385,-0.12887832784280073,0.12887832784280073,0.02304022959516637,0.012406379465290305,0.9785854325565579,True,FULL,FULL_poly_rank_3
314,1.8,11.101393082591954,3.8,2.3726672172613705,2.3726672172613705,4.501119428750482,0.4503939246904497,6.873786646011853,1.379736428464202,2.3726672172613705,2.627249879036408,0.4503939246904497,4.999917096297779,1.4620276184775396,-1.8738695497140743,1.8738695497140743,-1.8738695497140743,1.8738695497140743,0.08229119001333762,0.08229119001333762,0.28066017580049873,0.18466624897765052,0.7600152848632925,True,FULL,FULL_poly_rank_3
316,1.1,6.784184661583972,1.23,0.5909609098097346,0.5909609098097346,2.195000047586552,0.7370082404025541,2.7859609573962865,1.920963652491806,0.5909609098097346,2.047634567788907,0.7370082404025541,2.6385954775986415,1.757630156162381,-0.14736547979764492,0.14736547979764492,-0.14736547979764492,0.14736547979764492,-0.16333349632942484,0.16333349632942484,0.05032058529307599,0.029201494171631776,0.9511758592882178,True,FULL,FULL_poly_rank_3
320,1.3,8.017672781871967,3.7,1.9806931592524069,1.9806931592524069,5.70674005649928,0.6236223572636995,7.687433215751687,1.723838260148718,1.9806931592524069,2.8710655114291623,0.6236223572636995,4.851758670681569,1.8732856025616669,-2.8356745450701175,2.8356745450701175,-2.835674545070118,2.835674545070118,0.14944734241294877,0.14944734241294877,0.3952033516385404,0.2634550256749007,0.6093252354638745,True,FULL,FULL_poly_rank_3
321,1.5,9.25116090215996,2.94,0.5553062574145964,0.5553062574145964,10.568278952724356,0.5404727096285398,11.123585210138952,1.04691166819964,0.5553062574145964,8.064365153283239,0.5404727096285398,8.619671410697835,0.984996974061654,-2.5039137994411167,2.5039137994411167,-2.5039137994411167,2.5039137994411167,-0.061914694137986004,0.061914694137986004,0.35094055655714274,0.23524947332504975,0.8112265535766898,True,FULL,FULL_poly_rank_3
322,1.7,10.484649022447956,1.47,1.1106125148291928,1.1106125148291928,1.0572811334663703,0.4768876849663586,2.1678936482955633,1.7502458150213789,1.1106125148291928,0.867362594365616,0.4768876849663586,1.9779751091948088,1.7145238695201108,-0.1899185391007543,0.1899185391007543,-0.1899185391007545,0.1899185391007545,-0.03572194550126806,0.03572194550126806,0.038138999819645164,0.02357433089065381,0.9605338398826048,True,FULL,FULL_poly_rank_3
323,1.7,10.484649022447956,7.35,2.2212250296583855,2.2212250296583855,20.160376750419932,0.4768876849663586,22.381601780078316,1.0379375597762583,2.2212250296583855,14.37273284053556,0.4768876849663586,16.593957870193943,0.9926600834413564,-5.7876439098843715,5.7876439098843715,-5.787643909884373,5.787643909884373,-0.04527747633490198,0.04527747633490198,0.8249638465446048,0.5484783926662586,0.7774665769450195,True,FULL,FULL_poly_rank_3
327,0.1,0.6167440601439975,0.08,0.0796743371481683,0.0796743371481683,0.0008090983306987,8.107090644428094,0.080483435478867,77.68977402204777,0.0796743371481683,0.0356134562232249,8.107090644428094,0.1152877933713932,34.26927049048879,0.0348043578925262,0.0348043578925262,0.0348043578925262,0.0348043578925262,-43.42050353155898,43.42050353155898,0.0051265098168259025,0.003348963263848455,0.6978837459593736,True,FULL,FULL_poly_rank_3
330,1.1,6.784184661583972,0.025,0.0202072594216368,0.0202072594216368,0.0137190748784508,0.7370082404025541,0.0339263343000876,2.9611290302817843,0.0202072594216368,0.0021009420519139,0.7370082404025541,0.0223082014735508,4.536999796061365,-0.0116181328265369,0.0116181328265369,-0.011618132826536804,0.011618132826536804,1.5758707657795807,1.5758707657795807,0.001674315952024532,0.0010798744314504411,0.7192758063361535,True,FULL,FULL_poly_rank_3
331,1.25,7.709300751799968,0.047,0.0398371685740841,0.0398371685740841,0.0200809505252075,0.6485672515542477,0.0599181190992916,2.820311710406355,0.0398371685740841,0.0197335591271702,0.6485672515542477,0.0595707277012543,2.6621372145226014,-0.0003473913980373,0.0003473913980373,-0.0003473913980373,0.0003473913980373,-0.15817449588375343,0.15817449588375343,0.00039009539577205957,0.000170376467149806,0.9955742883852622,True,FULL,FULL_poly_rank_3
332,1.2,7.400928721727968,0.05,0.0398371685740841,0.0398371685740841,0.0292663957131568,0.6755908870356747,0.0691035642872409,2.6576864448773354,0.0398371685740841,0.0396389252023776,0.6755908870356747,0.0794760937764617,2.262489073981271,0.010372529489220798,0.010372529489220798,0.010372529489220794,0.010372529489220794,-0.39519737089606455,0.39519737089606455,0.0010532704737006393,0.0007217426947044344,0.9725393834297946,True,FULL,FULL_poly_rank_3
333,1.6,9.86790496230396,0.093,0.0796743371481683,0.0796743371481683,0.0371742575975103,0.5066931652767559,0.1168485947456786,2.2486028629786348,0.0796743371481683,0.0795685595383902,0.5066931652767559,0.1592428966865585,1.695052587172222,0.042394301940879904,0.042394301940879904,0.0423943019408799,0.0423943019408799,-0.5535502758064128,0.5535502758064128,0.00503954842084802,0.0033571660323125606,0.8106931086932807,True,FULL,FULL_poly_rank_3
334,2.5,15.418601503599936,0.1,0.0796743371481683,0.0796743371481683,0.0585327914263222,0.3242836257771238,0.1382071285744905,1.275689493540873,0.0796743371481683,0.0070613579841539,0.3242836257771238,0.0867356951323222,2.068821162517592,-0.0514714334421683,0.0514714334421683,-0.0514714334421683,0.0514714334421683,0.7931316689767192,0.7931316689767192,0.00737874440586218,0.004759748309249457,0.663073316381094,True,FULL,FULL_poly_rank_3
335,1.8,11.101393082591954,0.233,0.1991858428704208,0.1991858428704208,0.0944249962521731,0.4503939246904497,0.2936108391225939,1.9904398436807709,0.1991858428704208,0.3415226463916913,0.4503939246904497,0.5407084892621121,1.290439323326615,0.24709765013951818,0.24709765013951818,0.24709765013951823,0.24709765013951823,-0.7000005203541559,0.7000005203541559,0.029124489715340575,0.0196972794764551,-0.0066540778168897585,True,FULL,FULL_poly_rank_3
336,4.0,24.669762405759897,0.251,0.1991858428704208,0.1991858428704208,0.1494580982300445,0.2026772661107024,0.3486439411004653,0.792806515114832,0.1991858428704208,0.0737412616927027,0.2026772661107024,0.2729271045631236,0.903504328520222,-0.07571683653734179,0.07571683653734179,-0.07571683653734174,0.07571683653734174,0.11069781340538998,0.11069781340538998,0.011560170982777925,0.007547162248403242,0.8691805564961668,True,FULL,FULL_poly_rank_3
337,1.13,6.96920787962717,0.045,0.0153092991217785,0.0153092991217785,0.1129415099906837,0.7174416499493891,0.1282508091124622,1.6219045254507285,0.0153092991217785,0.1274823594407252,0.7174416499493891,0.1427916585625037,1.425240889139716,0.014540849450041499,0.014540849450041499,0.014540849450041499,0.014540849450041499,-0.19666363631101258,0.19666363631101258,0.0009196719868161034,0.0005762976327842347,0.9918259922404661,True,FULL,FULL_poly_rank_3
338,1.74,10.731346646505555,0.033,0.0153092991217785,0.0153092991217785,0.0614267591501006,0.4659247496797756,0.0767360582718792,1.1936384711708052,0.0153092991217785,0.0384626754483901,0.4659247496797756,0.0537719745701686,1.2042129293543742,-0.022964083701710505,0.022964083701710505,-0.022964083701710596,0.022964083701710596,0.010574458183568947,0.010574458183568947,0.0032878633039477604,0.0021798260337400357,0.724076545395405,True,FULL,FULL_poly_rank_3
339,2.13,13.136648481067144,0.035,0.0153092991217785,0.0153092991217785,0.0696089127687665,0.3806145842454505,0.084918211890545,0.9488333573269884,0.0153092991217785,0.0480378983396326,0.3806145842454505,0.0633471974614112,0.9298547344293516,-0.0215710144291339,0.0215710144291339,-0.02157101442913381,0.02157101442913381,-0.018978622897636743,0.018978622897636743,0.00322126161008787,0.0021201201791056358,0.7819853546502944,True,FULL,FULL_poly_rank_3
340,3.5,21.58604210503991,0.026,0.0153092991217785,0.0153092991217785,0.0343911652377439,0.2316311612693741,0.0497004643595224,0.6801344819537776,0.0153092991217785,0.0883045945497129,0.2316311612693741,0.1036138936714914,0.4933065031831406,0.053913429311969,0.053913429311969,0.053913429311969005,0.053913429311969005,-0.18682797877063695,0.18682797877063695,0.004924240799099483,0.003497530057426328,-0.4316673640294306,True,FULL,FULL_poly_rank_3
341,1.13,6.96920787962717,0.055,0.0153092991217785,0.0153092991217785,0.1595143577209842,0.7174416499493891,0.1748236568427627,1.524522904222498,0.0153092991217785,0.1722927058860877,0.7174416499493891,0.1876020050078662,1.3564070522955596,0.012778348165103481,0.012778348165103481,0.012778348165103509,0.012778348165103509,-0.16811585192693834,0.16811585192693834,0.0016367115245618036,0.0008600704727595929,0.985309363427119,True,FULL,FULL_poly_rank_3
342,1.22,7.524277533756768,0.039,0.0153092991217785,0.0153092991217785,0.0864894320112215,0.6645156265924669,0.101798731133,1.5829859963913084,0.0153092991217785,0.0883434007192679,0.6645156265924669,0.1036526998410464,1.4150971445374765,0.0018539687080463968,0.0018539687080463968,0.0018539687080463968,0.0018539687080463968,-0.16788885185383196,0.16788885185383196,0.0013038635600039245,0.0006595310591019604,0.9746970333332432,True,FULL,FULL_poly_rank_3
343,1.45,8.942788872087963,0.034,0.0153092991217785,0.0153092991217785,0.0654950286258003,0.5591096996157306,0.0808043277475788,1.4123161332544465,0.0153092991217785,0.0504233191009877,0.5591096996157306,0.0657326182227663,1.3498093154553206,-0.015071709524812599,0.015071709524812599,-0.015071709524812502,0.015071709524812502,-0.06250681779912592,0.06250681779912592,0.0025207863802934787,0.0016270654167278974,0.8531523131287793,True,FULL,FULL_poly_rank_3
344,2.17,13.383346105124744,0.028,0.0153092991217785,0.0153092991217785,0.0418356081902535,0.373598647208668,0.057144907312032,1.0458293131757963,0.0153092991217785,0.0174173185721647,0.373598647208668,0.0327266176939432,1.2032348379363658,-0.024418289618088798,0.024418289618088798,-0.024418289618088798,0.024418289618088798,0.15740552476056946,0.15740552476056946,0.003341503429482097,0.002235080719561114,0.49585244169482723,True,FULL,FULL_poly_rank_3
345,0.6,3.700464360863984,0.062,0.0153092991217785,0.0153092991217785,0.1936315334445874,1.3511817740713494,0.2089408325663659,2.78103428223211,0.0153092991217785,0.384463884464535,1.3511817740713494,0.3997731835863135,2.3101464906554554,0.1908323510199476,0.1908323510199476,0.19083235101994758,0.19083235101994758,-0.4708877915766547,0.4708877915766547,0.012477952742775541,0.009211156036583443,0.380296073698845,True,FULL,FULL_poly_rank_3
346,0.7,4.317208421007981,0.05,0.0153092991217785,0.0153092991217785,0.1358772828198478,1.1581558063468709,0.1511865819416263,2.530764500816095,0.0153092991217785,0.2599588158923749,1.1581558063468709,0.2752681150141534,2.068390192821424,0.12408153307252712,0.12408153307252712,0.12408153307252709,0.12408153307252709,-0.4623743079946707,0.4623743079946707,0.008359999970132684,0.006161065027592144,0.5009182751701473,True,FULL,FULL_poly_rank_3
347,0.9,5.550696541295977,0.034,0.0153092991217785,0.0153092991217785,0.0654950141480271,0.9007878493808994,0.0808043132698056,2.275398701589776,0.0153092991217785,0.0989755631341127,0.9007878493808994,0.1142848622558913,1.8753391597657283,0.0334805489860856,0.0334805489860856,0.0334805489860857,0.0334805489860857,-0.4000595418240478,0.4000595418240478,0.0022838494080912996,0.0016651041155241735,0.8794603402722234,True,FULL,FULL_poly_rank_3
348,1.8,11.101393082591954,0.027,0.0153092991217785,0.0153092991217785,0.038082793731829,0.4503939246904497,0.0533920928536075,1.2897687725693818,0.0153092991217785,0.0141151177052593,0.4503939246904497,0.0294244168270378,1.5423477562628467,-0.023967676026569698,0.023967676026569698,-0.023967676026569698,0.023967676026569698,0.2525789836934649,0.2525789836934649,0.0032834559311097126,0.002195610182806922,0.4450816627674532,True,FULL,FULL_poly_rank_3
349,1.13,6.96920787962717,0.043,0.0153092991217785,0.0153092991217785,0.1039855497101338,0.7174416499493891,0.1192948488319123,1.6477168177591195,0.0153092991217785,0.1176981995645944,0.7174416499493891,0.133007498686373,1.4457163061493463,0.013712649854460607,0.013712649854460607,0.01371264985446069,0.01371264985446069,-0.20200051160977317,0.20200051160977317,0.0008487416984697531,0.0005427176885601177,0.9920365736584787,True,FULL,FULL_poly_rank_3
350,1.37,8.449393623972766,0.041,0.0153092991217785,0.0153092991217785,0.0951653865075495,0.591758441199131,0.110474685629328,1.3828596668882291,0.0153092991217785,0.0861349705881361,0.591758441199131,0.1014442697099146,1.266693132641827,-0.009030415919413393,0.009030415919413393,-0.009030415919413393,0.009030415919413393,-0.11616653424640222,0.11616653424640222,0.002365684913082788,0.0014445507824072952,0.9285834109138598,True,FULL,FULL_poly_rank_3
351,1.67,10.299625804404757,0.032,0.0153092991217785,0.0153092991217785,0.057405854043788,0.4854545296064728,0.0727151531655665,1.2626030593869657,0.0153092991217785,0.0354334609489426,0.4854545296064728,0.0507427600707212,1.2819690168001074,-0.021972393094845402,0.021972393094845402,-0.021972393094845298,0.021972393094845298,0.019365957413141732,0.019365957413141732,0.003148651948352923,0.002087311754092656,0.7192543775852647,True,FULL,FULL_poly_rank_3
352,2.91,17.947252150190327,0.03,0.0153092991217785,0.0153092991217785,0.0495137718239397,0.2785941802208967,0.0648230709457182,0.7494886652754336,0.0153092991217785,0.0573728618324436,0.2785941802208967,0.0726821609542221,0.652146777501456,0.007859090008503898,0.007859090008503898,0.007859090008503905,0.007859090008503905,-0.09734188777397756,0.09734188777397756,0.0004764456759638627,0.0003485144723370187,0.9919708892913051,True,FULL,FULL_poly_rank_3
353,0.9,5.550696541295977,0.037,0.0153092991217785,0.0153092991217785,0.0779670989319231,0.9007878493808994,0.0932763980537016,2.192227389199339,0.0153092991217785,0.1186782247684742,0.9007878493808994,0.1339875238902527,1.8124498539376743,0.04071112583655109,0.04071112583655109,0.04071112583655111,0.04071112583655111,-0.3797775352616646,0.3797775352616646,0.002668599304090057,0.001959421940275466,0.8749140525453423,True,FULL,FULL_poly_rank_3
354,1.05,6.475812631511974,0.032,0.0153092991217785,0.0153092991217785,0.0574058541682785,0.7721038708979138,0.0727151532900571,2.0081400996379837,0.0153092991217785,0.0675150933681505,0.7721038708979138,0.0828243924899291,1.741265631043404,0.010109239199871993,0.010109239199871993,0.010109239199872,0.010109239199872,-0.26687446859457964,0.26687446859457964,0.0005490504571496254,0.0004134746070148054,0.9914633358609479,True,FULL,FULL_poly_rank_3
355,1.15,7.09255669165597,0.028,0.0153092991217785,0.0153092991217785,0.0418356081862674,0.7049644038633127,0.0571449073080459,1.9734344433232216,0.0153092991217785,0.037685156001883,0.7049644038633127,0.0529944551236615,1.8317455928780015,-0.0041504521843844025,0.0041504521843844025,-0.0041504521843844025,0.0041504521843844025,-0.14168885044522006,0.14168885044522006,0.00109776963647677,0.0006523506981486432,0.9455878014096382,True,FULL,FULL_poly_rank_3
356,1.4,8.634416842015963,0.024,0.0153092991217785,0.0153092991217785,0.0272042150777216,0.5790779031734354,0.0425135141995001,1.8037445140554815,0.0153092991217785,0.0100274494184511,0.5790779031734354,0.0253367485402296,2.191969564451824,-0.017176765659270503,0.017176765659270503,-0.0171767656592705,0.0171767656592705,0.38822505039634225,0.38822505039634225,0.00242713762002576,0.0016130015590579256,0.5338026618597244,True,FULL,FULL_poly_rank_3
357,0.75,4.625580451079981,0.028,0.0153092991217785,0.0153092991217785,0.0418356081843982,1.080945419257079,0.0571449073061767,3.0259328132395527,0.0153092991217785,0.0789937573389331,1.080945419257079,0.0943030564607116,2.355947954432018,0.0371581491545349,0.0371581491545349,0.03715814915453491,0.03715814915453491,-0.6699848588075348,0.6699848588075348,0.003149795754609574,0.0022543355422379435,0.5520406225716998,True,FULL,FULL_poly_rank_3
358,1.15,7.09255669165597,0.026,0.0153092991217785,0.0153092991217785,0.0343911653190034,0.7049644038633127,0.0497004644407819,2.0699745048837284,0.0153092991217785,0.0276711298870563,0.7049644038633127,0.0429804290088348,1.990473968514708,-0.006720035431947102,0.006720035431947102,-0.006720035431947095,0.006720035431947095,-0.07950053636902044,0.07950053636902044,0.0012568386981277482,0.0007916134182441651,0.9067341507919991,True,FULL,FULL_poly_rank_3
359,1.1,6.784184661583972,0.024,0.0153092991217785,0.0153092991217785,0.0272042141314279,0.7370082404025541,0.0425135132532064,2.2956749282231264,0.0153092991217785,0.0204742795640879,0.7370082404025541,0.0357835786858664,2.26539432613669,-0.006729934567340001,0.006729934567340001,-0.006729934567340001,0.006729934567340001,-0.03028060208643657,0.03028060208643657,0.0011663134813465327,0.0007452881632394504,0.8923506080076569,True,FULL,FULL_poly_rank_3
360,1.2,7.400928721727968,0.022,0.0153092991217785,0.0153092991217785,0.0203041095024898,0.6755908870356747,0.0356134086242683,2.2704692840433656,0.0153092991217785,0.0078723972130892,0.6755908870356747,0.0231816963348677,2.743394102957021,-0.0124317122894006,0.0124317122894006,-0.012431712289400602,0.012431712289400602,0.47292481891365545,0.47292481891365545,0.0018015867048482414,0.0011905150688137182,0.6486247625891854,True,FULL,FULL_poly_rank_3
