sample_id,u_peak,u_r,tau_peak,tau_r,true_a,true_b,true_c,true_d,true_e,estimated_a,estimated_b,estimated_c,estimated_d,estimated_e,error_b,abs_error_b,error_d,abs_error_d,error_e,abs_error_e,curve_rmse_tau_u,curve_mae_tau_u,curve_r2_tau_u,curve_valid,dataset,model_name
7,0.72,2.75,0.044,0.03175,0.03175,0.0801325410005739,1.818181818181818,0.1118825410005739,3.441242286799551,0.03175,0.2124640671338322,1.818181818181818,0.2442140671338322,2.393377312560038,0.1323315261332583,0.1323315261332583,0.1323315261332583,0.1323315261332583,-1.0478649742395132,1.0478649742395132,0.0017988120701621399,0.001515567605240979,0.9298291127913945,True,FULL,FULL_poly_rank_4
8,0.92,3.0,0.035,0.02825,0.02825,0.0557241852265918,1.6666666666666667,0.0839741852265918,3.007954906577982,0.02825,0.0833210340423433,1.6666666666666667,0.1115710340423433,2.363885803718766,0.027596848815751494,0.027596848815751494,0.0275968488157515,0.0275968488157515,-0.6440691028592158,0.6440691028592158,0.0015458600352182682,0.0008720064525702259,0.9188402124099755,True,FULL,FULL_poly_rank_4
9,0.97,3.0,0.029,0.0255,0.0255,0.0288872445152351,1.6666666666666667,0.0543872445152351,3.290221199159674,0.0255,0.030396994666353,1.6666666666666667,0.055896994666353,2.8464888223389004,0.0015097501511179001,0.0015097501511179001,0.0015097501511179001,0.0015097501511179001,-0.4437323768207735,0.4437323768207735,0.0010236735361732756,0.0005818886149022071,0.9497791972534828,True,FULL,FULL_poly_rank_4
11,0.78,3.5,0.05,0.0417499999999999,0.0417499999999999,0.0354980845491272,1.4285714285714286,0.0772480845491271,4.004659571873231,0.0417499999999999,0.100765490189628,1.4285714285714286,0.1425154901896279,2.679219107163393,0.06526740564050079,0.06526740564050079,0.06526740564050079,0.06526740564050079,-1.3254404647098377,1.3254404647098377,0.0036635353042689953,0.0026841000158740074,0.7228573185837406,True,FULL,FULL_poly_rank_4
12,1.25,3.5,0.04,0.034,0.034,0.0670624339164287,1.4285714285714286,0.1010624339164287,2.366794324621144,0.034,0.0539998833819654,1.4285714285714286,0.0879998833819654,2.1440844665982413,-0.0130625505344633,0.0130625505344633,-0.0130625505344633,0.0130625505344633,-0.22270985802290255,0.22270985802290255,0.002518175005982062,0.0016886487963734798,0.8483975876601274,True,FULL,FULL_poly_rank_4
13,1.8,4.0,0.035,0.033,0.033,0.0334302203204883,1.25,0.0664302203204883,2.0972939397426664,0.033,0.0023135430775686,1.25,0.0353135430775687,3.304184795095688,-0.0311166772429197,0.0311166772429197,-0.031116677242919603,0.031116677242919603,1.2068908553530218,1.2068908553530218,0.0011724404256178245,0.0009100751053129327,0.9642718285812375,True,FULL,FULL_poly_rank_4
19,1.55,12.0,1.02,0.8525,0.8525,0.3782821788444106,0.4166666666666667,1.2307821788444109,2.3791759662313843,0.8525,0.2465513711112583,0.4166666666666667,1.0990513711112584,2.549592120944863,-0.13173080773315232,0.13173080773315232,-0.1317308077331525,0.1317308077331525,0.17041615471347882,0.17041615471347882,0.02409651486449985,0.01512589510934898,0.9589450481511675,True,FULL,FULL_poly_rank_4
20,1.71,12.0,2.57,1.7327500000000002,1.7327500000000002,2.210315622373947,0.4166666666666667,3.9430656223739473,1.6207235717983703,1.7327500000000002,1.6930253559812325,0.4166666666666667,3.4257753559812327,1.6245772640291392,-0.5172902663927146,0.5172902663927146,-0.5172902663927146,0.5172902663927146,0.0038536922307688126,0.0038536922307688126,0.09578136019207029,0.060312358141346945,0.9260128686693184,True,FULL,FULL_poly_rank_4
21,1.67,12.0,7.53,5.32,5.32,5.617172562155661,0.4166666666666667,10.93717256215566,1.7473164085592403,5.32,3.2725013387172144,0.4166666666666667,8.592501338717215,1.9047985541942551,-2.3446712234384464,2.3446712234384464,-2.3446712234384446,2.3446712234384446,0.15748214563501484,0.15748214563501484,0.39787457122437037,0.25508149649850886,0.8376941342830285,True,FULL,FULL_poly_rank_4
22,1.67,12.0,19.67,18.994999999999997,18.994999999999997,1.5273740416856256,0.4166666666666667,20.522374041685623,3.2739688179792332,18.994999999999997,5.222696896663727,0.4166666666666667,24.217696896663725,2.3782973947965247,3.6953228549781016,3.6953228549781016,3.6953228549781016,3.6953228549781016,-0.8956714231827085,0.8956714231827085,0.5860338752276484,0.37526794312794254,0.9358153065742896,True,FULL,FULL_poly_rank_4
27,0.87,3.25,2.35,1.9075,1.9075,2.7034029995062916,1.5384615384615383,4.610902999506291,3.276941309100947,1.9075,0.5703001352983244,1.5384615384615383,2.4778001352983243,4.446972039342688,-2.1331028642079675,2.1331028642079675,-2.133102864207967,2.133102864207967,1.170030730241741,1.170030730241741,0.18189717703055008,0.13011344448766737,0.7282546802725299,True,FULL,FULL_poly_rank_4
28,0.13,1.325,1.02,0.6675,0.6675,0.6738254010838505,3.7735849056603774,1.3413254010838505,23.891608655167115,0.6675,1.0256615548028876,3.7735849056603774,1.6931615548028875,20.735897339193425,0.3518361537190371,0.3518361537190371,0.3518361537190371,0.3518361537190371,-3.15571131597369,3.15571131597369,0.06425571423341635,0.04035306791561439,0.7624992934733011,True,FULL,FULL_poly_rank_4
29,0.6,2.425,4.93,4.2975,4.2975,3.110870023650559,2.061855670103093,7.408370023650559,5.517814597970529,4.2975,2.12983183843665,2.061855670103093,6.4273318384366505,5.554337827521712,-0.981038185213909,0.981038185213909,-0.981038185213909,0.981038185213909,0.036523229551183256,0.036523229551183256,0.142896145641085,0.0944564126407466,0.9594512781220569,True,FULL,FULL_poly_rank_4
30,2.17,3.85,16.37,14.955,14.955,60.674147880173095,1.2987012987012987,75.6291478801731,1.6284330431129306,14.955,48.76788234841696,1.2987012987012987,63.72288234841696,1.4831643936214949,-11.906265531756134,11.906265531756134,-11.906265531756134,11.906265531756134,-0.1452686494914357,0.1452686494914357,1.5883662401102812,1.16311475731758,0.720756728811411,True,FULL,FULL_poly_rank_4
31,0.24,1.275,0.66,0.475,0.475,0.6758571313827281,3.9215686274509807,1.150857131382728,11.17767536247715,0.475,0.845509271265661,3.9215686274509807,1.320509271265661,9.43906264610614,0.16965213988293293,0.16965213988293293,0.16965213988293293,0.16965213988293293,-1.7386127163710086,1.7386127163710086,0.010722427945779132,0.007904802971480347,0.986644004150265,True,FULL,FULL_poly_rank_4
32,0.3,2.175,4.71,4.1925,4.1925,1.211168346774408,2.298850574712644,5.403668346774408,13.642584509493682,4.1925,1.624496174199909,2.298850574712644,5.816996174199909,12.081765008285862,0.413327827425501,0.413327827425501,0.4133278274255012,0.4133278274255012,-1.5608195012078205,1.5608195012078205,0.05929915093903802,0.038649154049870224,0.9885686610598344,True,FULL,FULL_poly_rank_4
33,2.26,4.125,16.14,11.3475,11.3475,422.7987490320256,1.2121212121212122,434.1462490320256,1.3091974223177918,11.3475,459.4474100240552,1.2121212121212122,470.7949100240552,1.22905597302078,36.64866099202959,36.64866099202959,36.64866099202959,36.64866099202959,-0.08014144929701184,0.08014144929701184,5.2329489592741325,4.0270178389168825,-1.0605222365173494,True,FULL,FULL_poly_rank_4
34,0.47,1.525,1.07,0.6975,0.6975,4.0455139668571585,3.278688524590164,4.743013966857158,4.812842755740618,0.6975,3.192566481351032,3.278688524590164,3.890066481351032,4.252386154235127,-0.8529474855061263,0.8529474855061263,-0.8529474855061263,0.8529474855061263,-0.560456601505491,0.560456601505491,0.14034253416266546,0.09799629060944438,0.42190322610264264,True,FULL,FULL_poly_rank_4
35,0.47,2.2,4.91,4.25,4.25,2.5915991927768687,2.2727272727272725,6.841599192776869,7.213346651196478,4.25,2.597664812255407,2.2727272727272725,6.847664812255407,6.604915262026642,0.006065619478538231,0.006065619478538231,0.006065619478538231,0.006065619478538231,-0.6084313891698354,0.6084313891698354,0.06798369872717601,0.030765877090809735,0.9897498070490444,True,FULL,FULL_poly_rank_4
36,1.48,3.625,14.91,14.235,14.235,8.232456046268986,1.3793103448275863,22.467456046268985,2.7321098339023515,14.235,7.412016919206611,1.3793103448275863,21.64701691920661,2.507265990650806,-0.8204391270623752,0.8204391270623752,-0.8204391270623752,0.8204391270623752,-0.22484384325154538,0.22484384325154538,0.3592187335032163,0.21910162822404275,0.9805600252454912,True,FULL,FULL_poly_rank_4
37,0.11,1.325,0.89,0.5625,0.5625,0.5639971811696873,3.7735849056603774,1.1264971811696871,29.2958502513531,0.5625,0.8778698989948652,3.7735849056603774,1.4403698989948652,25.72414235250415,0.3138727178251779,0.3138727178251779,0.3138727178251781,0.3138727178251781,-3.5717078988489526,3.5717078988489526,0.06369275428720811,0.039099685590256145,0.6941048740376421,True,FULL,FULL_poly_rank_4
38,0.26,2.175,5.3,4.1,4.1,2.5910971306331803,2.298850574712644,6.69109713063318,13.042743993933716,4.1,4.790429099507934,2.298850574712644,8.890429099507934,10.530457804647432,2.1993319688747537,2.1993319688747537,2.1993319688747537,2.1993319688747537,-2.512286189286284,2.512286189286284,0.35421351754720865,0.22707269460452104,0.6804281733730368,True,FULL,FULL_poly_rank_4
40,0.3,1.35,0.88,0.635,0.635,1.1651130574348498,3.7037037037037033,1.8001130574348498,8.547982610717572,0.635,1.1755079396627033,3.7037037037037033,1.8105079396627033,7.491523588927335,0.010394882227853453,0.010394882227853453,0.010394882227853453,0.010394882227853453,-1.0564590217902365,1.0564590217902365,0.0310114433863466,0.016574547081716597,0.9426845618610948,True,FULL,FULL_poly_rank_4
41,0.38,2.175,5.2,4.3975,4.3975,2.452688320111813,2.298850574712644,6.850188320111813,9.031706106944794,4.3975,3.3485091880773874,2.298850574712644,7.746009188077387,7.680144346049391,0.8958208679655746,0.8958208679655746,0.8958208679655746,0.8958208679655746,-1.351561760895403,1.351561760895403,0.08709866991147598,0.06081593430430574,0.98286087664616,True,FULL,FULL_poly_rank_4
43,0.88,1.475,0.58,0.535,0.535,2.3643732180319175,3.389830508474576,2.8993732180319176,4.157276354583812,0.535,2.8995695937757286,3.389830508474576,3.434569593775729,3.6736071408037185,0.5351963757438112,0.5351963757438112,0.5351963757438112,0.5351963757438112,-0.4836692137800931,0.4836692137800931,0.05808764494688652,0.04250873092585437,0.7108374931610095,True,FULL,FULL_poly_rank_4
44,1.5,2.625,3.89,3.6325,3.6325,10.486129835864666,1.9047619047619049,14.118629835864668,2.474961892115721,3.6325,8.51443863740349,1.9047619047619049,12.14693863740349,2.2538163870092576,-1.9716911984611762,1.9716911984611762,-1.971691198461178,1.971691198461178,-0.22114550510646325,0.22114550510646325,0.2990573580739384,0.21608951970772874,0.8290901949567101,True,FULL,FULL_poly_rank_4
45,2.87,4.1,13.67,13.42,13.42,16.705556614946417,1.2195121951219514,30.12555661494642,1.6634039681803665,13.42,47.58920991016033,1.2195121951219514,61.00920991016033,1.3385105644191209,30.88365329521391,30.88365329521391,30.88365329521391,30.88365329521391,-0.32489340376124565,0.32489340376124565,0.5923598327559634,0.37071971497455025,0.9485220559663106,True,FULL,FULL_poly_rank_4
46,0.79,1.5,0.8,0.665,0.665,6.166849946093346,3.3333333333333335,6.831849946093346,3.9230290740544778,0.665,4.783961763701806,3.3333333333333335,5.448961763701806,3.593066645700703,-1.3828881823915395,1.3828881823915395,-1.3828881823915395,1.3828881823915395,-0.32996242835377476,0.32996242835377476,0.1327422857216295,0.09947204057061677,0.17134025685666676,True,FULL,FULL_poly_rank_4
47,0.6,2.175,5.04,4.655,4.655,2.141531174694559,2.298850574712644,6.796531174694559,6.310564627174357,4.655,1.4491272274612612,2.298850574712644,6.1041272274612615,6.4027102458659835,-0.6924039472332977,0.6924039472332977,-0.6924039472332977,0.6924039472332977,0.0921456186916263,0.0921456186916263,0.09665008912142416,0.06439817166542049,0.9837573919603758,True,FULL,FULL_poly_rank_4
48,2.37,4.125,16.38,14.3675,14.3675,112.7264689844744,1.2121212121212122,127.0939689844744,1.4228254925840296,14.3675,96.0678770075082,1.2121212121212122,110.4353770075082,1.3006840703594469,-16.658591976966193,16.658591976966193,-16.658591976966207,16.658591976966207,-0.12214142222458269,0.12214142222458269,2.371429527614872,1.776011734526613,0.38090864773002053,True,FULL,FULL_poly_rank_4
49,1.46,2.566666666666667,4.68,4.1066666666666665,4.1066666666666665,30.593215473314466,1.948051948051948,34.69988213998113,2.300589855794831,4.1066666666666665,23.753891092710685,1.948051948051948,27.86055775937735,2.1129192750496393,-6.839324380603781,6.839324380603781,-6.839324380603777,6.839324380603777,-0.18767058074519172,0.18767058074519172,0.6603124651797957,0.4940085278058119,0.40835035569742717,True,FULL,FULL_poly_rank_4
50,4.16,4.75,15.04,14.775,14.775,58.5314735148253,1.0526315789473684,73.3064735148253,1.2144266984360343,14.775,83.61650605792818,1.0526315789473684,98.39150605792818,1.102975825885483,25.085032543102876,25.085032543102876,25.085032543102884,25.085032543102884,-0.11145087255055142,0.11145087255055142,0.9368182726119505,0.5955169375406815,0.8785050130842731,True,FULL,FULL_poly_rank_4
51,1.26,1.85,0.94,0.785,0.785,27.151829140946248,2.702702702702702,27.936829140946248,2.8751003676389564,0.785,25.534368632863785,2.702702702702702,26.319368632863785,2.7366371008077586,-1.6174605080824627,1.6174605080824627,-1.6174605080824627,1.6174605080824627,-0.1384632668311978,0.1384632668311978,0.26182954867924024,0.19465893469469533,-0.7409731665549539,True,FULL,FULL_poly_rank_4
52,3.13,4.466666666666667,15.58,14.793333333333337,14.793333333333337,75.02328336156236,1.1194029850746268,89.8166166948957,1.313812712287742,14.793333333333337,74.03672685840904,1.1194029850746268,88.83006019174238,1.199747988367228,-0.9865565031533237,0.9865565031533237,-0.9865565031533237,0.9865565031533237,-0.11406472392051414,0.11406472392051414,1.4599112629258084,1.0331653480738794,0.7419148815660861,True,FULL,FULL_poly_rank_4
53,1.15,1.85,0.71,0.65,0.65,3.9933470021604136,2.702702702702702,4.6433470021604135,3.19021506632708,0.65,4.1874438119399455,2.702702702702702,4.837443811939946,2.8849087584385984,0.19409680977953192,0.19409680977953192,0.19409680977953236,0.19409680977953236,-0.3053063078884817,0.3053063078884817,0.08523910891158785,0.0635279962101338,0.58911758276682,True,FULL,FULL_poly_rank_4
54,0.35,2.175,4.68,4.205,4.205,1.283914851902833,2.298850574712644,5.488914851902833,11.46515887900422,4.205,1.3662249328592804,2.298850574712644,5.57122493285928,10.7116750168966,0.08231008095644743,0.08231008095644743,0.08231008095644743,0.08231008095644743,-0.7534838621076201,0.7534838621076201,0.023513259832277776,0.01101312307369136,0.9983542255936898,True,FULL,FULL_poly_rank_4
55,0.63,3.85,16.18,14.365,14.365,5.024596391351091,1.2987012987012987,19.38959639135109,6.152370825583352,14.365,3.5439020073621084,1.2987012987012987,17.90890200736211,6.402500251458936,-1.4806943839889826,1.4806943839889826,-1.4806943839889826,1.4806943839889826,0.25012942587558396,0.25012942587558396,0.2520228472679681,0.16108993863440424,0.9843653895128743,True,FULL,FULL_poly_rank_4
56,0.45,1.5666666666666669,0.87,0.6366666666666667,0.6366666666666667,1.8543711063769357,3.191489361702127,2.4910377730436024,5.520751658815112,0.6366666666666667,1.4527163914228851,3.191489361702127,2.089383058089552,4.994213681193868,-0.4016547149540506,0.4016547149540506,-0.40165471495405036,0.40165471495405036,-0.5265379776212447,0.5265379776212447,0.07009220521734376,0.04685444146155237,0.7379746245508678,True,FULL,FULL_poly_rank_4
57,0.58,2.175,5.35,4.42,4.42,5.5363451785319135,2.298850574712644,9.956345178531912,5.059116621676996,4.42,5.8709816578403125,2.298850574712644,10.290981657840312,4.376640807288429,0.3346364793083989,0.3346364793083989,0.3346364793084007,0.3346364793084007,-0.6824758143885665,0.6824758143885665,0.16697765016560173,0.08806468114755486,0.9554649662228366,True,FULL,FULL_poly_rank_4
58,0.94,3.875,16.28,13.935,13.935,11.349260923481204,1.2903225806451613,25.28426092348121,3.405427164282276,13.935,11.9592023624896,1.2903225806451613,25.8942023624896,3.0150474231243076,0.6099414390083968,0.6099414390083968,0.6099414390083915,0.6099414390083915,-0.3903797411579686,0.3903797411579686,0.3156166307308043,0.15079785658712963,0.9816071488248117,True,FULL,FULL_poly_rank_4
59,0.13,1.5666666666666669,0.97,0.8033333333333333,0.8033333333333333,0.2782264175865835,3.191489361702127,1.0815597509199169,31.910981063129015,0.8033333333333333,0.3608967720913091,3.191489361702127,1.1642301054246424,29.239654340427577,0.0826703545047256,0.0826703545047256,0.0826703545047256,0.0826703545047256,-2.671326722701437,2.671326722701437,0.01672233987719498,0.01008731722902951,0.9729059995915448,True,FULL,FULL_poly_rank_4
60,2.38,2.85,5.22,4.84,4.84,137.35939252357494,1.7543859649122806,142.19939252357494,1.8523237169572588,4.84,229.5637658288149,1.7543859649122806,234.40376582881487,1.7659013450486012,92.20437330523995,92.20437330523995,92.20437330523993,92.20437330523993,-0.08642237190865765,0.08642237190865765,1.048296805422175,0.7084844243420503,-0.17539809452899013,True,FULL,FULL_poly_rank_4
61,2.68,4.125,16.95,15.5375,15.5375,116.71406105996982,1.2121212121212122,132.25156105996982,1.3981039630569712,15.5375,84.43582816697804,1.2121212121212122,99.97332816697804,1.3017730593540726,-32.27823289299178,32.27823289299178,-32.27823289299178,32.27823289299178,-0.09633090370289854,0.09633090370289854,2.1873253074987193,1.6203347233432024,0.5183674766297498,True,FULL,FULL_poly_rank_4
62,0.71,1.6,1.14,0.9133333333333334,0.9133333333333334,5.696830896813862,3.125,6.610164230147195,3.976020028848459,0.9133333333333334,3.7954814039753417,3.125,4.708814737308675,3.6457965807973354,-1.90134949283852,1.90134949283852,-1.90134949283852,1.90134949283852,-0.33022344805112347,0.33022344805112347,0.15919863436016599,0.11680316817420916,0.3547350291768028,True,FULL,FULL_poly_rank_4
63,0.76,2.2,5.03,4.68,4.68,3.0326428857358856,2.2727272727272725,7.712642885735885,4.87933520201715,4.68,2.072558373794707,2.2727272727272725,6.752558373794707,4.814576138207736,-0.9600845119411785,0.9600845119411785,-0.9600845119411785,0.9600845119411785,-0.06475906380941421,0.06475906380941421,0.1308909842564702,0.08759056151502125,0.9744824000128759,True,FULL,FULL_poly_rank_4
64,2.73,4.125,15.88,13.97,13.97,220.02903798852773,1.2121212121212122,233.99903798852773,1.3339956390040135,13.97,159.73744118326414,1.2121212121212122,173.70744118326414,1.2557994171920026,-60.291596805263595,60.291596805263595,-60.291596805263595,60.291596805263595,-0.07819622181201091,0.07819622181201091,3.0537247666439886,2.2770991217353638,-0.0244506051775506,True,FULL,FULL_poly_rank_4
65,0.63,1.5666666666666669,1.42,0.9733333333333332,0.9733333333333332,10.644929502666052,3.191489361702127,11.618262835999383,3.927118476960182,0.9733333333333332,7.824409558098102,3.191489361702127,8.797742891431435,3.543808983042031,-2.82051994456795,2.82051994456795,-2.8205199445679483,2.8205199445679483,-0.38330949391815095,0.38330949391815095,0.2766279057629455,0.20474505691392536,-0.11755429294767228,True,FULL,FULL_poly_rank_4
66,0.34,2.175,5.0,4.24,4.24,2.0482757543105174,2.298850574712644,6.288275754310518,10.49368724913285,4.24,2.921644505666766,2.298850574712644,7.161644505666766,8.925654786711164,0.8733687513562485,0.8733687513562485,0.8733687513562485,0.8733687513562485,-1.5680324624216873,1.5680324624216873,0.10307976300061895,0.0689632958213003,0.9720299181201674,True,FULL,FULL_poly_rank_4
67,3.13,4.533333333333333,14.91,14.596666666666666,14.596666666666666,20.35467702287054,1.1029411764705883,34.951343689537204,1.4882877719989878,14.596666666666666,42.83921577126469,1.1029411764705883,57.435882437931355,1.2319653354994555,22.48453874839415,22.48453874839415,22.48453874839415,22.48453874839415,-0.25632243649953224,0.25632243649953224,0.6763472203505512,0.43502918797599927,0.9436534063815313,True,FULL,FULL_poly_rank_4
68,0.49,1.5666666666666669,0.79,0.63,0.63,1.4068332196782207,3.191489361702127,2.0368332196782206,5.5461514668738845,0.63,1.0053956305272358,3.191489361702127,1.635395630527236,5.168038738356052,-0.40143758915098493,0.40143758915098493,-0.4014375891509847,0.4014375891509847,-0.3781127285178325,0.3781127285178325,0.05567035538246067,0.03775548185986584,0.796832033194671,True,FULL,FULL_poly_rank_4
69,1.69,2.566666666666667,5.04,4.426666666666667,4.426666666666667,69.19774278410341,1.948051948051948,73.62440945077007,2.1459242646578933,4.426666666666667,63.352822426701614,1.948051948051948,67.77948909336828,2.005094144523345,-5.844920357401797,5.844920357401797,-5.84492035740179,5.84492035740179,-0.14083012013454832,0.14083012013454832,0.9712772809930172,0.7252867806290613,-0.026903748582292275,True,FULL,FULL_poly_rank_4
70,3.12,4.466666666666667,16.37,15.163333333333334,15.163333333333334,137.96164146287623,1.1194029850746268,153.12497479620956,1.2614658876838951,15.163333333333334,100.7842462327385,1.1194029850746268,115.94757956607184,1.181677144212634,-37.17739523013773,37.17739523013773,-37.17739523013772,37.17739523013772,-0.07978874347126119,0.07978874347126119,2.1764710332522217,1.5702232161645173,0.473172522919615,True,FULL,FULL_poly_rank_4
71,0.18,1.5666666666666669,0.87,0.6,0.6,0.5778652142592701,3.191489361702127,1.17786521425927,16.988625203858206,0.6,0.6829554851861551,3.191489361702127,1.282955485186155,15.459379286232908,0.10509027092688505,0.10509027092688505,0.10509027092688505,0.10509027092688505,-1.529245917625298,1.529245917625298,0.015331268079289022,0.009849583704433326,0.9809392212752209,True,FULL,FULL_poly_rank_4
72,0.42,2.175,5.1,3.8825,3.8825,4.482035276937978,2.298850574712644,8.364535276937978,6.759501195047857,3.8825,5.907824587045994,2.298850574712644,9.790324587045994,5.637152265422638,1.4257893101080157,1.4257893101080157,1.4257893101080157,1.4257893101080157,-1.1223489296252191,1.1223489296252191,0.09066621309681967,0.06764451882723384,0.9831732362116952,True,FULL,FULL_poly_rank_4
73,1.09,3.85,15.19,13.3025,13.3025,11.821633061680007,1.2987012987012987,25.12413306168001,2.9737453064844868,13.3025,13.579072632525724,1.2987012987012987,26.881572632525724,2.540997910583239,1.7574395708457171,1.7574395708457171,1.7574395708457153,1.7574395708457153,-0.4327473959012478,0.4327473959012478,0.362988004345905,0.18452338445152594,0.9748771109444463,True,FULL,FULL_poly_rank_4
74,0.47,1.5666666666666669,0.66,0.5066666666666667,0.5066666666666667,1.2794449424210406,3.191489361702127,1.7861116090877074,5.540134014051035,0.5066666666666667,1.0435892285273352,3.191489361702127,1.550255895194002,4.980357561033703,-0.2358557138937054,0.2358557138937054,-0.2358557138937054,0.2358557138937054,-0.5597764530173324,0.5597764530173324,0.04778142004818372,0.031638522790430945,0.7850226335853416,True,FULL,FULL_poly_rank_4
75,0.57,2.175,4.24,4.0125,4.0125,1.1193350008113887,2.298850574712644,5.131835000811389,7.4273022742503985,4.0125,0.0470134240590862,2.298850574712644,4.059513424059086,13.184900070845035,-1.0723215767523024,1.0723215767523024,-1.0723215767523024,1.0723215767523024,5.757597796594637,5.757597796594637,0.1443244225078154,0.09015719957915834,0.9469416861157942,True,FULL,FULL_poly_rank_4
76,4.13,4.7,14.9,13.285,13.285,1213.8760619263403,1.0638297872340423,1227.1610619263406,1.0940505167399543,13.285,464.5159188046149,1.0638297872340423,477.80091880461487,1.0726586527344413,-749.3601431217254,749.3601431217254,-749.3601431217257,749.3601431217257,-0.021391864005513073,0.021391864005513073,5.06726265991147,3.3693692079742585,-0.9810952419689556,True,FULL,FULL_poly_rank_4
77,0.18,1.5666666666666669,0.88,0.4966666666666666,0.4966666666666666,0.8494890683979475,3.191489361702127,1.346155735064614,14.732448429095294,0.4966666666666666,0.8798718655626565,3.191489361702127,1.376538532229323,13.82044813803926,0.03038279716470904,0.03038279716470904,0.03038279716470904,0.03038279716470904,-0.9120002910560334,0.9120002910560334,0.0049747262364492496,0.00291036107787542,0.9986223476615647,True,FULL,FULL_poly_rank_4
78,1.25,2.566666666666667,4.37,3.77,3.77,17.6011784506471,1.948051948051948,21.3711784506471,2.4976694597033373,3.77,11.849712229418005,1.948051948051948,15.619712229418004,2.30291152202285,-5.751466221229096,5.751466221229096,-5.751466221229096,5.751466221229096,-0.1947579376804871,0.1947579376804871,0.49401065296490043,0.36139283589166327,0.5873928364120543,True,FULL,FULL_poly_rank_4
79,3.62,4.5,14.62,13.843333333333334,13.843333333333334,173.78668847200146,1.1111111111111112,187.6300218053348,1.2115644521301927,13.843333333333334,139.12028726315617,1.1111111111111112,152.9636205964895,1.145810910502627,-34.666401208845286,34.666401208845286,-34.666401208845286,34.666401208845286,-0.06575354162756564,0.06575354162756564,1.968672556788164,1.3410634508569215,0.4243398510368662,True,FULL,FULL_poly_rank_4
80,0.11,1.5633333333333332,1.04,0.5006666666666667,0.5006666666666667,0.863642983300683,3.1982942430703627,1.3643096499673495,27.24084861115649,0.5006666666666667,0.7663199691612633,3.1982942430703627,1.26698663582793,27.243793941242597,-0.09732301413941968,0.09732301413941968,-0.09732301413941946,0.09732301413941946,0.0029453300861064236,0.0029453300861064236,0.022859942950616545,0.013536409164853156,0.980836425152384,True,FULL,FULL_poly_rank_4
81,0.23,2.1775,4.79,3.54875,3.54875,2.4552355004571034,2.296211251435132,6.003985500457103,14.649101403235154,3.54875,4.271552217060366,2.296211251435132,7.820302217060366,12.180062812410672,1.8163167166032625,1.8163167166032625,1.8163167166032625,1.8163167166032625,-2.469038590824482,2.469038590824482,0.3213000121960768,0.2026362268713904,0.6774812908840107,True,FULL,FULL_poly_rank_4
82,0.39,3.9275,14.13,12.93,12.93,2.178980729198466,1.273074474856779,15.108980729198466,12.268593789286898,12.93,1.7950822976051557,1.273074474856779,14.725082297605155,12.533196120838548,-0.3838984315933105,0.3838984315933105,-0.3838984315933107,0.3838984315933107,0.26460233155165014,0.26460233155165014,0.08161072587447021,0.049260736742514896,0.9971002351908771,True,FULL,FULL_poly_rank_4
83,0.21,1.5566666666666666,0.75,0.4896666666666667,0.4896666666666667,0.6541837303857423,3.211991434689508,1.143850397052409,13.109251845364824,0.4896666666666667,0.7563365789472334,3.211991434689508,1.2460032456139,11.775523909315485,0.1021528485614911,0.1021528485614911,0.1021528485614911,0.1021528485614911,-1.333727936049339,1.333727936049339,0.010946914418389738,0.007467042905981863,0.9889623988153464,True,FULL,FULL_poly_rank_4
84,1.52,2.19,4.53,3.98,3.98,84.48453784563569,2.2831050228310503,88.46453784563569,2.4678705594788535,3.98,89.6009812986792,2.2831050228310503,93.5809812986792,2.3231318173682447,5.116443453043516,5.116443453043516,5.116443453043516,5.116443453043516,-0.14473874211060878,0.14473874211060878,0.9691079321935557,0.7104520398023279,-0.23166617701460535,True,FULL,FULL_poly_rank_4
85,0.46,3.86,15.2,13.9425,13.9425,2.582793456166362,1.2953367875647668,16.525293456166363,10.00333623780827,13.9425,1.311882377346432,1.2953367875647668,15.254382377346433,11.34651967190845,-1.27091107881993,1.27091107881993,-1.27091107881993,1.27091107881993,1.3431834341001796,1.3431834341001796,0.23190336344017645,0.14312672281885525,0.9816511529848971,True,FULL,FULL_poly_rank_4
86,1.14,1.85,0.47,0.4455,0.4455,1.2635859558868447,2.702702702702702,1.7090859558868448,3.448989911906233,0.4455,2.0771684249543982,2.702702702702702,2.5226684249543982,2.9499320686848205,0.8135824690675535,0.8135824690675535,0.8135824690675535,0.8135824690675535,-0.49905784322141233,0.49905784322141233,0.03515024080335917,0.02500165278854037,0.8452312114679534,True,FULL,FULL_poly_rank_4
87,1.53,2.29,3.84,3.5879999999999996,3.5879999999999996,21.229112109709114,2.1834061135371177,24.817112109709115,2.5522940611621228,3.5879999999999996,26.033580704999995,2.1834061135371177,29.621580704999996,2.3025106337514702,4.804468595290881,4.804468595290881,4.804468595290881,4.804468595290881,-0.24978342741065251,0.24978342741065251,0.41842138154969044,0.30288906577369934,0.6545362937150001,True,FULL,FULL_poly_rank_4
89,0.31,1.5733333333333333,0.64,0.434,0.434,0.831446191232911,3.1779661016949152,1.265446191232911,8.046929532076042,0.434,0.8786631759063506,3.1779661016949152,1.3126631759063505,7.037307986795508,0.0472169846734396,0.0472169846734396,0.0472169846734396,0.0472169846734396,-1.0096215452805346,1.0096215452805346,0.01655135118046622,0.008045115535444914,0.9696273930622069,True,FULL,FULL_poly_rank_4
90,0.44,2.0033333333333334,4.09,3.8813333333333335,3.8813333333333335,0.7845727106922662,2.4958402662229617,4.6659060440256,10.177837650659969,3.8813333333333335,0.1958775433281689,2.4958402662229617,4.0772108766615025,13.176494354562877,-0.5886951673640973,0.5886951673640973,-0.5886951673640972,0.5886951673640972,2.998656703902908,2.998656703902908,0.07285978042871197,0.0491177795132707,0.9834060992046407,True,FULL,FULL_poly_rank_4
91,2.56,4.125,14.35,13.695,13.695,33.24347166872315,1.2121212121212122,46.93847166872315,1.5724619149710894,13.695,45.5304459969628,1.2121212121212122,59.2254459969628,1.3597331769878234,12.286974328239644,12.286974328239644,12.286974328239644,12.286974328239644,-0.21272873798326608,0.21272873798326608,0.9648383013857789,0.6830280403868279,0.8764399097168551,True,FULL,FULL_poly_rank_4
92,0.1,1.5666666666666669,0.84,0.5786666666666667,0.5786666666666667,0.3913124802400913,3.191489361702127,0.969979146906758,37.39184550372476,0.5786666666666667,0.5839793048552262,3.191489361702127,1.1626459715218929,33.62527373729628,0.1926668246151349,0.1926668246151349,0.19266682461513485,0.19266682461513485,-3.766571766428477,3.766571766428477,0.0437047629097023,0.026058656258050067,0.7943445715088107,True,FULL,FULL_poly_rank_4
93,0.29,2.175,4.72,4.314,4.314,0.9127902034753363,2.298850574712644,5.226790203475336,15.255568277966066,4.314,1.165990351559163,2.298850574712644,5.479990351559163,13.820490549364957,0.2532001480838266,0.2532001480838266,0.2532001480838266,0.2532001480838266,-1.4350777286011098,1.4350777286011098,0.039092555128570114,0.02528104803654462,0.9949440853670168,True,FULL,FULL_poly_rank_4
94,2.24,4.125,16.29,15.185,15.185,36.934910613682646,1.2121212121212122,52.11991061368265,1.6343524111032697,15.185,39.68012100805787,1.2121212121212122,54.86512100805787,1.43083169616451,2.7452103943752206,2.7452103943752206,2.7452103943752206,2.7452103943752206,-0.20352071493875967,0.20352071493875967,1.141467583147305,0.8016846816569005,0.8550284098289338,True,FULL,FULL_poly_rank_4
95,0.15,1.5666666666666669,1.04,0.515,0.515,1.0180921290257392,3.191489361702127,1.533092129025739,17.824332391452327,0.515,0.9164864010637224,3.191489361702127,1.4314864010637225,17.51462073235584,-0.10160572796201683,0.10160572796201683,-0.10160572796201661,0.10160572796201661,-0.3097116590964859,0.3097116590964859,0.023244841169971026,0.013868731324244403,0.9813325996691119,True,FULL,FULL_poly_rank_4
96,0.32,2.225,5.75,4.01075,4.01075,4.5926707536336835,2.2471910112359548,8.603420753633683,8.90252129065327,4.01075,7.275664774866016,2.2471910112359548,11.286414774866016,7.301961722585739,2.682994021232332,2.682994021232332,2.682994021232332,2.682994021232332,-1.6005595680675313,1.6005595680675313,0.32412262683029225,0.21800310664175812,0.8220061905638166,True,FULL,FULL_poly_rank_4
97,0.98,3.925,16.9,13.655,13.655,17.423005323734152,1.2738853503184715,31.07800532373415,2.9328424113361327,13.655,19.323685666514052,1.2738853503184715,32.97868566651405,2.5123182730100404,1.9006803427799,1.9006803427799,1.9006803427799035,1.9006803427799035,-0.42052413832609226,0.42052413832609226,0.4611279346466793,0.2336012081175457,0.9647636155377769,True,FULL,FULL_poly_rank_4
98,0.12,1.5666666666666669,1.33,0.569,0.569,1.2856106349233354,3.191489361702127,1.854610634923335,23.13000566043724,0.569,0.974199162288995,3.191489361702127,1.543199162288995,23.75090786677517,-0.31141147263434044,0.31141147263434044,-0.3114114726343402,0.3114114726343402,0.6209022063379273,0.6209022063379273,0.06882985697210836,0.04146103474754577,0.9120461752287308,True,FULL,FULL_poly_rank_4
99,0.38,2.1775,5.29,3.8055,3.8055,4.8847712477868654,2.296211251435132,8.690271247786866,7.231167894086396,3.8055,6.970314552707766,2.296211251435132,10.775814552707766,5.946861031069399,2.0855433049209005,2.0855433049209005,2.0855433049209005,2.0855433049209005,-1.2843068630169974,1.2843068630169974,0.16141851774209115,0.11442693122400298,0.9508452566767585,True,FULL,FULL_poly_rank_4
100,1.12,3.865,15.69,14.2025,14.2025,9.330787016774106,1.2936610608020698,23.533287016774107,3.133851414322128,14.2025,9.67769144551272,1.2936610608020698,23.88019144551272,2.784603041020143,0.34690442873861294,0.34690442873861294,0.3469044287386147,0.3469044287386147,-0.3492483733019851,0.3492483733019851,0.3265075142887119,0.16538035061394532,0.981417356763482,True,FULL,FULL_poly_rank_4
101,0.11,1.5599999999999998,1.19,0.5136666666666666,0.5136666666666666,1.0901897584596147,3.2051282051282053,1.6038564251262817,26.190812099681132,0.5136666666666666,0.8294836986431534,3.2051282051282053,1.34315036530982,26.93991599218998,-0.26070605981646133,0.26070605981646133,-0.26070605981646167,0.26070605981646167,0.7491038925088489,0.7491038925088489,0.05912415028063711,0.035359438488317775,0.915848433484913,True,FULL,FULL_poly_rank_4
102,0.33,2.175,5.38,4.15275,4.15275,3.3230952595070686,2.298850574712644,7.475845259507069,9.464816530487427,4.15275,5.333065149695689,2.298850574712644,9.48581514969569,7.711502773959884,2.0099698901886205,2.0099698901886205,2.0099698901886205,2.0099698901886205,-1.7533137565275432,1.7533137565275432,0.23638114110086297,0.15800416286135055,0.8794101102714058,True,FULL,FULL_poly_rank_4
103,0.94,4.6125,15.17,14.2325,14.2325,3.230539541690666,1.0840108401084012,17.463039541690666,4.61254903129243,14.2325,5.16160328178413,1.0840108401084012,19.39410328178413,3.836904204014804,1.9310637400934638,1.9310637400934638,1.9310637400934638,1.9310637400934638,-0.7756448272776266,0.7756448272776266,0.20485115898680684,0.14153237977196004,0.989947716926873,True,FULL,FULL_poly_rank_4
104,0.46,1.61,0.57,0.4153333333333333,0.4153333333333333,1.2195408766373736,3.105590062111801,1.634874209970707,5.380408458094788,0.4153333333333333,1.118335472127934,3.105590062111801,1.5336688054612673,4.686845106077869,-0.10120540450943971,0.10120540450943971,-0.10120540450943971,0.10120540450943971,-0.6935633520169189,0.6935633520169189,0.04256929752186369,0.02746660027481375,0.7751278072676548,True,FULL,FULL_poly_rank_4
105,0.38,2.1725,3.22,2.8175,2.8175,1.2095551373508462,2.3014959723820483,4.027055137350846,9.674876431868377,2.8175,0.4691510875365554,2.3014959723820483,3.2866510875365553,11.704405189724405,-0.7404040498142908,0.7404040498142908,-0.7404040498142908,0.7404040498142908,2.0295287578560277,2.0295287578560277,0.1046831601536465,0.06789864272303284,0.934997815975686,True,FULL,FULL_poly_rank_4
106,6.69,7.0,11.06,11.03,11.03,6.769176332863529,0.7142857142857143,17.799176332863528,0.9707346090728766,11.03,9.90475020204586,0.7142857142857143,20.93475020204586,0.8526146629601296,3.1355738691823323,3.1355738691823323,3.1355738691823305,3.1355738691823305,-0.11811994611274701,0.11811994611274701,0.24479093145540123,0.13507839653464454,0.9850118851706093,True,FULL,FULL_poly_rank_4
107,0.15,1.5566666666666666,0.88,0.5103333333333334,0.5103333333333334,0.7081291518031402,3.211991434689508,1.2184624851364736,19.26598627033951,0.5103333333333334,0.7872253253492764,3.211991434689508,1.2975586586826098,18.052944698954885,0.07909617354613618,0.07909617354613618,0.07909617354613618,0.07909617354613618,-1.2130415713846254,1.2130415713846254,0.012903552362504856,0.008145917455782904,0.9895918831387168,True,FULL,FULL_poly_rank_4
108,0.24,2.175,5.1,3.69825,3.69825,2.8769666070220197,2.298850574712644,6.5752166070220195,13.53664985652516,3.69825,5.116014896714173,2.298850574712644,8.814264896714173,11.141682300335283,2.2390482896921533,2.2390482896921533,2.2390482896921533,2.2390482896921533,-2.3949675561898776,2.3949675561898776,0.38145720223139756,0.2427102406300551,0.6198926323077227,True,FULL,FULL_poly_rank_4
109,0.47,3.8575,14.84,13.285,13.285,3.275885261750222,1.2961762799740766,16.560885261750222,9.133208341560495,13.285,2.838647727454198,1.2961762799740766,16.1236477274542,9.14999261048766,-0.43723753429602397,0.43723753429602397,-0.43723753429602397,0.43723753429602397,0.016784268927164447,0.016784268927164447,0.09729549615174313,0.05850726003988086,0.9966547631425788,True,FULL,FULL_poly_rank_4
110,0.15,2.1675,1.23,0.6225,0.6225,0.9619833022068238,2.306805074971165,1.584483302206824,20.507804388385548,0.6225,0.5645237255087823,2.306805074971165,1.1870237255087823,22.423156224316777,-0.39745957669804155,0.39745957669804155,-0.39745957669804177,0.39745957669804177,1.9153518359312294,1.9153518359312294,0.0900581802087045,0.05383848594879493,0.7694476938741561,True,FULL,FULL_poly_rank_4
111,0.25,2.165,6.22,4.547499999999999,4.547499999999999,3.553532108811563,2.3094688221709005,8.101032108811562,12.896286747191096,4.547499999999999,6.999360379688611,2.3094688221709005,11.54686037968861,10.287493595549686,3.4458282708770476,3.4458282708770476,3.4458282708770476,3.4458282708770476,-2.608793151641411,2.608793151641411,0.5674278864617976,0.3638459826784882,0.43959462483491674,True,FULL,FULL_poly_rank_4
112,0.46,4.1075,18.37,16.2525,16.2525,4.204330792736471,1.217285453438831,20.456830792736472,9.296747223836368,16.2525,0.4175357278665039,1.217285453438831,16.670035727866505,14.639191911814253,-3.786795064869967,3.786795064869967,-3.786795064869967,3.786795064869967,5.342444687977885,5.342444687977885,0.71011937165421,0.4381271039887342,0.8781436461329096,True,FULL,FULL_poly_rank_4
113,0.21,1.5599999999999998,0.72,0.5333333333333333,0.5333333333333333,0.4530839141628877,3.2051282051282053,0.9864172474962212,14.758619332850811,0.5333333333333333,0.5387561730027021,3.2051282051282053,1.0720895063360354,13.234564130832108,0.08567225883981439,0.08567225883981439,0.08567225883981422,0.08567225883981422,-1.5240552020187028,1.5240552020187028,0.010360086459927125,0.0069154254275631275,0.9868613621781627,True,FULL,FULL_poly_rank_4
114,0.46,2.215,4.54,3.755,3.755,3.0550946555112306,2.2573363431151243,6.8100946555112305,6.812602552841997,3.755,3.0643245597196698,2.2573363431151243,6.81932455971967,6.188852515010714,0.009229904208439166,0.009229904208439166,0.009229904208439166,0.009229904208439166,-0.6237500378312832,0.6237500378312832,0.07546279934578654,0.035047757651938544,0.9850941379701794,True,FULL,FULL_poly_rank_4
115,3.02,4.84,14.29,13.226666666666668,13.226666666666668,67.62238227774218,1.0330578512396695,80.84904894440885,1.2379494369579531,13.226666666666668,68.62865250007425,1.0330578512396695,81.85531916674093,1.1174052906997962,1.006270222332077,1.006270222332077,1.006270222332077,1.006270222332077,-0.1205441462581569,0.1205441462581569,1.5289849020386383,1.1329894689964797,0.6759956790126505,True,FULL,FULL_poly_rank_4
116,0.1,1.5533333333333337,1.16,0.5640000000000001,0.5640000000000001,0.912890584776652,3.218884120171673,1.476890584776652,31.1344826944979,0.5640000000000001,0.829971331170881,3.218884120171673,1.393971331170881,31.079101362385593,-0.08291925360577102,0.08291925360577102,-0.08291925360577102,0.08291925360577102,-0.055381332112308,0.055381332112308,0.0200127366435213,0.011753793783947688,0.9877076741573938,True,FULL,FULL_poly_rank_4
117,0.28,2.16,4.98,3.80875,3.80875,2.7207253448886286,2.314814814814815,6.5294753448886285,11.627647012732409,3.80875,4.561171899499557,2.314814814814815,8.369921899499557,9.54100985574924,1.8404465546109288,1.8404465546109288,1.8404465546109288,1.8404465546109288,-2.086637156983169,2.086637156983169,0.269462857108865,0.17522774126904955,0.8022004793141907,True,FULL,FULL_poly_rank_4
118,0.84,3.88,14.83,12.9825,12.9825,7.331910697776193,1.288659793814433,20.314410697776193,4.123242699657944,12.9825,8.795291971005225,1.288659793814433,21.777791971005225,3.586611235402006,1.4633812732290323,1.4633812732290323,1.4633812732290323,1.4633812732290323,-0.5366314642559384,0.5366314642559384,0.16886573024399396,0.10061387556218397,0.9931299499959954,True,FULL,FULL_poly_rank_4
119,0.05,1.5533333333333337,1.06,0.4603333333333333,0.4603333333333333,0.7347138188950575,3.218884120171673,1.1950471522283908,76.69251608229672,0.4603333333333333,0.5592906168080067,3.218884120171673,1.01962395014134,79.31785235033203,-0.17542320208705076,0.17542320208705076,-0.17542320208705076,0.17542320208705076,2.625336268035312,2.625336268035312,0.04574583600186973,0.026180723079349245,0.9236803951157078,True,FULL,FULL_poly_rank_4
120,0.24,2.1675,5.34,3.634,3.634,3.551284821064535,2.306805074971165,7.185284821064535,12.76758648025316,3.634,6.174020794279187,2.306805074971165,9.808020794279187,10.582648681174913,2.622735973214652,2.622735973214652,2.6227359732146525,2.6227359732146525,-2.184937799078247,2.184937799078247,0.4402685645592506,0.28151195497502574,0.5853943031184474,True,FULL,FULL_poly_rank_4
121,0.58,3.8475,15.72,12.52,12.52,8.509190021060213,1.299545159194282,21.029190021060213,5.626700720273117,12.52,9.376673899954843,1.299545159194282,21.896673899954845,5.128797983617118,0.86748387889463,0.86748387889463,0.8674838788946317,0.8674838788946317,-0.49790273665599916,0.49790273665599916,0.11297300001057922,0.07230193490368285,0.9966589820201213,True,FULL,FULL_poly_rank_4
122,0.16,1.7866666666666664,1.46,0.5153333333333333,0.5153333333333333,1.791622665699797,2.7985074626865676,2.3069559990331303,15.27471027903135,0.5153333333333333,0.9057458816547256,2.7985074626865676,1.421079214988059,16.824541914358196,-0.8858767840450713,0.8858767840450713,-0.8858767840450714,0.8858767840450714,1.5498316353268464,1.5498316353268464,0.17905528925132816,0.1103865128573705,0.6234988658786179,True,FULL,FULL_poly_rank_4
123,0.34,2.19,5.86,3.70375,3.70375,6.4076526447249105,2.2831050228310503,10.11140264472491,7.4904783908875965,3.70375,9.338503394629784,2.2831050228310503,13.042253394629784,6.20736541397312,2.9308507499048737,2.9308507499048737,2.9308507499048737,2.9308507499048737,-1.2831129769144765,1.2831129769144765,0.27725845553525835,0.19202658884319085,0.8973788607092062,True,FULL,FULL_poly_rank_4
124,0.72,3.9025,15.23,13.1975,13.1975,6.547895084347095,1.2812299807815504,19.745395084347095,4.922489465268678,13.1975,7.605079943692191,1.2812299807815504,20.80257994369219,4.388892381366417,1.0571848593450959,1.0571848593450959,1.0571848593450959,1.0571848593450959,-0.5335970839022615,0.5335970839022615,0.13087668662059498,0.08195316353630687,0.9956273667874379,True,FULL,FULL_poly_rank_4
125,0.13,1.5766666666666669,0.83,0.5316666666666667,0.5316666666666667,0.5110542316499418,3.1712473572938684,1.0427208983166083,25.070549134255213,0.5316666666666667,0.6537217421779338,3.1712473572938684,1.1853884088446005,22.985843616527525,0.14266751052799198,0.14266751052799198,0.1426675105279922,0.1426675105279922,-2.084705517727688,2.084705517727688,0.028544815955236145,0.01753255747372652,0.9274031773995591,True,FULL,FULL_poly_rank_4
126,0.33,2.195,4.91,4.2615,4.2615,1.6629195649406574,2.277904328018223,5.924419564940657,11.444353107108954,4.2615,2.2519561222207836,2.277904328018223,6.513456122220783,9.97001797933052,0.5890365572801262,0.5890365572801262,0.5890365572801262,0.5890365572801262,-1.474335127778435,1.474335127778435,0.07450621033298174,0.049533910482057776,0.984347976747262,True,FULL,FULL_poly_rank_4
127,2.99,4.513333333333333,16.39,14.923333333333332,14.923333333333332,140.10135047238424,1.1078286558345645,155.0246838057176,1.2549920885699382,14.923333333333332,106.71121507461147,1.1078286558345645,121.6345484079448,1.16981467079351,-33.39013539777277,33.39013539777277,-33.39013539777278,33.39013539777278,-0.08517741777642818,0.08517741777642818,2.359625462825025,1.7418656393871006,0.39736915369681913,True,FULL,FULL_poly_rank_4
128,0.22,1.5666666666666669,1.38,0.6789999999999999,0.6789999999999999,1.9691572578488556,3.191489361702127,2.6481572578488555,10.298464829923804,0.6789999999999999,1.709814024623483,3.191489361702127,2.388814024623483,9.820621994733692,-0.25934323322537267,0.25934323322537267,-0.25934323322537267,0.25934323322537267,-0.4778428351901116,0.4778428351901116,0.05550952779079767,0.033928988384688136,0.9483179538347914,True,FULL,FULL_poly_rank_4
129,0.39,2.18,6.11,4.593,4.593,5.057943521426855,2.293577981651376,9.650943521426855,7.34235077378404,4.593,7.702618863750248,2.293577981651376,12.295618863750247,5.92724035083892,2.644675342323393,2.644675342323393,2.644675342323392,2.644675342323392,-1.4151104229451201,1.4151104229451201,0.21049093969931584,0.14829251787240955,0.9347302784244274,True,FULL,FULL_poly_rank_4
130,2.78,4.13,17.18,15.5675,15.5675,173.2142161184181,1.2106537530266344,188.7817161184181,1.354578535378103,15.5675,108.80433213204684,1.2106537530266344,124.37183213204683,1.2783193080334867,-64.40988398637127,64.40988398637127,-64.40988398637127,64.40988398637127,-0.07625922734461632,0.07625922734461632,2.6736884695776038,1.969125100984073,0.29596962266096205,True,FULL,FULL_poly_rank_4
131,0.3,1.57,0.69,0.4403333333333333,0.4403333333333333,0.989606450202688,3.184713375796178,1.4299397835360212,7.9675990689291964,0.4403333333333333,1.0190573603117017,3.184713375796178,1.459390693645035,7.013370120949024,0.029450910109013684,0.029450910109013684,0.029450910109013684,0.029450910109013684,-0.9542289479801722,0.9542289479801722,0.02028531328937069,0.010032970469998896,0.9636461764383056,True,FULL,FULL_poly_rank_4
132,0.38,2.2025,4.61,3.49275,3.49275,3.5417527605950667,2.270147559591374,7.034502760595067,7.697329513236288,3.49275,4.451142535559133,2.270147559591374,7.943892535559133,6.60491584868012,0.9093897749640663,0.9093897749640663,0.9093897749640663,0.9093897749640663,-1.092413664556168,1.092413664556168,0.07337712235599364,0.05295214958639023,0.9856354889060767,True,FULL,FULL_poly_rank_4
133,0.58,3.89,14.25,12.71,12.71,3.870375185655917,1.2853470437017995,16.580375185655917,6.937928600833182,12.71,4.3101545257801845,1.2853470437017995,17.020154525780185,6.428754934643145,0.43977934012426756,0.43977934012426756,0.439779340124268,0.439779340124268,-0.509173666190037,0.509173666190037,0.07279806543155516,0.044026496153399,0.9982097938018119,True,FULL,FULL_poly_rank_4
134,0.29,1.5933333333333335,0.81,0.6846666666666668,0.6846666666666668,0.4027161872827163,3.1380753138075312,1.087382853949383,11.679447292728767,0.6846666666666668,0.2670839011293364,3.1380753138075312,0.9517505677960032,12.202923845830227,-0.1356322861533799,0.1356322861533799,-0.13563228615337986,0.13563228615337986,0.5234765531014602,0.5234765531014602,0.021382368904753497,0.013922855545007868,0.9585895362585675,True,FULL,FULL_poly_rank_4
135,0.42,2.1925,4.74,4.255,4.255,1.6007301765706998,2.280501710376283,5.8557301765707,9.079561652406012,4.255,1.4110570337020183,2.280501710376283,5.666057033702018,8.807575888691414,-0.18967314286868153,0.18967314286868153,-0.1896731428686813,0.1896731428686813,-0.27198576371459815,0.27198576371459815,0.051019978911324156,0.02933803432919925,0.9933103153899316,True,FULL,FULL_poly_rank_4
136,2.48,4.18,15.4,14.19,14.19,62.34454554337887,1.1961722488038278,76.53454554337887,1.469660738779334,14.19,63.2647075071764,1.1961722488038278,77.4547075071764,1.3163854477990526,0.9201619637975256,0.9201619637975256,0.9201619637975256,0.9201619637975256,-0.15327529098028125,0.15327529098028125,1.5381371886456303,1.1286399849379907,0.7115891676968054,True,FULL,FULL_poly_rank_4
137,1.18,1.85,0.63,0.575,0.575,4.239497230710774,2.702702702702702,4.814497230710774,3.1309195303367727,0.575,4.804015772112064,2.702702702702702,5.379015772112064,2.840717687291953,0.5645185414012897,0.5645185414012897,0.5645185414012897,0.5645185414012897,-0.2902018430448199,0.2902018430448199,0.08234017021106632,0.061201991569109035,0.5095996290704083,True,FULL,FULL_poly_rank_4
138,0.99,2.6033333333333335,4.93,4.496666666666667,4.496666666666667,4.9592094785200045,1.9206145966709345,9.455876145186672,3.460965956174455,4.496666666666667,2.6760008915660256,1.9206145966709345,7.172667558232693,3.5318608660595516,-2.283208586953979,2.283208586953979,-2.283208586953979,2.283208586953979,0.07089490988509661,0.07089490988509661,0.20874315758155632,0.14755153382012412,0.9356965905639146,True,FULL,FULL_poly_rank_4
139,1.92,4.2125,17.14,16.56,16.56,9.158812659704571,1.1869436201780414,25.71881265970457,2.22655990128023,16.56,14.19228403435768,1.1869436201780414,30.75228403435768,1.8092268582526276,5.033471374653109,5.033471374653109,5.033471374653107,5.033471374653107,-0.4173330430276023,0.4173330430276023,0.4629012824493859,0.2553910799209721,0.9772236933433992,True,FULL,FULL_poly_rank_4
140,0.42,1.7400000000000002,0.83,0.4525,0.4525,2.5886372580129136,2.8735632183908044,3.0411372580129137,4.84879553279124,0.4525,2.0590667731151893,2.8735632183908044,2.5115667731151894,4.313910804386354,-0.5295704848977243,0.5295704848977243,-0.5295704848977243,0.5295704848977243,-0.5348847284048865,0.5348847284048865,0.09400472517950786,0.06318985102945843,0.6189112677887765,True,FULL,FULL_poly_rank_4
141,1.23,2.5733333333333337,4.22,4.026666666666666,4.026666666666666,3.714553371745124,1.94300518134715,7.74122003841179,3.22230726876678,4.026666666666666,2.3427255392368727,1.94300518134715,6.369392205903539,3.148632314347457,-1.3718278325082514,1.3718278325082514,-1.3718278325082514,1.3718278325082514,-0.07367495441932315,0.07367495441932315,0.14351005825409743,0.10003715243287259,0.9646773247335065,True,FULL,FULL_poly_rank_4
142,1.79,4.84,15.01,14.9025,14.9025,0.8901040923931092,1.0330578512396695,15.792604092393107,3.4546415460563873,14.9025,5.403327694195383,1.0330578512396695,20.305827694195383,2.193257678822015,4.513223601802274,4.513223601802274,4.5132236018022756,4.5132236018022756,-1.2613838672343722,1.2613838672343722,0.47011227841559533,0.2709780541279027,0.961004078880477,True,FULL,FULL_poly_rank_4
143,0.33,1.5733333333333333,0.58,0.4766666666666666,0.4766666666666666,0.4098600862261488,3.1779661016949152,0.8865267528928155,9.368454028225154,0.4766666666666666,0.3749986568382534,3.1779661016949152,0.8516653235049201,8.72361207923452,-0.03486142938789538,0.03486142938789538,-0.03486142938789538,0.03486142938789538,-0.6448419489906332,0.6448419489906332,0.012447520937438727,0.007008577888800824,0.9753807042821289,True,FULL,FULL_poly_rank_4
144,0.43,2.1725,4.53,3.8975,3.8975,2.2412867147074325,2.3014959723820483,6.138786714707432,7.955893974394428,3.8975,2.2136554306017384,2.3014959723820483,6.111155430601738,7.369566139233001,-0.027631284105694043,0.027631284105694043,-0.027631284105694043,0.027631284105694043,-0.586327835161427,0.586327835161427,0.055312455415388796,0.025296324226381936,0.9915991481013158,True,FULL,FULL_poly_rank_4
145,3.33,4.496666666666667,14.77,14.159999999999998,14.159999999999998,71.68575820940592,1.111934766493699,85.84575820940591,1.2931877819034847,14.159999999999998,80.15748084595178,1.111934766493699,94.31748084595178,1.1781582581101275,8.471722636545863,8.471722636545863,8.471722636545863,8.471722636545863,-0.11502952379335718,0.11502952379335718,1.2992636311827876,0.8971649279689338,0.7681429929422043,True,FULL,FULL_poly_rank_4
146,0.13,1.5599999999999998,0.68,0.5633333333333334,0.5633333333333334,0.1951982739754749,3.2051282051282053,0.7585316073088083,31.88575510060682,0.5633333333333334,0.3124315067859257,3.2051282051282053,0.875764840119259,27.73257373546154,0.11723323281045078,0.11723323281045078,0.11723323281045073,0.11723323281045073,-4.153181365145279,4.153181365145279,0.02406208771190041,0.014584047674575617,0.8860177966347678,True,FULL,FULL_poly_rank_4
147,1.84,3.1775,4.39,3.69,3.69,48.191526905344915,1.5735641227380015,51.88152690534491,1.779339325853626,3.69,31.53127364769255,1.5735641227380015,35.221273647692556,1.6641206861365572,-16.660253257652364,16.660253257652364,-16.660253257652357,16.660253257652357,-0.11521863971706892,0.11521863971706892,0.8435319488852195,0.6407141393763974,-0.03472110299829745,True,FULL,FULL_poly_rank_4
148,2.23,4.3774999999999995,15.49,14.875,14.875,14.10295307840756,1.142204454597373,28.97795307840756,1.8301286904573817,14.875,23.604396167326662,1.142204454597373,38.47939616732666,1.4764518193169802,9.501443088919101,9.501443088919101,9.501443088919103,9.501443088919103,-0.35367687114040147,0.35367687114040147,0.5931651445158248,0.35468469586737894,0.956876388128412,True,FULL,FULL_poly_rank_4
149,0.18,1.5599999999999998,0.96,0.5433333333333333,0.5433333333333333,0.9264981470545324,3.2051282051282053,1.4698314803878656,14.731251978605432,0.5433333333333333,0.9476248635901404,3.2051282051282053,1.4909581969234738,13.856230962115175,0.021126716535608048,0.021126716535608048,0.02112671653560816,0.02112671653560816,-0.8750210164902565,0.8750210164902565,0.005793853583344235,0.0027344207341886916,0.9984249914044646,True,FULL,FULL_poly_rank_4
150,0.4,2.175,5.29,4.25,4.25,3.4798658017251105,2.298850574712644,7.7298658017251105,7.755705088302538,4.25,4.809551551328807,2.298850574712644,9.059551551328807,6.468055819320744,1.329685749603697,1.329685749603697,1.329685749603697,1.329685749603697,-1.2876492689817933,1.2876492689817933,0.10601984050606851,0.07612213126069817,0.976900464235217,True,FULL,FULL_poly_rank_4
151,0.99,3.6125,15.85,14.965,14.965,4.712295648967803,1.384083044982699,19.677295648967803,4.185634509215309,14.965,0.8695338683942833,1.384083044982699,15.834533868394283,5.75477290212101,-3.84276178057352,3.84276178057352,-3.84276178057352,3.84276178057352,1.5691383929057006,1.5691383929057006,0.3557305529832572,0.25180747517142493,0.9776938567172853,True,FULL,FULL_poly_rank_4
152,1.16,1.9,0.64,0.54,0.54,8.918859589233094,2.6315789473684212,9.458859589233091,2.9158636476035604,0.54,7.910142536523149,2.6315789473684212,8.450142536523149,2.715602506045599,-1.0087170527099447,1.0087170527099447,-1.008717052709942,1.008717052709942,-0.2002611415579616,0.2002611415579616,0.13574535910848687,0.10362144485614871,-0.19676639154783837,True,FULL,FULL_poly_rank_4
153,1.3,2.566666666666667,4.2,3.9333333333333336,3.9333333333333336,6.732843008196392,1.948051948051948,10.666176341529724,2.832743127876559,3.9333333333333336,4.799896525255836,1.948051948051948,8.73322985858917,2.6432096324129275,-1.9329464829405563,1.9329464829405563,-1.9329464829405545,1.9329464829405545,-0.1895334954636314,0.1895334954636314,0.2317781018205762,0.1630962715823589,0.9079323255363253,True,FULL,FULL_poly_rank_4
154,5.1,31.453947067343865,14.28,13.490170336848536,13.490170336848536,2.087839211051561,0.1589625616554528,15.578009547900097,0.9263059984631752,13.490170336848536,7.2919324125546225,0.1589625616554528,20.78210274940316,0.6362728161372377,5.204093201503062,5.204093201503062,5.204093201503062,5.204093201503062,-0.29003318232593744,0.29003318232593744,0.6843039887980488,0.44896625013455094,0.8509396235542604,True,FULL,FULL_poly_rank_4
155,0.56,1.5599999999999998,0.58,0.4766666666666666,0.4766666666666666,1.2430840918042927,3.2051282051282053,1.7197507584709593,5.0236277196711585,0.4766666666666666,0.9671592664616092,3.2051282051282053,1.4438259331282757,4.543929305216865,-0.2759248253426835,0.2759248253426835,-0.2759248253426836,0.2759248253426836,-0.47969841445429395,0.47969841445429395,0.045435642228877,0.031111318462962022,0.7663325320488564,True,FULL,FULL_poly_rank_4
156,0.67,2.1775,4.06,3.745,3.745,2.1627193549790276,2.296211251435132,5.907719354979028,5.4890381882934465,3.745,0.9073794504486036,2.296211251435132,4.652379450448604,6.224210470359018,-1.255339904530424,1.255339904530424,-1.255339904530424,1.255339904530424,0.7351722820655713,0.7351722820655713,0.11087459115821117,0.07886551502244628,0.9694972921824868,True,FULL,FULL_poly_rank_4
157,1.32,3.9,14.36,13.5925,13.5925,6.126023681195667,1.2820512820512822,19.718523681195663,3.032176279008363,13.5925,7.358986586791117,1.2820512820512822,20.951486586791116,2.614571015924483,1.2329629055954499,1.2329629055954499,1.2329629055954534,1.2329629055954534,-0.41760526308388,0.41760526308388,0.262943863499165,0.13207067069979073,0.987252847889048,True,FULL,FULL_poly_rank_4
158,0.17,1.6233333333333333,1.0,0.5720000000000001,0.5720000000000001,0.8749487231528226,3.080082135523614,1.4469487231528226,16.31818533574024,0.5720000000000001,0.874368746426756,3.080082135523614,1.446368746426756,15.57390305729933,-0.0005799767260665778,0.0005799767260665778,-0.0005799767260665778,0.0005799767260665778,-0.7442822784409096,0.7442822784409096,0.005997204983154555,0.0021225760020362494,0.9983537046435168,True,FULL,FULL_poly_rank_4
159,0.32,2.1825,5.06,4.11975,4.11975,2.410582651104151,2.290950744558992,6.530332651104151,10.626543938716322,4.11975,3.7254341775013327,2.290950744558992,7.8451841775013325,8.836812642463565,1.3148515263971818,1.3148515263971818,1.3148515263971818,1.3148515263971818,-1.7897312962527572,1.7897312962527572,0.16749560772206268,0.11016313005533895,0.9266051192991219,True,FULL,FULL_poly_rank_4
160,1.07,3.895,14.3,13.0025,13.0025,7.31537030166651,1.2836970474967908,20.31787030166651,3.3651116062820727,13.0025,8.755019946287172,1.2836970474967908,21.75751994628717,2.8942808027483067,1.439649644620662,1.439649644620662,1.439649644620662,1.439649644620662,-0.47083080353376605,0.47083080353376605,0.2324624701740063,0.11831935694951674,0.9882450415783431,True,FULL,FULL_poly_rank_4
161,0.1,1.5666666666666669,0.85,0.5843333333333334,0.5843333333333334,0.3978559436075378,3.191489361702127,0.9821892769408712,37.33548887229885,0.5843333333333334,0.589946803698747,3.191489361702127,1.1742801370320803,33.622285780509245,0.19209086009120918,0.19209086009120918,0.19209086009120913,0.19209086009120913,-3.713203091789609,3.713203091789609,0.04356452855156652,0.025976432042474816,0.8012038865526919,True,FULL,FULL_poly_rank_4
162,0.24,2.175,6.09,4.409,4.409,3.4511384121172206,2.298850574712644,7.86013841211722,13.515323404054092,4.409,6.813741058669577,2.298850574712644,11.222741058669577,10.83972074246569,3.3626026465523564,3.3626026465523564,3.3626026465523564,3.3626026465523564,-2.6756026615884014,2.6756026615884014,0.5752566607260576,0.3662305588274789,0.3953135611089481,True,FULL,FULL_poly_rank_4
163,0.5,3.8625,16.89,15.2325,15.2325,3.655467066441505,1.2944983818770228,18.887967066441504,8.601598077321363,15.2325,0.3959337529671476,1.2944983818770228,15.628433752967148,13.305861799011488,-3.2595333134743574,3.2595333134743574,-3.259533313474357,3.259533313474357,4.7042637216901255,4.7042637216901255,0.5734392381407509,0.3608618293045954,0.9134666087986143,True,FULL,FULL_poly_rank_4
164,0.07,1.5566666666666666,0.85,0.5843333333333334,0.5843333333333334,0.3510048045966245,3.211991434689508,0.935338137929958,59.36701870371923,0.5843333333333334,0.5812467383118209,3.211991434689508,1.1655800716451543,53.2743023777654,0.23024193371519647,0.23024193371519647,0.2302419337151963,0.2302419337151963,-6.09271632595383,6.09271632595383,0.05703698647600655,0.033189192579678915,0.6339654848395431,True,FULL,FULL_poly_rank_4
165,0.23,2.1675,5.85,4.43275,4.43275,2.80147060168731,2.306805074971165,7.23422060168731,14.978792929839672,4.43275,5.874572811609072,2.306805074971165,10.307322811609072,11.875742736679706,3.073102209921762,3.073102209921762,3.073102209921762,3.073102209921762,-3.103050193159966,3.103050193159966,0.5470751478209726,0.3450423461929944,0.3536522418079757,True,FULL,FULL_poly_rank_4
166,0.75,3.8625,16.87,15.795,15.795,3.4935563581594646,1.2944983818770228,19.288556358159465,5.80409010742513,15.795,0.2185004731221393,1.2944983818770228,16.01350047312214,9.706609007827735,-3.2750558850373253,3.2750558850373253,-3.2750558850373253,3.2750558850373253,3.9025189004026055,3.9025189004026055,0.5181621281177484,0.3248443807325615,0.9461391625009312,True,FULL,FULL_poly_rank_4
167,0.17,1.5599999999999998,0.8,0.5579999999999999,0.5579999999999999,0.4953159279041487,3.2051282051282053,1.0533159279041486,18.51576110820791,0.5579999999999999,0.6221779306168252,3.2051282051282053,1.1801779306168252,16.670225259185017,0.12686200271267656,0.12686200271267656,0.12686200271267656,0.12686200271267656,-1.8455358490228946,1.8455358490228946,0.020475565365529285,0.013000101168648016,0.9580100515988523,True,FULL,FULL_poly_rank_4
168,1.11,2.563333333333333,4.61,4.293333333333333,4.293333333333333,4.918051194692046,1.950585175552666,9.21138452802538,3.258019017990617,4.293333333333333,2.82552667314662,1.950585175552666,7.118860006479953,3.2403073202468016,-2.0925245215454256,2.0925245215454256,-2.0925245215454273,2.0925245215454273,-0.017711697743815424,0.017711697743815424,0.19273510399659852,0.1360097822412323,0.9426141421597052,True,FULL,FULL_poly_rank_4
169,3.93,4.553333333333334,16.61,16.513333333333332,16.513333333333332,14.198414912137522,1.0980966325036603,30.711748245470854,1.4757256498343354,16.513333333333332,54.8676182608783,1.0980966325036603,71.38095159421164,1.1842682421424968,40.66920334874078,40.66920334874078,40.66920334874078,40.66920334874078,-0.2914574076918386,0.2914574076918386,0.5392260949774196,0.3064332304123547,0.969075941730704,True,FULL,FULL_poly_rank_4
170,0.19,1.5533333333333337,0.76,0.5436666666666666,0.5436666666666666,0.4848535368761771,3.218884120171673,1.0285202035428438,16.275028887164293,0.5436666666666666,0.5958531123826266,3.218884120171673,1.1395197790492932,14.58306359232026,0.11099957550644951,0.11099957550644951,0.11099957550644945,0.11099957550644945,-1.6919652948440334,1.6919652948440334,0.015559076374034381,0.010067545322661093,0.9734771333063192,True,FULL,FULL_poly_rank_4
171,0.32,2.17,4.74,4.0465,4.0465,1.7565900119017304,2.3041474654377883,5.80309001190173,11.4900793995,4.0465,2.439012918851126,2.3041474654377883,6.485512918851126,9.923407026115475,0.6824229069493954,0.6824229069493954,0.6824229069493954,0.6824229069493954,-1.5666723733845256,1.5666723733845256,0.08734637820135208,0.057635455563648,0.9767400377724421,True,FULL,FULL_poly_rank_4
172,1.88,4.13,15.76,14.8875,14.8875,14.997831291761866,1.2106537530266344,29.885331291761865,2.0220034481788933,14.8875,20.275416668518,1.2106537530266344,35.162916668518,1.6767646610864686,5.277585376756136,5.277585376756136,5.277585376756136,5.277585376756136,-0.3452387870924247,0.3452387870924247,0.5993082753703369,0.356119298706827,0.9543114343436963,True,FULL,FULL_poly_rank_4
173,0.23,1.5666666666666669,0.81,0.5826666666666666,0.5826666666666666,0.6080845262035995,3.191489361702127,1.190751192870266,12.675105003139644,0.5826666666666666,0.6580801776578965,3.191489361702127,1.240746844324563,11.535228522105786,0.04999565145429696,0.04999565145429696,0.04999565145429696,0.04999565145429696,-1.1398764810338573,1.1398764810338573,0.006470962640221514,0.0040283474058943804,0.9962933888426528,True,FULL,FULL_poly_rank_4
174,0.27,2.18,5.18,4.452999999999999,4.452999999999999,1.5717255574854088,2.293577981651376,6.024725557485408,14.53141002624948,4.452999999999999,2.856659324540188,2.293577981651376,7.3096593245401875,11.858213064491215,1.2849337670547794,1.2849337670547794,1.2849337670547794,1.2849337670547794,-2.673196961758265,2.673196961758265,0.20619752909808522,0.13049916724929184,0.8788970935412985,True,FULL,FULL_poly_rank_4
175,1.85,4.1125,17.29,16.4125,16.4125,14.29966321375646,1.21580547112462,30.71216321375646,2.100213453400296,16.4125,16.887789348555913,1.21580547112462,33.300289348555914,1.7927281983910506,2.5881261347994524,2.5881261347994524,2.5881261347994524,2.5881261347994524,-0.3074852550092455,0.3074852550092455,0.591128022765863,0.3524163851934175,0.9629608506412898,True,FULL,FULL_poly_rank_4
176,0.65,1.5766666666666669,0.57,0.478,0.478,1.612273609680621,3.1712473572938684,2.090273609680621,4.48569879514461,0.478,1.2468073760465836,3.1712473572938684,1.7248073760465836,4.044867240398824,-0.3654662336340373,0.3654662336340373,-0.3654662336340373,0.3654662336340373,-0.4408315547457855,0.4408315547457855,0.05361870995525679,0.03784671305194438,0.687673510773072,True,FULL,FULL_poly_rank_4
177,1.47,2.6333333333333333,3.8,3.616,3.616,6.14964024424423,1.89873417721519,9.76564024424423,2.66832825839853,3.616,5.267968281609951,1.89873417721519,8.88396828160995,2.418980696029581,-0.8816719626342788,0.8816719626342788,-0.8816719626342788,0.8816719626342788,-0.24934756236894895,0.24934756236894895,0.20437310166121525,0.14294916283227593,0.9175865414795216,True,FULL,FULL_poly_rank_4
178,2.12,4.1575,13.69,12.965,12.965,17.833183532648366,1.2026458208057729,30.79818353264837,1.8070468059221405,12.965,25.366101641938865,1.2026458208057729,38.331101641938865,1.5023373670016416,7.532918109290499,7.532918109290499,7.532918109290495,7.532918109290495,-0.30470943892049895,0.30470943892049895,0.6582672817825256,0.42095333171402916,0.9311424108159638,True,FULL,FULL_poly_rank_4
179,0.48,1.5666666666666669,0.88,0.6386666666666666,0.6386666666666666,2.2710172374402005,3.191489361702127,2.909683904106867,5.11752583659357,0.6386666666666666,1.7492791537156855,3.191489361702127,2.387945820382352,4.602715243911031,-0.5217380837245149,0.5217380837245149,-0.5217380837245149,0.5217380837245149,-0.5148105926825393,0.5148105926825393,0.08392988298872275,0.05727832166430438,0.649571173085865,True,FULL,FULL_poly_rank_4
180,0.52,2.9225,5.54,4.727,4.727,2.527730037291942,1.710863986313088,7.254730037291942,6.676100463922199,4.727,1.3486318757134033,1.710863986313088,6.075631875713404,7.429408354109054,-1.1790981615785388,1.1790981615785388,-1.1790981615785388,1.1790981615785388,0.7533078901868544,0.7533078901868544,0.172955035700089,0.11351080762592039,0.9410254199378904,True,FULL,FULL_poly_rank_4
181,0.9,3.925,17.84,14.94,14.94,13.029435602700998,1.2738853503184715,27.969435602700997,3.4621547532157915,14.94,11.093110467057096,1.2738853503184715,26.033110467057096,3.268754836578939,-1.9363251356439015,1.9363251356439015,-1.9363251356439015,1.9363251356439015,-0.19339991663685252,0.19339991663685252,0.46770446093717605,0.28267521787532174,0.9651668347838918,True,FULL,FULL_poly_rank_4
182,0.22,1.49,0.66,0.4575,0.4575,0.5513217275318822,3.3557046979865772,1.0088217275318825,12.75282127395527,0.4575,0.6859704700594771,3.3557046979865772,1.143470470059477,11.127126312979676,0.13464874252759484,0.13464874252759484,0.13464874252759462,0.13464874252759462,-1.6256949609755935,1.6256949609755935,0.013585373392067716,0.00928925994411668,0.9768162395796145,True,FULL,FULL_poly_rank_4
183,1.93,3.1,4.22,4.0145,4.0145,10.822557992923612,1.6129032258064515,14.837057992923611,2.064879723343122,4.0145,10.648416973308349,1.6129032258064515,14.662916973308349,1.849613845311511,-0.17414101961526285,0.17414101961526285,-0.17414101961526285,0.17414101961526285,-0.21526587803161124,0.21526587803161124,0.299785038344302,0.21611076220268532,0.8615289494434621,True,FULL,FULL_poly_rank_4
184,3.98,4.75,15.12,14.85,14.85,45.661479023586836,1.0526315789473684,60.51147902358684,1.247654255784918,14.85,70.49178574638822,1.0526315789473684,85.34178574638821,1.115163079856751,24.83030672280138,24.83030672280138,24.830306722801375,24.830306722801375,-0.13249117592816706,0.13249117592816706,0.8607612045692499,0.5513747289089156,0.9017402122103112,True,FULL,FULL_poly_rank_4
185,0.13,1.5666666666666669,1.09,0.5446666666666667,0.5446666666666667,0.9576325699215577,3.191489361702127,1.5022992365882244,21.905585532286455,0.5446666666666667,0.8790851613804694,3.191489361702127,1.4237518280471362,21.61514884994392,-0.07854740854108822,0.07854740854108822,-0.07854740854108822,0.07854740854108822,-0.29043668234253417,0.29043668234253417,0.018677097476875324,0.011016536438072433,0.9883068483392331,True,FULL,FULL_poly_rank_4
186,0.28,2.1775,5.16,3.81425,3.81425,3.130431077528114,2.296211251435132,6.944681077528114,11.220553160809676,3.81425,5.257031065333509,2.296211251435132,9.071281065333508,9.202505363987132,2.126599987805395,2.126599987805395,2.1265999878053945,2.1265999878053945,-2.018047796822543,2.018047796822543,0.3107603842321008,0.2027892416511714,0.7648780708196521,True,FULL,FULL_poly_rank_4
187,0.7,3.88,16.09,11.71,11.71,14.993697153202367,1.288659793814433,26.70369715320237,3.931657649182005,11.71,17.647909481770718,1.288659793814433,29.35790948177072,3.4029043606171014,2.6542123285683505,2.6542123285683505,2.6542123285683488,2.6542123285683488,-0.5287532885649036,0.5287532885649036,0.21300218504791404,0.14658233813657087,0.9907806136561259,True,FULL,FULL_poly_rank_4
188,1.1,2.06,0.64,0.593,0.593,1.513280437089641,2.4271844660194173,2.1062804370896413,3.268679989536249,0.593,1.3042253664103856,2.4271844660194173,1.8972253664103855,2.9431100502122947,-0.20905507067925555,0.20905507067925555,-0.20905507067925577,0.20905507067925577,-0.3255699393239544,0.3255699393239544,0.046474426591127854,0.033061957906985,0.8422734878421066,True,FULL,FULL_poly_rank_4
189,3.11,3.85,4.79,4.4285,4.4285,105.61771145632456,1.2987012987012987,110.04621145632456,1.3813754414682702,4.4285,118.51281845976344,1.2987012987012987,122.94131845976344,1.3143483186155829,12.89510700343888,12.89510700343888,12.89510700343888,12.89510700343888,-0.0670271228526873,0.0670271228526873,0.9136086235655576,0.626131257603546,-0.07457824930853785,True,FULL,FULL_poly_rank_4
190,2.95,4.833333333333333,17.57,15.660000000000002,15.660000000000002,133.5433516563727,1.0344827586206895,149.2033516563727,1.194201194728314,15.660000000000002,105.35426671091427,1.0344827586206895,121.01426671091428,1.1032868276163763,-28.18908494545842,28.18908494545842,-28.189084945458404,28.189084945458404,-0.09091436711193768,0.09091436711193768,2.5863196960828336,1.9487357854590308,0.37809525349007844,True,FULL,FULL_poly_rank_4
191,0.1,1.64,1.15,0.5823333333333333,0.5823333333333333,0.8468851223123651,3.048780487804878,1.4292184556456984,32.276683117014976,0.5823333333333333,0.7541483777111092,3.048780487804878,1.3364817110444425,32.40725371097271,-0.09273674460125592,0.09273674460125592,-0.09273674460125592,0.09273674460125592,0.13057059395773507,0.13057059395773507,0.02239520036400991,0.013150478273356112,0.983090267547211,True,FULL,FULL_poly_rank_4
192,0.26,2.06,5.06,2.78625,2.78625,5.537602820988881,2.4271844660194173,8.323852820988881,9.67711986223781,2.78625,7.597514089101168,2.4271844660194173,10.383764089101168,8.407021725789983,2.0599112681122866,2.0599112681122866,2.0599112681122875,2.0599112681122875,-1.2700981364478263,1.2700981364478263,0.27187980939166684,0.1814776159206933,0.8851132371559026,True,FULL,FULL_poly_rank_4
193,0.48,3.91,15.79,12.4225,12.4225,7.40432598861948,1.278772378516624,19.82682598861948,7.151633571136485,12.4225,8.05244421240809,1.278772378516624,20.47494421240809,6.661382135312671,0.648118223788611,0.648118223788611,0.648118223788611,0.648118223788611,-0.49025143582381414,0.49025143582381414,0.09219471170265917,0.06051621766526459,0.9975479656447741,True,FULL,FULL_poly_rank_4
194,0.47,1.5599999999999998,0.9,0.6583333333333333,0.6583333333333333,2.1587521490528645,3.2051282051282053,2.8170854823861977,5.267358968714256,0.6583333333333333,1.6594984661558687,3.2051282051282053,2.317831799489202,4.755468272292257,-0.4992536828969958,0.4992536828969958,-0.4992536828969958,0.4992536828969958,-0.5118906964219994,0.5118906964219994,0.08078255953067912,0.054811611025146464,0.683968519252824,True,FULL,FULL_poly_rank_4
195,0.49,2.1875,5.79,4.2505,4.2505,7.336962282580967,2.2857142857142856,11.587462282580969,5.320972461121309,4.2505,9.457892086232384,2.2857142857142856,13.708392086232385,4.362117992348399,2.120929803651417,2.120929803651417,2.120929803651416,2.120929803651416,-0.9588544687729108,0.9588544687729108,0.13018819943310228,0.08182469938665335,0.9763100742593369,True,FULL,FULL_poly_rank_4
196,1.09,3.86,17.51,14.9375,14.9375,16.553387035413166,1.2953367875647668,31.490887035413166,2.8169440230151195,14.9375,14.025199279432885,1.2953367875647668,28.962699279432883,2.5997319467483484,-2.528187755980282,2.528187755980282,-2.5281877559802837,2.5281877559802837,-0.21721207626677108,0.21721207626677108,0.6301822754271691,0.39141088550872927,0.9427441368679923,True,FULL,FULL_poly_rank_4
197,0.14,2.0725,0.99,0.65575,0.65575,0.5146811885872504,2.4125452352231607,1.1704311885872505,25.510159206488257,0.65575,0.451984547394179,2.4125452352231607,1.107734547394179,25.719675594407512,-0.06269664119307145,0.06269664119307145,-0.06269664119307139,0.06269664119307139,0.20951638791925475,0.20951638791925475,0.014950742560425227,0.008811815696082734,0.984136153498429,True,FULL,FULL_poly_rank_4
198,0.4,2.9125,5.46,4.44825,4.44825,2.4337808805815433,1.7167381974248928,6.882030880581543,8.688241808193261,4.44825,1.7860522064866613,1.7167381974248928,6.234302206486661,8.97767177721947,-0.647728674094882,0.647728674094882,-0.647728674094882,0.647728674094882,0.28942996902620877,0.28942996902620877,0.1205977673225667,0.07576150049738106,0.9659899111162744,True,FULL,FULL_poly_rank_4
199,2.66,4.3725000000000005,17.29,16.490000000000002,16.490000000000002,37.39926722177272,1.1435105774728416,53.88926722177272,1.504191322919805,16.490000000000002,41.051217286216385,1.1435105774728416,57.54121728621639,1.326169509117472,3.6519500644436675,3.6519500644436675,3.6519500644436675,3.6519500644436675,-0.17802181380233306,0.17802181380233306,1.1120800910505804,0.7883825533999946,0.8860939700420235,True,FULL,FULL_poly_rank_4
200,1.09,1.85,0.51,0.452,0.452,3.5013968656521643,2.702702702702702,3.953396865652164,3.161464776235545,0.452,3.501156838011456,2.702702702702702,3.953156838011456,2.868822276961801,-0.00024002764070818472,0.00024002764070818472,-0.00024002764070774063,0.00024002764070774063,-0.292642499273744,0.292642499273744,0.07237690326731146,0.05418406564756986,0.4113283504102285,True,FULL,FULL_poly_rank_4
201,4.54,28.00018033053748,3.73,3.372542584212134,3.372542584212134,0.9705608512144872,0.178570278511632,4.343103435426621,0.8969826858645201,3.372542584212134,4.896393066611557,0.178570278511632,8.26893565082369,0.5361600086274559,3.9258322153970697,3.9258322153970697,3.9258322153970697,3.9258322153970697,-0.3608226772370642,0.3608226772370642,0.481065535859742,0.3214575840606785,-0.078864246114555,True,FULL,FULL_poly_rank_4
202,5.68,6.0,13.66,13.51,13.51,45.684267603740025,0.8333333333333334,59.19426760374002,0.9611956816495174,13.51,23.078503074585008,0.8333333333333334,36.588503074585006,0.9346700049798492,-22.605764529155017,22.605764529155017,-22.605764529155017,22.605764529155017,-0.026525676669668208,0.026525676669668208,0.6583316990960713,0.4080910964629546,0.9258933767374686,True,FULL,FULL_poly_rank_4
203,8.16,15.0,0.64,0.4826666666666666,0.4826666666666666,11.163229285157737,0.3333333333333333,11.645895951824402,0.3680224492093827,0.4826666666666666,12.845501520162298,0.3333333333333333,13.328168186828965,0.3404383799124861,1.682272235004561,1.682272235004561,1.6822722350045627,1.6822722350045627,-0.027584069296896607,0.027584069296896607,0.1681631186246649,0.12851130330582597,-0.6596168415232322,True,FULL,FULL_poly_rank_4
204,9.63,15.0,1.15,0.9263333333333332,0.9263333333333332,31.67109901569681,0.3333333333333333,32.59743234903014,0.356302565715436,0.9263333333333332,34.49664174966625,0.3333333333333333,35.422975082999585,0.3373194132413062,2.825542733969442,2.825542733969442,2.825542733969442,2.825542733969442,-0.018983152474129794,0.018983152474129794,0.3369865036989459,0.2569635947391018,-0.8471017025156466,True,FULL,FULL_poly_rank_4
205,8.17,15.0,1.67,1.391,1.391,14.757831874738754,0.3333333333333333,16.148831874738754,0.3859250855203011,1.391,24.698121493295687,0.3333333333333333,26.08912149329569,0.3438371899536553,9.940289618556934,9.940289618556934,9.940289618556935,9.940289618556935,-0.04208789556664577,0.04208789556664577,0.2941152249015577,0.2205834922368332,0.09059105438178106,True,FULL,FULL_poly_rank_4
206,7.68,15.0,2.36,1.9943333333333333,1.9943333333333333,14.016889640854824,0.3333333333333333,16.011222974188158,0.404258783461519,1.9943333333333333,25.819964756916036,0.3333333333333333,27.81429809024937,0.3490023095400846,11.803075116061212,11.803075116061212,11.803075116061212,11.803075116061212,-0.0552564739214344,0.0552564739214344,0.3347689208519663,0.24571323475194146,0.3731492901533999,True,FULL,FULL_poly_rank_4
207,12.65,17.5,2.87,2.478,2.478,85.54466261294648,0.2857142857142857,88.02266261294648,0.3027127732951231,2.478,44.9920045537938,0.2857142857142857,47.4700045537938,0.2915511553673783,-40.552658059152684,40.552658059152684,-40.55265805915268,40.55265805915268,-0.011161617927744782,0.011161617927744782,0.7510002719448257,0.543973097804495,-0.6220570932796776,True,FULL,FULL_poly_rank_4
209,0.55,3.75,0.015,0.014,0.014,0.0024195869070291,1.3333333333333333,0.0164195869070291,8.395940887010124,0.014,0.0082035487461728,1.3333333333333333,0.0222035487461728,5.824327428588944,0.0057839618391437005,0.0057839618391437005,0.0057839618391437,0.0057839618391437,-2.5716134584211794,2.5716134584211794,0.0008330438337165462,0.0005363343826521868,0.7861817015328649,True,FULL,FULL_poly_rank_4
210,0.73,3.75,0.017,0.0155,0.0155,0.0049950016940742,1.3333333333333333,0.0204950016940742,5.436911505105911,0.0155,0.0053652698604525,1.3333333333333333,0.0208652698604525,5.006090197574725,0.0003702681663783,0.0003702681663783,0.0003702681663783,0.0003702681663783,-0.4308213075311862,0.4308213075311862,0.00012085928552913245,5.400757280861907e-05,0.9971180004203302,True,FULL,FULL_poly_rank_4
211,0.73,3.75,0.031,0.0205,0.0205,0.0421170527109933,1.3333333333333333,0.0626170527109933,3.3538139443417307,0.0205,0.1087266838697511,1.3333333333333333,0.1292266838697511,2.3411000693658006,0.06660963115875779,0.06660963115875779,0.06660963115875781,0.06660963115875781,-1.0127138749759301,1.0127138749759301,0.0037813431481883908,0.0028164070460290347,0.3450137041459841,True,FULL,FULL_poly_rank_4
212,0.56,4.25,0.032,0.0305,0.0305,0.0032729190185453,1.1764705882352942,0.0337729190185453,9.217143579218789,0.0305,0.035300424807851,1.1764705882352942,0.065800424807851,4.799009837409492,0.0320275057893057,0.0320275057893057,0.0320275057893057,0.0320275057893057,-4.418133741809297,4.418133741809297,0.0050083559173681414,0.00319676869367094,-0.8202089393606922,True,FULL,FULL_poly_rank_4
213,0.61,4.25,0.036,0.032,0.032,0.0097117896904809,1.1764705882352942,0.0417117896904809,6.613265489413038,0.032,0.0561690296725339,1.1764705882352942,0.0881690296725339,3.8659394943901377,0.046457239982053,0.046457239982053,0.046457239982053,0.046457239982053,-2.7473259950229005,2.7473259950229005,0.006478168807727021,0.004269887482900828,-1.276449830037421,True,FULL,FULL_poly_rank_4
214,0.8,4.25,0.041,0.0365,0.0365,0.0146135447707714,1.1764705882352942,0.0511135447707714,4.687843076991533,0.0365,0.0402919678438308,1.1764705882352942,0.0767919678438308,3.2545895090154424,0.0256784230730594,0.0256784230730594,0.025678423073059398,0.025678423073059398,-1.4332535679760907,1.4332535679760907,0.0025189435186607147,0.0017244994603388838,0.7792678263268831,True,FULL,FULL_poly_rank_4
215,0.85,4.25,0.053,0.0412499999999999,0.0412499999999999,0.0449535990108785,1.1764705882352942,0.0862035990108784,3.4008265344224067,0.0412499999999999,0.1259833053869888,1.1764705882352942,0.1672333053869887,2.296699650284346,0.08102970637611029,0.08102970637611029,0.08102970637611029,0.08102970637611029,-1.1041268841380605,1.1041268841380605,0.005458835591046936,0.003965785772022172,0.4357126601246697,True,FULL,FULL_poly_rank_4
216,1.18,4.75,0.072,0.06875,0.06875,0.0144953537063408,1.0526315789473684,0.0832453537063408,3.803418428356459,0.06875,0.0124842530942314,1.0526315789473684,0.0812342530942314,3.706608657127781,-0.0020111006121094014,0.0020111006121094014,-0.0020111006121093927,0.0020111006121093927,-0.09680977122867773,0.09680977122867773,0.0005619604237055738,0.00032214239647132775,0.9970873305757093,True,FULL,FULL_poly_rank_4
217,1.07,4.75,0.082,0.07425,0.07425,0.0316745022212473,1.0526315789473684,0.1059245022212473,3.494012368300583,0.07425,0.0649865825957731,1.0526315789473684,0.1392365825957731,2.61533490382472,0.0333120803745258,0.0333120803745258,0.03331208037452579,0.03331208037452579,-0.8786774644758633,0.8786774644758633,0.002380384921575545,0.0017318688064327766,0.9567324354477926,True,FULL,FULL_poly_rank_4
218,0.99,4.75,0.091,0.0815,0.0815,0.0350845623553453,1.0526315789473684,0.1165845623553453,3.740061038065954,0.0815,0.0920918954946888,1.0526315789473684,0.1735918954946888,2.6103004937175025,0.057007333139343495,0.057007333139343495,0.057007333139343516,0.057007333139343516,-1.1297605443484513,1.1297605443484513,0.004641080935416228,0.003261555437724375,0.8585730773531296,True,FULL,FULL_poly_rank_4
219,1.33,4.75,0.123,0.109,0.109,0.0845437839006371,1.0526315789473684,0.1935437839006371,2.512415047002486,0.109,0.1232241081492638,1.0526315789473684,0.2322241081492638,2.018685166255316,0.03868032424862669,0.03868032424862669,0.03868032424862672,0.03868032424862672,-0.4937298807471704,0.4937298807471704,0.0024017508586559578,0.001518284116634972,0.9831442630880105,True,FULL,FULL_poly_rank_4
220,0.57,3.0,0.057,0.045,0.045,0.0423378142666348,1.6666666666666667,0.0873378142666348,5.252909248352316,0.045,0.193251831399086,1.6666666666666667,0.2382518313990861,3.151626520334571,0.1509140171324512,0.1509140171324512,0.15091401713245128,0.15091401713245128,-2.1012827280177455,2.1012827280177455,0.01145892932290728,0.008290872224316369,-1.2467805596007975,True,FULL,FULL_poly_rank_4
221,0.74,3.0,0.052,0.0426666666666666,0.0426666666666666,0.0483380999196384,1.6666666666666667,0.091004766586305,3.990648101805694,0.0426666666666666,0.1372684166427528,1.6666666666666667,0.1799350833094194,2.66847839691724,0.0889303167231144,0.0889303167231144,0.0889303167231144,0.0889303167231144,-1.322169704888454,1.322169704888454,0.003145567679898832,0.0024099553533761396,0.824374886087348,True,FULL,FULL_poly_rank_4
222,1.17,3.75,0.042,0.037,0.037,0.0379972465016185,1.3333333333333333,0.0749972465016185,2.7555455668379523,0.037,0.0304108704236684,1.3333333333333333,0.0674108704236684,2.576820986104887,-0.0075863760779501035,0.0075863760779501035,-0.007586376077950097,0.007586376077950097,-0.17872458073306507,0.17872458073306507,0.001524500459810585,0.0009754140477723073,0.9457065621355034,True,FULL,FULL_poly_rank_4
223,2.7,4.333333333333333,0.036,0.0356666666666666,0.0356666666666666,0.012315781767816,1.153846153846154,0.0479824484344826,2.0063850757344786,0.0356666666666666,0.0320576363440271,1.153846153846154,0.0677243030106937,1.5370614397470892,0.0197418545762111,0.0197418545762111,0.019741854576211096,0.019741854576211096,-0.46932363598738935,0.46932363598738935,0.001070268171106082,0.0006129783801537182,0.9763138212963729,True,FULL,FULL_poly_rank_4
224,0.75,3.5,0.022,0.02125,0.02125,0.0026705992767688,1.4285714285714286,0.0239205992767688,6.637578410976577,0.02125,0.0014232530817748,1.4285714285714286,0.0226732530817749,7.293260095876035,-0.0012473461949940002,0.0012473461949940002,-0.0012473461949938994,0.0012473461949938994,0.6556816848994584,0.6556816848994584,0.00016002887115413678,0.00010715611437940994,0.9971474626749286,True,FULL,FULL_poly_rank_4
225,1.15,3.5,0.021,0.02,0.02,0.0073958891535081,1.4285714285714286,0.0273958891535081,3.6113543932907137,0.02,0.0007029901033643,1.4285714285714286,0.0207029901033643,5.550176043463012,-0.006692899050143799,0.006692899050143799,-0.006692899050143801,0.006692899050143801,1.9388216501722986,1.9388216501722986,0.000549535932061418,0.00038827801743408666,0.9734128221452631,True,FULL,FULL_poly_rank_4
227,1.25,3.5,0.019,0.01875,0.01875,0.0019847706438796,1.4285714285714286,0.0207347706438796,4.418502888206739,0.01875,0.0012005766773371,1.4285714285714286,0.0199505766773371,4.61505540700155,-0.0007841939665425002,0.0007841939665425002,-0.0007841939665424978,0.0007841939665424978,0.19655251879481028,0.19655251879481028,6.593727591922788e-05,4.678385242115786e-05,0.9995325817737889,True,FULL,FULL_poly_rank_4
228,0.7,3.0,0.059,0.0456666666666666,0.0456666666666666,0.0656740182268081,1.6666666666666667,0.1113406848934747,3.9285722676402535,0.0456666666666666,0.2082411920986722,1.6666666666666667,0.2539078587653389,2.566849884810257,0.1425671738718641,0.1425671738718641,0.14256717387186418,0.14256717387186418,-1.3617223828299965,1.3617223828299965,0.005177910800064154,0.003945420646644896,0.6296052021670858,True,FULL,FULL_poly_rank_4
229,0.8,3.75,0.039,0.03775,0.03775,0.0044128695173391,1.3333333333333333,0.0421628695173391,6.31959788609588,0.03775,0.0121266783852704,1.3333333333333333,0.0498766783852705,4.667079792357913,0.0077138088679313006,0.0077138088679313006,0.007713808867931396,0.007713808867931396,-1.6525180937379673,1.6525180937379673,0.0008497042748174837,0.000582902585736767,0.9742565898816526,True,FULL,FULL_poly_rank_4
234,0.99,3.0,0.523,0.4803333333333333,0.4803333333333333,0.3422582854093307,1.6666666666666667,0.822591618742664,3.6102895519762694,0.4803333333333333,0.1200906134857004,1.6666666666666667,0.6004239468190338,4.234067605756018,-0.2221676719236303,0.2221676719236303,-0.22216767192363018,0.22216767192363018,0.6237780537797488,0.6237780537797488,0.01715401766746847,0.012409609098799736,0.9579696237459603,True,FULL,FULL_poly_rank_4
235,1.49,3.0,0.929,0.87,0.87,1.3911680147990315,1.6666666666666667,2.261168014799032,2.4688599946843404,0.87,0.7022517337504207,1.6666666666666667,1.5722517337504207,2.472209500988476,-0.6889162810486108,0.6889162810486108,-0.6889162810486111,0.6889162810486111,0.003349506304135552,0.003349506304135552,0.04832933739360081,0.035014954812017975,0.9174579780381417,True,FULL,FULL_poly_rank_4
236,2.48,3.5,1.278,1.2245,1.2245,4.974718816480315,1.4285714285714286,6.199218816480315,1.7047169871616714,1.2245,6.878059586075477,1.4285714285714286,8.102559586075477,1.5195257792541388,1.9033407695951627,1.9033407695951627,1.9033407695951627,1.9033407695951627,-0.18519120790753263,0.18519120790753263,0.10395085368922095,0.0723188095201626,0.807207254216087,True,FULL,FULL_poly_rank_4
238,1.16,3.0,0.606,0.5299999999999999,0.5299999999999999,0.9995028593983644,1.6666666666666667,1.5295028593983642,2.6762963684092975,0.5299999999999999,0.576935442298046,1.6666666666666667,1.106935442298046,2.617561200384314,-0.4225674171003183,0.4225674171003183,-0.4225674171003182,0.4225674171003182,-0.058735168024983686,0.058735168024983686,0.03902534384115792,0.027560973140109777,0.8493777584274025,True,FULL,FULL_poly_rank_4
239,2.0,3.5,0.785,0.745,0.745,1.4880839300345443,1.4285714285714286,2.2330839300345446,1.9471028822830023,0.745,1.2875533253994704,1.4285714285714286,2.0325533253994705,1.7616275271217254,-0.20053060463507388,0.20053060463507388,-0.2005306046350741,0.2005306046350741,-0.1854753551612769,0.1854753551612769,0.046928938127421785,0.033189078135310905,0.898729883155228,True,FULL,FULL_poly_rank_4
240,1.84,3.0,1.067,0.9266666666666667,0.9266666666666667,11.34965538746409,1.6666666666666667,12.276322054130755,1.8769974838423913,0.9266666666666667,7.834784674732114,1.6666666666666667,8.76145134139878,1.7557069718370344,-3.514870712731976,3.514870712731976,-3.514870712731975,3.514870712731975,-0.1212905120053569,0.1212905120053569,0.19223245346577736,0.1461220444093384,0.09457230978548481,True,FULL,FULL_poly_rank_4
241,2.5,3.5,1.53,1.435,1.435,11.191062390354295,1.4285714285714286,12.626062390354296,1.6206039521105755,1.435,11.46808825941072,1.4285714285714286,12.90308825941072,1.4935133436575514,0.2770258690564251,0.2770258690564251,0.2770258690564251,0.2770258690564251,-0.1270906084530241,0.1270906084530241,0.18163691571545726,0.12906856304063077,0.5761029846168948,True,FULL,FULL_poly_rank_4
242,1.28,13.0,0.381,0.236,0.236,0.2798827945510767,0.3846153846153846,0.5158827945510767,2.332154177278262,0.236,0.872832286905262,0.3846153846153846,1.108832286905262,1.759511432088728,0.5929494923541854,0.5929494923541854,0.5929494923541854,0.5929494923541854,-0.572642745189534,0.572642745189534,0.10922036607144778,0.06875955111946504,-3.442137142523384,True,FULL,FULL_poly_rank_4
243,1.94,13.0,1.479,1.139,1.139,0.9051763320711632,0.3846153846153846,2.0441763320711632,1.6142343389282214,1.139,0.9643529222563852,0.3846153846153846,2.103352922256385,1.481848615930229,0.05917659018522203,0.05917659018522203,0.05917659018522192,0.05917659018522192,-0.13238572299799234,0.13238572299799234,0.010560548362440456,0.005777636971467333,0.9967923097036833,True,FULL,FULL_poly_rank_4
244,2.29,13.0,30.401,2.493,2.493,191.4872115140508,0.3846153846153846,193.9802115140508,0.5794840127037909,2.493,423.0736409244692,0.3846153846153846,425.5666409244692,0.5127252462311295,231.5864294104184,231.5864294104184,231.5864294104184,231.5864294104184,-0.06675876647266143,0.06675876647266143,8.433838697134437,6.449559756783879,0.2123317350622398,True,FULL,FULL_poly_rank_4
245,3.95,13.0,5.488,4.171,4.171,11.473466241634494,0.3846153846153846,15.644466241634497,0.6512771868667829,4.171,23.90717020854839,0.3846153846153846,28.07817020854839,0.4829827512538111,12.433703966913896,12.433703966913896,12.433703966913892,12.433703966913892,-0.1682944356129718,0.1682944356129718,0.27729322702080317,0.16635192867954032,0.8968646229076873,True,FULL,FULL_poly_rank_4
246,0.34,13.0,0.306,0.104,0.104,0.238125551076079,0.3846153846153846,0.342125551076079,11.465962069935722,0.104,0.2633526090436931,0.3846153846153846,0.3673526090436931,11.307600251147678,0.025227057967614125,0.025227057967614125,0.025227057967614097,0.025227057967614097,-0.15836181878804467,0.15836181878804467,0.006671150905811852,0.0037977714311433204,0.9844682572038199,True,FULL,FULL_poly_rank_4
247,0.55,13.0,1.422,0.768,0.768,0.854926430267495,0.3846153846153846,1.622926430267495,6.829794290098721,0.768,0.1260070389160968,0.3846153846153846,0.8940070389160969,9.841965940381026,-0.7289193913513983,0.7289193913513983,-0.7289193913513982,0.7289193913513982,3.0121716502823057,3.0121716502823057,0.182996475321361,0.10600937801978148,0.1136990938464546,True,FULL,FULL_poly_rank_4
248,1.07,13.0,2.417,1.547,1.547,1.4889207977309928,0.3846153846153846,3.0359207977309928,3.0462519251595546,1.547,0.308288150637608,0.3846153846153846,1.855288150637608,4.323178747748973,-1.1806326470933848,1.1806326470933848,-1.1806326470933848,1.1806326470933848,1.2769268225894188,1.2769268225894188,0.25116726792840505,0.15198144502020788,0.33777036325750187,True,FULL,FULL_poly_rank_4
250,0.1,15.0,0.367,0.136,0.136,0.2402542971419538,0.3333333333333333,0.3762542971419538,56.09759499434641,0.136,0.1671539210148188,0.3333333333333333,0.3031539210148188,57.85150725937378,-0.07310037612713499,0.07310037612713499,-0.07310037612713499,0.07310037612713499,1.753912265027374,1.753912265027374,0.01992624573082492,0.011195749846951082,0.8766226712276144,True,FULL,FULL_poly_rank_4
251,0.67,15.0,1.297,0.843,0.843,0.5998183417647385,0.3333333333333333,1.4428183417647384,6.0080454699914485,0.843,0.1354132924525398,0.3333333333333333,0.9784132924525398,8.034822679438935,-0.46440504931219867,0.46440504931219867,-0.4644050493121986,0.4644050493121986,2.026777209447487,2.026777209447487,0.11549385964705704,0.06705422192433401,0.4175565662893065,True,FULL,FULL_poly_rank_4
253,2.08,15.0,4.233,3.386,3.386,2.0681407318693763,0.3333333333333333,5.454140731869376,1.6219591173534793,3.386,0.6579023548373204,0.3333333333333333,4.0439023548373205,2.0886377949411816,-1.410238377032056,1.410238377032056,-1.410238377032056,1.410238377032056,0.4666786775877023,0.4666786775877023,0.2322812463692566,0.1476522625283431,0.7944531323859513,True,FULL,FULL_poly_rank_4
254,0.42,15.0,0.464,0.223,0.223,0.286841251907236,0.3333333333333333,0.509841251907236,9.785018691865965,0.223,0.3452441078255955,0.3333333333333333,0.5682441078255955,9.494291340723985,0.05840285591835953,0.05840285591835953,0.058402855918359586,0.058402855918359586,-0.2907273511419799,0.2907273511419799,0.015365989165257981,0.008764571372241781,0.9476570192819724,True,FULL,FULL_poly_rank_4
255,1.34,15.0,1.532,0.812,0.812,1.3202731944591186,0.3333333333333333,2.1322731944591187,2.118955632610797,0.812,1.3643412923010787,0.3333333333333333,2.1763412923010788,2.0301040433869733,0.044068097841960086,0.044068097841960086,0.044068097841960086,0.044068097841960086,-0.08885158922382352,0.08885158922382352,0.006750033267533217,0.004368867824870196,0.9991718602792659,True,FULL,FULL_poly_rank_4
256,1.56,15.0,2.845,1.821,1.821,2.049502462074934,0.3333333333333333,3.870502462074933,1.917214666999875,1.821,1.357942477639486,0.3333333333333333,3.178942477639486,2.039756970992817,-0.6915599844354479,0.6915599844354479,-0.6915599844354472,0.6915599844354472,0.12254230399294186,0.12254230399294186,0.13722023931227031,0.08492173297228567,0.8693997277569311,True,FULL,FULL_poly_rank_4
257,1.9,15.0,4.37,3.015,3.015,3.1599174946212627,0.3333333333333333,6.174917494621263,1.5540138559861083,3.015,2.351882827036691,0.3333333333333333,5.366882827036691,1.5897723794008627,-0.8080346675845718,0.8080346675845718,-0.8080346675845718,0.8080346675845718,0.035758523414754384,0.035758523414754384,0.15349278863416024,0.09607234454397057,0.9276407865065892,True,FULL,FULL_poly_rank_4
258,2.09,15.0,55.263,3.813,3.813,190.18212243089908,0.3333333333333333,193.99512243089907,0.7174733228095233,3.813,137.77504187704255,0.3333333333333333,141.58804187704254,0.7043605511319976,-52.40708055385653,52.40708055385653,-52.40708055385653,52.40708055385653,-0.01311277167752567,0.01311277167752567,6.862032666260383,4.619547882721157,0.8395351831937596,True,FULL,FULL_poly_rank_4
284,0.27,1.6652089623887931,2.655,1.3036485066778338,1.3036485066778338,4.61028992899217,3.002626164602998,5.913938435670004,7.913618795998358,1.3036485066778338,4.76113684480671,3.002626164602998,6.064785351484544,7.071516095929091,0.15084691581454024,0.15084691581454024,0.15084691581454024,0.15084691581454024,-0.8421027000692671,0.8421027000692671,0.06576984777574768,0.03132580364507542,0.9815374678365821,True,FULL,FULL_poly_rank_4
285,0.5,3.083720300719987,2.417,0.6555920235894309,0.6555920235894309,7.127781251237852,1.621418128885619,7.783373274827283,3.420782268328867,0.6555920235894309,2.2094435874483325,1.621418128885619,2.8650356110377633,3.8927040332559817,-4.918337663789519,4.918337663789519,-4.9183376637895195,4.9183376637895195,0.4719217649271146,0.4719217649271146,0.5544745376178206,0.38201833504662047,0.14295572466510553,True,FULL,FULL_poly_rank_4
286,0.88,5.4273477292671775,5.477,2.848434309388562,2.848434309388562,8.806082929225237,0.9212603005031926,11.6545172386138,2.5046228694450243,2.848434309388562,4.4165194829382095,0.9212603005031926,7.2649537923267715,2.71504626036973,-4.389563446287028,4.389563446287028,-4.389563446287028,4.389563446287028,0.21042339092470552,0.21042339092470552,0.6069301527289943,0.4051412079602526,0.5977783459894972,True,FULL,FULL_poly_rank_4
287,0.29,1.7885577744175924,3.214,1.959240530267265,1.959240530267265,3.9894927128527247,2.7955484980786536,5.94873324311999,8.412171305906568,1.959240530267265,5.1035374525950665,2.7955484980786536,7.062777982862332,7.157972623921043,1.1140447397423419,1.1140447397423419,1.1140447397423419,1.1140447397423419,-1.2541986819855255,1.2541986819855255,0.08024273046116953,0.05770232274672389,0.9736494179714855,True,FULL,FULL_poly_rank_4
288,0.44,2.7136738646335887,3.179,1.959240530267265,1.959240530267265,3.8637545585443656,1.8425206010063853,5.822995088811631,5.589277438658442,1.959240530267265,2.457995603335646,1.8425206010063853,4.417236133602911,5.768554712104997,-1.4057589552087197,1.4057589552087197,-1.4057589552087197,1.4057589552087197,0.17927727344655509,0.17927727344655509,0.21627107496426112,0.14155521734224635,0.8007507010530963,True,FULL,FULL_poly_rank_4
289,0.44,2.7136738646335887,5.856,2.848434309388562,2.848434309388562,10.290924987900752,1.8425206010063853,13.139359297289314,4.832563228905287,2.848434309388562,9.361037209397448,1.8425206010063853,12.209471518786009,4.450624913529627,-0.9298877785033035,0.9298877785033035,-0.9298877785033053,0.9298877785033053,-0.3819383153756597,0.3819383153756597,0.258682593112769,0.15392606894059932,0.9420770973523953,True,FULL,FULL_poly_rank_4
291,0.42,2.590325052604789,4.293,1.959240530267265,1.959240530267265,8.144262348078403,1.9302596772447849,10.103502878345669,4.906645401620717,1.959240530267265,5.900107453584062,1.9302596772447849,7.859347983851327,4.7639774401003425,-2.244154894494341,2.244154894494341,-2.2441548944943417,2.2441548944943417,-0.14266796152037475,0.14266796152037475,0.3515495861670411,0.2294210079595733,0.8176481207878623,True,FULL,FULL_poly_rank_4
292,0.27,1.6652089623887931,1.816,0.6555920235894309,0.6555920235894309,4.340373544875488,3.002626164602998,4.99596556846492,6.93036783035678,0.6555920235894309,2.7079953471935276,3.002626164602998,3.3635873707829584,6.872292345171323,-1.6323781976819607,1.6323781976819607,-1.6323781976819611,1.6323781976819611,-0.0580754851854568,0.0580754851854568,0.22094054449258935,0.14789366101646098,0.6932453451347502,True,FULL,FULL_poly_rank_4
293,0.55,3.392092330791986,3.752,1.3488617496840016,1.3488617496840016,8.999404803617814,1.4740164808051082,10.348266553301816,3.397073578572742,1.3488617496840016,3.751496614432386,1.4740164808051082,5.100358364116387,3.711447051515091,-5.247908189185429,5.247908189185429,-5.247908189185429,5.247908189185429,0.3143734729423491,0.3143734729423491,0.6454521506496776,0.4390245288775029,0.3892494615475104,True,FULL,FULL_poly_rank_4
295,1.2,7.400928721727968,0.0307,0.0217962758401608,0.0217962758401608,0.0268208917452208,0.6755908870356747,0.0486171675853816,2.3157906832156443,0.0217962758401608,0.0222870900002365,0.6755908870356747,0.0440833658403974,2.2445455404143577,-0.0045338017449843004,0.0045338017449843004,-0.004533801744984203,0.004533801744984203,-0.07124514280128658,0.07124514280128658,0.0009268546081488883,0.000571140721350078,0.9507954496286765,True,FULL,FULL_poly_rank_4
296,2.0,12.334881202879949,0.131,0.0508579769603752,0.0508579769603752,0.2935284290129898,0.4053545322214048,0.344386405973365,0.9614433155844516,0.0508579769603752,0.8151934350764032,0.4053545322214048,0.8660514120367784,0.729222079186866,0.5216650060634134,0.5216650060634134,0.5216650060634134,0.5216650060634134,-0.23222123639758563,0.23222123639758563,0.04029340275255827,0.029209768839646214,-1.115759626246993,True,FULL,FULL_poly_rank_4
297,1.8,11.101393082591954,0.046,0.0145308505601072,0.0145308505601072,0.1222071066849876,0.4503939246904497,0.1367379572450948,0.9937795159488002,0.0145308505601072,0.0970911016968017,0.4503939246904497,0.1116219522569089,0.93170737003975,-0.025116004988185905,0.025116004988185905,-0.025116004988185905,0.025116004988185905,-0.06207214590905019,0.06207214590905019,0.004146150769265447,0.002699327675762808,0.8511502951809913,True,FULL,FULL_poly_rank_4
302,0.75,4.625580451079981,0.055,0.0153092991217785,0.0153092991217785,0.1595143577214117,1.080945419257079,0.1748236568431902,2.2969478423570417,0.0153092991217785,0.3093632819234775,1.080945419257079,0.324672581045256,1.89113464535896,0.1498489242020658,0.1498489242020658,0.14984892420206578,0.14984892420206578,-0.4058131969980818,0.4058131969980818,0.009928310838902756,0.007326021425057111,0.45943606712644225,True,FULL,FULL_poly_rank_4
303,0.91,5.612370947310377,0.041,0.0153092991217785,0.0153092991217785,0.0951653865132687,0.8908890818052851,0.1104746856350472,2.0818876302589207,0.0153092991217785,0.177303563282524,0.8908890818052851,0.1926128624043025,1.676999565283658,0.0821381767692553,0.0821381767692553,0.0821381767692553,0.0821381767692553,-0.40488806497526264,0.40488806497526264,0.0058178180839747054,0.004265552502970273,0.56807774863198,True,FULL,FULL_poly_rank_4
304,1.87,11.533113924692753,0.046,0.0153092991217785,0.0153092991217785,0.1174680513670647,0.4335342590603259,0.1327773504888432,0.9728764088168116,0.0153092991217785,0.0886455771079968,0.4335342590603259,0.1039548762297753,0.9225781151036354,-0.028822474259067907,0.028822474259067907,-0.028822474259067907,0.028822474259067907,-0.05029829371317618,0.05029829371317618,0.004447398730208916,0.0029199947328516114,0.8207196722429133,True,FULL,FULL_poly_rank_4
305,2.17,13.383346105124744,0.042,0.0153092991217785,0.0153092991217785,0.0995579974430193,0.373598647208668,0.1148672965647978,0.8653228395367738,0.0153092991217785,0.0491457751622082,0.373598647208668,0.0644550742839868,0.9076152644253986,-0.050412222280811096,0.050412222280811096,-0.050412222280811006,0.050412222280811006,0.042292424888624836,0.042292424888624836,0.006372380957535485,0.00431424971037738,0.5182796126600078,True,FULL,FULL_poly_rank_4
311,1.45,8.942788872087963,1.14,0.7935883525311068,0.7935883525311068,1.051107361858608,0.5591096996157306,1.844695714389715,1.879665749713435,0.7935883525311068,1.0584628304531996,0.5591096996157306,1.8520511829843065,1.719906762003894,0.007355468594591574,0.007355468594591574,0.007355468594591574,0.007355468594591574,-0.1597589877095411,0.1597589877095411,0.017142383860217592,0.007406595792340171,0.9881456394263759,True,FULL,FULL_poly_rank_4
314,1.8,11.101393082591954,3.8,2.3726672172613705,2.3726672172613705,4.501119428750482,0.4503939246904497,6.873786646011853,1.379736428464202,2.3726672172613705,3.7257596912804902,0.4503939246904497,6.098426908541861,1.322620433299886,-0.7753597374699921,0.7753597374699921,-0.7753597374699917,0.7753597374699917,-0.05711599516431587,0.05711599516431587,0.15450154488261267,0.09598818346027688,0.9272743437522535,True,FULL,FULL_poly_rank_4
316,1.1,6.784184661583972,1.23,0.5909609098097346,0.5909609098097346,2.195000047586552,0.7370082404025541,2.7859609573962865,1.920963652491806,0.5909609098097346,1.793634539925382,0.7370082404025541,2.3845954497351167,1.8154301480062385,-0.40136550766116996,0.40136550766116996,-0.40136550766116974,0.40136550766116974,-0.10553350448556742,0.10553350448556742,0.07496382398197948,0.04743778915270546,0.8916455616426072,True,FULL,FULL_poly_rank_4
317,0.75,4.625580451079981,0.94,0.7727950359050375,0.7727950359050375,0.4751593936736535,1.080945419257079,1.247954429578691,4.459377299507828,0.7727950359050375,0.0687386874663257,1.080945419257079,0.8415337233713632,6.890591887690545,-0.4064207062073278,0.4064207062073278,-0.40642070620732784,0.40642070620732784,2.4312145881827165,2.4312145881827165,0.058621871952903304,0.03776968024577128,0.7538064420130294,True,FULL,FULL_poly_rank_4
320,1.3,8.017672781871967,3.7,1.9806931592524069,1.9806931592524069,5.70674005649928,0.6236223572636995,7.687433215751687,1.723838260148718,1.9806931592524069,3.183802454277102,0.6236223572636995,5.1644956135295095,1.819316508484884,-2.5229376022221777,2.5229376022221777,-2.5229376022221777,2.5229376022221777,0.0954782483361658,0.0954782483361658,0.3593592241981992,0.23858942473532319,0.6769782877378148,True,FULL,FULL_poly_rank_4
321,1.5,9.25116090215996,2.94,0.5553062574145964,0.5553062574145964,10.568278952724356,0.5404727096285398,11.123585210138952,1.04691166819964,0.5553062574145964,5.391132085366844,0.5404727096285398,5.94643834278144,1.0460562670991875,-5.177146867357512,5.177146867357512,-5.177146867357512,5.177146867357512,-0.0008554011004524575,0.0008554011004524575,0.5730370616818126,0.3953110549009326,0.49668577336303,True,FULL,FULL_poly_rank_4
322,1.7,10.484649022447956,1.47,1.1106125148291928,1.1106125148291928,1.0572811334663703,0.4768876849663586,2.1678936482955633,1.7502458150213789,1.1106125148291928,0.8478214067757524,0.4768876849663586,1.9584339216049451,1.7260181496896485,-0.20945972669061796,0.20945972669061796,-0.2094597266906182,0.2094597266906182,-0.024227665331730375,0.024227665331730375,0.040448368731884655,0.025228116834231352,0.955609677836946,True,FULL,FULL_poly_rank_4
323,1.7,10.484649022447956,7.35,2.2212250296583855,2.2212250296583855,20.160376750419932,0.4768876849663586,22.381601780078316,1.0379375597762583,2.2212250296583855,17.24847711215185,0.4768876849663586,19.469702141810235,0.9592354852908518,-2.911899638268082,2.911899638268082,-2.911899638268082,2.911899638268082,-0.07870207448540656,0.07870207448540656,0.5712322786245717,0.36436528125659906,0.8933033224541969,True,FULL,FULL_poly_rank_4
327,0.1,0.6167440601439975,0.08,0.0796743371481683,0.0796743371481683,0.0008090983306987,8.107090644428094,0.080483435478867,77.68977402204777,0.0796743371481683,0.1717861067656105,8.107090644428094,0.2514604439137788,21.81690840403897,0.17097700843491181,0.17097700843491181,0.17097700843491181,0.17097700843491181,-55.8728656180088,55.8728656180088,0.020716796316959475,0.013815552683947028,-3.933733612329238,True,FULL,FULL_poly_rank_4
330,1.1,6.784184661583972,0.025,0.0202072594216368,0.0202072594216368,0.0137190748784508,0.7370082404025541,0.0339263343000876,2.9611290302817843,0.0202072594216368,0.0055581846994053,0.7370082404025541,0.0257654441210422,3.56413599452391,-0.0081608901790455,0.0081608901790455,-0.008160890179045404,0.008160890179045404,0.6030069642421259,0.6030069642421259,0.0012215649419082932,0.0007964759680480938,0.8505698839893835,True,FULL,FULL_poly_rank_4
331,1.25,7.709300751799968,0.047,0.0398371685740841,0.0398371685740841,0.0200809505252075,0.6485672515542477,0.0599181190992916,2.820311710406355,0.0398371685740841,0.0158887781689589,0.6485672515542477,0.055725946743043,2.8314587797583695,-0.0041921723562485975,0.0041921723562485975,-0.004192172356248601,0.004192172356248601,0.011147069352014594,0.011147069352014594,0.0008024312079159784,0.0005014151181322473,0.9812734797731898,True,FULL,FULL_poly_rank_4
332,1.2,7.400928721727968,0.05,0.0398371685740841,0.0398371685740841,0.0292663957131568,0.6755908870356747,0.0691035642872409,2.6576864448773354,0.0398371685740841,0.042985272691184,0.6755908870356747,0.0828224412652681,2.2096129027632596,0.013718876978027195,0.013718876978027195,0.013718876978027192,0.013718876978027192,-0.4480735421140758,0.4480735421140758,0.001438772725225769,0.0009747502391215817,0.9487593232186082,True,FULL,FULL_poly_rank_4
333,1.6,9.86790496230396,0.093,0.0796743371481683,0.0796743371481683,0.0371742575975103,0.5066931652767559,0.1168485947456786,2.2486028629786348,0.0796743371481683,0.0509019155374603,0.5066931652767559,0.1305762526856286,1.9319734545093976,0.013727657939949997,0.013727657939949997,0.013727657939950011,0.013727657939950011,-0.31662940846923715,0.31662940846923715,0.0015405107447624847,0.0010470877555430243,0.9823106187280037,True,FULL,FULL_poly_rank_4
334,2.5,15.418601503599936,0.1,0.0796743371481683,0.0796743371481683,0.0585327914263222,0.3242836257771238,0.1382071285744905,1.275689493540873,0.0796743371481683,0.0182336489489575,0.3242836257771238,0.0979079860971258,1.6465037170097765,-0.0402991424773647,0.0402991424773647,-0.0402991424773647,0.0402991424773647,0.3708142234689036,0.3708142234689036,0.005920196489439969,0.0038605624049137138,0.7831084085684973,True,FULL,FULL_poly_rank_4
335,1.8,11.101393082591954,0.233,0.1991858428704208,0.1991858428704208,0.0944249962521731,0.4503939246904497,0.2936108391225939,1.9904398436807709,0.1991858428704208,0.2264435817707868,0.4503939246904497,0.4256294246412077,1.4508811433369515,0.1320185855186137,0.1320185855186137,0.13201858551861378,0.13201858551861378,-0.5395587003438194,0.5395587003438194,0.01570855179280604,0.010495145111914492,0.7071562875320543,True,FULL,FULL_poly_rank_4
336,4.0,24.669762405759897,0.251,0.1991858428704208,0.1991858428704208,0.1494580982300445,0.2026772661107024,0.3486439411004653,0.792806515114832,0.1991858428704208,0.2873660321059377,0.2026772661107024,0.4865518749763585,0.6096355672686392,0.1379079338758932,0.1379079338758932,0.13790793387589317,0.13790793387589317,-0.1831709478461928,0.1831709478461928,0.01522238987712174,0.01031298694169055,0.7731653143636088,True,FULL,FULL_poly_rank_4
337,1.13,6.96920787962717,0.045,0.0153092991217785,0.0153092991217785,0.1129415099906837,0.7174416499493891,0.1282508091124622,1.6219045254507285,0.0153092991217785,0.1685432798513715,0.7174416499493891,0.18385257897315,1.3610104025430063,0.055601769860687794,0.055601769860687794,0.055601769860687794,0.055601769860687794,-0.2608941229077222,0.2608941229077222,0.0032591666858341833,0.0024255121366087732,0.8973444877669272,True,FULL,FULL_poly_rank_4
338,1.74,10.731346646505555,0.033,0.0153092991217785,0.0153092991217785,0.0614267591501006,0.4659247496797756,0.0767360582718792,1.1936384711708052,0.0153092991217785,0.0352938379833763,0.4659247496797756,0.0506031371051548,1.231681379158718,-0.026132921166724304,0.026132921166724304,-0.026132921166724395,0.026132921166724395,0.038042907987912766,0.038042907987912766,0.0036255204238267013,0.0024173516740122474,0.6644928153136478,True,FULL,FULL_poly_rank_4
339,2.13,13.136648481067144,0.035,0.0153092991217785,0.0153092991217785,0.0696089127687665,0.3806145842454505,0.084918211890545,0.9488333573269884,0.0153092991217785,0.0277189021303444,0.3806145842454505,0.0430282012521229,1.074157003379138,-0.041890010638422105,0.041890010638422105,-0.041890010638422105,0.041890010638422105,0.12532364605214974,0.12532364605214974,0.005385997229267147,0.0036397290838118264,0.39051092358298223,True,FULL,FULL_poly_rank_4
340,3.5,21.58604210503991,0.026,0.0153092991217785,0.0153092991217785,0.0343911652377439,0.2316311612693741,0.0497004643595224,0.6801344819537776,0.0153092991217785,0.1344676958982206,0.2316311612693741,0.1497769950199991,0.4559074732548847,0.1000765306604767,0.1000765306604767,0.10007653066047671,0.10007653066047671,-0.2242270086988929,0.2242270086988929,0.009066760567042677,0.006447384972820361,-3.8536432853297207,True,FULL,FULL_poly_rank_4
341,1.13,6.96920787962717,0.055,0.0153092991217785,0.0153092991217785,0.1595143577209842,0.7174416499493891,0.1748236568427627,1.524522904222498,0.0153092991217785,0.2443409355261518,0.7174416499493891,0.2596502346479303,1.291367865156546,0.08482657780516759,0.08482657780516759,0.08482657780516761,0.08482657780516761,-0.23315503906595203,0.23315503906595203,0.004790888391289532,0.0035932874198555515,0.8741282003883637,True,FULL,FULL_poly_rank_4
342,1.22,7.524277533756768,0.039,0.0153092991217785,0.0153092991217785,0.0864894320112215,0.6645156265924669,0.101798731133,1.5829859963913084,0.0153092991217785,0.110643820727011,0.6645156265924669,0.1259531198487895,1.3543793513521971,0.024154388715789496,0.024154388715789496,0.02415438871578951,0.02415438871578951,-0.22860664503911132,0.22860664503911132,0.0011667206282493865,0.0008760838362476838,0.979739931917834,True,FULL,FULL_poly_rank_4
343,1.45,8.942788872087963,0.034,0.0153092991217785,0.0153092991217785,0.0654950286258003,0.5591096996157306,0.0808043277475788,1.4123161332544465,0.0153092991217785,0.0561737565988774,0.5591096996157306,0.0714830557206559,1.3153133078349402,-0.0093212720269229,0.0093212720269229,-0.0093212720269229,0.0093212720269229,-0.09700282541950633,0.09700282541950633,0.001957411211051518,0.0012183942768607167,0.9114559943091768,True,FULL,FULL_poly_rank_4
344,2.17,13.383346105124744,0.028,0.0153092991217785,0.0153092991217785,0.0418356081902535,0.373598647208668,0.057144907312032,1.0458293131757963,0.0153092991217785,0.0150456044804273,0.373598647208668,0.0303549036022059,1.2556844422864537,-0.026790003709826198,0.026790003709826198,-0.0267900037098261,0.0267900037098261,0.2098551291106574,0.2098551291106574,0.0036280070606359146,0.0024309986514555655,0.40569402994684167,True,FULL,FULL_poly_rank_4
345,0.6,3.700464360863984,0.062,0.0153092991217785,0.0153092991217785,0.1936315334445874,1.3511817740713494,0.2089408325663659,2.78103428223211,0.0153092991217785,0.368474878623335,1.3511817740713494,0.3837841777451135,2.3200264697612596,0.1748433451787476,0.1748433451787476,0.17484334517874758,0.17484334517874758,-0.46100781247085054,0.46100781247085054,0.011240577785322647,0.0083163590122411,0.49710786289630626,True,FULL,FULL_poly_rank_4
346,0.7,4.317208421007981,0.05,0.0153092991217785,0.0153092991217785,0.1358772828198478,1.1581558063468709,0.1511865819416263,2.530764500816095,0.0153092991217785,0.2897438848184547,1.1581558063468709,0.3050531839402332,2.041517778001109,0.1538666019986069,0.1538666019986069,0.15386660199860688,0.15386660199860688,-0.4892467228149857,0.4892467228149857,0.010729726204578412,0.007871568002657967,0.17787776242504816,True,FULL,FULL_poly_rank_4
347,0.9,5.550696541295977,0.034,0.0153092991217785,0.0153092991217785,0.0654950141480271,0.9007878493808994,0.0808043132698056,2.275398701589776,0.0153092991217785,0.121871756207091,0.9007878493808994,0.1371810553288695,1.803807052381609,0.0563767420590639,0.0563767420590639,0.056376742059063914,0.056376742059063914,-0.4715916492081671,0.4715916492081671,0.004307431897877659,0.0031284084160802354,0.5712226137533527,True,FULL,FULL_poly_rank_4
348,1.8,11.101393082591954,0.027,0.0153092991217785,0.0153092991217785,0.038082793731829,0.4503939246904497,0.0533920928536075,1.2897687725693818,0.0153092991217785,0.0166460798853999,0.4503939246904497,0.0319553790071785,1.4697945248173612,-0.021436713846429097,0.021436713846429097,-0.021436713846429,0.021436713846429,0.18002575224797934,0.18002575224797934,0.002975951583387411,0.001985543399956284,0.5441537197606672,True,FULL,FULL_poly_rank_4
349,1.13,6.96920787962717,0.043,0.0153092991217785,0.0153092991217785,0.1039855497101338,0.7174416499493891,0.1192948488319123,1.6477168177591195,0.0153092991217785,0.1533115490310646,0.7174416499493891,0.1686208481528431,1.3815693356057408,0.04932599932093079,0.04932599932093079,0.04932599932093079,0.04932599932093079,-0.2661474821533787,0.2661474821533787,0.002905141049632791,0.002156246160811395,0.9066996367984463,True,FULL,FULL_poly_rank_4
350,1.37,8.449393623972766,0.041,0.0153092991217785,0.0153092991217785,0.0951653865075495,0.591758441199131,0.110474685629328,1.3828596668882291,0.0153092991217785,0.1059926016917374,0.591758441199131,0.121301900813516,1.2158645029272104,0.010827215184187902,0.010827215184187902,0.010827215184188,0.010827215184188,-0.16699516396101877,0.16699516396101877,0.0008547767321923854,0.0005045512926673812,0.9906762485610753,True,FULL,FULL_poly_rank_4
351,1.67,10.299625804404757,0.032,0.0153092991217785,0.0153092991217785,0.057405854043788,0.4854545296064728,0.0727151531655665,1.2626030593869657,0.0153092991217785,0.0346162785043313,0.4854545296064728,0.0499255776261099,1.289922144204383,-0.0227895755394567,0.0227895755394567,-0.022789575539456597,0.022789575539456597,0.027319084817417183,0.027319084817417183,0.003236397089100025,0.0021490031359857466,0.7033889788196781,True,FULL,FULL_poly_rank_4
352,2.91,17.947252150190327,0.03,0.0153092991217785,0.0153092991217785,0.0495137718239397,0.2785941802208967,0.0648230709457182,0.7494886652754336,0.0153092991217785,0.0171069230378557,0.2785941802208967,0.0324162221596343,0.901957340653542,-0.032406848786084,0.032406848786084,-0.032406848786083894,0.032406848786083894,0.1524686753781085,0.1524686753781085,0.004299044376598873,0.0028909659593485226,0.34629091179992166,True,FULL,FULL_poly_rank_4
353,0.9,5.550696541295977,0.037,0.0153092991217785,0.0153092991217785,0.0779670989319231,0.9007878493808994,0.0932763980537016,2.192227389199339,0.0153092991217785,0.1468099286796884,0.9007878493808994,0.1621192278014669,1.7469630526903854,0.06884282974776529,0.06884282974776529,0.0688428297477653,0.0688428297477653,-0.4452643365089535,0.4452643365089535,0.00509035870346938,0.003713215186317862,0.54486675505425,True,FULL,FULL_poly_rank_4
354,1.05,6.475812631511974,0.032,0.0153092991217785,0.0153092991217785,0.0574058541682785,0.7721038708979138,0.0727151532900571,2.0081400996379837,0.0153092991217785,0.0827833110484397,0.7721038708979138,0.0980926101702183,1.6663475790600966,0.025377456880161194,0.025377456880161194,0.0253774568801612,0.0253774568801612,-0.3417925205778871,0.3417925205778871,0.001718091496935459,0.0012428692763733907,0.9164096281648884,True,FULL,FULL_poly_rank_4
355,1.15,7.09255669165597,0.028,0.0153092991217785,0.0153092991217785,0.0418356081862674,0.7049644038633127,0.0571449073080459,1.9734344433232216,0.0153092991217785,0.045976331404449,0.7049644038633127,0.0612856305262276,1.7410788134619923,0.004140723218181597,0.004140723218181597,0.004140723218181694,0.004140723218181694,-0.23235562986122926,0.23235562986122926,0.0004343384493545371,0.0002539717435124227,0.9914821419393155,True,FULL,FULL_poly_rank_4
356,1.4,8.634416842015963,0.024,0.0153092991217785,0.0153092991217785,0.0272042150777216,0.5790779031734354,0.0425135141995001,1.8037445140554815,0.0153092991217785,0.0159688849690946,0.5790779031734354,0.0312781840908732,1.9127477717811587,-0.011235330108627001,0.011235330108627001,-0.0112353301086269,0.0112353301086269,0.1090032577256772,0.1090032577256772,0.0016943587389345604,0.001113412937017737,0.7728086878428985,True,FULL,FULL_poly_rank_4
357,0.75,4.625580451079981,0.028,0.0153092991217785,0.0153092991217785,0.0418356081843982,1.080945419257079,0.0571449073061767,3.0259328132395527,0.0153092991217785,0.0970566584628812,1.080945419257079,0.1123659575846598,2.259036972698728,0.055221050278482994,0.055221050278482994,0.0552210502784831,0.0552210502784831,-0.7668958405408248,0.7668958405408248,0.0048234648358125975,0.003446490219158817,-0.0504903791655964,True,FULL,FULL_poly_rank_4
358,1.15,7.09255669165597,0.026,0.0153092991217785,0.0153092991217785,0.0343911653190034,0.7049644038633127,0.0497004644407819,2.0699745048837284,0.0153092991217785,0.0346963874773951,0.7049644038633127,0.0500056865991737,1.8720415181310623,0.0003052221583916964,0.0003052221583916964,0.0003052221583918005,0.0003052221583918005,-0.19793298675266602,0.19793298675266602,0.0005544689493386327,0.0002563828200539459,0.981848270069959,True,FULL,FULL_poly_rank_4
359,1.1,6.784184661583972,0.024,0.0153092991217785,0.0153092991217785,0.0272042141314279,0.7370082404025541,0.0425135132532064,2.2956749282231264,0.0153092991217785,0.0269465128270873,0.7370082404025541,0.0422558119488659,2.0962954519925816,-0.0002577013043406004,0.0002577013043406004,-0.00025770130434050326,0.00025770130434050326,-0.19937947623054475,0.19937947623054475,0.00048135118124980686,0.00023138641036953199,0.981663980007072,True,FULL,FULL_poly_rank_4
360,1.2,7.400928721727968,0.022,0.0153092991217785,0.0153092991217785,0.0203041095024898,0.6755908870356747,0.0356134086242683,2.2704692840433656,0.0153092991217785,0.013775138549609,0.6755908870356747,0.0290844376713876,2.330107346009759,-0.0065289709528808006,0.0065289709528808006,-0.006528970952880703,0.006528970952880703,0.05963806196639343,0.05963806196639343,0.0010642993326550768,0.0006887650703657339,0.8773723529295877,True,FULL,FULL_poly_rank_4
