sample_id,u_peak,u_r,tau_peak,tau_r,true_a,true_b,true_c,true_d,true_e,estimated_a,estimated_b,estimated_c,estimated_d,estimated_e,error_b,abs_error_b,error_d,abs_error_d,error_e,abs_error_e,curve_rmse_tau_u,curve_mae_tau_u,curve_r2_tau_u,curve_valid,dataset,model_name
7,0.72,2.75,0.044,0.03175,0.03175,0.0801325410005739,1.818181818181818,0.1118825410005739,3.441242286799551,0.03175,0.3529652784307532,1.818181818181818,0.3847152784307532,2.20693206565515,0.27283273743017933,0.27283273743017933,0.27283273743017933,0.27283273743017933,-1.2343102211444013,1.2343102211444013,0.0031104956516870372,0.002547713047155182,0.7901811131735099,True,FULL,FULL_exp_log_rank_5
8,0.92,3.0,0.035,0.02825,0.02825,0.0557241852265918,1.6666666666666667,0.0839741852265918,3.007954906577982,0.02825,0.2169953031388617,1.6666666666666667,0.2452453031388617,1.9953223546837489,0.1612711179122699,0.1612711179122699,0.1612711179122699,0.1612711179122699,-1.012632551894233,1.012632551894233,0.001378710338151063,0.001152817587553927,0.9354425114667827,True,FULL,FULL_exp_log_rank_5
9,0.97,3.0,0.029,0.0255,0.0255,0.0288872445152351,1.6666666666666667,0.0543872445152351,3.290221199159674,0.0255,0.14209459466601,1.6666666666666667,0.16759459466601,2.0504889065750818,0.11320735015077489,0.11320735015077489,0.1132073501507749,0.1132073501507749,-1.2397322925845922,1.2397322925845922,0.0012455741725871166,0.0010544862228034815,0.9256467618981843,True,FULL,FULL_exp_log_rank_5
11,0.78,3.5,0.05,0.0417499999999999,0.0417499999999999,0.0354980845491272,1.4285714285714286,0.0772480845491271,4.004659571873231,0.0417499999999999,0.3208806903335884,1.4285714285714286,0.3626306903335883,2.045769926623939,0.2853826057844612,0.2853826057844612,0.2853826057844612,0.2853826057844612,-1.9588896452492919,1.9588896452492919,0.012332345754915115,0.009377937860736027,-2.1404655742432035,True,FULL,FULL_exp_log_rank_5
12,1.25,3.5,0.04,0.034,0.034,0.0670624339164287,1.4285714285714286,0.1010624339164287,2.366794324621144,0.034,0.1853872829079925,1.4285714285714286,0.2193872829079926,1.7046171038846294,0.1183248489915638,0.1183248489915638,0.11832484899156388,0.11832484899156388,-0.6621772207365144,0.6621772207365144,0.001867622900019596,0.0011395702849851844,0.916610249444448,True,FULL,FULL_exp_log_rank_5
13,1.8,4.0,0.035,0.033,0.033,0.0334302203204883,1.25,0.0664302203204883,2.0972939397426664,0.033,0.0581846796384132,1.25,0.0911846796384132,1.6557711864296814,0.0247544593179249,0.0247544593179249,0.0247544593179249,0.0247544593179249,-0.4415227533129851,0.4415227533129851,0.0013300326679802157,0.0007692860202132373,0.9540216018416892,True,FULL,FULL_exp_log_rank_5
19,1.55,12.0,1.02,0.8525,0.8525,0.3782821788444106,0.4166666666666667,1.2307821788444109,2.3791759662313843,0.8525,0.1049785959746735,0.4166666666666667,0.9574785959746736,3.147364026786429,-0.2733035828697371,0.2733035828697371,-0.2733035828697373,0.2733035828697373,0.7681880605550448,0.7681880605550448,0.046932445513478825,0.02931762509894813,0.8442588245523426,True,FULL,FULL_exp_log_rank_5
27,0.87,3.25,2.35,1.9075,1.9075,2.7034029995062916,1.5384615384615383,4.610902999506291,3.276941309100947,1.9075,0.2557094827849566,1.5384615384615383,2.1632094827849566,5.445776097606565,-2.447693516721335,2.447693516721335,-2.4476935167213347,2.4476935167213347,2.168834788505618,2.168834788505618,0.19898729780715152,0.1409686940045615,0.6747922671400317,True,FULL,FULL_exp_log_rank_5
28,0.13,1.325,1.02,0.6675,0.6675,0.6738254010838505,3.7735849056603774,1.3413254010838505,23.891608655167115,0.6675,0.6472546961766845,3.7735849056603774,1.3147546961766845,23.19261562109374,-0.026570704907165954,0.026570704907165954,-0.026570704907165954,0.026570704907165954,-0.698993034073375,0.698993034073375,0.008368797569327293,0.004507383572255638,0.9959712759500372,True,FULL,FULL_exp_log_rank_5
29,0.6,2.425,4.93,4.2975,4.2975,3.110870023650559,2.061855670103093,7.408370023650559,5.517814597970529,4.2975,3.13954119994676,2.061855670103093,7.43704119994676,4.963285604536237,0.028671176296200862,0.028671176296200862,0.028671176296200862,0.028671176296200862,-0.5545289934342916,0.5545289934342916,0.0943997424586639,0.046362970324374364,0.9823038920420895,True,FULL,FULL_exp_log_rank_5
30,2.17,3.85,16.37,14.955,14.955,60.674147880173095,1.2987012987012987,75.6291478801731,1.6284330431129306,14.955,86.75287534807008,1.2987012987012987,101.70787534807008,1.4098274377929836,26.078727467896982,26.078727467896982,26.078727467896982,26.078727467896982,-0.218605605319947,0.218605605319947,1.592742268582708,1.1504024014997725,0.7192159509004178,True,FULL,FULL_exp_log_rank_5
31,0.24,1.275,0.66,0.475,0.475,0.6758571313827281,3.9215686274509807,1.150857131382728,11.17767536247715,0.475,0.842045148055396,3.9215686274509807,1.317045148055396,9.450088146908543,0.16618801667266792,0.16618801667266792,0.16618801667266792,0.16618801667266792,-1.7275872155686063,1.7275872155686063,0.01059708956512644,0.0077828146781826965,0.9869544254076108,True,FULL,FULL_exp_log_rank_5
32,0.3,2.175,4.71,4.1925,4.1925,1.211168346774408,2.298850574712644,5.403668346774408,13.642584509493682,4.1925,1.868604670775774,2.298850574712644,6.061104670775774,11.623149107037175,0.6574363240013659,0.6574363240013659,0.6574363240013659,0.6574363240013659,-2.019435402456507,2.019435402456507,0.09568890366477892,0.061716273818684435,0.9702338059108079,True,FULL,FULL_exp_log_rank_5
33,2.26,4.125,16.14,11.3475,11.3475,422.7987490320256,1.2121212121212122,434.1462490320256,1.3091974223177918,11.3475,75.66324643756512,1.2121212121212122,87.01074643756512,1.3074518919974811,-347.1355025944605,347.1355025944605,-347.1355025944605,347.1355025944605,-0.001745530320310662,0.001745530320310662,5.241506708008596,4.047349926281025,-1.0672671332065042,True,FULL,FULL_exp_log_rank_5
34,0.47,1.525,1.07,0.6975,0.6975,4.0455139668571585,3.278688524590164,4.743013966857158,4.812842755740618,0.6975,1.6147209720345692,3.278688524590164,2.312220972034569,4.895567260818201,-2.430792994822589,2.430792994822589,-2.430792994822589,2.430792994822589,0.08272450507758222,0.08272450507758222,0.16183144944001726,0.11777254253876633,0.23131613534484674,True,FULL,FULL_exp_log_rank_5
35,0.47,2.2,4.91,4.25,4.25,2.5915991927768687,2.2727272727272725,6.841599192776869,7.213346651196478,4.25,3.9587696833983017,2.2727272727272725,8.208769683398302,5.827949465601875,1.367170490621433,1.367170490621433,1.367170490621433,1.367170490621433,-1.385397185594603,1.385397185594603,0.09534605305760957,0.07025652258202571,0.9798382650186721,True,FULL,FULL_exp_log_rank_5
36,1.48,3.625,14.91,14.235,14.235,8.232456046268986,1.3793103448275863,22.467456046268985,2.7321098339023515,14.235,43.84690589486806,1.3793103448275863,58.08190589486806,1.7174058316691614,35.61444984859907,35.61444984859907,35.61444984859907,35.61444984859907,-1.0147040022331901,1.0147040022331901,0.4760377953982372,0.3641339859915945,0.9658602283127213,True,FULL,FULL_exp_log_rank_5
37,0.11,1.325,0.89,0.5625,0.5625,0.5639971811696873,3.7735849056603774,1.1264971811696871,29.2958502513531,0.5625,0.5705730106706242,3.7735849056603774,1.1330730106706242,28.33987528760294,0.006575829500936825,0.006575829500936825,0.006575829500937047,0.006575829500937047,-0.9559749637501618,0.9559749637501618,0.0020286196371595345,0.0009556842903630725,0.9996896914455483,True,FULL,FULL_exp_log_rank_5
38,0.26,2.175,5.3,4.1,4.1,2.5910971306331803,2.298850574712644,6.69109713063318,13.042743993933716,4.1,3.448224438005873,2.298850574712644,7.548224438005873,11.506308850269797,0.8571273073726928,0.8571273073726928,0.8571273073726928,0.8571273073726928,-1.536435143663919,1.536435143663919,0.13166515157807052,0.08393437799997905,0.9558449978367096,True,FULL,FULL_exp_log_rank_5
39,0.54,3.35,15.9,14.4675,14.4675,3.852469877296928,1.4925373134328357,18.319969877296927,7.688914610134782,14.4675,31.59339852991863,1.4925373134328357,46.06089852991863,4.030257544143034,27.7409286526217,27.7409286526217,27.740928652621704,27.740928652621704,-3.658657065991748,3.658657065991748,3.326479765159255,2.247154718628078,-1.84985156435499,True,FULL,FULL_exp_log_rank_5
40,0.3,1.35,0.88,0.635,0.635,1.1651130574348498,3.7037037037037033,1.8001130574348498,8.547982610717572,0.635,1.0515854277169103,3.7037037037037033,1.6865854277169103,7.7317212318827,-0.1135276297179395,0.1135276297179395,-0.1135276297179395,0.1135276297179395,-0.8162613788348718,0.8162613788348718,0.03735553403335643,0.022350463692476463,0.9168355815744665,True,FULL,FULL_exp_log_rank_5
41,0.38,2.175,5.2,4.3975,4.3975,2.452688320111813,2.298850574712644,6.850188320111813,9.031706106944794,4.3975,4.1192316404222415,2.298850574712644,8.516731640422242,7.223208464048498,1.6665433203104287,1.6665433203104287,1.6665433203104287,1.6665433203104287,-1.8084976428962962,1.8084976428962962,0.16902164015524163,0.11526295903419097,0.935456846295745,True,FULL,FULL_exp_log_rank_5
42,0.71,3.35,16.28,14.8375,14.8375,5.373344828404187,1.4925373134328357,20.210844828404188,5.457009220110153,14.8375,43.87592578524183,1.4925373134328357,58.71342578524183,2.77765088482169,38.50258095683765,38.50258095683765,38.50258095683765,38.50258095683765,-2.6793583352884633,2.6793583352884633,2.7302926903899984,1.9661226164175492,-0.5082051230305897,True,FULL,FULL_exp_log_rank_5
43,0.88,1.475,0.58,0.535,0.535,2.3643732180319175,3.389830508474576,2.8993732180319176,4.157276354583812,0.535,3.3120258356600227,3.389830508474576,3.847025835660023,3.6413131951440616,0.9476526176281053,0.9476526176281053,0.9476526176281053,0.9476526176281053,-0.51596315943975,0.51596315943975,0.05814624327647176,0.0424600499973017,0.7102537894629359,True,FULL,FULL_exp_log_rank_5
44,1.5,2.625,3.89,3.6325,3.6325,10.486129835864666,1.9047619047619049,14.118629835864668,2.474961892115721,3.6325,8.363859590376851,1.9047619047619049,11.996359590376851,2.25889721190605,-2.1222702454878153,2.1222702454878153,-2.122270245487817,2.122270245487817,-0.21606468020967062,0.21606468020967062,0.29893112232644664,0.216156790745558,0.8292344507182985,True,FULL,FULL_exp_log_rank_5
45,2.87,4.1,13.67,13.42,13.42,16.705556614946417,1.2195121951219514,30.12555661494642,1.6634039681803665,13.42,66.09743923386043,1.2195121951219514,79.51743923386043,1.308443895509746,49.39188261891401,49.39188261891401,49.39188261891401,49.39188261891401,-0.3549600726706206,0.3549600726706206,0.6039968370882745,0.3746601162026938,0.9464796039568915,True,FULL,FULL_exp_log_rank_5
46,0.79,1.5,0.8,0.665,0.665,6.166849946093346,3.3333333333333335,6.831849946093346,3.9230290740544778,0.665,3.036239753784709,3.3333333333333335,3.7012397537847086,3.7244734405275177,-3.130610192308637,3.130610192308637,-3.1306101923086374,3.1306101923086374,-0.19855563352696004,0.19855563352696004,0.13305772324682327,0.10022540277860299,0.167397263858455,True,FULL,FULL_exp_log_rank_5
47,0.6,2.175,5.04,4.655,4.655,2.141531174694559,2.298850574712644,6.796531174694559,6.310564627174357,4.655,6.1500240389520195,2.298850574712644,10.80502403895202,4.27019176000875,4.008492864257461,4.008492864257461,4.008492864257461,4.008492864257461,-2.0403728671656074,2.0403728671656074,0.1768877709810102,0.13665655121504197,0.9455939914891552,True,FULL,FULL_exp_log_rank_5
48,2.37,4.125,16.38,14.3675,14.3675,112.7264689844744,1.2121212121212122,127.0939689844744,1.4228254925840296,14.3675,69.16787012712476,1.2121212121212122,83.53537012712475,1.3313395182631689,-43.55859885734964,43.55859885734964,-43.55859885734965,43.55859885734965,-0.0914859743208607,0.0914859743208607,2.370026803527398,1.7813621677607478,0.38164082847097425,True,FULL,FULL_exp_log_rank_5
49,1.46,2.566666666666667,4.68,4.1066666666666665,4.1066666666666665,30.593215473314466,1.948051948051948,34.69988213998113,2.300589855794831,4.1066666666666665,12.600297829763305,1.948051948051948,16.70696449642997,2.235565278165135,-17.99291764355116,17.99291764355116,-17.99291764355116,17.99291764355116,-0.06502457762969582,0.06502457762969582,0.659149242752878,0.4974743325930218,0.41043304829756266,True,FULL,FULL_exp_log_rank_5
50,4.16,4.75,15.04,14.775,14.775,58.5314735148253,1.0526315789473684,73.3064735148253,1.2144266984360343,14.775,101.8536458036906,1.0526315789473684,116.62864580369062,1.0945892359960183,43.322172288865296,43.322172288865296,43.32217228886532,43.32217228886532,-0.11983746244001603,0.11983746244001603,0.9418816554971695,0.5978329002628798,0.8771881341799593,True,FULL,FULL_exp_log_rank_5
51,1.26,1.85,0.94,0.785,0.785,27.151829140946248,2.702702702702702,27.936829140946248,2.8751003676389564,0.785,5.012498259028733,2.702702702702702,5.797498259028733,2.8642463906932103,-22.139330881917516,22.139330881917516,-22.139330881917516,22.139330881917516,-0.01085397694574608,0.01085397694574608,0.2609895263927493,0.19452309049190908,-0.7298200306046558,True,FULL,FULL_exp_log_rank_5
52,3.13,4.466666666666667,15.58,14.793333333333337,14.793333333333337,75.02328336156236,1.1194029850746268,89.8166166948957,1.313812712287742,14.793333333333337,67.53822785965268,1.1194029850746268,82.33156119298602,1.2066630456942662,-7.4850555019096845,7.4850555019096845,-7.4850555019096845,7.4850555019096845,-0.10714966659347591,0.10714966659347591,1.457191817441408,1.0323814441191688,0.7428754806719009,True,FULL,FULL_exp_log_rank_5
53,1.15,1.85,0.71,0.65,0.65,3.9933470021604136,2.702702702702702,4.6433470021604135,3.19021506632708,0.65,3.507175713722692,2.702702702702702,4.157175713722692,2.916859238218352,-0.4861712884377214,0.4861712884377214,-0.4861712884377214,0.4861712884377214,-0.27335582810872827,0.27335582810872827,0.08511621139506695,0.06356017064496539,0.5903015469470492,True,FULL,FULL_exp_log_rank_5
54,0.35,2.175,4.68,4.205,4.205,1.283914851902833,2.298850574712644,5.488914851902833,11.46515887900422,4.205,2.21715185819264,2.298850574712644,6.42215185819264,9.34421687258719,0.933237006289807,0.933237006289807,0.933237006289807,0.933237006289807,-2.12094200641703,2.12094200641703,0.1162321664949489,0.0771076511005767,0.9597841470789797,True,FULL,FULL_exp_log_rank_5
55,0.63,3.85,16.18,14.365,14.365,5.024596391351091,1.2987012987012987,19.38959639135109,6.152370825583352,14.365,11.97544729739018,1.2987012987012987,26.34044729739018,4.534607603681774,6.95085090603909,6.95085090603909,6.95085090603909,6.95085090603909,-1.617763221901578,1.617763221901578,0.8460579936285163,0.5604629649366198,0.8237993506699396,True,FULL,FULL_exp_log_rank_5
56,0.45,1.5666666666666669,0.87,0.6366666666666667,0.6366666666666667,1.8543711063769357,3.191489361702127,2.4910377730436024,5.520751658815112,0.6366666666666667,1.2155916593640832,3.191489361702127,1.85225832603075,5.221372052933079,-0.6387794470128525,0.6387794470128525,-0.6387794470128525,0.6387794470128525,-0.2993796058820335,0.2993796058820335,0.0759143405582301,0.052190313676245007,0.6926370244330371,True,FULL,FULL_exp_log_rank_5
57,0.58,2.175,5.35,4.42,4.42,5.5363451785319135,2.298850574712644,9.956345178531912,5.059116621676996,4.42,7.764018722939186,2.298850574712644,12.184018722939186,4.053799621157564,2.2276735444072724,2.2276735444072724,2.227673544407274,2.227673544407274,-1.0053170005194314,1.0053170005194314,0.13031572406268338,0.07903992225247025,0.9728744383813296,True,FULL,FULL_exp_log_rank_5
58,0.94,3.875,16.28,13.935,13.935,11.349260923481204,1.2903225806451613,25.28426092348121,3.405427164282276,13.935,21.10729388352889,1.2903225806451613,35.04229388352889,2.557369324277028,9.758032960047686,9.758032960047686,9.758032960047682,9.758032960047682,-0.8480578400052483,0.8480578400052483,0.4535977230424376,0.34955247935552036,0.9620098481241696,True,FULL,FULL_exp_log_rank_5
59,0.13,1.5666666666666669,0.97,0.8033333333333333,0.8033333333333333,0.2782264175865835,3.191489361702127,1.0815597509199169,31.910981063129015,0.8033333333333333,0.2684070822938041,3.191489361702127,1.0717404156271375,31.43817972860128,-0.009819335292779396,0.009819335292779396,-0.009819335292779341,0.009819335292779341,-0.472801334527734,0.472801334527734,0.003085286895150956,0.00163945062770402,0.9990777043723288,True,FULL,FULL_exp_log_rank_5
60,2.38,2.85,5.22,4.84,4.84,137.35939252357494,1.7543859649122806,142.19939252357494,1.8523237169572588,4.84,34.53049202993388,1.7543859649122806,39.37049202993388,1.8264045492535144,-102.82890049364106,102.82890049364106,-102.82890049364107,102.82890049364107,-0.025919167703744472,0.025919167703744472,1.041871821179344,0.705616286872948,-0.16103427799707615,True,FULL,FULL_exp_log_rank_5
61,2.68,4.125,16.95,15.5375,15.5375,116.71406105996982,1.2121212121212122,132.25156105996982,1.3981039630569712,15.5375,96.88187566358587,1.2121212121212122,112.41937566358588,1.2912067270447427,-19.83218539638395,19.83218539638395,-19.832185396383935,19.832185396383935,-0.10689723601222845,0.10689723601222845,2.1901552893766474,1.620460942703532,0.5171203891054061,True,FULL,FULL_exp_log_rank_5
62,0.71,1.6,1.14,0.9133333333333334,0.9133333333333334,5.696830896813862,3.125,6.610164230147195,3.976020028848459,0.9133333333333334,2.6174436623175383,3.125,3.530776995650872,3.834899764972735,-3.0793872344963233,3.0793872344963233,-3.079387234496323,3.079387234496323,-0.14112026387572385,0.14112026387572385,0.1614250839506547,0.11968699768515341,0.336560300903734,True,FULL,FULL_exp_log_rank_5
63,0.76,2.2,5.03,4.68,4.68,3.0326428857358856,2.2727272727272725,7.712642885735885,4.87933520201715,4.68,8.33866884265094,2.2727272727272725,13.01866884265094,3.3818281865011173,5.306025956915054,5.306025956915054,5.306025956915054,5.306025956915054,-1.4975070155160326,1.4975070155160326,0.1349135746450684,0.10277361225759808,0.9728898664452629,True,FULL,FULL_exp_log_rank_5
64,2.73,4.125,15.88,13.97,13.97,220.02903798852773,1.2121212121212122,233.99903798852773,1.3339956390040135,13.97,90.19342969426516,1.2121212121212122,104.16342969426516,1.2867580386055657,-129.83560829426256,129.83560829426256,-129.83560829426256,129.83560829426256,-0.04723760039844782,0.04723760039844782,3.046315841033171,2.2765567610906356,-0.019485605770187764,True,FULL,FULL_exp_log_rank_5
65,0.63,1.5666666666666669,1.42,0.9733333333333332,0.9733333333333332,10.644929502666052,3.191489361702127,11.618262835999383,3.927118476960182,0.9733333333333332,2.8594522707429446,3.191489361702127,3.8327856040762778,4.024704553329035,-7.785477231923108,7.785477231923108,-7.785477231923105,7.785477231923105,0.09758607636885275,0.09758607636885275,0.2881408402310386,0.2171322703503849,-0.21251268262072998,True,FULL,FULL_exp_log_rank_5
66,0.34,2.175,5.0,4.24,4.24,2.0482757543105174,2.298850574712644,6.288275754310518,10.49368724913285,4.24,3.105221945235365,2.298850574712644,7.345221945235365,8.768679393824089,1.0569461909248474,1.0569461909248474,1.0569461909248474,1.0569461909248474,-1.7250078553087622,1.7250078553087622,0.12645248300703207,0.08403729081188044,0.9579077987602047,True,FULL,FULL_exp_log_rank_5
67,3.13,4.533333333333333,14.91,14.596666666666666,14.596666666666666,20.35467702287054,1.1029411764705883,34.951343689537204,1.4882877719989878,14.596666666666666,53.6327247319669,1.1029411764705883,68.22939139863357,1.2092453625770976,33.27804770909636,33.27804770909636,33.27804770909636,33.27804770909636,-0.2790424094218902,0.2790424094218902,0.6866798903079033,0.43789223726533466,0.9419186228173477,True,FULL,FULL_exp_log_rank_5
68,0.49,1.5666666666666669,0.79,0.63,0.63,1.4068332196782207,3.191489361702127,2.0368332196782206,5.5461514668738845,0.63,1.259697342106946,3.191489361702127,1.889697342106946,4.8899285137145485,-0.14713587757127478,0.14713587757127478,-0.14713587757127455,0.14713587757127455,-0.656222953159336,0.656222953159336,0.05087613016986994,0.03293083905728149,0.830318151522655,True,FULL,FULL_exp_log_rank_5
69,1.69,2.566666666666667,5.04,4.426666666666667,4.426666666666667,69.19774278410341,1.948051948051948,73.62440945077007,2.1459242646578933,4.426666666666667,21.02611912372502,1.948051948051948,25.452785790391687,2.1077180915148097,-48.17162366037839,48.17162366037839,-48.17162366037839,48.17162366037839,-0.03820617314308361,0.03820617314308361,0.9664875445136855,0.724956506234399,-0.01680061798337329,True,FULL,FULL_exp_log_rank_5
70,3.12,4.466666666666667,16.37,15.163333333333334,15.163333333333334,137.96164146287623,1.1194029850746268,153.12497479620956,1.2614658876838951,15.163333333333334,76.87086834844172,1.1194029850746268,92.03420168177506,1.1991675310920158,-61.09077311443451,61.09077311443451,-61.0907731144345,61.0907731144345,-0.06229835659187932,0.06229835659187932,2.169856439441939,1.5684024040208273,0.4763698587901256,True,FULL,FULL_exp_log_rank_5
71,0.18,1.5666666666666669,0.87,0.6,0.6,0.5778652142592701,3.191489361702127,1.17786521425927,16.988625203858206,0.6,0.5033787645960431,3.191489361702127,1.1033787645960431,16.76801793106993,-0.07448644966322693,0.07448644966322693,-0.07448644966322693,0.07448644966322693,-0.22060727278827486,0.22060727278827486,0.016584752166017687,0.00997116611477295,0.977694988249237,True,FULL,FULL_exp_log_rank_5
72,0.42,2.175,5.1,3.8825,3.8825,4.482035276937978,2.298850574712644,8.364535276937978,6.759501195047857,3.8825,4.813671010328548,2.298850574712644,8.696171010328548,5.985344577484553,0.33163573339056995,0.33163573339056995,0.33163573339056995,0.33163573339056995,-0.7741566175633041,0.7741566175633041,0.08125594467426245,0.03880070587048516,0.9864848791861098,True,FULL,FULL_exp_log_rank_5
73,1.09,3.85,15.19,13.3025,13.3025,11.821633061680007,1.2987012987012987,25.12413306168001,2.9737453064844868,13.3025,20.36702180016192,1.2987012987012987,33.669521800161924,2.2736555942938304,8.545388738481911,8.545388738481911,8.545388738481915,8.545388738481915,-0.7000897121906564,0.7000897121906564,0.337077250269633,0.24508311465079277,0.9783357370084725,True,FULL,FULL_exp_log_rank_5
74,0.47,1.5666666666666669,0.66,0.5066666666666667,0.5066666666666667,1.2794449424210406,3.191489361702127,1.7861116090877074,5.540134014051035,0.5066666666666667,1.1498918557870104,3.191489361702127,1.6565585224536772,4.865390968304561,-0.1295530866340302,0.1295530866340302,-0.1295530866340302,0.1295530866340302,-0.6747430457464745,0.6747430457464745,0.04570331502239258,0.029591979244041,0.8033155448264124,True,FULL,FULL_exp_log_rank_5
75,0.57,2.175,4.24,4.0125,4.0125,1.1193350008113887,2.298850574712644,5.131835000811389,7.4273022742503985,4.0125,3.1881320376196456,2.298850574712644,7.200632037619646,5.139793010672585,2.068797036808257,2.068797036808257,2.068797036808257,2.068797036808257,-2.287509263577814,2.287509263577814,0.12767326950472876,0.09548159712734508,0.9584784317737716,True,FULL,FULL_exp_log_rank_5
76,4.13,4.7,14.9,13.285,13.285,1213.8760619263403,1.0638297872340423,1227.1610619263406,1.0940505167399543,13.285,114.9817943741487,1.0638297872340423,128.2667943741487,1.097947372649041,-1098.8942675521916,1098.8942675521916,-1098.8942675521919,1098.8942675521919,0.003896855909086616,0.003896855909086616,5.054435405475912,3.3633561376599936,-0.9710780589317143,True,FULL,FULL_exp_log_rank_5
77,0.18,1.5666666666666669,0.88,0.4966666666666666,0.4966666666666666,0.8494890683979475,3.191489361702127,1.346155735064614,14.732448429095294,0.4966666666666666,0.6146295072263619,3.191489361702127,1.1112961738930285,15.12580848268918,-0.23485956117158557,0.23485956117158557,-0.23485956117158557,0.23485956117158557,0.39336005359388615,0.39336005359388615,0.04486131118289548,0.02804405306712638,0.8879672008538608,True,FULL,FULL_exp_log_rank_5
78,1.25,2.566666666666667,4.37,3.77,3.77,17.6011784506471,1.948051948051948,21.3711784506471,2.4976694597033373,3.77,7.69190572727328,1.948051948051948,11.46190572727328,2.4508118582174685,-9.909272723373821,9.909272723373821,-9.909272723373821,9.909272723373821,-0.046857601485868816,0.046857601485868816,0.4980937486978351,0.3696825218576094,0.5805440901823373,True,FULL,FULL_exp_log_rank_5
79,3.62,4.5,14.62,13.843333333333334,13.843333333333334,173.78668847200146,1.1111111111111112,187.6300218053348,1.2115644521301927,13.843333333333334,88.55526197203984,1.1111111111111112,102.39859530537318,1.164105132771933,-85.23142649996161,85.23142649996161,-85.23142649996161,85.23142649996161,-0.047459319358259755,0.047459319358259755,1.960150582177042,1.3374122847039112,0.4293128905061411,True,FULL,FULL_exp_log_rank_5
80,0.11,1.5633333333333332,1.04,0.5006666666666667,0.5006666666666667,0.863642983300683,3.1982942430703627,1.3643096499673495,27.24084861115649,0.5006666666666667,0.5836525142619639,3.1982942430703627,1.0843191809286306,28.81290985097819,-0.27999046903871916,0.27999046903871916,-0.27999046903871894,0.27999046903871894,1.5720612398217,1.5720612398217,0.06329881602645074,0.037877675718762764,0.8530676527700514,True,FULL,FULL_exp_log_rank_5
81,0.23,2.1775,4.79,3.54875,3.54875,2.4552355004571034,2.296211251435132,6.003985500457103,14.649101403235154,3.54875,2.1869480330596245,2.296211251435132,5.735698033059625,14.501361374508836,-0.2682874673974789,0.2682874673974789,-0.2682874673974789,0.2682874673974789,-0.14774002872631797,0.14774002872631797,0.06254745874378706,0.037111929651417075,0.9877777048392544,True,FULL,FULL_exp_log_rank_5
82,0.39,3.9275,14.13,12.93,12.93,2.178980729198466,1.273074474856779,15.108980729198466,12.268593789286898,12.93,0.6445615828294482,1.273074474856779,13.574561582829448,15.494736050587557,-1.534419146369018,1.534419146369018,-1.534419146369018,1.534419146369018,3.2261422613006587,3.2261422613006587,0.3042118294169683,0.18578982196185492,0.959707845614484,True,FULL,FULL_exp_log_rank_5
83,0.21,1.5566666666666666,0.75,0.4896666666666667,0.4896666666666667,0.6541837303857423,3.211991434689508,1.143850397052409,13.109251845364824,0.4896666666666667,0.5933360720929439,3.211991434689508,1.0830027387596106,12.57744927393112,-0.06084765829279837,0.06084765829279837,-0.06084765829279837,0.06084765829279837,-0.5318025714337047,0.5318025714337047,0.015478404356617348,0.009016661006731725,0.9779329830744806,True,FULL,FULL_exp_log_rank_5
84,1.52,2.19,4.53,3.98,3.98,84.48453784563569,2.2831050228310503,88.46453784563569,2.4678705594788535,3.98,27.537254494012167,2.2831050228310503,31.517254494012167,2.4065652231827035,-56.94728335162352,56.94728335162352,-56.947283351623526,56.947283351623526,-0.06130533629614998,0.06130533629614998,0.9654695285947107,0.7096542798259233,-0.22243524154538963,True,FULL,FULL_exp_log_rank_5
85,0.46,3.86,15.2,13.9425,13.9425,2.582793456166362,1.2953367875647668,16.525293456166363,10.00333623780827,13.9425,4.623135931007694,1.2953367875647668,18.565635931007694,8.375218335018417,2.0403424748413315,2.0403424748413315,2.0403424748413315,2.0403424748413315,-1.6281179027898531,1.6281179027898531,0.34532038042807245,0.21629873081464673,0.9593145516694369,True,FULL,FULL_exp_log_rank_5
86,1.14,1.85,0.47,0.4455,0.4455,1.2635859558868447,2.702702702702702,1.7090859558868448,3.448989911906233,0.4455,2.955848452795316,2.702702702702702,3.401348452795316,2.882276819881348,1.6922624969084712,1.6922624969084712,1.6922624969084712,1.6922624969084712,-0.5667130920248846,0.5667130920248846,0.03535436516948389,0.024946640453591774,0.8434284464884609,True,FULL,FULL_exp_log_rank_5
87,1.53,2.29,3.84,3.5879999999999996,3.5879999999999996,21.229112109709114,2.1834061135371177,24.817112109709115,2.5522940611621228,3.5879999999999996,16.03084398035905,2.1834061135371177,19.618843980359053,2.3686381280844397,-5.198268129350062,5.198268129350062,-5.198268129350062,5.198268129350062,-0.18365593307768302,0.18365593307768302,0.4157533586950808,0.3024645703827405,0.6589278784828971,True,FULL,FULL_exp_log_rank_5
89,0.31,1.5733333333333333,0.64,0.434,0.434,0.831446191232911,3.1779661016949152,1.265446191232911,8.046929532076042,0.434,0.766615431775926,3.1779661016949152,1.200615431775926,7.313900106590707,-0.06483075945698502,0.06483075945698502,-0.06483075945698502,0.06483075945698502,-0.7330294254853351,0.7330294254853351,0.02363029268079561,0.013702073101690995,0.9380910605298229,True,FULL,FULL_exp_log_rank_5
90,0.44,2.0033333333333334,4.09,3.8813333333333335,3.8813333333333335,0.7845727106922662,2.4958402662229617,4.6659060440256,10.177837650659969,3.8813333333333335,3.0710069203863815,2.4958402662229617,6.952340253719715,6.543323418277309,2.2864342096941153,2.2864342096941153,2.2864342096941153,2.2864342096941153,-3.63451423238266,3.63451423238266,0.19547946746859932,0.1379167575582448,0.8805530492191725,True,FULL,FULL_exp_log_rank_5
91,2.56,4.125,14.35,13.695,13.695,33.24347166872315,1.2121212121212122,46.93847166872315,1.5724619149710894,13.695,53.763113565102365,1.2121212121212122,67.45811356510237,1.339915796406706,20.519641896379213,20.519641896379213,20.519641896379213,20.519641896379213,-0.23254611856438334,0.23254611856438334,0.9697038195978673,0.6827302814423223,0.8751905818169242,True,FULL,FULL_exp_log_rank_5
92,0.1,1.5666666666666669,0.84,0.5786666666666667,0.5786666666666667,0.3913124802400913,3.191489361702127,0.969979146906758,37.39184550372476,0.5786666666666667,0.3487705877932173,3.191489361702127,0.927437254459884,37.65006775027587,-0.04254189244687401,0.04254189244687401,-0.04254189244687401,0.04254189244687401,0.2582222465511137,0.2582222465511137,0.010305806542397534,0.006044969965948095,0.9885647250319985,True,FULL,FULL_exp_log_rank_5
93,0.29,2.175,4.72,4.314,4.314,0.9127902034753363,2.298850574712644,5.226790203475336,15.255568277966066,4.314,1.675566092293507,2.298850574712644,5.989566092293507,12.542134723035709,0.7627758888181706,0.7627758888181706,0.7627758888181706,0.7627758888181706,-2.713433554930358,2.713433554930358,0.11796511558855925,0.0751512402028141,0.9539617493500658,True,FULL,FULL_exp_log_rank_5
94,2.24,4.125,16.29,15.185,15.185,36.934910613682646,1.2121212121212122,52.11991061368265,1.6343524111032697,15.185,54.97365621478441,1.2121212121212122,70.15865621478441,1.378394804221324,18.038745601101766,18.038745601101766,18.038745601101766,18.038745601101766,-0.2559576068819456,0.2559576068819456,1.1450086823294563,0.790764210458715,0.8541275431439243,True,FULL,FULL_exp_log_rank_5
95,0.15,1.5666666666666669,1.04,0.515,0.515,1.0180921290257392,3.191489361702127,1.533092129025739,17.824332391452327,0.515,0.6540352788239304,3.191489361702127,1.1690352788239304,18.93263974308288,-0.3640568502018088,0.3640568502018088,-0.36405685020180867,0.36405685020180867,1.108307351630554,1.108307351630554,0.07329664366186449,0.04522609862720402,0.8143910766109321,True,FULL,FULL_exp_log_rank_5
96,0.32,2.225,5.75,4.01075,4.01075,4.5926707536336835,2.2471910112359548,8.603420753633683,8.90252129065327,4.01075,5.456753755836408,2.2471910112359548,9.467503755836407,7.896349839381863,0.8640830022027242,0.8640830022027242,0.8640830022027242,0.8640830022027242,-1.006171451271407,1.006171451271407,0.08855256851583052,0.06092106029792034,0.9867141751312541,True,FULL,FULL_exp_log_rank_5
97,0.98,3.925,16.9,13.655,13.655,17.423005323734152,1.2738853503184715,31.07800532373415,2.9328424113361327,13.655,25.860114019175676,1.2738853503184715,39.51511401917568,2.3168737722572637,8.437108695441523,8.437108695441523,8.437108695441527,8.437108695441527,-0.615968639078869,0.615968639078869,0.3715216491325427,0.2631698355582104,0.9771273372057654,True,FULL,FULL_exp_log_rank_5
98,0.12,1.5666666666666669,1.33,0.569,0.569,1.2856106349233354,3.191489361702127,1.854610634923335,23.13000566043724,0.569,0.771378307908076,3.191489361702127,1.340378307908076,24.923630349743064,-0.5142323270152593,0.5142323270152593,-0.5142323270152591,0.5142323270152591,1.7936246893058225,1.7936246893058225,0.11225250564838216,0.06782555978368915,0.7660661417779931,True,FULL,FULL_exp_log_rank_5
99,0.38,2.1775,5.29,3.8055,3.8055,4.8847712477868654,2.296211251435132,8.690271247786866,7.231167894086396,3.8055,5.148311056264918,2.296211251435132,8.953811056264918,6.484566673471022,0.26353980847805225,0.26353980847805225,0.26353980847805225,0.26353980847805225,-0.746601220615374,0.746601220615374,0.07564201980544108,0.03512522441152072,0.9892059368013051,True,FULL,FULL_exp_log_rank_5
100,1.12,3.865,15.69,14.2025,14.2025,9.330787016774106,1.2936610608020698,23.533287016774107,3.133851414322128,14.2025,21.745509569580527,1.2936610608020698,35.94800956958053,2.2277540254800097,12.41472255280642,12.41472255280642,12.41472255280642,12.41472255280642,-0.9060973888421184,0.9060973888421184,0.4303116836107234,0.34095045817586533,0.9677234279691498,True,FULL,FULL_exp_log_rank_5
101,0.11,1.5599999999999998,1.19,0.5136666666666666,0.5136666666666666,1.0901897584596147,3.2051282051282053,1.6038564251262817,26.190812099681132,0.5136666666666666,0.6885083273855287,3.2051282051282053,1.2021749940521953,27.96467695440976,-0.40168143107408605,0.40168143107408605,-0.4016814310740864,0.4016814310740864,1.7738648547286289,1.7738648547286289,0.09030541293593819,0.05412653775180778,0.8036820790037298,True,FULL,FULL_exp_log_rank_5
102,0.33,2.175,5.38,4.15275,4.15275,3.3230952595070686,2.298850574712644,7.475845259507069,9.464816530487427,4.15275,4.506551924113091,2.298850574712644,8.659301924113091,8.09117229869515,1.1834566646060223,1.1834566646060223,1.1834566646060223,1.1834566646060223,-1.3736442317922766,1.3736442317922766,0.13149018501966114,0.08832576543640286,0.9626859901944593,True,FULL,FULL_exp_log_rank_5
104,0.46,1.61,0.57,0.4153333333333333,0.4153333333333333,1.2195408766373736,3.105590062111801,1.634874209970707,5.380408458094788,0.4153333333333333,1.0546206324409215,3.105590062111801,1.469953965774255,4.75225343618976,-0.16492024419645213,0.16492024419645213,-0.1649202441964519,0.1649202441964519,-0.6281550219050276,0.6281550219050276,0.04388961229193188,0.028731241925539715,0.7609623687178199,True,FULL,FULL_exp_log_rank_5
105,0.38,2.1725,3.22,2.8175,2.8175,1.2095551373508462,2.3014959723820483,4.027055137350846,9.674876431868377,2.8175,0.6357294834273732,2.3014959723820483,3.453229483427373,10.8307690075702,-0.573825653923473,0.573825653923473,-0.573825653923473,0.573825653923473,1.1558925757018237,1.1558925757018237,0.08472536286326902,0.05520926237510684,0.9574204394634925,True,FULL,FULL_exp_log_rank_5
106,6.69,7.0,11.06,11.03,11.03,6.769176332863529,0.7142857142857143,17.799176332863528,0.9707346090728766,11.03,60.40802602226144,0.7142857142857143,71.43802602226144,0.7458097550891554,53.63884968939791,53.63884968939791,53.638849689397915,53.638849689397915,-0.2249248539837212,0.2249248539837212,0.3285640024425101,0.17548694299641412,0.9729979757740452,True,FULL,FULL_exp_log_rank_5
107,0.15,1.5566666666666666,0.88,0.5103333333333334,0.5103333333333334,0.7081291518031402,3.211991434689508,1.2184624851364736,19.26598627033951,0.5103333333333334,0.5446452636875331,3.211991434689508,1.0549785970208665,19.71679716040366,-0.1634838881156071,0.1634838881156071,-0.1634838881156071,0.1634838881156071,0.450810890064151,0.450810890064151,0.0340992862614736,0.02085797464938179,0.9273151061822382,True,FULL,FULL_exp_log_rank_5
108,0.24,2.175,5.1,3.69825,3.69825,2.8769666070220197,2.298850574712644,6.5752166070220195,13.53664985652516,3.69825,3.032517516453918,2.298850574712644,6.730767516453918,12.763255449176883,0.15555090943189853,0.15555090943189853,0.15555090943189853,0.15555090943189853,-0.7733944073482775,0.7733944073482775,0.02387380500244963,0.0153188450888894,0.9985111260410671,True,FULL,FULL_exp_log_rank_5
109,0.47,3.8575,14.84,13.285,13.285,3.275885261750222,1.2961762799740766,16.560885261750222,9.133208341560495,13.285,4.708523997727514,1.2961762799740766,17.993523997727515,8.028570599044299,1.4326387359772923,1.4326387359772923,1.4326387359772923,1.4326387359772923,-1.1046377425161964,1.1046377425161964,0.232574401196976,0.14694779465425253,0.9808853996602969,True,FULL,FULL_exp_log_rank_5
110,0.15,2.1675,1.23,0.6225,0.6225,0.9619833022068238,2.306805074971165,1.584483302206824,20.507804388385548,0.6225,0.3540525321585434,2.306805074971165,0.9765525321585434,24.941942270919046,-0.6079307700482804,0.6079307700482804,-0.6079307700482807,0.6079307700482807,4.4341378825334985,4.4341378825334985,0.1371455001223021,0.08203703734420242,0.46532945218621125,True,FULL,FULL_exp_log_rank_5
111,0.25,2.165,6.22,4.547499999999999,4.547499999999999,3.553532108811563,2.3094688221709005,8.101032108811562,12.896286747191096,4.547499999999999,6.940710703857869,2.3094688221709005,11.488210703857868,10.309223086328524,3.387178595046306,3.387178595046306,3.387178595046306,3.387178595046306,-2.5870636608625723,2.5870636608625723,0.557597347080387,0.3575248484930207,0.4588441735279949,True,FULL,FULL_exp_log_rank_5
112,0.46,4.1075,18.37,16.2525,16.2525,4.204330792736471,1.217285453438831,20.456830792736472,9.296747223836368,16.2525,6.784984363693372,1.217285453438831,23.037484363693373,7.955715780502252,2.580653570956901,2.580653570956901,2.580653570956901,2.580653570956901,-1.3410314433341162,1.3410314433341162,0.44875795575745253,0.2786773810410316,0.9513357784127443,True,FULL,FULL_exp_log_rank_5
113,0.21,1.5599999999999998,0.72,0.5333333333333333,0.5333333333333333,0.4530839141628877,3.2051282051282053,0.9864172474962212,14.758619332850811,0.5333333333333333,0.5251832894937066,3.2051282051282053,1.05851662282704,13.32939573200511,0.07209937533081895,0.07209937533081895,0.07209937533081878,0.07209937533081878,-1.4292236008457007,1.4292236008457007,0.008551253161005903,0.005765438583319892,0.99104876189967,True,FULL,FULL_exp_log_rank_5
114,0.46,2.215,4.54,3.755,3.755,3.0550946555112306,2.2573363431151243,6.8100946555112305,6.812602552841997,3.755,2.9958120716177143,2.2573363431151243,6.750812071617714,6.230711225974417,-0.05928258389351626,0.05928258389351626,-0.05928258389351626,0.05928258389351626,-0.5818913268675798,0.5818913268675798,0.07938536606121346,0.03925377916541716,0.9835042457765013,True,FULL,FULL_exp_log_rank_5
115,3.02,4.84,14.29,13.226666666666668,13.226666666666668,67.62238227774218,1.0330578512396695,80.84904894440885,1.2379494369579531,13.226666666666668,30.669040863042746,1.0330578512396695,43.89570752970941,1.2019182766425642,-36.95334141469943,36.95334141469943,-36.95334141469944,36.95334141469944,-0.03603116031538889,0.03603116031538889,1.5077175894902635,1.1330660716171468,0.68494642572102,True,FULL,FULL_exp_log_rank_5
116,0.1,1.5533333333333337,1.16,0.5640000000000001,0.5640000000000001,0.912890584776652,3.218884120171673,1.476890584776652,31.1344826944979,0.5640000000000001,0.5959753077586936,3.218884120171673,1.1599753077586936,33.21943523539331,-0.3169152770179584,0.3169152770179584,-0.3169152770179584,0.3169152770179584,2.0849525408954115,2.0849525408954115,0.07340292300016985,0.04361845269871325,0.8346333943292417,True,FULL,FULL_exp_log_rank_5
117,0.28,2.16,4.98,3.80875,3.80875,2.7207253448886286,2.314814814814815,6.5294753448886285,11.627647012732409,3.80875,3.049506651045818,2.314814814814815,6.858256651045818,10.665318210523951,0.3287813061571896,0.3287813061571896,0.3287813061571896,0.3287813061571896,-0.9623288022084573,0.9623288022084573,0.04176866721687434,0.02800426227977155,0.9952474286049084,True,FULL,FULL_exp_log_rank_5
118,0.84,3.88,14.83,12.9825,12.9825,7.331910697776193,1.288659793814433,20.314410697776193,4.123242699657944,12.9825,11.550136605000608,1.288659793814433,24.532636605000608,3.307632347338437,4.218225907224415,4.218225907224415,4.218225907224415,4.218225907224415,-0.8156103523195073,0.8156103523195073,0.29612323434982507,0.21787162402020258,0.9788737788475104,True,FULL,FULL_exp_log_rank_5
119,0.05,1.5533333333333337,1.06,0.4603333333333333,0.4603333333333333,0.7347138188950575,3.218884120171673,1.1950471522283908,76.69251608229672,0.4603333333333333,0.523461063086762,3.218884120171673,0.9837943964200954,80.1303744062909,-0.2112527558082955,0.2112527558082955,-0.2112527558082954,0.2112527558082954,3.4378583239941776,3.4378583239941776,0.05506741766042005,0.03151988352272417,0.8894083346185067,True,FULL,FULL_exp_log_rank_5
120,0.24,2.1675,5.34,3.634,3.634,3.551284821064535,2.306805074971165,7.185284821064535,12.76758648025316,3.634,3.983130722325956,2.306805074971165,7.617130722325956,11.814171436401317,0.4318459012614211,0.4318459012614211,0.4318459012614211,0.4318459012614211,-0.9534150438518427,0.9534150438518427,0.06229148084767186,0.04017607669950847,0.9917003988783902,True,FULL,FULL_exp_log_rank_5
121,0.58,3.8475,15.72,12.52,12.52,8.509190021060213,1.299545159194282,21.029190021060213,5.626700720273117,12.52,12.9404832463396,1.299545159194282,25.4604832463396,4.672863580848413,4.431293225279386,4.431293225279386,4.431293225279386,4.431293225279386,-0.9538371394247038,0.9538371394247038,0.5315697434567195,0.35297616851964414,0.9260309576546595,True,FULL,FULL_exp_log_rank_5
122,0.16,1.7866666666666664,1.46,0.5153333333333333,0.5153333333333333,1.791622665699797,2.7985074626865676,2.3069559990331303,15.27471027903135,0.5153333333333333,0.8348766333883008,2.7985074626865676,1.350209966721634,17.124466294783296,-0.9567460323114961,0.9567460323114961,-0.9567460323114962,0.9567460323114962,1.8497560157519466,1.8497560157519466,0.19311957689626613,0.1190898424689181,0.5620297791491464,True,FULL,FULL_exp_log_rank_5
123,0.34,2.19,5.86,3.70375,3.70375,6.4076526447249105,2.2831050228310503,10.11140264472491,7.4904783908875965,3.70375,7.148551525105372,2.2831050228310503,10.852301525105371,6.659506179750209,0.7408988803804615,0.7408988803804615,0.7408988803804615,0.7408988803804615,-0.8309722111373876,0.8309722111373876,0.06664360020407067,0.045448256559591546,0.9940709633727457,True,FULL,FULL_exp_log_rank_5
124,0.72,3.9025,15.23,13.1975,13.1975,6.547895084347095,1.2812299807815504,19.745395084347095,4.922489465268678,13.1975,10.03530025254493,1.2812299807815504,23.23280025254493,4.0433135805331,3.487405168197835,3.487405168197835,3.487405168197835,3.487405168197835,-0.8791758847355782,0.8791758847355782,0.32817912979608993,0.22906387928445704,0.9725058445175296,True,FULL,FULL_exp_log_rank_5
125,0.13,1.5766666666666669,0.83,0.5316666666666667,0.5316666666666667,0.5110542316499418,3.1712473572938684,1.0427208983166083,25.070549134255213,0.5316666666666667,0.4391930814516684,3.1712473572938684,0.9708597481183352,25.224619328182285,-0.07186115019827338,0.07186115019827338,-0.0718611501982731,0.0718611501982731,0.15407019392707255,0.15407019392707255,0.01637015936120401,0.009779325493977835,0.9761235952128173,True,FULL,FULL_exp_log_rank_5
126,0.33,2.195,4.91,4.2615,4.2615,1.6629195649406574,2.277904328018223,5.924419564940657,11.444353107108954,4.2615,2.5023432756918904,2.277904328018223,6.76384327569189,9.67328558166944,0.839423710751233,0.839423710751233,0.839423710751233,0.839423710751233,-1.7710675254395145,1.7710675254395145,0.10815043973563893,0.07110785862996859,0.9670206482025853,True,FULL,FULL_exp_log_rank_5
127,2.99,4.513333333333333,16.39,14.923333333333332,14.923333333333332,140.10135047238424,1.1078286558345645,155.0246838057176,1.2549920885699382,14.923333333333332,65.01289531980386,1.1078286558345645,79.93622865313719,1.2050827948346676,-75.08845515258038,75.08845515258038,-75.0884551525804,75.0884551525804,-0.04990929373527053,0.04990929373527053,2.348780093737459,1.7403553952648565,0.40289607664049687,True,FULL,FULL_exp_log_rank_5
128,0.22,1.5666666666666669,1.38,0.6789999999999999,0.6789999999999999,1.9691572578488556,3.191489361702127,2.6481572578488555,10.298464829923804,0.6789999999999999,1.003686930509391,3.191489361702127,1.682686930509391,11.278347370957627,-0.9654703273394647,0.9654703273394647,-0.9654703273394645,0.9654703273394645,0.9798825410338239,0.9798825410338239,0.1499675413352454,0.09798910423390267,0.6227761208902158,True,FULL,FULL_exp_log_rank_5
129,0.39,2.18,6.11,4.593,4.593,5.057943521426855,2.293577981651376,9.650943521426855,7.34235077378404,4.593,8.446684773878712,2.293577981651376,13.039684773878712,5.774511079323843,3.3887412524518563,3.3887412524518563,3.3887412524518563,3.3887412524518563,-1.567839694460197,1.567839694460197,0.27934316379557556,0.19586966805925674,0.8850468063594822,True,FULL,FULL_exp_log_rank_5
130,2.78,4.13,17.18,15.5675,15.5675,173.2142161184181,1.2106537530266344,188.7817161184181,1.354578535378103,15.5675,110.96087703785663,1.2106537530266344,126.52837703785664,1.2770998687157904,-62.253339080561474,62.253339080561474,-62.25333908056146,62.25333908056146,-0.07747866666231262,0.07747866666231262,2.674056800686691,1.969183897611916,0.2957756328565726,True,FULL,FULL_exp_log_rank_5
131,0.3,1.57,0.69,0.4403333333333333,0.4403333333333333,0.989606450202688,3.184713375796178,1.4299397835360212,7.9675990689291964,0.4403333333333333,0.7828180558689666,3.184713375796178,1.2231513892022998,7.549312985373987,-0.20678839433372143,0.20678839433372143,-0.20678839433372143,0.20678839433372143,-0.41828608355520913,0.41828608355520913,0.03745120822608319,0.023867549958167103,0.8760865859841667,True,FULL,FULL_exp_log_rank_5
132,0.38,2.2025,4.61,3.49275,3.49275,3.5417527605950667,2.270147559591374,7.034502760595067,7.697329513236288,3.49275,2.8560610512193625,2.270147559591374,6.3488110512193625,7.526481807488803,-0.6856917093757042,0.6856917093757042,-0.6856917093757042,0.6856917093757042,-0.17084770574748465,0.17084770574748465,0.13315588465993441,0.08299871336893229,0.9526968321752091,True,FULL,FULL_exp_log_rank_5
133,0.58,3.89,14.25,12.71,12.71,3.870375185655917,1.2853470437017995,16.580375185655917,6.937928600833182,12.71,4.570738142079666,1.2853470437017995,17.280738142079667,6.325948861417699,0.7003629564237488,0.7003629564237488,0.7003629564237492,0.7003629564237492,-0.6119797394154824,0.6119797394154824,0.09750866187155807,0.06405251347580418,0.9967881905399203,True,FULL,FULL_exp_log_rank_5
134,0.29,1.5933333333333335,0.81,0.6846666666666668,0.6846666666666668,0.4027161872827163,3.1380753138075312,1.087382853949383,11.679447292728767,0.6846666666666668,0.5984962878958457,3.1380753138075312,1.2831629545625125,9.636866230491831,0.19578010061312945,0.19578010061312945,0.19578010061312945,0.19578010061312945,-2.042581062236936,2.042581062236936,0.017913941096354077,0.012530171822080277,0.9709343030141795,True,FULL,FULL_exp_log_rank_5
135,0.42,2.1925,4.74,4.255,4.255,1.6007301765706998,2.280501710376283,5.8557301765707,9.079561652406012,4.255,2.8800007867884228,2.280501710376283,7.135000786788423,7.1669436735541305,1.279270610217723,1.279270610217723,1.279270610217723,1.279270610217723,-1.9126179788518813,1.9126179788518813,0.12303254107580816,0.08535743808691176,0.9610986134189944,True,FULL,FULL_exp_log_rank_5
136,2.48,4.18,15.4,14.19,14.19,62.34454554337887,1.1961722488038278,76.53454554337887,1.469660738779334,14.19,56.43379080073024,1.1961722488038278,70.62379080073023,1.329107810615867,-5.910754742648628,5.910754742648628,-5.910754742648635,5.910754742648635,-0.14055292816346698,0.14055292816346698,1.536282008812427,1.1298498404474184,0.7122844649612605,True,FULL,FULL_exp_log_rank_5
137,1.18,1.85,0.63,0.575,0.575,4.239497230710774,2.702702702702702,4.814497230710774,3.1309195303367727,0.575,3.5432675963163103,2.702702702702702,4.1182675963163105,2.885653996746489,-0.6962296343944638,0.6962296343944638,-0.6962296343944638,0.6962296343944638,-0.2452655335902838,0.2452655335902838,0.0821670162478637,0.06122097721573086,0.5116599960458477,True,FULL,FULL_exp_log_rank_5
138,0.99,2.6033333333333335,4.93,4.496666666666667,4.496666666666667,4.9592094785200045,1.9206145966709345,9.455876145186672,3.460965956174455,4.496666666666667,5.308039618777259,1.9206145966709345,9.804706285443926,2.986301983662619,0.34883014025725423,0.34883014025725423,0.34883014025725423,0.34883014025725423,-0.474663972511836,0.474663972511836,0.1881426572057209,0.11237621328429145,0.947762299633828,True,FULL,FULL_exp_log_rank_5
139,1.92,4.2125,17.14,16.56,16.56,9.158812659704571,1.1869436201780414,25.71881265970457,2.22655990128023,16.56,35.377310541391495,1.1869436201780414,51.9373105413915,1.5135172628232194,26.218497881686922,26.218497881686922,26.218497881686925,26.218497881686925,-0.7130426384570105,0.7130426384570105,0.5338926319793716,0.3424997755475052,0.969701970209746,True,FULL,FULL_exp_log_rank_5
140,0.42,1.7400000000000002,0.83,0.4525,0.4525,2.5886372580129136,2.8735632183908044,3.0411372580129137,4.84879553279124,0.4525,1.033008850800997,2.8735632183908044,1.485508850800997,5.108326918577892,-1.5556284072119166,1.5556284072119166,-1.5556284072119166,1.5556284072119166,0.25953138578665147,0.25953138578665147,0.13001378737748315,0.09278999440342625,0.27103687599757265,True,FULL,FULL_exp_log_rank_5
141,1.23,2.5733333333333337,4.22,4.026666666666666,4.026666666666666,3.714553371745124,1.94300518134715,7.74122003841179,3.22230726876678,4.026666666666666,6.381096941294827,1.94300518134715,10.407763607961494,2.5672385000548865,2.6665435695497033,2.6665435695497033,2.6665435695497033,2.6665435695497033,-0.6550687687118937,0.6550687687118937,0.15588726374126533,0.09088562641276615,0.9583216828281693,True,FULL,FULL_exp_log_rank_5
142,1.79,4.84,15.01,14.9025,14.9025,0.8901040923931092,1.0330578512396695,15.792604092393107,3.4546415460563873,14.9025,3.454261462369818,1.0330578512396695,18.356761462369818,2.4482830419577843,2.5641573699767086,2.5641573699767086,2.5641573699767104,2.5641573699767104,-1.006358504098603,1.006358504098603,0.3795170226051807,0.20025479379608704,0.9745856787594984,True,FULL,FULL_exp_log_rank_5
143,0.33,1.5733333333333333,0.58,0.4766666666666666,0.4766666666666666,0.4098600862261488,3.1779661016949152,0.8865267528928155,9.368454028225154,0.4766666666666666,0.7174041178667576,3.1779661016949152,1.1940707845334242,7.20027579766606,0.30754403164060884,0.30754403164060884,0.30754403164060873,0.30754403164060873,-2.1681782305590938,2.1681782305590938,0.019429887623452484,0.014196065359266041,0.9400139214888501,True,FULL,FULL_exp_log_rank_5
144,0.43,2.1725,4.53,3.8975,3.8975,2.2412867147074325,2.3014959723820483,6.138786714707432,7.955893974394428,3.8975,2.878275958910618,2.3014959723820483,6.775775958910618,6.818255921977216,0.6369892442031855,0.6369892442031855,0.6369892442031855,0.6369892442031855,-1.1376380524172118,1.1376380524172118,0.05533446323369501,0.03904202281105275,0.9915924616795365,True,FULL,FULL_exp_log_rank_5
145,3.33,4.496666666666667,14.77,14.159999999999998,14.159999999999998,71.68575820940592,1.111934766493699,85.84575820940591,1.2931877819034847,14.159999999999998,68.85329728087532,1.111934766493699,83.01329728087532,1.1879578620185436,-2.832460928530594,2.832460928530594,-2.832460928530594,2.832460928530594,-0.10522991988494113,0.10522991988494113,1.2950407965102397,0.8956437425726526,0.769647695562548,True,FULL,FULL_exp_log_rank_5
146,0.13,1.5599999999999998,0.68,0.5633333333333334,0.5633333333333334,0.1951982739754749,3.2051282051282053,0.7585316073088083,31.88575510060682,0.5633333333333334,0.3203409649369914,3.2051282051282053,0.8836742982703247,27.56194875975222,0.12514269096151648,0.12514269096151648,0.12514269096151642,0.12514269096151642,-4.323806340854599,4.323806340854599,0.02571278733289438,0.015588892248530828,0.869842633596362,True,FULL,FULL_exp_log_rank_5
147,1.84,3.1775,4.39,3.69,3.69,48.191526905344915,1.5735641227380015,51.88152690534491,1.779339325853626,3.69,7.708107202018887,1.5735641227380015,11.398107202018886,1.884020334285355,-40.48341970332603,40.48341970332603,-40.48341970332603,40.48341970332603,0.1046810084317289,0.1046810084317289,0.8399696422834034,0.645809558891052,-0.026000127605141365,True,FULL,FULL_exp_log_rank_5
148,2.23,4.3774999999999995,15.49,14.875,14.875,14.10295307840756,1.142204454597373,28.97795307840756,1.8301286904573817,14.875,29.473104141822457,1.142204454597373,44.34810414182245,1.4244564906297337,15.370151063414896,15.370151063414896,15.370151063414895,15.370151063414895,-0.405672199827648,0.405672199827648,0.6020290461452326,0.35554042917327544,0.9555779319910738,True,FULL,FULL_exp_log_rank_5
149,0.18,1.5599999999999998,0.96,0.5433333333333333,0.5433333333333333,0.9264981470545324,3.2051282051282053,1.4698314803878656,14.731251978605432,0.5433333333333333,0.6348567113462488,3.2051282051282053,1.178190044679582,15.337997844446551,-0.2916414357082836,0.2916414357082836,-0.2916414357082835,0.2916414357082835,0.6067458658411198,0.6067458658411198,0.05484962526631718,0.03440893866387944,0.8588453381299265,True,FULL,FULL_exp_log_rank_5
150,0.4,2.175,5.29,4.25,4.25,3.4798658017251105,2.298850574712644,7.7298658017251105,7.755705088302538,4.25,4.918101475658796,2.298850574712644,9.168101475658796,6.425553533525581,1.4382356739336855,1.4382356739336855,1.4382356739336855,1.4382356739336855,-1.3301515547769567,1.3301515547769567,0.11542720677490746,0.0824035800618133,0.9726192505405458,True,FULL,FULL_exp_log_rank_5
151,0.99,3.6125,15.85,14.965,14.965,4.712295648967803,1.384083044982699,19.677295648967803,4.185634509215309,14.965,30.1461097074906,1.384083044982699,45.1111097074906,2.3075300206501357,25.433814058522795,25.433814058522795,25.433814058522795,25.433814058522795,-1.8781044885651736,1.8781044885651736,1.1066524245346963,0.836938639893561,0.7841238658232595,True,FULL,FULL_exp_log_rank_5
152,1.16,1.9,0.64,0.54,0.54,8.918859589233094,2.6315789473684212,9.458859589233091,2.9158636476035604,0.54,3.248819194704657,2.6315789473684212,3.788819194704657,2.825395418484007,-5.670040394528437,5.670040394528437,-5.670040394528434,5.670040394528434,-0.09046822911955354,0.09046822911955354,0.1355224915242325,0.10381346074592578,-0.19283990028938414,True,FULL,FULL_exp_log_rank_5
153,1.3,2.566666666666667,4.2,3.9333333333333336,3.9333333333333336,6.732843008196392,1.948051948051948,10.666176341529724,2.832743127876559,3.9333333333333336,7.431147136314133,1.948051948051948,11.364480469647466,2.451724464672554,0.6983041281177407,0.6983041281177407,0.6983041281177425,0.6983041281177425,-0.3810186632040051,0.3810186632040051,0.23380705395005522,0.15754555534956843,0.9063133760601301,True,FULL,FULL_exp_log_rank_5
154,5.1,31.453947067343865,14.28,13.490170336848536,13.490170336848536,2.087839211051561,0.1589625616554528,15.578009547900097,0.9263059984631752,13.490170336848536,3.192378091284734,0.1589625616554528,16.68254842813327,0.8000647070466153,1.1045388802331733,1.1045388802331733,1.1045388802331733,1.1045388802331733,-0.12624129141655993,0.12624129141655993,0.15587416005399504,0.10248855228438984,0.9922658547649045,True,FULL,FULL_exp_log_rank_5
155,0.56,1.5599999999999998,0.58,0.4766666666666666,0.4766666666666666,1.2430840918042927,3.2051282051282053,1.7197507584709593,5.0236277196711585,0.4766666666666666,1.384783404621177,3.2051282051282053,1.8614500712878437,4.227940716749145,0.14169931281688442,0.14169931281688442,0.14169931281688442,0.14169931281688442,-0.7956870029220138,0.7956870029220138,0.04206772275435024,0.027253525051351143,0.7996898683727823,True,FULL,FULL_exp_log_rank_5
156,0.67,2.1775,4.06,3.745,3.745,2.1627193549790276,2.296211251435132,5.907719354979028,5.4890381882934465,3.745,3.903361200781245,2.296211251435132,7.6483612007812445,4.20217367744316,1.7406418458022173,1.7406418458022173,1.7406418458022168,1.7406418458022168,-1.286864510850286,1.286864510850286,0.08280411667361598,0.057541858664274095,0.9829871062743698,True,FULL,FULL_exp_log_rank_5
157,1.32,3.9,14.36,13.5925,13.5925,6.126023681195667,1.2820512820512822,19.718523681195663,3.032176279008363,13.5925,18.088217053650062,1.2820512820512822,31.680717053650064,2.069333684006264,11.962193372454395,11.962193372454395,11.9621933724544,11.9621933724544,-0.9628425950020989,0.9628425950020989,0.38130507548201154,0.29457174522012014,0.9731939847194333,True,FULL,FULL_exp_log_rank_5
158,0.17,1.6233333333333333,1.0,0.5720000000000001,0.5720000000000001,0.8749487231528226,3.080082135523614,1.4469487231528226,16.31818533574024,0.5720000000000001,0.5699590622355049,3.080082135523614,1.141959062235505,17.329401644342383,-0.3049896609173177,0.3049896609173177,-0.3049896609173177,0.3049896609173177,1.011216308602144,1.011216308602144,0.05964572457806141,0.03705985351231479,0.8371571838161825,True,FULL,FULL_exp_log_rank_5
159,0.32,2.1825,5.06,4.11975,4.11975,2.410582651104151,2.290950744558992,6.530332651104151,10.626543938716322,4.11975,3.163462969238733,2.290950744558992,7.283212969238733,9.262576061977718,0.752880318134582,0.752880318134582,0.752880318134582,0.752880318134582,-1.363967876738604,1.363967876738604,0.0913203736417296,0.060799015741875045,0.9781830376285663,True,FULL,FULL_exp_log_rank_5
160,1.07,3.895,14.3,13.0025,13.0025,7.31537030166651,1.2836970474967908,20.31787030166651,3.3651116062820727,13.0025,13.140052060096382,1.2836970474967908,26.14255206009638,2.578388299136296,5.824681758429872,5.824681758429872,5.824681758429872,5.824681758429872,-0.7867233071457767,0.7867233071457767,0.287219764112837,0.21516199228289376,0.9820549760212264,True,FULL,FULL_exp_log_rank_5
161,0.1,1.5666666666666669,0.85,0.5843333333333334,0.5843333333333334,0.3978559436075378,3.191489361702127,0.9821892769408712,37.33548887229885,0.5843333333333334,0.3493707038562196,3.191489361702127,0.933704037189553,37.71833532248892,-0.04848523975131819,0.04848523975131819,-0.04848523975131824,0.04848523975131824,0.38284645019006547,0.38284645019006547,0.011673979236187775,0.006859584535976024,0.985724882703118,True,FULL,FULL_exp_log_rank_5
162,0.24,2.175,6.09,4.409,4.409,3.4511384121172206,2.298850574712644,7.86013841211722,13.515323404054092,4.409,6.120212220490621,2.298850574712644,10.52921222049062,11.13210302842202,2.6690738083734002,2.6690738083734002,2.6690738083734002,2.6690738083734002,-2.3832203756320727,2.3832203756320727,0.4545250074819201,0.2892339104453714,0.6224951963107959,True,FULL,FULL_exp_log_rank_5
163,0.5,3.8625,16.89,15.2325,15.2325,3.655467066441505,1.2944983818770228,18.887967066441504,8.601598077321363,15.2325,10.352559203496766,1.2944983818770228,25.585059203496765,6.25435865435064,6.697092137055261,6.697092137055261,6.697092137055261,6.697092137055261,-2.3472394229707225,2.3472394229707225,1.0621939392338722,0.6738344228493248,0.7030956581582019,True,FULL,FULL_exp_log_rank_5
164,0.07,1.5566666666666666,0.85,0.5843333333333334,0.5843333333333334,0.3510048045966245,3.211991434689508,0.935338137929958,59.36701870371923,0.5843333333333334,0.301167913328207,3.211991434689508,0.8855012466615404,60.57624209899327,-0.04983689126841745,0.04983689126841745,-0.049836891268417616,0.049836891268417616,1.2092233952740372,1.2092233952740372,0.012561693383140457,0.007272417346505955,0.982245629735748,True,FULL,FULL_exp_log_rank_5
165,0.23,2.1675,5.85,4.43275,4.43275,2.80147060168731,2.306805074971165,7.23422060168731,14.978792929839672,4.43275,4.94472866598805,2.306805074971165,9.37747866598805,12.402590944004135,2.14325806430074,2.14325806430074,2.14325806430074,2.14325806430074,-2.576201985835537,2.576201985835537,0.3793476592679796,0.23898719626328124,0.6892242728081818,True,FULL,FULL_exp_log_rank_5
166,0.75,3.8625,16.87,15.795,15.795,3.4935563581594646,1.2944983818770228,19.288556358159465,5.80409010742513,15.795,14.791213705714016,1.2944983818770228,30.586213705714016,3.6426300071932034,11.297657347554551,11.297657347554551,11.297657347554551,11.297657347554551,-2.1614601002319263,2.1614601002319263,1.134269204926766,0.7742286420277421,0.7419082934749578,True,FULL,FULL_exp_log_rank_5
167,0.17,1.5599999999999998,0.8,0.5579999999999999,0.5579999999999999,0.4953159279041487,3.2051282051282053,1.0533159279041486,18.51576110820791,0.5579999999999999,0.4779240401851098,3.2051282051282053,1.0359240401851098,17.860706699678616,-0.01739188771903888,0.01739188771903888,-0.01739188771903888,0.01739188771903888,-0.6550544085292955,0.6550544085292955,0.006399664141254284,0.003299175379450997,0.9958980732419849,True,FULL,FULL_exp_log_rank_5
168,1.11,2.563333333333333,4.61,4.293333333333333,4.293333333333333,4.918051194692046,1.950585175552666,9.21138452802538,3.258019017990617,4.293333333333333,6.263627096051973,1.950585175552666,10.556960429385306,2.720643834803878,1.3455759013599273,1.3455759013599273,1.3455759013599256,1.3455759013599256,-0.537375183186739,0.537375183186739,0.18834205106503338,0.11305371118488519,0.9452003449951304,True,FULL,FULL_exp_log_rank_5
169,3.93,4.553333333333334,16.61,16.513333333333332,16.513333333333332,14.198414912137522,1.0980966325036603,30.711748245470854,1.4757256498343354,16.513333333333332,130.86712530381143,1.0980966325036603,147.38045863714476,1.1372489791593323,116.66871039167391,116.66871039167391,116.6687103916739,116.6687103916739,-0.3384766706750031,0.3384766706750031,0.5714395709717704,0.3217623591323829,0.9652707581203486,True,FULL,FULL_exp_log_rank_5
170,0.19,1.5533333333333337,0.76,0.5436666666666666,0.5436666666666666,0.4848535368761771,3.218884120171673,1.0285202035428438,16.275028887164293,0.5436666666666666,0.5075839388033551,3.218884120171673,1.0512506054700217,15.231560919108995,0.022730401927177957,0.022730401927177957,0.0227304019271779,0.0227304019271779,-1.0434679680552978,1.0434679680552978,0.003917717809287609,0.002288376473850844,0.9983184137833512,True,FULL,FULL_exp_log_rank_5
171,0.32,2.17,4.74,4.0465,4.0465,1.7565900119017304,2.3041474654377883,5.80309001190173,11.4900793995,4.0465,2.335998200794772,2.3041474654377883,6.382498200794772,10.046867644757231,0.5794081888930416,0.5794081888930416,0.5794081888930416,0.5794081888930416,-1.4432117547427694,1.4432117547427694,0.07339872710073145,0.04872925491395974,0.9835753449128455,True,FULL,FULL_exp_log_rank_5
172,1.88,4.13,15.76,14.8875,14.8875,14.997831291761866,1.2106537530266344,29.885331291761865,2.0220034481788933,14.8875,32.57472228132997,1.2106537530266344,47.46222228132997,1.5382511656372202,17.576890989568103,17.576890989568103,17.576890989568106,17.576890989568106,-0.48375228254167313,0.48375228254167313,0.6009541093028326,0.34886082967879617,0.954060147828992,True,FULL,FULL_exp_log_rank_5
173,0.23,1.5666666666666669,0.81,0.5826666666666666,0.5826666666666666,0.6080845262035995,3.191489361702127,1.190751192870266,12.675105003139644,0.5826666666666666,0.5828887912098605,3.191489361702127,1.165555457876527,11.941405740302928,-0.02519573499373906,0.02519573499373906,-0.02519573499373906,0.02519573499373906,-0.7336992628367156,0.7336992628367156,0.011309273730110722,0.005816875358909741,0.9886783773553854,True,FULL,FULL_exp_log_rank_5
174,0.27,2.18,5.18,4.452999999999999,4.452999999999999,1.5717255574854088,2.293577981651376,6.024725557485408,14.53141002624948,4.452999999999999,2.6916488122628586,2.293577981651376,7.144648812262858,12.05495852631251,1.1199232547774498,1.1199232547774498,1.1199232547774498,1.1199232547774498,-2.476451499936971,2.476451499936971,0.17902752056339186,0.11320270273814023,0.9087091508527988,True,FULL,FULL_exp_log_rank_5
175,1.85,4.1125,17.29,16.4125,16.4125,14.29966321375646,1.21580547112462,30.71216321375646,2.100213453400296,16.4125,41.78714672879862,1.21580547112462,58.19964672879862,1.5131414920403892,27.487483515042157,27.487483515042157,27.487483515042157,27.487483515042157,-0.5870719613599069,0.5870719613599069,0.6077169705820449,0.364157299115938,0.9608528060978588,True,FULL,FULL_exp_log_rank_5
176,0.65,1.5766666666666669,0.57,0.478,0.478,1.612273609680621,3.1712473572938684,2.090273609680621,4.48569879514461,0.478,1.6741833345903967,3.1712473572938684,2.1521833345903967,3.860026381728088,0.061909724909775754,0.061909724909775754,0.061909724909775754,0.061909724909775754,-0.6256724134165217,0.6256724134165217,0.052246883613492945,0.036087591898566515,0.703450715919685,True,FULL,FULL_exp_log_rank_5
177,1.47,2.6333333333333333,3.8,3.616,3.616,6.14964024424423,1.89873417721519,9.76564024424423,2.66832825839853,3.616,7.444941859523784,1.89873417721519,11.060941859523783,2.2978224555715805,1.2953016152795538,1.2953016152795538,1.2953016152795538,1.2953016152795538,-0.37050580282694945,0.37050580282694945,0.20804450378974568,0.14158506477180852,0.914598959580225,True,FULL,FULL_exp_log_rank_5
178,2.12,4.1575,13.69,12.965,12.965,17.833183532648366,1.2026458208057729,30.79818353264837,1.8070468059221405,12.965,28.0113915875398,1.2026458208057729,40.9763915875398,1.4799391153095915,10.178208054891435,10.178208054891435,10.178208054891432,10.178208054891432,-0.32710769061254896,0.32710769061254896,0.659812866571163,0.4171396428081651,0.9308186815757512,True,FULL,FULL_exp_log_rank_5
179,0.48,1.5666666666666669,0.88,0.6386666666666666,0.6386666666666666,2.2710172374402005,3.191489361702127,2.909683904106867,5.11752583659357,0.6386666666666666,1.337216526840657,3.191489361702127,1.9758831935073236,4.896692603841533,-0.9338007105995434,0.9338007105995434,-0.9338007105995434,0.9338007105995434,-0.22083323275203703,0.22083323275203703,0.091252961733739,0.06415704707965718,0.5857518978137011,True,FULL,FULL_exp_log_rank_5
180,0.52,2.9225,5.54,4.727,4.727,2.527730037291942,1.710863986313088,7.254730037291942,6.676100463922199,4.727,0.3966811838433601,1.710863986313088,5.1236811838433605,10.032681155574966,-2.131048853448582,2.131048853448582,-2.131048853448582,2.131048853448582,3.356580691652767,3.356580691652767,0.2855280805340024,0.18615925635590677,0.8392703177734687,True,FULL,FULL_exp_log_rank_5
181,0.9,3.925,17.84,14.94,14.94,13.029435602700998,1.2738853503184715,27.969435602700997,3.4621547532157915,14.94,26.55153971043238,1.2738853503184715,41.49153971043238,2.534051726696274,13.522104107731382,13.522104107731382,13.52210410773138,13.52210410773138,-0.9281030265195174,0.9281030265195174,0.6943532656625797,0.519663758816314,0.9232265812963156,True,FULL,FULL_exp_log_rank_5
182,0.22,1.49,0.66,0.4575,0.4575,0.5513217275318822,3.3557046979865772,1.0088217275318825,12.75282127395527,0.4575,0.6205107552741038,3.3557046979865772,1.0780107552741038,11.441802624880811,0.06918902774222158,0.06918902774222158,0.06918902774222135,0.06918902774222135,-1.3110186490744589,1.3110186490744589,0.006758714931030107,0.0047295108359361685,0.9942618885442952,True,FULL,FULL_exp_log_rank_5
183,1.93,3.1,4.22,4.0145,4.0145,10.822557992923612,1.6129032258064515,14.837057992923611,2.064879723343122,4.0145,8.707957103408312,1.6129032258064515,12.722457103408312,1.8920523637431303,-2.1146008895153,2.1146008895153,-2.1146008895153,2.1146008895153,-0.17282735959999185,0.17282735959999185,0.29730628221748795,0.21588179662607182,0.8638093631223939,True,FULL,FULL_exp_log_rank_5
184,3.98,4.75,15.12,14.85,14.85,45.661479023586836,1.0526315789473684,60.51147902358684,1.247654255784918,14.85,88.13609645476497,1.0526315789473684,102.98609645476496,1.103646122614124,42.47461743117813,42.47461743117813,42.474617431178125,42.474617431178125,-0.14400813317079386,0.14400813317079386,0.8675529216286983,0.5543597761056246,0.9001834842807451,True,FULL,FULL_exp_log_rank_5
185,0.13,1.5666666666666669,1.09,0.5446666666666667,0.5446666666666667,0.9576325699215577,3.191489361702127,1.5022992365882244,21.905585532286455,0.5446666666666667,0.6185002417687823,3.191489361702127,1.163166908435449,23.362696938221852,-0.3391323281527754,0.3391323281527754,-0.3391323281527754,0.3391323281527754,1.4571114059353967,1.4571114059353967,0.0724891477950872,0.04404091253619455,0.8238596723352057,True,FULL,FULL_exp_log_rank_5
186,0.28,2.1775,5.16,3.81425,3.81425,3.130431077528114,2.296211251435132,6.944681077528114,11.220553160809676,3.81425,3.4792873799489583,2.296211251435132,7.293537379948958,10.299911059203469,0.3488563024208444,0.3488563024208444,0.3488563024208444,0.3488563024208444,-0.920642101606207,0.920642101606207,0.04333308991023706,0.02919899014577524,0.99542826390264,True,FULL,FULL_exp_log_rank_5
187,0.7,3.88,16.09,11.71,11.71,14.993697153202367,1.288659793814433,26.70369715320237,3.931657649182005,11.71,19.239320531511797,1.288659793814433,30.9493205315118,3.3195455972428016,4.24562337830943,4.24562337830943,4.245623378309428,4.245623378309428,-0.6121120519392034,0.6121120519392034,0.2895514463600102,0.213975803444847,0.9829633039672052,True,FULL,FULL_exp_log_rank_5
188,1.1,2.06,0.64,0.593,0.593,1.513280437089641,2.4271844660194173,2.1062804370896413,3.268679989536249,0.593,2.342853004450139,2.4271844660194173,2.935853004450139,2.743750277817745,0.8295725673604981,0.8295725673604981,0.8295725673604979,0.8295725673604979,-0.5249297117185039,0.5249297117185039,0.0466217881758235,0.032177660148134675,0.8412716603947707,True,FULL,FULL_exp_log_rank_5
189,3.11,3.85,4.79,4.4285,4.4285,105.61771145632456,1.2987012987012987,110.04621145632456,1.3813754414682702,4.4285,17.487311930781317,1.2987012987012987,21.915811930781317,1.3940695394066434,-88.13039952554324,88.13039952554324,-88.13039952554324,88.13039952554324,0.012694097938373172,0.012694097938373172,0.9034507707800414,0.6216910216109668,-0.050815936807568685,True,FULL,FULL_exp_log_rank_5
190,2.95,4.833333333333333,17.57,15.660000000000002,15.660000000000002,133.5433516563727,1.0344827586206895,149.2033516563727,1.194201194728314,15.660000000000002,46.37211007954073,1.0344827586206895,62.032110079540736,1.1768073465196935,-87.17124157683196,87.17124157683196,-87.17124157683196,87.17124157683196,-0.017393848208620444,0.017393848208620444,2.5704993895268355,1.9536722090148324,0.38568026505543396,True,FULL,FULL_exp_log_rank_5
191,0.1,1.64,1.15,0.5823333333333333,0.5823333333333333,0.8468851223123651,3.048780487804878,1.4292184556456984,32.276683117014976,0.5823333333333333,0.5121754636946604,3.048780487804878,1.0945087970279936,35.06826715690141,-0.33470965861770474,0.33470965861770474,-0.33470965861770474,0.33470965861770474,2.7915840398864376,2.7915840398864376,0.07855133842751583,0.04649131459428931,0.7919661481898944,True,FULL,FULL_exp_log_rank_5
192,0.26,2.06,5.06,2.78625,2.78625,5.537602820988881,2.4271844660194173,8.323852820988881,9.67711986223781,2.78625,5.297452528810127,2.4271844660194173,8.083702528810127,9.161366775707718,-0.24015029217875394,0.24015029217875394,-0.24015029217875394,0.24015029217875394,-0.5157530865300917,0.5157530865300917,0.08617659514287755,0.046380080509618934,0.9884576366669352,True,FULL,FULL_exp_log_rank_5
193,0.48,3.91,15.79,12.4225,12.4225,7.40432598861948,1.278772378516624,19.82682598861948,7.151633571136485,12.4225,9.70738848391311,1.278772378516624,22.12988848391311,6.326435340381821,2.3030624952936307,2.3030624952936307,2.3030624952936307,2.3030624952936307,-0.8251982307546637,0.8251982307546637,0.34399498879789925,0.2200527788383722,0.9658635180438835,True,FULL,FULL_exp_log_rank_5
194,0.47,1.5599999999999998,0.9,0.6583333333333333,0.6583333333333333,2.1587521490528645,3.2051282051282053,2.8170854823861977,5.267358968714256,0.6583333333333333,1.3199566444544724,3.2051282051282053,1.9782899777878056,5.021189097856524,-0.8387955045983921,0.8387955045983921,-0.8387955045983921,0.8387955045983921,-0.2461698708577318,0.2461698708577318,0.08749550667637952,0.06107981394312897,0.6292624050494682,True,FULL,FULL_exp_log_rank_5
195,0.49,2.1875,5.79,4.2505,4.2505,7.336962282580967,2.2857142857142856,11.587462282580969,5.320972461121309,4.2505,8.674679693194495,2.2857142857142856,12.925179693194496,4.46691504304902,1.3377174106135277,1.3377174106135277,1.3377174106135268,1.3377174106135268,-0.8540574180722897,0.8540574180722897,0.14683915421226973,0.07869378971801322,0.969862709323054,True,FULL,FULL_exp_log_rank_5
196,1.09,3.86,17.51,14.9375,14.9375,16.553387035413166,1.2953367875647668,31.490887035413166,2.8169440230151195,14.9375,35.02213783808175,1.2953367875647668,49.95963783808175,2.036214627379924,18.46875080266858,18.46875080266858,18.46875080266858,18.46875080266858,-0.7807293956351953,0.7807293956351953,0.49050555171615423,0.39251728349540604,0.9653123041506212,True,FULL,FULL_exp_log_rank_5
197,0.14,2.0725,0.99,0.65575,0.65575,0.5146811885872504,2.4125452352231607,1.1704311885872505,25.510159206488257,0.65575,0.227304350358703,2.4125452352231607,0.883054350358703,30.143970115916556,-0.2873768382285474,0.2873768382285474,-0.2873768382285474,0.2873768382285474,4.633810909428298,4.633810909428298,0.065586408915851,0.03904024277614762,0.6947113368645212,True,FULL,FULL_exp_log_rank_5
199,2.66,4.3725000000000005,17.29,16.490000000000002,16.490000000000002,37.39926722177272,1.1435105774728416,53.88926722177272,1.504191322919805,16.490000000000002,62.1461711325293,1.1435105774728416,78.6361711325293,1.2720257189955086,24.74690391075658,24.74690391075658,24.74690391075658,24.74690391075658,-0.2321656039242963,0.2321656039242963,1.1281629958089103,0.7865972361938424,0.8827755281329809,True,FULL,FULL_exp_log_rank_5
200,1.09,1.85,0.51,0.452,0.452,3.5013968656521643,2.702702702702702,3.953396865652164,3.161464776235545,0.452,2.800490005838171,2.702702702702702,3.252490005838171,2.906747648539633,-0.7009068598139931,0.7009068598139931,-0.7009068598139927,0.7009068598139927,-0.2547171276959119,0.2547171276959119,0.07233353232068361,0.0542629245838204,0.412033647152826,True,FULL,FULL_exp_log_rank_5
201,4.54,28.00018033053748,3.73,3.372542584212134,3.372542584212134,0.9705608512144872,0.178570278511632,4.343103435426621,0.8969826858645201,3.372542584212134,7.451944263488182,0.178570278511632,10.824486847700316,0.4774087646510496,6.481383412273694,6.481383412273694,6.481383412273694,6.481383412273694,-0.41957392121347054,0.41957392121347054,0.7685577600844494,0.5203223869971656,-1.7536664634901475,True,FULL,FULL_exp_log_rank_5
202,5.68,6.0,13.66,13.51,13.51,45.684267603740025,0.8333333333333334,59.19426760374002,0.9611956816495174,13.51,74.6762502747001,0.8333333333333334,88.1862502747001,0.8702387636557514,28.99198267096007,28.99198267096007,28.991982670960077,28.991982670960077,-0.09095691799376604,0.09095691799376604,0.707587421644418,0.4318447772080779,0.9143893688937491,True,FULL,FULL_exp_log_rank_5
203,8.16,15.0,0.64,0.4826666666666666,0.4826666666666666,11.163229285157737,0.3333333333333333,11.645895951824402,0.3680224492093827,0.4826666666666666,14.46914135526699,0.3333333333333333,14.951808021933656,0.3396581897899653,3.305912070109253,3.305912070109253,3.3059120701092546,3.3059120701092546,-0.028364259419417392,0.028364259419417392,0.16814560479152368,0.12847436484989955,-0.6592711683567953,True,FULL,FULL_exp_log_rank_5
204,9.63,15.0,1.15,0.9263333333333332,0.9263333333333332,31.67109901569681,0.3333333333333333,32.59743234903014,0.356302565715436,0.9263333333333332,42.42445919242601,0.3333333333333333,43.350792525759346,0.3365841137733423,10.753360176729203,10.753360176729203,10.753360176729203,10.753360176729203,-0.019718451942093707,0.019718451942093707,0.33701438896873004,0.25695311509530905,-0.8474074065115005,True,FULL,FULL_exp_log_rank_5
205,8.17,15.0,1.67,1.391,1.391,14.757831874738754,0.3333333333333333,16.148831874738754,0.3859250855203011,1.391,24.38288837624362,0.3333333333333333,25.77388837624362,0.3439681374908517,9.625056501504867,9.625056501504867,9.625056501504865,9.625056501504865,-0.04195694802944938,0.04195694802944938,0.29412182686883404,0.22060031554370219,0.09055022714826377,True,FULL,FULL_exp_log_rank_5
206,7.68,15.0,2.36,1.9943333333333333,1.9943333333333333,14.016889640854824,0.3333333333333333,16.011222974188158,0.404258783461519,1.9943333333333333,20.92393060338612,0.3333333333333333,22.918263936719455,0.3524480204293559,6.907040962531294,6.907040962531294,6.907040962531298,6.907040962531298,-0.05181076303216309,0.05181076303216309,0.33522453883253095,0.24656283659005915,0.3714418508453272,True,FULL,FULL_exp_log_rank_5
207,12.65,17.5,2.87,2.478,2.478,85.54466261294648,0.2857142857142857,88.02266261294648,0.3027127732951231,2.478,383.1984798731454,0.2857142857142857,385.6764798731454,0.2864184138081825,297.65381726019893,297.65381726019893,297.65381726019893,297.65381726019893,-0.01629435948694058,0.01629435948694058,0.7522212835321168,0.5443135711613722,-0.6273358145166805,True,FULL,FULL_exp_log_rank_5
209,0.55,3.75,0.015,0.014,0.014,0.0024195869070291,1.3333333333333333,0.0164195869070291,8.395940887010124,0.014,0.0644114416118131,1.3333333333333333,0.0784114416118131,3.384739718597936,0.061991854704784,0.061991854704784,0.061991854704783994,0.061991854704783994,-5.011201168412187,5.011201168412187,0.007900668902942491,0.0053197058297686185,-18.232550660698912,True,FULL,FULL_exp_log_rank_5
210,0.73,3.75,0.017,0.0155,0.0155,0.0049950016940742,1.3333333333333333,0.0204950016940742,5.436911505105911,0.0155,0.0475977401515737,1.3333333333333333,0.0630977401515737,2.67148887795624,0.0426027384574995,0.0426027384574995,0.0426027384574995,0.0426027384574995,-2.7654226271496714,2.7654226271496714,0.0035866906233695873,0.0025434739660964057,-1.5381758223517847,True,FULL,FULL_exp_log_rank_5
211,0.73,3.75,0.031,0.0205,0.0205,0.0421170527109933,1.3333333333333333,0.0626170527109933,3.3538139443417307,0.0205,0.1839952098654612,1.3333333333333333,0.2044952098654612,2.1008799728023755,0.1418781571544679,0.1418781571544679,0.14187815715446792,0.14187815715446792,-1.2529339715393553,1.2529339715393553,0.007754573748389655,0.005816729480275573,-1.75458319661894,True,FULL,FULL_exp_log_rank_5
212,0.56,4.25,0.032,0.0305,0.0305,0.0032729190185453,1.1764705882352942,0.0337729190185453,9.217143579218789,0.0305,0.2105546065128647,1.1764705882352942,0.2410546065128647,3.2110220179766507,0.2072816874943194,0.2072816874943194,0.2072816874943194,0.2072816874943194,-6.0061215612421375,6.0061215612421375,0.029375793956314372,0.019455311621418055,-61.6195728815246,True,FULL,FULL_exp_log_rank_5
213,0.61,4.25,0.036,0.032,0.032,0.0097117896904809,1.1764705882352942,0.0417117896904809,6.613265489413038,0.032,0.2278548287831178,1.1764705882352942,0.2598548287831179,2.8320222624913893,0.2181430390926369,0.2181430390926369,0.218143039092637,0.218143039092637,-3.781243226921649,3.781243226921649,0.02742365516197225,0.018556525447522135,-39.79474668241917,True,FULL,FULL_exp_log_rank_5
214,0.8,4.25,0.041,0.0365,0.0365,0.0146135447707714,1.1764705882352942,0.0511135447707714,4.687843076991533,0.0365,0.2233836051738469,1.1764705882352942,0.2598836051738469,2.0748807042034203,0.2087700604030755,0.2087700604030755,0.2087700604030755,0.2087700604030755,-2.612962372788113,2.612962372788113,0.016233632242449805,0.011696019788853611,-8.167695654131208,True,FULL,FULL_exp_log_rank_5
215,0.85,4.25,0.053,0.0412499999999999,0.0412499999999999,0.0449535990108785,1.1764705882352942,0.0862035990108784,3.4008265344224067,0.0412499999999999,0.2936058187739654,1.1764705882352942,0.3348558187739653,1.886941475073036,0.2486522197630869,0.2486522197630869,0.2486522197630869,0.2486522197630869,-1.5138850593493707,1.5138850593493707,0.014761588347645124,0.01096570909044972,-3.126353759503556,True,FULL,FULL_exp_log_rank_5
216,1.18,4.75,0.072,0.06875,0.06875,0.0144953537063408,1.0526315789473684,0.0832453537063408,3.803418428356459,0.06875,0.3289978891179149,1.0526315789473684,0.397747889117915,1.5308483501752634,0.3145025354115741,0.3145025354115741,0.3145025354115742,0.3145025354115742,-2.2725700781811957,2.2725700781811957,0.013504407176403901,0.01010622701797798,-0.6820185550839182,True,FULL,FULL_exp_log_rank_5
217,1.07,4.75,0.082,0.07425,0.07425,0.0316745022212473,1.0526315789473684,0.1059245022212473,3.494012368300583,0.07425,0.3751272151013037,1.0526315789473684,0.4493772151013037,1.630218946896077,0.3434527128800564,0.3434527128800564,0.3434527128800564,0.3434527128800564,-1.863793421404506,1.863793421404506,0.0179887921389794,0.01339687976876438,-1.470996192377,True,FULL,FULL_exp_log_rank_5
218,0.99,4.75,0.091,0.0815,0.0815,0.0350845623553453,1.0526315789473684,0.1165845623553453,3.740061038065954,0.0815,0.4021292637196293,1.0526315789473684,0.4836292637196294,1.7558941863860915,0.367044701364284,0.367044701364284,0.3670447013642841,0.3670447013642841,-1.9841668516798623,1.9841668516798623,0.023604118581044164,0.01730393897920016,-2.658216319491413,True,FULL,FULL_exp_log_rank_5
219,1.33,4.75,0.123,0.109,0.109,0.0845437839006371,1.0526315789473684,0.1935437839006371,2.512415047002486,0.109,0.521069983870723,1.0526315789473684,0.630069983870723,1.4211342715001898,0.4365261999700859,0.4365261999700859,0.4365261999700859,0.4365261999700859,-1.0912807755022964,1.0912807755022964,0.010557276634870846,0.008250634596707405,0.6743165888893472,True,FULL,FULL_exp_log_rank_5
220,0.57,3.0,0.057,0.045,0.045,0.0423378142666348,1.6666666666666667,0.0873378142666348,5.252909248352316,0.045,0.40736385208813,1.6666666666666667,0.45236385208813,2.690986465710576,0.3650260378214952,0.3650260378214952,0.36502603782149523,0.36502603782149523,-2.5619227826417403,2.5619227826417403,0.024115046439956773,0.017719121219318425,-8.95058883216725,True,FULL,FULL_exp_log_rank_5
221,0.74,3.0,0.052,0.0426666666666666,0.0426666666666666,0.0483380999196384,1.6666666666666667,0.091004766586305,3.990648101805694,0.0426666666666666,0.3778398471825434,1.6666666666666667,0.42050651384921,2.1643440420077087,0.329501747262905,0.329501747262905,0.329501747262905,0.329501747262905,-1.8263040597979852,1.8263040597979852,0.00875011790279721,0.00683853620299854,-0.35899031292641315,True,FULL,FULL_exp_log_rank_5
222,1.17,3.75,0.042,0.037,0.037,0.0379972465016185,1.3333333333333333,0.0749972465016185,2.7555455668379523,0.037,0.1975364728288072,1.3333333333333333,0.2345364728288072,1.675120353300841,0.1595392263271887,0.1595392263271887,0.1595392263271887,0.1595392263271887,-1.0804252135371113,1.0804252135371113,0.002142632058650187,0.0017787734120718723,0.8927524400669484,True,FULL,FULL_exp_log_rank_5
223,2.7,4.333333333333333,0.036,0.0356666666666666,0.0356666666666666,0.012315781767816,1.153846153846154,0.0479824484344826,2.0063850757344786,0.0356666666666666,0.0053287286651333,1.153846153846154,0.0409953953317999,2.137955941860067,-0.0069870531026827,0.0069870531026827,-0.006987053102682703,0.006987053102682703,0.13157086612558855,0.13157086612558855,0.00031123407759099534,0.00023840602422686976,0.9979969856223312,True,FULL,FULL_exp_log_rank_5
224,0.75,3.5,0.022,0.02125,0.02125,0.0026705992767688,1.4285714285714286,0.0239205992767688,6.637578410976577,0.02125,0.0930789086535456,1.4285714285714286,0.1143289086535457,2.3875219391905556,0.0904083093767768,0.0904083093767768,0.0904083093767769,0.0904083093767769,-4.250056471786021,4.250056471786021,0.0059074415387217446,0.004277590632821112,-2.8871698474110197,True,FULL,FULL_exp_log_rank_5
225,1.15,3.5,0.021,0.02,0.02,0.0073958891535081,1.4285714285714286,0.0273958891535081,3.6113543932907137,0.02,0.0279107215260998,1.4285714285714286,0.0479107215260998,2.320108204387273,0.020514832372591697,0.020514832372591697,0.020514832372591697,0.020514832372591697,-1.2912461889034406,1.2912461889034406,0.0006663560434277774,0.00052849526226769,0.9609075640403795,True,FULL,FULL_exp_log_rank_5
226,1.1,3.5,0.02,0.01925,0.01925,0.004956977641193,1.4285714285714286,0.024206977641193,4.054827267846036,0.01925,0.025773400658062,1.4285714285714286,0.045023400658062,2.4117801210447514,0.020816423016869,0.020816423016869,0.020816423016869,0.020816423016869,-1.643047146801285,1.643047146801285,0.0007944499427744536,0.0006241925899259882,0.9364407191865235,True,FULL,FULL_exp_log_rank_5
227,1.25,3.5,0.019,0.01875,0.01875,0.0019847706438796,1.4285714285714286,0.0207347706438796,4.418502888206739,0.01875,0.008288420430558,1.4285714285714286,0.027038420430558,2.95630246759063,0.0063036497866784,0.0063036497866784,0.006303649786678401,0.006303649786678401,-1.4622004206161092,1.4622004206161092,0.0005061948810338269,0.0003171891316504006,0.9724526936485738,True,FULL,FULL_exp_log_rank_5
228,0.7,3.0,0.059,0.0456666666666666,0.0456666666666666,0.0656740182268081,1.6666666666666667,0.1113406848934747,3.9285722676402535,0.0456666666666666,0.4200733297620769,1.6666666666666667,0.4657399964287435,2.230162443565651,0.3543993115352688,0.3543993115352688,0.35439931153526877,0.35439931153526877,-1.6984098240746026,1.6984098240746026,0.01077699986999565,0.008393030346080346,-0.604543533193479,True,FULL,FULL_exp_log_rank_5
229,0.8,3.75,0.039,0.03775,0.03775,0.0044128695173391,1.3333333333333333,0.0421628695173391,6.31959788609588,0.03775,0.2244358580039144,1.3333333333333333,0.2621858580039144,2.0887938076449544,0.2200229884865753,0.2200229884865753,0.2200229884865753,0.2200229884865753,-4.230804078450926,4.230804078450926,0.01324078805767736,0.009687547418345117,-5.251124334482259,True,FULL,FULL_exp_log_rank_5
230,1.1,3.75,0.031,0.03025,0.03025,0.004226216061608,1.3333333333333333,0.034476216061608,4.574641618565765,0.03025,0.1082633814529925,1.3333333333333333,0.1385133814529925,1.859930727908276,0.1040371653913845,0.1040371653913845,0.1040371653913845,0.1040371653913845,-2.7147108906574884,2.7147108906574884,0.0032770349272579114,0.002532296516669062,0.5163487745361881,True,FULL,FULL_exp_log_rank_5
234,0.99,3.0,0.523,0.4803333333333333,0.4803333333333333,0.3422582854093307,1.6666666666666667,0.822591618742664,3.6102895519762694,0.4803333333333333,0.9202224672229238,1.6666666666666667,1.400555800556257,2.500803458783654,0.5779641818135931,0.5779641818135931,0.5779641818135931,0.5779641818135931,-1.1094860931926154,1.1094860931926154,0.014367886923723058,0.011272262273271471,0.9705138972521722,True,FULL,FULL_exp_log_rank_5
235,1.49,3.0,0.929,0.87,0.87,1.3911680147990315,1.6666666666666667,2.261168014799032,2.4688599946843404,0.87,2.1226885450826383,1.6666666666666667,2.9926885450826384,2.029330395455696,0.7315205302836068,0.7315205302836068,0.7315205302836065,0.7315205302836065,-0.4395295992286443,0.4395295992286443,0.04940181271498208,0.03171171664079373,0.9137539544945285,True,FULL,FULL_exp_log_rank_5
236,2.48,3.5,1.278,1.2245,1.2245,4.974718816480315,1.4285714285714286,6.199218816480315,1.7047169871616714,1.2245,5.883106106188737,1.4285714285714286,7.107606106188737,1.533355309375729,0.908387289708422,0.908387289708422,0.908387289708422,0.908387289708422,-0.17136167778594236,0.17136167778594236,0.10358336059284866,0.07221036788784918,0.8085679889108571,True,FULL,FULL_exp_log_rank_5
238,1.16,3.0,0.606,0.5299999999999999,0.5299999999999999,0.9995028593983644,1.6666666666666667,1.5295028593983642,2.6762963684092975,0.5299999999999999,1.187729582415037,1.6666666666666667,1.7177295824150365,2.239360081498764,0.18822672301667254,0.18822672301667254,0.18822672301667231,0.18822672301667231,-0.4369362869105333,0.4369362869105333,0.034754179259711436,0.02181812822645221,0.8805435226150635,True,FULL,FULL_exp_log_rank_5
239,2.0,3.5,0.785,0.745,0.745,1.4880839300345443,1.4285714285714286,2.2330839300345446,1.9471028822830023,0.745,2.5285748547344182,1.4285714285714286,3.2735748547344183,1.6208105115669154,1.040490924699874,1.040490924699874,1.0404909246998737,1.0404909246998737,-0.32629237071608697,0.32629237071608697,0.04805962443854604,0.0326687362563478,0.8937911756460446,True,FULL,FULL_exp_log_rank_5
240,1.84,3.0,1.067,0.9266666666666667,0.9266666666666667,11.34965538746409,1.6666666666666667,12.276322054130755,1.8769974838423913,0.9266666666666667,3.6520602906637434,1.6666666666666667,4.57872695733041,1.8447302305654565,-7.697595096800346,7.697595096800346,-7.697595096800345,7.697595096800345,-0.032267253276934804,0.032267253276934804,0.1915929959836401,0.14639470845186073,0.1005860656695009,True,FULL,FULL_exp_log_rank_5
241,2.5,3.5,1.53,1.435,1.435,11.191062390354295,1.4285714285714286,12.626062390354296,1.6206039521105755,1.435,6.7451537563320425,1.4285714285714286,8.180153756332043,1.5342808143839426,-4.445908634022253,4.445908634022253,-4.445908634022253,4.445908634022253,-0.08632313772663291,0.08632313772663291,0.18040798606615174,0.12868666152255867,0.581819634303392,True,FULL,FULL_exp_log_rank_5
242,1.28,13.0,0.381,0.236,0.236,0.2798827945510767,0.3846153846153846,0.5158827945510767,2.332154177278262,0.236,0.4761107342749952,0.3846153846153846,0.7121107342749952,1.9788370497143024,0.1962279397239185,0.1962279397239185,0.1962279397239185,0.1962279397239185,-0.3533171275639595,0.3533171275639595,0.0358443696968155,0.02255893151135617,0.5215609683287349,True,FULL,FULL_exp_log_rank_5
243,1.94,13.0,1.479,1.139,1.139,0.9051763320711632,0.3846153846153846,2.0441763320711632,1.6142343389282214,1.139,0.2757491094194735,0.3846153846153846,1.4147491094194735,2.103291047894843,-0.6294272226516897,0.6294272226516897,-0.6294272226516897,0.6294272226516897,0.48905670896662135,0.48905670896662135,0.09802676598476263,0.0633327719626041,0.7236185819227898,True,FULL,FULL_exp_log_rank_5
244,2.29,13.0,30.401,2.493,2.493,191.4872115140508,0.3846153846153846,193.9802115140508,0.5794840127037909,2.493,20.915671688901824,0.3846153846153846,23.408671688901823,0.6872845441246525,-170.571539825149,170.571539825149,-170.571539825149,170.571539825149,0.10780053142086155,0.10780053142086155,11.915258380756013,8.646592217064164,-0.5721706911870312,True,FULL,FULL_exp_log_rank_5
245,3.95,13.0,5.488,4.171,4.171,11.473466241634494,0.3846153846153846,15.644466241634497,0.6512771868667829,4.171,35.75227045029135,0.3846153846153846,39.92327045029135,0.455216777888939,24.278804208656855,24.278804208656855,24.27880420865685,24.27880420865685,-0.19606040897784394,0.19606040897784394,0.24403706637495873,0.17056167761591834,0.9201195085386975,True,FULL,FULL_exp_log_rank_5
246,0.34,13.0,0.306,0.104,0.104,0.238125551076079,0.3846153846153846,0.342125551076079,11.465962069935722,0.104,0.395985022262043,0.3846153846153846,0.499985022262043,10.90904255154224,0.15785947118596402,0.15785947118596402,0.157859471185964,0.157859471185964,-0.5569195183934816,0.5569195183934816,0.04181877984052203,0.023790425323510563,0.38967469794557597,True,FULL,FULL_exp_log_rank_5
249,1.08,13.0,4.482,3.316,3.316,1.9761134955053168,0.3846153846153846,5.292113495505316,3.3738748448845737,3.316,2.4325607000130116,0.3846153846153846,5.7485607000130114,3.1188597797648394,0.4564472045076948,0.4564472045076948,0.45644720450769505,0.45644720450769505,-0.25501506511973426,0.25501506511973426,0.0908564307544906,0.055448413360420716,0.9674950197397747,True,FULL,FULL_exp_log_rank_5
250,0.1,15.0,0.367,0.136,0.136,0.2402542971419538,0.3333333333333333,0.3762542971419538,56.09759499434641,0.136,0.330540293375776,0.3333333333333333,0.466540293375776,54.80307805305173,0.09028599623382222,0.09028599623382222,0.09028599623382222,0.09028599623382222,-1.294516941294681,1.294516941294681,0.02461081030849796,0.013827822223335538,0.8117928034248469,True,FULL,FULL_exp_log_rank_5
253,2.08,15.0,4.233,3.386,3.386,2.0681407318693763,0.3333333333333333,5.454140731869376,1.6219591173534793,3.386,6.021986602517615,0.3333333333333333,9.407986602517616,1.1382661295110368,3.953845870648239,3.953845870648239,3.953845870648239,3.953845870648239,-0.4836929878424425,0.4836929878424425,0.5544762483912523,0.3661789012027656,-0.17124692104975092,True,FULL,FULL_exp_log_rank_5
254,0.42,15.0,0.464,0.223,0.223,0.286841251907236,0.3333333333333333,0.509841251907236,9.785018691865965,0.223,0.3123987661358851,0.3333333333333333,0.5353987661358851,9.622492891076543,0.025557514228649103,0.025557514228649103,0.02555751422864916,0.02555751422864916,-0.16252580078942103,0.16252580078942103,0.0067084152974207474,0.0038296905929579928,0.9900235211485107,True,FULL,FULL_exp_log_rank_5
255,1.34,15.0,1.532,0.812,0.812,1.3202731944591186,0.3333333333333333,2.1322731944591187,2.118955632610797,0.812,0.2163205182273371,0.3333333333333333,1.0283205182273372,3.179884107797689,-1.1039526762317815,1.1039526762317815,-1.1039526762317815,1.1039526762317815,1.0609284751868922,1.0609284751868922,0.22584840972870085,0.1383417323173467,0.07290153321969117,True,FULL,FULL_exp_log_rank_5
256,1.56,15.0,2.845,1.821,1.821,2.049502462074934,0.3333333333333333,3.870502462074933,1.917214666999875,1.821,0.0183178596083417,0.3333333333333333,1.8393178596083417,5.027432896493914,-2.0311846024665923,2.0311846024665923,-2.0311846024665914,2.0311846024665914,3.1102182294940386,3.1102182294940386,0.3837009180315593,0.23574295053969277,-0.021159104976728127,True,FULL,FULL_exp_log_rank_5
257,1.9,15.0,4.37,3.015,3.015,3.1599174946212627,0.3333333333333333,6.174917494621263,1.5540138559861083,3.015,1.823248589172649,0.3333333333333333,4.838248589172649,1.7064794945342414,-1.3366689054486136,1.3366689054486136,-1.3366689054486134,1.3366689054486134,0.1524656385481331,0.1524656385481331,0.23828484140079575,0.15108866574210267,0.8256143615459778,True,FULL,FULL_exp_log_rank_5
258,2.09,15.0,55.263,3.813,3.813,190.18212243089908,0.3333333333333333,193.99512243089907,0.7174733228095233,3.813,199.8008562343352,0.3333333333333333,203.6138562343352,0.6915869843017723,9.618733803436129,9.618733803436129,9.618733803436129,9.618733803436129,-0.025886338507750906,0.025886338507750906,0.4000046287480134,0.3093715774791637,0.9994547391752606,True,FULL,FULL_exp_log_rank_5
284,0.27,1.6652089623887931,2.655,1.3036485066778338,1.3036485066778338,4.61028992899217,3.002626164602998,5.913938435670004,7.913618795998358,1.3036485066778338,2.48137190167152,3.002626164602998,3.7850204083493537,8.358137141573538,-2.1289180273206503,2.1289180273206503,-2.1289180273206503,2.1289180273206503,0.44451834557517955,0.44451834557517955,0.29427002290720766,0.1963879167571273,0.6304019785647117,True,FULL,FULL_exp_log_rank_5
285,0.5,3.083720300719987,2.417,0.6555920235894309,0.6555920235894309,7.127781251237852,1.621418128885619,7.783373274827283,3.420782268328867,0.6555920235894309,1.0017953023649366,1.621418128885619,1.6573873259543677,4.798191519665614,-6.1259859488729145,6.1259859488729145,-6.125985948872915,6.125985948872915,1.3774092513367466,1.3774092513367466,0.6846092454985045,0.4725975486629974,-0.30654858311446653,True,FULL,FULL_exp_log_rank_5
287,0.29,1.7885577744175924,3.214,1.959240530267265,1.959240530267265,3.9894927128527247,2.7955484980786536,5.94873324311999,8.412171305906568,1.959240530267265,2.682145861259391,2.7955484980786536,4.641386391526656,8.535590345480262,-1.3073468515933335,1.3073468515933335,-1.3073468515933335,1.3073468515933335,0.12341903957369382,0.12341903957369382,0.2060470289211255,0.13421797133230234,0.8262553145670417,True,FULL,FULL_exp_log_rank_5
288,0.44,2.7136738646335887,3.179,1.959240530267265,1.959240530267265,3.8637545585443656,1.8425206010063853,5.822995088811631,5.589277438658442,1.959240530267265,0.478559401174889,1.8425206010063853,2.437799931442154,9.196525405270435,-3.3851951573694765,3.3851951573694765,-3.3851951573694765,3.3851951573694765,3.607247966611993,3.607247966611993,0.4635743120758544,0.30840576234873424,0.08454152566696782,True,FULL,FULL_exp_log_rank_5
289,0.44,2.7136738646335887,5.856,2.848434309388562,2.848434309388562,10.290924987900752,1.8425206010063853,13.139359297289314,4.832563228905287,2.848434309388562,3.7683530931553983,1.8425206010063853,6.61678740254396,5.681127726562047,-6.5225718947453535,6.5225718947453535,-6.5225718947453535,6.5225718947453535,0.8485644976567599,0.8485644976567599,0.8570280094418172,0.5772380122052436,0.36422135384946963,True,FULL,FULL_exp_log_rank_5
291,0.42,2.590325052604789,4.293,1.959240530267265,1.959240530267265,8.144262348078403,1.9302596772447849,10.103502878345669,4.906645401620717,1.959240530267265,2.0644513269090723,1.9302596772447849,4.023691857176337,6.357024570466085,-6.079811021169331,6.079811021169331,-6.0798110211693315,6.0798110211693315,1.4503791688453678,1.4503791688453678,0.7754165355277228,0.5248435178031347,0.1128293267377557,True,FULL,FULL_exp_log_rank_5
292,0.27,1.6652089623887931,1.816,0.6555920235894309,0.6555920235894309,4.340373544875488,3.002626164602998,4.99596556846492,6.93036783035678,0.6555920235894309,1.5892361563538997,3.002626164602998,2.2448281799433305,7.833230696473757,-2.7511373885215886,2.7511373885215886,-2.751137388521589,2.751137388521589,0.9028628661169771,0.9028628661169771,0.3349550661582644,0.22825027678206375,0.29496054173140274,True,FULL,FULL_exp_log_rank_5
293,0.55,3.392092330791986,3.752,1.3488617496840016,1.3488617496840016,8.999404803617814,1.4740164808051082,10.348266553301816,3.397073578572742,1.3488617496840016,0.9686583829115852,1.4740164808051082,2.317520132595587,5.4313617317264615,-8.03074642070623,8.03074642070623,-8.03074642070623,8.03074642070623,2.0342881531537196,2.0342881531537196,0.962594950526142,0.6576880672815616,-0.358385110206219,True,FULL,FULL_exp_log_rank_5
295,1.2,7.400928721727968,0.0307,0.0217962758401608,0.0217962758401608,0.0268208917452208,0.6755908870356747,0.0486171675853816,2.3157906832156443,0.0217962758401608,0.0602779135952738,0.6755908870356747,0.0820741894354347,1.7035317002305383,0.033457021850053,0.033457021850053,0.033457021850053094,0.033457021850053094,-0.612258982985106,0.612258982985106,0.003423234355818665,0.0023801462423589607,0.32879481178335745,True,FULL,FULL_exp_log_rank_5
296,2.0,12.334881202879949,0.131,0.0508579769603752,0.0508579769603752,0.2935284290129898,0.4053545322214048,0.344386405973365,0.9614433155844516,0.0508579769603752,0.4361723121218641,0.4053545322214048,0.4870302890822393,0.8011288865086842,0.14264388310887427,0.14264388310887427,0.14264388310887427,0.14264388310887427,-0.16031442907576743,0.16031442907576743,0.008834597445855838,0.006517644187036426,0.898288053277413,True,FULL,FULL_exp_log_rank_5
297,1.8,11.101393082591954,0.046,0.0145308505601072,0.0145308505601072,0.1222071066849876,0.4503939246904497,0.1367379572450948,0.9937795159488002,0.0145308505601072,0.0890318349917109,0.4503939246904497,0.1035626855518181,0.9476295860032896,-0.033175271693276706,0.033175271693276706,-0.03317527169327669,0.03317527169327669,-0.04614992994551059,0.04614992994551059,0.004870413710067968,0.0032229207742575515,0.7946051721875351,True,FULL,FULL_exp_log_rank_5
302,0.75,4.625580451079981,0.055,0.0153092991217785,0.0153092991217785,0.1595143577214117,1.080945419257079,0.1748236568431902,2.2969478423570417,0.0153092991217785,0.3281978034272627,1.080945419257079,0.3435071025490412,1.8787889586160285,0.16868344570585098,0.16868344570585098,0.168683445705851,0.168683445705851,-0.4181588837410133,0.4181588837410133,0.011406303111680853,0.008393737321911371,0.28651285810125937,True,FULL,FULL_exp_log_rank_5
303,0.91,5.612370947310377,0.041,0.0153092991217785,0.0153092991217785,0.0951653865132687,0.8908890818052851,0.1104746856350472,2.0818876302589207,0.0153092991217785,0.1956938252325933,0.8908890818052851,0.2110031243543718,1.6527634359365515,0.1005284387193246,0.1005284387193246,0.1005284387193246,0.1005284387193246,-0.42912419432236915,0.42912419432236915,0.007343382790278549,0.0053647294848151875,0.3118586764897304,True,FULL,FULL_exp_log_rank_5
304,1.87,11.533113924692753,0.046,0.0153092991217785,0.0153092991217785,0.1174680513670647,0.4335342590603259,0.1327773504888432,0.9728764088168116,0.0153092991217785,0.0823622281430232,0.4335342590603259,0.0976715272648017,0.9366444826756714,-0.0351058232240415,0.0351058232240415,-0.0351058232240415,0.0351058232240415,-0.036231926141140236,0.036231926141140236,0.0050259098969725885,0.00333633161319024,0.7710451230317888,True,FULL,FULL_exp_log_rank_5
305,2.17,13.383346105124744,0.042,0.0153092991217785,0.0153092991217785,0.0995579974430193,0.373598647208668,0.1148672965647978,0.8653228395367738,0.0153092991217785,0.0434475418731472,0.373598647208668,0.0587568409949257,0.9358872215552166,-0.0561104555698721,0.0561104555698721,-0.0561104555698721,0.0561104555698721,0.07056438201844284,0.07056438201844284,0.0069603903599454,0.004727702473439751,0.4252767609493191,True,FULL,FULL_exp_log_rank_5
311,1.45,8.942788872087963,1.14,0.7935883525311068,0.7935883525311068,1.051107361858608,0.5591096996157306,1.844695714389715,1.879665749713435,0.7935883525311068,0.2040184960720159,0.5591096996157306,0.9976068486031228,2.7530998151383703,-0.847088865786592,0.847088865786592,-0.8470888657865921,0.8470888657865921,0.8734340654249353,0.8734340654249353,0.1197639570732977,0.07908065675975647,0.42138728201038234,True,FULL,FULL_exp_log_rank_5
316,1.1,6.784184661583972,1.23,0.5909609098097346,0.5909609098097346,2.195000047586552,0.7370082404025541,2.7859609573962865,1.920963652491806,0.5909609098097346,0.370702259280783,0.7370082404025541,0.9616631690905176,2.8251858953554967,-1.824297788305769,1.824297788305769,-1.8242977883057687,1.8242977883057687,0.9042222428636908,0.9042222428636908,0.2350945630342107,0.15876369576034702,-0.06568391735680223,True,FULL,FULL_exp_log_rank_5
317,0.75,4.625580451079981,0.94,0.7727950359050375,0.7727950359050375,0.4751593936736535,1.080945419257079,1.247954429578691,4.459377299507828,0.7727950359050375,0.1367251089965097,1.080945419257079,0.9095201449015472,5.861669662872511,-0.3384342846771438,0.3384342846771438,-0.33843428467714387,0.33843428467714387,1.4022923633646824,1.4022923633646824,0.049697446355790646,0.03216509439644484,0.8230602265046496,True,FULL,FULL_exp_log_rank_5
321,1.5,9.25116090215996,2.94,0.5553062574145964,0.5553062574145964,10.568278952724356,0.5404727096285398,11.123585210138952,1.04691166819964,0.5553062574145964,0.7410496635053498,0.5404727096285398,1.2963559209199462,1.6623191538882132,-9.827229289219005,9.827229289219005,-9.827229289219005,9.827229289219005,0.6154074856885732,0.6154074856885732,1.0192850832595428,0.7104557352654253,-0.5924474910377184,True,FULL,FULL_exp_log_rank_5
322,1.7,10.484649022447956,1.47,1.1106125148291928,1.1106125148291928,1.0572811334663703,0.4768876849663586,2.1678936482955633,1.7502458150213789,1.1106125148291928,0.0146906218872442,0.4768876849663586,1.125303136716437,4.32615323546142,-1.042590511579126,1.042590511579126,-1.0425905115791263,1.0425905115791263,2.575907420440041,2.575907420440041,0.1465816686639067,0.09529968811961893,0.41703081802372577,True,FULL,FULL_exp_log_rank_5
327,0.1,0.6167440601439975,0.08,0.0796743371481683,0.0796743371481683,0.0008090983306987,8.107090644428094,0.080483435478867,77.68977402204777,0.0796743371481683,0.6846852717406096,8.107090644428094,0.7643596088887779,16.01699337173456,0.6838761734099108,0.6838761734099108,0.6838761734099108,0.6838761734099108,-61.672780650313214,61.672780650313214,0.06946574261263465,0.04816830372223706,-54.471750401298095,True,FULL,FULL_exp_log_rank_5
329,1.2,7.400928721727968,0.024,0.0202072594216368,0.0202072594216368,0.010665146237602,0.6755908870356747,0.0308724056592388,2.9023919692701785,0.0202072594216368,0.0221964805750242,0.6755908870356747,0.0424037399966611,2.19817089316025,0.0115313343374222,0.0115313343374222,0.011531334337422296,0.011531334337422296,-0.7042210761099286,0.7042210761099286,0.0013477538029979033,0.0009008769841851899,0.7979300717710689,True,FULL,FULL_exp_log_rank_5
330,1.1,6.784184661583972,0.025,0.0202072594216368,0.0202072594216368,0.0137190748784508,0.7370082404025541,0.0339263343000876,2.9611290302817843,0.0202072594216368,0.0389529440027107,0.7370082404025541,0.0591602034243475,2.044439846853178,0.025233869124259903,0.025233869124259903,0.0252338691242599,0.0252338691242599,-0.9166891834286064,0.9166891834286064,0.0028568358135512145,0.0019487920955219543,0.18271114584903736,True,FULL,FULL_exp_log_rank_5
331,1.25,7.709300751799968,0.047,0.0398371685740841,0.0398371685740841,0.0200809505252075,0.6485672515542477,0.0599181190992916,2.820311710406355,0.0398371685740841,0.1379511741091771,0.6485672515542477,0.1777883426832612,1.5469339904464248,0.11787022358396959,0.11787022358396959,0.11787022358396962,0.11787022358396962,-1.27337771995993,1.27337771995993,0.013088161331915805,0.009008847977934713,-3.981942856927179,True,FULL,FULL_exp_log_rank_5
332,1.2,7.400928721727968,0.05,0.0398371685740841,0.0398371685740841,0.0292663957131568,0.6755908870356747,0.0691035642872409,2.6576864448773354,0.0398371685740841,0.1649864521240875,0.6755908870356747,0.2048236206981716,1.5453372108684775,0.13572005641093068,0.13572005641093068,0.13572005641093068,0.13572005641093068,-1.1123492340088579,1.1123492340088579,0.01449578241735672,0.010053248044390324,-4.201322564775117,True,FULL,FULL_exp_log_rank_5
333,1.6,9.86790496230396,0.093,0.0796743371481683,0.0796743371481683,0.0371742575975103,0.5066931652767559,0.1168485947456786,2.2486028629786348,0.0796743371481683,0.2788173811671561,0.5066931652767559,0.3584917183153244,1.2055021772270738,0.2416431235696458,0.2416431235696458,0.2416431235696458,0.2416431235696458,-1.043100685751561,1.043100685751561,0.026895018258265943,0.01850277485892097,-4.3917142329141985,True,FULL,FULL_exp_log_rank_5
334,2.5,15.418601503599936,0.1,0.0796743371481683,0.0796743371481683,0.0585327914263222,0.3242836257771238,0.1382071285744905,1.275689493540873,0.0796743371481683,0.2816298938500818,0.3242836257771238,0.3613042309982501,0.769673304380189,0.2230971024237596,0.2230971024237596,0.2230971024237596,0.2230971024237596,-0.5060161891606839,0.5060161891606839,0.024178038228502143,0.016719964543825433,-2.617533762652576,True,FULL,FULL_exp_log_rank_5
335,1.8,11.101393082591954,0.233,0.1991858428704208,0.1991858428704208,0.0944249962521731,0.4503939246904497,0.2936108391225939,1.9904398436807709,0.1991858428704208,0.5039449671632701,0.4503939246904497,0.7031308100336908,1.1619577308140352,0.409519970911097,0.409519970911097,0.40951997091109693,0.40951997091109693,-0.8284821128667357,0.8284821128667357,0.046985400998661955,0.03209359890062105,-1.619928762506011,True,FULL,FULL_exp_log_rank_5
336,4.0,24.669762405759897,0.251,0.1991858428704208,0.1991858428704208,0.1494580982300445,0.2026772661107024,0.3486439411004653,0.792806515114832,0.1991858428704208,2.0420259350206127,0.2026772661107024,2.2412117778910337,0.388823470024695,1.8925678367905683,1.8925678367905683,1.8925678367905683,1.8925678367905683,-0.40398304509013705,0.40398304509013705,0.1821317227855757,0.1282356767435697,-31.472443757615316,True,FULL,FULL_exp_log_rank_5
337,1.13,6.96920787962717,0.045,0.0153092991217785,0.0153092991217785,0.1129415099906837,0.7174416499493891,0.1282508091124622,1.6219045254507285,0.0153092991217785,0.1721175793872938,0.7174416499493891,0.1874268785090723,1.3566184195429434,0.059176069396610104,0.059176069396610104,0.059176069396610104,0.059176069396610104,-0.2652861059077851,0.2652861059077851,0.0035518486825348783,0.002641404903990166,0.8780791335318834,True,FULL,FULL_exp_log_rank_5
338,1.74,10.731346646505555,0.033,0.0153092991217785,0.0153092991217785,0.0614267591501006,0.4659247496797756,0.0767360582718792,1.1936384711708052,0.0153092991217785,0.0289305810752589,0.4659247496797756,0.0442398801970375,1.2995177475874948,-0.0324961780748417,0.0324961780748417,-0.032496178074841696,0.032496178074841696,0.1058792764166896,0.1058792764166896,0.004321334994365668,0.002903530252666045,0.5233528705228961,True,FULL,FULL_exp_log_rank_5
339,2.13,13.136648481067144,0.035,0.0153092991217785,0.0153092991217785,0.0696089127687665,0.3806145842454505,0.084918211890545,0.9488333573269884,0.0153092991217785,0.0176424171948747,0.3806145842454505,0.0329517163166533,1.221270418586336,-0.051966495573891804,0.051966495573891804,-0.051966495573891706,0.051966495573891706,0.2724370612593475,0.2724370612593475,0.00655403498534313,0.0044442110455940945,0.09749173938956857,True,FULL,FULL_exp_log_rank_5
341,1.13,6.96920787962717,0.055,0.0153092991217785,0.0153092991217785,0.1595143577209842,0.7174416499493891,0.1748236568427627,1.524522904222498,0.0153092991217785,0.2320407570395774,0.7174416499493891,0.2473500561613559,1.3000790461636949,0.0725263993185932,0.0725263993185932,0.07252639931859323,0.07252639931859323,-0.22444385805880307,0.22444385805880307,0.0038226660777771764,0.0028771978095381823,0.9198637419131654,True,FULL,FULL_exp_log_rank_5
342,1.22,7.524277533756768,0.039,0.0153092991217785,0.0153092991217785,0.0864894320112215,0.6645156265924669,0.101798731133,1.5829859963913084,0.0153092991217785,0.1172139608189203,0.6645156265924669,0.1325232599406988,1.3400691297756269,0.030724528807698798,0.030724528807698798,0.030724528807698798,0.030724528807698798,-0.24291686661568157,0.24291686661568157,0.0016752256014885107,0.0012325214515905049,0.9582310314986833,True,FULL,FULL_exp_log_rank_5
343,1.45,8.942788872087963,0.034,0.0153092991217785,0.0153092991217785,0.0654950286258003,0.5591096996157306,0.0808043277475788,1.4123161332544465,0.0153092991217785,0.0568384361667216,0.5591096996157306,0.0721477352885001,1.3116720174955925,-0.008656592459078696,0.008656592459078696,-0.008656592459078696,0.008656592459078696,-0.10064411575885401,0.10064411575885401,0.0018937073606472956,0.0011715685349603286,0.9171255313328119,True,FULL,FULL_exp_log_rank_5
345,0.6,3.700464360863984,0.062,0.0153092991217785,0.0153092991217785,0.1936315334445874,1.3511817740713494,0.2089408325663659,2.78103428223211,0.0153092991217785,0.4118262285910139,1.3511817740713494,0.4271355277127924,2.2947697577387363,0.21819469514642653,0.21819469514642653,0.2181946951464265,0.2181946951464265,-0.4862645244933739,0.4862645244933739,0.014588945323334022,0.010736409364320229,0.15287915599416446,True,FULL,FULL_exp_log_rank_5
346,0.7,4.317208421007981,0.05,0.0153092991217785,0.0153092991217785,0.1358772828198478,1.1581558063468709,0.1511865819416263,2.530764500816095,0.0153092991217785,0.3174564262282495,1.1581558063468709,0.332765725350028,2.020369784078691,0.1815791434084017,0.1815791434084017,0.18157914340840173,0.18157914340840173,-0.5103947167374039,0.5103947167374039,0.012917529288102126,0.009449068677963161,-0.19156578805984825,True,FULL,FULL_exp_log_rank_5
347,0.9,5.550696541295977,0.034,0.0153092991217785,0.0153092991217785,0.0654950141480271,0.9007878493808994,0.0808043132698056,2.275398701589776,0.0153092991217785,0.1470637889331378,0.9007878493808994,0.1623730880549163,1.746465271475026,0.0815687747851107,0.0815687747851107,0.0815687747851107,0.0815687747851107,-0.5289334301147501,0.5289334301147501,0.006493244216921358,0.00469615991948938,0.025642106720279445,True,FULL,FULL_exp_log_rank_5
348,1.8,11.101393082591954,0.027,0.0153092991217785,0.0153092991217785,0.038082793731829,0.4503939246904497,0.0533920928536075,1.2897687725693818,0.0153092991217785,0.0042668163823929,0.4503939246904497,0.0195761155041714,2.1703817009277686,-0.033815977349436095,0.033815977349436095,-0.0338159773494361,0.0338159773494361,0.8806129283583868,0.8806129283583868,0.004539254251427376,0.003035277209287015,-0.06056114152731085,True,FULL,FULL_exp_log_rank_5
349,1.13,6.96920787962717,0.043,0.0153092991217785,0.0153092991217785,0.1039855497101338,0.7174416499493891,0.1192948488319123,1.6477168177591195,0.0153092991217785,0.1592921363722218,0.7174416499493891,0.1746014354940003,1.3731166618436983,0.055306586662088014,0.055306586662088014,0.055306586662088014,0.055306586662088014,-0.2746001559154212,0.2746001559154212,0.0033997001459392822,0.0025212746691890817,0.8722296406628471,True,FULL,FULL_exp_log_rank_5
350,1.37,8.449393623972766,0.041,0.0153092991217785,0.0153092991217785,0.0951653865075495,0.591758441199131,0.110474685629328,1.3828596668882291,0.0153092991217785,0.1072117385109546,0.591758441199131,0.1225210376327331,1.2132372599881116,0.012046352003405106,0.012046352003405106,0.012046352003405106,0.012046352003405106,-0.16962240690011754,0.16962240690011754,0.0008062653719992856,0.0005058235431842088,0.9917045238439841,True,FULL,FULL_exp_log_rank_5
351,1.67,10.299625804404757,0.032,0.0153092991217785,0.0153092991217785,0.057405854043788,0.4854545296064728,0.0727151531655665,1.2626030593869657,0.0153092991217785,0.0289957824465071,0.4854545296064728,0.0443050815682857,1.353152595889904,-0.0284100715972809,0.0284100715972809,-0.028410071597280796,0.028410071597280796,0.09054953650293829,0.09054953650293829,0.003851060077394937,0.002578967755870176,0.5800241982602126,True,FULL,FULL_exp_log_rank_5
353,0.9,5.550696541295977,0.037,0.0153092991217785,0.0153092991217785,0.0779670989319231,0.9007878493808994,0.0932763980537016,2.192227389199339,0.0153092991217785,0.1696556511380949,0.9007878493808994,0.1849649502598734,1.7070877376682527,0.09168855220617178,0.09168855220617178,0.0916885522061718,0.0916885522061718,-0.4851396515310862,0.4851396515310862,0.007027778771957865,0.005105719661737068,0.13248308946898002,True,FULL,FULL_exp_log_rank_5
354,1.05,6.475812631511974,0.032,0.0153092991217785,0.0153092991217785,0.0574058541682785,0.7721038708979138,0.0727151532900571,2.0081400996379837,0.0153092991217785,0.0995385859583004,0.7721038708979138,0.1148478850800789,1.6056606751791995,0.042132731790021895,0.042132731790021895,0.042132731790021805,0.042132731790021805,-0.40247942445878415,0.40247942445878415,0.003232078099920381,0.002341688647300388,0.7041801086421691,True,FULL,FULL_exp_log_rank_5
355,1.15,7.09255669165597,0.028,0.0153092991217785,0.0153092991217785,0.0418356081862674,0.7049644038633127,0.0571449073080459,1.9734344433232216,0.0153092991217785,0.0563698571452,0.7049644038633127,0.0716791562669785,1.6570753892155667,0.0145342489589326,0.0145342489589326,0.0145342489589326,0.0145342489589326,-0.31635905410765486,0.31635905410765486,0.0010066525170561468,0.0007210768443612812,0.9542455843279447,True,FULL,FULL_exp_log_rank_5
356,1.4,8.634416842015963,0.024,0.0153092991217785,0.0153092991217785,0.0272042150777216,0.5790779031734354,0.0425135141995001,1.8037445140554815,0.0153092991217785,0.0121052901106463,0.5790779031734354,0.0274145892324248,2.0743695526600976,-0.0150989249670753,0.0150989249670753,-0.015098924967075298,0.015098924967075298,0.27062503860461606,0.27062503860461606,0.0021663823024823817,0.0014364861771595649,0.6285920596052388,True,FULL,FULL_exp_log_rank_5
357,0.75,4.625580451079981,0.028,0.0153092991217785,0.0153092991217785,0.0418356081843982,1.080945419257079,0.0571449073061767,3.0259328132395527,0.0153092991217785,0.1389211600989335,1.080945419257079,0.154230459220712,2.11579063744286,0.09708555191453529,0.09708555191453529,0.0970855519145353,0.0970855519145353,-0.9101421757966928,0.9101421757966928,0.008543660209748087,0.006099619765153865,-2.295807070894302,True,FULL,FULL_exp_log_rank_5
358,1.15,7.09255669165597,0.026,0.0153092991217785,0.0153092991217785,0.0343911653190034,0.7049644038633127,0.0497004644407819,2.0699745048837284,0.0153092991217785,0.0438940895958092,0.7049644038633127,0.0592033887175878,1.761425906515037,0.009502924276805796,0.009502924276805796,0.0095029242768059,0.0095029242768059,-0.3085485983686913,0.3085485983686913,0.000658225767794878,0.0004757257255092289,0.9744192472476204,True,FULL,FULL_exp_log_rank_5
359,1.1,6.784184661583972,0.024,0.0153092991217785,0.0153092991217785,0.0272042141314279,0.7370082404025541,0.0425135132532064,2.2956749282231264,0.0153092991217785,0.0376383028093154,0.7370082404025541,0.0529476019310939,1.9156289249391811,0.010434088677887497,0.010434088677887497,0.010434088677887497,0.010434088677887497,-0.3800460032839452,0.3800460032839452,0.0008523940916590028,0.0005976637250196132,0.9425007934861764,True,FULL,FULL_exp_log_rank_5
360,1.2,7.400928721727968,0.022,0.0153092991217785,0.0153092991217785,0.0203041095024898,0.6755908870356747,0.0356134086242683,2.2704692840433656,0.0153092991217785,0.0169002259486271,0.6755908870356747,0.0322095250704056,2.194991833454234,-0.003403883553862702,0.003403883553862702,-0.003403883553862702,0.003403883553862702,-0.07547745058913158,0.07547745058913158,0.0006965870355208888,0.00042932358324460166,0.9474694932557111,True,FULL,FULL_exp_log_rank_5
