sample_id,u_peak,u_r,tau_peak,tau_r,true_a,true_b,true_c,true_d,true_e,estimated_a,estimated_b,estimated_c,estimated_d,estimated_e,error_b,abs_error_b,error_d,abs_error_d,error_e,abs_error_e,curve_rmse_tau_u,curve_mae_tau_u,curve_r2_tau_u,curve_valid,e_constraint_respected,d_positive,b_positive,dataset,model_name
7,0.72,2.75,0.044,0.03175,0.03175,0.0801325410005739,1.818181818181818,0.1118825410005739,3.441242286799551,0.03175,0.0726027915215537,1.818181818181818,0.1043527915215537,3.6834115830825622,-0.007529749479020201,0.007529749479020201,-0.007529749479020201,0.007529749479020201,0.2421692962830111,0.2421692962830111,0.000345208948995,0.0002319678851689,0.997415661052833,True,True,True,True,FULL,FULL_direct_poly_rank_1
8,0.92,3.0,0.035,0.02825,0.02825,0.0557241852265918,1.6666666666666667,0.0839741852265918,3.007954906577982,0.02825,0.0495948090194202,1.6666666666666667,0.0778448090194202,3.239309303586417,-0.006129376207171605,0.006129376207171605,-0.006129376207171591,0.006129376207171591,0.23135439700843508,0.23135439700843508,0.0003056268487358,0.000190278668845,0.9968276319334394,True,True,True,True,FULL,FULL_direct_poly_rank_1
9,0.97,3.0,0.029,0.0255,0.0255,0.0288872445152351,1.6666666666666667,0.0543872445152351,3.290221199159674,0.0255,0.0257015308243045,1.6666666666666667,0.0512015308243045,3.5708418227191747,-0.0031857136909306007,0.0031857136909306007,-0.003185713690930597,0.003185713690930597,0.2806206235595008,0.2806206235595008,0.0002689744126204,0.0001513139007582,0.9965327701440182,True,True,True,True,FULL,FULL_direct_poly_rank_1
11,0.78,3.5,0.05,0.0417499999999999,0.0417499999999999,0.0354980845491272,1.4285714285714286,0.0772480845491271,4.004659571873231,0.0417499999999999,0.0316018756891127,1.4285714285714286,0.0733518756891126,4.54331382305276,-0.0038962088600145023,0.0038962088600145023,-0.0038962088600145023,0.0038962088600145023,0.5386542511795289,0.5386542511795289,0.0006105227932653,0.000324371170866,0.992303267063734,True,True,True,True,FULL,FULL_direct_poly_rank_1
12,1.25,3.5,0.04,0.034,0.034,0.0670624339164287,1.4285714285714286,0.1010624339164287,2.366794324621144,0.034,0.0594957794735122,1.4285714285714286,0.0934957794735122,2.526094176055644,-0.007566654442916501,0.007566654442916501,-0.007566654442916501,0.007566654442916501,0.1592998514345001,0.1592998514345001,0.0003260922909322,0.0001976222534239,0.997457766966335,True,True,True,True,FULL,FULL_direct_poly_rank_1
13,1.8,4.0,0.035,0.033,0.033,0.0334302203204883,1.25,0.0664302203204883,2.0972939397426664,0.033,0.0318200460421196,1.25,0.0648200460421196,2.1492741188359172,-0.001610174278368702,0.001610174278368702,-0.001610174278368695,0.001610174278368695,0.05198017909325081,0.05198017909325081,0.0001072765129087,5.9984270599986246e-05,0.9997008847767976,True,True,True,True,FULL,FULL_direct_poly_rank_1
15,1.64,10.5,4.17,3.725,3.725,1.1700588885069725,0.4761904761904761,4.895058888506973,2.4309486751406535,3.725,1.2921827239853925,0.4761904761904761,5.017182723985393,2.1534669800639996,0.12212383547841998,0.12212383547841998,0.12212383547841998,0.12212383547841998,-0.2774816950766539,0.2774816950766539,0.0384563099704499,0.0174209023753143,0.9943428915606352,True,True,True,True,FULL,FULL_direct_poly_rank_1
16,1.61,10.5,13.41,12.8475,12.8475,1.3946189571869354,0.4761904761904761,14.242118957186936,3.178145408783804,12.8475,1.8372292482365025,0.4761904761904761,14.684729248236502,2.435549851039464,0.44261029104956706,0.44261029104956706,0.44261029104956684,0.44261029104956684,-0.7425955577443397,0.7425955577443397,0.2546312182437134,0.0966094135379602,0.9755937562911188,True,True,True,True,FULL,FULL_direct_poly_rank_1
17,2.76,10.5,3.72,3.5425,3.5425,0.8694826394566157,0.4761904761904761,4.411982639456616,1.5814976920825412,3.5425,0.9314017314000672,0.4761904761904761,4.473901731400067,1.4924557973288703,0.061919091943451465,0.061919091943451465,0.061919091943451576,0.061919091943451576,-0.08904189475367086,0.08904189475367086,0.0200734942112715,0.0090901603739483,0.9986672690704108,True,True,True,True,FULL,FULL_direct_poly_rank_1
18,3.07,10.5,12.57,12.4375,12.4375,0.7124450836759753,0.4761904761904761,13.149945083675975,1.9539451798171723,12.4375,1.1125822057076409,0.4761904761904761,13.55008220570764,1.5253149662661571,0.4001371220316656,0.4001371220316656,0.4001371220316656,0.4001371220316656,-0.42863021355101516,0.42863021355101516,0.286714391132915,0.1178594455099301,0.9760160725287552,True,True,True,True,FULL,FULL_direct_poly_rank_1
19,1.55,12.0,1.02,0.8525,0.8525,0.3782821788444106,0.4166666666666667,1.2307821788444109,2.3791759662313843,0.8525,0.4010693652205603,0.4166666666666667,1.2535693652205604,2.1795887497730497,0.022787186376149682,0.022787186376149682,0.022787186376149515,0.022787186376149515,-0.19958721645833455,0.19958721645833455,0.0064924562311162,0.0030790508071714,0.9970195959837306,True,True,True,True,FULL,FULL_direct_poly_rank_1
20,1.71,12.0,2.57,1.7327500000000002,1.7327500000000002,2.210315622373947,0.4166666666666667,3.9430656223739473,1.6207235717983703,1.7327500000000002,2.240861483511592,0.4166666666666667,3.973611483511592,1.590766076077108,0.030545861137644792,0.030545861137644792,0.030545861137644792,0.030545861137644792,-0.029957495721262273,0.029957495721262273,0.0042031859092086,0.0025581788082096,0.9998575208263546,True,True,True,True,FULL,FULL_direct_poly_rank_1
21,1.67,12.0,7.53,5.32,5.32,5.617172562155661,0.4166666666666667,10.93717256215566,1.7473164085592403,5.32,5.71014944882784,0.4166666666666667,11.03014944882784,1.7071649074012236,0.0929768866721794,0.0929768866721794,0.09297688667218118,0.09297688667218118,-0.04015150115801669,0.04015150115801669,0.0147042078364441,0.0085606945625959,0.9997783207142468,True,True,True,True,FULL,FULL_direct_poly_rank_1
22,1.67,12.0,19.67,18.994999999999997,18.994999999999997,1.5273740416856256,0.4166666666666667,20.522374041685623,3.2739688179792332,18.994999999999997,2.076686506474214,0.4166666666666667,21.07168650647421,2.435947987212274,0.5493124647885885,0.5493124647885885,0.5493124647885885,0.5493124647885885,-0.8380208307669594,0.8380208307669594,0.3928446599662767,0.1386500451158981,0.9711578429265116,True,True,True,True,FULL,FULL_direct_poly_rank_1
23,0.84,16.0,8.44,7.47,7.47,1.3255582927799532,0.3125,8.795558292779953,6.166176834932969,7.47,1.3220447048326802,0.3125,8.79204470483268,6.232504923653862,-0.003513587947272967,0.003513587947272967,-0.003513587947272967,0.003513587947272967,0.06632808872089324,0.06632808872089324,0.0036515522210961,0.0009376883119483,0.9999799034964554,True,True,True,True,FULL,FULL_direct_poly_rank_1
24,1.81,16.0,7.62,7.29,7.29,0.6419185077225471,0.3125,7.931918507722547,3.0024433868829834,7.29,0.63497379472006,0.3125,7.92497379472006,3.068809052762227,-0.006944713002487113,0.006944713002487113,-0.006944713002487113,0.006944713002487113,0.06636566587924353,0.06636566587924353,0.0100922536440483,0.0028497337438209,0.9998578587477376,True,True,True,True,FULL,FULL_direct_poly_rank_1
27,0.87,3.25,2.35,1.9075,1.9075,2.7034029995062916,1.5384615384615383,4.610902999506291,3.276941309100947,1.9075,2.3771533783326,1.5384615384615383,4.2846533783325995,3.6377232577933345,-0.3262496211736914,0.3262496211736914,-0.32624962117369183,0.32624962117369183,0.36078194869238756,0.36078194869238756,0.0266335741638008,0.0157663604531338,0.9941740190771554,True,True,True,True,FULL,FULL_direct_poly_rank_1
28,0.13,1.325,1.02,0.6675,0.6675,0.6738254010838505,3.7735849056603774,1.3413254010838505,23.891608655167115,0.6675,0.7192496504785009,3.7735849056603774,1.3867496504785009,21.22094745073678,0.045424249394650396,0.045424249394650396,0.045424249394650396,0.045424249394650396,-2.670661204430335,2.670661204430335,0.0090331816452768,0.0051222091949911,0.9953062183581072,True,True,True,True,FULL,FULL_direct_poly_rank_1
29,0.6,2.425,4.93,4.2975,4.2975,3.110870023650559,2.061855670103093,7.408370023650559,5.517814597970529,4.2975,2.7970171337985574,2.061855670103093,7.094517133798558,6.130470730093201,-0.31385288985200166,0.31385288985200166,-0.31385288985200166,0.31385288985200166,0.6126561321226722,0.6126561321226722,0.0513714961230352,0.0266095790055314,0.9947594053583916,True,True,True,True,FULL,FULL_direct_poly_rank_1
30,2.17,3.85,16.37,14.955,14.955,60.674147880173095,1.2987012987012987,75.6291478801731,1.6284330431129306,14.955,54.80745231837203,1.2987012987012987,69.76245231837203,1.6708320902330605,-5.866695561801066,5.866695561801066,-5.866695561801066,5.866695561801066,0.042399047120129874,0.042399047120129874,0.0740774019754166,0.0452233414998509,0.9993926306022316,True,True,True,True,FULL,FULL_direct_poly_rank_1
31,0.24,1.275,0.66,0.475,0.475,0.6758571313827281,3.9215686274509807,1.150857131382728,11.17767536247715,0.475,0.6896170831327154,3.9215686274509807,1.1646170831327154,10.9522283442835,0.013759951749987342,0.013759951749987342,0.013759951749987342,0.013759951749987342,-0.2254470181936501,0.2254470181936501,0.0012915568260286,0.0008226057023589,0.9998062163906928,True,True,True,True,FULL,FULL_direct_poly_rank_1
32,0.3,2.175,4.71,4.1925,4.1925,1.211168346774408,2.298850574712644,5.403668346774408,13.642584509493682,4.1925,1.1987139267251887,2.298850574712644,5.391213926725189,13.874206046417356,-0.012454420049219372,0.012454420049219372,-0.012454420049219372,0.012454420049219372,0.23162153692367404,0.23162153692367404,0.0057335713127036,0.0023030594170246,0.9998931312846796,True,True,True,True,FULL,FULL_direct_poly_rank_1
33,2.26,4.125,16.14,11.3475,11.3475,422.7987490320256,1.2121212121212122,434.1462490320256,1.3091974223177918,11.3475,585.3926686379511,1.2121212121212122,596.7401686379511,1.2805677063983911,162.59391960592552,162.59391960592552,162.59391960592552,162.59391960592552,-0.028629715919400667,0.028629715919400667,0.1125704192886396,0.0741819356616423,0.9990464732623632,True,True,True,True,FULL,FULL_direct_poly_rank_1
34,0.47,1.525,1.07,0.6975,0.6975,4.0455139668571585,3.278688524590164,4.743013966857158,4.812842755740618,0.6975,4.644774728238284,3.278688524590164,5.342274728238284,4.574527566911833,0.5992607613811254,0.5992607613811254,0.5992607613811254,0.5992607613811254,-0.23831518882878555,0.23831518882878555,0.0073830273923303,0.0056001481491939,0.9984001072269976,True,True,True,True,FULL,FULL_direct_poly_rank_1
35,0.47,2.2,4.91,4.25,4.25,2.5915991927768687,2.2727272727272725,6.841599192776869,7.213346651196478,4.25,2.3686425856923794,2.2727272727272725,6.618642585692379,8.002260229921427,-0.22295660708448928,0.22295660708448928,-0.22295660708448928,0.22295660708448928,0.7889135787249497,0.7889135787249497,0.0470150895743824,0.0233177128847224,0.9950977325835838,True,True,True,True,FULL,FULL_direct_poly_rank_1
36,1.48,3.625,14.91,14.235,14.235,8.232456046268986,1.3793103448275863,22.467456046268985,2.7321098339023515,14.235,8.221010964286805,1.3793103448275863,22.456010964286804,2.7343190968158746,-0.011445081982181193,0.011445081982181193,-0.011445081982181193,0.011445081982181193,0.00220926291352308,0.00220926291352308,0.001382271534436,0.0007311041826019,0.9999997121511685,True,True,True,True,FULL,FULL_direct_poly_rank_1
37,0.11,1.325,0.89,0.5625,0.5625,0.5639971811696873,3.7735849056603774,1.1264971811696871,29.2958502513531,0.5625,0.618307071965132,3.7735849056603774,1.180807071965132,24.38671952049478,0.05430989079544468,0.05430989079544468,0.054309890795444904,0.054309890795444904,-4.9091307308583225,4.9091307308583225,0.0115759929510657,0.006519011617064,0.9898956354810934,True,True,True,True,FULL,FULL_direct_poly_rank_1
38,0.26,2.175,5.3,4.1,4.1,2.5910971306331803,2.298850574712644,6.69109713063318,13.042743993933716,4.1,2.5344108495194506,2.298850574712644,6.63441084951945,13.582971519186083,-0.05668628111372964,0.05668628111372964,-0.05668628111372964,0.05668628111372964,0.5402275252523676,0.5402275252523676,0.0157474303003386,0.0075972827479462,0.9993683774697708,True,True,True,True,FULL,FULL_direct_poly_rank_1
39,0.54,3.35,15.9,14.4675,14.4675,3.852469877296928,1.4925373134328357,18.319969877296927,7.688914610134782,14.4675,3.736056341599808,1.4925373134328357,18.203556341599807,8.04552472081392,-0.1164135356971201,0.1164135356971201,-0.1164135356971201,0.1164135356971201,0.35661011067913684,0.35661011067913684,0.0556295143897475,0.0223447532074673,0.9992029914031474,True,True,True,True,FULL,FULL_direct_poly_rank_1
40,0.3,1.35,0.88,0.635,0.635,1.1651130574348498,3.7037037037037033,1.8001130574348498,8.547982610717572,0.635,1.1852012758801485,3.7037037037037033,1.8202012758801485,8.429553776611439,0.020088218445298622,0.020088218445298622,0.020088218445298622,0.020088218445298622,-0.11842883410613325,0.11842883410613325,0.0012764671115205,0.0008517089244153,0.999902893809922,True,True,True,True,FULL,FULL_direct_poly_rank_1
41,0.38,2.175,5.2,4.3975,4.3975,2.452688320111813,2.298850574712644,6.850188320111813,9.031706106944794,4.3975,2.283802468603996,2.298850574712644,6.681302468603996,9.97488197872322,-0.16888585150781665,0.16888585150781665,-0.16888585150781665,0.16888585150781665,0.9431758717784255,0.9431758717784255,0.0436620714798782,0.020857976118303,0.9956930063521656,True,True,True,True,FULL,FULL_direct_poly_rank_1
42,0.71,3.35,16.28,14.8375,14.8375,5.373344828404187,1.4925373134328357,20.210844828404188,5.457009220110153,14.8375,4.97761295377329,1.4925373134328357,19.81511295377329,5.986461827122115,-0.3957318746308971,0.3957318746308971,-0.3957318746308971,0.3957318746308971,0.5294526070119616,0.5294526070119616,0.1337383497460136,0.0593538373912515,0.9963812888481258,True,True,True,True,FULL,FULL_direct_poly_rank_1
43,0.88,1.475,0.58,0.535,0.535,2.3643732180319175,3.389830508474576,2.8993732180319176,4.157276354583812,0.535,3.150100079586671,3.389830508474576,3.6851000795866713,3.9447115660728103,0.7857268615547537,0.7857268615547537,0.7857268615547537,0.7857268615547537,-0.21256478851100136,0.21256478851100136,0.0053782287353163,0.0033361330422758,0.9975211344023016,True,True,True,True,FULL,FULL_direct_poly_rank_1
44,1.5,2.625,3.89,3.6325,3.6325,10.486129835864666,1.9047619047619049,14.118629835864668,2.474961892115721,3.6325,11.058088161711886,1.9047619047619049,14.690588161711888,2.4407601338401297,0.5719583258472198,0.5719583258472198,0.5719583258472198,0.5719583258472198,-0.03420175827559113,0.03420175827559113,0.0086540553783244,0.0052446011047659,0.9998568809865094,True,True,True,True,FULL,FULL_direct_poly_rank_1
45,2.87,4.1,13.67,13.42,13.42,16.705556614946417,1.2195121951219514,30.12555661494642,1.6634039681803665,13.42,21.17344090639486,1.2195121951219514,34.59344090639486,1.5633648740199149,4.467884291448442,4.467884291448442,4.467884291448442,4.467884291448442,-0.10003909416045165,0.10003909416045165,0.1145753194993758,0.0655408959210806,0.9980741070487172,True,True,True,True,FULL,FULL_direct_poly_rank_1
46,0.79,1.5,0.8,0.665,0.665,6.166849946093346,3.3333333333333335,6.831849946093346,3.9230290740544778,0.665,8.11906729268463,3.3333333333333335,8.78406729268463,3.766222753448373,1.9522173465912838,1.9522173465912838,1.9522173465912847,1.9522173465912847,-0.15680632060610478,0.15680632060610478,0.0066181746428163,0.0042657085696896,0.9979401570736248,True,True,True,True,FULL,FULL_direct_poly_rank_1
47,0.6,2.175,5.04,4.655,4.655,2.141531174694559,2.298850574712644,6.796531174694559,6.310564627174357,4.655,2.0231671652018877,2.298850574712644,6.678167165201888,6.639343898901277,-0.11836400949267123,0.11836400949267123,-0.11836400949267123,0.11836400949267123,0.32877927172692,0.32877927172692,0.0253926545830397,0.0123790693552042,0.9988788403572032,True,True,True,True,FULL,FULL_direct_poly_rank_1
48,2.37,4.125,16.38,14.3675,14.3675,112.7264689844744,1.2121212121212122,127.0939689844744,1.4228254925840296,14.3675,100.02459619554344,1.2121212121212122,114.39209619554344,1.454316803914636,-12.701872788930956,12.701872788930956,-12.701872788930956,12.701872788930956,0.03149131133060634,0.03149131133060634,0.0762300629879033,0.0476180493898938,0.9993602845367928,True,True,True,True,FULL,FULL_direct_poly_rank_1
49,1.46,2.566666666666667,4.68,4.1066666666666665,4.1066666666666665,30.593215473314466,1.948051948051948,34.69988213998113,2.300589855794831,4.1066666666666665,31.600942347496673,1.948051948051948,35.70760901416334,2.287700084898849,1.0077268741822074,1.0077268741822074,1.007726874182211,1.007726874182211,-0.012889770895982089,0.012889770895982089,0.0053821109552101,0.0033769434305937,0.9999606929085112,True,True,True,True,FULL,FULL_direct_poly_rank_1
50,4.16,4.75,15.04,14.775,14.775,58.5314735148253,1.0526315789473684,73.3064735148253,1.2144266984360343,14.775,54.66390168761688,1.0526315789473684,69.43890168761688,1.227639771258085,-3.8675718272084225,3.8675718272084225,-3.8675718272084225,3.8675718272084225,0.013213072822050753,0.013213072822050753,0.0284753880619284,0.0155144940611453,0.9998877498434948,True,True,True,True,FULL,FULL_direct_poly_rank_1
51,1.26,1.85,0.94,0.785,0.785,27.151829140946248,2.702702702702702,27.936829140946248,2.8751003676389564,0.785,39.33953081407992,2.702702702702702,40.12453081407992,2.818667282387558,12.187701673133674,12.187701673133674,12.18770167313367,12.18770167313367,-0.05643308525139856,0.05643308525139856,0.0068246539470549,0.0042205320614423,0.9988171871533756,True,True,True,True,FULL,FULL_direct_poly_rank_1
52,3.13,4.466666666666667,15.58,14.793333333333337,14.793333333333337,75.02328336156236,1.1194029850746268,89.8166166948957,1.313812712287742,14.793333333333337,63.81018626542074,1.1194029850746268,78.60351959875408,1.3544718140682594,-11.213097096141624,11.213097096141624,-11.213097096141624,11.213097096141624,0.04065910178051735,0.04065910178051735,0.0934712432045772,0.055043470106698,0.9989420477096782,True,True,True,True,FULL,FULL_direct_poly_rank_1
53,1.15,1.85,0.71,0.65,0.65,3.9933470021604136,2.702702702702702,4.6433470021604135,3.19021506632708,0.65,4.804558451798488,2.702702702702702,5.454558451798488,3.098052158041087,0.811211449638074,0.811211449638074,0.8112114496380745,0.8112114496380745,-0.09216290828599316,0.09216290828599316,0.0041730478742103,0.0026035491201846,0.9990152035162684,True,True,True,True,FULL,FULL_direct_poly_rank_1
54,0.35,2.175,4.68,4.205,4.205,1.283914851902833,2.298850574712644,5.488914851902833,11.46515887900422,4.205,1.2409554730692325,2.298850574712644,5.445955473069232,12.057453660328528,-0.04295937883360046,0.04295937883360046,-0.04295937883360068,0.04295937883360068,0.5922947813243091,0.5922947813243091,0.0183420497924807,0.0075968423257321,0.9989985244420784,True,True,True,True,FULL,FULL_direct_poly_rank_1
55,0.63,3.85,16.18,14.365,14.365,5.024596391351091,1.2987012987012987,19.38959639135109,6.152370825583352,14.365,4.827009974912597,1.2987012987012987,19.192009974912597,6.524118398141785,-0.19758641643849373,0.19758641643849373,-0.19758641643849373,0.19758641643849373,0.3717475725584327,0.3717475725584327,0.0751134401889268,0.0321373154858966,0.9986111909286264,True,True,True,True,FULL,FULL_direct_poly_rank_1
56,0.45,1.5666666666666669,0.87,0.6366666666666667,0.6366666666666667,1.8543711063769357,3.191489361702127,2.4910377730436024,5.520751658815112,0.6366666666666667,1.9060158140646477,3.191489361702127,2.5426824807313144,5.438675696182562,0.05164470768771201,0.05164470768771201,0.05164470768771201,0.05164470768771201,-0.08207596263255024,0.08207596263255024,0.0015500505137279,0.0010802655290441,0.9998718567875968,True,True,True,True,FULL,FULL_direct_poly_rank_1
57,0.58,2.175,5.35,4.42,4.42,5.5363451785319135,2.298850574712644,9.956345178531912,5.059116621676996,4.42,5.015372165304013,2.298850574712644,9.435372165304011,5.484246151151261,-0.5209730132279002,0.5209730132279002,-0.5209730132279002,0.5209730132279002,0.4251295294742654,0.4251295294742654,0.0458761155818095,0.0267659206054335,0.9966383045027832,True,True,True,True,FULL,FULL_direct_poly_rank_1
58,0.94,3.875,16.28,13.935,13.935,11.349260923481204,1.2903225806451613,25.28426092348121,3.405427164282276,13.935,10.105889549176498,1.2903225806451613,24.040889549176494,3.8250593300654137,-1.2433713743047061,1.2433713743047061,-1.243371374304715,1.243371374304715,0.41963216578313745,0.41963216578313745,0.1879811474273261,0.0993496947715553,0.9934753399255044,True,True,True,True,FULL,FULL_direct_poly_rank_1
59,0.13,1.5666666666666669,0.97,0.8033333333333333,0.8033333333333333,0.2782264175865835,3.191489361702127,1.0815597509199169,31.910981063129015,0.8033333333333333,0.3149197226423262,3.191489361702127,1.1182530559756596,25.372516931234223,0.0366933050557427,0.0366933050557427,0.03669330505574275,0.03669330505574275,-6.538464131894791,6.538464131894791,0.0131205227712966,0.0058006464463886,0.9833205656067558,True,True,True,True,FULL,FULL_direct_poly_rank_1
60,2.38,2.85,5.22,4.84,4.84,137.35939252357494,1.7543859649122806,142.19939252357494,1.8523237169572588,4.84,133.40890674788255,1.7543859649122806,138.24890674788256,1.8554872386559909,-3.9504857756923855,3.9504857756923855,-3.9504857756923855,3.9504857756923855,0.003163521698732019,0.003163521698732019,0.0032006475208403,0.0018169589473735,0.9999890429875344,True,True,True,True,FULL,FULL_direct_poly_rank_1
61,2.68,4.125,16.95,15.5375,15.5375,116.71406105996982,1.2121212121212122,132.25156105996982,1.3981039630569712,15.5375,99.88420496864246,1.2121212121212122,115.42170496864246,1.435026854986099,-16.829856091327358,16.829856091327358,-16.829856091327358,16.829856091327358,0.03692289192912779,0.03692289192912779,0.0979989018068809,0.0599623114582997,0.999033211516776,True,True,True,True,FULL,FULL_direct_poly_rank_1
62,0.71,1.6,1.14,0.9133333333333334,0.9133333333333334,5.696830896813862,3.125,6.610164230147195,3.976020028848459,0.9133333333333334,6.784845862983865,3.125,7.698179196317198,3.8198223749576465,1.088014966170003,1.088014966170003,1.088014966170003,1.088014966170003,-0.1561976538908123,0.1561976538908123,0.0075093736214145,0.0049769946466355,0.9985642896241332,True,True,True,True,FULL,FULL_direct_poly_rank_1
63,0.76,2.2,5.03,4.68,4.68,3.0326428857358856,2.2727272727272725,7.712642885735885,4.87933520201715,4.68,2.964612601847051,2.2727272727272725,7.644612601847051,4.954634532249422,-0.06803028388883448,0.06803028388883448,-0.06803028388883448,0.06803028388883448,0.07529933023227198,0.07529933023227198,0.0084010702568191,0.0044360666009386,0.9998948789738732,True,True,True,True,FULL,FULL_direct_poly_rank_1
64,2.73,4.125,15.88,13.97,13.97,220.02903798852773,1.2121212121212122,233.99903798852773,1.3339956390040135,13.97,191.28774293201528,1.2121212121212122,205.25774293201528,1.3548241500724505,-28.741295056512456,28.741295056512456,-28.741295056512456,28.741295056512456,0.020828511068436972,0.020828511068436972,0.0694659037758349,0.0428369555035658,0.9994698794725096,True,True,True,True,FULL,FULL_direct_poly_rank_1
65,0.63,1.5666666666666669,1.42,0.9733333333333332,0.9733333333333332,10.644929502666052,3.191489361702127,11.618262835999383,3.927118476960182,0.9733333333333332,14.409123346711755,3.191489361702127,15.38245668004509,3.713209483166272,3.7641938440457032,3.7641938440457032,3.764193844045707,3.764193844045707,-0.21390899379391026,0.21390899379391026,0.0137899439727102,0.0099234601430005,0.9972228351696796,True,True,True,True,FULL,FULL_direct_poly_rank_1
66,0.34,2.175,5.0,4.24,4.24,2.0482757543105174,2.298850574712644,6.288275754310518,10.49368724913285,4.24,1.9421650880035977,2.298850574712644,6.182165088003598,11.384206656767146,-0.10611066630691979,0.10611066630691979,-0.10611066630692001,0.10611066630692001,0.8905194076342955,0.8905194076342955,0.0324451220826626,0.0148383709646868,0.9972289412065511,True,True,True,True,FULL,FULL_direct_poly_rank_1
67,3.13,4.533333333333333,14.91,14.596666666666666,14.596666666666666,20.35467702287054,1.1029411764705883,34.951343689537204,1.4882877719989878,14.596666666666666,22.88832091768503,1.1029411764705883,37.48498758435169,1.4413654576371904,2.533643894814489,2.533643894814489,2.533643894814489,2.533643894814489,-0.04692231436179739,0.04692231436179739,0.0669843850098469,0.038479847975727,0.9994473179037476,True,True,True,True,FULL,FULL_direct_poly_rank_1
68,0.49,1.5666666666666669,0.79,0.63,0.63,1.4068332196782207,3.191489361702127,2.0368332196782206,5.5461514668738845,0.63,1.4282190938924009,3.191489361702127,2.0582190938924008,5.500644120948744,0.021385874214180145,0.021385874214180145,0.021385874214180145,0.021385874214180145,-0.04550734592514072,0.04550734592514072,0.0007655886726702,0.000499762859364,0.9999615763829404,True,True,True,True,FULL,FULL_direct_poly_rank_1
69,1.69,2.566666666666667,5.04,4.426666666666667,4.426666666666667,69.19774278410341,1.948051948051948,73.62440945077007,2.1459242646578933,4.426666666666667,74.74128124679979,1.948051948051948,79.16794791346645,2.1296953282025495,5.543538462696375,5.543538462696375,5.543538462696375,5.543538462696375,-0.016228936455343845,0.016228936455343845,0.0105973074955397,0.006571974149171,0.9998777540863146,True,True,True,True,FULL,FULL_direct_poly_rank_1
70,3.12,4.466666666666667,16.37,15.163333333333334,15.163333333333334,137.96164146287623,1.1194029850746268,153.12497479620956,1.2614658876838951,15.163333333333334,110.21152556368476,1.1194029850746268,125.37485889701809,1.3036966579910527,-27.75011589919147,27.75011589919147,-27.75011589919147,27.75011589919147,0.042230770307157606,0.042230770307157606,0.1282725968900087,0.0765024134753235,0.9981700871402248,True,True,True,True,FULL,FULL_direct_poly_rank_1
71,0.18,1.5666666666666669,0.87,0.6,0.6,0.5778652142592701,3.191489361702127,1.17786521425927,16.988625203858206,0.6,0.5844542007154155,3.191489361702127,1.1844542007154155,16.659163064117575,0.006588986456145474,0.006588986456145474,0.006588986456145474,0.006588986456145474,-0.329462139740631,0.329462139740631,0.0013165857494212,0.0007269971163567,0.9998594331915454,True,True,True,True,FULL,FULL_direct_poly_rank_1
72,0.42,2.175,5.1,3.8825,3.8825,4.482035276937978,2.298850574712644,8.364535276937978,6.759501195047857,3.8825,4.087172863171594,2.298850574712644,7.969672863171593,7.518746912810078,-0.39486241376638453,0.39486241376638453,-0.3948624137663854,0.3948624137663854,0.7592457177622212,0.7592457177622212,0.0514479366862556,0.0296158999140677,0.994581918056724,True,True,True,True,FULL,FULL_direct_poly_rank_1
73,1.09,3.85,15.19,13.3025,13.3025,11.821633061680007,1.2987012987012987,25.12413306168001,2.9737453064844868,13.3025,10.458143888589476,1.2987012987012987,23.76064388858948,3.2994551174804205,-1.3634891730905316,1.3634891730905316,-1.363489173090528,1.363489173090528,0.32570981099593377,0.32570981099593377,0.1672478883677369,0.0901653137813402,0.9946665734255408,True,True,True,True,FULL,FULL_direct_poly_rank_1
74,0.47,1.5666666666666669,0.66,0.5066666666666667,0.5066666666666667,1.2794449424210406,3.191489361702127,1.7861116090877074,5.540134014051035,0.5066666666666667,1.304109830592767,3.191489361702127,1.8107764972594336,5.482501536855842,0.024664888171726407,0.024664888171726407,0.024664888171726185,0.024664888171726185,-0.05763247719519349,0.05763247719519349,0.0008143549618179,0.0005480941378772,0.9999375543592026,True,True,True,True,FULL,FULL_direct_poly_rank_1
75,0.57,2.175,4.24,4.0125,4.0125,1.1193350008113887,2.298850574712644,5.131835000811389,7.4273022742503985,4.0125,1.0998160862795905,2.298850574712644,5.11231608627959,7.549347232638244,-0.019518914531798215,0.019518914531798215,-0.019518914531798437,0.019518914531798437,0.12204495838784535,0.12204495838784535,0.0065308618605365,0.0029414967901168,0.9998913537394044,True,True,True,True,FULL,FULL_direct_poly_rank_1
76,4.13,4.7,14.9,13.285,13.285,1213.8760619263403,1.0638297872340423,1227.1610619263406,1.0940505167399543,13.285,776.377020976055,1.0638297872340423,789.6620209760549,1.112574389566961,-437.49904095028535,437.49904095028535,-437.4990409502857,437.4990409502857,0.018523872827006738,0.018523872827006738,0.1483813993340838,0.0830337960780241,0.9983012970263208,True,True,True,True,FULL,FULL_direct_poly_rank_1
77,0.18,1.5666666666666669,0.88,0.4966666666666666,0.4966666666666666,0.8494890683979475,3.191489361702127,1.346155735064614,14.732448429095294,0.4966666666666666,0.8507392181132167,3.191489361702127,1.347405884779883,14.696567895360422,0.0012501497152692664,0.0012501497152692664,0.0012501497152690444,0.0012501497152690444,-0.03588053373487199,0.03588053373487199,0.0001871083749908,0.0001154026394956,0.9999980511082576,True,True,True,True,FULL,FULL_direct_poly_rank_1
78,1.25,2.566666666666667,4.37,3.77,3.77,17.6011784506471,1.948051948051948,21.3711784506471,2.4976694597033373,3.77,17.472689681855915,1.948051948051948,21.24268968185591,2.5024635866984695,-0.1284887687911862,0.1284887687911862,-0.12848876879118976,0.12848876879118976,0.004794126995132153,0.004794126995132153,0.0013917371291914,0.0008737829319851,0.9999967252468952,True,True,True,True,FULL,FULL_direct_poly_rank_1
79,3.62,4.5,14.62,13.843333333333334,13.843333333333334,173.78668847200146,1.1111111111111112,187.6300218053348,1.2115644521301927,13.843333333333334,128.34458221413217,1.1111111111111112,142.18791554746548,1.2532794803666305,-45.442106257869284,45.442106257869284,-45.44210625786931,45.44210625786931,0.0417150282364378,0.0417150282364378,0.1323801953311267,0.0752771124001294,0.9973970535933766,True,True,True,True,FULL,FULL_direct_poly_rank_1
80,0.11,1.5633333333333332,1.04,0.5006666666666667,0.5006666666666667,0.863642983300683,3.1982942430703627,1.3643096499673495,27.24084861115649,0.5006666666666667,0.9182890818884538,3.1982942430703627,1.4189557485551203,23.532466302481343,0.05464609858777081,0.05464609858777081,0.05464609858777081,0.05464609858777081,-3.708382308675148,3.708382308675148,0.0112733873888535,0.0065698449476627,0.9953394721798208,True,True,True,True,FULL,FULL_direct_poly_rank_1
81,0.23,2.1775,4.79,3.54875,3.54875,2.4552355004571034,2.296211251435132,6.003985500457103,14.649101403235154,3.54875,2.4448341713486395,2.296211251435132,5.9935841713486395,14.772586707643187,-0.01040132910846392,0.01040132910846392,-0.01040132910846392,0.01040132910846392,0.12348530440803351,0.12348530440803351,0.0028335153193808,0.0013938936832302,0.999974916706563,True,True,True,True,FULL,FULL_direct_poly_rank_1
82,0.39,3.9275,14.13,12.93,12.93,2.178980729198466,1.273074474856779,15.108980729198466,12.268593789286898,12.93,2.477176963439245,1.273074474856779,15.407176963439245,10.0340789739061,0.2981962342407787,0.2981962342407787,0.2981962342407787,0.2981962342407787,-2.2345148153807983,2.2345148153807983,0.1702067989846014,0.0619591447547626,0.9873868923564662,True,True,True,True,FULL,FULL_direct_poly_rank_1
83,0.21,1.5566666666666666,0.75,0.4896666666666667,0.4896666666666667,0.6541837303857423,3.211991434689508,1.143850397052409,13.109251845364824,0.4896666666666667,0.6471272045287415,3.211991434689508,1.1367938711954082,13.320543670882362,-0.007056525857000784,0.007056525857000784,-0.007056525857000784,0.007056525857000784,0.211291825517538,0.211291825517538,0.001040277317584,0.0006257018089793,0.9999003242503752,True,True,True,True,FULL,FULL_direct_poly_rank_1
84,1.52,2.19,4.53,3.98,3.98,84.48453784563569,2.2831050228310503,88.46453784563569,2.4678705594788535,3.98,100.1632387532424,2.2831050228310503,104.1432387532424,2.4365145976576654,15.67870090760671,15.67870090760671,15.67870090760671,15.67870090760671,-0.03135596182118805,0.03135596182118805,0.0179846205181098,0.0109627239676196,0.999575818937392,True,True,True,True,FULL,FULL_direct_poly_rank_1
85,0.46,3.86,15.2,13.9425,13.9425,2.582793456166362,1.2953367875647668,16.525293456166363,10.00333623780827,13.9425,2.7587696344024426,1.2953367875647668,16.701269634402443,9.025474727460423,0.17597617823608047,0.17597617823608047,0.17597617823608047,0.17597617823608047,-0.9778615103478465,0.9778615103478465,0.1025559935781087,0.0378020629890562,0.9964114683774572,True,True,True,True,FULL,FULL_direct_poly_rank_1
86,1.14,1.85,0.47,0.4455,0.4455,1.2635859558868447,2.702702702702702,1.7090859558868448,3.448989911906233,0.4455,1.6410628683704145,2.702702702702702,2.0865628683704145,3.258403014093136,0.37747691248356974,0.37747691248356974,0.37747691248356974,0.37747691248356974,-0.1905868978130969,0.1905868978130969,0.0042818366804877,0.0026176435884431,0.9977033914863598,True,True,True,True,FULL,FULL_direct_poly_rank_1
87,1.53,2.29,3.84,3.5879999999999996,3.5879999999999996,21.229112109709114,2.1834061135371177,24.817112109709115,2.5522940611621228,3.5879999999999996,24.20651655814484,2.1834061135371177,27.79451655814484,2.5012425831720866,2.9774044484357276,2.9774044484357276,2.977404448435724,2.977404448435724,-0.051051477990036176,0.051051477990036176,0.0155099568230281,0.0094011425132551,0.9995253255373322,True,True,True,True,FULL,FULL_direct_poly_rank_1
89,0.31,1.5733333333333333,0.64,0.434,0.434,0.831446191232911,3.1779661016949152,1.265446191232911,8.046929532076042,0.434,0.8096547470106783,3.1779661016949152,1.2436547470106782,8.252526545536558,-0.02179144422223267,0.02179144422223267,-0.02179144422223267,0.02179144422223267,0.2055970134605154,0.2055970134605154,0.0016543415781028,0.0011004814164509,0.9996965650983802,True,True,True,True,FULL,FULL_direct_poly_rank_1
90,0.44,2.0033333333333334,4.09,3.8813333333333335,3.8813333333333335,0.7845727106922662,2.4958402662229617,4.6659060440256,10.177837650659969,3.8813333333333335,0.7869924954652814,2.4958402662229617,4.668325828798615,10.144656203590277,0.002419784773015188,0.002419784773015188,0.002419784773015188,0.002419784773015188,-0.03318144706969228,0.03318144706969228,0.0011569263801544,0.0004795949237683,0.9999958160718192,True,True,True,True,FULL,FULL_direct_poly_rank_1
91,2.56,4.125,14.35,13.695,13.695,33.24347166872315,1.2121212121212122,46.93847166872315,1.5724619149710894,13.695,31.937260989612867,1.2121212121212122,45.63226098961287,1.58978608826116,-1.3062106791102863,1.3062106791102863,-1.3062106791102863,1.3062106791102863,0.017324173290070632,0.017324173290070632,0.0254084867478318,0.0152873581845378,0.9999143106699736,True,True,True,True,FULL,FULL_direct_poly_rank_1
92,0.1,1.5666666666666669,0.84,0.5786666666666667,0.5786666666666667,0.3913124802400913,3.191489361702127,0.969979146906758,37.39184550372476,0.5786666666666667,0.4491226170188047,3.191489361702127,1.0277892836854714,27.596357833123424,0.057810136778713384,0.057810136778713384,0.057810136778713384,0.057810136778713384,-9.795487670601336,9.795487670601336,0.0152835768687767,0.007940337807261,0.9748503091092744,True,True,True,True,FULL,FULL_direct_poly_rank_1
93,0.29,2.175,4.72,4.314,4.314,0.9127902034753363,2.298850574712644,5.226790203475336,15.255568277966066,4.314,0.9280335114630428,2.298850574712644,5.242033511463043,14.859661825856902,0.015243307987706456,0.015243307987706456,0.015243307987706345,0.015243307987706345,-0.3959064521091644,0.3959064521091644,0.0086491207827718,0.0032535957872992,0.9997525112046096,True,True,True,True,FULL,FULL_direct_poly_rank_1
94,2.24,4.125,16.29,15.185,15.185,36.934910613682646,1.2121212121212122,52.11991061368265,1.6343524111032697,15.185,33.72127253805634,1.2121212121212122,48.90627253805634,1.683120249121133,-3.2136380756263065,3.2136380756263065,-3.2136380756263065,3.2136380756263065,0.04876783801786333,0.04876783801786333,0.0739545822539031,0.0440743458957497,0.999391464505988,True,True,True,True,FULL,FULL_direct_poly_rank_1
95,0.15,1.5666666666666669,1.04,0.515,0.515,1.0180921290257392,3.191489361702127,1.533092129025739,17.824332391452327,0.515,1.0352567899910785,3.191489361702127,1.5502567899910784,17.25992372544675,0.017164660965339307,0.017164660965339307,0.017164660965339307,0.017164660965339307,-0.5644086660055763,0.5644086660055763,0.0028404474034676,0.0017417261780021,0.999721256865852,True,True,True,True,FULL,FULL_direct_poly_rank_1
96,0.32,2.225,5.75,4.01075,4.01075,4.5926707536336835,2.2471910112359548,8.603420753633683,8.90252129065327,4.01075,4.310288922030365,2.2471910112359548,8.321038922030365,9.807976270293224,-0.28238183160331864,0.28238183160331864,-0.28238183160331864,0.28238183160331864,0.9054549796399538,0.9054549796399538,0.047737881212668,0.0269913989902781,0.9961388873108924,True,True,True,True,FULL,FULL_direct_poly_rank_1
97,0.98,3.925,16.9,13.655,13.655,17.423005323734152,1.2738853503184715,31.07800532373415,2.9328424113361327,13.655,15.42152189923248,1.2738853503184715,29.07652189923248,3.26948328922451,-2.0014834245016715,2.0014834245016715,-2.0014834245016715,2.0014834245016715,0.33664087788837715,0.33664087788837715,0.192241987138602,0.1119925756119038,0.993875861983534,True,True,True,True,FULL,FULL_direct_poly_rank_1
98,0.12,1.5666666666666669,1.33,0.569,0.569,1.2856106349233354,3.191489361702127,1.854610634923335,23.13000566043724,0.569,1.3340610055865965,3.191489361702127,1.9030610055865964,21.249709437525222,0.04845037066326108,0.04845037066326108,0.0484503706632613,0.0484503706632613,-1.880296222912019,1.880296222912019,0.009081623556865,0.005446516612637,0.998468813865562,True,True,True,True,FULL,FULL_direct_poly_rank_1
99,0.38,2.1775,5.29,3.8055,3.8055,4.8847712477868654,2.296211251435132,8.690271247786866,7.231167894086396,3.8055,4.49406883662664,2.296211251435132,8.29956883662664,8.02347768293384,-0.3907024111602251,0.3907024111602251,-0.3907024111602251,0.3907024111602251,0.7923097888474446,0.7923097888474446,0.0511932706159756,0.0301538203589935,0.9950559315417274,True,True,True,True,FULL,FULL_direct_poly_rank_1
100,1.12,3.865,15.69,14.2025,14.2025,9.330787016774106,1.2936610608020698,23.533287016774107,3.133851414322128,14.2025,8.37880641409362,1.2936610608020698,22.58130641409362,3.4383231928523066,-0.9519806026804858,0.9519806026804858,-0.9519806026804858,0.9519806026804858,0.3044717785301785,0.3044717785301785,0.1516320630599984,0.0777271946491496,0.9959922260732224,True,True,True,True,FULL,FULL_direct_poly_rank_1
101,0.11,1.5599999999999998,1.19,0.5136666666666666,0.5136666666666666,1.0901897584596147,3.2051282051282053,1.6038564251262817,26.190812099681132,0.5136666666666666,1.147252088861174,3.2051282051282053,1.6609187555278404,23.1563421830276,0.05706233040155917,0.05706233040155917,0.057062330401558725,0.057062330401558725,-3.0344699166535314,3.0344699166535314,0.0113181225778491,0.0067079694633995,0.9969162357681678,True,True,True,True,FULL,FULL_direct_poly_rank_1
102,0.33,2.175,5.38,4.15275,4.15275,3.3230952595070686,2.298850574712644,7.475845259507069,9.464816530487427,4.15275,3.1183632557095464,2.298850574712644,7.271113255709547,10.424622574517214,-0.2047320037975222,0.2047320037975222,-0.2047320037975222,0.2047320037975222,0.9598060440297864,0.9598060440297864,0.0431302578406364,0.0223429455448109,0.9959853345798466,True,True,True,True,FULL,FULL_direct_poly_rank_1
103,0.94,4.6125,15.17,14.2325,14.2325,3.230539541690666,1.0840108401084012,17.463039541690666,4.61254903129243,14.2325,3.2050487295905317,1.0840108401084012,17.43754872959053,4.654697403684949,-0.025490812100134264,0.025490812100134264,-0.025490812100134264,0.025490812100134264,0.042148372392518674,0.042148372392518674,0.0116555125083479,0.0048316825578078,0.9999674575228472,True,True,True,True,FULL,FULL_direct_poly_rank_1
104,0.46,1.61,0.57,0.4153333333333333,0.4153333333333333,1.2195408766373736,3.105590062111801,1.634874209970707,5.380408458094788,0.4153333333333333,1.2431955093818623,3.105590062111801,1.6585288427151956,5.323870077804935,0.023654632744488646,0.023654632744488646,0.023654632744488646,0.023654632744488646,-0.0565383802898527,0.0565383802898527,0.000716879553149,0.0005000747075096,0.999936227245604,True,True,True,True,FULL,FULL_direct_poly_rank_1
105,0.38,2.1725,3.22,2.8175,2.8175,1.2095551373508462,2.3014959723820483,4.027055137350846,9.674876431868377,2.8175,1.1381659223104736,2.3014959723820483,3.9556659223104735,10.53678349422158,-0.07138921504037254,0.07138921504037254,-0.07138921504037254,0.07138921504037254,0.8619070623532039,0.8619070623532039,0.0227378677872887,0.0102293492259127,0.9969332824855972,True,True,True,True,FULL,FULL_direct_poly_rank_1
106,6.69,7.0,11.06,11.03,11.03,6.769176332863529,0.7142857142857143,17.799176332863528,0.9707346090728766,11.03,6.46776427950242,0.7142857142857143,17.49776427950242,0.98296342724287,-0.30141205336110843,0.30141205336110843,-0.30141205336110843,0.30141205336110843,0.012228818169993438,0.012228818169993438,0.0166374299700011,0.008419531786145,0.999930764498404,True,True,True,True,FULL,FULL_direct_poly_rank_1
107,0.15,1.5566666666666666,0.88,0.5103333333333334,0.5103333333333334,0.7081291518031402,3.211991434689508,1.2184624851364736,19.26598627033951,0.5103333333333334,0.7278209859677188,3.211991434689508,1.2381543193010522,18.27171601236631,0.019691834164578648,0.019691834164578648,0.019691834164578648,0.019691834164578648,-0.9942702579732021,0.9942702579732021,0.003661268636603,0.002142209033692,0.9991620525697518,True,True,True,True,FULL,FULL_direct_poly_rank_1
108,0.24,2.175,5.1,3.69825,3.69825,2.8769666070220197,2.298850574712644,6.5752166070220195,13.53664985652516,3.69825,2.83345049669109,2.298850574712644,6.53170049669109,13.939609279135864,-0.043516110330929614,0.043516110330929614,-0.043516110330929614,0.043516110330929614,0.40295942261070294,0.40295942261070294,0.0109157272809879,0.0055304847757241,0.999688742372508,True,True,True,True,FULL,FULL_direct_poly_rank_1
109,0.47,3.8575,14.84,13.285,13.285,3.275885261750222,1.2961762799740766,16.560885261750222,9.133208341560495,13.285,3.391603328266328,1.2961762799740766,16.676603328266328,8.6261639914694,0.11571806651610572,0.11571806651610572,0.11571806651610572,0.11571806651610572,-0.5070443500910944,0.5070443500910944,0.0572373317547455,0.0223220209781397,0.9988422890022166,True,True,True,True,FULL,FULL_direct_poly_rank_1
110,0.15,2.1675,1.23,0.6225,0.6225,0.9619833022068238,2.306805074971165,1.584483302206824,20.507804388385548,0.6225,0.9947855702940164,2.306805074971165,1.6172855702940163,18.80631213842354,0.032802268087192554,0.032802268087192554,0.03280226808719222,0.03280226808719222,-1.7014922499620084,1.7014922499620084,0.0074316222403909,0.0041581163085193,0.9984300334903626,True,True,True,True,FULL,FULL_direct_poly_rank_1
111,0.25,2.165,6.22,4.547499999999999,4.547499999999999,3.553532108811563,2.3094688221709005,8.101032108811562,12.896286747191096,4.547499999999999,3.474714965976565,2.3094688221709005,8.022214965976564,13.447725476795547,-0.07881714283499797,0.07881714283499797,-0.07881714283499797,0.07881714283499797,0.5514387296044507,0.5514387296044507,0.0193602119747239,0.0098339112917162,0.999347619220616,True,True,True,True,FULL,FULL_direct_poly_rank_1
112,0.46,4.1075,18.37,16.2525,16.2525,4.204330792736471,1.217285453438831,20.456830792736472,9.296747223836368,16.2525,4.453996367998382,1.217285453438831,20.706496367998383,8.438951645210485,0.24966557526191124,0.24966557526191124,0.24966557526191124,0.24966557526191124,-0.8577955786258826,0.8577955786258826,0.1159632038885558,0.0459842940203278,0.9967504301960304,True,True,True,True,FULL,FULL_direct_poly_rank_1
113,0.21,1.5599999999999998,0.72,0.5333333333333333,0.5333333333333333,0.4530839141628877,3.2051282051282053,0.9864172474962212,14.758619332850811,0.5333333333333333,0.4500345184745858,3.2051282051282053,0.9833678518079192,14.913443294880413,-0.0030493956883018702,0.0030493956883018702,-0.0030493956883019813,0.0030493956883019813,0.15482396202960125,0.15482396202960125,0.0006011268451738,0.0003255161143929,0.999955766039298,True,True,True,True,FULL,FULL_direct_poly_rank_1
114,0.46,2.215,4.54,3.755,3.755,3.0550946555112306,2.2573363431151243,6.8100946555112305,6.812602552841997,3.755,2.7729478401934653,2.2573363431151243,6.527947840193465,7.61334664983511,-0.2821468153177653,0.2821468153177653,-0.2821468153177653,0.2821468153177653,0.800744096993113,0.800744096993113,0.0472294928807753,0.0249712127068483,0.9941612774481704,True,True,True,True,FULL,FULL_direct_poly_rank_1
115,3.02,4.84,14.29,13.226666666666668,13.226666666666668,67.62238227774218,1.0330578512396695,80.84904894440885,1.2379494369579531,13.226666666666668,55.18562462828168,1.0330578512396695,68.41229129494835,1.2940038151633737,-12.436757649460496,12.436757649460496,-12.436757649460503,12.436757649460503,0.056054378205420585,0.056054378205420585,0.1262122585286635,0.0774359861360153,0.9977922622441612,True,True,True,True,FULL,FULL_direct_poly_rank_1
116,0.1,1.5533333333333337,1.16,0.5640000000000001,0.5640000000000001,0.912890584776652,3.218884120171673,1.476890584776652,31.1344826944979,0.5640000000000001,0.98828403348045,3.218884120171673,1.5522840334804502,25.57597359232145,0.07539344870379805,0.07539344870379805,0.07539344870379816,0.07539344870379816,-5.558509102176451,5.558509102176451,0.0162483270613075,0.0093415141320734,0.9918971386437636,True,True,True,True,FULL,FULL_direct_poly_rank_1
117,0.28,2.16,4.98,3.80875,3.80875,2.7207253448886286,2.314814814814815,6.5294753448886285,11.627647012732409,3.80875,2.6191569435801227,2.314814814814815,6.427906943580123,12.418179090350044,-0.10156840130850586,0.10156840130850586,-0.10156840130850586,0.10156840130850586,0.7905320776176357,0.7905320776176357,0.0251808267086329,0.0125781100820587,0.998272701551836,True,True,True,True,FULL,FULL_direct_poly_rank_1
118,0.84,3.88,14.83,12.9825,12.9825,7.331910697776193,1.288659793814433,20.314410697776193,4.123242699657944,12.9825,6.666556365966768,1.288659793814433,19.649056365966768,4.604268145567261,-0.665354331809425,0.665354331809425,-0.665354331809425,0.665354331809425,0.4810254459093164,0.4810254459093164,0.1510586658502465,0.0734959231017785,0.9945024632319102,True,True,True,True,FULL,FULL_direct_poly_rank_1
119,0.05,1.5533333333333337,1.06,0.4603333333333333,0.4603333333333333,0.7347138188950575,3.218884120171673,1.1950471522283908,76.69251608229672,0.4603333333333333,0.9276486988208744,3.218884120171673,1.3879820321542078,39.763499168084685,0.19293487992581693,0.19293487992581693,0.19293487992581704,0.19293487992581704,-36.929016914212035,36.929016914212035,0.0451670666907842,0.0262595788043593,0.9255993466005986,True,True,True,True,FULL,FULL_direct_poly_rank_1
120,0.24,2.1675,5.34,3.634,3.634,3.551284821064535,2.306805074971165,7.185284821064535,12.76758648025316,3.634,3.474670165432633,2.306805074971165,7.108670165432633,13.30931856804056,-0.07661465563190184,0.07661465563190184,-0.07661465563190184,0.07661465563190184,0.5417320877874001,0.5417320877874001,0.0168283529953049,0.008999968832157,0.9993942643471456,True,True,True,True,FULL,FULL_direct_poly_rank_1
121,0.58,3.8475,15.72,12.52,12.52,8.509190021060213,1.299545159194282,21.029190021060213,5.626700720273117,12.52,8.032577350431573,1.299545159194282,20.552577350431573,6.150721941210371,-0.47661267062864,0.47661267062864,-0.47661267062864,0.47661267062864,0.5240212209372537,0.5240212209372537,0.1136500826498566,0.0565024655240967,0.996618814473102,True,True,True,True,FULL,FULL_direct_poly_rank_1
122,0.16,1.7866666666666664,1.46,0.5153333333333333,0.5153333333333333,1.791622665699797,2.7985074626865676,2.3069559990331303,15.27471027903135,0.5153333333333333,1.764492392917458,2.7985074626865676,2.2798257262507913,15.76667826990908,-0.027130272782338816,0.027130272782338816,-0.027130272782339038,0.027130272782339038,0.4919679908777308,0.4919679908777308,0.0042651661757592,0.0026842767500909,0.9997863691873002,True,True,True,True,FULL,FULL_direct_poly_rank_1
123,0.34,2.19,5.86,3.70375,3.70375,6.4076526447249105,2.2831050228310503,10.11140264472491,7.4904783908875965,3.70375,5.962062285694506,2.2831050228310503,9.665812285694503,8.238954017116773,-0.44559035903040467,0.44559035903040467,-0.44559035903040645,0.44559035903040645,0.748475626229177,0.748475626229177,0.0528713485821602,0.0330942296733284,0.9962682889497616,True,True,True,True,FULL,FULL_direct_poly_rank_1
124,0.72,3.9025,15.23,13.1975,13.1975,6.547895084347095,1.2812299807815504,19.745395084347095,4.922489465268678,13.1975,6.087562459675871,1.2812299807815504,19.28506245967587,5.426949785325277,-0.46033262467122427,0.46033262467122427,-0.46033262467122427,0.46033262467122427,0.5044603200565989,0.5044603200565989,0.1271907767900121,0.0594347099115637,0.9958701934807828,True,True,True,True,FULL,FULL_direct_poly_rank_1
125,0.13,1.5766666666666669,0.83,0.5316666666666667,0.5316666666666667,0.5110542316499418,3.1712473572938684,1.0427208983166083,25.070549134255213,0.5316666666666667,0.5438876842499145,3.1712473572938684,1.0755543509165812,21.974242794976824,0.03283345259997272,0.03283345259997272,0.032833452599972945,0.032833452599972945,-3.0963063392783887,3.0963063392783887,0.0075481245378952,0.0041131025113294,0.9949237706859622,True,True,True,True,FULL,FULL_direct_poly_rank_1
126,0.33,2.195,4.91,4.2615,4.2615,1.6629195649406574,2.277904328018223,5.924419564940657,11.444353107108954,4.2615,1.5984548269586671,2.277904328018223,5.859954826958667,12.179970264794571,-0.06446473798199026,0.06446473798199026,-0.06446473798199026,0.06446473798199026,0.735617157685617,0.735617157685617,0.0235285666920044,0.0101833184080006,0.9984390949716526,True,True,True,True,FULL,FULL_direct_poly_rank_1
127,2.99,4.513333333333333,16.39,14.923333333333332,14.923333333333332,140.10135047238424,1.1078286558345645,155.0246838057176,1.2549920885699382,14.923333333333332,113.46424196430792,1.1078286558345645,128.38757529764126,1.295729352461542,-26.637108508076324,26.637108508076324,-26.637108508076324,26.637108508076324,0.040737263891603925,0.040737263891603925,0.1254410877252631,0.0764413558576085,0.9982968816346348,True,True,True,True,FULL,FULL_direct_poly_rank_1
128,0.22,1.5666666666666669,1.38,0.6789999999999999,0.6789999999999999,1.9691572578488556,3.191489361702127,2.6481572578488555,10.298464829923804,0.6789999999999999,1.940927410623975,3.191489361702127,2.6199274106239745,10.487254627564475,-0.028229847224880755,0.028229847224880755,-0.028229847224880977,0.028229847224880977,0.1887897976406716,0.1887897976406716,0.0026381822611944,0.0018128690666069,0.9998832614685578,True,True,True,True,FULL,FULL_direct_poly_rank_1
129,0.39,2.18,6.11,4.593,4.593,5.057943521426855,2.293577981651376,9.650943521426855,7.34235077378404,4.593,4.641174753627832,2.293577981651376,9.234174753627832,8.178218418789356,-0.4167687677990237,0.4167687677990237,-0.4167687677990237,0.4167687677990237,0.8358676450053162,0.8358676450053162,0.0604878578235287,0.0343171413905535,0.9946100919702208,True,True,True,True,FULL,FULL_direct_poly_rank_1
130,2.78,4.13,17.18,15.5675,15.5675,173.2142161184181,1.2106537530266344,188.7817161184181,1.354578535378103,15.5675,145.90583717530478,1.2106537530266344,161.47333717530478,1.385827391735207,-27.308378943113325,27.308378943113325,-27.308378943113325,27.308378943113325,0.03124885635710406,0.03124885635710406,0.0989129527245741,0.060161263571933,0.999036445852502,True,True,True,True,FULL,FULL_direct_poly_rank_1
131,0.3,1.57,0.69,0.4403333333333333,0.4403333333333333,0.989606450202688,3.184713375796178,1.4299397835360212,7.9675990689291964,0.4403333333333333,0.9704562811101054,3.184713375796178,1.4107896144434386,8.11558453875496,-0.019150169092582603,0.019150169092582603,-0.019150169092582603,0.019150169092582603,0.14798546982576433,0.14798546982576433,0.0013342397171911,0.0009154706963843,0.99984272692247,True,True,True,True,FULL,FULL_direct_poly_rank_1
132,0.38,2.2025,4.61,3.49275,3.49275,3.5417527605950667,2.270147559591374,7.034502760595067,7.697329513236288,3.49275,3.2597137927821818,2.270147559591374,6.752463792782182,8.58644908150125,-0.28203896781288496,0.28203896781288496,-0.28203896781288496,0.28203896781288496,0.8891195682649622,0.8891195682649622,0.0452089315143663,0.0250724098550095,0.9945472199110532,True,True,True,True,FULL,FULL_direct_poly_rank_1
133,0.58,3.89,14.25,12.71,12.71,3.870375185655917,1.2853470437017995,16.580375185655917,6.937928600833182,12.71,3.8067899670888536,1.2853470437017995,16.516789967088854,7.11634298262973,-0.06358521856706334,0.06358521856706334,-0.0635852185670629,0.0635852185670629,0.17841438179654823,0.17841438179654823,0.027189359988119,0.0112169830783461,0.99975027538662,True,True,True,True,FULL,FULL_direct_poly_rank_1
134,0.29,1.5933333333333335,0.81,0.6846666666666668,0.6846666666666668,0.4027161872827163,3.1380753138075312,1.087382853949383,11.679447292728767,0.6846666666666668,0.3895672360013777,3.1380753138075312,1.0742339026680443,12.173507046536931,-0.013148951281338583,0.013148951281338583,-0.01314895128133875,0.01314895128133875,0.49405975380816436,0.49405975380816436,0.0028783079721142,0.0014393364208395,0.9992496342908436,True,True,True,True,FULL,FULL_direct_poly_rank_1
135,0.42,2.1925,4.74,4.255,4.255,1.6007301765706998,2.280501710376283,5.8557301765707,9.079561652406012,4.255,1.5046876261640243,2.280501710376283,5.759687626164024,9.8393933508448,-0.09604255040667553,0.09604255040667553,-0.09604255040667553,0.09604255040667553,0.7598316984387878,0.7598316984387878,0.0324346355370275,0.0143635017889012,0.9972963956409306,True,True,True,True,FULL,FULL_direct_poly_rank_1
136,2.48,4.18,15.4,14.19,14.19,62.34454554337887,1.1961722488038278,76.53454554337887,1.469660738779334,14.19,54.7612352986056,1.1961722488038278,68.9512352986056,1.515170735074706,-7.583310244773273,7.583310244773273,-7.583310244773273,7.583310244773273,0.045509996295372,0.045509996295372,0.0868564510348856,0.0531001540834782,0.9990803436309288,True,True,True,True,FULL,FULL_direct_poly_rank_1
137,1.18,1.85,0.63,0.575,0.575,4.239497230710774,2.702702702702702,4.814497230710774,3.1309195303367727,0.575,5.135046757524688,2.702702702702702,5.7100467575246885,3.0477502987964837,0.8955495268139142,0.8955495268139142,0.8955495268139142,0.8955495268139142,-0.08316923154028899,0.08316923154028899,0.0036109204642015,0.0022435152955397,0.9990568883398512,True,True,True,True,FULL,FULL_direct_poly_rank_1
138,0.99,2.6033333333333335,4.93,4.496666666666667,4.496666666666667,4.9592094785200045,1.9206145966709345,9.455876145186672,3.460965956174455,4.496666666666667,4.6599389407797736,1.9206145966709345,9.15660560744644,3.587218495895433,-0.29927053774023094,0.29927053774023094,-0.29927053774023094,0.29927053774023094,0.12625253972097816,0.12625253972097816,0.0209682866054859,0.0118024274778291,0.999351163323014,True,True,True,True,FULL,FULL_direct_poly_rank_1
139,1.92,4.2125,17.14,16.56,16.56,9.158812659704571,1.1869436201780414,25.71881265970457,2.22655990128023,16.56,9.65370792638702,1.1869436201780414,26.21370792638702,2.167500820682423,0.4948952666824482,0.4948952666824482,0.4948952666824482,0.4948952666824482,-0.05905908059780707,0.05905908059780707,0.0542780856352206,0.0291397804880004,0.9996868477205874,True,True,True,True,FULL,FULL_direct_poly_rank_1
140,0.42,1.7400000000000002,0.83,0.4525,0.4525,2.5886372580129136,2.8735632183908044,3.0411372580129137,4.84879553279124,0.4525,2.6962307709393563,2.8735632183908044,3.1487307709393564,4.7459041026977244,0.1075935129264427,0.1075935129264427,0.1075935129264427,0.1075935129264427,-0.10289143009351598,0.10289143009351598,0.0023373296661195,0.0018409132297485,0.999764404667368,True,True,True,True,FULL,FULL_direct_poly_rank_1
141,1.23,2.5733333333333337,4.22,4.026666666666666,4.026666666666666,3.714553371745124,1.94300518134715,7.74122003841179,3.22230726876678,4.026666666666666,4.089432876394427,1.94300518134715,8.116099543061093,3.0900780643777113,0.37487950464930275,0.37487950464930275,0.37487950464930275,0.37487950464930275,-0.13222920438906893,0.13222920438906893,0.0218173555547089,0.0123220075110336,0.9991836185539424,True,True,True,True,FULL,FULL_direct_poly_rank_1
142,1.79,4.84,15.01,14.9025,14.9025,0.8901040923931092,1.0330578512396695,15.792604092393107,3.4546415460563873,14.9025,1.6019108411457663,1.0330578512396695,16.504410841145766,2.64664437726126,0.7118067487526571,0.7118067487526571,0.7118067487526591,0.7118067487526591,-0.8079971687951275,0.8079971687951275,0.4019402541943935,0.1795277907336557,0.9714938214936928,True,True,True,True,FULL,FULL_direct_poly_rank_1
143,0.33,1.5733333333333333,0.58,0.4766666666666666,0.4766666666666666,0.4098600862261488,3.1779661016949152,0.8865267528928155,9.368454028225154,0.4766666666666666,0.3926178651524819,3.1779661016949152,0.8692845318191486,9.80143449949516,-0.017242221073666852,0.017242221073666852,-0.017242221073666908,0.017242221073666908,0.4329804712700067,0.4329804712700067,0.0024494925194561,0.0013515891986334,0.9990466285790272,True,True,True,True,FULL,FULL_direct_poly_rank_1
144,0.43,2.1725,4.53,3.8975,3.8975,2.2412867147074325,2.3014959723820483,6.138786714707432,7.955893974394428,3.8975,2.0630784925871923,2.3014959723820483,5.960578492587192,8.819441609645802,-0.17820822212024012,0.17820822212024012,-0.17820822212024012,0.17820822212024012,0.8635476352513738,0.8635476352513738,0.0415969341704,0.0202464498653176,0.9952488351610792,True,True,True,True,FULL,FULL_direct_poly_rank_1
145,3.33,4.496666666666667,14.77,14.159999999999998,14.159999999999998,71.68575820940592,1.111934766493699,85.84575820940591,1.2931877819034847,14.159999999999998,61.38845846689412,1.111934766493699,75.54845846689412,1.3291779650620223,-10.297299742511797,10.297299742511797,-10.297299742511797,10.297299742511797,0.035990183158537636,0.035990183158537636,0.079279390841531,0.0457951522341467,0.9991367307515872,True,True,True,True,FULL,FULL_direct_poly_rank_1
146,0.13,1.5599999999999998,0.68,0.5633333333333334,0.5633333333333334,0.1951982739754749,3.2051282051282053,0.7585316073088083,31.88575510060682,0.5633333333333334,0.2208678367892833,3.2051282051282053,0.7842011701226167,25.38074352948073,0.02566956281380839,0.02566956281380839,0.02566956281380839,0.02566956281380839,-6.50501157112609,6.50501157112609,0.0091702916384954,0.0040552486051608,0.983444712316474,True,True,True,True,FULL,FULL_direct_poly_rank_1
147,1.84,3.1775,4.39,3.69,3.69,48.191526905344915,1.5735641227380015,51.88152690534491,1.779339325853626,3.69,49.30329307660097,1.5735641227380015,52.99329307660097,1.7741164962474056,1.1117661712560576,1.1117661712560576,1.1117661712560576,1.1117661712560576,-0.005222829606220447,0.005222829606220447,0.0031666681725569,0.0020130327433666,0.9999854177228436,True,True,True,True,FULL,FULL_direct_poly_rank_1
148,2.23,4.3774999999999995,15.49,14.875,14.875,14.10295307840756,1.142204454597373,28.97795307840756,1.8301286904573817,14.875,14.17351291253894,1.142204454597373,29.04851291253894,1.8261844567453465,0.07055983413137845,0.07055983413137845,0.07055983413138023,0.07055983413138023,-0.003944233712035228,0.003944233712035228,0.0043024516554629,0.0024272022774962,0.99999773120174,True,True,True,True,FULL,FULL_direct_poly_rank_1
149,0.18,1.5599999999999998,0.96,0.5433333333333333,0.5433333333333333,0.9264981470545324,3.2051282051282053,1.4698314803878656,14.731251978605432,0.5433333333333333,0.9282169990364754,3.2051282051282053,1.4715503323698087,14.686255772796889,0.0017188519819429926,0.0017188519819429926,0.0017188519819431036,0.0017188519819431036,-0.04499620580854291,0.04499620580854291,0.0002563094357437,0.0001582086334801,0.9999969176845336,True,True,True,True,FULL,FULL_direct_poly_rank_1
150,0.4,2.175,5.29,4.25,4.25,3.4798658017251105,2.298850574712644,7.7298658017251105,7.755705088302538,4.25,3.1932246914273072,2.298850574712644,7.443224691427307,8.65848581913693,-0.28664111029780326,0.28664111029780326,-0.28664111029780326,0.28664111029780326,0.902780730834392,0.902780730834392,0.0521475199121851,0.0274890717574612,0.9944114868650002,True,True,True,True,FULL,FULL_direct_poly_rank_1
151,0.99,3.6125,15.85,14.965,14.965,4.712295648967803,1.384083044982699,19.677295648967803,4.185634509215309,14.965,4.469385276120288,1.384083044982699,19.434385276120288,4.395588219797964,-0.24291037284751482,0.24291037284751482,-0.24291037284751482,0.24291037284751482,0.20995371058265455,0.20995371058265455,0.0753762403688129,0.0345020667778619,0.99899849967108,True,True,True,True,FULL,FULL_direct_poly_rank_1
152,1.16,1.9,0.64,0.54,0.54,8.918859589233094,2.6315789473684212,9.458859589233091,2.9158636476035604,0.54,11.411195397374136,2.6315789473684212,11.951195397374136,2.8483477772412953,2.4923358081410427,2.4923358081410427,2.4923358081410445,2.4923358081410445,-0.06751587036226514,0.06751587036226514,0.004069177628682,0.0025948911868996,0.9989245933953635,True,True,True,True,FULL,FULL_direct_poly_rank_1
153,1.3,2.566666666666667,4.2,3.9333333333333336,3.9333333333333336,6.732843008196392,1.948051948051948,10.666176341529724,2.832743127876559,3.9333333333333336,7.035258397507118,1.948051948051948,10.968591730840451,2.788274974411171,0.30241538931072576,0.30241538931072576,0.30241538931072753,0.30241538931072753,-0.04446815346538813,0.04446815346538813,0.0091448747016542,0.0053865860814788,0.999856676340494,True,True,True,True,FULL,FULL_direct_poly_rank_1
154,5.1,31.453947067343865,14.28,13.490170336848536,13.490170336848536,2.087839211051561,0.1589625616554528,15.578009547900097,0.9263059984631752,13.490170336848536,2.36880826709306,0.1589625616554528,15.858978603941596,0.8036374128692945,0.28096905604149924,0.28096905604149924,0.28096905604149924,0.28096905604149924,-0.12266858559388072,0.12266858559388072,0.1512406227099389,0.0588699569702725,0.9927188331296956,True,True,True,True,FULL,FULL_direct_poly_rank_1
155,0.56,1.5599999999999998,0.58,0.4766666666666666,0.4766666666666666,1.2430840918042927,3.2051282051282053,1.7197507584709593,5.0236277196711585,0.4766666666666666,1.308536643514835,3.2051282051282053,1.7852033101815012,4.9114315738666985,0.0654525517105422,0.0654525517105422,0.06545255171054198,0.06545255171054198,-0.11219614580446002,0.11219614580446002,0.0016537780859386,0.0010711090065956,0.9996904296373774,True,True,True,True,FULL,FULL_direct_poly_rank_1
156,0.67,2.1775,4.06,3.745,3.745,2.1627193549790276,2.296211251435132,5.907719354979028,5.4890381882934465,3.745,2.056484158393478,2.296211251435132,5.801484158393478,5.709299376098069,-0.10623519658554947,0.10623519658554947,-0.10623519658554947,0.10623519658554947,0.22026118780462234,0.22026118780462234,0.0166790641360251,0.0085467769965172,0.9993097320814768,True,True,True,True,FULL,FULL_direct_poly_rank_1
157,1.32,3.9,14.36,13.5925,13.5925,6.126023681195667,1.2820512820512822,19.718523681195663,3.032176279008363,13.5925,5.839643712691684,1.2820512820512822,19.432143712691683,3.140957529944698,-0.28637996850398295,0.28637996850398295,-0.2863799685039794,0.2863799685039794,0.10878125093633528,0.10878125093633528,0.0540418947457482,0.026953132079605,0.9994615464766152,True,True,True,True,FULL,FULL_direct_poly_rank_1
158,0.17,1.6233333333333333,1.0,0.5720000000000001,0.5720000000000001,0.8749487231528226,3.080082135523614,1.4469487231528226,16.31818533574024,0.5720000000000001,0.8818080384540865,3.080082135523614,1.4538080384540866,16.0870908053398,0.006859315301263935,0.006859315301263935,0.006859315301263935,0.006859315301263935,-0.2310945304004406,0.2310945304004406,0.0011732822583572,0.0007002499598637,0.9999369892028313,True,True,True,True,FULL,FULL_direct_poly_rank_1
159,0.32,2.1825,5.06,4.11975,4.11975,2.410582651104151,2.290950744558992,6.530332651104151,10.626543938716322,4.11975,2.2897549814505744,2.290950744558992,6.409504981450574,11.53661852422072,-0.12082766965357639,0.12082766965357639,-0.12082766965357639,0.12082766965357639,0.9100745855043986,0.9100745855043986,0.0328427900011767,0.0156782386343741,0.9971781169565914,True,True,True,True,FULL,FULL_direct_poly_rank_1
160,1.07,3.895,14.3,13.0025,13.0025,7.31537030166651,1.2836970474967908,20.31787030166651,3.3651116062820727,13.0025,6.616542991950434,1.2836970474967908,19.619042991950433,3.6913835938810418,-0.6988273097160764,0.6988273097160764,-0.6988273097160764,0.6988273097160764,0.326271987598969,0.326271987598969,0.1337289797423538,0.0665442502552899,0.9961098489649572,True,True,True,True,FULL,FULL_direct_poly_rank_1
161,0.1,1.5666666666666669,0.85,0.5843333333333334,0.5843333333333334,0.3978559436075378,3.191489361702127,0.9821892769408712,37.33548887229885,0.5843333333333334,0.4563834974490477,3.191489361702127,1.040716830782381,27.577385641629444,0.05852755384150993,0.05852755384150993,0.05852755384150987,0.05852755384150987,-9.758103230669409,9.758103230669409,0.0154430440338129,0.0080313356788932,0.9750191235189252,True,True,True,True,FULL,FULL_direct_poly_rank_1
162,0.24,2.175,6.09,4.409,4.409,3.4511384121172206,2.298850574712644,7.86013841211722,13.515323404054092,4.409,3.398318798329396,2.298850574712644,7.807318798329396,13.922480558926608,-0.052819613787824515,0.052819613787824515,-0.052819613787824515,0.052819613787824515,0.40715715487251636,0.40715715487251636,0.0132013651401784,0.0066985528268755,0.999681547542972,True,True,True,True,FULL,FULL_direct_poly_rank_1
163,0.5,3.8625,16.89,15.2325,15.2325,3.655467066441505,1.2944983818770228,18.887967066441504,8.601598077321363,15.2325,3.747550820814743,1.2944983818770228,18.980050820814743,8.266376695952124,0.09208375437323779,0.09208375437323779,0.09208375437323824,0.09208375437323824,-0.33522138136923907,0.33522138136923907,0.0465293614159255,0.0180873879690381,0.9994302778626748,True,True,True,True,FULL,FULL_direct_poly_rank_1
164,0.07,1.5566666666666666,0.85,0.5843333333333334,0.5843333333333334,0.3510048045966245,3.211991434689508,0.935338137929958,59.36701870371923,0.5843333333333334,0.4548553866948461,3.211991434689508,1.0391887200281795,33.790101801261216,0.10385058209822162,0.10385058209822162,0.10385058209822151,0.10385058209822151,-25.576916902458017,25.576916902458017,0.0265880822587658,0.0144487413663534,0.9204604878160444,True,True,True,True,FULL,FULL_direct_poly_rank_1
165,0.23,2.1675,5.85,4.43275,4.43275,2.80147060168731,2.306805074971165,7.23422060168731,14.978792929839672,4.43275,2.7970220892927795,2.306805074971165,7.22977208929278,15.02570295552875,-0.004448512394530368,0.004448512394530368,-0.004448512394530368,0.004448512394530368,0.04691002568907798,0.04691002568907798,0.0012752417061016,0.0006138350069661,0.9999964879775016,True,True,True,True,FULL,FULL_direct_poly_rank_1
166,0.75,3.8625,16.87,15.795,15.795,3.4935563581594646,1.2944983818770228,19.288556358159465,5.80409010742513,15.795,3.4113327308490557,1.2944983818770228,19.206332730849056,5.977163500457097,-0.08222362731040889,0.08222362731040889,-0.08222362731040889,0.08222362731040889,0.17307339303196745,0.17307339303196745,0.0410265076239062,0.0166087481231522,0.9996623468036788,True,True,True,True,FULL,FULL_direct_poly_rank_1
167,0.17,1.5599999999999998,0.8,0.5579999999999999,0.5579999999999999,0.4953159279041487,3.2051282051282053,1.0533159279041486,18.51576110820791,0.5579999999999999,0.5061404029254429,3.2051282051282053,1.0641404029254429,17.811601735354735,0.010824475021294244,0.010824475021294244,0.010824475021294244,0.010824475021294244,-0.7041593728531765,0.7041593728531765,0.0023191061034788,0.0012565347675779,0.999461339941028,True,True,True,True,FULL,FULL_direct_poly_rank_1
168,1.11,2.563333333333333,4.61,4.293333333333333,4.293333333333333,4.918051194692046,1.950585175552666,9.21138452802538,3.258019017990617,4.293333333333333,4.89550927341779,1.950585175552666,9.188842606751123,3.265271662559936,-0.022541921274255472,0.022541921274255472,-0.02254192127425725,0.02254192127425725,0.007252644569319067,0.007252644569319067,0.001268868001996,0.0007212537409978,0.9999975127689866,True,True,True,True,FULL,FULL_direct_poly_rank_1
169,3.93,4.553333333333334,16.61,16.513333333333332,16.513333333333332,14.198414912137522,1.0980966325036603,30.711748245470854,1.4757256498343354,16.513333333333332,25.489678147017766,1.0980966325036603,42.0030114803511,1.310147692173349,11.291263234880244,11.291263234880244,11.291263234880244,11.291263234880244,-0.16557795766098637,0.16557795766098637,0.2333738205946193,0.1249605754780444,0.9942075945536404,True,True,True,True,FULL,FULL_direct_poly_rank_1
170,0.19,1.5533333333333337,0.76,0.5436666666666666,0.5436666666666666,0.4848535368761771,3.218884120171673,1.0285202035428438,16.275028887164293,0.5436666666666666,0.4876337311184112,3.218884120171673,1.031300397785078,16.12192431872046,0.0027801942422340797,0.0027801942422340797,0.0027801942422343018,0.0027801942422343018,-0.15310456844383324,0.15310456844383324,0.000559904169092,0.0003054917663294,0.9999656536777846,True,True,True,True,FULL,FULL_direct_poly_rank_1
171,0.32,2.17,4.74,4.0465,4.0465,1.7565900119017304,2.3041474654377883,5.80309001190173,11.4900793995,4.0465,1.6862456192225066,2.3041474654377883,5.732745619222507,12.265408598253376,-0.07034439267922377,0.07034439267922377,-0.07034439267922377,0.07034439267922377,0.7753291987533757,0.7753291987533757,0.0238196350221915,0.0105676252543454,0.99827022583276,True,True,True,True,FULL,FULL_direct_poly_rank_1
172,1.88,4.13,15.76,14.8875,14.8875,14.997831291761866,1.2106537530266344,29.885331291761865,2.0220034481788933,14.8875,14.2854205850413,1.2106537530266344,29.1729205850413,2.070903119037734,-0.7124107067205667,0.7124107067205667,-0.712410706720565,0.712410706720565,0.048899670858840505,0.048899670858840505,0.0473178819060676,0.0264583801585829,0.9997151884698868,True,True,True,True,FULL,FULL_direct_poly_rank_1
173,0.23,1.5666666666666669,0.81,0.5826666666666666,0.5826666666666666,0.6080845262035995,3.191489361702127,1.190751192870266,12.675105003139644,0.5826666666666666,0.5962536709571665,3.191489361702127,1.178920337623833,13.03220083786852,-0.011830855246433014,0.011830855246433014,-0.011830855246433014,0.011830855246433014,0.3570958347288773,0.3570958347288773,0.0019156603179556,0.0010954580884439,0.9996751549525013,True,True,True,True,FULL,FULL_direct_poly_rank_1
174,0.27,2.18,5.18,4.452999999999999,4.452999999999999,1.5717255574854088,2.293577981651376,6.024725557485408,14.53141002624948,4.452999999999999,1.565024383367433,2.293577981651376,6.0180243833674325,14.641185293317092,-0.006701174117975661,0.006701174117975661,-0.006701174117975661,0.006701174117975661,0.10977526706761154,0.10977526706761154,0.0027274773836634,0.0011381244534654,0.999978811024004,True,True,True,True,FULL,FULL_direct_poly_rank_1
175,1.85,4.1125,17.29,16.4125,16.4125,14.29966321375646,1.21580547112462,30.71216321375646,2.100213453400296,16.4125,13.841722751238525,1.21580547112462,30.25422275123853,2.1351538595616812,-0.45794046251793574,0.45794046251793574,-0.4579404625179322,0.4579404625179322,0.03494040616138516,0.03494040616138516,0.0350943734944132,0.0193955642681555,0.9998694511964272,True,True,True,True,FULL,FULL_direct_poly_rank_1
176,0.65,1.5766666666666669,0.57,0.478,0.478,1.612273609680621,3.1712473572938684,2.090273609680621,4.48569879514461,0.478,1.7752395073044454,3.1712473572938684,2.2532395073044453,4.342378667802965,0.1629658976238244,0.1629658976238244,0.1629658976238244,0.1629658976238244,-0.1433201273416449,0.1433201273416449,0.0025864912501513,0.0016646952286028,0.9992732281040144,True,True,True,True,FULL,FULL_direct_poly_rank_1
177,1.47,2.6333333333333333,3.8,3.616,3.616,6.14964024424423,1.89873417721519,9.76564024424423,2.66832825839853,3.616,6.884570119238754,1.89873417721519,10.500570119238754,2.5750548150540733,0.7349298749945241,0.7349298749945241,0.7349298749945241,0.7349298749945241,-0.09327344334445664,0.09327344334445664,0.0191119393612205,0.0113230912116204,0.9992792906017214,True,True,True,True,FULL,FULL_direct_poly_rank_1
178,2.12,4.1575,13.69,12.965,12.965,17.833183532648366,1.2026458208057729,30.79818353264837,1.8070468059221405,12.965,17.052505223676096,1.2026458208057729,30.017505223676096,1.840091099350156,-0.78067830897227,0.78067830897227,-0.7806783089722735,0.7806783089722735,0.033044293428015514,0.033044293428015514,0.0337018287856036,0.0194268997540951,0.9998195095574344,True,True,True,True,FULL,FULL_direct_poly_rank_1
179,0.48,1.5666666666666669,0.88,0.6386666666666666,0.6386666666666666,2.2710172374402005,3.191489361702127,2.909683904106867,5.11752583659357,0.6386666666666666,2.40536535900163,3.191489361702127,3.0440320256682964,4.982201705835286,0.1343481215614295,0.1343481215614295,0.1343481215614295,0.1343481215614295,-0.13532413075828398,0.13532413075828398,0.0029463341936544,0.0020883046314841,0.9995681523093292,True,True,True,True,FULL,FULL_direct_poly_rank_1
180,0.52,2.9225,5.54,4.727,4.727,2.527730037291942,1.710863986313088,7.254730037291942,6.676100463922199,4.727,2.324499822548031,1.710863986313088,7.051499822548031,7.511239043699971,-0.20323021474391112,0.20323021474391112,-0.20323021474391112,0.20323021474391112,0.8351385797777722,0.8351385797777722,0.0555117220743095,0.0260543684695071,0.9939246985115772,True,True,True,True,FULL,FULL_direct_poly_rank_1
181,0.9,3.925,17.84,14.94,14.94,13.029435602700998,1.2738853503184715,27.969435602700997,3.4621547532157915,14.94,11.635770754336518,1.2738853503184715,26.575770754336517,3.896218365441579,-1.3936648483644802,1.3936648483644802,-1.3936648483644802,1.3936648483644802,0.4340636122257875,0.4340636122257875,0.2062562096716391,0.1105724378992343,0.9932257069430812,True,True,True,True,FULL,FULL_direct_poly_rank_1
182,0.22,1.49,0.66,0.4575,0.4575,0.5513217275318822,3.3557046979865772,1.0088217275318825,12.75282127395527,0.4575,0.5455580650937695,3.3557046979865772,1.0030580650937695,12.936817626207958,-0.005763662438112771,0.005763662438112771,-0.005763662438112993,0.005763662438112993,0.18399635225268796,0.18399635225268796,0.0008268405782539,0.0004922832725837,0.9999141215325976,True,True,True,True,FULL,FULL_direct_poly_rank_1
183,1.93,3.1,4.22,4.0145,4.0145,10.822557992923612,1.6129032258064515,14.837057992923611,2.064879723343122,4.0145,11.50716767991966,1.6129032258064515,15.52166767991966,2.0339968724015938,0.6846096869960476,0.6846096869960476,0.6846096869960476,0.6846096869960476,-0.030882850941528428,0.030882850941528428,0.0103717355851758,0.0062915635602733,0.9998342544216644,True,True,True,True,FULL,FULL_direct_poly_rank_1
184,3.98,4.75,15.12,14.85,14.85,45.661479023586836,1.0526315789473684,60.51147902358684,1.247654255784918,14.85,44.94371182462417,1.0526315789473684,59.79371182462417,1.2512178217395744,-0.7177671989626688,0.7177671989626688,-0.7177671989626688,0.7177671989626688,0.0035635659546564558,0.0035635659546564558,0.0070430408378757,0.0038764156768511,0.9999934214396108,True,True,True,True,FULL,FULL_direct_poly_rank_1
185,0.13,1.5666666666666669,1.09,0.5446666666666667,0.5446666666666667,0.9576325699215577,3.191489361702127,1.5022992365882244,21.905585532286455,0.5446666666666667,0.9943503665070772,3.191489361702127,1.5390170331737438,20.201966385004585,0.036717796585519547,0.036717796585519547,0.036717796585519435,0.036717796585519435,-1.70361914728187,1.70361914728187,0.0069378506237394,0.0041175407310681,0.9983865232870208,True,True,True,True,FULL,FULL_direct_poly_rank_1
186,0.28,2.1775,5.16,3.81425,3.81425,3.130431077528114,2.296211251435132,6.944681077528114,11.220553160809676,3.81425,3.00537356444956,2.296211251435132,6.81962356444956,12.038982791645886,-0.12505751307855384,0.12505751307855384,-0.12505751307855384,0.12505751307855384,0.81842963083621,0.81842963083621,0.0283723954329826,0.0146657333116943,0.998040100305791,True,True,True,True,FULL,FULL_direct_poly_rank_1
187,0.7,3.88,16.09,11.71,11.71,14.993697153202367,1.288659793814433,26.70369715320237,3.931657649182005,11.71,13.662878394071956,1.288659793814433,25.372878394071957,4.403248198364457,-1.3308187591304108,1.3308187591304108,-1.3308187591304126,1.3308187591304126,0.4715905491824519,0.4715905491824519,0.1714844402657249,0.100706070011128,0.9940243749665972,True,True,True,True,FULL,FULL_direct_poly_rank_1
188,1.1,2.06,0.64,0.593,0.593,1.513280437089641,2.4271844660194173,2.1062804370896413,3.268679989536249,0.593,1.6856263710082553,2.4271844660194173,2.2786263710082553,3.1695331635837647,0.1723459339186142,0.1723459339186142,0.17234593391861397,0.17234593391861397,-0.09914682595248436,0.09914682595248436,0.0029534651844744,0.0017864703703517,0.9993629986817304,True,True,True,True,FULL,FULL_direct_poly_rank_1
189,3.11,3.85,4.79,4.4285,4.4285,105.61771145632456,1.2987012987012987,110.04621145632456,1.3813754414682702,4.4285,84.08872357661396,1.2987012987012987,88.51722357661396,1.4051635008979704,-21.5289878797106,21.5289878797106,-21.5289878797106,21.5289878797106,0.023788059429700192,0.023788059429700192,0.0276887558873812,0.0158575629365856,0.9990129831880256,True,True,True,True,FULL,FULL_direct_poly_rank_1
190,2.95,4.833333333333333,17.57,15.660000000000002,15.660000000000002,133.5433516563727,1.0344827586206895,149.2033516563727,1.194201194728314,15.660000000000002,109.10845289759112,1.0344827586206895,124.76845289759112,1.2367152997142703,-24.43489875878157,24.43489875878157,-24.43489875878157,24.43489875878157,0.042514104985956314,0.042514104985956314,0.1402479448581227,0.0873277129125246,0.9981712578746604,True,True,True,True,FULL,FULL_direct_poly_rank_1
191,0.1,1.64,1.15,0.5823333333333333,0.5823333333333333,0.8468851223123651,3.048780487804878,1.4292184556456984,32.276683117014976,0.5823333333333333,0.9236198665178124,3.048780487804878,1.5059531998511455,25.876881373633232,0.07673474420544724,0.07673474420544724,0.07673474420544713,0.07673474420544713,-6.399801743381744,6.399801743381744,0.0173230620395871,0.0098050174993661,0.9898824315086238,True,True,True,True,FULL,FULL_direct_poly_rank_1
192,0.26,2.06,5.06,2.78625,2.78625,5.537602820988881,2.4271844660194173,8.323852820988881,9.67711986223781,2.78625,5.2790844676843784,2.4271844660194173,8.065334467684378,10.435967496203927,-0.25851835330450257,0.25851835330450257,-0.25851835330450257,0.25851835330450257,0.7588476339661181,0.7588476339661181,0.0350860723432783,0.0219813835619285,0.9980866889135436,True,True,True,True,FULL,FULL_direct_poly_rank_1
193,0.48,3.91,15.79,12.4225,12.4225,7.40432598861948,1.278772378516624,19.82682598861948,7.151633571136485,12.4225,7.274646053493573,1.278772378516624,19.697146053493572,7.379848637639308,-0.1296799351259068,0.1296799351259068,-0.1296799351259068,0.1296799351259068,0.2282150665028233,0.2282150665028233,0.036458385490585,0.0174605444354567,0.999616549423736,True,True,True,True,FULL,FULL_direct_poly_rank_1
194,0.47,1.5599999999999998,0.9,0.6583333333333333,0.6583333333333333,2.1587521490528645,3.2051282051282053,2.8170854823861977,5.267358968714256,0.6583333333333333,2.263118933057117,3.2051282051282053,2.92145226639045,5.146508927280088,0.10436678400425237,0.10436678400425237,0.10436678400425237,0.10436678400425237,-0.120850041434168,0.120850041434168,0.002563713208781,0.0018021555577863,0.9996817019270556,True,True,True,True,FULL,FULL_direct_poly_rank_1
195,0.49,2.1875,5.79,4.2505,4.2505,7.336962282580967,2.2857142857142856,11.587462282580969,5.320972461121309,4.2505,6.686001506794052,2.2857142857142856,10.936501506794052,5.78624840707948,-0.6509607757869151,0.6509607757869151,-0.6509607757869169,0.6509607757869169,0.46527594595817057,0.46527594595817057,0.0507286640057927,0.0321153117279619,0.9964031087447026,True,True,True,True,FULL,FULL_direct_poly_rank_1
196,1.09,3.86,17.51,14.9375,14.9375,16.553387035413166,1.2953367875647668,31.490887035413166,2.8169440230151195,14.9375,14.5725902755057,1.2953367875647668,29.5100902755057,3.12521205053536,-1.9807967599074665,1.9807967599074665,-1.9807967599074665,1.9807967599074665,0.30826802752024074,0.30826802752024074,0.1962381672062577,0.110259077883343,0.9944479348177307,True,True,True,True,FULL,FULL_direct_poly_rank_1
197,0.14,2.0725,0.99,0.65575,0.65575,0.5146811885872504,2.4125452352231607,1.1704311885872505,25.510159206488257,0.65575,0.5566915258758682,2.4125452352231607,1.2124415258758685,21.137274759084455,0.042010337288617805,0.042010337288617805,0.04201033728861803,0.04201033728861803,-4.372884447403802,4.372884447403802,0.0113849874224634,0.0058400873886001,0.9908008419053396,True,True,True,True,FULL,FULL_direct_poly_rank_1
198,0.4,2.9125,5.46,4.44825,4.44825,2.4337808805815433,1.7167381974248928,6.882030880581543,8.688241808193261,4.44825,2.3194792694192667,1.7167381974248928,6.767729269419267,9.433246585186776,-0.11430161116227655,0.11430161116227655,-0.11430161116227655,0.11430161116227655,0.7450047769935146,0.7450047769935146,0.0342912891393874,0.0158852870539333,0.9972502269188576,True,True,True,True,FULL,FULL_direct_poly_rank_1
199,2.66,4.3725000000000005,17.29,16.490000000000002,16.490000000000002,37.39926722177272,1.1435105774728416,53.88926722177272,1.504191322919805,16.490000000000002,35.13101236242926,1.1435105774728416,51.62101236242926,1.5317773256929292,-2.2682548593434575,2.2682548593434575,-2.2682548593434575,2.2682548593434575,0.027586002773124285,0.027586002773124285,0.0498621060262463,0.0298368321403811,0.9997710103679246,True,True,True,True,FULL,FULL_direct_poly_rank_1
200,1.09,1.85,0.51,0.452,0.452,3.5013968656521643,2.702702702702702,3.953396865652164,3.161464776235545,0.452,4.140450209754801,2.702702702702702,4.592450209754801,3.0821643780783092,0.6390533441026363,0.6390533441026363,0.6390533441026367,0.6390533441026367,-0.07930039815723555,0.07930039815723555,0.0027066813095262,0.0017016935183432,0.9991767203624048,True,True,True,True,FULL,FULL_direct_poly_rank_1
201,4.54,28.00018033053748,3.73,3.372542584212134,3.372542584212134,0.9705608512144872,0.178570278511632,4.343103435426621,0.8969826858645201,3.372542584212134,0.8609730776269133,0.178570278511632,4.233515661839047,1.127907171024093,-0.10958777358757388,0.10958777358757388,-0.10958777358757388,0.10958777358757388,0.23092448515957298,0.23092448515957298,0.0667548770023133,0.025165493664574,0.979225799849724,True,True,True,True,FULL,FULL_direct_poly_rank_1
202,5.68,6.0,13.66,13.51,13.51,45.684267603740025,0.8333333333333334,59.19426760374002,0.9611956816495174,13.51,32.75305369061158,0.8333333333333334,46.26305369061158,1.023572248052745,-12.931213913128445,12.931213913128445,-12.931213913128445,12.931213913128445,0.06237656640322753,0.06237656640322753,0.146619009990635,0.0772026522315268,0.996324232311674,True,True,True,True,FULL,FULL_direct_poly_rank_1
203,8.16,15.0,0.64,0.4826666666666666,0.4826666666666666,11.163229285157737,0.3333333333333333,11.645895951824402,0.3680224492093827,0.4826666666666666,21.082818429253965,0.3333333333333333,21.565485095920632,0.3508416124430122,9.919589144096228,9.919589144096228,9.91958914409623,9.91958914409623,-0.0171808367663705,0.0171808367663705,0.0082307189238267,0.0054134579190704,0.9960242243500936,True,True,True,True,FULL,FULL_direct_poly_rank_1
204,9.63,15.0,1.15,0.9263333333333332,0.9263333333333332,31.67109901569681,0.3333333333333333,32.59743234903014,0.356302565715436,0.9263333333333332,33.15378734104016,0.3333333333333333,34.08012067437349,0.3551901081399454,1.4826883253433465,1.4826883253433465,1.4826883253433465,1.4826883253433465,-0.0011124575754906108,0.0011124575754906108,0.0012969927389393,0.0008212327963878,0.9999726384382436,True,True,True,True,FULL,FULL_direct_poly_rank_1
205,8.17,15.0,1.67,1.391,1.391,14.757831874738754,0.3333333333333333,16.148831874738754,0.3859250855203011,1.391,16.652075238403462,0.3333333333333333,18.043075238403464,0.3792150834624656,1.8942433636647085,1.8942433636647085,1.8942433636647102,1.8942433636647102,-0.006710002057835507,0.006710002057835507,0.0064041580024594,0.0040978842226913,0.9995688302484076,True,True,True,True,FULL,FULL_direct_poly_rank_1
206,7.68,15.0,2.36,1.9943333333333333,1.9943333333333333,14.016889640854824,0.3333333333333333,16.011222974188158,0.404258783461519,1.9943333333333333,15.824494282640266,0.3333333333333333,17.8188276159736,0.3950292225822908,1.8076046417854421,1.8076046417854421,1.8076046417854421,1.8076046417854421,-0.009229560879228216,0.009229560879228216,0.0101754621883657,0.0064978867971825,0.9994208618867128,True,True,True,True,FULL,FULL_direct_poly_rank_1
207,12.65,17.5,2.87,2.478,2.478,85.54466261294648,0.2857142857142857,88.02266261294648,0.3027127732951231,2.478,68.83537679011744,0.2857142857142857,71.31337679011743,0.3072860637316444,-16.709285822829045,16.709285822829045,-16.709285822829045,16.709285822829045,0.004573290436521327,0.004573290436521327,0.0164577261159074,0.0098737470009385,0.9992210212523676,True,True,True,True,FULL,FULL_direct_poly_rank_1
209,0.55,3.75,0.015,0.014,0.014,0.0024195869070291,1.3333333333333333,0.0164195869070291,8.395940887010124,0.014,0.0024890265131126,1.3333333333333333,0.0164890265131126,8.063504917190555,6.943960608349993e-05,6.943960608349993e-05,6.943960608350036e-05,6.943960608350036e-05,-0.3324359698195689,0.3324359698195689,4.359127671812195e-05,1.612031766368021e-05,0.999414525021824,True,True,True,True,FULL,FULL_direct_poly_rank_1
210,0.73,3.75,0.017,0.0155,0.0155,0.0049950016940742,1.3333333333333333,0.0204950016940742,5.436911505105911,0.0155,0.0047189919671618,1.3333333333333333,0.0202189919671618,5.848156414660859,-0.00027600972691239987,0.00027600972691239987,-0.000276009726912399,0.000276009726912399,0.41124490955494775,0.41124490955494775,0.0001051845060433,4.5268867303886635e-05,0.9978170820520882,True,True,True,True,FULL,FULL_direct_poly_rank_1
211,0.73,3.75,0.031,0.0205,0.0205,0.0421170527109933,1.3333333333333333,0.0626170527109933,3.3538139443417307,0.0205,0.0381667342974061,1.3333333333333333,0.0586667342974061,3.706474811414768,-0.0039503184135872005,0.0039503184135872005,-0.0039503184135872005,0.0039503184135872005,0.3526608670730371,0.3526608670730371,0.0003217358594051,0.0002108106078085,0.9952582465444264,True,True,True,True,FULL,FULL_direct_poly_rank_1
212,0.56,4.25,0.032,0.0305,0.0305,0.0032729190185453,1.1764705882352942,0.0337729190185453,9.217143579218789,0.0305,0.0037290603095197,1.1764705882352942,0.0342290603095197,7.817653266314853,0.00045614129097440014,0.00045614129097440014,0.00045614129097439754,0.00045614129097439754,-1.3994903129039358,1.3994903129039358,0.0003517312413808,0.0001209404156389,0.9910225547759938,True,True,True,True,FULL,FULL_direct_poly_rank_1
213,0.61,4.25,0.036,0.032,0.032,0.0097117896904809,1.1764705882352942,0.0417117896904809,6.613265489413038,0.032,0.0097148490433302,1.1764705882352942,0.0417148490433302,6.610075051805194,3.059352849299826e-06,3.059352849299826e-06,3.0593528492980915e-06,3.0593528492980915e-06,-0.00319043760784421,0.00319043760784421,1.2821373110024662e-06,5.317022929620871e-07,0.9999999108292048,True,True,True,True,FULL,FULL_direct_poly_rank_1
214,0.8,4.25,0.041,0.0365,0.0365,0.0146135447707714,1.1764705882352942,0.0511135447707714,4.687843076991533,0.0365,0.0138176229812557,1.1764705882352942,0.0503176229812557,5.041924658976269,-0.0007959217895157009,0.0007959217895157009,-0.0007959217895157009,0.0007959217895157009,0.3540815819847358,0.3540815819847358,0.0002531585508052,0.0001138140036415,0.997770466600358,True,True,True,True,FULL,FULL_direct_poly_rank_1
215,0.85,4.25,0.053,0.0412499999999999,0.0412499999999999,0.0449535990108785,1.1764705882352942,0.0862035990108784,3.4008265344224067,0.0412499999999999,0.0408340252062092,1.1764705882352942,0.0820840252062091,3.790991174788094,-0.004119573804669305,0.004119573804669305,-0.004119573804669305,0.004119573804669305,0.39016464036568754,0.39016464036568754,0.000548178144366,0.0003109614651605,0.994309588011529,True,True,True,True,FULL,FULL_direct_poly_rank_1
216,1.18,4.75,0.072,0.06875,0.06875,0.0144953537063408,1.0526315789473684,0.0832453537063408,3.803418428356459,0.06875,0.0145700879034667,1.0526315789473684,0.0833200879034667,3.784858932988832,7.473419712589885e-05,7.473419712589885e-05,7.473419712590579e-05,7.473419712590579e-05,-0.018559495367627132,0.018559495367627132,3.2141413120392824e-05,1.3795063954880824e-05,0.9999904718262492,True,True,True,True,FULL,FULL_direct_poly_rank_1
217,1.07,4.75,0.082,0.07425,0.07425,0.0316745022212473,1.0526315789473684,0.1059245022212473,3.494012368300583,0.07425,0.0297342592437721,1.0526315789473684,0.1039842592437721,3.7451789251901166,-0.0019402429774751997,0.0019402429774751997,-0.0019402429774752067,0.0019402429774752067,0.2511665568895336,0.2511665568895336,0.0005210441200802,0.0002435313180147,0.9979269151983527,True,True,True,True,FULL,FULL_direct_poly_rank_1
218,0.99,4.75,0.091,0.0815,0.0815,0.0350845623553453,1.0526315789473684,0.1165845623553453,3.740061038065954,0.0815,0.0331165248392226,1.0526315789473684,0.1146165248392226,4.002024007336912,-0.001968037516122699,0.001968037516122699,-0.001968037516122692,0.001968037516122692,0.2619629692709582,0.2619629692709582,0.0005467453013407,0.0002540097730347,0.9980372547897256,True,True,True,True,FULL,FULL_direct_poly_rank_1
219,1.33,4.75,0.123,0.109,0.109,0.0845437839006371,1.0526315789473684,0.1935437839006371,2.512415047002486,0.109,0.0761041683553839,1.0526315789473684,0.1851041683553839,2.751270402157896,-0.008439615545253201,0.008439615545253201,-0.008439615545253187,0.008439615545253187,0.23885535515541,0.23885535515541,0.0011618763246596,0.0006137898196709,0.9960553212611548,True,True,True,True,FULL,FULL_direct_poly_rank_1
220,0.57,3.0,0.057,0.045,0.045,0.0423378142666348,1.6666666666666667,0.0873378142666348,5.252909248352316,0.045,0.038081175348002,1.6666666666666667,0.083081175348002,5.993707676147347,-0.004256638918632802,0.004256638918632802,-0.004256638918632802,0.004256638918632802,0.7407984277950304,0.7407984277950304,0.0006934256610097,0.0003750189356597,0.9917724146861908,True,True,True,True,FULL,FULL_direct_poly_rank_1
221,0.74,3.0,0.052,0.0426666666666666,0.0426666666666666,0.0483380999196384,1.6666666666666667,0.091004766586305,3.990648101805694,0.0426666666666666,0.042599155272201,1.6666666666666667,0.0852658219388677,4.489098674896504,-0.005738944647437405,0.005738944647437405,-0.005738944647437308,0.005738944647437308,0.4984505730908104,0.4984505730908104,0.000631174810586,0.0003576329891282,0.9929288855281672,True,True,True,True,FULL,FULL_direct_poly_rank_1
222,1.17,3.75,0.042,0.037,0.037,0.0379972465016185,1.3333333333333333,0.0749972465016185,2.7555455668379523,0.037,0.0335520153854114,1.3333333333333333,0.0705520153854114,3.0241641817270457,-0.0044452311162071,0.0044452311162071,-0.0044452311162070934,0.0044452311162070934,0.26861861488909344,0.26861861488909344,0.0004340260203297,0.0002399231453351,0.9955992798064984,True,True,True,True,FULL,FULL_direct_poly_rank_1
223,2.7,4.333333333333333,0.036,0.0356666666666666,0.0356666666666666,0.012315781767816,1.153846153846154,0.0479824484344826,2.0063850757344786,0.0356666666666666,0.0216166086349109,1.153846153846154,0.0572832753015775,1.6729762446618088,0.009300826867094901,0.009300826867094901,0.009300826867094901,0.009300826867094901,-0.3334088310726697,0.3334088310726697,0.0007834354765083,0.0004441070359373,0.987308403703818,True,True,True,True,FULL,FULL_direct_poly_rank_1
224,0.75,3.5,0.022,0.02125,0.02125,0.0026705992767688,1.4285714285714286,0.0239205992767688,6.637578410976577,0.02125,0.0027616730795354,1.4285714285714286,0.0240116730795354,6.411417225604971,9.107380276659983e-05,9.107380276659983e-05,9.107380276660026e-05,9.107380276660026e-05,-0.22616118537160546,0.22616118537160546,6.396687141058185e-05,2.4622918737490645e-05,0.9995442309054732,True,True,True,True,FULL,FULL_direct_poly_rank_1
225,1.15,3.5,0.021,0.02,0.02,0.0073958891535081,1.4285714285714286,0.0273958891535081,3.6113543932907137,0.02,0.007184212940181,1.4285714285714286,0.027184212940181,3.691500105641756,-0.00021167621332709996,0.00021167621332709996,-0.00021167621332710343,0.00021167621332710343,0.08014571235104206,0.08014571235104206,4.810277064347896e-05,2.3365642729589136e-05,0.9997962863007518,True,True,True,True,FULL,FULL_direct_poly_rank_1
226,1.1,3.5,0.02,0.01925,0.01925,0.004956977641193,1.4285714285714286,0.024206977641193,4.054827267846036,0.01925,0.004999625578576,1.4285714285714286,0.024249625578576,4.028087288742872,4.264793738300004e-05,4.264793738300004e-05,4.2647937383000906e-05,4.2647937383000906e-05,-0.026739979103164835,0.026739979103164835,1.332891797938675e-05,6.179501748554174e-06,0.9999821089557752,True,True,True,True,FULL,FULL_direct_poly_rank_1
227,1.25,3.5,0.019,0.01875,0.01875,0.0019847706438796,1.4285714285714286,0.0207347706438796,4.418502888206739,0.01875,0.0027425625407075,1.4285714285714286,0.0214925625407075,3.7031969060233103,0.0007577918968279,0.0007577918968279,0.0007577918968279009,0.0007577918968279009,-0.7153059821834291,0.7153059821834291,0.0003386756063703,0.0001537698955179,0.9876686258524724,True,True,True,True,FULL,FULL_direct_poly_rank_1
228,0.7,3.0,0.059,0.0456666666666666,0.0456666666666666,0.0656740182268081,1.6666666666666667,0.1113406848934747,3.9285722676402535,0.0456666666666666,0.0581182293336063,1.6666666666666667,0.1037848960002729,4.401500084001874,-0.007555788893201798,0.007555788893201798,-0.007555788893201812,0.007555788893201812,0.47292781636162085,0.47292781636162085,0.0006961559325329,0.0004174955646506,0.993304719042569,True,True,True,True,FULL,FULL_direct_poly_rank_1
229,0.8,3.75,0.039,0.03775,0.03775,0.0044128695173391,1.3333333333333333,0.0421628695173391,6.31959788609588,0.03775,0.0046395009332746,1.3333333333333333,0.0423895009332746,6.007738627865821,0.00022663141593550016,0.00022663141593550016,0.0002266314159354993,0.0002266314159354993,-0.3118592582300588,0.3118592582300588,0.0001646268167185,6.295500128931254e-05,0.9990336562761992,True,True,True,True,FULL,FULL_direct_poly_rank_1
230,1.1,3.75,0.031,0.03025,0.03025,0.004226216061608,1.3333333333333333,0.034476216061608,4.574641618565765,0.03025,0.0046408956914982,1.3333333333333333,0.0348908956914982,4.263377492182697,0.00041467962989020016,0.00041467962989020016,0.0004146796298901967,0.0004146796298901967,-0.311264126383068,0.311264126383068,0.0002086567547459,8.98791864610932e-05,0.9980391920950992,True,True,True,True,FULL,FULL_direct_poly_rank_1
234,0.99,3.0,0.523,0.4803333333333333,0.4803333333333333,0.3422582854093307,1.6666666666666667,0.822591618742664,3.6102895519762694,0.4803333333333333,0.3130494770291241,1.6666666666666667,0.7933828103624574,3.8552634571184976,-0.029208808380206563,0.029208808380206563,-0.029208808380206563,0.029208808380206563,0.24497390514222817,0.24497390514222817,0.0037579877754671,0.0019771066739479,0.9979828309418136,True,True,True,True,FULL,FULL_direct_poly_rank_1
235,1.49,3.0,0.929,0.87,0.87,1.3911680147990315,1.6666666666666667,2.261168014799032,2.4688599946843404,0.87,1.388622673228597,1.6666666666666667,2.2586226732285968,2.470605200731804,-0.0025453415704346227,0.0025453415704346227,-0.002545341570435067,0.002545341570435067,0.0017452060474636433,0.0017452060474636433,8.942696391709864e-05,5.2246286437500625e-05,0.9999997173881328,True,True,True,True,FULL,FULL_direct_poly_rank_1
236,2.48,3.5,1.278,1.2245,1.2245,4.974718816480315,1.4285714285714286,6.199218816480315,1.7047169871616714,1.2245,5.090805324325724,1.4285714285714286,6.315305324325724,1.697492707246986,0.11608650784540941,0.11608650784540941,0.11608650784540941,0.11608650784540941,-0.007224279914685328,0.007224279914685328,0.000977933485459,0.0005734094072934,0.9999829370859856,True,True,True,True,FULL,FULL_direct_poly_rank_1
238,1.16,3.0,0.606,0.5299999999999999,0.5299999999999999,0.9995028593983644,1.6666666666666667,1.5295028593983642,2.6762963684092975,0.5299999999999999,0.906151813143292,1.6666666666666667,1.436151813143292,2.8110167633176117,-0.0933510462550724,0.0933510462550724,-0.09335104625507218,0.09335104625507218,0.13472039490831422,0.13472039490831422,0.0038096800832316,0.0022766085162651,0.998564600981156,True,True,True,True,FULL,FULL_direct_poly_rank_1
239,2.0,3.5,0.785,0.745,0.745,1.4880839300345443,1.4285714285714286,2.2330839300345446,1.9471028822830023,0.745,1.4999634961418078,1.4285714285714286,2.244963496141808,1.9423081093333965,0.011879566107263484,0.011879566107263484,0.011879566107263262,0.011879566107263262,-0.004794772949605841,0.004794772949605841,0.0002889449488371,0.0001717902399534,0.9999961608942972,True,True,True,True,FULL,FULL_direct_poly_rank_1
240,1.84,3.0,1.067,0.9266666666666667,0.9266666666666667,11.34965538746409,1.6666666666666667,12.276322054130755,1.8769974838423913,0.9266666666666667,11.45257991358297,1.6666666666666667,12.379246580249635,1.8748663017545717,0.10292452611887981,0.10292452611887981,0.10292452611887981,0.10292452611887981,-0.002131182087819594,0.002131182087819594,0.0003040148006889,0.0001919651236296,0.9999977354088324,True,True,True,True,FULL,FULL_direct_poly_rank_1
241,2.5,3.5,1.53,1.435,1.435,11.191062390354295,1.4285714285714286,12.626062390354296,1.6206039521105755,1.435,10.398382649068502,1.4285714285714286,11.833382649068502,1.6374654457361877,-0.7926797412857933,0.7926797412857933,-0.7926797412857933,0.7926797412857933,0.01686149362561218,0.01686149362561218,0.0035240411042405,0.0020850034852084,0.9998404363170172,True,True,True,True,FULL,FULL_direct_poly_rank_1
242,1.28,13.0,0.381,0.236,0.236,0.2798827945510767,0.3846153846153846,0.5158827945510767,2.332154177278262,0.236,0.2728471725162708,0.3846153846153846,0.5088471725162708,2.4622678012147525,-0.0070356220348058995,0.0070356220348058995,-0.0070356220348058995,0.0070356220348058995,0.13011362393649062,0.13011362393649062,0.0015464175207386,0.0008401163095908,0.9991094911704756,True,True,True,True,FULL,FULL_direct_poly_rank_1
243,1.94,13.0,1.479,1.139,1.139,0.9051763320711632,0.3846153846153846,2.0441763320711632,1.6142343389282214,1.139,0.9058592899099656,0.3846153846153846,2.0448592899099656,1.6125389460354689,0.000682957838802345,0.000682957838802345,0.000682957838802345,0.000682957838802345,-0.0016953928927525563,0.0016953928927525563,0.0001277303221656,6.921363974251581e-05,0.9999995307465158,True,True,True,True,FULL,FULL_direct_poly_rank_1
244,2.29,13.0,30.401,2.493,2.493,191.4872115140508,0.3846153846153846,193.9802115140508,0.5794840127037909,2.493,183.89694081884184,0.3846153846153846,186.38994081884184,0.5896020839215727,-7.590270695208972,7.590270695208972,-7.590270695208972,7.590270695208972,0.010118071217781743,0.010118071217781743,0.1078966519123063,0.0907794669325642,0.9998710834412768,True,True,True,True,FULL,FULL_direct_poly_rank_1
245,3.95,13.0,5.488,4.171,4.171,11.473466241634494,0.3846153846153846,15.644466241634497,0.6512771868667829,4.171,13.389766165886716,0.3846153846153846,17.560766165886715,0.6043300544240662,1.9162999242522218,1.9162999242522218,1.9162999242522183,1.9162999242522183,-0.046947132442716755,0.046947132442716755,0.0484051509587622,0.0337211282805379,0.9968572322006424,True,True,True,True,FULL,FULL_direct_poly_rank_1
246,0.34,13.0,0.306,0.104,0.104,0.238125551076079,0.3846153846153846,0.342125551076079,11.465962069935722,0.104,0.2420043775352138,0.3846153846153846,0.3460043775352138,10.324930334763744,0.0038788264591348154,0.0038788264591348154,0.0038788264591347876,0.0038788264591347876,-1.1410317351719783,1.1410317351719783,0.0011881211877971,0.0005926539692632,0.999507348122805,True,True,True,True,FULL,FULL_direct_poly_rank_1
247,0.55,13.0,1.422,0.768,0.768,0.854926430267495,0.3846153846153846,1.622926430267495,6.829794290098721,0.768,0.8828392738423392,0.3846153846153846,1.6508392738423392,6.011162638284489,0.027912843574844137,0.027912843574844137,0.027912843574844137,0.027912843574844137,-0.8186316518142318,0.8186316518142318,0.0089060411068426,0.0042888538274492,0.997900745300034,True,True,True,True,FULL,FULL_direct_poly_rank_1
248,1.07,13.0,2.417,1.547,1.547,1.4889207977309928,0.3846153846153846,3.0359207977309928,3.0462519251595546,1.547,1.4779713364493958,0.3846153846153846,3.024971336449396,3.1029155392618284,-0.010949461281597017,0.010949461281597017,-0.010949461281596573,0.010949461281596573,0.05666361410227383,0.05666361410227383,0.0029631078880623,0.0014971698907146,0.9999078325740042,True,True,True,True,FULL,FULL_direct_poly_rank_1
249,1.08,13.0,4.482,3.316,3.316,1.9761134955053168,0.3846153846153846,5.292113495505316,3.3738748448845737,3.316,2.0350659461637486,0.3846153846153846,5.351065946163748,3.1547215182270474,0.0589524506584318,0.0589524506584318,0.05895245065843202,0.05895245065843202,-0.2191533266575263,0.2191533266575263,0.0187742514037983,0.0087749951041084,0.9986120819579126,True,True,True,True,FULL,FULL_direct_poly_rank_1
250,0.1,15.0,0.367,0.136,0.136,0.2402542971419538,0.3333333333333333,0.3762542971419538,56.09759499434641,0.136,0.2807310934259552,0.3333333333333333,0.4167310934259552,23.304571046115505,0.040476796284001415,0.040476796284001415,0.040476796284001415,0.040476796284001415,-32.7930239482309,32.7930239482309,0.0108683146336999,0.0061482870781131,0.9632963880331968,True,True,True,True,FULL,FULL_direct_poly_rank_1
251,0.67,15.0,1.297,0.843,0.843,0.5998183417647385,0.3333333333333333,1.4428183417647384,6.0080454699914485,0.843,0.5871256577347608,0.3333333333333333,1.4301256577347607,6.742562035882768,-0.012692684029977697,0.012692684029977697,-0.012692684029977697,0.012692684029977697,0.7345165658913198,0.7345165658913198,0.0063586052279214,0.0023383345028636,0.9982345326557628,True,True,True,True,FULL,FULL_direct_poly_rank_1
252,0.78,15.0,3.232,2.23,2.23,1.3862854300913423,0.3333333333333333,3.6162854300913425,5.115435733153055,2.23,1.3506983155073464,0.3333333333333333,3.5806983155073464,5.779582469001896,-0.03558711458399588,0.03558711458399588,-0.035587114583996104,0.035587114583996104,0.6641467358488411,0.6641467358488411,0.0183128058045121,0.006655623414168,0.9974369629936748,True,True,True,True,FULL,FULL_direct_poly_rank_1
253,2.08,15.0,4.233,3.386,3.386,2.0681407318693763,0.3333333333333333,5.454140731869376,1.6219591173534793,3.386,1.9490837169288335,0.3333333333333333,5.335083716928834,1.7956915906498927,-0.11905701494054277,0.11905701494054277,-0.11905701494054277,0.11905701494054277,0.1737324732964134,0.1737324732964134,0.0334200524105053,0.0158258959138855,0.9957450268814128,True,True,True,True,FULL,FULL_direct_poly_rank_1
254,0.42,15.0,0.464,0.223,0.223,0.286841251907236,0.3333333333333333,0.509841251907236,9.785018691865965,0.223,0.2822183695028625,0.3333333333333333,0.5052183695028625,11.321609895740092,-0.004622882404373474,0.004622882404373474,-0.004622882404373474,0.004622882404373474,1.5365912038741278,1.5365912038741278,0.0019612495983358,0.0007887370436176,0.9991472864967764,True,True,True,True,FULL,FULL_direct_poly_rank_1
255,1.34,15.0,1.532,0.812,0.812,1.3202731944591186,0.3333333333333333,2.1322731944591187,2.118955632610797,0.812,1.1853844625390977,0.3333333333333333,1.9973844625390975,2.9497213876348476,-0.13488873192002093,0.13488873192002093,-0.13488873192002115,0.13488873192002115,0.8307657550240508,0.8307657550240508,0.0365712079432278,0.0182276931163701,0.975690814952272,True,True,True,True,FULL,FULL_direct_poly_rank_1
256,1.56,15.0,2.845,1.821,1.821,2.049502462074934,0.3333333333333333,3.870502462074933,1.917214666999875,1.821,1.8691016108079008,0.3333333333333333,3.690101610807901,2.400630434449354,-0.18040085126703298,0.18040085126703298,-0.1804008512670321,0.1804008512670321,0.4834157674494788,0.4834157674494788,0.0474309720718476,0.0236742620250829,0.9843961492308404,True,True,True,True,FULL,FULL_direct_poly_rank_1
257,1.9,15.0,4.37,3.015,3.015,3.1599174946212627,0.3333333333333333,6.174917494621263,1.5540138559861083,3.015,2.9205885953636668,0.3333333333333333,5.935588595363667,1.796925179437705,-0.23932889925759593,0.23932889925759593,-0.23932889925759593,0.23932889925759593,0.24291132345159672,0.24291132345159672,0.0510155828954641,0.0270244278289838,0.9920067464113904,True,True,True,True,FULL,FULL_direct_poly_rank_1
258,2.09,15.0,55.263,3.813,3.813,190.18212243089908,0.3333333333333333,193.99512243089907,0.7174733228095233,3.813,161.28352521754022,0.3333333333333333,165.0965252175402,0.8336825717912275,-28.89859721335887,28.89859721335887,-28.89859721335887,28.89859721335887,0.11620924898170426,0.11620924898170426,1.4069317175388023,1.081513823511676,0.9932544043765332,True,True,True,True,FULL,FULL_direct_poly_rank_1
284,0.27,1.6652089623887931,2.655,1.3036485066778338,1.3036485066778338,4.61028992899217,3.002626164602998,5.913938435670004,7.913618795998358,1.3036485066778338,4.499908994778986,3.002626164602998,5.80355750145682,8.113762940453702,-0.11038093421318429,0.11038093421318429,-0.11038093421318429,0.11038093421318429,0.20014414445534356,0.20014414445534356,0.0075444725439927,0.0054317252940419,0.999757062053432,True,True,True,True,FULL,FULL_direct_poly_rank_1
285,0.5,3.083720300719987,2.417,0.6555920235894309,0.6555920235894309,7.127781251237852,1.621418128885619,7.783373274827283,3.420782268328867,0.6555920235894309,6.278606201836835,1.621418128885619,6.934198225426266,3.814394204289414,-0.8491750494010164,0.8491750494010164,-0.8491750494010164,0.8491750494010164,0.3936119359605468,0.3936119359605468,0.0383131731252764,0.0296273669800718,0.995907993756828,True,True,True,True,FULL,FULL_direct_poly_rank_1
286,0.88,5.4273477292671775,5.477,2.848434309388562,2.848434309388562,8.806082929225237,0.9212603005031926,11.6545172386138,2.5046228694450243,2.848434309388562,8.394342073165445,0.9212603005031926,11.242776382554007,2.63820591891054,-0.41174085605979194,0.41174085605979194,-0.41174085605979194,0.41174085605979194,0.13358304946551547,0.13358304946551547,0.0311666677643368,0.0219124798981255,0.9989393581424106,True,True,True,True,FULL,FULL_direct_poly_rank_1
287,0.29,1.7885577744175924,3.214,1.959240530267265,1.959240530267265,3.9894927128527247,2.7955484980786536,5.94873324311999,8.412171305906568,1.959240530267265,3.807260318905442,2.7955484980786536,5.766500849172707,8.890404657974388,-0.18223239394728274,0.18223239394728274,-0.18223239394728274,0.18223239394728274,0.4782333520678197,0.4782333520678197,0.0176611424291423,0.0116235639017441,0.9987235129838576,True,True,True,True,FULL,FULL_direct_poly_rank_1
288,0.44,2.7136738646335887,3.179,1.959240530267265,1.959240530267265,3.8637545585443656,1.8425206010063853,5.822995088811631,5.589277438658442,1.959240530267265,3.533104767441851,1.8425206010063853,5.492345297709116,6.25166586884618,-0.33064979110251436,0.33064979110251436,-0.33064979110251436,0.33064979110251436,0.6623884301877379,0.6623884301877379,0.0350176891910842,0.0224408129456669,0.9947763401199708,True,True,True,True,FULL,FULL_direct_poly_rank_1
289,0.44,2.7136738646335887,5.856,2.848434309388562,2.848434309388562,10.290924987900752,1.8425206010063853,13.139359297289314,4.832563228905287,2.848434309388562,9.415454299163606,1.8425206010063853,12.263888608552168,5.324626597323325,-0.8754706887371455,0.8754706887371455,-0.8754706887371455,0.8754706887371455,0.4920633684180382,0.4920633684180382,0.0641061094031307,0.0454174435427112,0.9964427470650588,True,True,True,True,FULL,FULL_direct_poly_rank_1
291,0.42,2.590325052604789,4.293,1.959240530267265,1.959240530267265,8.144262348078403,1.9302596772447849,10.103502878345669,4.906645401620717,1.959240530267265,7.466049596290381,1.9302596772447849,9.425290126557648,5.376876512611221,-0.6782127517880223,0.6782127517880223,-0.6782127517880205,0.6782127517880205,0.47023111099050396,0.47023111099050396,0.0459356881538553,0.0331272948730025,0.996886581405342,True,True,True,True,FULL,FULL_direct_poly_rank_1
292,0.27,1.6652089623887931,1.816,0.6555920235894309,0.6555920235894309,4.340373544875488,3.002626164602998,4.99596556846492,6.93036783035678,0.6555920235894309,4.237549543973363,3.002626164602998,4.893141567562794,7.080286545062301,-0.10282400090212551,0.10282400090212551,-0.10282400090212551,0.10282400090212551,0.14991871470552098,0.14991871470552098,0.0051828129864439,0.0039476163046076,0.9998312004057563,True,True,True,True,FULL,FULL_direct_poly_rank_1
293,0.55,3.392092330791986,3.752,1.3488617496840016,1.3488617496840016,8.999404803617814,1.4740164808051082,10.348266553301816,3.397073578572742,1.3488617496840016,8.103704431571769,1.4740164808051082,9.45256618125577,3.753716789227763,-0.8957003720460452,0.8957003720460452,-0.8957003720460452,0.8957003720460452,0.356643210655021,0.356643210655021,0.0490015214141878,0.0368268985678249,0.99647990095981,True,True,True,True,FULL,FULL_direct_poly_rank_1
295,1.2,7.400928721727968,0.0307,0.0217962758401608,0.0217962758401608,0.0268208917452208,0.6755908870356747,0.0486171675853816,2.3157906832156443,0.0217962758401608,0.02702796518077,0.6755908870356747,0.0488242410209308,2.2943053869714043,0.00020707343554919946,0.00020707343554919946,0.00020707343554920293,0.00020707343554920293,-0.021485296244240004,0.021485296244240004,2.5821849930824436e-05,1.573993426306753e-05,0.9999618093767229,True,True,True,True,FULL,FULL_direct_poly_rank_1
296,2.0,12.334881202879949,0.131,0.0508579769603752,0.0508579769603752,0.2935284290129898,0.4053545322214048,0.344386405973365,0.9614433155844516,0.0508579769603752,0.3077867872607704,0.4053545322214048,0.3586447642211456,0.9224346642092532,0.0142583582477806,0.0142583582477806,0.0142583582477806,0.0142583582477806,-0.03900865137519838,0.03900865137519838,0.000711549290184,0.0005427584057946,0.9993402059187644,True,True,True,True,FULL,FULL_direct_poly_rank_1
297,1.8,11.101393082591954,0.046,0.0145308505601072,0.0145308505601072,0.1222071066849876,0.4503939246904497,0.1367379572450948,0.9937795159488002,0.0145308505601072,0.1265639820832998,0.4503939246904497,0.141094832643407,0.9660180785329388,0.004356875398312199,0.004356875398312199,0.004356875398312199,0.004356875398312199,-0.027761437415861456,0.027761437415861456,0.0001868578510938,0.0001454487819037,0.9996976705202778,True,True,True,True,FULL,FULL_direct_poly_rank_1
302,0.75,4.625580451079981,0.055,0.0153092991217785,0.0153092991217785,0.1595143577214117,1.080945419257079,0.1748236568431902,2.2969478423570417,0.0153092991217785,0.1430513049738555,1.080945419257079,0.158360604095634,2.521232479577737,-0.016463052747556217,0.016463052747556217,-0.016463052747556217,0.016463052747556217,0.22428463722069525,0.22428463722069525,0.0007426197435313,0.0005743280182749,0.9969756690296504,True,True,True,True,FULL,FULL_direct_poly_rank_1
303,0.91,5.612370947310377,0.041,0.0153092991217785,0.0153092991217785,0.0951653865132687,0.8908890818052851,0.1104746856350472,2.0818876302589207,0.0153092991217785,0.0898087413029936,0.8908890818052851,0.1051180404247721,2.197265960264405,-0.005356645210275096,0.005356645210275096,-0.005356645210275096,0.005356645210275096,0.11537833000548448,0.11537833000548448,0.0002878599716296,0.0002170366709242,0.9989425791726576,True,True,True,True,FULL,FULL_direct_poly_rank_1
304,1.87,11.533113924692753,0.046,0.0153092991217785,0.0153092991217785,0.1174680513670647,0.4335342590603259,0.1327773504888432,0.9728764088168116,0.0153092991217785,0.122371318396985,0.4335342590603259,0.1376806175187635,0.9406949683086828,0.004903267029920291,0.004903267029920291,0.004903267029920305,0.004903267029920305,-0.03218144050812877,0.03218144050812877,0.0002173879224738,0.0001685261854339,0.9995716573430228,True,True,True,True,FULL,FULL_direct_poly_rank_1
305,2.17,13.383346105124744,0.042,0.0153092991217785,0.0153092991217785,0.0995579974430193,0.373598647208668,0.1148672965647978,0.8653228395367738,0.0153092991217785,0.1045943496581564,0.373598647208668,0.1199036487799349,0.8298182812095818,0.0050363522151370965,0.0050363522151370965,0.0050363522151370965,0.0050363522151370965,-0.035504558327192015,0.035504558327192015,0.0002379012035422,0.0001828973501348,0.999328594579964,True,True,True,True,FULL,FULL_direct_poly_rank_1
311,1.45,8.942788872087963,1.14,0.7935883525311068,0.7935883525311068,1.051107361858608,0.5591096996157306,1.844695714389715,1.879665749713435,0.7935883525311068,1.0822855959004936,0.5591096996157306,1.8758739484316005,1.8163458224509743,0.031178234041885577,0.031178234041885577,0.031178234041885577,0.031178234041885577,-0.06331992726246072,0.06331992726246072,0.0035743242545898,0.0022369546022659,0.9994846247033864,True,True,True,True,FULL,FULL_direct_poly_rank_1
314,1.8,11.101393082591954,3.8,2.3726672172613705,2.3726672172613705,4.501119428750482,0.4503939246904497,6.873786646011853,1.379736428464202,2.3726672172613705,4.658460072817722,0.4503939246904497,7.031127290079093,1.3283887413542708,0.15734064406724002,0.15734064406724002,0.15734064406724002,0.15734064406724002,-0.051347687109931206,0.051347687109931206,0.0142180713667197,0.0095455918260204,0.9993841096836108,True,True,True,True,FULL,FULL_direct_poly_rank_1
316,1.1,6.784184661583972,1.23,0.5909609098097346,0.5909609098097346,2.195000047586552,0.7370082404025541,2.7859609573962865,1.920963652491806,0.5909609098097346,2.164533167321117,0.7370082404025541,2.755494077130851,1.9482877541986316,-0.03046688026543487,0.03046688026543487,-0.030466880265435314,0.030466880265435314,0.027324101706825754,0.027324101706825754,0.002005574779556,0.0014557194456498,0.9999224430074146,True,True,True,True,FULL,FULL_direct_poly_rank_1
317,0.75,4.625580451079981,0.94,0.7727950359050375,0.7727950359050375,0.4751593936736535,1.080945419257079,1.247954429578691,4.459377299507828,0.7727950359050375,0.4536879918198158,1.080945419257079,1.2264830277248533,4.762084119784778,-0.021471401853837724,0.021471401853837724,-0.02147140185383778,0.02147140185383778,0.30270682027695006,0.30270682027695006,0.0050969461887981,0.0025181331797767,0.9981388669694726,True,True,True,True,FULL,FULL_direct_poly_rank_1
320,1.3,8.017672781871967,3.7,1.9806931592524069,1.9806931592524069,5.70674005649928,0.6236223572636995,7.687433215751687,1.723838260148718,1.9806931592524069,5.792937822636567,0.6236223572636995,7.773630981888973,1.6971824449812738,0.08619776613728725,0.08619776613728725,0.08619776613728547,0.08619776613728547,-0.026655815167444308,0.026655815167444308,0.0062749209048385,0.0044535067435684,0.9999015103412432,True,True,True,True,FULL,FULL_direct_poly_rank_1
321,1.5,9.25116090215996,2.94,0.5553062574145964,0.5553062574145964,10.568278952724356,0.5404727096285398,11.123585210138952,1.04691166819964,0.5553062574145964,10.140207643916217,0.5404727096285398,10.695513901330813,1.0779766710554806,-0.42807130880813915,0.42807130880813915,-0.42807130880813915,0.42807130880813915,0.031065002855840573,0.031065002855840573,0.0143125350998672,0.0114227988940758,0.9996860164370972,True,True,True,True,FULL,FULL_direct_poly_rank_1
322,1.7,10.484649022447956,1.47,1.1106125148291928,1.1106125148291928,1.0572811334663703,0.4768876849663586,2.1678936482955633,1.7502458150213789,1.1106125148291928,1.0959837794774363,0.4768876849663586,2.206596294306629,1.6756182101204855,0.03870264601106599,0.03870264601106599,0.03870264601106577,0.03870264601106577,-0.07462760490089337,0.07462760490089337,0.005542199482212,0.0032307447582726,0.9991666055938856,True,True,True,True,FULL,FULL_direct_poly_rank_1
323,1.7,10.484649022447956,7.35,2.2212250296583855,2.2212250296583855,20.160376750419932,0.4768876849663586,22.381601780078316,1.0379375597762583,2.2212250296583855,20.69243861433897,0.4768876849663586,22.913663643997353,1.0165384351419635,0.5320618639190364,0.5320618639190364,0.5320618639190364,0.5320618639190364,-0.02139912463429483,0.02139912463429483,0.0222944645767356,0.0174014472200189,0.9998374752489922,True,True,True,True,FULL,FULL_direct_poly_rank_1
327,0.1,0.6167440601439975,0.08,0.0796743371481683,0.0796743371481683,0.0008090983306987,8.107090644428094,0.080483435478867,77.68977402204777,0.0796743371481683,0.0088237431853313,8.107090644428094,0.0884980803334996,32.02917348002303,0.0080146448546326,0.0080146448546326,0.008014644854632602,0.008014644854632602,-45.66060054202474,45.66060054202474,0.0047718496847923,0.0017648168641628,0.7382395587761162,True,True,True,True,FULL,FULL_direct_poly_rank_1
329,1.2,7.400928721727968,0.024,0.0202072594216368,0.0202072594216368,0.010665146237602,0.6755908870356747,0.0308724056592388,2.9023919692701785,0.0202072594216368,0.0110529776657914,0.6755908870356747,0.0312602370874282,2.7736013610106904,0.00038783142818940054,0.00038783142818940054,0.0003878314281893988,0.0003878314281893988,-0.12879060825948807,0.12879060825948807,8.791453928650606e-05,4.408757826179272e-05,0.99914019104435,True,True,True,True,FULL,FULL_direct_poly_rank_1
330,1.1,6.784184661583972,0.025,0.0202072594216368,0.0202072594216368,0.0137190748784508,0.7370082404025541,0.0339263343000876,2.9611290302817843,0.0202072594216368,0.0138514038481777,0.7370082404025541,0.0340586632698145,2.9246146877143,0.00013232896972690047,0.00013232896972690047,0.000132328969726897,0.000132328969726897,-0.03651434256748409,0.03651434256748409,2.573096447028843e-05,1.3565958736017067e-05,0.99993369944814,True,True,True,True,FULL,FULL_direct_poly_rank_1
331,1.25,7.709300751799968,0.047,0.0398371685740841,0.0398371685740841,0.0200809505252075,0.6485672515542477,0.0599181190992916,2.820311710406355,0.0398371685740841,0.0209930166517827,0.6485672515542477,0.0608301852258668,2.666885603805202,0.0009120661265752013,0.0009120661265752013,0.0009120661265751978,0.0009120661265751978,-0.15342610660115286,0.15342610660115286,0.0002111414120889,0.000105163786208,0.9987034528767584,True,True,True,True,FULL,FULL_direct_poly_rank_1
332,1.2,7.400928721727968,0.05,0.0398371685740841,0.0398371685740841,0.0292663957131568,0.6755908870356747,0.0691035642872409,2.6576864448773354,0.0398371685740841,0.0298629314397948,0.6755908870356747,0.0697001000138789,2.5906413991048196,0.0005965357266379985,0.0005965357266379985,0.000596535726637995,0.000596535726637995,-0.0670450457725158,0.0670450457725158,0.0001068437398267,5.787223987990399e-05,0.9997174283244462,True,True,True,True,FULL,FULL_direct_poly_rank_1
333,1.6,9.86790496230396,0.093,0.0796743371481683,0.0796743371481683,0.0371742575975103,0.5066931652767559,0.1168485947456786,2.2486028629786348,0.0796743371481683,0.0397184724052934,0.5066931652767559,0.1193928095534617,2.0729028451084455,0.0025442148077831003,0.0025442148077831003,0.0025442148077830934,0.0025442148077830934,-0.1757000178701893,0.1757000178701893,0.0006025081844739,0.0002978674099973,0.9972941165858848,True,True,True,True,FULL,FULL_direct_poly_rank_1
334,2.5,15.418601503599936,0.1,0.0796743371481683,0.0796743371481683,0.0585327914263222,0.3242836257771238,0.1382071285744905,1.275689493540873,0.0796743371481683,0.0555392719376934,0.3242836257771238,0.1352136090858617,1.373394257141732,-0.002993519488628797,0.002993519488628797,-0.002993519488628804,0.002993519488628804,0.097704763600859,0.097704763600859,0.0006210599032426,0.0003204898772033,0.9976130822399624,True,True,True,True,FULL,FULL_direct_poly_rank_1
335,1.8,11.101393082591954,0.233,0.1991858428704208,0.1991858428704208,0.0944249962521731,0.4503939246904497,0.2936108391225939,1.9904398436807709,0.1991858428704208,0.0997281205572292,0.4503939246904497,0.29891396342765,1.8594157583470383,0.005303124305056098,0.005303124305056098,0.005303124305056084,0.005303124305056084,-0.13102408533373255,0.13102408533373255,0.0012663957528804,0.0006244574313442,0.9980967208148684,True,True,True,True,FULL,FULL_direct_poly_rank_1
336,4.0,24.669762405759897,0.251,0.1991858428704208,0.1991858428704208,0.1494580982300445,0.2026772661107024,0.3486439411004653,0.792806515114832,0.1991858428704208,0.1303021369476908,0.2026772661107024,0.3294879798181116,0.9968741233792208,-0.019155961282353695,0.019155961282353695,-0.019155961282353695,0.019155961282353695,0.20406760826438874,0.20406760826438874,0.0048993102648305,0.0023589791788554,0.9765029322584444,True,True,True,True,FULL,FULL_direct_poly_rank_1
337,1.13,6.96920787962717,0.045,0.0153092991217785,0.0153092991217785,0.1129415099906837,0.7174416499493891,0.1282508091124622,1.6219045254507285,0.0153092991217785,0.1097356539197648,0.7174416499493891,0.1250449530415433,1.6632130256024054,-0.0032058560709189027,0.0032058560709189027,-0.003205856070918889,0.003205856070918889,0.041308500151676864,0.041308500151676864,0.0001547618723527,0.0001186236797016,0.9997685287376752,True,True,True,True,FULL,FULL_direct_poly_rank_1
338,1.74,10.731346646505555,0.033,0.0153092991217785,0.0153092991217785,0.0614267591501006,0.4659247496797756,0.0767360582718792,1.1936384711708052,0.0153092991217785,0.0641285106518063,0.4659247496797756,0.0794378097735848,1.1458852777706858,0.0027017515017057,0.0027017515017057,0.00270175150170561,0.00270175150170561,-0.04775319340011941,0.04775319340011941,0.0001606343225513,0.0001189808964289,0.9993413756167804,True,True,True,True,FULL,FULL_direct_poly_rank_1
339,2.13,13.136648481067144,0.035,0.0153092991217785,0.0153092991217785,0.0696089127687665,0.3806145842454505,0.084918211890545,0.9488333573269884,0.0153092991217785,0.0727565652084298,0.3806145842454505,0.0880658643302083,0.9108986746905456,0.0031476524396632927,0.0031476524396632927,0.0031476524396632927,0.0031476524396632927,-0.03793468263644273,0.03793468263644273,0.0001759656870978,0.0001317947069759,0.9993494365585672,True,True,True,True,FULL,FULL_direct_poly_rank_1
340,3.5,21.58604210503991,0.026,0.0153092991217785,0.0153092991217785,0.0343911652377439,0.2316311612693741,0.0497004643595224,0.6801344819537776,0.0153092991217785,0.0336547701539249,0.2316311612693741,0.0489640692757034,0.6969733260241036,-0.0007363950838190012,0.0007363950838190012,-0.0007363950838190012,0.0007363950838190012,0.016838844070325987,0.016838844070325987,6.478257553429792e-05,4.381701530764245e-05,0.9997522121651028,True,True,True,True,FULL,FULL_direct_poly_rank_1
341,1.13,6.96920787962717,0.055,0.0153092991217785,0.0153092991217785,0.1595143577209842,0.7174416499493891,0.1748236568427627,1.524522904222498,0.0153092991217785,0.152097419284732,0.7174416499493891,0.1674067184065105,1.5849308550517118,-0.007416938436252213,0.007416938436252213,-0.007416938436252185,0.007416938436252185,0.06040795082921391,0.06040795082921391,0.0003149739067349,0.0002454562178469,0.9994559416394112,True,True,True,True,FULL,FULL_direct_poly_rank_1
342,1.22,7.524277533756768,0.039,0.0153092991217785,0.0153092991217785,0.0864894320112215,0.6645156265924669,0.101798731133,1.5829859963913084,0.0153092991217785,0.0860232321710723,0.6645156265924669,0.1013325312928508,1.590816137423584,-0.0004661998401492007,0.0004661998401492007,-0.0004661998401492007,0.0004661998401492007,0.00783014103227564,0.00783014103227564,2.4781321445249147e-05,1.871936517388614e-05,0.9999908597921956,True,True,True,True,FULL,FULL_direct_poly_rank_1
343,1.45,8.942788872087963,0.034,0.0153092991217785,0.0153092991217785,0.0654950286258003,0.5591096996157306,0.0808043277475788,1.4123161332544465,0.0153092991217785,0.0672725089350507,0.5591096996157306,0.0825818080568292,1.3769342364132315,0.001777480309250401,0.001777480309250401,0.001777480309250401,0.001777480309250401,-0.035381896841214955,0.035381896841214955,0.0001042097456889,7.739207092631774e-05,0.999749035845764,True,True,True,True,FULL,FULL_direct_poly_rank_1
344,2.17,13.383346105124744,0.028,0.0153092991217785,0.0153092991217785,0.0418356081902535,0.373598647208668,0.057144907312032,1.0458293131757963,0.0153092991217785,0.0429587661440803,0.373598647208668,0.0582680652658588,1.0174060886758935,0.0011231579538268019,0.0011231579538268019,0.0011231579538268019,0.0011231579538268019,-0.028423224499902755,0.028423224499902755,8.301354749339875e-05,5.870516876113762e-05,0.9996888485762924,True,True,True,True,FULL,FULL_direct_poly_rank_1
345,0.6,3.700464360863984,0.062,0.0153092991217785,0.0153092991217785,0.1936315334445874,1.3511817740713494,0.2089408325663659,2.78103428223211,0.0153092991217785,0.1688771763163615,1.3511817740713494,0.18418647543814,3.1169644419616604,-0.02475435712822588,0.02475435712822588,-0.02475435712822588,0.02475435712822588,0.3359301597295503,0.3359301597295503,0.0010597665036065,0.0008248453316155,0.9955298926617592,True,True,True,True,FULL,FULL_direct_poly_rank_1
346,0.7,4.317208421007981,0.05,0.0153092991217785,0.0153092991217785,0.1358772828198478,1.1581558063468709,0.1511865819416263,2.530764500816095,0.0153092991217785,0.1222086182742839,1.1581558063468709,0.1375179173960624,2.7805381115681937,-0.013668664545563883,0.013668664545563883,-0.013668664545563897,0.013668664545563897,0.24977361075209892,0.24977361075209892,0.0006583790308941,0.0005046824025858,0.9969046404981045,True,True,True,True,FULL,FULL_direct_poly_rank_1
347,0.9,5.550696541295977,0.034,0.0153092991217785,0.0153092991217785,0.0654950141480271,0.9007878493808994,0.0808043132698056,2.275398701589776,0.0153092991217785,0.0623556929533244,0.9007878493808994,0.0776649920751029,2.391061364052886,-0.003139321194702692,0.003139321194702692,-0.003139321194702699,0.003139321194702699,0.11566266246311008,0.11566266246311008,0.0002002119046943,0.0001462675628891,0.999073650593794,True,True,True,True,FULL,FULL_direct_poly_rank_1
348,1.8,11.101393082591954,0.027,0.0153092991217785,0.0153092991217785,0.038082793731829,0.4503939246904497,0.0533920928536075,1.2897687725693818,0.0153092991217785,0.0395789768198933,0.4503939246904497,0.0548882759416718,1.2387198606971417,0.001496183088064304,0.001496183088064304,0.001496183088064304,0.001496183088064304,-0.051048911872240144,0.051048911872240144,0.0001148246164937,8.046266169575468e-05,0.9993213643036464,True,True,True,True,FULL,FULL_direct_poly_rank_1
349,1.13,6.96920787962717,0.043,0.0153092991217785,0.0153092991217785,0.1039855497101338,0.7174416499493891,0.1192948488319123,1.6477168177591195,0.0153092991217785,0.1013938647216776,0.7174416499493891,0.1167031638434561,1.685069980584508,-0.0025916849884561888,0.0025916849884561888,-0.0025916849884562027,0.0025916849884562027,0.037353162825388475,0.037353162825388475,0.0001293097907054,9.864193673084882e-05,0.9998151532981752,True,True,True,True,FULL,FULL_direct_poly_rank_1
350,1.37,8.449393623972766,0.041,0.0153092991217785,0.0153092991217785,0.0951653865075495,0.591758441199131,0.110474685629328,1.3828596668882291,0.0153092991217785,0.0961808697466665,0.591758441199131,0.111490168868445,1.369970471463288,0.0010154832391170016,0.0010154832391170016,0.0010154832391170016,0.0010154832391170016,-0.012889195424941047,0.012889195424941047,5.084453308251595e-05,3.876620143373435e-05,0.9999670106445306,True,True,True,True,FULL,FULL_direct_poly_rank_1
351,1.67,10.299625804404757,0.032,0.0153092991217785,0.0153092991217785,0.057405854043788,0.4854545296064728,0.0727151531655665,1.2626030593869657,0.0153092991217785,0.059800521603443,0.4854545296064728,0.0751098207252215,1.213835308721053,0.002394667559654999,0.002394667559654999,0.002394667559655006,0.002394667559655006,-0.04876775066591277,0.04876775066591277,0.0001475688097549,0.0001085551104816,0.9993833299887728,True,True,True,True,FULL,FULL_direct_poly_rank_1
352,2.91,17.947252150190327,0.03,0.0153092991217785,0.0153092991217785,0.0495137718239397,0.2785941802208967,0.0648230709457182,0.7494886652754336,0.0153092991217785,0.0497160599621114,0.2785941802208967,0.0650253590838899,0.746363630555148,0.00020228813817169816,0.00020228813817169816,0.0002022881381717051,0.0002022881381717051,-0.00312503472028558,0.00312503472028558,1.4018852864568414e-05,1.0062377117062634e-05,0.9999930487065648,True,True,True,True,FULL,FULL_direct_poly_rank_1
353,0.9,5.550696541295977,0.037,0.0153092991217785,0.0153092991217785,0.0779670989319231,0.9007878493808994,0.0932763980537016,2.192227389199339,0.0153092991217785,0.0739269412661374,0.9007878493808994,0.0892362403879159,2.3086538569779806,-0.004040157665785707,0.004040157665785707,-0.004040157665785693,0.004040157665785693,0.11642646777864174,0.11642646777864174,0.0002374030488364,0.0001762221645606,0.9990100474704812,True,True,True,True,FULL,FULL_direct_poly_rank_1
354,1.05,6.475812631511974,0.032,0.0153092991217785,0.0153092991217785,0.0574058541682785,0.7721038708979138,0.0727151532900571,2.0081400996379837,0.0153092991217785,0.056159239295378,0.7721038708979138,0.0714685384171565,2.053410541193033,-0.001246614872900502,0.001246614872900502,-0.0012466148729005921,0.0012466148729005921,0.045270441555049334,0.045270441555049334,8.241856168223216e-05,5.9766774956529385e-05,0.9998076404543416,True,True,True,True,FULL,FULL_direct_poly_rank_1
355,1.15,7.09255669165597,0.028,0.0153092991217785,0.0153092991217785,0.0418356081862674,0.7049644038633127,0.0571449073080459,1.9734344433232216,0.0153092991217785,0.0416788596746794,0.7049644038633127,0.0569881587964579,1.9813646545130588,-0.00015674851158799935,0.00015674851158799935,-0.0001567485115880063,0.0001567485115880063,0.007930211189837166,0.007930211189837166,1.2021058003814702e-05,8.425771091893473e-06,0.9999934753197832,True,True,True,True,FULL,FULL_direct_poly_rank_1
356,1.4,8.634416842015963,0.024,0.0153092991217785,0.0153092991217785,0.0272042150777216,0.5790779031734354,0.0425135141995001,1.8037445140554815,0.0153092991217785,0.0278905306006914,0.5790779031734354,0.0431998297224699,1.7538494091392547,0.0006863155229697993,0.0006863155229697993,0.0006863155229697993,0.0006863155229697993,-0.04989510491622684,0.04989510491622684,6.539351411970818e-05,4.325382417612449e-05,0.9996615844283316,True,True,True,True,FULL,FULL_direct_poly_rank_1
357,0.75,4.625580451079981,0.028,0.0153092991217785,0.0153092991217785,0.0418356081843982,1.080945419257079,0.0571449073061767,3.0259328132395527,0.0153092991217785,0.0390847089444952,1.080945419257079,0.0543940080662737,3.269433751156353,-0.0027508992399030013,0.0027508992399030013,-0.0027508992399029944,0.0027508992399029944,0.24350093791680028,0.24350093791680028,0.0002296145116852,0.0001574667837248,0.997619476297838,True,True,True,True,FULL,FULL_direct_poly_rank_1
358,1.15,7.09255669165597,0.026,0.0153092991217785,0.0153092991217785,0.0343911653190034,0.7049644038633127,0.0497004644407819,2.0699745048837284,0.0153092991217785,0.0342925019419288,0.7049644038633127,0.0496018010637073,2.0765817682551595,-9.866337707459955e-05,9.866337707459955e-05,-9.866337707459955e-05,9.866337707459955e-05,0.006607263371431138,0.006607263371431138,8.46213855736782e-06,5.763111293631898e-06,0.9999957721085851,True,True,True,True,FULL,FULL_direct_poly_rank_1
359,1.1,6.784184661583972,0.024,0.0153092991217785,0.0153092991217785,0.0272042141314279,0.7370082404025541,0.0425135132532064,2.2956749282231264,0.0153092991217785,0.026959750098759,0.7370082404025541,0.0422690492205375,2.3199401297741566,-0.0002444640326689021,0.0002444640326689021,-0.0002444640326689021,0.0002444640326689021,0.02426520155103029,0.02426520155103029,2.4438217392341317e-05,1.5941631495333173e-05,0.9999527371357372,True,True,True,True,FULL,FULL_direct_poly_rank_1
360,1.2,7.400928721727968,0.022,0.0153092991217785,0.0153092991217785,0.0203041095024898,0.6755908870356747,0.0356134086242683,2.2704692840433656,0.0153092991217785,0.0204424137990665,0.6755908870356747,0.035751712920845,2.252044062986885,0.00013830429657669951,0.00013830429657669951,0.00013830429657669951,0.00013830429657669951,-0.018425221056480368,0.018425221056480368,1.6394904748028496e-05,1.0154647135160108e-05,0.9999709009633672,True,True,True,True,FULL,FULL_direct_poly_rank_1
