sample_id,u_peak,u_r,tau_peak,tau_r,true_a,true_b,true_c,true_d,true_e,estimated_a,estimated_b,estimated_c,estimated_d,estimated_e,error_b,abs_error_b,error_d,abs_error_d,error_e,abs_error_e,curve_rmse_tau_u,curve_mae_tau_u,curve_r2_tau_u,curve_valid,dataset,model_name
7,0.72,2.75,0.044,0.03175,0.03175,0.0801325410005739,1.818181818181818,0.1118825410005739,3.441242286799551,0.03175,0.2086709798791828,1.818181818181818,0.2404209798791828,2.40117113297565,0.12853843887860888,0.12853843887860888,0.12853843887860888,0.12853843887860888,-1.040071153823901,1.040071153823901,0.001765651931151424,0.0014853167210888845,0.9323923922484156,True,FULL,FULL_poly_rank_4
8,0.92,3.0,0.035,0.02825,0.02825,0.0557241852265918,1.6666666666666667,0.0839741852265918,3.007954906577982,0.02825,0.0863024869146362,1.6666666666666667,0.1145524869146362,2.346150203685817,0.030578301688044394,0.030578301688044394,0.0305783016880444,0.0305783016880444,-0.661804702892165,0.661804702892165,0.0015176400478640257,0.0008615403562201001,0.9217763423646548,True,FULL,FULL_poly_rank_4
9,0.97,3.0,0.029,0.0255,0.0255,0.0288872445152351,1.6666666666666667,0.0543872445152351,3.290221199159674,0.0255,0.0349230372276396,1.6666666666666667,0.0604230372276396,2.7469739083249025,0.006035792712404498,0.006035792712404498,0.006035792712404502,0.006035792712404502,-0.5432472908347714,0.5432472908347714,0.0009615100472095459,0.0005208397926765704,0.9556934074367304,True,FULL,FULL_poly_rank_4
11,0.78,3.5,0.05,0.0417499999999999,0.0417499999999999,0.0354980845491272,1.4285714285714286,0.0772480845491271,4.004659571873231,0.0417499999999999,0.0912992641651134,1.4285714285714286,0.1330492641651133,2.751893018487145,0.0558011796159862,0.0558011796159862,0.05580117961598621,0.05580117961598621,-1.2527665533860857,1.2527665533860857,0.003145028345803434,0.002303675490389206,0.7957548368469867,True,FULL,FULL_poly_rank_4
12,1.25,3.5,0.04,0.034,0.034,0.0670624339164287,1.4285714285714286,0.1010624339164287,2.366794324621144,0.034,0.0661042367339202,1.4285714285714286,0.1001042367339202,2.049157985144404,-0.0009581971825085023,0.0009581971825085023,-0.0009581971825085023,0.0009581971825085023,-0.31763633947673986,0.31763633947673986,0.002394413940547826,0.001541176967737852,0.8629330469813303,True,FULL,FULL_poly_rank_4
13,1.8,4.0,0.035,0.033,0.033,0.0334302203204883,1.25,0.0664302203204883,2.0972939397426664,0.033,0.0130979853621366,1.25,0.0460979853621367,2.283923327034117,-0.0203322349583517,0.0203322349583517,-0.020332234958351604,0.020332234958351604,0.1866293872914504,0.1866293872914504,0.0012691144127735471,0.0009392316409276045,0.958136959003836,True,FULL,FULL_poly_rank_4
19,1.55,12.0,1.02,0.8525,0.8525,0.3782821788444106,0.4166666666666667,1.2307821788444109,2.3791759662313843,0.8525,0.7552506692967138,0.4166666666666667,1.6077506692967138,1.8742153941467403,0.3769684904523032,0.3769684904523032,0.37696849045230296,0.37696849045230296,-0.504960572084644,0.504960572084644,0.057897081858168345,0.03713518645306661,0.7629879489050516,True,FULL,FULL_poly_rank_4
20,1.71,12.0,2.57,1.7327500000000002,1.7327500000000002,2.210315622373947,0.4166666666666667,3.9430656223739473,1.6207235717983703,1.7327500000000002,2.589818973883612,0.4166666666666667,4.322568973883612,1.4424344703157144,0.3795033515096651,0.3795033515096651,0.3795033515096651,0.3795033515096651,-0.17828910148265598,0.17828910148265598,0.03795509868589842,0.026248250141651965,0.9883819179695775,True,FULL,FULL_poly_rank_4
21,1.67,12.0,7.53,5.32,5.32,5.617172562155661,0.4166666666666667,10.93717256215566,1.7473164085592403,5.32,2.5560431780029456,0.4166666666666667,7.876043178002946,2.0423871833000153,-3.061129384152715,3.061129384152715,-3.0611293841527134,3.0611293841527134,0.29507077474077503,0.29507077474077503,0.5051156335548412,0.32514895064071836,0.7384085959271359,True,FULL,FULL_poly_rank_4
22,1.67,12.0,19.67,18.994999999999997,18.994999999999997,1.5273740416856256,0.4166666666666667,20.522374041685623,3.2739688179792332,18.994999999999997,9.471672248233672,0.4166666666666667,28.46667224823367,2.0212153141954787,7.944298206548046,7.944298206548046,7.944298206548048,7.944298206548048,-1.2527535037837545,1.2527535037837545,1.2234419752290924,0.7812373006005617,0.7202611514390902,True,FULL,FULL_poly_rank_4
27,0.87,3.25,2.35,1.9075,1.9075,2.7034029995062916,1.5384615384615383,4.610902999506291,3.276941309100947,1.9075,0.5081638713758918,1.5384615384615383,2.415663871375892,4.585681339204478,-2.1952391281303996,2.1952391281303996,-2.1952391281303996,2.1952391281303996,1.308740030103531,1.308740030103531,0.18533351419485866,0.13253344477443188,0.7178902628888496,True,FULL,FULL_poly_rank_4
28,0.13,1.325,1.02,0.6675,0.6675,0.6738254010838505,3.7735849056603774,1.3413254010838505,23.891608655167115,0.6675,0.586293911626049,3.7735849056603774,1.253793911626049,23.781064475938173,-0.08753148945780143,0.08753148945780143,-0.08753148945780143,0.08753148945780143,-0.11054417922894189,0.11054417922894189,0.01960618696385382,0.011768560348757999,0.9778880178705384,True,FULL,FULL_poly_rank_4
29,0.6,2.425,4.93,4.2975,4.2975,3.110870023650559,2.061855670103093,7.408370023650559,5.517814597970529,4.2975,2.622284708162164,2.061855670103093,6.919784708162164,5.230628624189903,-0.488585315488395,0.488585315488395,-0.488585315488395,0.488585315488395,-0.28718597378062594,0.28718597378062594,0.11663962095354469,0.07072209373380481,0.9729835463946395,True,FULL,FULL_poly_rank_4
30,2.17,3.85,16.37,14.955,14.955,60.674147880173095,1.2987012987012987,75.6291478801731,1.6284330431129306,14.955,39.44734555692973,1.2987012987012987,54.40234555692973,1.5190527813387,-21.226802323243362,21.226802323243362,-21.226802323243362,21.226802323243362,-0.10938026177423055,0.10938026177423055,1.5851497119758757,1.1677402163647652,0.7218865493398824,True,FULL,FULL_poly_rank_4
31,0.24,1.275,0.66,0.475,0.475,0.6758571313827281,3.9215686274509807,1.150857131382728,11.17767536247715,0.475,0.767453125975018,3.9215686274509807,1.242453125975018,9.704208367824045,0.09159599459228995,0.09159599459228995,0.09159599459228995,0.09159599459228995,-1.473466994653105,1.473466994653105,0.010026518418619557,0.005792990292716871,0.9883214126241322,True,FULL,FULL_poly_rank_4
32,0.3,2.175,4.71,4.1925,4.1925,1.211168346774408,2.298850574712644,5.403668346774408,13.642584509493682,4.1925,0.9102941535339832,2.298850574712644,5.102794153533983,14.087760038427875,-0.30087419324042486,0.30087419324042486,-0.30087419324042486,0.30087419324042486,0.4451755289341932,0.4451755289341932,0.05630977046569715,0.03520840622763048,0.9896921600707801,True,FULL,FULL_poly_rank_4
33,2.26,4.125,16.14,11.3475,11.3475,422.7987490320256,1.2121212121212122,434.1462490320256,1.3091974223177918,11.3475,496.8079387240042,1.2121212121212122,508.1554387240042,1.2278012929905138,74.00918969197858,74.00918969197858,74.00918969197863,74.00918969197863,-0.08139612932727802,0.08139612932727802,5.232768202344979,4.026639921782459,-1.060379889537792,True,FULL,FULL_poly_rank_4
34,0.47,1.525,1.07,0.6975,0.6975,4.0455139668571585,3.278688524590164,4.743013966857158,4.812842755740618,0.6975,4.818017917330315,3.278688524590164,5.515517917330315,3.9773697116766993,0.7725039504731566,0.7725039504731566,0.7725039504731566,0.7725039504731566,-0.8354730440639191,0.8354730440639191,0.12786348984851387,0.08588528270639798,0.5201394753035053,True,FULL,FULL_poly_rank_4
35,0.47,2.2,4.91,4.25,4.25,2.5915991927768687,2.2727272727272725,6.841599192776869,7.213346651196478,4.25,2.7663698201043907,2.2727272727272725,7.016369820104391,6.48326815372271,0.17477062732752202,0.17477062732752202,0.17477062732752202,0.17477062732752202,-0.7300784974737677,0.7300784974737677,0.06113876061417434,0.02772458542154086,0.9917099772270804,True,FULL,FULL_poly_rank_4
36,1.48,3.625,14.91,14.235,14.235,8.232456046268986,1.3793103448275863,22.467456046268985,2.7321098339023515,14.235,6.3130442836531095,1.3793103448275863,20.54804428365311,2.606802604361308,-1.9194117626158764,1.9194117626158764,-1.9194117626158764,1.9194117626158764,-0.12530722954104334,0.12530722954104334,0.35260203108489896,0.22875900475689534,0.981269586671087,True,FULL,FULL_poly_rank_4
37,0.11,1.325,0.89,0.5625,0.5625,0.5639971811696873,3.7735849056603774,1.1264971811696871,29.2958502513531,0.5625,0.5135293726500778,3.7735849056603774,1.0760293726500778,29.05414373664599,-0.050467808519609525,0.050467808519609525,-0.0504678085196093,0.0504678085196093,-0.24170651470711135,0.24170651470711135,0.012077607365618699,0.0071106204435905825,0.9890009718978631,True,FULL,FULL_poly_rank_4
38,0.26,2.175,5.3,4.1,4.1,2.5910971306331803,2.298850574712644,6.69109713063318,13.042743993933716,4.1,2.863369346114,2.298850574712644,6.963369346114,12.106549798064306,0.2722722154808199,0.2722722154808199,0.2722722154808199,0.2722722154808199,-0.93619419586941,0.93619419586941,0.03815850273008779,0.025132676224396234,0.996291307087177,True,FULL,FULL_poly_rank_4
40,0.3,1.35,0.88,0.635,0.635,1.1651130574348498,3.7037037037037033,1.8001130574348498,8.547982610717572,0.635,1.203008543803528,3.7037037037037033,1.838008543803528,7.443053836497251,0.03789548636867823,0.03789548636867823,0.03789548636867823,0.03789548636867823,-1.1049287742203209,1.1049287742203209,0.029726973081864647,0.015472620163194268,0.9473341575434293,True,FULL,FULL_poly_rank_4
41,0.38,2.175,5.2,4.3975,4.3975,2.452688320111813,2.298850574712644,6.850188320111813,9.031706106944794,4.3975,2.9136943336911676,2.298850574712644,7.311194333691168,8.002275722327466,0.4610060135793548,0.4610060135793548,0.4610060135793548,0.4610060135793548,-1.0294303846173278,1.0294303846173278,0.04894395580216261,0.033298326647911644,0.9945879264057516,True,FULL,FULL_poly_rank_4
43,0.88,1.475,0.58,0.535,0.535,2.3643732180319175,3.389830508474576,2.8993732180319176,4.157276354583812,0.535,2.777929255789564,3.389830508474576,3.312929255789564,3.684783842541391,0.4135560377576466,0.4135560377576466,0.4135560377576466,0.4135560377576466,-0.4724925120424208,0.4724925120424208,0.0580666766346989,0.04252456838775846,0.7110462175937049,True,FULL,FULL_poly_rank_4
44,1.5,2.625,3.89,3.6325,3.6325,10.486129835864666,1.9047619047619049,14.118629835864668,2.474961892115721,3.6325,10.581593486203111,1.9047619047619049,14.214093486203112,2.196518156303052,0.09546365033844495,0.09546365033844495,0.09546365033844317,0.09546365033844317,-0.2784437358126688,0.2784437358126688,0.30039464369790136,0.21519170143398852,0.8275582731979373,True,FULL,FULL_poly_rank_4
45,2.87,4.1,13.67,13.42,13.42,16.705556614946417,1.2195121951219514,30.12555661494642,1.6634039681803665,13.42,40.00931127191174,1.2195121951219514,53.42931127191174,1.357695050139948,23.303754656965324,23.303754656965324,23.303754656965324,23.303754656965324,-0.30570891804041844,0.30570891804041844,0.5847951325755404,0.3682499200330851,0.9498284534897353,True,FULL,FULL_poly_rank_4
46,0.79,1.5,0.8,0.665,0.665,6.166849946093346,3.3333333333333335,6.831849946093346,3.9230290740544778,0.665,5.855432766980853,3.3333333333333335,6.520432766980853,3.5487781348208505,-0.31141717911249334,0.31141717911249334,-0.31141717911249334,0.31141717911249334,-0.3742509392336273,0.3742509392336273,0.1326123419717626,0.0991875656363914,0.17296184185947117,True,FULL,FULL_poly_rank_4
47,0.6,2.175,5.04,4.655,4.655,2.141531174694559,2.298850574712644,6.796531174694559,6.310564627174357,4.655,2.7439136880465327,2.298850574712644,7.398913688046533,5.364384445142066,0.6023825133519738,0.6023825133519738,0.6023825133519738,0.6023825133519738,-0.9461801820322915,0.9461801820322915,0.0733648642044001,0.040132407172264066,0.9906410423389173,True,FULL,FULL_poly_rank_4
48,2.37,4.125,16.38,14.3675,14.3675,112.7264689844744,1.2121212121212122,127.0939689844744,1.4228254925840296,14.3675,83.75695288471817,1.2121212121212122,98.12445288471817,1.3124885013879408,-28.96951609975622,28.96951609975622,-28.969516099756234,28.969516099756234,-0.11033699119608875,0.11033699119608875,2.370970585230242,1.7781804111233088,0.3811482498473545,True,FULL,FULL_poly_rank_4
49,1.46,2.566666666666667,4.68,4.1066666666666665,4.1066666666666665,30.593215473314466,1.948051948051948,34.69988213998113,2.300589855794831,4.1066666666666665,29.039004031849867,1.948051948051948,33.14567069851653,2.0852723795809336,-1.5542114414645987,1.5542114414645987,-1.5542114414645951,1.5542114414645951,-0.2153174762138974,0.2153174762138974,0.6604098958750512,0.49300686009946615,0.40817574415501545,True,FULL,FULL_poly_rank_4
50,4.16,4.75,15.04,14.775,14.775,58.5314735148253,1.0526315789473684,73.3064735148253,1.2144266984360343,14.775,101.38306065378612,1.0526315789473684,116.15806065378614,1.0947703088049234,42.85158713896082,42.85158713896082,42.85158713896084,42.85158713896084,-0.11965638963111092,0.11965638963111092,0.9417726635566944,0.5977832007225635,0.8772165554344222,True,FULL,FULL_poly_rank_4
51,1.26,1.85,0.94,0.785,0.785,27.151829140946248,2.702702702702702,27.936829140946248,2.8751003676389564,0.785,25.01822143776728,2.702702702702702,25.80322143776728,2.7373246952997015,-2.133607703178967,2.133607703178967,-2.133607703178967,2.133607703178967,-0.13777567233925492,0.13777567233925492,0.26182529137033755,0.19465851820666236,-0.7409165510939348,True,FULL,FULL_poly_rank_4
52,3.13,4.466666666666667,15.58,14.793333333333337,14.793333333333337,75.02328336156236,1.1194029850746268,89.8166166948957,1.313812712287742,14.793333333333337,65.99621669296933,1.1194029850746268,80.78955002630266,1.208483052738491,-9.027066668593037,9.027066668593037,-9.027066668593037,9.027066668593037,-0.105329659549251,0.105329659549251,1.4564722983380578,1.0321701518028805,0.7431293392594664,True,FULL,FULL_poly_rank_4
53,1.15,1.85,0.71,0.65,0.65,3.9933470021604136,2.702702702702702,4.6433470021604135,3.19021506632708,0.65,3.8849428780569544,2.702702702702702,4.534942878056954,2.897852018439323,-0.10840412410345923,0.10840412410345923,-0.10840412410345923,0.10840412410345923,-0.29236304788775724,0.29236304788775724,0.08518996582458273,0.06354191521575908,0.5895912200434024,True,FULL,FULL_poly_rank_4
54,0.35,2.175,4.68,4.205,4.205,1.283914851902833,2.298850574712644,5.488914851902833,11.46515887900422,4.205,1.0058003341840465,2.298850574712644,5.2108003341840465,11.630857143053696,-0.2781145177187865,0.2781145177187865,-0.2781145177187865,0.2781145177187865,0.1656982640494764,0.1656982640494764,0.052189417583908,0.03274162290995596,0.9918920788071299,True,FULL,FULL_poly_rank_4
55,0.63,3.85,16.18,14.365,14.365,5.024596391351091,1.2987012987012987,19.38959639135109,6.152370825583352,14.365,6.291666318209396,1.2987012987012987,20.656666318209396,5.467333745655523,1.267069926858305,1.267069926858305,1.267069926858305,1.267069926858305,-0.6850370799278291,0.6850370799278291,0.15264287241862734,0.10341328772686217,0.9942646450821581,True,FULL,FULL_poly_rank_4
56,0.45,1.5666666666666669,0.87,0.6366666666666667,0.6366666666666667,1.8543711063769357,3.191489361702127,2.4910377730436024,5.520751658815112,0.6366666666666667,1.7965498599742635,3.191489361702127,2.4332165266409302,4.748634804324818,-0.057821246402672166,0.057821246402672166,-0.057821246402672166,0.057821246402672166,-0.7721168544902941,0.7721168544902941,0.06295067966715662,0.04002376576163531,0.7886487838221389,True,FULL,FULL_poly_rank_4
57,0.58,2.175,5.35,4.42,4.42,5.5363451785319135,2.298850574712644,9.956345178531912,5.059116621676996,4.42,7.19209681551035,2.298850574712644,11.61209681551035,4.138476693323067,1.6557516369784366,1.6557516369784366,1.6557516369784384,1.6557516369784384,-0.9206399283539284,0.9206399283539284,0.13730628707641335,0.07631071897604765,0.9698861735695259,True,FULL,FULL_poly_rank_4
58,0.94,3.875,16.28,13.935,13.935,11.349260923481204,1.2903225806451613,25.28426092348121,3.405427164282276,13.935,13.810335118143437,1.2903225806451613,27.745335118143437,2.8905352878936266,2.461074194662233,2.461074194662233,2.4610741946622277,2.4610741946622277,-0.5148918763886496,0.5148918763886496,0.271714320072162,0.15091676218786923,0.9863681639840716,True,FULL,FULL_poly_rank_4
60,2.38,2.85,5.22,4.84,4.84,137.35939252357494,1.7543859649122806,142.19939252357494,1.8523237169572588,4.84,164.59470961248883,1.7543859649122806,169.43470961248883,1.7703750433268457,27.235317088913888,27.235317088913888,27.235317088913888,27.235317088913888,-0.08194867363041314,0.08194867363041314,1.0478294192734485,0.7082796004525923,-0.1743502189314583,True,FULL,FULL_poly_rank_4
61,2.68,4.125,16.95,15.5375,15.5375,116.71406105996982,1.2121212121212122,132.25156105996982,1.3981039630569712,15.5375,70.10273210917167,1.2121212121212122,85.64023210917166,1.318094622397053,-46.61132895079815,46.61132895079815,-46.61132895079815,46.61132895079815,-0.08000934065991805,0.08000934065991805,2.1828328855350767,1.6199800220478726,0.5203438397915532,True,FULL,FULL_poly_rank_4
62,0.71,1.6,1.14,0.9133333333333334,0.9133333333333334,5.696830896813862,3.125,6.610164230147195,3.976020028848459,0.9133333333333334,4.9722538410737345,3.125,5.885587174407068,3.5369014934791356,-0.7245770557401272,0.7245770557401272,-0.7245770557401272,0.7245770557401272,-0.4391185353693232,0.4391185353693232,0.157704649491181,0.11487385729827164,0.3667890615087597,True,FULL,FULL_poly_rank_4
63,0.76,2.2,5.03,4.68,4.68,3.0326428857358856,2.2727272727272725,7.712642885735885,4.87933520201715,4.68,4.188245394013995,2.2727272727272725,8.868245394013995,4.0054523246014515,1.1556025082781094,1.1556025082781094,1.1556025082781094,1.1556025082781094,-0.8738828774156984,0.8738828774156984,0.11668195212460498,0.06265376519747191,0.9797218780269623,True,FULL,FULL_poly_rank_4
64,2.73,4.125,15.88,13.97,13.97,220.02903798852773,1.2121212121212122,233.99903798852773,1.3339956390040135,13.97,146.15595083725924,1.2121212121212122,160.12595083725924,1.2596473717027572,-73.87308715126849,73.87308715126849,-73.87308715126849,73.87308715126849,-0.07434826730125632,0.07434826730125632,3.0528322653101867,2.2770666922088822,-0.02385186757783697,True,FULL,FULL_poly_rank_4
65,0.63,1.5666666666666669,1.42,0.9733333333333332,0.9733333333333332,10.644929502666052,3.191489361702127,11.618262835999383,3.927118476960182,0.9733333333333332,11.980918533633348,3.191489361702127,12.95425186696668,3.429762644879377,1.335989030967296,1.335989030967296,1.3359890309672977,1.3359890309672977,-0.4973558320808049,0.4973558320808049,0.27311686354420556,0.20090712105175942,-0.08936567321758893,True,FULL,FULL_poly_rank_4
66,0.34,2.175,5.0,4.24,4.24,2.0482757543105174,2.298850574712644,6.288275754310518,10.49368724913285,4.24,2.16511415102777,2.298850574712644,6.40511415102777,9.733530189841582,0.11683839671725238,0.11683839671725238,0.11683839671725238,0.11683839671725238,-0.7601570592912683,0.7601570592912683,0.030228824445113864,0.014538090206558949,0.9975945882290522,True,FULL,FULL_poly_rank_4
67,3.13,4.533333333333333,14.91,14.596666666666666,14.596666666666666,20.35467702287054,1.1029411764705883,34.951343689537204,1.4882877719989878,14.596666666666666,37.41507561156883,1.1029411764705883,52.011742278235495,1.2475377143159476,17.06039858869829,17.06039858869829,17.06039858869829,17.06039858869829,-0.24075005768304014,0.24075005768304014,0.6691530144797074,0.4329932049623567,0.9448457320311481,True,FULL,FULL_poly_rank_4
68,0.49,1.5666666666666669,0.79,0.63,0.63,1.4068332196782207,3.191489361702127,2.0368332196782206,5.5461514668738845,0.63,1.1523023260669576,3.191489361702127,1.7823023260669577,4.996288752253982,-0.25453089361126313,0.25453089361126313,-0.2545308936112629,0.2545308936112629,-0.5498627146199029,0.5498627146199029,0.05278833453072025,0.034888549412595886,0.8173232958397197,True,FULL,FULL_poly_rank_4
69,1.69,2.566666666666667,5.04,4.426666666666667,4.426666666666667,69.19774278410341,1.948051948051948,73.62440945077007,2.1459242646578933,4.426666666666667,69.41332052077892,1.948051948051948,73.83998718744559,2.0002913606360444,0.21557773667551317,0.21557773667551317,0.21557773667551317,0.21557773667551317,-0.14563290402184892,0.14563290402184892,0.9714839689444652,0.7252806409902608,-0.02734084562873429,True,FULL,FULL_poly_rank_4
70,3.12,4.466666666666667,16.37,15.163333333333334,15.163333333333334,137.96164146287623,1.1194029850746268,153.12497479620956,1.2614658876838951,15.163333333333334,92.69615490651958,1.1194029850746268,107.85948823985292,1.1866633416328916,-45.26548655635665,45.26548655635665,-45.265486556356635,45.265486556356635,-0.07480254605100356,0.07480254605100356,2.1746022788620754,1.5697251889575077,0.47407682027689046,True,FULL,FULL_poly_rank_4
71,0.18,1.5666666666666669,0.87,0.6,0.6,0.5778652142592701,3.191489361702127,1.17786521425927,16.988625203858206,0.6,0.3914235202519576,3.191489361702127,0.9914235202519576,17.94937380854238,-0.18644169400731248,0.18644169400731248,-0.18644169400731248,0.18644169400731248,0.9607486046841736,0.9607486046841736,0.03578449672146983,0.022323373821311138,0.8961576969411369,True,FULL,FULL_poly_rank_4
72,0.42,2.175,5.1,3.8825,3.8825,4.482035276937978,2.298850574712644,8.364535276937978,6.759501195047857,3.8825,5.267779861293819,2.298850574712644,9.15027986129382,5.828794406704948,0.7857445843558413,0.7857445843558413,0.7857445843558413,0.7857445843558413,-0.930706788342909,0.930706788342909,0.07039973673420212,0.044893005034805145,0.9898550078591554,True,FULL,FULL_poly_rank_4
73,1.09,3.85,15.19,13.3025,13.3025,11.821633061680007,1.2987012987012987,25.12413306168001,2.9737453064844868,13.3025,14.732348791126112,1.2987012987012987,28.034848791126112,2.4839017733253654,2.910715729446105,2.910715729446105,2.9107157294461032,2.9107157294461032,-0.4898435331591213,0.4898435331591213,0.34407851475996326,0.18186213876699278,0.977426435408289,True,FULL,FULL_poly_rank_4
74,0.47,1.5666666666666669,0.66,0.5066666666666667,0.5066666666666667,1.2794449424210406,3.191489361702127,1.7861116090877074,5.540134014051035,0.5066666666666667,1.23826768449965,3.191489361702127,1.7449343511663165,4.781366486689901,-0.04117725792139049,0.04117725792139049,-0.04117725792139093,0.04117725792139093,-0.7587675273611341,0.7587675273611341,0.044110392320689654,0.027984995180822425,0.8167869208349758,True,FULL,FULL_poly_rank_4
75,0.57,2.175,4.24,4.0125,4.0125,1.1193350008113887,2.298850574712644,5.131835000811389,7.4273022742503985,4.0125,0.7496273817717825,2.298850574712644,4.762127381771783,7.652309909616504,-0.36970761903960625,0.36970761903960625,-0.36970761903960625,0.36970761903960625,0.22500763536610524,0.22500763536610524,0.04992305613404584,0.03344265353061462,0.9936514270389771,True,FULL,FULL_poly_rank_4
76,4.13,4.7,14.9,13.285,13.285,1213.8760619263403,1.0638297872340423,1227.1610619263406,1.0940505167399543,13.285,567.6523485119022,1.0638297872340423,580.9373485119022,1.071074509724185,-646.2237134144381,646.2237134144381,-646.2237134144384,646.2237134144384,-0.022976007015769406,0.022976007015769406,5.068056491732672,3.369737690847271,-0.98171600301285,True,FULL,FULL_poly_rank_4
77,0.18,1.5666666666666669,0.88,0.4966666666666666,0.4966666666666666,0.8494890683979475,3.191489361702127,1.346155735064614,14.732448429095294,0.4966666666666666,0.9425901114466456,3.191489361702127,1.4392567781133123,13.593431783332854,0.09310104304869815,0.09310104304869815,0.09310104304869826,0.09310104304869826,-1.1390166457624407,1.1390166457624407,0.011746184603063219,0.007744186372974888,0.9923194042911817,True,FULL,FULL_poly_rank_4
78,1.25,2.566666666666667,4.37,3.77,3.77,17.6011784506471,1.948051948051948,21.3711784506471,2.4976694597033373,3.77,15.291869159502092,1.948051948051948,19.06186915950209,2.2338722073783104,-2.3093092911450093,2.3093092911450093,-2.3093092911450093,2.3093092911450093,-0.26379725232502693,0.26379725232502693,0.4914415477916958,0.356617928658547,0.5916732090843086,True,FULL,FULL_poly_rank_4
79,3.62,4.5,14.62,13.843333333333334,13.843333333333334,173.78668847200146,1.1111111111111112,187.6300218053348,1.2115644521301927,13.843333333333334,134.99707835917462,1.1111111111111112,148.84041169250796,1.146815536546968,-38.789610112826836,38.789610112826836,-38.789610112826836,38.789610112826836,-0.0647489155832246,0.0647489155832246,1.9682082283117368,1.340866714557386,0.4246113678790333,True,FULL,FULL_poly_rank_4
80,0.11,1.5633333333333332,1.04,0.5006666666666667,0.5006666666666667,0.863642983300683,3.1982942430703627,1.3643096499673495,27.24084861115649,0.5006666666666667,0.854082082565529,3.1982942430703627,1.3547487492321957,26.675214197978537,-0.009560900735154032,0.009560900735154032,-0.00956090073515381,0.00956090073515381,-0.5656344131779534,0.5656344131779534,0.0038014904398249068,0.0018518610797000567,0.9994700510352647,True,FULL,FULL_poly_rank_4
81,0.23,2.1775,4.79,3.54875,3.54875,2.4552355004571034,2.296211251435132,6.003985500457103,14.649101403235154,3.54875,2.0512338465543323,2.296211251435132,5.599983846554332,14.74958948002673,-0.4040016539027711,0.4040016539027711,-0.4040016539027711,0.4040016539027711,0.10048807679157612,0.10048807679157612,0.0870305602617636,0.05279483285407178,0.976336608585547,True,FULL,FULL_poly_rank_4
82,0.39,3.9275,14.13,12.93,12.93,2.178980729198466,1.273074474856779,15.108980729198466,12.268593789286898,12.93,5.096216127427464,1.273074474856779,18.026216127427464,9.72619415142631,2.917235398228998,2.917235398228998,2.917235398228998,2.917235398228998,-2.542399637860589,2.542399637860589,0.555889790248486,0.3397173646505726,0.8654617764127656,True,FULL,FULL_poly_rank_4
83,0.21,1.5566666666666666,0.75,0.4896666666666667,0.4896666666666667,0.6541837303857423,3.211991434689508,1.143850397052409,13.109251845364824,0.4896666666666667,0.6512341865865257,3.211991434689508,1.1409008532531923,12.260569488384649,-0.0029495437992166362,0.0029495437992166362,-0.0029495437992166362,0.0029495437992166362,-0.8486823569801754,0.8486823569801754,0.008119636090545211,0.003400598021459535,0.9939275439145902,True,FULL,FULL_poly_rank_4
84,1.52,2.19,4.53,3.98,3.98,84.48453784563569,2.2831050228310503,88.46453784563569,2.4678705594788535,3.98,97.6740653507676,2.2831050228310503,101.6540653507676,2.3198989056968276,13.18952750513192,13.18952750513192,13.189527505131906,13.189527505131906,-0.14797165378202592,0.14797165378202592,0.9692432354154908,0.7104762244971927,-0.2320101222656452,True,FULL,FULL_poly_rank_4
85,0.46,3.86,15.2,13.9425,13.9425,2.582793456166362,1.2953367875647668,16.525293456166363,10.00333623780827,13.9425,4.585013862877522,1.2953367875647668,18.527513862877523,8.393486868355248,2.00222040671116,2.00222040671116,2.00222040671116,2.00222040671116,-1.6098493694530216,1.6098493694530216,0.3387961252689614,0.21222383038392223,0.9608373966322373,True,FULL,FULL_poly_rank_4
86,1.14,1.85,0.47,0.4455,0.4455,1.2635859558868447,2.702702702702702,1.7090859558868448,3.448989911906233,0.4455,1.7780957192788027,2.702702702702702,2.2235957192788027,2.986380207742736,0.514509763391958,0.514509763391958,0.514509763391958,0.514509763391958,-0.4626097041634969,0.4626097041634969,0.035034560498273686,0.025022090537969947,0.8462482309538767,True,FULL,FULL_poly_rank_4
87,1.53,2.29,3.84,3.5879999999999996,3.5879999999999996,21.229112109709114,2.1834061135371177,24.817112109709115,2.5522940611621228,3.5879999999999996,28.39916457298174,2.1834061135371177,31.98716457298174,2.293247962591416,7.170052463272626,7.170052463272626,7.170052463272626,7.170052463272626,-0.2590460985707068,0.2590460985707068,0.41878240879233586,0.30293150298829874,0.6539398824330576,True,FULL,FULL_poly_rank_4
89,0.31,1.5733333333333333,0.64,0.434,0.434,0.831446191232911,3.1779661016949152,1.265446191232911,8.046929532076042,0.434,0.9729994164385763,3.1779661016949152,1.4069994164385764,6.840897264529674,0.14155322520566538,0.14155322520566538,0.1415532252056655,0.1415532252056655,-1.2060322675463686,1.2060322675463686,0.012639548310468438,0.0073901792201793515,0.9822875649291657,True,FULL,FULL_poly_rank_4
90,0.44,2.0033333333333334,4.09,3.8813333333333335,3.8813333333333335,0.7845727106922662,2.4958402662229617,4.6659060440256,10.177837650659969,3.8813333333333335,0.5769985818367878,2.4958402662229617,4.458331915170121,10.382663281644833,-0.20757412885547843,0.20757412885547843,-0.20757412885547843,0.20757412885547843,0.20482563098486395,0.20482563098486395,0.032816411061314985,0.021324635860944744,0.9966336835502684,True,FULL,FULL_poly_rank_4
91,2.56,4.125,14.35,13.695,13.695,33.24347166872315,1.2121212121212122,46.93847166872315,1.5724619149710894,13.695,38.61881422048557,1.2121212121212122,52.31381422048557,1.3818862073933589,5.375342551762415,5.375342551762415,5.375342551762415,5.375342551762415,-0.19057570757773057,0.19057570757773057,0.9592159883237387,0.6830563349943273,0.8778757346564519,True,FULL,FULL_poly_rank_4
92,0.1,1.5666666666666669,0.84,0.5786666666666667,0.5786666666666667,0.3913124802400913,3.191489361702127,0.969979146906758,37.39184550372476,0.5786666666666667,0.1608174357064209,3.191489361702127,0.7394841023730876,44.88432976947382,-0.2304950445336704,0.2304950445336704,-0.23049504453367042,0.23049504453367042,7.492484265749063,7.492484265749063,0.05336417868378926,0.031616683794855174,0.6933928348002283,True,FULL,FULL_poly_rank_4
93,0.29,2.175,4.72,4.314,4.314,0.9127902034753363,2.298850574712644,5.226790203475336,15.255568277966066,4.314,0.5881456885467182,2.298850574712644,4.902145688546718,16.382498723488336,-0.3246445149286181,0.3246445149286181,-0.3246445149286181,0.3246445149286181,1.1269304455222695,1.1269304455222695,0.05749185601500374,0.035698963991213965,0.9890648617928718,True,FULL,FULL_poly_rank_4
94,2.24,4.125,16.29,15.185,15.185,36.934910613682646,1.2121212121212122,52.11991061368265,1.6343524111032697,15.185,30.487453621120267,1.2121212121212122,45.67245362112027,1.4824294660926944,-6.44745699256238,6.44745699256238,-6.44745699256238,6.44745699256238,-0.15192294501057524,0.15192294501057524,1.1365496214197468,0.8099426364058218,0.8562749259005458,True,FULL,FULL_poly_rank_4
95,0.15,1.5666666666666669,1.04,0.515,0.515,1.0180921290257392,3.191489361702127,1.533092129025739,17.824332391452327,0.515,1.1193163708176534,3.191489361702127,1.6343163708176534,16.779224504935907,0.10122424179191425,0.10122424179191425,0.10122424179191425,0.10122424179191425,-1.0451078865164192,1.0451078865164192,0.016134318486845284,0.010251783746689691,0.9910064339973904,True,FULL,FULL_poly_rank_4
96,0.32,2.225,5.75,4.01075,4.01075,4.5926707536336835,2.2471910112359548,8.603420753633683,8.90252129065327,4.01075,5.480210841992038,2.2471910112359548,9.490960841992038,7.886959843927574,0.8875400883583549,0.8875400883583549,0.8875400883583549,0.8875400883583549,-1.0155614467256964,1.0155614467256964,0.09131770349725252,0.0627258733257709,0.9858714966071929,True,FULL,FULL_poly_rank_4
97,0.98,3.925,16.9,13.655,13.655,17.423005323734152,1.2738853503184715,31.07800532373415,2.9328424113361327,13.655,22.337202384135125,1.2738853503184715,35.992202384135126,2.412143466677482,4.914197060400973,4.914197060400973,4.914197060400976,4.914197060400976,-0.5206989446586507,0.5206989446586507,0.39027235874664346,0.22347548573806136,0.9747603073487582,True,FULL,FULL_poly_rank_4
98,0.12,1.5666666666666669,1.33,0.569,0.569,1.2856106349233354,3.191489361702127,1.854610634923335,23.13000566043724,0.569,1.2703704317635676,3.191489361702127,1.8393704317635675,22.580929943335,-0.015240203159767818,0.015240203159767818,-0.015240203159767596,0.015240203159767596,-0.5490757171022409,0.5490757171022409,0.0061926140541120256,0.0030325088097760545,0.9992880507711812,True,FULL,FULL_poly_rank_4
99,0.38,2.1775,5.29,3.8055,3.8055,4.8847712477868654,2.296211251435132,8.690271247786866,7.231167894086396,3.8055,5.837232413571648,2.296211251435132,9.642732413571649,6.2537673006158565,0.9524611657847828,0.9524611657847828,0.9524611657847828,0.9524611657847828,-0.9774005934705396,0.9774005934705396,0.07215979348431716,0.05203582488170948,0.9901768836996385,True,FULL,FULL_poly_rank_4
100,1.12,3.865,15.69,14.2025,14.2025,9.330787016774106,1.2936610608020698,23.533287016774107,3.133851414322128,14.2025,10.053484336608577,1.2936610608020698,24.255984336608577,2.7549810962468877,0.7226973198344702,0.7226973198344702,0.7226973198344702,0.7226973198344702,-0.3788703180752404,0.3788703180752404,0.31966067635347784,0.15882813769537044,0.9821885385267506,True,FULL,FULL_poly_rank_4
101,0.11,1.5599999999999998,1.19,0.5136666666666666,0.5136666666666666,1.0901897584596147,3.2051282051282053,1.6038564251262817,26.190812099681132,0.5136666666666666,1.0988776908286204,3.2051282051282053,1.612544357495287,25.570785708077587,0.008687932369005669,0.008687932369005669,0.008687932369005225,0.008687932369005225,-0.6200263916035453,0.6200263916035453,0.002056025693853902,0.0011121362307859816,0.9998982371044407,True,FULL,FULL_poly_rank_4
102,0.33,2.175,5.38,4.15275,4.15275,3.3230952595070686,2.298850574712644,7.475845259507069,9.464816530487427,4.15275,4.009297054612433,2.298850574712644,8.162047054612433,8.368310800409635,0.6862017951053643,0.6862017951053643,0.6862017951053643,0.6862017951053643,-1.0965057300777925,1.0965057300777925,0.07162765162486064,0.049513283403408756,0.9889274748930519,True,FULL,FULL_poly_rank_4
103,0.94,4.6125,15.17,14.2325,14.2325,3.230539541690666,1.0840108401084012,17.463039541690666,4.61254903129243,14.2325,7.073159886375015,1.0840108401084012,21.305659886375015,3.505699906366461,3.8426203446843488,3.8426203446843488,3.8426203446843488,3.8426203446843488,-1.1068491249259695,1.1068491249259695,0.378297214708518,0.26413940982304107,0.9657189475560254,True,FULL,FULL_poly_rank_4
104,0.46,1.61,0.57,0.4153333333333333,0.4153333333333333,1.2195408766373736,3.105590062111801,1.634874209970707,5.380408458094788,0.4153333333333333,1.412917590280951,3.105590062111801,1.8282509236142843,4.445640368474416,0.19337671364357734,0.19337671364357734,0.19337671364357734,0.19337671364357734,-0.9347680896203716,0.9347680896203716,0.03732461065279178,0.022300500913151097,0.8271245355267258,True,FULL,FULL_poly_rank_4
105,0.38,2.1725,3.22,2.8175,2.8175,1.2095551373508462,2.3014959723820483,4.027055137350846,9.674876431868377,2.8175,0.0212153115427971,2.3014959723820483,2.838715311542797,21.00576219981981,-1.188339825808049,1.188339825808049,-1.188339825808049,1.188339825808049,11.330885767951433,11.330885767951433,0.17260664358979977,0.11313358179393937,0.8232785301980321,True,FULL,FULL_poly_rank_4
106,6.69,7.0,11.06,11.03,11.03,6.769176332863529,0.7142857142857143,17.799176332863528,0.9707346090728766,11.03,11.860425909525487,0.7142857142857143,22.890425909525487,0.8361071069843015,5.0912495766619585,5.0912495766619585,5.0912495766619585,5.0912495766619585,-0.1346275020885751,0.1346275020885751,0.25822527193246,0.14145820649710913,0.9833216206024913,True,FULL,FULL_poly_rank_4
107,0.15,1.5566666666666666,0.88,0.5103333333333334,0.5103333333333334,0.7081291518031402,3.211991434689508,1.2184624851364736,19.26598627033951,0.5103333333333334,0.6952143240804426,3.211991434689508,1.205547657413776,18.58480707191873,-0.012914827722697586,0.012914827722697586,-0.012914827722697586,0.012914827722697586,-0.6811791984207822,0.6811791984207822,0.00592658443018284,0.0028509613269122568,0.9978043529214765,True,FULL,FULL_poly_rank_4
108,0.24,2.175,5.1,3.69825,3.69825,2.8769666070220197,2.298850574712644,6.5752166070220195,13.53664985652516,3.69825,2.7947281303972176,2.298850574712644,6.492978130397217,13.044426242264567,-0.0822384766248021,0.0822384766248021,-0.0822384766248021,0.0822384766248021,-0.4922236142605936,0.4922236142605936,0.03511324873502119,0.017287007235561442,0.9967792525226213,True,FULL,FULL_poly_rank_4
109,0.47,3.8575,14.84,13.285,13.285,3.275885261750222,1.2961762799740766,16.560885261750222,9.133208341560495,13.285,5.924987493007112,1.2961762799740766,19.209987493007112,7.547284822008959,2.64910223125689,2.64910223125689,2.64910223125689,2.64910223125689,-1.5859235195515362,1.5859235195515362,0.436659799519638,0.27434950146482745,0.9326204942302395,True,FULL,FULL_poly_rank_4
110,0.15,2.1675,1.23,0.6225,0.6225,0.9619833022068238,2.306805074971165,1.584483302206824,20.507804388385548,0.6225,0.5766152839248198,2.306805074971165,1.1991152839248198,22.31814083490058,-0.38536801828200407,0.38536801828200407,-0.3853680182820043,0.3853680182820043,1.8103364465150307,1.8103364465150307,0.08735599530407602,0.05221843819509356,0.7830755179172505,True,FULL,FULL_poly_rank_4
111,0.25,2.165,6.22,4.547499999999999,4.547499999999999,3.553532108811563,2.3094688221709005,8.101032108811562,12.896286747191096,4.547499999999999,4.943505296943005,2.3094688221709005,9.491005296943005,11.253026684035891,1.3899731881314423,1.3899731881314423,1.3899731881314423,1.3899731881314423,-1.6432600631552052,1.6432600631552052,0.22069648216206525,0.14103617119782785,0.9152242262136694,True,FULL,FULL_poly_rank_4
112,0.46,4.1075,18.37,16.2525,16.2525,4.204330792736471,1.217285453438831,20.456830792736472,9.296747223836368,16.2525,4.81726843266323,1.217285453438831,21.06976843266323,8.700820655928823,0.6129376399267592,0.6129376399267592,0.6129376399267592,0.6129376399267592,-0.5959265679075454,0.5959265679075454,0.10346711425910922,0.06562739365381272,0.9974130375068564,True,FULL,FULL_poly_rank_4
113,0.21,1.5599999999999998,0.72,0.5333333333333333,0.5333333333333333,0.4530839141628877,3.2051282051282053,0.9864172474962212,14.758619332850811,0.5333333333333333,0.2856255058148381,3.2051282051282053,0.8189588391481715,15.825123238429583,-0.1674584083480496,0.1674584083480496,-0.1674584083480497,0.1674584083480497,1.066503905578772,1.066503905578772,0.029586930121819992,0.018799259941990866,0.8928422975350564,True,FULL,FULL_poly_rank_4
114,0.46,2.215,4.54,3.755,3.755,3.0550946555112306,2.2573363431151243,6.8100946555112305,6.812602552841997,3.755,2.8099361259730875,2.2573363431151243,6.564936125973087,6.350743888951359,-0.2451585295381431,0.2451585295381431,-0.2451585295381431,0.2451585295381431,-0.4618586638906379,0.4618586638906379,0.0912627993818199,0.050855094304191543,0.9781988779601387,True,FULL,FULL_poly_rank_4
115,3.02,4.84,14.29,13.226666666666668,13.226666666666668,67.62238227774218,1.0330578512396695,80.84904894440885,1.2379494369579531,13.226666666666668,58.851541769697626,1.0330578512396695,72.07820843636429,1.1298420960684774,-8.77084050804455,8.77084050804455,-8.770840508044557,8.770840508044557,-0.10810734088947571,0.10810734088947571,1.5261361145867418,1.1333961763411964,0.6772019166452685,True,FULL,FULL_poly_rank_4
116,0.1,1.5533333333333337,1.16,0.5640000000000001,0.5640000000000001,0.912890584776652,3.218884120171673,1.476890584776652,31.1344826944979,0.5640000000000001,0.8084914865057147,3.218884120171673,1.3724914865057147,31.236555355028464,-0.1043990982709373,0.1043990982709373,-0.1043990982709373,0.1043990982709373,0.1020726605305633,0.1020726605305633,0.02490172101014825,0.014677702509270743,0.9809682015618848,True,FULL,FULL_poly_rank_4
117,0.28,2.16,4.98,3.80875,3.80875,2.7207253448886286,2.314814814814815,6.5294753448886285,11.627647012732409,3.80875,2.7792812614956715,2.314814814814815,6.588031261495671,10.9458661612525,0.058555916607042846,0.058555916607042846,0.058555916607042846,0.058555916607042846,-0.6817808514799086,0.6817808514799086,0.02749991704962308,0.011168894358631873,0.9979398910828313,True,FULL,FULL_poly_rank_4
118,0.84,3.88,14.83,12.9825,12.9825,7.331910697776193,1.288659793814433,20.314410697776193,4.123242699657944,12.9825,10.72169320526452,1.288659793814433,23.70419320526452,3.381708964320362,3.389782507488327,3.389782507488327,3.389782507488327,3.389782507488327,-0.7415337353375824,0.7415337353375824,0.24426225997303203,0.17906173800929792,0.9856256043254361,True,FULL,FULL_poly_rank_4
119,0.05,1.5533333333333337,1.06,0.4603333333333333,0.4603333333333333,0.7347138188950575,3.218884120171673,1.1950471522283908,76.69251608229672,0.4603333333333333,0.6011944797512001,3.218884120171673,1.0615278130845334,78.46119180834124,-0.13351933914385739,0.13351933914385739,-0.13351933914385739,0.13351933914385739,1.7686757260445205,1.7686757260445205,0.0348437775690833,0.019936241216774175,0.9557224643627548,True,FULL,FULL_poly_rank_4
120,0.24,2.1675,5.34,3.634,3.634,3.551284821064535,2.306805074971165,7.185284821064535,12.76758648025316,3.634,3.668490350718025,2.306805074971165,7.302490350718025,12.070814337572962,0.11720552965349018,0.11720552965349018,0.11720552965349018,0.11720552965349018,-0.6967721426801976,0.6967721426801976,0.023017969875510334,0.01287917376256937,0.9988667285587751,True,FULL,FULL_poly_rank_4
121,0.58,3.8475,15.72,12.52,12.52,8.509190021060213,1.299545159194282,21.029190021060213,5.626700720273117,12.52,12.957626573257931,1.299545159194282,25.477626573257933,4.6710852288713225,4.448436552197718,4.448436552197718,4.44843655219772,4.44843655219772,-0.9556154914017947,0.9556154914017947,0.5338056459287136,0.3544614965222037,0.9254073879522536,True,FULL,FULL_poly_rank_4
122,0.16,1.7866666666666664,1.46,0.5153333333333333,0.5153333333333333,1.791622665699797,2.7985074626865676,2.3069559990331303,15.27471027903135,0.5153333333333333,1.8352212649419908,2.7985074626865676,2.350554598275324,14.721828253875035,0.04359859924219389,0.04359859924219389,0.04359859924219389,0.04359859924219389,-0.5528820251563147,0.5528820251563147,0.006044523931402301,0.0039969450164990105,0.9995709418236639,True,FULL,FULL_poly_rank_4
123,0.34,2.19,5.86,3.70375,3.70375,6.4076526447249105,2.2831050228310503,10.11140264472491,7.4904783908875965,3.70375,7.901109874678724,2.2831050228310503,11.604859874678723,6.4835568045419905,1.4934572299538136,1.4934572299538136,1.4934572299538136,1.4934572299538136,-1.006921586345606,1.006921586345606,0.12161121747890355,0.08630292468782123,0.9802569381918522,True,FULL,FULL_poly_rank_4
124,0.72,3.9025,15.23,13.1975,13.1975,6.547895084347095,1.2812299807815504,19.745395084347095,4.922489465268678,13.1975,9.935088950034617,1.2812299807815504,23.132588950034616,4.055391433941355,3.3871938656875216,3.3871938656875216,3.3871938656875216,3.3871938656875216,-0.8670980313273233,0.8670980313273233,0.31834625424092894,0.22251381665055375,0.9741287177228073,True,FULL,FULL_poly_rank_4
125,0.13,1.5766666666666669,0.83,0.5316666666666667,0.5316666666666667,0.5110542316499418,3.1712473572938684,1.0427208983166083,25.070549134255213,0.5316666666666667,0.3725707322421856,3.1712473572938684,0.9042373989088524,26.249653740701948,-0.13848349940775617,0.13848349940775617,-0.13848349940775595,0.13848349940775595,1.1791046064467352,1.1791046064467352,0.03027070762760382,0.01827359829501578,0.9183590094336126,True,FULL,FULL_poly_rank_4
126,0.33,2.195,4.91,4.2615,4.2615,1.6629195649406574,2.277904328018223,5.924419564940657,11.444353107108954,4.2615,1.5536073340374763,2.277904328018223,5.815107334037476,11.067792733937363,-0.1093122309031811,0.1093122309031811,-0.1093122309031811,0.1093122309031811,-0.37656037317159097,0.37656037317159097,0.03764786576245111,0.020000623685610282,0.99600362476692,True,FULL,FULL_poly_rank_4
127,2.99,4.513333333333333,16.39,14.923333333333332,14.923333333333332,140.10135047238424,1.1078286558345645,155.0246838057176,1.2549920885699382,14.923333333333332,96.04099140219164,1.1078286558345645,110.96432473552498,1.1761487365638263,-44.060359070192604,44.060359070192604,-44.060359070192604,44.060359070192604,-0.07884335200611181,0.07884335200611181,2.3577348690577575,1.7416675888684552,0.39833445408821433,True,FULL,FULL_poly_rank_4
128,0.22,1.5666666666666669,1.38,0.6789999999999999,0.6789999999999999,1.9691572578488556,3.191489361702127,2.6481572578488555,10.298464829923804,0.6789999999999999,2.307931898679276,3.191489361702127,2.9869318986792757,9.15260774139368,0.3387746408304202,0.3387746408304202,0.3387746408304202,0.3387746408304202,-1.1458570885301231,1.1458570885301231,0.028386068805583854,0.0199465748520667,0.9864850284396595,True,FULL,FULL_poly_rank_4
129,0.39,2.18,6.11,4.593,4.593,5.057943521426855,2.293577981651376,9.650943521426855,7.34235077378404,4.593,7.299593278139223,2.293577981651376,11.892593278139223,6.018958327466546,2.241649756712368,2.241649756712368,2.241649756712368,2.241649756712368,-1.3233924463174942,1.3233924463174942,0.17377166266755176,0.12339708470763217,0.9555160996455627,True,FULL,FULL_poly_rank_4
130,2.78,4.13,17.18,15.5675,15.5675,173.2142161184181,1.2106537530266344,188.7817161184181,1.354578535378103,15.5675,94.85028715542629,1.2106537530266344,110.41778715542628,1.2874404947122666,-78.36392896299182,78.36392896299182,-78.36392896299182,78.36392896299182,-0.0671380406658364,0.0671380406658364,2.670907770409093,1.9686532125353577,0.2974332775943901,True,FULL,FULL_poly_rank_4
131,0.3,1.57,0.69,0.4403333333333333,0.4403333333333333,0.989606450202688,3.184713375796178,1.4299397835360212,7.9675990689291964,0.4403333333333333,1.247259072898916,3.184713375796178,1.6875924062322492,6.643467567979996,0.2576526226962279,0.2576526226962279,0.2576526226962279,0.2576526226962279,-1.3241315009492007,1.3241315009492007,0.013312862860133055,0.009758527923279702,0.984342242135033,True,FULL,FULL_poly_rank_4
132,0.38,2.2025,4.61,3.49275,3.49275,3.5417527605950667,2.270147559591374,7.034502760595067,7.697329513236288,3.49275,3.353514308073942,2.270147559591374,6.846264308073942,7.177527738225917,-0.1882384525211247,0.1882384525211247,-0.1882384525211247,0.1882384525211247,-0.5198017750103707,0.5198017750103707,0.08282332652147922,0.0440239593651942,0.9816989993575165,True,FULL,FULL_poly_rank_4
133,0.58,3.89,14.25,12.71,12.71,3.870375185655917,1.2853470437017995,16.580375185655917,6.937928600833182,12.71,6.8680307964466785,1.2853470437017995,19.57803079644668,5.6417064602404725,2.9976556107907615,2.9976556107907615,2.997655610790762,2.997655610790762,-1.2962221405927092,1.2962221405927092,0.40664856212038947,0.26496160017489506,0.9441398803259885,True,FULL,FULL_poly_rank_4
134,0.29,1.5933333333333335,0.81,0.6846666666666668,0.6846666666666668,0.4027161872827163,3.1380753138075312,1.087382853949383,11.679447292728767,0.6846666666666668,0.0433916945815906,3.1380753138075312,0.7280583612482574,19.088358608774072,-0.3593244927011257,0.3593244927011257,-0.35932449270112565,0.35932449270112565,7.408911316045305,7.408911316045305,0.04685234074289553,0.030761751000245655,0.8011795537750519,True,FULL,FULL_poly_rank_4
135,0.42,2.1925,4.74,4.255,4.255,1.6007301765706998,2.280501710376283,5.8557301765707,9.079561652406012,4.255,1.42672704832275,2.280501710376283,5.68172704832275,8.780535299305425,-0.17400312824794972,0.17400312824794972,-0.17400312824794995,0.17400312824794995,-0.29902635310058656,0.29902635310058656,0.049818153726899524,0.02821969103223811,0.9936217674363039,True,FULL,FULL_poly_rank_4
136,2.48,4.18,15.4,14.19,14.19,62.34454554337887,1.1961722488038278,76.53454554337887,1.469660738779334,14.19,53.163185178399885,1.1961722488038278,67.35318517839988,1.3362105805643012,-9.181360364978985,9.181360364978985,-9.181360364978985,9.181360364978985,-0.1334501582150327,0.1334501582150327,1.5352062911543054,1.1304668996716998,0.7126872455995609,True,FULL,FULL_poly_rank_4
137,1.18,1.85,0.63,0.575,0.575,4.239497230710774,2.702702702702702,4.814497230710774,3.1309195303367727,0.575,4.319660320604206,2.702702702702702,4.894660320604206,2.8550926428058303,0.08016308989343202,0.08016308989343202,0.08016308989343202,0.08016308989343202,-0.2758268875309424,0.2758268875309424,0.08228577907661809,0.061209401393285005,0.5102472989174875,True,FULL,FULL_poly_rank_4
138,0.99,2.6033333333333335,4.93,4.496666666666667,4.496666666666667,4.9592094785200045,1.9206145966709345,9.455876145186672,3.460965956174455,4.496666666666667,4.542926946288342,1.9206145966709345,9.03959361295501,3.0988132867083507,-0.4162825322316621,0.4162825322316621,-0.4162825322316621,0.4162825322316621,-0.36215266946610436,0.36215266946610436,0.19327469771923952,0.1219546592823388,0.9448736156779937,True,FULL,FULL_poly_rank_4
139,1.92,4.2125,17.14,16.56,16.56,9.158812659704571,1.1869436201780414,25.71881265970457,2.22655990128023,16.56,7.445914512123114,1.1869436201780414,24.005914512123113,2.091767971588425,-1.7128981475814573,1.7128981475814573,-1.712898147581459,1.712898147581459,-0.13479192969180476,0.13479192969180476,0.39977637426155227,0.25656136063947504,0.9830120574650373,True,FULL,FULL_poly_rank_4
140,0.42,1.7400000000000002,0.83,0.4525,0.4525,2.5886372580129136,2.8735632183908044,3.0411372580129137,4.84879553279124,0.4525,3.8257488395635417,2.8735632183908044,4.278248839563542,3.813567869666892,1.2371115815506282,1.2371115815506282,1.2371115815506282,1.2371115815506282,-1.0352276631243482,1.0352276631243482,0.05734275845092767,0.032991227368749924,0.8581974955701405,True,FULL,FULL_poly_rank_4
141,1.23,2.5733333333333337,4.22,4.026666666666666,4.026666666666666,3.714553371745124,1.94300518134715,7.74122003841179,3.22230726876678,4.026666666666666,4.202642756026086,1.94300518134715,8.229309422692753,2.7808042951440544,0.48808938428096216,0.48808938428096216,0.48808938428096216,0.48808938428096216,-0.44150297362272584,0.44150297362272584,0.151978267599931,0.09407833950370832,0.960385709081346,True,FULL,FULL_poly_rank_4
142,1.79,4.84,15.01,14.9025,14.9025,0.8901040923931092,1.0330578512396695,15.792604092393107,3.4546415460563873,14.9025,4.8045301349536516,1.0330578512396695,19.70703013495365,2.258538908591759,3.9144260425605424,3.9144260425605424,3.914426042560544,3.914426042560544,-1.1961026374646284,1.1961026374646284,0.4466914063936524,0.25148512861885514,0.9647928241386994,True,FULL,FULL_poly_rank_4
143,0.33,1.5733333333333333,0.58,0.4766666666666666,0.4766666666666666,0.4098600862261488,3.1779661016949152,0.8865267528928155,9.368454028225154,0.4766666666666666,0.2407033871149103,3.1779661016949152,0.7173700537815769,9.943839480997884,-0.16915669911123848,0.16915669911123848,-0.16915669911123854,0.16915669911123854,0.5753854527727302,0.5753854527727302,0.023021103804977367,0.015414201397917613,0.9157902883378134,True,FULL,FULL_poly_rank_4
144,0.43,2.1725,4.53,3.8975,3.8975,2.2412867147074325,2.3014959723820483,6.138786714707432,7.955893974394428,3.8975,2.024204934317443,2.3014959723820483,5.921704934317443,7.565381731981833,-0.21708178038998938,0.21708178038998938,-0.21708178038998938,0.21708178038998938,-0.3905122424125951,0.3905122424125951,0.06811590401469914,0.03829991685729357,0.987259851149129,True,FULL,FULL_poly_rank_4
145,3.33,4.496666666666667,14.77,14.159999999999998,14.159999999999998,71.68575820940592,1.111934766493699,85.84575820940591,1.2931877819034847,14.159999999999998,73.33113797176198,1.111934766493699,87.49113797176197,1.183747301848614,1.6453797623560575,1.6453797623560575,1.6453797623560575,1.6453797623560575,-0.10944048005487073,0.10944048005487073,1.2968602020572404,0.8963035264133217,0.768999996027803,True,FULL,FULL_poly_rank_4
147,1.84,3.1775,4.39,3.69,3.69,48.191526905344915,1.5735641227380015,51.88152690534491,1.779339325853626,3.69,32.97607952409148,1.5735641227380015,36.66607952409148,1.6604056255746569,-15.215447381253433,15.215447381253433,-15.215447381253433,15.215447381253433,-0.11893370027896921,0.11893370027896921,0.8435467665035086,0.6405708507535283,-0.03475745547320552,True,FULL,FULL_poly_rank_4
148,2.23,4.3774999999999995,15.49,14.875,14.875,14.10295307840756,1.142204454597373,28.97795307840756,1.8301286904573817,14.875,18.221923949620113,1.142204454597373,33.09692394962011,1.545407231766384,4.118970871212552,4.118970871212552,4.118970871212554,4.118970871212554,-0.28472145869099763,0.28472145869099763,0.5804453868654822,0.3584765232894054,0.9587060326390856,True,FULL,FULL_poly_rank_4
149,0.18,1.5599999999999998,0.96,0.5433333333333333,0.5433333333333333,0.9264981470545324,3.2051282051282053,1.4698314803878656,14.731251978605432,0.5433333333333333,0.97978071932235,3.2051282051282053,1.5231140526556832,13.74434312235534,0.05328257226781763,0.05328257226781763,0.05328257226781763,0.05328257226781763,-0.986908856250091,0.986908856250091,0.006476822418291918,0.004375400446131924,0.9980317879977088,True,FULL,FULL_poly_rank_4
150,0.4,2.175,5.29,4.25,4.25,3.4798658017251105,2.298850574712644,7.7298658017251105,7.755705088302538,4.25,4.282442028886457,2.298850574712644,8.532442028886457,6.694378179191867,0.8025762271613468,0.8025762271613468,0.8025762271613468,0.8025762271613468,-1.0613269091106705,1.0613269091106705,0.0667761623893517,0.047644743486257024,0.9908362787059769,True,FULL,FULL_poly_rank_4
151,0.99,3.6125,15.85,14.965,14.965,4.712295648967803,1.384083044982699,19.677295648967803,4.185634509215309,14.965,0.9384002050238962,1.384083044982699,15.903400205023896,5.666564776878414,-3.773895443943907,3.773895443943907,-3.773895443943907,3.773895443943907,1.4809302676631049,1.4809302676631049,0.34649028841712576,0.24547949791382606,0.9788376308581703,True,FULL,FULL_poly_rank_4
152,1.16,1.9,0.64,0.54,0.54,8.918859589233094,2.6315789473684212,9.458859589233091,2.9158636476035604,0.54,8.309715364766959,2.6315789473684212,8.84971536476696,2.711714202416944,-0.6091442244661351,0.6091442244661351,-0.6091442244661316,0.6091442244661316,-0.2041494451866166,0.2041494451866166,0.13575197495328487,0.10361304266546596,-0.19688304840740511,True,FULL,FULL_poly_rank_4
153,1.3,2.566666666666667,4.2,3.9333333333333336,3.9333333333333336,6.732843008196392,1.948051948051948,10.666176341529724,2.832743127876559,3.9333333333333336,7.047186698274782,1.948051948051948,10.980520031608116,2.4726247866830047,0.31434369007839,0.31434369007839,0.3143436900783918,0.3143436900783918,-0.36011834119355424,0.36011834119355424,0.23365951774475127,0.15830071779520175,0.9064315744441325,True,FULL,FULL_poly_rank_4
155,0.56,1.5599999999999998,0.58,0.4766666666666666,0.4766666666666666,1.2430840918042927,3.2051282051282053,1.7197507584709593,5.0236277196711585,0.4766666666666666,1.1356386589101797,3.2051282051282053,1.612305325576846,4.394570114055062,-0.10744543289411301,0.10744543289411301,-0.10744543289411324,0.10744543289411324,-0.6290576056160964,0.6290576056160964,0.04392096179618963,0.029408580391377514,0.7816523138757433,True,FULL,FULL_poly_rank_4
156,0.67,2.1775,4.06,3.745,3.745,2.1627193549790276,2.296211251435132,5.907719354979028,5.4890381882934465,3.745,1.8455169579129311,2.296211251435132,5.590516957912931,5.158424865215512,-0.31720239706609643,0.31720239706609643,-0.31720239706609643,0.31720239706609643,-0.3306133230779347,0.3306133230779347,0.08753022083852137,0.05280893455265069,0.9809896382905892,True,FULL,FULL_poly_rank_4
157,1.32,3.9,14.36,13.5925,13.5925,6.126023681195667,1.2820512820512822,19.718523681195663,3.032176279008363,13.5925,7.934838575762077,1.2820512820512822,21.527338575762077,2.562919833383965,1.8088148945664102,1.8088148945664102,1.8088148945664138,1.8088148945664138,-0.46925644562439794,0.46925644562439794,0.2651495809719719,0.13664846566532457,0.9870380906814108,True,FULL,FULL_poly_rank_4
158,0.17,1.6233333333333333,1.0,0.5720000000000001,0.5720000000000001,0.8749487231528226,3.080082135523614,1.4469487231528226,16.31818533574024,0.5720000000000001,0.8180702755109155,3.080082135523614,1.3900702755109156,15.826498013127626,-0.05687844764190708,0.05687844764190708,-0.05687844764190708,0.05687844764190708,-0.49168732261261283,0.49168732261261283,0.014926923974738755,0.008558867839539958,0.9898011639912593,True,FULL,FULL_poly_rank_4
159,0.32,2.1825,5.06,4.11975,4.11975,2.410582651104151,2.290950744558992,6.530332651104151,10.626543938716322,4.11975,2.5630026294782056,2.290950744558992,6.682752629478205,9.840657326573435,0.15241997837405474,0.15241997837405474,0.15241997837405474,0.15241997837405474,-0.7858866121428871,0.7858866121428871,0.029954641549518254,0.01610095773799284,0.9976525995847857,True,FULL,FULL_poly_rank_4
160,1.07,3.895,14.3,13.0025,13.0025,7.31537030166651,1.2836970474967908,20.31787030166651,3.3651116062820727,13.0025,10.131164897975852,1.2836970474967908,23.13366489797585,2.776246913124574,2.815794596309342,2.815794596309342,2.815794596309342,2.815794596309342,-0.5888646931574986,0.5888646931574986,0.2316011384691595,0.14090714271758292,0.9883319903291695,True,FULL,FULL_poly_rank_4
161,0.1,1.5666666666666669,0.85,0.5843333333333334,0.5843333333333334,0.3978559436075378,3.191489361702127,0.9821892769408712,37.33548887229885,0.5843333333333334,0.1636492663358223,3.191489361702127,0.7479825996691557,44.80674020262728,-0.23420667727171549,0.23420667727171549,-0.2342066772717155,0.2342066772717155,7.471251330328428,7.471251330328428,0.054224899908721994,0.032127602091529865,0.6920080464213771,True,FULL,FULL_poly_rank_4
162,0.24,2.175,6.09,4.409,4.409,3.4511384121172206,2.298850574712644,7.86013841211722,13.515323404054092,4.409,4.526769236282823,2.298850574712644,8.935769236282823,12.027272593513096,1.0756308241656027,1.0756308241656027,1.0756308241656027,1.0756308241656027,-1.4880508105409955,1.4880508105409955,0.17550017127136755,0.1113214101192585,0.9437189739581174,True,FULL,FULL_poly_rank_4
163,0.5,3.8625,16.89,15.2325,15.2325,3.655467066441505,1.2944983818770228,18.887967066441504,8.601598077321363,15.2325,3.6166738564028,1.2944983818770228,18.8491738564028,8.316583527999688,-0.03879321003870517,0.03879321003870517,-0.03879321003870473,0.03879321003870473,-0.2850145493216747,0.2850145493216747,0.055854982871679906,0.02037959390076262,0.999179019661382,True,FULL,FULL_poly_rank_4
164,0.07,1.5566666666666666,0.85,0.5843333333333334,0.5843333333333334,0.3510048045966245,3.211991434689508,0.935338137929958,59.36701870371923,0.5843333333333334,0.1001905985998248,3.211991434689508,0.6845239319331582,75.82985060682478,-0.25081420599679966,0.25081420599679966,-0.2508142059967998,0.2508142059967998,16.462831903105545,16.462831903105545,0.062299264193799726,0.03617554309534783,0.5633085084251237,True,FULL,FULL_poly_rank_4
165,0.23,2.1675,5.85,4.43275,4.43275,2.80147060168731,2.306805074971165,7.23422060168731,14.978792929839672,4.43275,3.605371720482106,2.306805074971165,8.038121720482106,13.462533959150322,0.803901118794796,0.803901118794796,0.803901118794796,0.803901118794796,-1.51625897068935,1.51625897068935,0.13642077027998534,0.08554602629356527,0.9598085875555514,True,FULL,FULL_poly_rank_4
166,0.75,3.8625,16.87,15.795,15.795,3.4935563581594646,1.2944983818770228,19.288556358159465,5.80409010742513,15.795,1.3119606405625586,1.2944983818770228,17.10696064056256,6.961472342411797,-2.181595717596906,2.181595717596906,-2.181595717596906,2.181595717596906,1.1573822349866676,1.1573822349866676,0.2850311605017419,0.18869470489772447,0.9837022951406492,True,FULL,FULL_poly_rank_4
167,0.17,1.5599999999999998,0.8,0.5579999999999999,0.5579999999999999,0.4953159279041487,3.2051282051282053,1.0533159279041486,18.51576110820791,0.5579999999999999,0.3275575580095112,3.2051282051282053,0.8855575580095112,19.752738207367827,-0.1677583698946375,0.1677583698946375,-0.16775836989463744,0.16775836989463744,1.2369770991599154,1.2369770991599154,0.032838712661548815,0.020378607774326766,0.8919945218792659,True,FULL,FULL_poly_rank_4
168,1.11,2.563333333333333,4.61,4.293333333333333,4.293333333333333,4.918051194692046,1.950585175552666,9.21138452802538,3.258019017990617,4.293333333333333,4.911237878983359,1.950585175552666,9.204571212316692,2.861861969635456,-0.006813315708686929,0.006813315708686929,-0.006813315708688705,0.006813315708688705,-0.39615704835516086,0.39615704835516086,0.19033206229107433,0.12109189834805183,0.9440362072339608,True,FULL,FULL_poly_rank_4
169,3.93,4.553333333333334,16.61,16.513333333333332,16.513333333333332,14.198414912137522,1.0980966325036603,30.711748245470854,1.4757256498343354,16.513333333333332,67.26139459526205,1.0980966325036603,83.77472792859538,1.170126851788362,53.062979683124524,53.062979683124524,53.062979683124524,53.062979683124524,-0.30559879804597334,0.30559879804597334,0.5490258274527817,0.31105474362725677,0.9679417190071702,True,FULL,FULL_poly_rank_4
170,0.19,1.5533333333333337,0.76,0.5436666666666666,0.5436666666666666,0.4848535368761771,3.218884120171673,1.0285202035428438,16.275028887164293,0.5436666666666666,0.3268596264707507,3.218884120171673,0.8705262931374174,17.192641339841337,-0.15799391040542643,0.15799391040542643,-0.15799391040542643,0.15799391040542643,0.9176124526770444,0.9176124526770444,0.029568075712738624,0.018553487640030526,0.9042146786709737,True,FULL,FULL_poly_rank_4
171,0.32,2.17,4.74,4.0465,4.0465,1.7565900119017304,2.3041474654377883,5.80309001190173,11.4900793995,4.0465,1.569385355046096,2.3041474654377883,5.615885355046096,11.240911080005729,-0.18720465685563425,0.18720465685563425,-0.18720465685563425,0.18720465685563425,-0.24916831949427198,0.24916831949427198,0.047501998551528014,0.027534454162636383,0.9931207203274771,True,FULL,FULL_poly_rank_4
172,1.88,4.13,15.76,14.8875,14.8875,14.997831291761866,1.2106537530266344,29.885331291761865,2.0220034481788933,14.8875,15.695642885077524,1.2106537530266344,30.583142885077525,1.7664349710074592,0.6978115933156577,0.6978115933156577,0.6978115933156595,0.6978115933156595,-0.25556847717143416,0.25556847717143416,0.5966217607885217,0.3749185026140512,0.9547201318149183,True,FULL,FULL_poly_rank_4
173,0.23,1.5666666666666669,0.81,0.5826666666666666,0.5826666666666666,0.6080845262035995,3.191489361702127,1.190751192870266,12.675105003139644,0.5826666666666666,0.4369848781137865,3.191489361702127,1.019651544780453,12.972691136805254,-0.17109964808981304,0.17109964808981304,-0.17109964808981304,0.17109964808981304,0.29758613366561093,0.29758613366561093,0.030306065120158113,0.01927276957330137,0.9186985393834887,True,FULL,FULL_poly_rank_4
174,0.27,2.18,5.18,4.452999999999999,4.452999999999999,1.5717255574854088,2.293577981651376,6.024725557485408,14.53141002624948,4.452999999999999,1.6983577110675876,2.293577981651376,6.151357711067587,13.672376192887628,0.12663215358217883,0.12663215358217883,0.12663215358217883,0.12663215358217883,-0.8590338333618526,0.8590338333618526,0.021577494368781536,0.013335331808691255,0.9986738590780793,True,FULL,FULL_poly_rank_4
175,1.85,4.1125,17.29,16.4125,16.4125,14.29966321375646,1.21580547112462,30.71216321375646,2.100213453400296,16.4125,9.734594011975847,1.21580547112462,26.14709401197585,2.0258885683347834,-4.565069201780613,4.565069201780613,-4.565069201780613,4.565069201780613,-0.07432488506551271,0.07432488506551271,0.5716646331269264,0.39083855964318315,0.9653597866618372,True,FULL,FULL_poly_rank_4
176,0.65,1.5766666666666669,0.57,0.478,0.478,1.612273609680621,3.1712473572938684,2.090273609680621,4.48569879514461,0.478,1.4877029409144984,3.1712473572938684,1.9657029409144984,3.9298529654685894,-0.12457066876612255,0.12457066876612255,-0.12457066876612255,0.12457066876612255,-0.5558458296760205,0.5558458296760205,0.052789327835237876,0.03678734851761412,0.6972610068890055,True,FULL,FULL_poly_rank_4
177,1.47,2.6333333333333333,3.8,3.616,3.616,6.14964024424423,1.89873417721519,9.76564024424423,2.66832825839853,3.616,6.981147308191041,1.89873417721519,10.59714730819104,2.3185469751709062,0.8315070639468107,0.8315070639468107,0.8315070639468107,0.8315070639468107,-0.3497812832276237,0.3497812832276237,0.2074531398940348,0.14189187026544287,0.9150837723374825,True,FULL,FULL_poly_rank_4
178,2.12,4.1575,13.69,12.965,12.965,17.833183532648366,1.2026458208057729,30.79818353264837,1.8070468059221405,12.965,23.092233108075416,1.2026458208057729,36.057233108075415,1.524788776182997,5.259049575427049,5.259049575427049,5.259049575427046,5.259049575427046,-0.2822580297391435,0.2822580297391435,0.6565612475909107,0.42496378451991873,0.9314988653340082,True,FULL,FULL_poly_rank_4
179,0.48,1.5666666666666669,0.88,0.6386666666666666,0.6386666666666666,2.2710172374402005,3.191489361702127,2.909683904106867,5.11752583659357,0.6386666666666666,2.2810595572140424,3.191489361702127,2.919726223880709,4.351810206178708,0.010042319773841957,0.010042319773841957,0.010042319773841957,0.010042319773841957,-0.7657156304148618,0.7657156304148618,0.0765738208910829,0.05006437059760618,0.7083061814862723,True,FULL,FULL_poly_rank_4
180,0.52,2.9225,5.54,4.727,4.727,2.527730037291942,1.710863986313088,7.254730037291942,6.676100463922199,4.727,0.95561551181234,1.710863986313088,5.68261551181234,8.138620610854954,-1.572114525479602,1.572114525479602,-1.572114525479602,1.572114525479602,1.4625201469327545,1.4625201469327545,0.21883287064138296,0.14330361468789796,0.9055887931105489,True,FULL,FULL_poly_rank_4
181,0.9,3.925,17.84,14.94,14.94,13.029435602700998,1.2738853503184715,27.969435602700997,3.4621547532157915,14.94,13.789341230944364,1.2738853503184715,28.729341230944364,3.064992762145421,0.7599056282433665,0.7599056282433665,0.7599056282433665,0.7599056282433665,-0.3971619910703703,0.3971619910703703,0.33186325626673957,0.156396458042784,0.9824624769163784,True,FULL,FULL_poly_rank_4
182,0.22,1.49,0.66,0.4575,0.4575,0.5513217275318822,3.3557046979865772,1.0088217275318825,12.75282127395527,0.4575,0.5497427389838827,3.3557046979865772,1.0072427389838827,11.838512300737053,-0.001578988547999538,0.001578988547999538,-0.00157898854799976,0.00157898854799976,-0.9143089732182172,0.9143089732182172,0.008039711402369466,0.003411569764251379,0.9918806429492286,True,FULL,FULL_poly_rank_4
183,1.93,3.1,4.22,4.0145,4.0145,10.822557992923612,1.6129032258064515,14.837057992923611,2.064879723343122,4.0145,11.42408266626992,1.6129032258064515,15.43858266626992,1.8360886558488267,0.601524673346308,0.601524673346308,0.601524673346308,0.601524673346308,-0.22879106749429545,0.22879106749429545,0.3005519460400016,0.2161464551537533,0.8608195721651914,True,FULL,FULL_poly_rank_4
184,3.98,4.75,15.12,14.85,14.85,45.661479023586836,1.0526315789473684,60.51147902358684,1.247654255784918,14.85,80.5260780791456,1.0526315789473684,95.3760780791456,1.1080466899728132,34.86459905555877,34.86459905555877,34.86459905555876,34.86459905555876,-0.13960756581210476,0.13960756581210476,0.8649646498610385,0.5532261513326171,0.9007781843317256,True,FULL,FULL_poly_rank_4
185,0.13,1.5666666666666669,1.09,0.5446666666666667,0.5446666666666667,0.9576325699215577,3.191489361702127,1.5022992365882244,21.905585532286455,0.5446666666666667,0.9502070259105624,3.191489361702127,1.494873692577229,21.266633796179736,-0.007425544010995266,0.007425544010995266,-0.007425544010995377,0.007425544010995377,-0.6389517361067192,0.6389517361067192,0.004702011693341477,0.0020212523974926675,0.9992588941841858,True,FULL,FULL_poly_rank_4
186,0.28,2.1775,5.16,3.81425,3.81425,3.130431077528114,2.296211251435132,6.944681077528114,11.220553160809676,3.81425,3.3022773382611166,2.296211251435132,7.1165273382611165,10.450478470901636,0.1718462607330027,0.1718462607330027,0.1718462607330027,0.1718462607330027,-0.7700746899080393,0.7700746899080393,0.028449888209731006,0.016806678205998512,0.9980293796403401,True,FULL,FULL_poly_rank_4
187,0.7,3.88,16.09,11.71,11.71,14.993697153202367,1.288659793814433,26.70369715320237,3.931657649182005,11.71,22.380921632225373,1.288659793814433,34.090921632225374,3.1804215518694257,7.387224479023006,7.387224479023006,7.387224479023004,7.387224479023004,-0.7512360973125793,0.7512360973125793,0.5423873873099844,0.3867409459297322,0.9402203922164136,True,FULL,FULL_poly_rank_4
188,1.1,2.06,0.64,0.593,0.593,1.513280437089641,2.4271844660194173,2.1062804370896413,3.268679989536249,0.593,1.2955251417251048,2.4271844660194173,1.8885251417251048,2.9458676605807024,-0.2177552953645363,0.2177552953645363,-0.21775529536453653,0.21775529536453653,-0.3228123289555467,0.3228123289555467,0.046470851779183225,0.03307157710026223,0.8422977515490793,True,FULL,FULL_poly_rank_4
189,3.11,3.85,4.79,4.4285,4.4285,105.61771145632456,1.2987012987012987,110.04621145632456,1.3813754414682702,4.4285,72.30756303262328,1.2987012987012987,76.73606303262328,1.32402411464235,-33.31014842370128,33.31014842370128,-33.31014842370128,33.31014842370128,-0.05735132682592026,0.05735132682592026,0.9124100915368681,0.6256265849670017,-0.07176069345568337,True,FULL,FULL_poly_rank_4
190,2.95,4.833333333333333,17.57,15.660000000000002,15.660000000000002,133.5433516563727,1.0344827586206895,149.2033516563727,1.194201194728314,15.660000000000002,93.40554429183564,1.0344827586206895,109.06554429183564,1.1113080035609706,-40.13780736453705,40.13780736453705,-40.13780736453705,40.13780736453705,-0.0828931911673434,0.0828931911673434,2.584829109637785,1.9495845366447142,0.3788118978048616,True,FULL,FULL_poly_rank_4
191,0.1,1.64,1.15,0.5823333333333333,0.5823333333333333,0.8468851223123651,3.048780487804878,1.4292184556456984,32.276683117014976,0.5823333333333333,0.6598565317603639,3.048780487804878,1.242189865093697,33.27573524104177,-0.18702859055200127,0.18702859055200127,-0.18702859055200127,0.18702859055200127,0.9990521240267967,0.9990521240267967,0.04425922159687134,0.026140944917421215,0.9339558470202132,True,FULL,FULL_poly_rank_4
192,0.26,2.06,5.06,2.78625,2.78625,5.537602820988881,2.4271844660194173,8.323852820988881,9.67711986223781,2.78625,5.755043770222195,2.4271844660194173,8.541293770222195,8.975772692145076,0.21744094923331403,0.21744094923331403,0.21744094923331403,0.21744094923331403,-0.701347170092733,0.701347170092733,0.03814807029631458,0.020766630292223094,0.9977381633993545,True,FULL,FULL_poly_rank_4
193,0.48,3.91,15.79,12.4225,12.4225,7.40432598861948,1.278772378516624,19.82682598861948,7.151633571136485,12.4225,11.559853333233978,1.278772378516624,23.982353333233977,6.03011879260969,4.155527344614498,4.155527344614498,4.155527344614498,4.155527344614498,-1.1215147785267954,1.1215147785267954,0.6454221390294108,0.41307343394843693,0.8798282885752922,True,FULL,FULL_poly_rank_4
194,0.47,1.5599999999999998,0.9,0.6583333333333333,0.6583333333333333,2.1587521490528645,3.2051282051282053,2.8170854823861977,5.267358968714256,0.6583333333333333,2.113537019543472,3.2051282051282053,2.7718703528768054,4.507642230705261,-0.04521512950939233,0.04521512950939233,-0.04521512950939233,0.04521512950939233,-0.7597167380089953,0.7597167380089953,0.0735272315085636,0.047746041116906,0.7381867900951932,True,FULL,FULL_poly_rank_4
195,0.49,2.1875,5.79,4.2505,4.2505,7.336962282580967,2.2857142857142856,11.587462282580969,5.320972461121309,4.2505,10.04161182578074,2.2857142857142856,14.29211182578074,4.291861381022742,2.704649543199772,2.704649543199772,2.7046495431997712,2.7046495431997712,-1.0291110800985672,1.0291110800985672,0.12695493023007862,0.08930193918358771,0.9774721575303582,True,FULL,FULL_poly_rank_4
196,1.09,3.86,17.51,14.9375,14.9375,16.553387035413166,1.2953367875647668,31.490887035413166,2.8169440230151195,14.9375,15.198210358114665,1.2953367875647668,30.135710358114665,2.54178569980739,-1.3551766772985019,1.3551766772985019,-1.3551766772985019,1.3551766772985019,-0.27515832320772926,0.27515832320772926,0.5936418050898348,0.35274250046803696,0.9491914791277475,True,FULL,FULL_poly_rank_4
197,0.14,2.0725,0.99,0.65575,0.65575,0.5146811885872504,2.4125452352231607,1.1704311885872505,25.510159206488257,0.65575,0.1214604712926609,2.4125452352231607,0.777210471292661,34.717412145583516,-0.3932207172945895,0.3932207172945895,-0.3932207172945895,0.3932207172945895,9.207252939095259,9.207252939095259,0.08933908164843435,0.05314626224666963,0.4335443146672614,True,FULL,FULL_poly_rank_4
198,0.4,2.9125,5.46,4.44825,4.44825,2.4337808805815433,1.7167381974248928,6.882030880581543,8.688241808193261,4.44825,0.7000527341020844,1.7167381974248928,5.148302734102084,11.44848275715884,-1.733728146479459,1.733728146479459,-1.733728146479459,1.733728146479459,2.7602409489655795,2.7602409489655795,0.28665506078180947,0.18105830682274113,0.8078464295105093,True,FULL,FULL_poly_rank_4
199,2.66,4.3725000000000005,17.29,16.490000000000002,16.490000000000002,37.39926722177272,1.1435105774728416,53.88926722177272,1.504191322919805,16.490000000000002,29.869669527031338,1.1435105774728416,46.359669527031336,1.3792274395119088,-7.52959769474138,7.52959769474138,-7.529597694741383,7.529597694741383,-0.1249638834078961,0.1249638834078961,1.094916651256218,0.7877226119145198,0.8895828064569057,True,FULL,FULL_poly_rank_4
200,1.09,1.85,0.51,0.452,0.452,3.5013968656521643,2.702702702702702,3.953396865652164,3.161464776235545,0.452,3.480489576410857,2.702702702702702,3.932489576410857,2.8697376326055717,-0.020907289241307137,0.020907289241307137,-0.020907289241306692,0.020907289241306692,-0.2917271436299731,0.2917271436299731,0.07237593238013812,0.05418607102896545,0.41134414356784443,True,FULL,FULL_poly_rank_4
201,4.54,28.00018033053748,3.73,3.372542584212134,3.372542584212134,0.9705608512144872,0.178570278511632,4.343103435426621,0.8969826858645201,3.372542584212134,4.360302324778785,0.178570278511632,7.732844908990919,0.5542438248160676,3.389741473564298,3.389741473564298,3.389741473564298,3.389741473564298,-0.3427388610484525,0.3427388610484525,0.41824875281640767,0.27854008774974953,0.18449313621399555,True,FULL,FULL_poly_rank_4
202,5.68,6.0,13.66,13.51,13.51,45.684267603740025,0.8333333333333334,59.19426760374002,0.9611956816495174,13.51,57.76085395642696,0.8333333333333334,71.27085395642696,0.8799114581317755,12.076586352686938,12.076586352686938,12.076586352686938,12.076586352686938,-0.0812842235177419,0.0812842235177419,0.7003499550713554,0.4284028685443662,0.9161317269173863,True,FULL,FULL_poly_rank_4
203,8.16,15.0,0.64,0.4826666666666666,0.4826666666666666,11.163229285157737,0.3333333333333333,11.645895951824402,0.3680224492093827,0.4826666666666666,10.100375586127177,0.3333333333333333,10.583042252793842,0.3423108574026869,-1.0628536990305602,1.0628536990305602,-1.0628536990305602,1.0628536990305602,-0.0257115918066958,0.0257115918066958,0.16820387994264047,0.1285983913869492,-0.6604214932092909,True,FULL,FULL_poly_rank_4
204,9.63,15.0,1.15,0.9263333333333332,0.9263333333333332,31.67109901569681,0.3333333333333333,32.59743234903014,0.356302565715436,0.9263333333333332,18.53313956059541,0.3333333333333333,19.45947289392874,0.3406539733664421,-13.137959455101402,13.137959455101402,-13.137959455101402,13.137959455101402,-0.015648592348993906,0.015648592348993906,0.3368559967027948,0.2570062382790126,-0.8456713009194832,True,FULL,FULL_poly_rank_4
205,8.17,15.0,1.67,1.391,1.391,14.757831874738754,0.3333333333333333,16.148831874738754,0.3859250855203011,1.391,15.51540042701705,0.3333333333333333,16.90640042701705,0.349714340406172,0.7575685522782969,0.7575685522782969,0.7575685522782969,0.7575685522782969,-0.036210745114129084,0.036210745114129084,0.29438926188076514,0.22130948666463335,0.08889561151697689,True,FULL,FULL_poly_rank_4
206,7.68,15.0,2.36,1.9943333333333333,1.9943333333333333,14.016889640854824,0.3333333333333333,16.011222974188158,0.404258783461519,1.9943333333333333,15.716327742803768,0.3333333333333333,17.7106610761371,0.3582898256100102,1.6994381019489442,1.6994381019489442,1.6994381019489424,1.6994381019489424,-0.045968957851508785,0.045968957851508785,0.3359407890648632,0.24792667923874456,0.36875299112032034,True,FULL,FULL_poly_rank_4
207,12.65,17.5,2.87,2.478,2.478,85.54466261294648,0.2857142857142857,88.02266261294648,0.3027127732951231,2.478,103.37353183918916,0.2857142857142857,105.85153183918916,0.2882987503791754,17.828869226242674,17.828869226242674,17.828869226242688,17.828869226242688,-0.014414022915947677,0.014414022915947677,0.751778738212483,0.54419422453247,-0.6254215958698364,True,FULL,FULL_poly_rank_4
209,0.55,3.75,0.015,0.014,0.014,0.0024195869070291,1.3333333333333333,0.0164195869070291,8.395940887010124,0.014,0.007211495832947,1.3333333333333333,0.021211495832947,6.042398542723511,0.0047919089259179,0.0047919089259179,0.004791908925917899,0.004791908925917899,-2.3535423442866126,2.3535423442866126,0.0006916720587114267,0.0004454154970450995,0.8525958791067609,True,FULL,FULL_poly_rank_4
210,0.73,3.75,0.017,0.0155,0.0155,0.0049950016940742,1.3333333333333333,0.0204950016940742,5.436911505105911,0.0155,0.0056941409451892,1.3333333333333333,0.0211941409451892,4.9231260125625225,0.000699139251115,0.000699139251115,0.0006991392511150017,0.0006991392511150017,-0.5137854925433887,0.5137854925433887,0.00012443805923338956,6.751957742271022e-05,0.9969447952097643,True,FULL,FULL_poly_rank_4
211,0.73,3.75,0.031,0.0205,0.0205,0.0421170527109933,1.3333333333333333,0.0626170527109933,3.3538139443417307,0.0205,0.0874304025187203,1.3333333333333333,0.1079304025187204,2.462027205264385,0.04531334980772699,0.04531334980772699,0.045313349807727096,0.045313349807727096,-0.8917867390773457,0.8917867390773457,0.002503570706697154,0.0018508837268666975,0.7128824394124744,True,FULL,FULL_poly_rank_4
212,0.56,4.25,0.032,0.0305,0.0305,0.0032729190185453,1.1764705882352942,0.0337729190185453,9.217143579218789,0.0305,0.0304317527049082,1.1764705882352942,0.0609317527049083,5.000028838577566,0.0271588336863629,0.0271588336863629,0.027158833686362994,0.027158833686362994,-4.217114740641223,4.217114740641223,0.0042686786239877145,0.0027174812949309173,-0.32226283981116577,True,FULL,FULL_poly_rank_4
213,0.61,4.25,0.036,0.032,0.032,0.0097117896904809,1.1764705882352942,0.0417117896904809,6.613265489413038,0.032,0.0454570995617222,1.1764705882352942,0.0774570995617222,4.094726787820136,0.0357453098712413,0.0357453098712413,0.0357453098712413,0.0357453098712413,-2.5185387015929024,2.5185387015929024,0.0050347654762961545,0.0033017598404198514,-0.37502961914947686,True,FULL,FULL_poly_rank_4
214,0.8,4.25,0.041,0.0365,0.0365,0.0146135447707714,1.1764705882352942,0.0511135447707714,4.687843076991533,0.0365,0.0388819708548784,1.1764705882352942,0.0753819708548785,3.2891584236801856,0.024268426084107,0.024268426084107,0.024268426084107092,0.024268426084107092,-1.3986846533113475,1.3986846533113475,0.0023825634156705473,0.0016308452785737545,0.8025224553855556,True,FULL,FULL_poly_rank_4
215,0.85,4.25,0.053,0.0412499999999999,0.0412499999999999,0.0449535990108785,1.1764705882352942,0.0862035990108784,3.4008265344224067,0.0412499999999999,0.1106167508690867,1.1764705882352942,0.1518667508690866,2.376539264081801,0.0656631518582082,0.0656631518582082,0.0656631518582082,0.0656631518582082,-1.0242872703406056,1.0242872703406056,0.00442943353297243,0.0032015506721673557,0.6284676315376221,True,FULL,FULL_poly_rank_4
216,1.18,4.75,0.072,0.06875,0.06875,0.0144953537063408,1.0526315789473684,0.0832453537063408,3.803418428356459,0.06875,0.0283255529935519,1.0526315789473684,0.097075552993552,2.9777028447845195,0.0138301992872111,0.0138301992872111,0.0138301992872112,0.0138301992872112,-0.8257155835719394,0.8257155835719394,0.0012077565186864527,0.0008463361245559406,0.9865463998912644,True,FULL,FULL_poly_rank_4
217,1.07,4.75,0.082,0.07425,0.07425,0.0316745022212473,1.0526315789473684,0.1059245022212473,3.494012368300583,0.07425,0.0725441953340983,1.0526315789473684,0.1467941953340983,2.5314483159386825,0.040869693112851,0.040869693112851,0.04086969311285099,0.04086969311285099,-0.9625640523619006,0.9625640523619006,0.00290245942147649,0.0020979561815631736,0.9356719506165463,True,FULL,FULL_poly_rank_4
218,0.99,4.75,0.091,0.0815,0.0815,0.0350845623553453,1.0526315789473684,0.1165845623553453,3.740061038065954,0.0815,0.0918738021063824,1.0526315789473684,0.1733738021063824,2.6121354341110554,0.05678923975103709,0.05678923975103709,0.0567892397510371,0.0567892397510371,-1.1279256039548984,1.1279256039548984,0.00462369883479134,0.0032493290495795427,0.8596304575375342,True,FULL,FULL_poly_rank_4
219,1.33,4.75,0.123,0.109,0.109,0.0845437839006371,1.0526315789473684,0.1935437839006371,2.512415047002486,0.109,0.1423669227151621,1.0526315789473684,0.2513669227151621,1.939632537113558,0.057823138814525,0.057823138814525,0.057823138814525,0.057823138814525,-0.5727825098889281,0.5727825098889281,0.0025508100550611975,0.001849098116401726,0.9809871126366787,True,FULL,FULL_poly_rank_4
220,0.57,3.0,0.057,0.045,0.045,0.0423378142666348,1.6666666666666667,0.0873378142666348,5.252909248352316,0.045,0.1589343047343085,1.6666666666666667,0.2039343047343085,3.305253577992786,0.1165964904676737,0.1165964904676737,0.11659649046767372,0.11659649046767372,-1.9476556703595302,1.9476556703595302,0.009073747955929516,0.006534341269944175,-0.4087891529023626,True,FULL,FULL_poly_rank_4
221,0.74,3.0,0.052,0.0426666666666666,0.0426666666666666,0.0483380999196384,1.6666666666666667,0.091004766586305,3.990648101805694,0.0426666666666666,0.127179648990886,1.6666666666666667,0.1698463156575526,2.719014056128921,0.07884154907124759,0.07884154907124759,0.07884154907124759,0.07884154907124759,-1.2716340456767727,1.2716340456767727,0.0028046349603488363,0.0021565556793793164,0.8603820561809816,True,FULL,FULL_poly_rank_4
222,1.17,3.75,0.042,0.037,0.037,0.0379972465016185,1.3333333333333333,0.0749972465016185,2.7555455668379523,0.037,0.0405325283783757,1.3333333333333333,0.0775325283783757,2.3845468061276693,0.002535281876757195,0.002535281876757195,0.002535281876757195,0.002535281876757195,-0.3709987607102829,0.3709987607102829,0.0013188787025107862,0.0007227073128798467,0.9593648438283033,True,FULL,FULL_poly_rank_4
223,2.7,4.333333333333333,0.036,0.0356666666666666,0.0356666666666666,0.012315781767816,1.153846153846154,0.0479824484344826,2.0063850757344786,0.0356666666666666,0.0262756480376265,1.153846153846154,0.0619423147042931,1.5902794384531036,0.013959866269810502,0.013959866269810502,0.013959866269810502,0.013959866269810502,-0.41610563728137495,0.41610563728137495,0.0010029596664107262,0.0005739875003834047,0.9791993590141748,True,FULL,FULL_poly_rank_4
224,0.75,3.5,0.022,0.02125,0.02125,0.0026705992767688,1.4285714285714286,0.0239205992767688,6.637578410976577,0.02125,0.0039796066218093,1.4285714285714286,0.0252296066218094,5.747029170644762,0.0013090073450405001,0.0013090073450405001,0.0013090073450406012,0.0013090073450406012,-0.8905492403318149,0.8905492403318149,0.00020160041976808937,0.00012030532180230967,0.995472926803835,True,FULL,FULL_poly_rank_4
225,1.15,3.5,0.021,0.02,0.02,0.0073958891535081,1.4285714285714286,0.0273958891535081,3.6113543932907137,0.02,0.0031807389850547,1.4285714285714286,0.0231807389850547,4.0650598502382715,-0.0042151501684534,0.0042151501684534,-0.004215150168453401,0.004215150168453401,0.4537054569475578,0.4537054569475578,0.0003415304804099063,0.0002410202536634716,0.989730743779925,True,FULL,FULL_poly_rank_4
226,1.1,3.5,0.02,0.01925,0.01925,0.004956977641193,1.4285714285714286,0.024206977641193,4.054827267846036,0.01925,0.0011181696429374,1.4285714285714286,0.0203681696429374,5.25028803223229,-0.0038388079982556,0.0038388079982556,-0.0038388079982555993,0.0038388079982555993,1.1954607643862536,1.1954607643862536,0.0003258115202925617,0.00023231583689322925,0.9893099737667603,True,FULL,FULL_poly_rank_4
227,1.25,3.5,0.019,0.01875,0.01875,0.0019847706438796,1.4285714285714286,0.0207347706438796,4.418502888206739,0.01875,0.0006994845189545,1.4285714285714286,0.0194494845189545,5.108075375847333,-0.0012852861249251,0.0012852861249251,-0.0012852861249250981,0.0012852861249250981,0.6895724876405938,0.6895724876405938,0.00016872563053850153,9.930795434557013e-05,0.9969394057327702,True,FULL,FULL_poly_rank_4
228,0.7,3.0,0.059,0.0456666666666666,0.0456666666666666,0.0656740182268081,1.6666666666666667,0.1113406848934747,3.9285722676402535,0.0456666666666666,0.1920537564054636,1.6666666666666667,0.2377204230721302,2.6147642011132946,0.1263797381786555,0.1263797381786555,0.1263797381786555,0.1263797381786555,-1.313808066526959,1.313808066526959,0.004623848613708471,0.0035202246842980416,0.7046323261905348,True,FULL,FULL_poly_rank_4
229,0.8,3.75,0.039,0.03775,0.03775,0.0044128695173391,1.3333333333333333,0.0421628695173391,6.31959788609588,0.03775,0.0161010694453198,1.3333333333333333,0.0538510694453198,4.308695416286786,0.0116881999279807,0.0116881999279807,0.011688199927980703,0.011688199927980703,-2.0109024698090945,2.0109024698090945,0.0011994662157680989,0.0008361261425396892,0.9487012822916319,True,FULL,FULL_poly_rank_4
234,0.99,3.0,0.523,0.4803333333333333,0.4803333333333333,0.3422582854093307,1.6666666666666667,0.822591618742664,3.6102895519762694,0.4803333333333333,0.0964321238258378,1.6666666666666667,0.5767654571591712,4.46981612662705,-0.24582616158349288,0.24582616158349288,-0.2458261615834928,0.2458261615834928,0.8595265746507805,0.8595265746507805,0.01770893921914291,0.012780612173229271,0.9552063279101768,True,FULL,FULL_poly_rank_4
235,1.49,3.0,0.929,0.87,0.87,1.3911680147990315,1.6666666666666667,2.261168014799032,2.4688599946843404,0.87,0.7047755123332383,1.6666666666666667,1.5747755123332383,2.4703820032123813,-0.6863925024657932,0.6863925024657932,-0.6863925024657935,0.6863925024657935,0.0015220085280409634,0.0015220085280409634,0.048337853577035114,0.03500967911863652,0.9174288857736379,True,FULL,FULL_poly_rank_4
236,2.48,3.5,1.278,1.2245,1.2245,4.974718816480315,1.4285714285714286,6.199218816480315,1.7047169871616714,1.2245,4.581857070252615,1.4285714285714286,5.806357070252615,1.5594110429160226,-0.3928617462277,0.3928617462277,-0.3928617462277,0.3928617462277,-0.1453059442456488,0.1453059442456488,0.10287907429148015,0.07199012012864153,0.8111623167391884,True,FULL,FULL_poly_rank_4
238,1.16,3.0,0.606,0.5299999999999999,0.5299999999999999,0.9995028593983644,1.6666666666666667,1.5295028593983642,2.6762963684092975,0.5299999999999999,0.6098884087919164,1.6666666666666667,1.1398884087919163,2.583761885565731,-0.38961445060644795,0.38961445060644795,-0.38961445060644784,0.38961445060644784,-0.09253448284356658,0.09253448284356658,0.03872344618962971,0.027177151603280058,0.8516991532088215,True,FULL,FULL_poly_rank_4
239,2.0,3.5,0.785,0.745,0.745,1.4880839300345443,1.4285714285714286,2.2330839300345446,1.9471028822830023,0.745,1.107978953039491,1.4285714285714286,1.8529789530394911,1.8017384595510049,-0.3801049769950533,0.3801049769950533,-0.3801049769950535,0.3801049769950535,-0.14536442273199746,0.14536442273199746,0.046556330501374144,0.033243841868743275,0.9003316333140705,True,FULL,FULL_poly_rank_4
240,1.84,3.0,1.067,0.9266666666666667,0.9266666666666667,11.34965538746409,1.6666666666666667,12.276322054130755,1.8769974838423913,0.9266666666666667,7.249830998393468,1.6666666666666667,8.176497665060134,1.7623900219273048,-4.099824389070622,4.099824389070622,-4.099824389070621,4.099824389070621,-0.11460746191508653,0.11460746191508653,0.19219052349107388,0.1461502598816843,0.09496725266869,True,FULL,FULL_poly_rank_4
241,2.5,3.5,1.53,1.435,1.435,11.191062390354295,1.4285714285714286,12.626062390354296,1.6206039521105755,1.435,7.821056243542822,1.4285714285714286,9.256056243542822,1.521043468161137,-3.3700061468114733,3.3700061468114733,-3.3700061468114733,3.3700061468114733,-0.09956048394943862,0.09956048394943862,0.1808124109553654,0.12881732464764142,0.5799426429928984,True,FULL,FULL_poly_rank_4
242,1.28,13.0,0.381,0.236,0.236,0.2798827945510767,0.3846153846153846,0.5158827945510767,2.332154177278262,0.236,1.1914250307593266,0.3846153846153846,1.4274250307593266,1.6755187557715638,0.9115422362082499,0.9115422362082499,0.9115422362082499,0.9115422362082499,-0.6566354215066981,0.6566354215066981,0.16754760526177162,0.10557789255534945,-9.453486352664239,True,FULL,FULL_poly_rank_4
243,1.94,13.0,1.479,1.139,1.139,0.9051763320711632,0.3846153846153846,2.0441763320711632,1.6142343389282214,1.139,1.9171201318655344,0.3846153846153846,3.0561201318655344,1.220034098532616,1.0119437997943712,1.0119437997943712,1.0119437997943712,1.0119437997943712,-0.39420024039560553,0.39420024039560553,0.12588063080642128,0.08452706137865997,0.5442388398826528,True,FULL,FULL_poly_rank_4
244,2.29,13.0,30.401,2.493,2.493,191.4872115140508,0.3846153846153846,193.9802115140508,0.5794840127037909,2.493,185.95741874571496,0.3846153846153846,188.45041874571496,0.5325012622460055,-5.529792768335852,5.529792768335852,-5.529792768335852,5.529792768335852,-0.04698275045778544,0.04698275045778544,3.0400272504530212,2.037593142824207,0.8976594562370953,True,FULL,FULL_poly_rank_4
245,3.95,13.0,5.488,4.171,4.171,11.473466241634494,0.3846153846153846,15.644466241634497,0.6512771868667829,4.171,19.36882470475752,0.3846153846153846,23.53982470475752,0.5008320544567931,7.895358463123028,7.895358463123028,7.895358463123024,7.895358463123024,-0.1504451324099898,0.1504451324099898,0.30472707724688586,0.1758447328416556,0.8754478497901897,True,FULL,FULL_poly_rank_4
246,0.34,13.0,0.306,0.104,0.104,0.238125551076079,0.3846153846153846,0.342125551076079,11.465962069935722,0.104,0.3519077360891625,0.3846153846153846,0.4559077360891625,11.012432161665826,0.11378218501308349,0.11378218501308349,0.11378218501308351,0.11378218501308351,-0.45352990826989625,0.45352990826989625,0.0301383854938007,0.017146362078739298,0.6830004632295645,True,FULL,FULL_poly_rank_4
247,0.55,13.0,1.422,0.768,0.768,0.854926430267495,0.3846153846153846,1.622926430267495,6.829794290098721,0.768,0.3450440650525879,0.3846153846153846,1.113044065052588,8.041552502818295,-0.5098823652149072,0.5098823652149072,-0.5098823652149072,0.5098823652149072,1.211758212719574,1.211758212719574,0.1282862890203407,0.07430163739290309,0.5644317368543498,True,FULL,FULL_poly_rank_4
248,1.07,13.0,2.417,1.547,1.547,1.4889207977309928,0.3846153846153846,3.0359207977309928,3.0462519251595546,1.547,0.8680498199368614,0.3846153846153846,2.4150498199368613,3.3690801327249464,-0.6208709777941315,0.6208709777941315,-0.6208709777941315,0.6208709777941315,0.3228282075653919,0.3228282075653919,0.13380816335996618,0.08099713463995128,0.812047654836389,True,FULL,FULL_poly_rank_4
250,0.1,15.0,0.367,0.136,0.136,0.2402542971419538,0.3333333333333333,0.3762542971419538,56.09759499434641,0.136,0.2210347508005523,0.3333333333333333,0.3570347508005523,56.44774075334591,-0.019219546341401494,0.019219546341401494,-0.019219546341401494,0.019219546341401494,0.35014575899950273,0.35014575899950273,0.005239006968275806,0.00294358576027617,0.9914713095512695,True,FULL,FULL_poly_rank_4
251,0.67,15.0,1.297,0.843,0.843,0.5998183417647385,0.3333333333333333,1.4428183417647384,6.0080454699914485,0.843,0.5732025558349398,0.3333333333333333,1.4162025558349398,5.99642398141533,-0.02661578592979863,0.02661578592979863,-0.02661578592979863,0.02661578592979863,-0.01162148857611811,0.01162148857611811,0.00694101883402937,0.003972524141760021,0.9978963067717629,True,FULL,FULL_poly_rank_4
253,2.08,15.0,4.233,3.386,3.386,2.0681407318693763,0.3333333333333333,5.454140731869376,1.6219591173534793,3.386,2.200515659624444,0.3333333333333333,5.586515659624444,1.5064143858869523,0.13237492775506787,0.13237492775506787,0.13237492775506787,0.13237492775506787,-0.115544731466527,0.115544731466527,0.023368403965355666,0.013344390187716276,0.9979196295772905,True,FULL,FULL_poly_rank_4
254,0.42,15.0,0.464,0.223,0.223,0.286841251907236,0.3333333333333333,0.509841251907236,9.785018691865965,0.223,0.471696272284075,0.3333333333333333,0.694696272284075,9.138751118917742,0.18485502037683904,0.18485502037683904,0.1848550203768391,0.1848550203768391,-0.6462675729482221,0.6462675729482221,0.04869806914056001,0.027763842049954343,0.4742722650934119,True,FULL,FULL_poly_rank_4
255,1.34,15.0,1.532,0.812,0.812,1.3202731944591186,0.3333333333333333,2.1322731944591187,2.118955632610797,0.812,2.5249075469225986,0.3333333333333333,3.3369075469225984,1.7998797428750524,1.20463435246348,1.20463435246348,1.2046343524634797,1.2046343524634797,-0.3190758897357444,0.3190758897357444,0.2340664840408608,0.1455283852136536,0.004204287220646363,True,FULL,FULL_poly_rank_4
256,1.56,15.0,2.845,1.821,1.821,2.049502462074934,0.3333333333333333,3.870502462074933,1.917214666999875,1.821,2.7861220135440137,0.3333333333333333,4.607122013544013,1.7001988477585404,0.7366195514690799,0.7366195514690799,0.7366195514690803,0.7366195514690803,-0.21701581924133473,0.21701581924133473,0.12584654447598995,0.07995394535226799,0.8901524619875986,True,FULL,FULL_poly_rank_4
257,1.9,15.0,4.37,3.015,3.015,3.1599174946212627,0.3333333333333333,6.174917494621263,1.5540138559861083,3.015,4.029620404693937,0.3333333333333333,7.044620404693937,1.3720061773606167,0.8697029100726739,0.8697029100726739,0.8697029100726743,0.8697029100726743,-0.1820076786254916,0.1820076786254916,0.11727277999214733,0.07654707577212486,0.9577611266425163,True,FULL,FULL_poly_rank_4
258,2.09,15.0,55.263,3.813,3.813,190.18212243089908,0.3333333333333333,193.99512243089907,0.7174733228095233,3.813,111.84282090182064,0.3333333333333333,115.65582090182065,0.7135222692173043,-78.33930152907844,78.33930152907844,-78.33930152907843,78.33930152907843,-0.003951053592218923,0.003951053592218923,9.8353756605776,6.662943194293985,0.6703476568058246,True,FULL,FULL_poly_rank_4
284,0.27,1.6652089623887931,2.655,1.3036485066778338,1.3036485066778338,4.61028992899217,3.002626164602998,5.913938435670004,7.913618795998358,1.3036485066778338,5.261171439000187,3.002626164602998,6.564819945678021,6.908904614584078,0.6508815100080172,0.6508815100080172,0.6508815100080172,0.6508815100080172,-1.0047141814142808,1.0047141814142808,0.04238885185670386,0.029457187527950755,0.9923309618462411,True,FULL,FULL_poly_rank_4
285,0.5,3.083720300719987,2.417,0.6555920235894309,0.6555920235894309,7.127781251237852,1.621418128885619,7.783373274827283,3.420782268328867,0.6555920235894309,6.422552765715413,1.621418128885619,7.078144789304845,3.133525835447311,-0.7052284855224382,0.7052284855224382,-0.7052284855224382,0.7052284855224382,-0.2872564328815561,0.2872564328815561,0.17101263469163985,0.10715853800503682,0.9184739427711384,True,FULL,FULL_poly_rank_4
286,0.88,5.4273477292671775,5.477,2.848434309388562,2.848434309388562,8.806082929225237,0.9212603005031926,11.6545172386138,2.5046228694450243,2.848434309388562,3.470506925665589,0.9212603005031926,6.318941235054151,2.9087428223164267,-5.335576003559648,5.335576003559648,-5.335576003559648,5.335576003559648,0.40411995287140234,0.40411995287140234,0.7172206075756233,0.48121997127389143,0.4383140788068699,True,FULL,FULL_poly_rank_4
287,0.29,1.7885577744175924,3.214,1.959240530267265,1.959240530267265,3.9894927128527247,2.7955484980786536,5.94873324311999,8.412171305906568,1.959240530267265,4.204816234150396,2.7955484980786536,6.164056764417661,7.532418992136707,0.2153235212976714,0.2153235212976714,0.2153235212976714,0.2153235212976714,-0.8797523137698615,0.8797523137698615,0.05093115630877763,0.024408176587601374,0.989384367183894,True,FULL,FULL_poly_rank_4
288,0.44,2.7136738646335887,3.179,1.959240530267265,1.959240530267265,3.8637545585443656,1.8425206010063853,5.822995088811631,5.589277438658442,1.959240530267265,1.949632207006411,1.8425206010063853,3.908872737273676,6.170293827531939,-1.9141223515379546,1.9141223515379546,-1.9141223515379546,1.9141223515379546,0.5810163888734969,0.5810163888734969,0.27679197583802495,0.18332069174292695,0.6736324916263756,True,FULL,FULL_poly_rank_4
289,0.44,2.7136738646335887,5.856,2.848434309388562,2.848434309388562,10.290924987900752,1.8425206010063853,13.139359297289314,4.832563228905287,2.848434309388562,8.277245134562499,1.8425206010063853,11.12567944395106,4.588200129226674,-2.013679853338253,2.013679853338253,-2.013679853338253,2.013679853338253,-0.2443630996786128,0.2443630996786128,0.36539960032473967,0.23229359743817568,0.8844281562941595,True,FULL,FULL_poly_rank_4
291,0.42,2.590325052604789,4.293,1.959240530267265,1.959240530267265,8.144262348078403,1.9302596772447849,10.103502878345669,4.906645401620717,1.959240530267265,6.112960857434206,1.9302596772447849,8.07220138770147,4.722297481893124,-2.0313014906441973,2.0313014906441973,-2.031301490644198,2.031301490644198,-0.18434791972759346,0.18434791972759346,0.32998916840048675,0.21400895586013477,0.8393293943533024,True,FULL,FULL_poly_rank_4
292,0.27,1.6652089623887931,1.816,0.6555920235894309,0.6555920235894309,4.340373544875488,3.002626164602998,4.99596556846492,6.93036783035678,0.6555920235894309,5.632957655305073,3.002626164602998,6.288549678894504,5.93238471114949,1.2925841104295843,1.2925841104295843,1.2925841104295843,1.2925841104295843,-0.9979831192072899,0.9979831192072899,0.06084334595466272,0.04555864307350253,0.9767369582512413,True,FULL,FULL_poly_rank_4
293,0.55,3.392092330791986,3.752,1.3488617496840016,1.3488617496840016,8.999404803617814,1.4740164808051082,10.348266553301816,3.397073578572742,1.3488617496840016,5.836457707319796,1.4740164808051082,7.185319457003797,3.3384226162425734,-3.1629470962980184,3.1629470962980184,-3.1629470962980184,3.1629470962980184,-0.05865096233016853,0.05865096233016853,0.43622846730021153,0.291125681257034,0.721025980005886,True,FULL,FULL_poly_rank_4
295,1.2,7.400928721727968,0.0307,0.0217962758401608,0.0217962758401608,0.0268208917452208,0.6755908870356747,0.0486171675853816,2.3157906832156443,0.0217962758401608,0.0148928857906088,0.6755908870356747,0.0366891616307696,2.525889845753212,-0.011928005954612,0.011928005954612,-0.011928005954611999,0.011928005954611999,0.21009916253756789,0.21009916253756789,0.0018196111802412623,0.0011927195341877332,0.81035594461133,True,FULL,FULL_poly_rank_4
296,2.0,12.334881202879949,0.131,0.0508579769603752,0.0508579769603752,0.2935284290129898,0.4053545322214048,0.344386405973365,0.9614433155844516,0.0508579769603752,0.2595795229408179,0.4053545322214048,0.3104374999011931,0.8855217517026931,-0.033948906072171936,0.033948906072171936,-0.03394890607217188,0.03394890607217188,-0.07592156388175852,0.07592156388175852,0.007881945753158256,0.004872203354618108,0.9190409657434427,True,FULL,FULL_poly_rank_4
297,1.8,11.101393082591954,0.046,0.0145308505601072,0.0145308505601072,0.1222071066849876,0.4503939246904497,0.1367379572450948,0.9937795159488002,0.0145308505601072,0.1354416434829617,0.4503939246904497,0.1499724940430689,0.8776127433476113,0.013234536797974095,0.013234536797974095,0.013234536797974095,0.013234536797974095,-0.1161667726011889,0.1161667726011889,0.001085624458971487,0.00061631031069948,0.9897949053916498,True,FULL,FULL_poly_rank_4
302,0.75,4.625580451079981,0.055,0.0153092991217785,0.0153092991217785,0.1595143577214117,1.080945419257079,0.1748236568431902,2.2969478423570417,0.0153092991217785,0.2147132934921942,1.080945419257079,0.2300225926139728,1.9793620077208496,0.0551989357707825,0.0551989357707825,0.05519893577078258,0.05519893577078258,-0.31758583463619217,0.31758583463619217,0.002489789647690327,0.0018708809449934853,0.9660044831880422,True,FULL,FULL_poly_rank_4
303,0.91,5.612370947310377,0.041,0.0153092991217785,0.0153092991217785,0.0951653865132687,0.8908890818052851,0.1104746856350472,2.0818876302589207,0.0153092991217785,0.1045481977201676,0.8908890818052851,0.1198574968419461,1.835258070150258,0.009382811206898906,0.009382811206898906,0.009382811206898906,0.009382811206898906,-0.24662956010866255,0.24662956010866255,0.0009261785853423274,0.0005123606822458157,0.9890535127861875,True,FULL,FULL_poly_rank_4
304,1.87,11.533113924692753,0.046,0.0153092991217785,0.0153092991217785,0.1174680513670647,0.4335342590603259,0.1327773504888432,0.9728764088168116,0.0153092991217785,0.0975405666494863,0.4335342590603259,0.1128498657712648,0.9051478729226018,-0.01992748471757841,0.01992748471757841,-0.01992748471757841,0.01992748471757841,-0.0677285358942098,0.0677285358942098,0.003644879618663559,0.002337799255402709,0.8795832558585696,True,FULL,FULL_poly_rank_4
305,2.17,13.383346105124744,0.042,0.0153092991217785,0.0153092991217785,0.0995579974430193,0.373598647208668,0.1148672965647978,0.8653228395367738,0.0153092991217785,0.1135779013905156,0.373598647208668,0.1288872005122942,0.7577636947395783,0.014019903947496304,0.014019903947496304,0.014019903947496387,0.014019903947496387,-0.10755914479719553,0.10755914479719553,0.0007948548672218138,0.0005320658485553628,0.9925050758779461,True,FULL,FULL_poly_rank_4
311,1.45,8.942788872087963,1.14,0.7935883525311068,0.7935883525311068,1.051107361858608,0.5591096996157306,1.844695714389715,1.879665749713435,0.7935883525311068,1.333199313790204,0.5591096996157306,2.1267876663213108,1.611066204190789,0.2820919519315961,0.2820919519315961,0.28209195193159586,0.28209195193159586,-0.268599545522646,0.268599545522646,0.02337788805192468,0.016581895856337805,0.9779531650581361,True,FULL,FULL_poly_rank_4
314,1.8,11.101393082591954,3.8,2.3726672172613705,2.3726672172613705,4.501119428750482,0.4503939246904497,6.873786646011853,1.379736428464202,2.3726672172613705,4.402471594995406,0.4503939246904497,6.775138812256777,1.2625291524778357,-0.09864783375507624,0.09864783375507624,-0.09864783375507624,0.09864783375507624,-0.11720727598636627,0.11720727598636627,0.08475105322139903,0.04291490612383944,0.9781167307400696,True,FULL,FULL_poly_rank_4
316,1.1,6.784184661583972,1.23,0.5909609098097346,0.5909609098097346,2.195000047586552,0.7370082404025541,2.7859609573962865,1.920963652491806,0.5909609098097346,2.7699267398818557,0.7370082404025541,3.3608876496915903,1.6398893576013067,0.5749266922953038,0.5749266922953038,0.5749266922953038,0.5749266922953038,-0.2810742948904992,0.2810742948904992,0.032063875600993184,0.023847928995697577,0.9801767311675426,True,FULL,FULL_poly_rank_4
320,1.3,8.017672781871967,3.7,1.9806931592524069,1.9806931592524069,5.70674005649928,0.6236223572636995,7.687433215751687,1.723838260148718,1.9806931592524069,3.4613401806585213,0.6236223572636995,5.442033339910928,1.7773293359488342,-2.2453998758407585,2.2453998758407585,-2.245399875840759,2.245399875840759,0.05349107580011614,0.05349107580011614,0.32805568478223024,0.21676797646544968,0.7308035944114584,True,FULL,FULL_poly_rank_4
321,1.5,9.25116090215996,2.94,0.5553062574145964,0.5553062574145964,10.568278952724356,0.5404727096285398,11.123585210138952,1.04691166819964,0.5553062574145964,14.275845717219433,0.5404727096285398,14.831151974634029,0.9219301246076386,3.707566764495077,3.707566764495077,3.707566764495077,3.707566764495077,-0.12498154359200142,0.12498154359200142,0.1547894004745428,0.1186035306041377,0.96327547222561,True,FULL,FULL_poly_rank_4
322,1.7,10.484649022447956,1.47,1.1106125148291928,1.1106125148291928,1.0572811334663703,0.4768876849663586,2.1678936482955633,1.7502458150213789,1.1106125148291928,1.3037193055688947,0.4768876849663586,2.4143318203980875,1.5220095755423593,0.2464381721025244,0.2464381721025244,0.24643817210252417,0.24643817210252417,-0.2282362394790196,0.2282362394790196,0.022338100052589443,0.015797655277464795,0.9864612447316292,True,FULL,FULL_poly_rank_4
323,1.7,10.484649022447956,7.35,2.2212250296583855,2.2212250296583855,20.160376750419932,0.4768876849663586,22.381601780078316,1.0379375597762583,2.2212250296583855,19.917999747245844,0.4768876849663586,22.13922477690423,0.9353197757712186,-0.24237700317408795,0.24237700317408795,-0.24237700317408795,0.24237700317408795,-0.10261778400503974,0.10261778400503974,0.3482422937717783,0.197186186938235,0.960345868248039,True,FULL,FULL_poly_rank_4
327,0.1,0.6167440601439975,0.08,0.0796743371481683,0.0796743371481683,0.0008090983306987,8.107090644428094,0.080483435478867,77.68977402204777,0.0796743371481683,0.0559743941327393,8.107090644428094,0.1356487312809076,30.065090646277586,0.055165295802040604,0.055165295802040604,0.055165295802040604,0.055165295802040604,-47.62468337577019,47.62468337577019,0.007529902003271394,0.004985278356549996,0.34820780912245275,True,FULL,FULL_poly_rank_4
330,1.1,6.784184661583972,0.025,0.0202072594216368,0.0202072594216368,0.0137190748784508,0.7370082404025541,0.0339263343000876,2.9611290302817843,0.0202072594216368,0.0056135428846556,0.7370082404025541,0.0258208023062925,3.5546564535292564,-0.0081055319937952,0.0081055319937952,-0.008105531993795104,0.008105531993795104,0.5935274232474721,0.5935274232474721,0.0012143261336033104,0.000791786075549123,0.8523356369916134,True,FULL,FULL_poly_rank_4
331,1.25,7.709300751799968,0.047,0.0398371685740841,0.0398371685740841,0.0200809505252075,0.6485672515542477,0.0599181190992916,2.820311710406355,0.0398371685740841,0.023920732407758,0.6485672515542477,0.0637579009818422,2.518013065542746,0.003839781882550502,0.003839781882550502,0.0038397818825505955,0.0038397818825505955,-0.3022986448636087,0.3022986448636087,0.00043231222497420573,0.0002955290968386458,0.9945645375992944,True,FULL,FULL_poly_rank_4
332,1.2,7.400928721727968,0.05,0.0398371685740841,0.0398371685740841,0.0292663957131568,0.6755908870356747,0.0691035642872409,2.6576864448773354,0.0398371685740841,0.0428501503939226,0.6755908870356747,0.0826873189680067,2.2116400892682564,0.013583754680765798,0.013583754680765798,0.013583754680765794,0.013583754680765794,-0.446046355609079,0.446046355609079,0.001423039966347345,0.0009645115321440772,0.9498738141953004,True,FULL,FULL_poly_rank_4
333,1.6,9.86790496230396,0.093,0.0796743371481683,0.0796743371481683,0.0371742575975103,0.5066931652767559,0.1168485947456786,2.2486028629786348,0.0796743371481683,0.0924615983434199,0.5066931652767559,0.1721359354915883,1.6225182696843703,0.055287340745909595,0.055287340745909595,0.055287340745909686,0.055287340745909686,-0.6260845932942645,0.6260845932942645,0.006593183115605143,0.004406611868795074,0.6759787786536438,True,FULL,FULL_poly_rank_4
334,2.5,15.418601503599936,0.1,0.0796743371481683,0.0796743371481683,0.0585327914263222,0.3242836257771238,0.1382071285744905,1.275689493540873,0.0796743371481683,0.0208329078492866,0.3242836257771238,0.1005072449974549,1.5896129372161771,-0.0376998835770356,0.0376998835770356,-0.03769988357703559,0.03769988357703559,0.3139234436753042,0.3139234436753042,0.005579438357298083,0.003642551791268918,0.8073577948948215,True,FULL,FULL_poly_rank_4
335,1.8,11.101393082591954,0.233,0.1991858428704208,0.1991858428704208,0.0944249962521731,0.4503939246904497,0.2936108391225939,1.9904398436807709,0.1991858428704208,0.4056570630179351,0.4503939246904497,0.6048429058883559,1.2308270920414566,0.311232066765762,0.311232066765762,0.311232066765762,0.311232066765762,-0.7596127516393143,0.7596127516393143,0.036309174116844256,0.024669858420998923,-0.5645748634892134,True,FULL,FULL_poly_rank_4
336,4.0,24.669762405759897,0.251,0.1991858428704208,0.1991858428704208,0.1494580982300445,0.2026772661107024,0.3486439411004653,0.792806515114832,0.1991858428704208,0.180627550397141,0.2026772661107024,0.3798133932675618,0.6974374843013873,0.031169452167096517,0.031169452167096517,0.03116945216709649,0.03116945216709649,-0.09536903081344472,0.09536903081344472,0.00304741695040187,0.002140235144761971,0.9909090862005642,True,FULL,FULL_poly_rank_4
337,1.13,6.96920787962717,0.045,0.0153092991217785,0.0153092991217785,0.1129415099906837,0.7174416499493891,0.1282508091124622,1.6219045254507285,0.0153092991217785,0.0891118811258932,0.7174416499493891,0.1044211802476717,1.5251201643542256,-0.023829628864790495,0.023829628864790495,-0.023829628864790495,0.023829628864790495,-0.0967843610965029,0.0967843610965029,0.003938743927867182,0.0025598539544077013,0.8500713526635868,True,FULL,FULL_poly_rank_4
338,1.74,10.731346646505555,0.033,0.0153092991217785,0.0153092991217785,0.0614267591501006,0.4659247496797756,0.0767360582718792,1.1936384711708052,0.0153092991217785,0.0513897686985943,0.4659247496797756,0.0666990678203729,1.1196703303576103,-0.0100369904515063,0.0100369904515063,-0.0100369904515063,0.0100369904515063,-0.07396814081319492,0.07396814081319492,0.0019691542599571633,0.0012373601324195968,0.9010261210370889,True,FULL,FULL_poly_rank_4
339,2.13,13.136648481067144,0.035,0.0153092991217785,0.0153092991217785,0.0696089127687665,0.3806145842454505,0.084918211890545,0.9488333573269884,0.0153092991217785,0.0799421532422684,0.3806145842454505,0.0952514523640469,0.8274705612599197,0.010333240473501898,0.010333240473501898,0.010333240473501898,0.010333240473501898,-0.12136279606706868,0.12136279606706868,0.0005982429120089212,0.00042153293327443415,0.9924805028575839,True,FULL,FULL_poly_rank_4
340,3.5,21.58604210503991,0.026,0.0153092991217785,0.0153092991217785,0.0343911652377439,0.2316311612693741,0.0497004643595224,0.6801344819537776,0.0153092991217785,0.0281810300378285,0.2316311612693741,0.0434903291596071,0.65072598980764,-0.006210135199915402,0.006210135199915402,-0.006210135199915298,0.006210135199915298,-0.02940849214613761,0.02940849214613761,0.0012017549923290407,0.0007519421454804229,0.9147301634159773,True,FULL,FULL_poly_rank_4
341,1.13,6.96920787962717,0.055,0.0153092991217785,0.0153092991217785,0.1595143577209842,0.7174416499493891,0.1748236568427627,1.524522904222498,0.0153092991217785,0.1135948652811079,0.7174416499493891,0.1289041644028864,1.4551344679512563,-0.04591949243987631,0.04591949243987631,-0.04591949243987628,0.04591949243987628,-0.06938843627124158,0.06938843627124158,0.006434572623126172,0.004291884140166352,0.7729425543206719,True,FULL,FULL_poly_rank_4
342,1.22,7.524277533756768,0.039,0.0153092991217785,0.0153092991217785,0.0864894320112215,0.6645156265924669,0.101798731133,1.5829859963913084,0.0153092991217785,0.0669667481885222,0.6645156265924669,0.0822760473103007,1.501363496547537,-0.019522683822699297,0.019522683822699297,-0.019522683822699297,0.019522683822699297,-0.08162249984377135,0.08162249984377135,0.003213177034828552,0.002083941599230174,0.846334470748404,True,FULL,FULL_poly_rank_4
343,1.45,8.942788872087963,0.034,0.0153092991217785,0.0153092991217785,0.0654950286258003,0.5591096996157306,0.0808043277475788,1.4123161332544465,0.0153092991217785,0.0489562797928035,0.5591096996157306,0.0642655789145821,1.3595799895176983,-0.016538748832996795,0.016538748832996795,-0.016538748832996705,0.016538748832996705,-0.052736143736748176,0.052736143736748176,0.0026676113040367913,0.0017324028612121399,0.8355476360462186,True,FULL,FULL_poly_rank_4
344,2.17,13.383346105124744,0.028,0.0153092991217785,0.0153092991217785,0.0418356081902535,0.373598647208668,0.057144907312032,1.0458293131757963,0.0153092991217785,0.0498084057585194,0.373598647208668,0.0651177048802979,0.9046474864786922,0.007972797568265903,0.007972797568265903,0.007972797568265903,0.007972797568265903,-0.1411818266971041,0.1411818266971041,0.0004824496247116803,0.0003621323685002441,0.9894906031583421,True,FULL,FULL_poly_rank_4
345,0.6,3.700464360863984,0.062,0.0153092991217785,0.0153092991217785,0.1936315334445874,1.3511817740713494,0.2089408325663659,2.78103428223211,0.0153092991217785,0.36933801055738,1.3511817740713494,0.3846473096791585,2.319474566760241,0.17570647711279264,0.17570647711279264,0.1757064771127926,0.1757064771127926,-0.46155971547186914,0.46155971547186914,0.011307446258261765,0.00836473386186861,0.4911068097993294,True,FULL,FULL_poly_rank_4
346,0.7,4.317208421007981,0.05,0.0153092991217785,0.0153092991217785,0.1358772828198478,1.1581558063468709,0.1511865819416263,2.530764500816095,0.0153092991217785,0.2175127517217477,1.1581558063468709,0.2328220508435262,2.116987228396975,0.0816354689018999,0.0816354689018999,0.0816354689018999,0.0816354689018999,-0.41377727241911977,0.41377727241911977,0.00495280574606994,0.003690004806780807,0.8248292032688902,True,FULL,FULL_poly_rank_4
347,0.9,5.550696541295977,0.034,0.0153092991217785,0.0153092991217785,0.0654950141480271,0.9007878493808994,0.0808043132698056,2.275398701589776,0.0153092991217785,0.0765472799505581,0.9007878493808994,0.0918565790723366,1.9764797682461008,0.011052265802531006,0.011052265802531006,0.011052265802531006,0.011052265802531006,-0.29891893334367525,0.29891893334367525,0.0005844642040848603,0.0004359172701956121,0.9921057501373944,True,FULL,FULL_poly_rank_4
348,1.8,11.101393082591954,0.027,0.0153092991217785,0.0153092991217785,0.038082793731829,0.4503939246904497,0.0533920928536075,1.2897687725693818,0.0153092991217785,0.0327831492145518,0.4503939246904497,0.0480924483363303,1.2142795796654189,-0.005299644517277199,0.005299644517277199,-0.005299644517277199,0.005299644517277199,-0.07548919290396294,0.07548919290396294,0.0011579315330057668,0.0007091844307120173,0.9309867540339007,True,FULL,FULL_poly_rank_4
349,1.13,6.96920787962717,0.043,0.0153092991217785,0.0153092991217785,0.1039855497101338,0.7174416499493891,0.1192948488319123,1.6477168177591195,0.0153092991217785,0.0835970846231387,0.7174416499493891,0.0989063837449172,1.5452315061911146,-0.0203884650869951,0.0203884650869951,-0.0203884650869951,0.0203884650869951,-0.10248531156800489,0.10248531156800489,0.003513119835420705,0.0022675964331972907,0.8635621658200143,True,FULL,FULL_poly_rank_4
350,1.37,8.449393623972766,0.041,0.0153092991217785,0.0153092991217785,0.0951653865075495,0.591758441199131,0.110474685629328,1.3828596668882291,0.0153092991217785,0.0682066368774396,0.591758441199131,0.0835159359992182,1.331520268252984,-0.0269587496301099,0.0269587496301099,-0.026958749630109802,0.026958749630109802,-0.05133939863524506,0.05133939863524506,0.004022930509502174,0.0026509248742524515,0.7934760773619898,True,FULL,FULL_poly_rank_4
351,1.67,10.299625804404757,0.032,0.0153092991217785,0.0153092991217785,0.057405854043788,0.4854545296064728,0.0727151531655665,1.2626030593869657,0.0153092991217785,0.0461962341382279,0.4854545296064728,0.0615055332600064,1.1975223096303094,-0.011209619905560103,0.011209619905560103,-0.011209619905560096,0.011209619905560096,-0.06508074975665634,0.06508074975665634,0.0020306694402031458,0.0012917823372933482,0.8832270783022343,True,FULL,FULL_poly_rank_4
352,2.91,17.947252150190327,0.03,0.0153092991217785,0.0153092991217785,0.0495137718239397,0.2785941802208967,0.0648230709457182,0.7494886652754336,0.0153092991217785,0.0919433024768845,0.2785941802208967,0.107252601598663,0.5885078665128664,0.042429530652944795,0.042429530652944795,0.0424295306529448,0.0424295306529448,-0.1609807987625672,0.1609807987625672,0.0034474209740419782,0.0024821549816540483,0.5796323318468246,True,FULL,FULL_poly_rank_4
353,0.9,5.550696541295977,0.037,0.0153092991217785,0.0153092991217785,0.0779670989319231,0.9007878493808994,0.0932763980537016,2.192227389199339,0.0153092991217785,0.0897320857516675,0.9007878493808994,0.1050413848734461,1.9121867251895364,0.011764986819744389,0.011764986819744389,0.0117649868197445,0.0117649868197445,-0.28004066400980254,0.28004066400980254,0.0006490904278652167,0.00045920813661249856,0.9925996511136377,True,FULL,FULL_poly_rank_4
354,1.05,6.475812631511974,0.032,0.0153092991217785,0.0153092991217785,0.0574058541682785,0.7721038708979138,0.0727151532900571,2.0081400996379837,0.0153092991217785,0.0538542775549367,0.7721038708979138,0.0691635766767152,1.8346678687652551,-0.0035515766133418017,0.0035515766133418017,-0.003551576613341892,0.003551576613341892,-0.17347223087272856,0.17347223087272856,0.0012875912240902987,0.0007423787716696846,0.9530517189087409,True,FULL,FULL_poly_rank_4
355,1.15,7.09255669165597,0.028,0.0153092991217785,0.0153092991217785,0.0418356081862674,0.7049644038633127,0.0571449073080459,1.9734344433232216,0.0153092991217785,0.0348455398288424,0.7049644038633127,0.050154838950621,1.869911115811383,-0.006990068357425001,0.006990068357425001,-0.006990068357424904,0.006990068357424904,-0.10352332751183857,0.10352332751183857,0.0013874657453482849,0.0008656958230063142,0.9130802666475664,True,FULL,FULL_poly_rank_4
356,1.4,8.634416842015963,0.024,0.0153092991217785,0.0153092991217785,0.0272042150777216,0.5790779031734354,0.0425135141995001,1.8037445140554815,0.0153092991217785,0.0184396446750986,0.5790779031734354,0.0337489437968772,1.834436207804964,-0.008764570402623,0.008764570402623,-0.0087645704026229,0.0087645704026229,0.03069169374948255,0.03069169374948255,0.0014015597239709604,0.0009104118465187022,0.8445451758976165,True,FULL,FULL_poly_rank_4
357,0.75,4.625580451079981,0.028,0.0153092991217785,0.0153092991217785,0.0418356081843982,1.080945419257079,0.0571449073061767,3.0259328132395527,0.0153092991217785,0.0668236156312506,1.080945419257079,0.0821329147530291,2.4433877651165483,0.024988007446852395,0.024988007446852395,0.024988007446852402,0.024988007446852402,-0.5825450481230043,0.5825450481230043,0.001995802400408431,0.0014286866617588666,0.8201506274387768,True,FULL,FULL_poly_rank_4
358,1.15,7.09255669165597,0.026,0.0153092991217785,0.0153092991217785,0.0343911653190034,0.7049644038633127,0.0497004644407819,2.0699745048837284,0.0153092991217785,0.0278884902915729,0.7049644038633127,0.0431977894133514,1.9861776526853696,-0.006502675027430502,0.006502675027430502,-0.006502675027430495,0.006502675027430495,-0.08379685219835875,0.08379685219835875,0.0012333113544812158,0.0007746910303192128,0.9101932416880757,True,FULL,FULL_poly_rank_4
359,1.1,6.784184661583972,0.024,0.0153092991217785,0.0153092991217785,0.0272042141314279,0.7370082404025541,0.0425135132532064,2.2956749282231264,0.0153092991217785,0.0220974094752771,0.7370082404025541,0.0374067085970557,2.2165529014068266,-0.0051068046561508,0.0051068046561508,-0.005106804656150703,0.005106804656150703,-0.07912202681629976,0.07912202681629976,0.0009831826806216979,0.0006148323606180498,0.9235021148045505,True,FULL,FULL_poly_rank_4
360,1.2,7.400928721727968,0.022,0.0153092991217785,0.0153092991217785,0.0203041095024898,0.6755908870356747,0.0356134086242683,2.2704692840433656,0.0153092991217785,0.0133962993336453,0.6755908870356747,0.0287055984554238,2.349232498113058,-0.006907810168844501,0.006907810168844501,-0.006907810168844501,0.006907810168844501,0.07876321406969256,0.07876321406969256,0.001110164927666637,0.000720523435067038,0.8665754270115259,True,FULL,FULL_poly_rank_4
