sample_id,u_peak,u_r,tau_peak,tau_r,true_a,true_b,true_c,true_d,true_e,estimated_a,estimated_b,estimated_c,estimated_d,estimated_e,error_b,abs_error_b,error_d,abs_error_d,error_e,abs_error_e,curve_rmse_tau_u,curve_mae_tau_u,curve_r2_tau_u,curve_valid,dataset,model_name
7,0.72,2.75,0.044,0.03175,0.03175,0.0801325410005739,1.818181818181818,0.1118825410005739,3.441242286799551,0.03175,0.4731465788014368,1.818181818181818,0.5048965788014368,2.1248961200690006,0.39301403780086286,0.39301403780086286,0.39301403780086286,0.39301403780086286,-1.3163461667305505,1.3163461667305505,0.003982166278130704,0.0032332218948761837,0.6561063456360592,True,FULL,FULL_exp_d_rank_4
8,0.92,3.0,0.035,0.02825,0.02825,0.0557241852265918,1.6666666666666667,0.0839741852265918,3.007954906577982,0.02825,0.3187413288212041,1.6666666666666667,0.3469913288212041,1.903251416720032,0.2630171435946123,0.2630171435946123,0.2630171435946123,0.2630171435946123,-1.1047034898579497,1.1047034898579497,0.0016354499399731514,0.0014099450735012334,0.9091604293392447,True,FULL,FULL_exp_d_rank_4
9,0.97,3.0,0.029,0.0255,0.0255,0.0288872445152351,1.6666666666666667,0.0543872445152351,3.290221199159674,0.0255,0.2301483835391657,1.6666666666666667,0.2556483835391657,1.9218801520399336,0.20126113902393059,0.20126113902393059,0.20126113902393059,0.20126113902393059,-1.3683410471197404,1.3683410471197404,0.0016224713572894499,0.001366659780670247,0.8738420058485333,True,FULL,FULL_exp_d_rank_4
11,0.78,3.5,0.05,0.0417499999999999,0.0417499999999999,0.0354980845491272,1.4285714285714286,0.0772480845491271,4.004659571873231,0.0417499999999999,0.3577230312627814,1.4285714285714286,0.3994730312627813,2.004082485070814,0.3222249467136542,0.3222249467136542,0.3222249467136542,0.3222249467136542,-2.0005770868024166,2.0005770868024166,0.01339047474752575,0.010210051930367363,-2.7024960347723717,True,FULL,FULL_exp_d_rank_4
12,1.25,3.5,0.04,0.034,0.034,0.0670624339164287,1.4285714285714286,0.1010624339164287,2.366794324621144,0.034,0.2976775228850211,1.4285714285714286,0.3316775228850211,1.611471692511344,0.2306150889685924,0.2306150889685924,0.2306150889685924,0.2306150889685924,-0.7553226321097999,0.7553226321097999,0.0017552702541584564,0.001185763769734317,0.9263416001505416,True,FULL,FULL_exp_d_rank_4
13,1.8,4.0,0.035,0.033,0.033,0.0334302203204883,1.25,0.0664302203204883,2.0972939397426664,0.033,0.1941764833241959,1.25,0.2271764833241959,1.40026562137207,0.1607462630037076,0.1607462630037076,0.1607462630037076,0.1607462630037076,-0.6970283183705965,0.6970283183705965,0.0013339327474355587,0.0008628974241840337,0.9537515598777887,True,FULL,FULL_exp_d_rank_4
19,1.55,12.0,1.02,0.8525,0.8525,0.3782821788444106,0.4166666666666667,1.2307821788444109,2.3791759662313843,0.8525,0.3427949274346376,0.4166666666666667,1.1952949274346376,2.3341796151434595,-0.035487251409773046,0.035487251409773046,-0.03548725140977327,0.03548725140977327,-0.04499635108792477,0.04499635108792477,0.009105274267688783,0.005249906750339378,0.9941380360525193,True,FULL,FULL_exp_d_rank_4
20,1.71,12.0,2.57,1.7327500000000002,1.7327500000000002,2.210315622373947,0.4166666666666667,3.9430656223739473,1.6207235717983703,1.7327500000000002,0.2342886714652376,0.4166666666666667,1.967038671465238,2.7684035275332506,-1.9760269509087094,1.9760269509087094,-1.9760269509087094,1.9760269509087094,1.1476799557348802,1.1476799557348802,0.3081590264774294,0.19872413296084868,0.23414954362981222,True,FULL,FULL_exp_d_rank_4
28,0.13,1.325,1.02,0.6675,0.6675,0.6738254010838505,3.7735849056603774,1.3413254010838505,23.891608655167115,0.6675,1.0250584689253477,3.7735849056603774,1.6925584689253477,20.73873328464433,0.3512330678414972,0.3512330678414972,0.3512330678414972,0.3512330678414972,-3.1528753705227857,3.1528753705227857,0.06414210881842372,0.040281849999151305,0.7633383632694828,True,FULL,FULL_exp_d_rank_4
29,0.6,2.425,4.93,4.2975,4.2975,3.110870023650559,2.061855670103093,7.408370023650559,5.517814597970529,4.2975,1.572432184827023,2.061855670103093,5.869932184827023,6.051805199299186,-1.538437838823536,1.538437838823536,-1.538437838823536,1.538437838823536,0.5339906013286573,0.5339906013286573,0.1764520768779717,0.1214605209447284,0.9381713606570599,True,FULL,FULL_exp_d_rank_4
30,2.17,3.85,16.37,14.955,14.955,60.674147880173095,1.2987012987012987,75.6291478801731,1.6284330431129306,14.955,127.22309768317348,1.2987012987012987,142.1780976831735,1.3768424473303762,66.54894980300038,66.54894980300038,66.5489498030004,66.5489498030004,-0.2515905957825544,0.2515905957825544,1.593654474563681,1.1430914515805846,0.7188942337700661,True,FULL,FULL_exp_d_rank_4
31,0.24,1.275,0.66,0.475,0.475,0.6758571313827281,3.9215686274509807,1.150857131382728,11.17767536247715,0.475,1.0465329807064228,3.9215686274509807,1.5215329807064228,8.89193979702261,0.3706758493236947,0.3706758493236947,0.3706758493236948,0.3706758493236948,-2.285735565454539,2.285735565454539,0.023868784657353533,0.01729053825973631,0.9338163651710737,True,FULL,FULL_exp_d_rank_4
32,0.3,2.175,4.71,4.1925,4.1925,1.211168346774408,2.298850574712644,5.403668346774408,13.642584509493682,4.1925,0.0102302268029523,2.298850574712644,4.202730226802952,31.035016511307308,-1.2009381199714557,1.2009381199714557,-1.2009381199714557,1.2009381199714557,17.392432001813624,17.392432001813624,0.22555674254564465,0.13826252475402875,0.834609035604359,True,FULL,FULL_exp_d_rank_4
33,2.26,4.125,16.14,11.3475,11.3475,422.7987490320256,1.2121212121212122,434.1462490320256,1.3091974223177918,11.3475,124.69662037071136,1.2121212121212122,136.04412037071137,1.2719918641042824,-298.1021286613143,298.1021286613143,-298.1021286613142,298.1021286613142,-0.03720555821350935,0.03720555821350935,5.238279255550374,4.0389220790861415,-1.0647220817082084,True,FULL,FULL_exp_d_rank_4
34,0.47,1.525,1.07,0.6975,0.6975,4.0455139668571585,3.278688524590164,4.743013966857158,4.812842755740618,0.6975,1.490420756346165,3.278688524590164,2.1879207563461653,4.988401932425005,-2.5550932105109934,2.5550932105109934,-2.555093210510993,2.555093210510993,0.17555917668438692,0.17555917668438692,0.16424587476018312,0.11992369034097344,0.20820845811860145,True,FULL,FULL_exp_d_rank_4
35,0.47,2.2,4.91,4.25,4.25,2.5915991927768687,2.2727272727272725,6.841599192776869,7.213346651196478,4.25,2.242031994765454,2.2727272727272725,6.492031994765454,6.8966639549063045,-0.3495671980114148,0.3495671980114148,-0.3495671980114148,0.3495671980114148,-0.3166826962901732,0.3166826962901732,0.08912321171582055,0.05261198613149622,0.9823841290630981,True,FULL,FULL_exp_d_rank_4
36,1.48,3.625,14.91,14.235,14.235,8.232456046268986,1.3793103448275863,22.467456046268985,2.7321098339023515,14.235,63.346035922730834,1.3793103448275863,77.58103592273083,1.6284835048252086,55.11357987646185,55.11357987646185,55.11357987646185,55.11357987646185,-1.1036263290771429,1.1036263290771429,0.5181764570130041,0.4176398504630636,0.9595486428937076,True,FULL,FULL_exp_d_rank_4
37,0.11,1.325,0.89,0.5625,0.5625,0.5639971811696873,3.7735849056603774,1.1264971811696871,29.2958502513531,0.5625,0.9662557679244994,3.7735849056603774,1.5287557679244994,25.209865191675895,0.4022585867548121,0.4022585867548121,0.4022585867548123,0.4022585867548123,-4.085985059677206,4.085985059677206,0.08193237940889551,0.05027930990922608,0.4938215719691824,True,FULL,FULL_exp_d_rank_4
38,0.26,2.175,5.3,4.1,4.1,2.5910971306331803,2.298850574712644,6.69109713063318,13.042743993933716,4.1,1.1415928068581067,2.298850574712644,5.241592806858106,15.501702729279954,-1.4495043237750735,1.4495043237750735,-1.4495043237750735,1.4495043237750735,2.458958735346238,2.458958735346238,0.2639813412414073,0.16542783665838826,0.8225055876592366,True,FULL,FULL_exp_d_rank_4
39,0.54,3.35,15.9,14.4675,14.4675,3.852469877296928,1.4925373134328357,18.319969877296927,7.688914610134782,14.4675,30.78807989051292,1.4925373134328357,45.25557989051292,4.058208463363535,26.93561001321599,26.93561001321599,26.935610013215992,26.935610013215992,-3.6307061467712476,3.6307061467712476,3.237438747638584,2.1853832772216557,-1.6993275599471676,True,FULL,FULL_exp_d_rank_4
40,0.3,1.35,0.88,0.635,0.635,1.1651130574348498,3.7037037037037033,1.8001130574348498,8.547982610717572,0.635,1.1410743544999555,3.7037037037037033,1.7760743544999555,7.554538647585149,-0.024038702934894296,0.024038702934894296,-0.024038702934894296,0.024038702934894296,-0.9934439631324228,0.9934439631324228,0.03268759861444538,0.01815343672636784,0.936321373302503,True,FULL,FULL_exp_d_rank_4
41,0.38,2.175,5.2,4.3975,4.3975,2.452688320111813,2.298850574712644,6.850188320111813,9.031706106944794,4.3975,2.2535305057672854,2.298850574712644,6.651030505767285,8.627244224568534,-0.1991578143445274,0.1991578143445274,-0.1991578143445274,0.1991578143445274,-0.40446188237626046,0.40446188237626046,0.06539995534120992,0.03593758156841379,0.9903368112604441,True,FULL,FULL_exp_d_rank_4
42,0.71,3.35,16.28,14.8375,14.8375,5.373344828404187,1.4925373134328357,20.210844828404188,5.457009220110153,14.8375,64.0602307777093,1.4925373134328357,78.8977307777093,2.528321578771615,58.68688594930511,58.68688594930511,58.68688594930511,58.68688594930511,-2.9286876413385383,2.9286876413385383,3.800260512919965,2.776787393731971,-1.9219227987723144,True,FULL,FULL_exp_d_rank_4
43,0.88,1.475,0.58,0.535,0.535,2.3643732180319175,3.389830508474576,2.8993732180319176,4.157276354583812,0.535,0.5917384879172817,3.389830508474576,1.1267384879172817,4.4243254584447875,-1.772634730114636,1.772634730114636,-1.772634730114636,1.772634730114636,0.2670491038609759,0.2670491038609759,0.05603815628663548,0.04263959850264709,0.7308823889172076,True,FULL,FULL_exp_d_rank_4
44,1.5,2.625,3.89,3.6325,3.6325,10.486129835864666,1.9047619047619049,14.118629835864668,2.474961892115721,3.6325,0.5731013965569374,1.9047619047619049,4.205601396556937,3.6708858482799753,-9.913028439307729,9.913028439307729,-9.91302843930773,9.91302843930773,1.1959239561642545,1.1959239561642545,0.24229670451031854,0.19226734970723616,0.8878102943186986,True,FULL,FULL_exp_d_rank_4
45,2.87,4.1,13.67,13.42,13.42,16.705556614946417,1.2195121951219514,30.12555661494642,1.6634039681803665,13.42,43.89972948354983,1.2195121951219514,57.31972948354983,1.347129572491133,27.19417286860341,27.19417286860341,27.19417286860341,27.19417286860341,-0.31627439568923355,0.31627439568923355,0.5889742611394643,0.3696070073072831,0.9491088081747315,True,FULL,FULL_exp_d_rank_4
46,0.79,1.5,0.8,0.665,0.665,6.166849946093346,3.3333333333333335,6.831849946093346,3.9230290740544778,0.665,0.8324369325296244,3.3333333333333335,1.4974369325296244,4.4392344598824485,-5.334413013563721,5.334413013563721,-5.334413013563721,5.334413013563721,0.5162053858279707,0.5162053858279707,0.13331449982241655,0.10248431871509193,0.16418062728337335,True,FULL,FULL_exp_d_rank_4
47,0.6,2.175,5.04,4.655,4.655,2.141531174694559,2.298850574712644,6.796531174694559,6.310564627174357,4.655,2.8919628690359263,2.298850574712644,7.5469628690359265,5.284959746702849,0.7504316943413674,0.7504316943413674,0.7504316943413674,0.7504316943413674,-1.0256048804715086,1.0256048804715086,0.07438721308409091,0.04339676753786677,0.9903783883701838,True,FULL,FULL_exp_d_rank_4
48,2.37,4.125,16.38,14.3675,14.3675,112.7264689844744,1.2121212121212122,127.0939689844744,1.4228254925840296,14.3675,105.27468851298028,1.2121212121212122,119.64218851298028,1.2935279373887223,-7.451780471494118,7.451780471494118,-7.451780471494118,7.451780471494118,-0.12929755519530728,0.12929755519530728,2.371656810988946,1.774628797353221,0.3807899717055262,True,FULL,FULL_exp_d_rank_4
49,1.46,2.566666666666667,4.68,4.1066666666666665,4.1066666666666665,30.593215473314466,1.948051948051948,34.69988213998113,2.300589855794831,4.1066666666666665,2.5699238992260547,1.948051948051948,6.676590565892721,2.8665530271869013,-28.02329157408841,28.02329157408841,-28.023291574088407,28.023291574088407,0.5659631713920703,0.5659631713920703,0.6398020191723904,0.4976566457754356,0.44453483414214057,True,FULL,FULL_exp_d_rank_4
50,4.16,4.75,15.04,14.775,14.775,58.5314735148253,1.0526315789473684,73.3064735148253,1.2144266984360343,14.775,65.62573679186525,1.0526315789473684,80.40073679186526,1.11535665654247,7.09426327703995,7.09426327703995,7.094263277039957,7.094263277039957,-0.09907004189356439,0.09907004189356439,0.9292873947045409,0.5920463277009272,0.8804505052714562,True,FULL,FULL_exp_d_rank_4
51,1.26,1.85,0.94,0.785,0.785,27.151829140946248,2.702702702702702,27.936829140946248,2.8751003676389564,0.785,0.7298697270031537,2.702702702702702,1.5148697270031537,3.4837048746998422,-26.421959413943092,26.421959413943092,-26.421959413943092,26.421959413943092,0.6086045070608859,0.6086045070608859,0.2557950242349567,0.192566134405698,-0.6616476882910352,True,FULL,FULL_exp_d_rank_4
52,3.13,4.466666666666667,15.58,14.793333333333337,14.793333333333337,75.02328336156236,1.1194029850746268,89.8166166948957,1.313812712287742,14.793333333333337,69.61940941620776,1.1194029850746268,84.4127427495411,1.2043218753700409,-5.403873945354604,5.403873945354604,-5.403873945354604,5.403873945354604,-0.10949083691770123,0.10949083691770123,1.4581150685549142,1.0326502052202018,0.7425495583064854,True,FULL,FULL_exp_d_rank_4
53,1.15,1.85,0.71,0.65,0.65,3.9933470021604136,2.702702702702702,4.6433470021604135,3.19021506632708,0.65,0.5030578095679975,2.702702702702702,1.1530578095679975,3.696198480880203,-3.490289192592416,3.490289192592416,-3.490289192592416,3.490289192592416,0.505983414553123,0.505983414553123,0.08085318617900351,0.06259833082886282,0.6303131244484804,True,FULL,FULL_exp_d_rank_4
54,0.35,2.175,4.68,4.205,4.205,1.283914851902833,2.298850574712644,5.488914851902833,11.46515887900422,4.205,0.486386408503936,2.298850574712644,4.691386408503936,13.919982557536716,-0.797528443398897,0.797528443398897,-0.797528443398897,0.797528443398897,2.454823678532497,2.454823678532497,0.11961555670741772,0.0764570068587899,0.9574087927889867,True,FULL,FULL_exp_d_rank_4
55,0.63,3.85,16.18,14.365,14.365,5.024596391351091,1.2987012987012987,19.38959639135109,6.152370825583352,14.365,17.006254786790613,1.2987012987012987,31.371254786790615,4.092523078545303,11.981658395439522,11.981658395439522,11.981658395439524,11.981658395439524,-2.0598477470380496,2.0598477470380496,1.450864042834419,0.9677354339994112,0.48184383042071965,True,FULL,FULL_exp_d_rank_4
56,0.45,1.5666666666666669,0.87,0.6366666666666667,0.6366666666666667,1.8543711063769357,3.191489361702127,2.4910377730436024,5.520751658815112,0.6366666666666667,1.024226603140767,3.191489361702127,1.6608932698074337,5.45831006045083,-0.8301445032361687,0.8301445032361687,-0.8301445032361687,0.8301445032361687,-0.062441598364282314,0.062441598364282314,0.0812504767657358,0.056940436298693956,0.6479083381270652,True,FULL,FULL_exp_d_rank_4
57,0.58,2.175,5.35,4.42,4.42,5.5363451785319135,2.298850574712644,9.956345178531912,5.059116621676996,4.42,5.398328994104766,2.298850574712644,9.818328994104766,4.480864937769002,-0.1380161844271477,0.1380161844271477,-0.13801618442714592,0.13801618442714592,-0.5782516839079932,0.5782516839079932,0.181584176433532,0.10294297984282189,0.9473326948451288,True,FULL,FULL_exp_d_rank_4
58,0.94,3.875,16.28,13.935,13.935,11.349260923481204,1.2903225806451613,25.28426092348121,3.405427164282276,13.935,44.05634855725974,1.2903225806451613,57.99134855725974,2.1016652949712613,32.707087633778535,32.707087633778535,32.70708763377853,32.70708763377853,-1.303761869311015,1.303761869311015,1.4177236996045222,1.0638254223133319,0.6288815917035889,True,FULL,FULL_exp_d_rank_4
59,0.13,1.5666666666666669,0.97,0.8033333333333333,0.8033333333333333,0.2782264175865835,3.191489361702127,1.0815597509199169,31.910981063129015,0.8033333333333333,0.3193544630331569,3.191489361702127,1.1226877963664903,30.1321333174518,0.04112804544657339,0.04112804544657339,0.04112804544657345,0.04112804544657345,-1.778847745677215,1.778847745677215,0.008092360906759112,0.004907034785883366,0.9936550306639012,True,FULL,FULL_exp_d_rank_4
60,2.38,2.85,5.22,4.84,4.84,137.35939252357494,1.7543859649122806,142.19939252357494,1.8523237169572588,4.84,2.8024469868009634,1.7543859649122806,7.642446986800963,2.2873734192761765,-134.55694553677398,134.55694553677398,-134.55694553677398,134.55694553677398,0.4350497023189177,0.4350497023189177,0.9873442977196736,0.6784519093797396,-0.04268638391044277,True,FULL,FULL_exp_d_rank_4
61,2.68,4.125,16.95,15.5375,15.5375,116.71406105996982,1.2121212121212122,132.25156105996982,1.3981039630569712,15.5375,138.5452837789354,1.2121212121212122,154.0827837789354,1.2688493225699844,21.83122271896559,21.83122271896559,21.83122271896559,21.83122271896559,-0.12925464048698676,0.12925464048698676,2.1959324030454703,1.6204491150957199,0.5145695840238562,True,FULL,FULL_exp_d_rank_4
62,0.71,1.6,1.14,0.9133333333333334,0.9133333333333334,5.696830896813862,3.125,6.610164230147195,3.976020028848459,0.9133333333333334,0.9698135947198246,3.125,1.883146928053158,4.60602270250226,-4.727017302094037,4.727017302094037,-4.727017302094037,4.727017302094037,0.6300026736538014,0.6300026736538014,0.16682102286953107,0.12700703841839267,0.29146554689136683,True,FULL,FULL_exp_d_rank_4
63,0.76,2.2,5.03,4.68,4.68,3.0326428857358856,2.2727272727272725,7.712642885735885,4.87933520201715,4.68,3.4436853003304773,2.2727272727272725,8.123685300330477,4.214585772244426,0.4110424145945917,0.4110424145945917,0.4110424145945917,0.4110424145945917,-0.6647494297727237,0.6647494297727237,0.1193202805888853,0.06254604081914758,0.9787944817824771,True,FULL,FULL_exp_d_rank_4
64,2.73,4.125,15.88,13.97,13.97,220.02903798852773,1.2121212121212122,233.99903798852773,1.3339956390040135,13.97,106.26730235176564,1.2121212121212122,120.23730235176563,1.2762460319583249,-113.7617356367621,113.7617356367621,-113.7617356367621,113.7617356367621,-0.057749607045688656,0.057749607045688656,3.0488892755103922,2.276812017459651,-0.021208793846353657,True,FULL,FULL_exp_d_rank_4
65,0.63,1.5666666666666669,1.42,0.9733333333333332,0.9733333333333332,10.644929502666052,3.191489361702127,11.618262835999383,3.927118476960182,0.9733333333333332,1.729754941904592,3.191489361702127,2.703088275237925,4.415306359149929,-8.91517456076146,8.91517456076146,-8.915174560761457,8.915174560761457,0.4881878821897465,0.4881878821897465,0.29453914352010974,0.22393160311191881,-0.2669593842343607,True,FULL,FULL_exp_d_rank_4
66,0.34,2.175,5.0,4.24,4.24,2.0482757543105174,2.298850574712644,6.288275754310518,10.49368724913285,4.24,1.3326603645142256,2.298850574712644,5.572660364514226,11.15133745471231,-0.7156153897962918,0.7156153897962918,-0.7156153897962918,0.7156153897962918,0.6576502055794595,0.6576502055794595,0.11982964533164213,0.07685439516239068,0.9622014219090766,True,FULL,FULL_exp_d_rank_4
67,3.13,4.533333333333333,14.91,14.596666666666666,14.596666666666666,20.35467702287054,1.1029411764705883,34.951343689537204,1.4882877719989878,14.596666666666666,48.63555634694551,1.1029411764705883,63.23222301361218,1.2186733028374368,28.280879324074974,28.280879324074974,28.280879324074974,28.280879324074974,-0.26961446916155096,0.26961446916155096,0.6824164581881678,0.43670692842110737,0.9426376107679948,True,FULL,FULL_exp_d_rank_4
68,0.49,1.5666666666666669,0.79,0.63,0.63,1.4068332196782207,3.191489361702127,2.0368332196782206,5.5461514668738845,0.63,0.81726475284,3.191489361702127,1.44726475284,5.4497562324321445,-0.5895684668382207,0.5895684668382207,-0.5895684668382206,0.5895684668382206,-0.09639523444174003,0.09639523444174003,0.05986613393507847,0.04178242626453967,0.7650531249815284,True,FULL,FULL_exp_d_rank_4
69,1.69,2.566666666666667,5.04,4.426666666666667,4.426666666666667,69.19774278410341,1.948051948051948,73.62440945077007,2.1459242646578933,4.426666666666667,3.839263325168379,1.948051948051948,8.265929991835046,2.564498606727731,-65.35847945893504,65.35847945893504,-65.35847945893502,65.35847945893502,0.4185743420698378,0.4185743420698378,0.9385076550651003,0.7152821700101795,0.041220107969348274,True,FULL,FULL_exp_d_rank_4
70,3.12,4.466666666666667,16.37,15.163333333333334,15.163333333333334,137.96164146287623,1.1194029850746268,153.12497479620956,1.2614658876838951,15.163333333333334,93.94531742806772,1.1194029850746268,109.10865076140104,1.1858416259090407,-44.016324034808505,44.016324034808505,-44.01632403480852,44.01632403480852,-0.07562426177485437,0.07562426177485437,2.174911186747833,1.5698084318659329,0.4739273921647622,True,FULL,FULL_exp_d_rank_4
71,0.18,1.5666666666666669,0.87,0.6,0.6,0.5778652142592701,3.191489361702127,1.17786521425927,16.988625203858206,0.6,0.8763310822930827,3.191489361702127,1.4763310822930826,14.49730127055856,0.2984658680338126,0.2984658680338126,0.2984658680338126,0.2984658680338126,-2.491323933299645,2.491323933299645,0.0478185199422708,0.030750232903194626,0.8145713894383491,True,FULL,FULL_exp_d_rank_4
72,0.42,2.175,5.1,3.8825,3.8825,4.482035276937978,2.298850574712644,8.364535276937978,6.759501195047857,3.8825,3.914063797528471,2.298850574712644,7.796563797528471,6.363969692298403,-0.5679714794095072,0.5679714794095072,-0.5679714794095077,0.5679714794095077,-0.3955315027494546,0.3955315027494546,0.14294933531855894,0.08517713157881264,0.9581713425546269,True,FULL,FULL_exp_d_rank_4
73,1.09,3.85,15.19,13.3025,13.3025,11.821633061680007,1.2987012987012987,25.12413306168001,2.9737453064844868,13.3025,38.57608979852927,1.2987012987012987,51.87858979852927,1.9375290333644597,26.75445673684926,26.75445673684926,26.75445673684926,26.75445673684926,-1.036216273120027,1.036216273120027,0.6963426197500779,0.5568500737714233,0.9075448753934868,True,FULL,FULL_exp_d_rank_4
74,0.47,1.5666666666666669,0.66,0.5066666666666667,0.5066666666666667,1.2794449424210406,3.191489361702127,1.7861116090877074,5.540134014051035,0.5066666666666667,0.8698108918135011,3.191489361702127,1.3764775584801678,5.211436100857906,-0.40963405060753943,0.40963405060753943,-0.40963405060753955,0.40963405060753955,-0.32869791319312913,0.32869791319312913,0.05160487117304035,0.0352830132490181,0.7492412886809255,True,FULL,FULL_exp_d_rank_4
75,0.57,2.175,4.24,4.0125,4.0125,1.1193350008113887,2.298850574712644,5.131835000811389,7.4273022742503985,4.0125,0.91833093810041,2.298850574712644,4.93083093810041,7.266523822007918,-0.2010040627109787,0.2010040627109787,-0.20100406271097881,0.20100406271097881,-0.16077845224248044,0.16077845224248044,0.04499948750578199,0.027232007184982986,0.9948419099101531,True,FULL,FULL_exp_d_rank_4
76,4.13,4.7,14.9,13.285,13.285,1213.8760619263403,1.0638297872340423,1227.1610619263406,1.0940505167399543,13.285,76.90931537029128,1.0638297872340423,90.19431537029128,1.1134487060412532,-1136.966746556049,1136.966746556049,-1136.9667465560494,1136.9667465560494,0.019398189301298885,0.019398189301298885,5.046433209044804,3.3595529691672987,-0.9648417667836329,True,FULL,FULL_exp_d_rank_4
77,0.18,1.5666666666666669,0.88,0.4966666666666666,0.4966666666666666,0.8494890683979475,3.191489361702127,1.346155735064614,14.732448429095294,0.4966666666666666,1.2797003376246758,3.191489361702127,1.7763670042913424,12.675556569712914,0.43021126922672837,0.43021126922672837,0.43021126922672837,0.43021126922672837,-2.0568918593823806,2.0568918593823806,0.06657891829349392,0.043342743696230694,0.7532400172229865,True,FULL,FULL_exp_d_rank_4
78,1.25,2.566666666666667,4.37,3.77,3.77,17.6011784506471,1.948051948051948,21.3711784506471,2.4976694597033373,3.77,1.8686500837206377,1.948051948051948,5.638650083720638,3.238126776059989,-15.732528366926463,15.732528366926463,-15.732528366926463,15.732528366926463,0.7404573163566517,0.7404573163566517,0.4978338474999316,0.38512425067367645,0.5809817132266156,True,FULL,FULL_exp_d_rank_4
79,3.62,4.5,14.62,13.843333333333334,13.843333333333334,173.78668847200146,1.1111111111111112,187.6300218053348,1.2115644521301927,13.843333333333334,60.80480383872301,1.1111111111111112,74.64813717205634,1.185728018608387,-112.98188463327844,112.98188463327844,-112.98188463327845,112.98188463327845,-0.025836433521805757,0.025836433521805757,1.9499022419825538,1.332915646708452,0.43526478671531454,True,FULL,FULL_exp_d_rank_4
80,0.11,1.5633333333333332,1.04,0.5006666666666667,0.5006666666666667,0.863642983300683,3.1982942430703627,1.3643096499673495,27.24084861115649,0.5006666666666667,1.2434052763507415,3.1982942430703627,1.744071943017408,24.949103826348725,0.3797622930500585,0.3797622930500585,0.3797622930500586,0.3797622930500586,-2.291744784807765,2.291744784807765,0.08259721231895617,0.04991535457868686,0.7498174453758102,True,FULL,FULL_exp_d_rank_4
81,0.23,2.1775,4.79,3.54875,3.54875,2.4552355004571034,2.296211251435132,6.003985500457103,14.649101403235154,3.54875,0.4695785775171046,2.296211251435132,4.018328577517105,21.31835807703985,-1.9856569229399987,1.9856569229399987,-1.9856569229399987,1.9856569229399987,6.669256673804696,6.669256673804696,0.3789231094925706,0.23347236802360175,0.5514244339428758,True,FULL,FULL_exp_d_rank_4
83,0.21,1.5566666666666666,0.75,0.4896666666666667,0.4896666666666667,0.6541837303857423,3.211991434689508,1.143850397052409,13.109251845364824,0.4896666666666667,1.0399894694670788,3.211991434689508,1.5296561361337455,10.842568298186784,0.38580573908133653,0.38580573908133653,0.38580573908133653,0.38580573908133653,-2.26668354717804,2.26668354717804,0.05028896046550358,0.03360719865664096,0.7670640239216775,True,FULL,FULL_exp_d_rank_4
84,1.52,2.19,4.53,3.98,3.98,84.48453784563569,2.2831050228310503,88.46453784563569,2.4678705594788535,3.98,4.987672635680985,2.2831050228310503,8.967672635680985,2.804349858515206,-79.4968652099547,79.4968652099547,-79.4968652099547,79.4968652099547,0.3364792990363523,0.3364792990363523,0.9449179770298185,0.7020802257950478,-0.17094620056424792,True,FULL,FULL_exp_d_rank_4
86,1.14,1.85,0.47,0.4455,0.4455,1.2635859558868447,2.702702702702702,1.7090859558868448,3.448989911906233,0.4455,0.4905577166357584,2.702702702702702,0.9360577166357584,3.494995760521451,-0.7730282392510863,0.7730282392510863,-0.7730282392510863,0.7730282392510863,0.04600584861521817,0.04600584861521817,0.033082237797927364,0.02476223227501892,0.862906604810016,True,FULL,FULL_exp_d_rank_4
87,1.53,2.29,3.84,3.5879999999999996,3.5879999999999996,21.229112109709114,2.1834061135371177,24.817112109709115,2.5522940611621228,3.5879999999999996,1.6924407301499769,2.1834061135371177,5.2804407301499765,3.170983628234191,-19.536671379559138,19.536671379559138,-19.536671379559138,19.536671379559138,0.6186895670720682,0.6186895670720682,0.3748738754152704,0.28538908515955264,0.7227030826354756,True,FULL,FULL_exp_d_rank_4
89,0.31,1.5733333333333333,0.64,0.434,0.434,0.831446191232911,3.1779661016949152,1.265446191232911,8.046929532076042,0.434,1.0361983108710238,3.1779661016949152,1.4701983108710237,6.7240623595857905,0.2047521196381128,0.2047521196381128,0.2047521196381128,0.2047521196381128,-1.3228671724902519,1.3228671724902519,0.011920999414586677,0.00831636405409237,0.9842441986640371,True,FULL,FULL_exp_d_rank_4
90,0.44,2.0033333333333334,4.09,3.8813333333333335,3.8813333333333335,0.7845727106922662,2.4958402662229617,4.6659060440256,10.177837650659969,3.8813333333333335,0.9717244343591314,2.4958402662229617,4.853057767692465,9.088215533896056,0.18715172366686517,0.18715172366686517,0.18715172366686517,0.18715172366686517,-1.0896221167639126,1.0896221167639126,0.032182547926107405,0.017685051200133136,0.9967624713337201,True,FULL,FULL_exp_d_rank_4
91,2.56,4.125,14.35,13.695,13.695,33.24347166872315,1.2121212121212122,46.93847166872315,1.5724619149710894,13.695,49.9610347456086,1.2121212121212122,63.6560347456086,1.3483581218864138,16.717563076885448,16.717563076885448,16.717563076885448,16.717563076885448,-0.22410379308467565,0.22410379308467565,0.9676505109434349,0.682889431035319,0.8757185800164985,True,FULL,FULL_exp_d_rank_4
92,0.1,1.5666666666666669,0.84,0.5786666666666667,0.5786666666666667,0.3913124802400913,3.191489361702127,0.969979146906758,37.39184550372476,0.5786666666666667,0.5940427289860237,3.191489361702127,1.1727093956526904,33.504668548996236,0.20273024874593243,0.20273024874593243,0.20273024874593237,0.20273024874593237,-3.887176954728524,3.887176954728524,0.04601081240877942,0.027432233215806484,0.7720694997365701,True,FULL,FULL_exp_d_rank_4
94,2.24,4.125,16.29,15.185,15.185,36.934910613682646,1.2121212121212122,52.11991061368265,1.6343524111032697,15.185,86.03376431574871,1.2121212121212122,101.21876431574871,1.3241491223944235,49.098853702066066,49.098853702066066,49.098853702066066,49.098853702066066,-0.31020328870884617,0.31020328870884617,1.1469712080861416,0.7764168435443914,0.8536270686996045,True,FULL,FULL_exp_d_rank_4
95,0.15,1.5666666666666669,1.04,0.515,0.515,1.0180921290257392,3.191489361702127,1.533092129025739,17.824332391452327,0.515,1.460566880002875,3.191489361702127,1.9755668800028752,15.918195081929207,0.44247475097713584,0.44247475097713584,0.44247475097713607,0.44247475097713607,-1.9061373095231193,1.9061373095231193,0.08027093816002442,0.05065331040879844,0.7773886247041555,True,FULL,FULL_exp_d_rank_4
96,0.32,2.225,5.75,4.01075,4.01075,4.5926707536336835,2.2471910112359548,8.603420753633683,8.90252129065327,4.01075,4.068630897612991,2.2471910112359548,8.07938089761299,8.576375741275108,-0.5240398560206927,0.5240398560206927,-0.5240398560206927,0.5240398560206927,-0.32614554937816287,0.32614554937816287,0.12497062839500708,0.0740414146192053,0.973539252702474,True,FULL,FULL_exp_d_rank_4
97,0.98,3.925,16.9,13.655,13.655,17.423005323734152,1.2738853503184715,31.07800532373415,2.9328424113361327,13.655,58.46982018859141,1.2738853503184715,72.12482018859141,1.891331046532482,41.04681486485726,41.04681486485726,41.04681486485727,41.04681486485727,-1.0415113648036507,1.0415113648036507,1.249758647010721,0.9643275637894245,0.7411782458714931,True,FULL,FULL_exp_d_rank_4
98,0.12,1.5666666666666669,1.33,0.569,0.569,1.2856106349233354,3.191489361702127,1.854610634923335,23.13000566043724,0.569,1.5768488496167996,3.191489361702127,2.1458488496167996,21.7528576462055,0.2912382146934642,0.2912382146934642,0.29123821469346445,0.29123821469346445,-1.377148014231743,1.377148014231743,0.05981629878138986,0.03666424624266184,0.9335736989104069,True,FULL,FULL_exp_d_rank_4
99,0.38,2.1775,5.29,3.8055,3.8055,4.8847712477868654,2.296211251435132,8.690271247786866,7.231167894086396,3.8055,4.438702630285986,2.296211251435132,8.244202630285987,6.771502278983165,-0.4460686175008792,0.4460686175008792,-0.4460686175008792,0.4460686175008792,-0.4596656151032308,0.4596656151032308,0.1324407442422857,0.07610038920176024,0.9669096052711924,True,FULL,FULL_exp_d_rank_4
100,1.12,3.865,15.69,14.2025,14.2025,9.330787016774106,1.2936610608020698,23.533287016774107,3.133851414322128,14.2025,43.41930247950567,1.2936610608020698,57.62180247950567,1.8801578726406456,34.088515462731564,34.088515462731564,34.088515462731564,34.088515462731564,-1.2536935416814825,1.2536935416814825,0.9234714844047351,0.7271428152743132,0.8513489069893408,True,FULL,FULL_exp_d_rank_4
101,0.11,1.5599999999999998,1.19,0.5136666666666666,0.5136666666666666,1.0901897584596147,3.2051282051282053,1.6038564251262817,26.190812099681132,0.5136666666666666,1.4374614418740213,3.2051282051282053,1.951128108540688,24.456819670627524,0.3472716834144065,0.3472716834144065,0.3472716834144063,0.3472716834144063,-1.7339924290536075,1.7339924290536075,0.07500963671555586,0.04541626071658638,0.86455389994796,True,FULL,FULL_exp_d_rank_4
102,0.33,2.175,5.38,4.15275,4.15275,3.3230952595070686,2.298850574712644,7.475845259507069,9.464816530487427,4.15275,2.8400251996543293,2.298850574712644,6.9927751996543295,9.247293848642489,-0.4830700598527393,0.4830700598527393,-0.4830700598527393,0.4830700598527393,-0.2175226818449385,0.2175226818449385,0.10587536164447052,0.06400473042316616,0.9758078168366034,True,FULL,FULL_exp_d_rank_4
103,0.94,4.6125,15.17,14.2325,14.2325,3.230539541690666,1.0840108401084012,17.463039541690666,4.61254903129243,14.2325,4.404588939174184,1.0840108401084012,18.637088939174184,4.010289899585139,1.1740493974835182,1.1740493974835182,1.1740493974835182,1.1740493974835182,-0.6022591317072914,0.6022591317072914,0.14311019504121603,0.09323806934156229,0.9950939834800028,True,FULL,FULL_exp_d_rank_4
104,0.46,1.61,0.57,0.4153333333333333,0.4153333333333333,1.2195408766373736,3.105590062111801,1.634874209970707,5.380408458094788,0.4153333333333333,0.9337645633999818,3.105590062111801,1.3490978967333151,4.894409699321701,-0.28577631323739183,0.28577631323739183,-0.28577631323739183,0.28577631323739183,-0.4859987587730874,0.4859987587730874,0.046604428049242676,0.03127587816748012,0.7304761804140405,True,FULL,FULL_exp_d_rank_4
105,0.38,2.1725,3.22,2.8175,2.8175,1.2095551373508462,2.3014959723820483,4.027055137350846,9.674876431868377,2.8175,0.0588061898983243,2.3014959723820483,2.876306189898324,17.942643069869458,-1.1507489474525219,1.1507489474525219,-1.1507489474525219,1.1507489474525219,8.267766638001081,8.267766638001081,0.16043229802281656,0.10565881434550178,0.8473285225400113,True,FULL,FULL_exp_d_rank_4
106,6.69,7.0,11.06,11.03,11.03,6.769176332863529,0.7142857142857143,17.799176332863528,0.9707346090728766,11.03,17.30485292096558,0.7142857142857143,28.33485292096558,0.8060619797950274,10.535676588102051,10.535676588102051,10.535676588102053,10.535676588102053,-0.1646726292778492,0.1646726292778492,0.28226850970982503,0.1529387029095884,0.9800711966084361,True,FULL,FULL_exp_d_rank_4
107,0.15,1.5566666666666666,0.88,0.5103333333333334,0.5103333333333334,0.7081291518031402,3.211991434689508,1.2184624851364736,19.26598627033951,0.5103333333333334,1.1371762960910852,3.211991434689508,1.6475096294244185,16.65594079047161,0.429047144287945,0.429047144287945,0.4290471442879449,0.4290471442879449,-2.6100454798678996,2.6100454798678996,0.07897660730900906,0.04964330220972329,0.6101024292251639,True,FULL,FULL_exp_d_rank_4
108,0.24,2.175,5.1,3.69825,3.69825,2.8769666070220197,2.298850574712644,6.5752166070220195,13.53664985652516,3.69825,1.0809539012725518,2.298850574712644,4.779203901272552,16.77297467742417,-1.796012705749468,1.796012705749468,-1.796012705749468,1.796012705749468,3.236324820899009,3.236324820899009,0.3383879677436897,0.21072789908661696,0.700880673865259,True,FULL,FULL_exp_d_rank_4
109,0.47,3.8575,14.84,13.285,13.285,3.275885261750222,1.2961762799740766,16.560885261750222,9.133208341560495,13.285,0.4565883366156136,1.2961762799740766,13.741588336615614,13.52998398184454,-2.8192969251346085,2.8192969251346085,-2.8192969251346085,2.8192969251346085,4.396775640284044,4.396775640284044,0.5059252621591049,0.3159417540310643,0.9095488423061706,True,FULL,FULL_exp_d_rank_4
110,0.15,2.1675,1.23,0.6225,0.6225,0.9619833022068238,2.306805074971165,1.584483302206824,20.507804388385548,0.6225,0.9894578375931078,2.306805074971165,1.6119578375931078,19.93932554032749,0.02747453538628397,0.02747453538628397,0.02747453538628375,0.02747453538628375,-0.5684788480580565,0.5684788480580565,0.005140889182335257,0.0031568394523857537,0.9992487238167296,True,FULL,FULL_exp_d_rank_4
111,0.25,2.165,6.22,4.547499999999999,4.547499999999999,3.553532108811563,2.3094688221709005,8.101032108811562,12.896286747191096,4.547499999999999,2.7117458951378586,2.3094688221709005,7.259245895137858,13.230114186200764,-0.8417862136737044,0.8417862136737044,-0.8417862136737044,0.8417862136737044,0.33382743900966716,0.33382743900966716,0.16797310041897226,0.10386776479781172,0.9508910760792504,True,FULL,FULL_exp_d_rank_4
112,0.46,4.1075,18.37,16.2525,16.2525,4.204330792736471,1.217285453438831,20.456830792736472,9.296747223836368,16.2525,2.33001881522188,1.217285453438831,18.58251881522188,10.393069869033688,-1.8743119775145907,1.8743119775145907,-1.8743119775145907,1.8743119775145907,1.0963226451973203,1.0963226451973203,0.3555631135966504,0.2176609529593926,0.969449462176883,True,FULL,FULL_exp_d_rank_4
113,0.21,1.5599999999999998,0.72,0.5333333333333333,0.5333333333333333,0.4530839141628877,3.2051282051282053,0.9864172474962212,14.758619332850811,0.5333333333333333,0.7918000514708655,3.2051282051282053,1.3251333848041988,11.906530178304523,0.33871613730797784,0.33871613730797784,0.33871613730797767,0.33871613730797767,-2.852089154546288,2.852089154546288,0.04703045092588248,0.03097902176161572,0.7292416449339792,True,FULL,FULL_exp_d_rank_4
114,0.46,2.215,4.54,3.755,3.755,3.0550946555112306,2.2573363431151243,6.8100946555112305,6.812602552841997,3.755,1.934381628250536,2.2573363431151243,5.689381628250536,7.090904209086955,-1.1207130272606947,1.1207130272606947,-1.1207130272606944,1.1207130272606944,0.27830165624495784,0.27830165624495784,0.16063906731562078,0.10656612085502669,0.9324549353603643,True,FULL,FULL_exp_d_rank_4
115,3.02,4.84,14.29,13.226666666666668,13.226666666666668,67.62238227774218,1.0330578512396695,80.84904894440885,1.2379494369579531,13.226666666666668,31.04199086587112,1.0330578512396695,44.26865753253779,1.2002602783890164,-36.580391411871055,36.580391411871055,-36.58039141187106,36.58039141187106,-0.03768915856893673,0.03768915856893673,1.508175151258806,1.1331213356664447,0.6847551719399101,True,FULL,FULL_exp_d_rank_4
116,0.1,1.5533333333333337,1.16,0.5640000000000001,0.5640000000000001,0.912890584776652,3.218884120171673,1.476890584776652,31.1344826944979,0.5640000000000001,1.1267384252161636,3.218884120171673,1.6907384252161637,29.395250263761113,0.21384784043951166,0.21384784043951166,0.21384784043951166,0.21384784043951166,-1.739232430736788,1.739232430736788,0.04771149509523354,0.028620181277651757,0.9301337948055316,True,FULL,FULL_exp_d_rank_4
117,0.28,2.16,4.98,3.80875,3.80875,2.7207253448886286,2.314814814814815,6.5294753448886285,11.627647012732409,3.80875,1.4639760556096402,2.314814814814815,5.27272605560964,13.074567182520813,-1.2567492892789884,1.2567492892789884,-1.2567492892789884,1.2567492892789884,1.4469201697884042,1.4469201697884042,0.2218813216876784,0.140572777666125,0.8658876098184867,True,FULL,FULL_exp_d_rank_4
118,0.84,3.88,14.83,12.9825,12.9825,7.331910697776193,1.288659793814433,20.314410697776193,4.123242699657944,12.9825,20.704641986578523,1.288659793814433,33.687141986578524,2.7859930129582353,13.37273128880233,13.37273128880233,13.372731288802331,13.372731288802331,-1.337249686699709,1.337249686699709,0.93436226839288,0.6684356594879057,0.7896669894824745,True,FULL,FULL_exp_d_rank_4
119,0.05,1.5533333333333337,1.06,0.4603333333333333,0.4603333333333333,0.7347138188950575,3.218884120171673,1.1950471522283908,76.69251608229672,0.4603333333333333,0.5101624567178535,3.218884120171673,0.9704957900511868,80.45327849402902,-0.22455136217720395,0.22455136217720395,-0.22455136217720395,0.22455136217720395,3.7607624117323013,3.7607624117323013,0.05852719068437776,0.03350154362918428,0.8750752949597244,True,FULL,FULL_exp_d_rank_4
120,0.24,2.1675,5.34,3.634,3.634,3.551284821064535,2.306805074971165,7.185284821064535,12.76758648025316,3.634,1.915474582343183,2.306805074971165,5.549474582343183,14.357382751842904,-1.635810238721352,1.635810238721352,-1.6358102387213522,1.6358102387213522,1.5897962715897442,1.5897962715897442,0.3107990389968136,0.19403640251443355,0.7933862384547965,True,FULL,FULL_exp_d_rank_4
121,0.58,3.8475,15.72,12.52,12.52,8.509190021060213,1.299545159194282,21.029190021060213,5.626700720273117,12.52,15.674583674072178,1.299545159194282,28.194583674072177,4.423817761734154,7.165393653011964,7.165393653011964,7.165393653011964,7.165393653011964,-1.2028829585389635,1.2028829585389635,0.8875024669337342,0.5906931839499455,0.7938095115934731,True,FULL,FULL_exp_d_rank_4
122,0.16,1.7866666666666664,1.46,0.5153333333333333,0.5153333333333333,1.791622665699797,2.7985074626865676,2.3069559990331303,15.27471027903135,0.5153333333333333,2.065559483606662,2.7985074626865676,2.5808928169399956,14.451141522570127,0.2739368179068653,0.2739368179068653,0.2739368179068653,0.2739368179068653,-0.8235687564612224,0.8235687564612224,0.04915560205705261,0.03106771924460592,0.9716248595952739,True,FULL,FULL_exp_d_rank_4
123,0.34,2.19,5.86,3.70375,3.70375,6.4076526447249105,2.2831050228310503,10.11140264472491,7.4904783908875965,3.70375,6.64968626335267,2.2831050228310503,10.35343626335267,6.7916554536290255,0.24203361862775985,0.24203361862775985,0.24203361862775985,0.24203361862775985,-0.698822937258571,0.698822937258571,0.07990355707990134,0.03622830675457944,0.9914768632002521,True,FULL,FULL_exp_d_rank_4
124,0.72,3.9025,15.23,13.1975,13.1975,6.547895084347095,1.2812299807815504,19.745395084347095,4.922489465268678,13.1975,16.669121205720877,1.2812299807815504,29.86662120572088,3.478337564302332,10.121226121373782,10.121226121373782,10.121226121373784,10.121226121373784,-1.4441519009663462,1.4441519009663462,0.9881062755088024,0.6777395171665569,0.7507553866350258,True,FULL,FULL_exp_d_rank_4
125,0.13,1.5766666666666669,0.83,0.5316666666666667,0.5316666666666667,0.5110542316499418,3.1712473572938684,1.0427208983166083,25.070549134255213,0.5316666666666667,0.8643122472220985,3.1712473572938684,1.3959789138887653,21.626842047891184,0.35325801557215675,0.35325801557215675,0.35325801557215697,0.35325801557215697,-3.4437070863640287,3.4437070863640287,0.07222313531329645,0.04427071052945175,0.5352538568262504,True,FULL,FULL_exp_d_rank_4
126,0.33,2.195,4.91,4.2615,4.2615,1.6629195649406574,2.277904328018223,5.924419564940657,11.444353107108954,4.2615,0.7117169158789789,2.277904328018223,4.973216915878979,13.579191054531552,-0.9512026490616785,0.9512026490616785,-0.9512026490616785,0.9512026490616785,2.1348379474225982,2.1348379474225982,0.1509991488419953,0.09594546641187676,0.9357113161563079,True,FULL,FULL_exp_d_rank_4
127,2.99,4.513333333333333,16.39,14.923333333333332,14.923333333333332,140.10135047238424,1.1078286558345645,155.0246838057176,1.2549920885699382,14.923333333333332,87.16553623223851,1.1078286558345645,102.08886956557184,1.1824982590781417,-52.93581424014573,52.93581424014573,-52.935814240145746,52.935814240145746,-0.0724938294917965,0.0724938294917965,2.3558140415167053,1.741436250697787,0.39931439886339404,True,FULL,FULL_exp_d_rank_4
128,0.22,1.5666666666666669,1.38,0.6789999999999999,0.6789999999999999,1.9691572578488556,3.191489361702127,2.6481572578488555,10.298464829923804,0.6789999999999999,2.012682280675802,3.191489361702127,2.691682280675802,9.44433008288132,0.04352502282694637,0.04352502282694637,0.04352502282694637,0.04352502282694637,-0.8541347470424832,0.8541347470424832,0.020137688004331484,0.008887126930044254,0.9931982001240177,True,FULL,FULL_exp_d_rank_4
129,0.39,2.18,6.11,4.593,4.593,5.057943521426855,2.293577981651376,9.650943521426855,7.34235077378404,4.593,6.578758532509603,2.293577981651376,11.171758532509603,6.202075088483803,1.5208150110827479,1.5208150110827479,1.5208150110827479,1.5208150110827479,-1.140275685300237,1.140275685300237,0.11228588077587395,0.08187161965057033,0.9814264360196328,True,FULL,FULL_exp_d_rank_4
130,2.78,4.13,17.18,15.5675,15.5675,173.2142161184181,1.2106537530266344,188.7817161184181,1.354578535378103,15.5675,158.63872536138496,1.2106537530266344,174.20622536138495,1.2581765300762666,-14.575490757033151,14.575490757033151,-14.575490757033151,14.575490757033151,-0.0964020053018364,0.0964020053018364,2.6796665635676713,1.969963440870107,0.2928178231946057,True,FULL,FULL_exp_d_rank_4
131,0.3,1.57,0.69,0.4403333333333333,0.4403333333333333,0.989606450202688,3.184713375796178,1.4299397835360212,7.9675990689291964,0.4403333333333333,1.160013064965809,3.184713375796178,1.6003463982991422,6.772243020570655,0.1704066147631209,0.1704066147631209,0.1704066147631209,0.1704066147631209,-1.1953560483585415,1.1953560483585415,0.013821004245942826,0.008309490004136593,0.9831241422068735,True,FULL,FULL_exp_d_rank_4
132,0.38,2.2025,4.61,3.49275,3.49275,3.5417527605950667,2.270147559591374,7.034502760595067,7.697329513236288,3.49275,2.2769556691722785,2.270147559591374,5.769705669172279,8.04712646469248,-1.2647970914227882,1.2647970914227882,-1.2647970914227882,1.2647970914227882,0.3497969514561925,0.3497969514561925,0.19776815754909038,0.12905368970218867,0.895652455838914,True,FULL,FULL_exp_d_rank_4
133,0.58,3.89,14.25,12.71,12.71,3.870375185655917,1.2853470437017995,16.580375185655917,6.937928600833182,12.71,4.289528584352933,1.2853470437017995,16.999528584352934,6.437197567522475,0.41915339869701596,0.41915339869701596,0.4191533986970164,0.4191533986970164,-0.5007310333107071,0.5007310333107071,0.07131466953296202,0.04256484027471325,0.9982820080366532,True,FULL,FULL_exp_d_rank_4
134,0.29,1.5933333333333335,0.81,0.6846666666666668,0.6846666666666668,0.4027161872827163,3.1380753138075312,1.087382853949383,11.679447292728767,0.6846666666666668,0.5733415814260066,3.1380753138075312,1.2580082480926733,9.760682042374164,0.17062539414329025,0.17062539414329025,0.17062539414329025,0.17062539414329025,-1.9187652503546033,1.9187652503546033,0.015483616227735168,0.010900594214725787,0.9782858289338112,True,FULL,FULL_exp_d_rank_4
135,0.42,2.1925,4.74,4.255,4.255,1.6007301765706998,2.280501710376283,5.8557301765707,9.079561652406012,4.255,1.1452429546073342,2.280501710376283,5.400242954607334,9.326411131622748,-0.45548722196336566,0.45548722196336566,-0.45548722196336566,0.45548722196336566,0.2468494792167366,0.2468494792167366,0.07453627110801307,0.048165352876866144,0.9857222288095153,True,FULL,FULL_exp_d_rank_4
136,2.48,4.18,15.4,14.19,14.19,62.34454554337887,1.1961722488038278,76.53454554337887,1.469660738779334,14.19,69.31369429699784,1.1961722488038278,83.50369429699784,1.3070019384087186,6.969148753618967,6.969148753618967,6.969148753618967,6.969148753618967,-0.1626588003706153,0.1626588003706153,1.539445282581001,1.1276595214788123,0.7110984066833161,True,FULL,FULL_exp_d_rank_4
137,1.18,1.85,0.63,0.575,0.575,4.239497230710774,2.702702702702702,4.814497230710774,3.1309195303367727,0.575,0.5260822220228596,2.702702702702702,1.1010822220228595,3.5627677151907022,-3.7134150086879147,3.7134150086879147,-3.7134150086879147,3.7134150086879147,0.4318481848539295,0.4318481848539295,0.07868066025694459,0.0603345465264457,0.5522214759135866,True,FULL,FULL_exp_d_rank_4
138,0.99,2.6033333333333335,4.93,4.496666666666667,4.496666666666667,4.9592094785200045,1.9206145966709345,9.455876145186672,3.460965956174455,4.496666666666667,1.4345508623437322,1.9206145966709345,5.931217529010399,4.126948723142329,-3.5246586161762723,3.5246586161762723,-3.5246586161762723,3.5246586161762723,0.6659827669678737,0.6659827669678737,0.21961936787237465,0.16327185329636876,0.928821181070301,True,FULL,FULL_exp_d_rank_4
139,1.92,4.2125,17.14,16.56,16.56,9.158812659704571,1.1869436201780414,25.71881265970457,2.22655990128023,16.56,77.6319174158345,1.1869436201780414,94.1919174158345,1.3576272896304626,68.47310475612993,68.47310475612993,68.47310475612993,68.47310475612993,-0.8689326116497673,0.8689326116497673,0.5864182691370077,0.4264829815860399,0.9634471270440509,True,FULL,FULL_exp_d_rank_4
140,0.42,1.7400000000000002,0.83,0.4525,0.4525,2.5886372580129136,2.8735632183908044,3.0411372580129137,4.84879553279124,0.4525,1.515481450459149,2.8735632183908044,1.967981450459149,4.632821478956679,-1.0731558075537646,1.0731558075537646,-1.0731558075537646,1.0731558075537646,-0.2159740538345618,0.2159740538345618,0.11110331223825332,0.07749441924935577,0.46767023205656266,True,FULL,FULL_exp_d_rank_4
141,1.23,2.5733333333333337,4.22,4.026666666666666,4.026666666666666,3.714553371745124,1.94300518134715,7.74122003841179,3.22230726876678,4.026666666666666,0.5564229130776397,1.94300518134715,4.583089579744306,4.303885079615112,-3.1581304586674843,3.1581304586674843,-3.1581304586674843,3.1581304586674843,1.0815778108483318,1.0815778108483318,0.11802184789389407,0.08982109834443368,0.9761101332358398,True,FULL,FULL_exp_d_rank_4
142,1.79,4.84,15.01,14.9025,14.9025,0.8901040923931092,1.0330578512396695,15.792604092393107,3.4546415460563873,14.9025,12.829225733530595,1.0330578512396695,27.731725733530595,1.7619764016585668,11.939121641137486,11.939121641137486,11.939121641137488,11.939121641137488,-1.6926651443978205,1.6926651443978205,0.6432825326666995,0.44101364477029315,0.9269837519920995,True,FULL,FULL_exp_d_rank_4
143,0.33,1.5733333333333333,0.58,0.4766666666666666,0.4766666666666666,0.4098600862261488,3.1779661016949152,0.8865267528928155,9.368454028225154,0.4766666666666666,0.6832795566944798,3.1779661016949152,1.1599462233611464,7.303038720085993,0.27341947046833104,0.27341947046833104,0.2734194704683309,0.2734194704683309,-2.06541530813916,2.06541530813916,0.017116154409237055,0.012594708707124442,0.9534497213021388,True,FULL,FULL_exp_d_rank_4
144,0.43,2.1725,4.53,3.8975,3.8975,2.2412867147074325,2.3014959723820483,6.138786714707432,7.955893974394428,3.8975,1.528975907977821,2.3014959723820483,5.426475907977821,8.202953338638418,-0.7123108067296116,0.7123108067296116,-0.7123108067296116,0.7123108067296116,0.24705936424398978,0.24705936424398978,0.11090641691364217,0.07242891431289895,0.966225354310708,True,FULL,FULL_exp_d_rank_4
145,3.33,4.496666666666667,14.77,14.159999999999998,14.159999999999998,71.68575820940592,1.111934766493699,85.84575820940591,1.2931877819034847,14.159999999999998,55.17594642343158,1.111934766493699,69.33594642343158,1.2045628684359646,-16.509811785974335,16.509811785974335,-16.509811785974335,16.509811785974335,-0.0886249134675201,0.0886249134675201,1.287794074860046,0.8929530311947813,0.772218469468755,True,FULL,FULL_exp_d_rank_4
146,0.13,1.5599999999999998,0.68,0.5633333333333334,0.5633333333333334,0.1951982739754749,3.2051282051282053,0.7585316073088083,31.88575510060682,0.5633333333333334,0.4533576794533805,3.2051282051282053,1.016691012786714,25.314876408582023,0.2581594054779056,0.2581594054779056,0.2581594054779056,0.2581594054779056,-6.570878692024795,6.570878692024795,0.05344337086609741,0.03249092770427471,0.43771289675122516,True,FULL,FULL_exp_d_rank_4
147,1.84,3.1775,4.39,3.69,3.69,48.191526905344915,1.5735641227380015,51.88152690534491,1.779339325853626,3.69,0.9467901008443058,1.5735641227380015,4.636790100844306,2.7380154053493397,-47.24473680450061,47.24473680450061,-47.244736804500604,47.244736804500604,0.9586760794957137,0.9586760794957137,0.7980219580464043,0.6298267006040155,0.07391698944942382,True,FULL,FULL_exp_d_rank_4
148,2.23,4.3774999999999995,15.49,14.875,14.875,14.10295307840756,1.142204454597373,28.97795307840756,1.8301286904573817,14.875,45.09536634225608,1.142204454597373,59.97036634225608,1.3424901694322111,30.99241326384852,30.99241326384852,30.99241326384852,30.99241326384852,-0.4876385210251706,0.4876385210251706,0.6147892897290822,0.3638421578543734,0.9536748890305472,True,FULL,FULL_exp_d_rank_4
149,0.18,1.5599999999999998,0.96,0.5433333333333333,0.5433333333333333,0.9264981470545324,3.2051282051282053,1.4698314803878656,14.731251978605432,0.5433333333333333,1.3020980242209097,3.2051282051282053,1.8454313575542431,12.862238951936844,0.3755998771663773,0.3755998771663773,0.37559987716637755,0.37559987716637755,-1.869013026668588,1.869013026668588,0.057000064225400236,0.037182936779740425,0.8475601241378854,True,FULL,FULL_exp_d_rank_4
150,0.4,2.175,5.29,4.25,4.25,3.4798658017251105,2.298850574712644,7.7298658017251105,7.755705088302538,4.25,3.39448579934841,2.298850574712644,7.64448579934841,7.173334796749558,-0.0853800023767004,0.0853800023767004,-0.0853800023767004,0.0853800023767004,-0.5823702915529791,0.5823702915529791,0.07921952999998563,0.038516661576040716,0.9871028579945154,True,FULL,FULL_exp_d_rank_4
151,0.99,3.6125,15.85,14.965,14.965,4.712295648967803,1.384083044982699,19.677295648967803,4.185634509215309,14.965,53.98713804964244,1.384083044982699,68.95213804964244,2.0061501962875936,49.274842400674636,49.274842400674636,49.27484240067464,49.27484240067464,-2.1794843129277157,2.1794843129277157,1.7448424215637544,1.3269417290933236,0.4633457468612179,True,FULL,FULL_exp_d_rank_4
152,1.16,1.9,0.64,0.54,0.54,8.918859589233094,2.6315789473684212,9.458859589233091,2.9158636476035604,0.54,0.669525530146905,2.6315789473684212,1.209525530146905,3.3493290931456907,-8.24933405908619,8.24933405908619,-8.249334059086186,8.249334059086186,0.4334654455421303,0.4334654455421303,0.13368616271062483,0.10377165434779,-0.16073296381614033,True,FULL,FULL_exp_d_rank_4
153,1.3,2.566666666666667,4.2,3.9333333333333336,3.9333333333333336,6.732843008196392,1.948051948051948,10.666176341529724,2.832743127876559,3.9333333333333336,0.8365511272542214,1.948051948051948,4.769884460587555,3.801377628989037,-5.8962918809421705,5.8962918809421705,-5.896291880942169,5.896291880942169,0.968634501112478,0.968634501112478,0.20219918515802335,0.15765261056925334,0.9299317659488561,True,FULL,FULL_exp_d_rank_4
154,5.1,31.453947067343865,14.28,13.490170336848536,13.490170336848536,2.087839211051561,0.1589625616554528,15.578009547900097,0.9263059984631752,13.490170336848536,82.46947640360366,0.1589625616554528,95.9596467404522,0.3346074143282609,80.3816371925521,80.3816371925521,80.3816371925521,80.3816371925521,-0.5916985841349143,0.5916985841349143,8.53752417346446,5.909382115886868,-22.202135750619206,True,FULL,FULL_exp_d_rank_4
155,0.56,1.5599999999999998,0.58,0.4766666666666666,0.4766666666666666,1.2430840918042927,3.2051282051282053,1.7197507584709593,5.0236277196711585,0.4766666666666666,0.7489135447387256,3.2051282051282053,1.2255802114053922,4.809326558975292,-0.49417054706556707,0.49417054706556707,-0.49417054706556707,0.49417054706556707,-0.21430116069586624,0.21430116069586624,0.04780399539795059,0.03368768911760608,0.7413376004775438,True,FULL,FULL_exp_d_rank_4
156,0.67,2.1775,4.06,3.745,3.745,2.1627193549790276,2.296211251435132,5.907719354979028,5.4890381882934465,3.745,1.2893317920528302,2.296211251435132,5.03433179205283,5.681435321243779,-0.8733875629261973,0.8733875629261973,-0.8733875629261973,0.8733875629261973,0.19239713295033223,0.19239713295033223,0.10005674589466002,0.06887426193057983,0.9751591140638959,True,FULL,FULL_exp_d_rank_4
157,1.32,3.9,14.36,13.5925,13.5925,6.126023681195667,1.2820512820512822,19.718523681195663,3.032176279008363,13.5925,29.342780401289836,1.2820512820512822,42.93528040128984,1.8470210331253392,23.216756720094168,23.216756720094168,23.216756720094175,23.216756720094175,-1.1851552458830237,1.1851552458830237,0.5378276668082561,0.4387046097420614,0.9466697809834477,True,FULL,FULL_exp_d_rank_4
158,0.17,1.6233333333333333,1.0,0.5720000000000001,0.5720000000000001,0.8749487231528226,3.080082135523614,1.4469487231528226,16.31818533574024,0.5720000000000001,1.202025531040955,3.080082135523614,1.7740255310409554,14.470777443648185,0.32707680788813254,0.32707680788813254,0.32707680788813276,0.32707680788813276,-1.847407892092054,1.847407892092054,0.05495256182112891,0.03514359953950042,0.8617752370299807,True,FULL,FULL_exp_d_rank_4
159,0.32,2.1825,5.06,4.11975,4.11975,2.410582651104151,2.290950744558992,6.530332651104151,10.626543938716322,4.11975,1.4909297390391458,2.290950744558992,5.610679739039146,11.464605704964177,-0.919652912065005,0.919652912065005,-0.919652912065005,0.919652912065005,0.8380617662478542,0.8380617662478542,0.15626291550644403,0.09992114787052808,0.9361191378203784,True,FULL,FULL_exp_d_rank_4
160,1.07,3.895,14.3,13.0025,13.0025,7.31537030166651,1.2836970474967908,20.31787030166651,3.3651116062820727,13.0025,23.24729967873504,1.2836970474967908,36.24979967873504,2.2040817341117145,15.93192937706853,15.93192937706853,15.931929377068528,15.931929377068528,-1.1610298721703582,1.1610298721703582,0.6197615749612031,0.47999970399281056,0.9164464909756864,True,FULL,FULL_exp_d_rank_4
161,0.1,1.5666666666666669,0.85,0.5843333333333334,0.5843333333333334,0.3978559436075378,3.191489361702127,0.9821892769408712,37.33548887229885,0.5843333333333334,0.5933257956069611,3.191489361702127,1.1776591289402945,33.58188266552086,0.1954698519994233,0.1954698519994233,0.19546985199942324,0.19546985199942324,-3.753606206777995,3.753606206777995,0.04433883768220358,0.026437640623145128,0.7940743427844201,True,FULL,FULL_exp_d_rank_4
162,0.24,2.175,6.09,4.409,4.409,3.4511384121172206,2.298850574712644,7.86013841211722,13.515323404054092,4.409,2.115955514931827,2.298850574712644,6.524955514931827,14.730748144711832,-1.3351828971853936,1.3351828971853936,-1.3351828971853932,1.3351828971853932,1.21542474065774,1.21542474065774,0.25808878868653506,0.16045740979569653,0.8782846938855455,True,FULL,FULL_exp_d_rank_4
163,0.5,3.8625,16.89,15.2325,15.2325,3.655467066441505,1.2944983818770228,18.887967066441504,8.601598077321363,15.2325,7.688566010379057,1.2944983818770228,22.921066010379057,6.795382832779478,4.033098943937553,4.033098943937553,4.033098943937553,4.033098943937553,-1.8062152445418844,1.8062152445418844,0.6375672947585465,0.40372576383251846,0.8930302520448035,True,FULL,FULL_exp_d_rank_4
164,0.07,1.5566666666666666,0.85,0.5843333333333334,0.5843333333333334,0.3510048045966245,3.211991434689508,0.935338137929958,59.36701870371923,0.5843333333333334,0.3745326050974175,3.211991434689508,0.9588659384307509,57.970878035196144,0.023527800500793006,0.023527800500793006,0.02352780050079284,0.02352780050079284,-1.3961406685230884,1.3961406685230884,0.0056814069822649655,0.0033196970253449223,0.9963682102632732,True,FULL,FULL_exp_d_rank_4
165,0.23,2.1675,5.85,4.43275,4.43275,2.80147060168731,2.306805074971165,7.23422060168731,14.978792929839672,4.43275,1.0476598239315873,2.306805074971165,5.480409823931588,18.568694310639486,-1.7538107777557226,1.7538107777557226,-1.7538107777557226,1.7538107777557226,3.589901380799814,3.589901380799814,0.33745231165010814,0.20859321468225797,0.7540781659057587,True,FULL,FULL_exp_d_rank_4
166,0.75,3.8625,16.87,15.795,15.795,3.4935563581594646,1.2944983818770228,19.288556358159465,5.80409010742513,15.795,28.75756304460611,1.2944983818770228,44.55256304460611,2.997915485787788,25.264006686446642,25.264006686446642,25.264006686446645,25.264006686446645,-2.8061746216373415,2.8061746216373415,2.36238934312646,1.634544341925838,-0.11955315028387448,True,FULL,FULL_exp_d_rank_4
167,0.17,1.5599999999999998,0.8,0.5579999999999999,0.5579999999999999,0.4953159279041487,3.2051282051282053,1.0533159279041486,18.51576110820791,0.5579999999999999,0.83660753472289,3.2051282051282053,1.39460753472289,15.47128719292652,0.34129160681874127,0.34129160681874127,0.34129160681874127,0.34129160681874127,-3.044473915281392,3.044473915281392,0.05821592090012666,0.03706038208405775,0.6605646414997717,True,FULL,FULL_exp_d_rank_4
168,1.11,2.563333333333333,4.61,4.293333333333333,4.293333333333333,4.918051194692046,1.950585175552666,9.21138452802538,3.258019017990617,4.293333333333333,1.1541941258534631,1.950585175552666,5.447527459186796,3.994270832897562,-3.7638570688385826,3.7638570688385826,-3.7638570688385844,3.7638570688385844,0.7362518149069448,0.7362518149069448,0.1883772234988638,0.1429091127577281,0.9451798756713562,True,FULL,FULL_exp_d_rank_4
169,3.93,4.553333333333334,16.61,16.513333333333332,16.513333333333332,14.198414912137522,1.0980966325036603,30.711748245470854,1.4757256498343354,16.513333333333332,117.8260555633884,1.0980966325036603,134.33938889672174,1.141287000380811,103.62764065125087,103.62764065125087,103.62764065125089,103.62764065125089,-0.3344386494535243,0.3344386494535243,0.5687155819699917,0.32044875801865996,0.9656010698415676,True,FULL,FULL_exp_d_rank_4
170,0.19,1.5533333333333337,0.76,0.5436666666666666,0.5436666666666666,0.4848535368761771,3.218884120171673,1.0285202035428438,16.275028887164293,0.5436666666666666,0.8320464340155033,3.218884120171673,1.37571310068217,13.35355210167421,0.34719289713932616,0.34719289713932616,0.3471928971393261,0.3471928971393261,-2.921476785490084,2.921476785490084,0.05329058726063689,0.03457782869654198,0.6888614312262944,True,FULL,FULL_exp_d_rank_4
171,0.32,2.17,4.74,4.0465,4.0465,1.7565900119017304,2.3041474654377883,5.80309001190173,11.4900793995,4.0465,0.7297718794473527,2.3041474654377883,4.776271879447353,13.75945765425428,-1.0268181324543777,1.0268181324543777,-1.0268181324543777,1.0268181324543777,2.2693782547542796,2.2693782547542796,0.16481622827718964,0.10473564103532657,0.9171830667593375,True,FULL,FULL_exp_d_rank_4
172,1.88,4.13,15.76,14.8875,14.8875,14.997831291761866,1.2106537530266344,29.885331291761865,2.0220034481788933,14.8875,55.76868208626435,1.2106537530266344,70.65618208626435,1.4221580815315118,40.77085079450248,40.77085079450248,40.770850794502486,40.770850794502486,-0.5998453666473815,0.5998453666473815,0.6021836916066668,0.3668083288556204,0.9538719650182235,True,FULL,FULL_exp_d_rank_4
173,0.23,1.5666666666666669,0.81,0.5826666666666666,0.5826666666666666,0.6080845262035995,3.191489361702127,1.190751192870266,12.675105003139644,0.5826666666666666,0.8750779316828211,3.191489361702127,1.4577445983494877,10.649614482188174,0.26699340547922157,0.26699340547922157,0.26699340547922157,0.26699340547922157,-2.02549052095147,2.02549052095147,0.03071392117804576,0.020583682503242846,0.9164955202613138,True,FULL,FULL_exp_d_rank_4
174,0.27,2.18,5.18,4.452999999999999,4.452999999999999,1.5717255574854088,2.293577981651376,6.024725557485408,14.53141002624948,4.452999999999999,0.1643175294011198,2.293577981651376,4.617317529401119,23.22235960504352,-1.4074080280842889,1.4074080280842889,-1.4074080280842889,1.4074080280842889,8.690949578794038,8.690949578794038,0.24662829292321425,0.1538715926746022,0.8267499188964452,True,FULL,FULL_exp_d_rank_4
175,1.85,4.1125,17.29,16.4125,16.4125,14.29966321375646,1.21580547112462,30.71216321375646,2.100213453400296,16.4125,91.8516265370594,1.21580547112462,108.2641265370594,1.3686991485472058,77.55196332330294,77.55196332330294,77.55196332330294,77.55196332330294,-0.7315143048530903,0.7315143048530903,0.6241263136359299,0.420094501981461,0.9587101890153114,True,FULL,FULL_exp_d_rank_4
176,0.65,1.5766666666666669,0.57,0.478,0.478,1.612273609680621,3.1712473572938684,2.090273609680621,4.48569879514461,0.478,0.7183553511475755,3.1712473572938684,1.1963553511475755,4.491425465791272,-0.8939182585330454,0.8939182585330454,-0.8939182585330454,0.8939182585330454,0.00572667064666188,0.00572667064666188,0.05616970350047594,0.041051376379009456,0.6572477135387,True,FULL,FULL_exp_d_rank_4
177,1.47,2.6333333333333333,3.8,3.616,3.616,6.14964024424423,1.89873417721519,9.76564024424423,2.66832825839853,3.616,0.2809543632287301,1.89873417721519,3.8969543632287302,4.233090055542771,-5.8686858810155,5.8686858810155,-5.8686858810155,5.8686858810155,1.5647617971442411,1.5647617971442411,0.14174600259295853,0.11160811432121578,0.9603564709676243,True,FULL,FULL_exp_d_rank_4
178,2.12,4.1575,13.69,12.965,12.965,17.833183532648366,1.2026458208057729,30.79818353264837,1.8070468059221405,12.965,29.876740564328063,1.2026458208057729,42.84174056432806,1.4660941427581264,12.043557031679697,12.043557031679697,12.043557031679693,12.043557031679693,-0.34095266316401407,0.34095266316401407,0.6606888469523932,0.41493155333901854,0.9306348667136616,True,FULL,FULL_exp_d_rank_4
179,0.48,1.5666666666666669,0.88,0.6386666666666666,0.6386666666666666,2.2710172374402005,3.191489361702127,2.909683904106867,5.11752583659357,0.6386666666666666,1.0620770286422028,3.191489361702127,1.7007436953088693,5.182339527313145,-1.2089402087979977,1.2089402087979977,-1.2089402087979977,1.2089402087979977,0.06481369071957488,0.06481369071957488,0.0972156645856876,0.06958173168154302,0.5298471333897603,True,FULL,FULL_exp_d_rank_4
181,0.9,3.925,17.84,14.94,14.94,13.029435602700998,1.2738853503184715,27.969435602700997,3.4621547532157915,14.94,63.34317977806617,1.2738853503184715,78.28317977806617,2.023178288915115,50.31374417536517,50.31374417536517,50.31374417536517,50.31374417536517,-1.4389764643006764,1.4389764643006764,2.3687931429212963,1.7781426595365641,0.10648018156649175,True,FULL,FULL_exp_d_rank_4
182,0.22,1.49,0.66,0.4575,0.4575,0.5513217275318822,3.3557046979865772,1.0088217275318825,12.75282127395527,0.4575,0.9633602695759138,3.3557046979865772,1.4208602695759138,10.155409561885955,0.41203854204403156,0.41203854204403156,0.41203854204403134,0.41203854204403134,-2.5974117120693148,2.5974117120693148,0.048364901186837124,0.032820957576595436,0.7061664846624669,True,FULL,FULL_exp_d_rank_4
184,3.98,4.75,15.12,14.85,14.85,45.661479023586836,1.0526315789473684,60.51147902358684,1.247654255784918,14.85,62.443008162461375,1.0526315789473684,77.29300816246138,1.122350427556139,16.78152913887454,16.78152913887454,16.78152913887454,16.78152913887454,-0.12530382822877906,0.12530382822877906,0.8564939376577522,0.5494824226242153,0.9027120529175865,True,FULL,FULL_exp_d_rank_4
185,0.13,1.5666666666666669,1.09,0.5446666666666667,0.5446666666666667,0.9576325699215577,3.191489361702127,1.5022992365882244,21.905585532286455,0.5446666666666667,1.3315176317831503,3.191489361702127,1.8761842984498172,19.91311816059384,0.37388506186159265,0.37388506186159265,0.37388506186159276,0.37388506186159276,-1.9924673716926158,1.9924673716926158,0.07470356146260784,0.04609805772923477,0.812933756163396,True,FULL,FULL_exp_d_rank_4
186,0.28,2.1775,5.16,3.81425,3.81425,3.130431077528114,2.296211251435132,6.944681077528114,11.220553160809676,3.81425,1.8823778086893683,2.296211251435132,5.696627808689368,12.222478812165695,-1.2480532688387456,1.2480532688387456,-1.2480532688387456,1.2480532688387456,1.0019256513560197,1.0019256513560197,0.2237619491507952,0.14160381363824118,0.8780970235105591,True,FULL,FULL_exp_d_rank_4
187,0.7,3.88,16.09,11.71,11.71,14.993697153202367,1.288659793814433,26.70369715320237,3.931657649182005,11.71,32.29208678518855,1.288659793814433,44.00208678518855,2.879048089334997,17.298389631986183,17.298389631986183,17.298389631986183,17.298389631986183,-1.0526095598470082,1.0526095598470082,1.4069653542963698,1.001632634304304,0.5977456917908409,True,FULL,FULL_exp_d_rank_4
188,1.1,2.06,0.64,0.593,0.593,1.513280437089641,2.4271844660194173,2.1062804370896413,3.268679989536249,0.593,0.4438680506532146,2.4271844660194173,1.0368680506532146,3.542116361195797,-1.0694123864364264,1.0694123864364264,-1.0694123864364267,1.0694123864364267,0.2734363716595478,0.2734363716595478,0.044943619693676176,0.0339053358712324,0.8524929717854663,True,FULL,FULL_exp_d_rank_4
189,3.11,3.85,4.79,4.4285,4.4285,105.61771145632456,1.2987012987012987,110.04621145632456,1.3813754414682702,4.4285,0.1510258986166839,1.2987012987012987,4.579525898616684,2.621638303503541,-105.46668555770788,105.46668555770788,-105.46668555770788,105.46668555770788,1.2402628620352707,1.2402628620352707,0.7271620350332904,0.5222009550654643,0.31926190023547363,True,FULL,FULL_exp_d_rank_4
190,2.95,4.833333333333333,17.57,15.660000000000002,15.660000000000002,133.5433516563727,1.0344827586206895,149.2033516563727,1.194201194728314,15.660000000000002,92.48891166650164,1.0344827586206895,108.14891166650165,1.112001515462604,-41.05443998987106,41.05443998987106,-41.05443998987104,41.05443998987104,-0.08219967926571004,0.08219967926571004,2.584697365939301,1.9496541269963636,0.37887521768328647,True,FULL,FULL_exp_d_rank_4
191,0.1,1.64,1.15,0.5823333333333333,0.5823333333333333,0.8468851223123651,3.048780487804878,1.4292184556456984,32.276683117014976,0.5823333333333333,0.9809592373487316,3.048780487804878,1.5632925706820648,30.854316195079168,0.13407411503636646,0.13407411503636646,0.13407411503636646,0.13407411503636646,-1.422366921935808,1.422366921935808,0.030263712585501996,0.01808381321034145,0.9691204303509062,True,FULL,FULL_exp_d_rank_4
192,0.26,2.06,5.06,2.78625,2.78625,5.537602820988881,2.4271844660194173,8.323852820988881,9.67711986223781,2.78625,4.998937393767703,2.4271844660194173,7.7851873937677025,9.295722743889216,-0.5386654272211784,0.5386654272211784,-0.5386654272211784,0.5386654272211784,-0.3813971183485929,0.3813971183485929,0.1289261018146474,0.07630588902523047,0.9741656355350832,True,FULL,FULL_exp_d_rank_4
193,0.48,3.91,15.79,12.4225,12.4225,7.40432598861948,1.278772378516624,19.82682598861948,7.151633571136485,12.4225,6.454152550625551,1.278772378516624,18.87665255062555,7.079959335584488,-0.9501734379939286,0.9501734379939286,-0.9501734379939286,0.9501734379939286,-0.07167423555199726,0.07167423555199726,0.21445206468031064,0.12844220786510693,0.9867329308344682,True,FULL,FULL_exp_d_rank_4
194,0.47,1.5599999999999998,0.9,0.6583333333333333,0.6583333333333333,2.1587521490528645,3.2051282051282053,2.8170854823861977,5.267358968714256,0.6583333333333333,1.0515035571783289,3.2051282051282053,1.709836890511662,5.316128373429585,-1.1072485918745356,1.1072485918745356,-1.1072485918745356,1.1072485918745356,0.04876940471532887,0.04876940471532887,0.09381352897853618,0.06679453180143026,0.5737876069933883,True,FULL,FULL_exp_d_rank_4
195,0.49,2.1875,5.79,4.2505,4.2505,7.336962282580967,2.2857142857142856,11.587462282580969,5.320972461121309,4.2505,7.737481996717249,2.2857142857142856,11.987981996717249,4.611748747127242,0.40051971413628173,0.40051971413628173,0.40051971413627996,0.40051971413627996,-0.7092237139940671,0.7092237139940671,0.18140948275628713,0.09239260872984537,0.9540018433008752,True,FULL,FULL_exp_d_rank_4
196,1.09,3.86,17.51,14.9375,14.9375,16.553387035413166,1.2953367875647668,31.490887035413166,2.8169440230151195,14.9375,84.0908023741078,1.2953367875647668,99.0283023741078,1.688561125788574,67.53741533869463,67.53741533869463,67.53741533869463,67.53741533869463,-1.1283828972265455,1.1283828972265455,1.263329641719125,1.0066568625611783,0.7698976943238725,True,FULL,FULL_exp_d_rank_4
197,0.14,2.0725,0.99,0.65575,0.65575,0.5146811885872504,2.4125452352231607,1.1704311885872505,25.510159206488257,0.65575,0.57174113943749,2.4125452352231607,1.22749113943749,24.396954633377344,0.05705995085023963,0.05705995085023963,0.05705995085023963,0.05705995085023963,-1.113204573110913,1.113204573110913,0.012182614182644977,0.007328264302385771,0.9894667121316617,True,FULL,FULL_exp_d_rank_4
199,2.66,4.3725000000000005,17.29,16.490000000000002,16.490000000000002,37.39926722177272,1.1435105774728416,53.88926722177272,1.504191322919805,16.490000000000002,106.21991023885064,1.1435105774728416,122.70991023885064,1.2230399244114512,68.82064301707793,68.82064301707793,68.82064301707791,68.82064301707791,-0.2811513985083538,0.2811513985083538,1.1412996152468713,0.7825413992383549,0.8800296501514994,True,FULL,FULL_exp_d_rank_4
200,1.09,1.85,0.51,0.452,0.452,3.5013968656521643,2.702702702702702,3.953396865652164,3.161464776235545,0.452,0.5959586201088845,2.702702702702702,1.0479586201088844,3.4424934565034304,-2.90543824554328,2.90543824554328,-2.9054382455432792,2.9054382455432792,0.28102868026788563,0.28102868026788563,0.07114940814764872,0.054618382030353,0.4311264919083724,True,FULL,FULL_exp_d_rank_4
201,4.54,28.00018033053748,3.73,3.372542584212134,3.372542584212134,0.9705608512144872,0.178570278511632,4.343103435426621,0.8969826858645201,3.372542584212134,13.682890965557302,0.178570278511632,17.055433549769436,0.4103837093978877,12.712330114342816,12.712330114342816,12.712330114342816,12.712330114342816,-0.4865989764666324,0.4865989764666324,1.4120749884363821,0.9710380075968041,-8.295523061331528,True,FULL,FULL_exp_d_rank_4
202,5.68,6.0,13.66,13.51,13.51,45.684267603740025,0.8333333333333334,59.19426760374002,0.9611956816495174,13.51,35.877773783518776,0.8333333333333334,49.387773783518774,0.9039112067400428,-9.806493820221249,9.806493820221249,-9.806493820221249,9.806493820221249,-0.057284474909474636,0.057284474909474636,0.6821414859924431,0.41966669357297853,0.9204360352582597,True,FULL,FULL_exp_d_rank_4
203,8.16,15.0,0.64,0.4826666666666666,0.4826666666666666,11.163229285157737,0.3333333333333333,11.645895951824402,0.3680224492093827,0.4826666666666666,12.335523017433069,0.3333333333333333,12.818189684099735,0.3407247686278413,1.1722937322753317,1.1722937322753317,1.1722937322753335,1.1722937322753335,-0.027297680581541417,0.027297680581541417,0.16816946890911919,0.12852476574786365,-0.6597421869391114,True,FULL,FULL_exp_d_rank_4
204,9.63,15.0,1.15,0.9263333333333332,0.9263333333333332,31.67109901569681,0.3333333333333333,32.59743234903014,0.356302565715436,0.9263333333333332,23.820562940278865,0.3333333333333333,24.746896273612197,0.3390655643793149,-7.850536075417946,7.850536075417946,-7.850536075417946,7.850536075417946,-0.017237001336121105,0.017237001336121105,0.3369189849154932,0.256986915116983,-0.846361604235075,True,FULL,FULL_exp_d_rank_4
205,8.17,15.0,1.67,1.391,1.391,14.757831874738754,0.3333333333333333,16.148831874738754,0.3859250855203011,1.391,14.829712048143277,0.3333333333333333,16.220712048143277,0.350428950947055,0.0718801734045229,0.0718801734045229,0.0718801734045229,0.0718801734045229,-0.035496134573246074,0.035496134573246074,0.2944195322884659,0.22139379164053005,0.08870823430733021,True,FULL,FULL_exp_d_rank_4
206,7.68,15.0,2.36,1.9943333333333333,1.9943333333333333,14.016889640854824,0.3333333333333333,16.011222974188158,0.404258783461519,1.9943333333333333,13.441807928210595,0.3333333333333333,15.436141261543929,0.362138869122765,-0.5750817126442289,0.5750817126442289,-0.5750817126442289,0.5750817126442289,-0.042119914338754005,0.042119914338754005,0.336375412491287,0.24877486587561368,0.3671185827954675,True,FULL,FULL_exp_d_rank_4
207,12.65,17.5,2.87,2.478,2.478,85.54466261294648,0.2857142857142857,88.02266261294648,0.3027127732951231,2.478,211.8564203843451,0.2857142857142857,214.33442038434515,0.2869841083766277,126.31175777139863,126.31175777139863,126.31175777139867,126.31175777139867,-0.015728664918495394,0.015728664918495394,0.7520887322541225,0.5442783310338245,-0.6267623491239973,True,FULL,FULL_exp_d_rank_4
209,0.55,3.75,0.015,0.014,0.014,0.0024195869070291,1.3333333333333333,0.0164195869070291,8.395940887010124,0.014,0.0290329537164975,1.3333333333333333,0.0430329537164975,4.084205896588527,0.0266133668094684,0.0266133668094684,0.026613366809468398,0.026613366809468398,-4.311734990421597,4.311734990421597,0.003623401494792679,0.0023953089740348767,-3.0452193819078843,True,FULL,FULL_exp_d_rank_4
210,0.73,3.75,0.017,0.0155,0.0155,0.0049950016940742,1.3333333333333333,0.0204950016940742,5.436911505105911,0.0155,0.0476827766053879,1.3333333333333333,0.0631827766053879,2.6702566063435857,0.0426877749113137,0.0426877749113137,0.0426877749113137,0.0426877749113137,-2.7666548987623254,2.7666548987623254,0.0035926877058749924,0.0025478894161077735,-1.5466707704847424,True,FULL,FULL_exp_d_rank_4
211,0.73,3.75,0.031,0.0205,0.0205,0.0421170527109933,1.3333333333333333,0.0626170527109933,3.3538139443417307,0.0205,0.2639932609636646,1.3333333333333333,0.2844932609636646,1.9716657367332016,0.2218762082526713,0.2218762082526713,0.22187620825267132,0.22187620825267132,-1.3821482076085292,1.3821482076085292,0.011352945189607958,0.008549073618792901,-4.904146361974702,True,FULL,FULL_exp_d_rank_4
212,0.56,4.25,0.032,0.0305,0.0305,0.0032729190185453,1.1764705882352942,0.0337729190185453,9.217143579218789,0.0305,0.1310874951651928,1.1764705882352942,0.1615874951651928,3.493611259801207,0.1278145761466475,0.1278145761466475,0.12781457614664749,0.12781457614664749,-5.723532319417582,5.723532319417582,0.018661783602784053,0.012266898702633889,-24.271857998362496,True,FULL,FULL_exp_d_rank_4
213,0.61,4.25,0.036,0.032,0.032,0.0097117896904809,1.1764705882352942,0.0417117896904809,6.613265489413038,0.032,0.179110184026284,1.1764705882352942,0.211110184026284,2.956677693822984,0.16939839433580312,0.16939839433580312,0.16939839433580312,0.16939839433580312,-3.6565877955900543,3.6565877955900543,0.021726312540776973,0.014645414681334994,-24.60504878590644,True,FULL,FULL_exp_d_rank_4
214,0.8,4.25,0.041,0.0365,0.0365,0.0146135447707714,1.1764705882352942,0.0511135447707714,4.687843076991533,0.0365,0.2170625666146226,1.1764705882352942,0.2535625666146226,2.0876547939510086,0.2024490218438512,0.2024490218438512,0.20244902184385122,0.20244902184385122,-2.6001882830405245,2.6001882830405245,0.015839808311974003,0.011403779103217316,-7.728279081015328,True,FULL,FULL_exp_d_rank_4
215,0.85,4.25,0.053,0.0412499999999999,0.0412499999999999,0.0449535990108785,1.1764705882352942,0.0862035990108784,3.4008265344224067,0.0412499999999999,0.3515098293574939,1.1764705882352942,0.3927598293574938,1.8209252100083384,0.3065562303466154,0.3065562303466154,0.3065562303466154,0.3065562303466154,-1.5799013244140683,1.5799013244140683,0.017432084022142552,0.012996075311848274,-4.754384783797941,True,FULL,FULL_exp_d_rank_4
216,1.18,4.75,0.072,0.06875,0.06875,0.0144953537063408,1.0526315789473684,0.0832453537063408,3.803418428356459,0.06875,0.3077312739123164,1.0526315789473684,0.3764812739123165,1.553190080546681,0.2932359202059756,0.2932359202059756,0.2932359202059757,0.2932359202059757,-2.250228347809778,2.250228347809778,0.012934119442206123,0.009656713778210065,-0.5429557408591903,True,FULL,FULL_exp_d_rank_4
217,1.07,4.75,0.082,0.07425,0.07425,0.0316745022212473,1.0526315789473684,0.1059245022212473,3.494012368300583,0.07425,0.3644567097380556,1.0526315789473684,0.4387067097380556,1.6407429945952978,0.3327822075168083,0.3327822075168083,0.3327822075168083,0.3327822075168083,-1.8532693737052852,1.8532693737052852,0.0175932885242284,0.013088840268623279,-1.3635354426704045,True,FULL,FULL_exp_d_rank_4
218,0.99,4.75,0.091,0.0815,0.0815,0.0350845623553453,1.0526315789473684,0.1165845623553453,3.740061038065954,0.0815,0.3902382771490507,1.0526315789473684,0.4717382771490507,1.76801825577743,0.3551537147937054,0.3551537147937054,0.3551537147937054,0.3551537147937054,-1.9720427822885238,1.9720427822885238,0.02302091919075593,0.016860264399242684,-2.4796785662452177,True,FULL,FULL_exp_d_rank_4
219,1.33,4.75,0.123,0.109,0.109,0.0845437839006371,1.0526315789473684,0.1935437839006371,2.512415047002486,0.109,0.4757056348343559,1.0526315789473684,0.5847056348343559,1.4469975533948098,0.3911618509337188,0.3911618509337188,0.3911618509337188,0.3911618509337188,-1.0654174936076763,1.0654174936076763,0.00981397063137416,0.007666431673211012,0.7185629027415255,True,FULL,FULL_exp_d_rank_4
220,0.57,3.0,0.057,0.045,0.045,0.0423378142666348,1.6666666666666667,0.0873378142666348,5.252909248352316,0.045,0.4652148972892975,1.6666666666666667,0.5102148972892975,2.6267858021268444,0.4228770830226627,0.4228770830226627,0.4228770830226627,0.4228770830226627,-2.626123446225472,2.626123446225472,0.02710676971671034,0.0199667065332909,-11.572687134971023,True,FULL,FULL_exp_d_rank_4
221,0.74,3.0,0.052,0.0426666666666666,0.0426666666666666,0.0483380999196384,1.6666666666666667,0.091004766586305,3.990648101805694,0.0426666666666666,0.4230567702487714,1.6666666666666667,0.465723436915438,2.1244992068495057,0.37471867032913303,0.37471867032913303,0.374718670329133,0.374718670329133,-1.8661488949561882,1.8661488949561882,0.009453181330890037,0.007411109259307523,-0.5861509964815814,True,FULL,FULL_exp_d_rank_4
222,1.17,3.75,0.042,0.037,0.037,0.0379972465016185,1.3333333333333333,0.0749972465016185,2.7555455668379523,0.037,0.2737334024652424,1.3333333333333333,0.3107334024652424,1.5946727896794572,0.2357361559636239,0.2357361559636239,0.2357361559636239,0.2357361559636239,-1.160872777158495,1.160872777158495,0.002640934513206138,0.0021764019927630104,0.837067587843652,True,FULL,FULL_exp_d_rank_4
223,2.7,4.333333333333333,0.036,0.0356666666666666,0.0356666666666666,0.012315781767816,1.153846153846154,0.0479824484344826,2.0063850757344786,0.0356666666666666,0.1834712163170791,1.153846153846154,0.2191378829837457,1.2489843848895,0.1711554345492631,0.1711554345492631,0.1711554345492631,0.1711554345492631,-0.7574006908449786,0.7574006908449786,0.0014037093397268755,0.000849802898247681,0.9592559533397641,True,FULL,FULL_exp_d_rank_4
224,0.75,3.5,0.022,0.02125,0.02125,0.0026705992767688,1.4285714285714286,0.0239205992767688,6.637578410976577,0.02125,0.0968380671652514,1.4285714285714286,0.1180880671652514,2.365526122357735,0.0941674678884826,0.0941674678884826,0.0941674678884826,0.0941674678884826,-4.272052288618841,4.272052288618841,0.006082084198106756,0.00441071517224568,-3.120401233153424,True,FULL,FULL_exp_d_rank_4
225,1.15,3.5,0.021,0.02,0.02,0.0073958891535081,1.4285714285714286,0.0273958891535081,3.6113543932907137,0.02,0.0940219827900542,1.4285714285714286,0.1140219827900543,1.794662420368242,0.08662609363654611,0.08662609363654611,0.08662609363654619,0.08662609363654619,-1.8166919729224718,1.8166919729224718,0.0014874052219079608,0.001201048093273833,0.8052225591571245,True,FULL,FULL_exp_d_rank_4
226,1.1,3.5,0.02,0.01925,0.01925,0.004956977641193,1.4285714285714286,0.024206977641193,4.054827267846036,0.01925,0.0824542280858183,1.4285714285714286,0.1017042280858183,1.858498017976541,0.0774972504446253,0.0774972504446253,0.0774972504446253,0.0774972504446253,-2.1963292498694953,2.1963292498694953,0.0017174650329391326,0.0013596346769525233,0.7029553699209143,True,FULL,FULL_exp_d_rank_4
227,1.25,3.5,0.019,0.01875,0.01875,0.0019847706438796,1.4285714285714286,0.0207347706438796,4.418502888206739,0.01875,0.0706712997428935,1.4285714285714286,0.0894212997428935,1.8030872120372416,0.0686865290990139,0.0686865290990139,0.0686865290990139,0.0686865290990139,-2.6154156761694978,2.6154156761694978,0.0012761262717631964,0.00104262094098158,0.824922256678504,True,FULL,FULL_exp_d_rank_4
228,0.7,3.0,0.059,0.0456666666666666,0.0456666666666666,0.0656740182268081,1.6666666666666667,0.1113406848934747,3.9285722676402535,0.0456666666666666,0.49251217432006,1.6666666666666667,0.5381788409867266,2.171002828824299,0.42683815609325193,0.42683815609325193,0.42683815609325193,0.42683815609325193,-1.7575694388159544,1.7575694388159544,0.012205950139319754,0.009540429947918325,-1.0582538308213683,True,FULL,FULL_exp_d_rank_4
229,0.8,3.75,0.039,0.03775,0.03775,0.0044128695173391,1.3333333333333333,0.0421628695173391,6.31959788609588,0.03775,0.2073316909460963,1.3333333333333333,0.2450816909460963,2.125085305481548,0.2029188214287572,0.2029188214287572,0.2029188214287572,0.2029188214287572,-4.194512580614332,4.194512580614332,0.012525341975694163,0.009135766246136684,-4.59383501847976,True,FULL,FULL_exp_d_rank_4
230,1.1,3.75,0.031,0.03025,0.03025,0.004226216061608,1.3333333333333333,0.034476216061608,4.574641618565765,0.03025,0.1566225022180609,1.3333333333333333,0.1868725022180609,1.7313292456617937,0.1523962861564529,0.1523962861564529,0.1523962861564529,0.1523962861564529,-2.843312372903971,2.843312372903971,0.003962157134453119,0.003073772476330698,0.29297699926172194,True,FULL,FULL_exp_d_rank_4
234,0.99,3.0,0.523,0.4803333333333333,0.4803333333333333,0.3422582854093307,1.6666666666666667,0.822591618742664,3.6102895519762694,0.4803333333333333,0.4008586705585245,1.6666666666666667,0.8811920038918578,3.083862483588217,0.0586003851491938,0.0586003851491938,0.05860038514919386,0.05860038514919386,-0.5264270683880525,0.5264270683880525,0.012626598509741703,0.006557077438213301,0.9772278353924326,True,FULL,FULL_exp_d_rank_4
235,1.49,3.0,0.929,0.87,0.87,1.3911680147990315,1.6666666666666667,2.261168014799032,2.4688599946843404,0.87,0.2098554882424533,1.6666666666666667,1.0798554882424534,3.2049432601453116,-1.1813125265565783,1.1813125265565783,-1.1813125265565785,1.1813125265565785,0.7360832654609712,0.7360832654609712,0.043718872360882934,0.033946192305821736,0.9324552925855744,True,FULL,FULL_exp_d_rank_4
236,2.48,3.5,1.278,1.2245,1.2245,4.974718816480315,1.4285714285714286,6.199218816480315,1.7047169871616714,1.2245,0.048760915863494,1.4285714285714286,1.273260915863494,3.049875119194609,-4.925957900616821,4.925957900616821,-4.925957900616821,4.925957900616821,1.3451581320329375,1.3451581320329375,0.061580518171470505,0.0468010665520897,0.9323416743537751,True,FULL,FULL_exp_d_rank_4
238,1.16,3.0,0.606,0.5299999999999999,0.5299999999999999,0.9995028593983644,1.6666666666666667,1.5295028593983642,2.6762963684092975,0.5299999999999999,0.4628318582113323,1.6666666666666667,0.9928318582113322,2.759167380980976,-0.536671001187032,0.536671001187032,-0.5366710011870319,0.5366710011870319,0.08287101257167828,0.08287101257167828,0.040138760958995344,0.02895782433082283,0.8406604617007033,True,FULL,FULL_exp_d_rank_4
239,2.0,3.5,0.785,0.745,0.745,1.4880839300345443,1.4285714285714286,2.2330839300345446,1.9471028822830023,0.745,0.2712288764515304,1.4285714285714286,1.0162288764515304,2.3345995745379047,-1.2168550535830138,1.2168550535830138,-1.2168550535830143,1.2168550535830143,0.38749669225490235,0.38749669225490235,0.0404130587217581,0.03140538279972724,0.9248994184546799,True,FULL,FULL_exp_d_rank_4
240,1.84,3.0,1.067,0.9266666666666667,0.9266666666666667,11.34965538746409,1.6666666666666667,12.276322054130755,1.8769974838423913,0.9266666666666667,0.3805536085395871,1.6666666666666667,1.3072202752062538,2.573430454470346,-10.969101778924502,10.969101778924502,-10.969101778924502,10.969101778924502,0.6964329706279546,0.6964329706279546,0.18205444375612448,0.14310234378325418,0.18791231893800053,True,FULL,FULL_exp_d_rank_4
241,2.5,3.5,1.53,1.435,1.435,11.191062390354295,1.4285714285714286,12.626062390354296,1.6206039521105755,1.435,0.0067391243447996,1.4285714285714286,1.4417391243447997,3.985207344567509,-11.184323266009496,11.184323266009496,-11.184323266009496,11.184323266009496,2.3646033924569334,2.3646033924569334,0.1131397470417999,0.08649733622735872,0.8355315770626992,True,FULL,FULL_exp_d_rank_4
242,1.28,13.0,0.381,0.236,0.236,0.2798827945510767,0.3846153846153846,0.5158827945510767,2.332154177278262,0.236,0.902807761898894,0.3846153846153846,1.138807761898894,1.749523572313146,0.6229249673478173,0.6229249673478173,0.6229249673478174,0.6229249673478174,-0.582630604965116,0.582630604965116,0.11472502773962265,0.07223169892186702,-3.901184479311226,True,FULL,FULL_exp_d_rank_4
243,1.94,13.0,1.479,1.139,1.139,0.9051763320711632,0.3846153846153846,2.0441763320711632,1.6142343389282214,1.139,0.5129036855760047,0.3846153846153846,1.6519036855760048,1.7761339955689857,-0.3922726464951585,0.3922726464951585,-0.3922726464951585,0.3922726464951585,0.16189965664076422,0.16189965664076422,0.0643664431186332,0.04150261922566159,0.8808378001064409,True,FULL,FULL_exp_d_rank_4
244,2.29,13.0,30.401,2.493,2.493,191.4872115140508,0.3846153846153846,193.9802115140508,0.5794840127037909,2.493,83.96320543476256,0.3846153846153846,86.45620543476255,0.5664557754593799,-107.52400607928826,107.52400607928826,-107.52400607928826,107.52400607928826,-0.013028237244411045,0.013028237244411045,8.2048986690711,5.90231809039972,0.25451448276079025,True,FULL,FULL_exp_d_rank_4
245,3.95,13.0,5.488,4.171,4.171,11.473466241634494,0.3846153846153846,15.644466241634497,0.6512771868667829,4.171,1.5877664147420516,0.3846153846153846,5.758766414742052,0.9359297058111538,-9.885699826892441,9.885699826892441,-9.885699826892445,9.885699826892445,0.2846525189443708,0.2846525189443708,0.6418816474219339,0.47427806986145227,0.44736415054352596,True,FULL,FULL_exp_d_rank_4
246,0.34,13.0,0.306,0.104,0.104,0.238125551076079,0.3846153846153846,0.342125551076079,11.465962069935722,0.104,1.015286355745152,0.3846153846153846,1.1192863557451522,10.35734462584295,0.7771608046690729,0.7771608046690729,0.7771608046690732,0.7771608046690732,-1.108617444092772,1.108617444092772,0.20592631705674505,0.11714012757891641,-13.799340590675303,True,FULL,FULL_exp_d_rank_4
247,0.55,13.0,1.422,0.768,0.768,0.854926430267495,0.3846153846153846,1.622926430267495,6.829794290098721,0.768,0.5584852833907568,0.3846153846153846,1.3264852833907568,7.312064253349097,-0.2964411468767383,0.2964411468767383,-0.2964411468767383,0.2964411468767383,0.48226996325037597,0.48226996325037597,0.07474242536044919,0.04326993125444347,0.8521470083812105,True,FULL,FULL_exp_d_rank_4
248,1.07,13.0,2.417,1.547,1.547,1.4889207977309928,0.3846153846153846,3.0359207977309928,3.0462519251595546,1.547,0.0494771697927465,0.3846153846153846,1.5964771697927465,6.2348041481696965,-1.4394436279382463,1.4394436279382463,-1.4394436279382463,1.4394436279382463,3.188552223010142,3.188552223010142,0.3036126489748288,0.18261917775779218,0.03234119745864661,True,FULL,FULL_exp_d_rank_4
250,0.1,15.0,0.367,0.136,0.136,0.2402542971419538,0.3333333333333333,0.3762542971419538,56.09759499434641,0.136,0.73538831130838,0.3333333333333333,0.87138831130838,52.65371430732671,0.4951340141664262,0.4951340141664262,0.4951340141664262,0.4951340141664262,-3.4438806870197,3.4438806870197,0.1349671372321231,0.07583261435205403,-4.660313325305015,True,FULL,FULL_exp_d_rank_4
251,0.67,15.0,1.297,0.843,0.843,0.5998183417647385,0.3333333333333333,1.4428183417647384,6.0080454699914485,0.843,0.346480158104069,0.3333333333333333,1.189480158104069,6.6394294877459785,-0.25333818366066946,0.25333818366066946,-0.2533381836606694,0.2533381836606694,0.63138401775453,0.63138401775453,0.06327356478761256,0.03672186935615378,0.82518424536619,True,FULL,FULL_exp_d_rank_4
254,0.42,15.0,0.464,0.223,0.223,0.286841251907236,0.3333333333333333,0.509841251907236,9.785018691865965,0.223,0.8466590538501685,0.3333333333333333,1.0696590538501685,8.64003952912758,0.5598178019429325,0.5598178019429325,0.5598178019429325,0.5598178019429325,-1.1449791627383838,1.1449791627383838,0.14753345084523195,0.08410135607175637,-3.825234303342831,True,FULL,FULL_exp_d_rank_4
255,1.34,15.0,1.532,0.812,0.812,1.3202731944591186,0.3333333333333333,2.1322731944591187,2.118955632610797,0.812,1.1497264529964724,0.3333333333333333,1.9617264529964724,2.1086924702961234,-0.17054674146264626,0.17054674146264626,-0.17054674146264626,0.17054674146264626,-0.01026316231467339,0.01026316231467339,0.038134310955621344,0.02290125848425765,0.9735683913049056,True,FULL,FULL_exp_d_rank_4
256,1.56,15.0,2.845,1.821,1.821,2.049502462074934,0.3333333333333333,3.870502462074933,1.917214666999875,1.821,0.2692855591752565,0.3333333333333333,2.0902855591752565,3.070302558012974,-1.7802169028996773,1.7802169028996773,-1.7802169028996766,1.7802169028996766,1.1530878910130988,1.1530878910130988,0.34014610299531295,0.21074447774153515,0.1975116491144835,True,FULL,FULL_exp_d_rank_4
258,2.09,15.0,55.263,3.813,3.813,190.18212243089908,0.3333333333333333,193.99512243089907,0.7174733228095233,3.813,375.70611976867144,0.3333333333333333,379.51911976867143,0.6775911352108935,185.52399733777236,185.52399733777236,185.52399733777236,185.52399733777236,-0.039882187598629715,0.039882187598629715,20.28399332054544,14.02635594301785,-0.40210707275687096,True,FULL,FULL_exp_d_rank_4
284,0.27,1.6652089623887931,2.655,1.3036485066778338,1.3036485066778338,4.61028992899217,3.002626164602998,5.913938435670004,7.913618795998358,1.3036485066778338,3.9074652014040376,3.002626164602998,5.2111137080818715,7.4193014968176385,-0.7028247275881325,0.7028247275881325,-0.7028247275881325,0.7028247275881325,-0.49431729918071987,0.49431729918071987,0.14392837422037455,0.08964000201325968,0.911584087996617,True,FULL,FULL_exp_d_rank_4
285,0.5,3.083720300719987,2.417,0.6555920235894309,0.6555920235894309,7.127781251237852,1.621418128885619,7.783373274827283,3.420782268328867,0.6555920235894309,3.0569534559813274,1.621418128885619,3.712545479570758,3.611858754475832,-4.070827795256524,4.070827795256524,-4.070827795256525,4.070827795256525,0.1910764861469647,0.1910764861469647,0.4708721996951253,0.3230153934987485,0.3819179312504013,True,FULL,FULL_exp_d_rank_4
286,0.88,5.4273477292671775,5.477,2.848434309388562,2.848434309388562,8.806082929225237,0.9212603005031926,11.6545172386138,2.5046228694450243,2.848434309388562,0.6920077759517773,0.9212603005031926,3.5404420853403393,4.604810025720357,-8.11407515327346,8.11407515327346,-8.11407515327346,8.11407515327346,2.1001871562753327,2.1001871562753327,1.0663200577888445,0.715722789183564,-0.24154703292789548,True,FULL,FULL_exp_d_rank_4
287,0.29,1.7885577744175924,3.214,1.959240530267265,1.959240530267265,3.9894927128527247,2.7955484980786536,5.94873324311999,8.412171305906568,1.959240530267265,3.273089757013322,2.7955484980786536,5.232330287280587,8.067931807579537,-0.7164029558394027,0.7164029558394027,-0.7164029558394027,0.7164029558394027,-0.34423949832703116,0.34423949832703116,0.13966682716334028,0.08719710207059432,0.9201701431561171,True,FULL,FULL_exp_d_rank_4
288,0.44,2.7136738646335887,3.179,1.959240530267265,1.959240530267265,3.8637545585443656,1.8425206010063853,5.822995088811631,5.589277438658442,1.959240530267265,1.1644239092224198,1.8425206010063853,3.123664439489685,7.174859115034313,-2.6993306493219458,2.6993306493219458,-2.6993306493219458,2.6993306493219458,1.5855816763758712,1.5855816763758712,0.37451908512469856,0.24963043446144834,0.40248634884844303,True,FULL,FULL_exp_d_rank_4
289,0.44,2.7136738646335887,5.856,2.848434309388562,2.848434309388562,10.290924987900752,1.8425206010063853,13.139359297289314,4.832563228905287,2.848434309388562,5.92375317439318,1.8425206010063853,8.772187483781742,5.006781271253364,-4.367171813507571,4.367171813507571,-4.367171813507571,4.367171813507571,0.1742180423480768,0.1742180423480768,0.6130448777866084,0.40795413420074583,0.6746877317465372,True,FULL,FULL_exp_d_rank_4
291,0.42,2.590325052604789,4.293,1.959240530267265,1.959240530267265,8.144262348078403,1.9302596772447849,10.103502878345669,4.906645401620717,1.959240530267265,3.9809877644057607,1.9302596772447849,5.940228294673026,5.278257468163897,-4.163274583672642,4.163274583672642,-4.163274583672643,4.163274583672643,0.3716120665431797,0.3716120665431797,0.5545565505132322,0.37246051784236905,0.5462373552813515,True,FULL,FULL_exp_d_rank_4
292,0.27,1.6652089623887931,1.816,0.6555920235894309,0.6555920235894309,4.340373544875488,3.002626164602998,4.99596556846492,6.93036783035678,0.6555920235894309,3.439312294580312,3.002626164602998,4.094904318169743,6.521439960792881,-0.9010612502951765,0.9010612502951765,-0.9010612502951769,0.9010612502951769,-0.40892786956389937,0.40892786956389937,0.15159394611676413,0.09815352174873646,0.8555877488247063,True,FULL,FULL_exp_d_rank_4
293,0.55,3.392092330791986,3.752,1.3488617496840016,1.3488617496840016,8.999404803617814,1.4740164808051082,10.348266553301816,3.397073578572742,1.3488617496840016,3.030763315660228,1.4740164808051082,4.3796250653442295,3.9232486232804704,-5.968641487957586,5.968641487957586,-5.968641487957586,5.968641487957586,0.5261750447077285,0.5261750447077285,0.7223185454252614,0.49273575772238326,0.23512003553199734,True,FULL,FULL_exp_d_rank_4
295,1.2,7.400928721727968,0.0307,0.0217962758401608,0.0217962758401608,0.0268208917452208,0.6755908870356747,0.0486171675853816,2.3157906832156443,0.0217962758401608,0.0550199307678939,0.6755908870356747,0.0768162066080547,1.743965076611505,0.0281990390226731,0.0281990390226731,0.0281990390226731,0.0281990390226731,-0.5718256066041394,0.5718256066041394,0.002867970481866403,0.0019911954252860324,0.5288801589254387,True,FULL,FULL_exp_d_rank_4
296,2.0,12.334881202879949,0.131,0.0508579769603752,0.0508579769603752,0.2935284290129898,0.4053545322214048,0.344386405973365,0.9614433155844516,0.0508579769603752,0.8967688757565652,0.4053545322214048,0.9476268527169404,0.720589930078418,0.6032404467435754,0.6032404467435754,0.6032404467435754,0.6032404467435754,-0.24085338550603363,0.24085338550603363,0.046848515629871634,0.03392276639096461,-1.8601585333093653,True,FULL,FULL_exp_d_rank_4
297,1.8,11.101393082591954,0.046,0.0145308505601072,0.0145308505601072,0.1222071066849876,0.4503939246904497,0.1367379572450948,0.9937795159488002,0.0145308505601072,0.1594196421191144,0.4503939246904497,0.1739504926792216,0.8548710104096802,0.03721253543412681,0.03721253543412681,0.03721253543412681,0.03721253543412681,-0.13890850553912004,0.13890850553912004,0.001637208725656331,0.0012304667007931023,0.9767904939525056,True,FULL,FULL_exp_d_rank_4
302,0.75,4.625580451079981,0.055,0.0153092991217785,0.0153092991217785,0.1595143577214117,1.080945419257079,0.1748236568431902,2.2969478423570417,0.0153092991217785,0.7524906747576189,1.080945419257079,0.7677999738793974,1.750724442086523,0.5929763170362072,0.5929763170362072,0.5929763170362071,0.5929763170362071,-0.5462234002705189,0.5462234002705189,0.043689852309327905,0.031680628097402054,-9.46784991855614,True,FULL,FULL_exp_d_rank_4
303,0.91,5.612370947310377,0.041,0.0153092991217785,0.0153092991217785,0.0951653865132687,0.8908890818052851,0.1104746856350472,2.0818876302589207,0.0153092991217785,0.3629889703383608,0.8908890818052851,0.3782982694601393,1.5320349458799234,0.2678235838250921,0.2678235838250921,0.2678235838250921,0.2678235838250921,-0.5498526843789973,0.5498526843789973,0.02070891700321534,0.014981066269506134,-4.472680303343694,True,FULL,FULL_exp_d_rank_4
304,1.87,11.533113924692753,0.046,0.0153092991217785,0.0153092991217785,0.1174680513670647,0.4335342590603259,0.1327773504888432,0.9728764088168116,0.0153092991217785,0.1427372559187802,0.4335342590603259,0.1580465550405587,0.8447216418858943,0.025269204551715496,0.025269204551715496,0.025269204551715496,0.025269204551715496,-0.12815476693091732,0.12815476693091732,0.0009779919822458113,0.0007696489179458754,0.9913305590912266,True,FULL,FULL_exp_d_rank_4
305,2.17,13.383346105124744,0.042,0.0153092991217785,0.0153092991217785,0.0995579974430193,0.373598647208668,0.1148672965647978,0.8653228395367738,0.0153092991217785,0.0668616789609335,0.373598647208668,0.082170978082712,0.8443812093527031,-0.032696318482085804,0.032696318482085804,-0.032696318482085804,0.032696318482085804,-0.020941630184070692,0.020941630184070692,0.004618246923028925,0.0030702290674182826,0.746985236197723,True,FULL,FULL_exp_d_rank_4
311,1.45,8.942788872087963,1.14,0.7935883525311068,0.7935883525311068,1.051107361858608,0.5591096996157306,1.844695714389715,1.879665749713435,0.7935883525311068,0.6118976969258593,0.5591096996157306,1.405486049456966,2.017684548908757,-0.4392096649327487,0.4392096649327487,-0.4392096649327488,0.4392096649327488,0.13801879919532212,0.13801879919532212,0.06747813038206217,0.044180597107923436,0.8163200368540757,True,FULL,FULL_exp_d_rank_4
314,1.8,11.101393082591954,3.8,2.3726672172613705,2.3726672172613705,4.501119428750482,0.4503939246904497,6.873786646011853,1.379736428464202,2.3726672172613705,0.0978063176087222,0.4503939246904497,2.470473534870093,3.36097088638585,-4.4033131111417605,4.4033131111417605,-4.40331311114176,4.40331311114176,1.981234457921648,1.981234457921648,0.5985886856511493,0.39328657000358164,-0.09163890085935322,True,FULL,FULL_exp_d_rank_4
316,1.1,6.784184661583972,1.23,0.5909609098097346,0.5909609098097346,2.195000047586552,0.7370082404025541,2.7859609573962865,1.920963652491806,0.5909609098097346,1.2197447517801945,0.7370082404025541,1.810705661589929,2.006802832825488,-0.9752552958063574,0.9752552958063574,-0.9752552958063574,0.9752552958063574,0.08583918033368221,0.08583918033368221,0.13515095886050235,0.09014445994635908,0.647806364662829,True,FULL,FULL_exp_d_rank_4
317,0.75,4.625580451079981,0.94,0.7727950359050375,0.7727950359050375,0.4751593936736535,1.080945419257079,1.247954429578691,4.459377299507828,0.7727950359050375,0.2556927778131994,1.080945419257079,1.028487813718237,4.971204556845338,-0.21946661586045413,0.21946661586045413,-0.21946661586045413,0.21946661586045413,0.5118272573375098,0.5118272573375098,0.0341507342896179,0.02219557611845201,0.9164478919212835,True,FULL,FULL_exp_d_rank_4
320,1.3,8.017672781871967,3.7,1.9806931592524069,1.9806931592524069,5.70674005649928,0.6236223572636995,7.687433215751687,1.723838260148718,1.9806931592524069,0.4748205202881386,0.6236223572636995,2.4555136795405454,3.1280689102888215,-5.231919536211141,5.231919536211141,-5.231919536211142,5.231919536211142,1.4042306501401034,1.4042306501401034,0.6923212980706503,0.4640179971941143,-0.19891806795603584,True,FULL,FULL_exp_d_rank_4
321,1.5,9.25116090215996,2.94,0.5553062574145964,0.5553062574145964,10.568278952724356,0.5404727096285398,11.123585210138952,1.04691166819964,0.5553062574145964,3.2600902857225105,0.5404727096285398,3.815396543137107,1.1469359203001437,-7.308188667001845,7.308188667001845,-7.308188667001845,7.308188667001845,0.1000242521005037,0.1000242521005037,0.7621458968285928,0.5302988010274073,0.10967203332160791,True,FULL,FULL_exp_d_rank_4
322,1.7,10.484649022447956,1.47,1.1106125148291928,1.1106125148291928,1.0572811334663703,0.4768876849663586,2.1678936482955633,1.7502458150213789,1.1106125148291928,0.3733618648129979,0.4768876849663586,1.4839743796421907,2.183575278819836,-0.6839192686533724,0.6839192686533724,-0.6839192686533726,0.6839192686533726,0.43332946379845705,0.43332946379845705,0.10029837671168162,0.06587753189962625,0.7270556664357526,True,FULL,FULL_exp_d_rank_4
323,1.7,10.484649022447956,7.35,2.2212250296583855,2.2212250296583855,20.160376750419932,0.4768876849663586,22.381601780078316,1.0379375597762583,2.2212250296583855,3.294027795071016,0.4768876849663586,5.5152528247294015,1.4232577756835028,-16.866348955348915,16.866348955348915,-16.866348955348915,16.866348955348915,0.3853202159072444,0.3853202159072444,1.9328815251964433,1.3296584441561623,-0.22161930115532158,True,FULL,FULL_exp_d_rank_4
327,0.1,0.6167440601439975,0.08,0.0796743371481683,0.0796743371481683,0.0008090983306987,8.107090644428094,0.080483435478867,77.68977402204777,0.0796743371481683,0.5894163166107181,8.107090644428094,0.6690906537588864,16.45209821760552,0.5886072182800194,0.5886072182800194,0.5886072182800195,0.5886072182800195,-61.23767580444225,61.23767580444225,0.06105784699932798,0.042165738574812844,-41.85618193937826,True,FULL,FULL_exp_d_rank_4
329,1.2,7.400928721727968,0.024,0.0202072594216368,0.0202072594216368,0.010665146237602,0.6755908870356747,0.0308724056592388,2.9023919692701785,0.0202072594216368,0.0091631332110202,0.6755908870356747,0.0293703926326571,2.8441026640394504,-0.0015020130265817992,0.0015020130265817992,-0.001502013026581702,0.001502013026581702,-0.05828930523072806,0.05828930523072806,0.0003403218455324868,0.00020389460538420716,0.9871157183271086,True,FULL,FULL_exp_d_rank_4
330,1.1,6.784184661583972,0.025,0.0202072594216368,0.0202072594216368,0.0137190748784508,0.7370082404025541,0.0339263343000876,2.9611290302817843,0.0202072594216368,0.0254086627159292,0.7370082404025541,0.045615922137566,2.3059194852406977,0.0116895878374784,0.0116895878374784,0.0116895878374784,0.0116895878374784,-0.6552095450410866,0.6552095450410866,0.0013056505956666141,0.0008793742824779239,0.829290002685134,True,FULL,FULL_exp_d_rank_4
331,1.25,7.709300751799968,0.047,0.0398371685740841,0.0398371685740841,0.0200809505252075,0.6485672515542477,0.0599181190992916,2.820311710406355,0.0398371685740841,0.1153294156449076,0.6485672515542477,0.1551665842189917,1.616569242584947,0.0952484651197001,0.0952484651197001,0.09524846511970012,0.09524846511970012,-1.203742467821408,1.203742467821408,0.010762521775248264,0.00737924675925873,-2.3687559432254317,True,FULL,FULL_exp_d_rank_4
332,1.2,7.400928721727968,0.05,0.0398371685740841,0.0398371685740841,0.0292663957131568,0.6755908870356747,0.0691035642872409,2.6576864448773354,0.0398371685740841,0.1573984639961465,0.6755908870356747,0.1972356325702306,1.5621111785716646,0.12813206828298968,0.12813206828298968,0.1281320682829897,0.1281320682829897,-1.0955752663056708,1.0955752663056708,0.013747114216930542,0.009525941021285782,-3.6779281449638574,True,FULL,FULL_exp_d_rank_4
333,1.6,9.86790496230396,0.093,0.0796743371481683,0.0796743371481683,0.0371742575975103,0.5066931652767559,0.1168485947456786,2.2486028629786348,0.0796743371481683,0.2635390731726488,0.5066931652767559,0.3432134103208171,1.2219979267683865,0.2263648155751385,0.2263648155751385,0.2263648155751385,0.2263648155751385,-1.0266049362102483,1.0266049362102483,0.02534279977189439,0.017413397844111788,-3.7873189603216204,True,FULL,FULL_exp_d_rank_4
334,2.5,15.418601503599936,0.1,0.0796743371481683,0.0796743371481683,0.0585327914263222,0.3242836257771238,0.1382071285744905,1.275689493540873,0.0796743371481683,0.2819097534354541,0.3242836257771238,0.3615840905836224,0.7694909454462556,0.2233769620091319,0.2233769620091319,0.2233769620091319,0.2233769620091319,-0.5061985480946173,0.5061985480946173,0.024206287259308016,0.01673980579412632,-2.6259919775792007,True,FULL,FULL_exp_d_rank_4
335,1.8,11.101393082591954,0.233,0.1991858428704208,0.1991858428704208,0.0944249962521731,0.4503939246904497,0.2936108391225939,1.9904398436807709,0.1991858428704208,0.5498493751775593,0.4503939246904497,0.74903521804798,1.136213851421148,0.4554243789253862,0.4554243789253862,0.4554243789253861,0.4554243789253861,-0.8542259922596229,0.8542259922596229,0.051851504861165076,0.03548922443490753,-2.1907026848740365,True,FULL,FULL_exp_d_rank_4
336,4.0,24.669762405759897,0.251,0.1991858428704208,0.1991858428704208,0.1494580982300445,0.2026772661107024,0.3486439411004653,0.792806515114832,0.1991858428704208,2.5387681810169895,0.2026772661107024,2.7379540238874105,0.3761605195369259,2.389310082786945,2.389310082786945,2.3893100827869453,2.3893100827869453,-0.4166459955779061,0.4166459955779061,0.22390230943043143,0.15813361264073228,-48.075070061178465,True,FULL,FULL_exp_d_rank_4
337,1.13,6.96920787962717,0.045,0.0153092991217785,0.0153092991217785,0.1129415099906837,0.7174416499493891,0.1282508091124622,1.6219045254507285,0.0153092991217785,0.3284545579585715,0.7174416499493891,0.34376385708035,1.2468776145542635,0.21551304796788778,0.21551304796788778,0.2155130479678878,0.2155130479678878,-0.375026910896465,0.375026910896465,0.0161321860237415,0.011724077083300987,-1.515101823489195,True,FULL,FULL_exp_d_rank_4
338,1.74,10.731346646505555,0.033,0.0153092991217785,0.0153092991217785,0.0614267591501006,0.4659247496797756,0.0767360582718792,1.1936384711708052,0.0153092991217785,0.0368618211438519,0.4659247496797756,0.0521711202656304,1.2176551238062872,-0.024564938006248704,0.024564938006248704,-0.024564938006248795,0.024564938006248795,0.024016652635481917,0.024016652635481917,0.0034577362119460066,0.0022994640239093027,0.6948278979379605,True,FULL,FULL_exp_d_rank_4
339,2.13,13.136648481067144,0.035,0.0153092991217785,0.0153092991217785,0.0696089127687665,0.3806145842454505,0.084918211890545,0.9488333573269884,0.0153092991217785,0.0224089959028613,0.3806145842454505,0.0377182950246399,1.1401501418854325,-0.0471999168659052,0.0471999168659052,-0.047199916865905106,0.047199916865905106,0.19131678455844414,0.19131678455844414,0.005991902044996779,0.004058514930511964,0.2456670388702753,True,FULL,FULL_exp_d_rank_4
341,1.13,6.96920787962717,0.055,0.0153092991217785,0.0153092991217785,0.1595143577209842,0.7174416499493891,0.1748236568427627,1.524522904222498,0.0153092991217785,0.5041296775596504,0.7174416499493891,0.5194389766814289,1.1966500537019935,0.3446153198386662,0.3446153198386662,0.3446153198386662,0.3446153198386662,-0.3278728505205044,0.3278728505205044,0.02497485713928506,0.018180576509653986,-2.420600536302649,True,FULL,FULL_exp_d_rank_4
342,1.22,7.524277533756768,0.039,0.0153092991217785,0.0153092991217785,0.0864894320112215,0.6645156265924669,0.101798731133,1.5829859963913084,0.0153092991217785,0.1968635519414414,0.6645156265924669,0.2121728510632199,1.2317433609921238,0.1103741199302199,0.1103741199302199,0.1103741199302199,0.1103741199302199,-0.35124263539918466,0.35124263539918466,0.008369000124118677,0.006086270382397778,-0.04244774937684759,True,FULL,FULL_exp_d_rank_4
343,1.45,8.942788872087963,0.034,0.0153092991217785,0.0153092991217785,0.0654950286258003,0.5591096996157306,0.0808043277475788,1.4123161332544465,0.0153092991217785,0.0799639747063001,0.5591096996157306,0.0952732738280787,1.2154557986076802,0.014468946080499798,0.014468946080499798,0.014468946080499895,0.014468946080499895,-0.19686033464676633,0.19686033464676633,0.0007241585815365378,0.0005538577734149268,0.9878811227740631,True,FULL,FULL_exp_d_rank_4
345,0.6,3.700464360863984,0.062,0.0153092991217785,0.0153092991217785,0.1936315334445874,1.3511817740713494,0.2089408325663659,2.78103428223211,0.0153092991217785,1.021554440901988,1.3511817740713494,1.0368637400237666,2.150536545006424,0.8279229074574007,0.8279229074574007,0.8279229074574007,0.8279229074574007,-0.6304977372256859,0.6304977372256859,0.06036298376870188,0.04377027358796526,-13.502369719687719,True,FULL,FULL_exp_d_rank_4
346,0.7,4.317208421007981,0.05,0.0153092991217785,0.0153092991217785,0.1358772828198478,1.1581558063468709,0.1511865819416263,2.530764500816095,0.0153092991217785,0.6961186317015559,1.1581558063468709,0.7114279308233343,1.8853656458929269,0.5602413488817081,0.5602413488817081,0.5602413488817081,0.5602413488817081,-0.645398854923168,0.645398854923168,0.041837469817688856,0.030299885601765154,-11.49942225655648,True,FULL,FULL_exp_d_rank_4
347,0.9,5.550696541295977,0.034,0.0153092991217785,0.0153092991217785,0.0654950141480271,0.9007878493808994,0.0808043132698056,2.275398701589776,0.0153092991217785,0.2341981783777049,0.9007878493808994,0.2495074774994834,1.630334307957173,0.1687031642296778,0.1687031642296778,0.1687031642296778,0.1687031642296778,-0.645064393632603,0.645064393632603,0.01374775215306317,0.009899179255080942,-3.367756522452474,True,FULL,FULL_exp_d_rank_4
348,1.8,11.101393082591954,0.027,0.0153092991217785,0.0153092991217785,0.038082793731829,0.4503939246904497,0.0533920928536075,1.2897687725693818,0.0153092991217785,0.0019945689393451,0.4503939246904497,0.0173038680611237,2.631287241460854,-0.0360882247924839,0.0360882247924839,-0.0360882247924838,0.0360882247924838,1.341518468891472,1.341518468891472,0.00483233796737444,0.003220676057830978,-0.20193586389130513,True,FULL,FULL_exp_d_rank_4
349,1.13,6.96920787962717,0.043,0.0153092991217785,0.0153092991217785,0.1039855497101338,0.7174416499493891,0.1192948488319123,1.6477168177591195,0.0153092991217785,0.2940277252270118,0.7174416499493891,0.3093370243487903,1.2624967897743042,0.19004217551687802,0.19004217551687802,0.190042175516878,0.190042175516878,-0.38522002798481525,0.38522002798481525,0.014353307682492086,0.010425586287042939,-1.2774711156732637,True,FULL,FULL_exp_d_rank_4
350,1.37,8.449393623972766,0.041,0.0153092991217785,0.0153092991217785,0.0951653865075495,0.591758441199131,0.110474685629328,1.3828596668882291,0.0153092991217785,0.1827748467895867,0.591758441199131,0.1980841459113652,1.108853508140056,0.0876094602820372,0.0876094602820372,0.0876094602820372,0.0876094602820372,-0.27400615874817325,0.27400615874817325,0.006273163081328767,0.0045938776610256506,0.49782110184958384,True,FULL,FULL_exp_d_rank_4
351,1.67,10.299625804404757,0.032,0.0153092991217785,0.0153092991217785,0.057405854043788,0.4854545296064728,0.0727151531655665,1.2626030593869657,0.0153092991217785,0.0360206695012865,0.4854545296064728,0.051329968623065,1.276418240465066,-0.021385184542501504,0.021385184542501504,-0.021385184542501497,0.021385184542501497,0.013815181078100203,0.013815181078100203,0.003085847673925851,0.002043103341884232,0.7303424099742514,True,FULL,FULL_exp_d_rank_4
353,0.9,5.550696541295977,0.037,0.0153092991217785,0.0153092991217785,0.0779670989319231,0.9007878493808994,0.0932763980537016,2.192227389199339,0.0153092991217785,0.2908458291321196,0.9007878493808994,0.3061551282538981,1.5871430667677011,0.2128787302001965,0.2128787302001965,0.21287873020019654,0.21287873020019654,-0.6050843224316378,0.6050843224316378,0.016902519300013612,0.012199702881974245,-4.0181618747211045,True,FULL,FULL_exp_d_rank_4
354,1.05,6.475812631511974,0.032,0.0153092991217785,0.0153092991217785,0.0574058541682785,0.7721038708979138,0.0727151532900571,2.0081400996379837,0.0153092991217785,0.1440579449276813,0.7721038708979138,0.1593672440494598,1.5021000511379574,0.08665209075940278,0.08665209075940278,0.0866520907594027,0.0866520907594027,-0.5060400485000263,0.5060400485000263,0.007154963326399451,0.005151125394273367,-0.4497012198441943,True,FULL,FULL_exp_d_rank_4
355,1.15,7.09255669165597,0.028,0.0153092991217785,0.0153092991217785,0.0418356081862674,0.7049644038633127,0.0571449073080459,1.9734344433232216,0.0153092991217785,0.0677557054807082,0.7049644038633127,0.0830650046024868,1.5885903506234471,0.025920097294440794,0.025920097294440794,0.02592009729444089,0.02592009729444089,-0.3848440926997745,0.3848440926997745,0.002084737498134088,0.0014926657273704983,0.8037649402006672,True,FULL,FULL_exp_d_rank_4
356,1.4,8.634416842015963,0.024,0.0153092991217785,0.0153092991217785,0.0272042150777216,0.5790779031734354,0.0425135141995001,1.8037445140554815,0.0153092991217785,0.0082127767404345,0.5790779031734354,0.0235220758622131,2.322933037483321,-0.0189914383372871,0.0189914383372871,-0.018991438337287,0.018991438337287,0.5191885234278393,0.5191885234278393,0.002658679159171495,0.0017684900596370776,0.44061238281918125,True,FULL,FULL_exp_d_rank_4
357,0.75,4.625580451079981,0.028,0.0153092991217785,0.0153092991217785,0.0418356081843982,1.080945419257079,0.0571449073061767,3.0259328132395527,0.0153092991217785,0.1897785428352097,1.080945419257079,0.2050878419569883,2.014301242005735,0.1479429346508115,0.1479429346508115,0.1479429346508116,0.1479429346508116,-1.0116315712338175,1.0116315712338175,0.012859072742306313,0.009187011324902657,-6.466088815828779,True,FULL,FULL_exp_d_rank_4
358,1.15,7.09255669165597,0.026,0.0153092991217785,0.0153092991217785,0.0343911653190034,0.7049644038633127,0.0497004644407819,2.0699745048837284,0.0153092991217785,0.0472249575189334,0.7049644038633127,0.062534256640712,1.729528648422552,0.01283379219993,0.01283379219993,0.012833792199930097,0.012833792199930097,-0.3404458564611763,0.3404458564611763,0.0009687601404925676,0.0006862810368533045,0.9445889877939941,True,FULL,FULL_exp_d_rank_4
359,1.1,6.784184661583972,0.024,0.0153092991217785,0.0153092991217785,0.0272042141314279,0.7370082404025541,0.0425135132532064,2.2956749282231264,0.0153092991217785,0.0359030755463347,0.7370082404025541,0.0512123746681133,1.939506351989627,0.008698861414906799,0.008698861414906799,0.008698861414906896,0.008698861414906896,-0.3561685762334994,0.3561685762334994,0.0006798991902474192,0.0004811215215210107,0.9634177816297406,True,FULL,FULL_exp_d_rank_4
360,1.2,7.400928721727968,0.022,0.0153092991217785,0.0153092991217785,0.0203041095024898,0.6755908870356747,0.0356134086242683,2.2704692840433656,0.0153092991217785,0.010977809002399,0.6755908870356747,0.0262871081241775,2.4904535394968828,-0.009326300500090801,0.009326300500090801,-0.009326300500090801,0.009326300500090801,0.21998425545351719,0.21998425545351719,0.001408000982677178,0.0009247997998046958,0.7853817094181692,True,FULL,FULL_exp_d_rank_4
