sample_id,u_peak,u_r,tau_peak,tau_r,true_a,true_b,true_c,true_d,true_e,estimated_a,estimated_b,estimated_c,estimated_d,estimated_e,error_b,abs_error_b,error_d,abs_error_d,error_e,abs_error_e,curve_rmse_tau_u,curve_mae_tau_u,curve_r2_tau_u,curve_valid,dataset,model_name
7,0.72,2.75,0.044,0.03175,0.03175,0.0801325410005739,1.818181818181818,0.1118825410005739,3.441242286799551,0.03175,0.5031048620770247,1.818181818181818,0.5348548620770247,2.109750682731163,0.4229723210764508,0.4229723210764508,0.4229723210764508,0.4229723210764508,-1.331491604068388,1.331491604068388,0.004163523366737712,0.003378095432074692,0.6240696455202748,True,FULL,FULL_exp_d_rank_2
8,0.92,3.0,0.035,0.02825,0.02825,0.0557241852265918,1.6666666666666667,0.0839741852265918,3.007954906577982,0.02825,0.2603161359313068,1.6666666666666667,0.2885661359313068,1.9484386785734584,0.204591950704715,0.204591950704715,0.20459195070471503,0.20459195070471503,-1.0595162280045234,1.0595162280045234,0.0014888886258839413,0.001272239937621914,0.9247121340857423,True,FULL,FULL_exp_d_rank_2
9,0.97,3.0,0.029,0.0255,0.0255,0.0288872445152351,1.6666666666666667,0.0543872445152351,3.290221199159674,0.0255,0.1459703945375969,1.6666666666666667,0.1714703945375969,2.042078210117821,0.11708315002236179,0.11708315002236179,0.1170831500223618,0.1170831500223618,-1.248142989041853,1.248142989041853,0.0012662210176135938,0.0010723539850801605,0.9231613485834895,True,FULL,FULL_exp_d_rank_2
11,0.78,3.5,0.05,0.0417499999999999,0.0417499999999999,0.0354980845491272,1.4285714285714286,0.0772480845491271,4.004659571873231,0.0417499999999999,0.3530491927729279,1.4285714285714286,0.3947991927729278,2.0089919060331396,0.3175511082238007,0.3175511082238007,0.3175511082238007,0.3175511082238007,-1.9956676658400911,1.9956676658400911,0.013260287380430115,0.010107561798667146,-2.6308518196282606,True,FULL,FULL_exp_d_rank_2
12,1.25,3.5,0.04,0.034,0.034,0.0670624339164287,1.4285714285714286,0.1010624339164287,2.366794324621144,0.034,0.2008270802251935,1.4285714285714286,0.2348270802251935,1.6864617857475732,0.13376464630876478,0.13376464630876478,0.13376464630876478,0.13376464630876478,-0.6803325388735706,0.6803325388735706,0.001842189276421034,0.0011421462370110528,0.9188660175711734,True,FULL,FULL_exp_d_rank_2
13,1.8,4.0,0.035,0.033,0.033,0.0334302203204883,1.25,0.0664302203204883,2.0972939397426664,0.033,0.0456156920999769,1.25,0.0786156920999769,1.734332585055711,0.012185471779488602,0.012185471779488602,0.012185471779488602,0.012185471779488602,-0.36296135468695545,0.36296135468695545,0.0013302659856692552,0.0007865926749064606,0.9540054691333861,True,FULL,FULL_exp_d_rank_2
27,0.87,3.25,2.35,1.9075,1.9075,2.7034029995062916,1.5384615384615383,4.610902999506291,3.276941309100947,1.9075,0.2911466704169385,1.5384615384615383,2.1986466704169385,5.279669200906103,-2.4122563290893533,2.4122563290893533,-2.412256329089353,2.412256329089353,2.0027278918051556,2.0027278918051556,0.19713407083884837,0.13998329171442564,0.680821569134429,True,FULL,FULL_exp_d_rank_2
28,0.13,1.325,1.02,0.6675,0.6675,0.6738254010838505,3.7735849056603774,1.3413254010838505,23.891608655167115,0.6675,0.96036614145844,3.7735849056603774,1.62786614145844,21.05790100305386,0.28654074037458954,0.28654074037458954,0.28654074037458965,0.28654074037458965,-2.8337076521132545,2.8337076521132545,0.051948234883839664,0.03263751977741844,0.8447673804434138,True,FULL,FULL_exp_d_rank_2
29,0.6,2.425,4.93,4.2975,4.2975,3.110870023650559,2.061855670103093,7.408370023650559,5.517814597970529,4.2975,0.7514919273073977,2.061855670103093,5.048991927307398,7.35666098340694,-2.3593780963431614,2.3593780963431614,-2.3593780963431614,2.3593780963431614,1.838846385436411,1.838846385436411,0.23047114572277522,0.15892576368787245,0.8945202087098804,True,FULL,FULL_exp_d_rank_2
30,2.17,3.85,16.37,14.955,14.955,60.674147880173095,1.2987012987012987,75.6291478801731,1.6284330431129306,14.955,115.0628900032393,1.2987012987012987,130.0178900032393,1.3844891730021158,54.38874212306621,54.38874212306621,54.38874212306621,54.38874212306621,-0.24394387011081475,0.24394387011081475,1.5935051425447089,1.1448813463121197,0.718946912848907,True,FULL,FULL_exp_d_rank_2
31,0.24,1.275,0.66,0.475,0.475,0.6758571313827281,3.9215686274509807,1.150857131382728,11.17767536247715,0.475,1.1531208803872013,3.9215686274509807,1.6281208803872012,8.659629785230678,0.4772637490044732,0.4772637490044732,0.4772637490044731,0.4772637490044731,-2.518045577246472,2.518045577246472,0.03212062152018294,0.02307867601192328,0.8801445235480208,True,FULL,FULL_exp_d_rank_2
33,2.26,4.125,16.14,11.3475,11.3475,422.7987490320256,1.2121212121212122,434.1462490320256,1.3091974223177918,11.3475,131.16223278926478,1.2121212121212122,142.50973278926477,1.269194667410665,-291.6365162427609,291.6365162427609,-291.6365162427608,291.6365162427608,-0.0400027549071269,0.0400027549071269,5.237980915010737,4.038205156656527,-1.064486900371561,True,FULL,FULL_exp_d_rank_2
34,0.47,1.525,1.07,0.6975,0.6975,4.0455139668571585,3.278688524590164,4.743013966857158,4.812842755740618,0.6975,2.5705799094796333,3.278688524590164,3.268079909479633,4.429634802281818,-1.4749340573775251,1.4749340573775251,-1.4749340573775251,1.4749340573775251,-0.38320795345880043,0.38320795345880043,0.14722080754447947,0.10445864019961668,0.36384886203459665,True,FULL,FULL_exp_d_rank_2
35,0.47,2.2,4.91,4.25,4.25,2.5915991927768687,2.2727272727272725,6.841599192776869,7.213346651196478,4.25,0.9547960690399648,2.2727272727272725,5.204796069039965,8.748855769843297,-1.6368031237369038,1.6368031237369038,-1.6368031237369038,1.6368031237369038,1.5355091186468197,1.5355091186468197,0.19473177919313486,0.13150343622442737,0.9158999747685439,True,FULL,FULL_exp_d_rank_2
36,1.48,3.625,14.91,14.235,14.235,8.232456046268986,1.3793103448275863,22.467456046268985,2.7321098339023515,14.235,35.93175243094563,1.3793103448275863,50.16675243094563,1.775356986231125,27.699296384676643,27.699296384676643,27.699296384676643,27.699296384676643,-0.9567528476712266,0.9567528476712266,0.45504302751918707,0.3344415742900063,0.9688051666183657,True,FULL,FULL_exp_d_rank_2
37,0.11,1.325,0.89,0.5625,0.5625,0.5639971811696873,3.7735849056603774,1.1264971811696871,29.2958502513531,0.5625,0.9295363524443658,3.7735849056603774,1.4920363524443658,25.41457067291191,0.3655391712746785,0.3655391712746785,0.3655391712746787,0.3655391712746787,-3.881279578441191,3.881279578441191,0.07435784771506748,0.04563612690696946,0.5830863454579716,True,FULL,FULL_exp_d_rank_2
38,0.26,2.175,5.3,4.1,4.1,2.5910971306331803,2.298850574712644,6.69109713063318,13.042743993933716,4.1,0.967195604099464,2.298850574712644,5.067195604099464,16.17197631898533,-1.6239015265337162,1.6239015265337162,-1.6239015265337162,1.6239015265337162,3.129232325051614,3.129232325051614,0.29384162565732147,0.18399519261470496,0.7800799327848423,True,FULL,FULL_exp_d_rank_2
39,0.54,3.35,15.9,14.4675,14.4675,3.852469877296928,1.4925373134328357,18.319969877296927,7.688914610134782,14.4675,14.71866823047027,1.4925373134328357,29.18616823047027,4.998555070316611,10.866198353173342,10.866198353173342,10.866198353173342,10.866198353173342,-2.6903595398181714,2.6903595398181714,1.3707961673717328,0.9050307221808788,0.5160525216986505,True,FULL,FULL_exp_d_rank_2
40,0.3,1.35,0.88,0.635,0.635,1.1651130574348498,3.7037037037037033,1.8001130574348498,8.547982610717572,0.635,1.3998739666875248,3.7037037037037033,2.034873966687525,7.1371375131305,0.234760909252675,0.234760909252675,0.234760909252675,0.234760909252675,-1.4108450975870719,1.4108450975870719,0.022352855243105787,0.012288062012870226,0.9702221274222638,True,FULL,FULL_exp_d_rank_2
41,0.38,2.175,5.2,4.3975,4.3975,2.452688320111813,2.298850574712644,6.850188320111813,9.031706106944794,4.3975,0.8714130777460083,2.298850574712644,5.268913077746008,11.201826492101285,-1.5812752423658045,1.5812752423658045,-1.5812752423658045,1.5812752423658045,2.1701203851564905,2.1701203851564905,0.2220341964217181,0.14511547250898754,0.8886204925733592,True,FULL,FULL_exp_d_rank_2
42,0.71,3.35,16.28,14.8375,14.8375,5.373344828404187,1.4925373134328357,20.210844828404188,5.457009220110153,14.8375,25.04009340905027,1.4925373134328357,39.87759340905027,3.2393361428211067,19.666748580646086,19.666748580646086,19.666748580646082,19.666748580646082,-2.2176730772890467,2.2176730772890467,1.538120234094527,1.0861900299357625,0.5213450333367233,True,FULL,FULL_exp_d_rank_2
43,0.88,1.475,0.58,0.535,0.535,2.3643732180319175,3.389830508474576,2.8993732180319176,4.157276354583812,0.535,3.621259344338397,3.389830508474576,4.156259344338397,3.6215544031812943,1.2568861263064797,1.2568861263064797,1.2568861263064797,1.2568861263064797,-0.5357219514025173,0.5357219514025173,0.058180615792495824,0.04242808488082072,0.7099111276030894,True,FULL,FULL_exp_d_rank_2
44,1.5,2.625,3.89,3.6325,3.6325,10.486129835864666,1.9047619047619049,14.118629835864668,2.474961892115721,3.6325,6.210954514875935,1.9047619047619049,9.843454514875935,2.3525061037385213,-4.2751753209887315,4.2751753209887315,-4.275175320988733,4.275175320988733,-0.1224557883771995,0.1224557883771995,0.29639807530332857,0.21706322316359827,0.8321162148327148,True,FULL,FULL_exp_d_rank_2
45,2.87,4.1,13.67,13.42,13.42,16.705556614946417,1.2195121951219514,30.12555661494642,1.6634039681803665,13.42,85.76448984495792,1.2195121951219514,99.18448984495792,1.2896504894265908,69.0589332300115,69.0589332300115,69.0589332300115,69.0589332300115,-0.37375347875377574,0.37375347875377574,0.611127498462837,0.37718699750377577,0.9452084430702339,True,FULL,FULL_exp_d_rank_2
46,0.79,1.5,0.8,0.665,0.665,6.166849946093346,3.3333333333333335,6.831849946093346,3.9230290740544778,0.665,3.733747249603548,3.3333333333333335,4.398747249603548,3.6587055209075183,-2.4331026964897977,2.4331026964897977,-2.433102696489798,2.433102696489798,-0.26432355314695943,0.26432355314695943,0.13291256602505228,0.0998647252920919,0.1692129025578536,True,FULL,FULL_exp_d_rank_2
47,0.6,2.175,5.04,4.655,4.655,2.141531174694559,2.298850574712644,6.796531174694559,6.310564627174357,4.655,1.646382217145561,2.298850574712644,6.301382217145561,6.185494671040113,-0.4951489575489978,0.4951489575489978,-0.4951489575489978,0.4951489575489978,-0.12506995613424454,0.12506995613424454,0.0898461348028487,0.05700205340734213,0.9859637839826356,True,FULL,FULL_exp_d_rank_2
48,2.37,4.125,16.38,14.3675,14.3675,112.7264689844744,1.2121212121212122,127.0939689844744,1.4228254925840296,14.3675,108.93087842226892,1.2121212121212122,123.29837842226894,1.2909976259243734,-3.7955905622054757,3.7955905622054757,-3.7955905622054615,3.7955905622054615,-0.13182786665965618,0.13182786665965618,2.371727823933136,1.7741272573438949,0.3807528899614151,True,FULL,FULL_exp_d_rank_2
49,1.46,2.566666666666667,4.68,4.1066666666666665,4.1066666666666665,30.593215473314466,1.948051948051948,34.69988213998113,2.300589855794831,4.1066666666666665,10.172486246125803,1.948051948051948,14.27915291279247,2.2915552782580284,-20.420729227188662,20.420729227188662,-20.42072922718866,20.42072922718866,-0.00903457753680259,0.00903457753680259,0.6582577482204481,0.4985789434212658,0.4120267398250532,True,FULL,FULL_exp_d_rank_2
50,4.16,4.75,15.04,14.775,14.775,58.5314735148253,1.0526315789473684,73.3064735148253,1.2144266984360343,14.775,222.6832921115368,1.0526315789473684,237.4582921115368,1.072589196663232,164.15181859671148,164.15181859671148,164.1518185967115,164.1518185967115,-0.1418375017728024,0.1418375017728024,0.9550122334056138,0.6037688167015527,0.8737400764320584,True,FULL,FULL_exp_d_rank_2
51,1.26,1.85,0.94,0.785,0.785,27.151829140946248,2.702702702702702,27.936829140946248,2.8751003676389564,0.785,6.592756796812782,2.702702702702702,7.377756796812782,2.827934822777045,-20.559072344133465,20.559072344133465,-20.559072344133465,20.559072344133465,-0.04716554486191127,0.04716554486191127,0.26123846422411745,0.19457333416949144,-0.7331214888627982,True,FULL,FULL_exp_d_rank_2
52,3.13,4.466666666666667,15.58,14.793333333333337,14.793333333333337,75.02328336156236,1.1194029850746268,89.8166166948957,1.313812712287742,14.793333333333337,123.19252106271372,1.1194029850746268,137.98585439604705,1.169667028123476,48.16923770115136,48.16923770115136,48.169237701151346,48.169237701151346,-0.1441456841642661,0.1441456841642661,1.4714675082489368,1.0362152796473665,0.7378128524732064,True,FULL,FULL_exp_d_rank_2
53,1.15,1.85,0.71,0.65,0.65,3.9933470021604136,2.702702702702702,4.6433470021604135,3.19021506632708,0.65,3.9173202251320904,2.702702702702702,4.56732022513209,2.8963792060556797,-0.07602677702832317,0.07602677702832317,-0.07602677702832317,0.07602677702832317,-0.2938358602714004,0.2938358602714004,0.08519560228678134,0.06354039260618281,0.589536910123725,True,FULL,FULL_exp_d_rank_2
55,0.63,3.85,16.18,14.365,14.365,5.024596391351091,1.2987012987012987,19.38959639135109,6.152370825583352,14.365,6.53250833686946,1.2987012987012987,20.89750833686946,5.409112835399581,1.5079119455183694,1.5079119455183694,1.5079119455183694,1.5079119455183694,-0.7432579901837713,0.7432579901837713,0.17879209531797763,0.12165929080547816,0.9921312840807057,True,FULL,FULL_exp_d_rank_2
56,0.45,1.5666666666666669,0.87,0.6366666666666667,0.6366666666666667,1.8543711063769357,3.191489361702127,2.4910377730436024,5.520751658815112,0.6366666666666667,1.689638655728595,3.191489361702127,2.3263053223952617,4.816795648131848,-0.16473245064834074,0.16473245064834074,-0.16473245064834074,0.16473245064834074,-0.7039560106832647,0.7039560106832647,0.06502289281253368,0.04204460271220044,0.7745052275578307,True,FULL,FULL_exp_d_rank_2
57,0.58,2.175,5.35,4.42,4.42,5.5363451785319135,2.298850574712644,9.956345178531912,5.059116621676996,4.42,3.720231695101915,2.298850574712644,8.140231695101916,4.98260163987297,-1.8161134834299983,1.8161134834299983,-1.8161134834299961,1.8161134834299961,-0.07651498180402605,0.07651498180402605,0.2470065498032843,0.16528524731628308,0.9025454691972041,True,FULL,FULL_exp_d_rank_2
58,0.94,3.875,16.28,13.935,13.935,11.349260923481204,1.2903225806451613,25.28426092348121,3.405427164282276,13.935,17.949395519903327,1.2903225806451613,31.884395519903325,2.678567404227369,6.600134596422123,6.600134596422123,6.600134596422116,6.600134596422116,-0.7268597600549072,0.7268597600549072,0.32892694750347307,0.25001401511957544,0.9800230948512099,True,FULL,FULL_exp_d_rank_2
59,0.13,1.5666666666666669,0.97,0.8033333333333333,0.8033333333333333,0.2782264175865835,3.191489361702127,1.0815597509199169,31.910981063129015,0.8033333333333333,0.194470654518163,3.191489361702127,0.9978039878514964,33.96064505700008,-0.0837557630684205,0.0837557630684205,-0.08375576306842047,0.08375576306842047,2.0496639938710643,2.0496639938710643,0.01822960389247014,0.010954868354319193,0.9678016583030998,True,FULL,FULL_exp_d_rank_2
60,2.38,2.85,5.22,4.84,4.84,137.35939252357494,1.7543859649122806,142.19939252357494,1.8523237169572588,4.84,32.2195854434471,1.7543859649122806,37.0595854434471,1.8311932883661624,-105.13980708012784,105.13980708012784,-105.13980708012784,105.13980708012784,-0.021130428591096484,0.021130428591096484,1.0413539872213429,0.7053805205113918,-0.15988044399831614,True,FULL,FULL_exp_d_rank_2
61,2.68,4.125,16.95,15.5375,15.5375,116.71406105996982,1.2121212121212122,132.25156105996982,1.3981039630569712,15.5375,169.49684797410922,1.2121212121212122,185.0343479741092,1.2590094673800014,52.78278691413939,52.78278691413939,52.78278691413939,52.78278691413939,-0.13909449567696974,0.13909449567696974,2.198381209737775,1.620319583673986,0.5134863192962597,True,FULL,FULL_exp_d_rank_2
62,0.71,1.6,1.14,0.9133333333333334,0.9133333333333334,5.696830896813862,3.125,6.610164230147195,3.976020028848459,0.9133333333333334,3.13536636727202,3.125,4.048699700605353,3.7369516380499688,-2.561464529541842,2.561464529541842,-2.5614645295418415,2.5614645295418415,-0.23906839079849007,0.23906839079849007,0.16032706218209558,0.11826233374539047,0.34555510721849025,True,FULL,FULL_exp_d_rank_2
63,0.76,2.2,5.03,4.68,4.68,3.0326428857358856,2.2727272727272725,7.712642885735885,4.87933520201715,4.68,3.2167485631979087,2.2727272727272725,7.896748563197908,4.290491394480493,0.1841056774620231,0.1841056774620231,0.1841056774620231,0.1841056774620231,-0.5888438075366569,0.5888438075366569,0.12063746893072261,0.06485520237759212,0.97832371802929,True,FULL,FULL_exp_d_rank_2
64,2.73,4.125,15.88,13.97,13.97,220.02903798852773,1.2121212121212122,233.99903798852773,1.3339956390040135,13.97,150.6326956231637,1.2121212121212122,164.6026956231637,1.2583061442132346,-69.39634236536403,69.39634236536403,-69.39634236536403,69.39634236536403,-0.07568949479077891,0.07568949479077891,3.0531442866312397,2.2770791497092553,-0.024061168260123944,True,FULL,FULL_exp_d_rank_2
65,0.63,1.5666666666666669,1.42,0.9733333333333332,0.9733333333333332,10.644929502666052,3.191489361702127,11.618262835999383,3.927118476960182,0.9733333333333332,4.082726270364011,3.191489361702127,5.056059603697344,3.813542103990438,-6.562203232302041,6.562203232302041,-6.562203232302039,6.562203232302039,-0.1135763729697441,0.1135763729697441,0.28366782792852624,0.21235083699407845,-0.17515951121896522,True,FULL,FULL_exp_d_rank_2
66,0.34,2.175,5.0,4.24,4.24,2.0482757543105174,2.298850574712644,6.288275754310518,10.49368724913285,4.24,0.3231597395872452,2.298850574712644,4.563159739587245,15.74516868420421,-1.7251160147232723,1.7251160147232723,-1.7251160147232723,1.7251160147232723,5.251481435071359,5.251481435071359,0.2574165354577398,0.1647827437394087,0.8255705558685447,True,FULL,FULL_exp_d_rank_2
67,3.13,4.533333333333333,14.91,14.596666666666666,14.596666666666666,20.35467702287054,1.1029411764705883,34.951343689537204,1.4882877719989878,14.596666666666666,90.18496520644342,1.1029411764705883,104.78163187311009,1.169624194042162,69.83028818357289,69.83028818357289,69.83028818357289,69.83028818357289,-0.31866357795682587,0.31866357795682587,0.704198933693138,0.4429298483042001,0.9389171948117554,True,FULL,FULL_exp_d_rank_2
68,0.49,1.5666666666666669,0.79,0.63,0.63,1.4068332196782207,3.191489361702127,2.0368332196782206,5.5461514668738845,0.63,1.5298769326454638,3.191489361702127,2.1598769326454637,4.673859732074919,0.12304371296724304,0.12304371296724304,0.12304371296724304,0.12304371296724304,-0.8722917347989654,0.8722917347989654,0.04670081317653771,0.028463843303700217,0.8570263078467089,True,FULL,FULL_exp_d_rank_2
69,1.69,2.566666666666667,5.04,4.426666666666667,4.426666666666667,69.19774278410341,1.948051948051948,73.62440945077007,2.1459242646578933,4.426666666666667,18.017873645001497,1.948051948051948,22.444540311668163,2.1312149635195556,-51.17986913910191,51.17986913910191,-51.17986913910191,51.17986913910191,-0.014709301138337683,0.014709301138337683,0.9652966038153422,0.7247648144901119,-0.014296285346426574,True,FULL,FULL_exp_d_rank_2
70,3.12,4.466666666666667,16.37,15.163333333333334,15.163333333333334,137.96164146287623,1.1194029850746268,153.12497479620956,1.2614658876838951,15.163333333333334,154.25912303883442,1.1194029850746268,169.42245637216774,1.1612058900264848,16.297481575958187,16.297481575958187,16.297481575958187,16.297481575958187,-0.10025999765741034,0.10025999765741034,2.183997073236164,1.5720859889783076,0.4695227800359324,True,FULL,FULL_exp_d_rank_2
71,0.18,1.5666666666666669,0.87,0.6,0.6,0.5778652142592701,3.191489361702127,1.17786521425927,16.988625203858206,0.6,0.7726149300236432,3.191489361702127,1.3726149300236432,14.971066449328111,0.19474971576437317,0.19474971576437317,0.19474971576437317,0.19474971576437317,-2.0175587545300946,2.0175587545300946,0.030344628605438316,0.019492279917800753,0.925329658564036,True,FULL,FULL_exp_d_rank_2
72,0.42,2.175,5.1,3.8825,3.8825,4.482035276937978,2.298850574712644,8.364535276937978,6.759501195047857,3.8825,2.4870726520879125,2.298850574712644,6.369572652087912,7.283767104468592,-1.9949626248500656,1.9949626248500656,-1.994962624850066,1.994962624850066,0.5242659094207349,0.5242659094207349,0.27391063120134684,0.18311647300902956,0.8464225606343757,True,FULL,FULL_exp_d_rank_2
73,1.09,3.85,15.19,13.3025,13.3025,11.821633061680007,1.2987012987012987,25.12413306168001,2.9737453064844868,13.3025,16.60996124193524,1.2987012987012987,29.912461241935237,2.402911219333734,4.788328180255231,4.788328180255231,4.7883281802552276,4.7883281802552276,-0.5708340871507529,0.5708340871507529,0.3263241042948636,0.19396767079665964,0.9796959187148033,True,FULL,FULL_exp_d_rank_2
74,0.47,1.5666666666666669,0.66,0.5066666666666667,0.5066666666666667,1.2794449424210406,3.191489361702127,1.7861116090877074,5.540134014051035,0.5066666666666667,1.526812373220749,3.191489361702127,2.033479039887416,4.560801385400859,0.24736743079970847,0.24736743079970847,0.24736743079970847,0.24736743079970847,-0.9793326286501758,0.9793326286501758,0.03965311118261283,0.023444963720763247,0.8519429239562931,True,FULL,FULL_exp_d_rank_2
75,0.57,2.175,4.24,4.0125,4.0125,1.1193350008113887,2.298850574712644,5.131835000811389,7.4273022742503985,4.0125,0.3011503440549834,2.298850574712644,4.313650344054984,9.448665305138723,-0.8181846567564053,0.8181846567564053,-0.8181846567564053,0.8181846567564053,2.021363030888325,2.021363030888325,0.07901448068693262,0.05538054202878686,0.9840967030596934,True,FULL,FULL_exp_d_rank_2
76,4.13,4.7,14.9,13.285,13.285,1213.8760619263403,1.0638297872340423,1227.1610619263406,1.0940505167399543,13.285,266.72163505998583,1.0638297872340423,280.00663505998585,1.0790356059693804,-947.1544268663545,947.1544268663545,-947.1544268663547,947.1544268663547,-0.01501491077057393,0.01501491077057393,5.064055368125459,3.3678759593394556,-0.9785881922749364,True,FULL,FULL_exp_d_rank_2
77,0.18,1.5666666666666669,0.88,0.4966666666666666,0.4966666666666666,0.8494890683979475,3.191489361702127,1.346155735064614,14.732448429095294,0.4966666666666666,1.2420709214825525,3.191489361702127,1.738737588149219,12.758769137362377,0.392581853084605,0.392581853084605,0.392581853084605,0.392581853084605,-1.9736792917329176,1.9736792917329176,0.06041511303760391,0.03934990875079234,0.7968146243385088,True,FULL,FULL_exp_d_rank_2
78,1.25,2.566666666666667,4.37,3.77,3.77,17.6011784506471,1.948051948051948,21.3711784506471,2.4976694597033373,3.77,6.009406145467972,1.948051948051948,9.779406145467972,2.5544061192894087,-11.591772305179129,11.591772305179129,-11.591772305179129,11.591772305179129,0.056736659586071436,0.056736659586071436,0.4999436548638197,0.37414599380852764,0.5774226094901582,True,FULL,FULL_exp_d_rank_2
79,3.62,4.5,14.62,13.843333333333334,13.843333333333334,173.78668847200146,1.1111111111111112,187.6300218053348,1.2115644521301927,13.843333333333334,165.45323418559562,1.1111111111111112,179.29656751892895,1.1405259273541384,-8.33345428640584,8.33345428640584,-8.33345428640584,8.33345428640584,-0.07103852477605432,0.07103852477605432,1.9711080923680697,1.3420910562039094,0.42291461855263623,True,FULL,FULL_exp_d_rank_2
80,0.11,1.5633333333333332,1.04,0.5006666666666667,0.5006666666666667,0.863642983300683,3.1982942430703627,1.3643096499673495,27.24084861115649,0.5006666666666667,1.375750871039811,3.1982942430703627,1.8764175377064776,24.54669852076164,0.512107887739128,0.512107887739128,0.5121078877391281,0.5121078877391281,-2.6941500903948494,2.6941500903948494,0.11175705842616057,0.06749283377320359,0.5419887273459153,True,FULL,FULL_exp_d_rank_2
81,0.23,2.1775,4.79,3.54875,3.54875,2.4552355004571034,2.296211251435132,6.003985500457103,14.649101403235154,3.54875,0.7165192588640839,2.296211251435132,4.265269258864084,19.31026185263276,-1.7387162415930195,1.7387162415930195,-1.7387162415930195,1.7387162415930195,4.661160449397606,4.661160449397606,0.33355616338580046,0.20612454611372613,0.6524067225096759,True,FULL,FULL_exp_d_rank_2
83,0.21,1.5566666666666666,0.75,0.4896666666666667,0.4896666666666667,0.6541837303857423,3.211991434689508,1.143850397052409,13.109251845364824,0.4896666666666667,0.9975819840679884,3.211991434689508,1.487248650734655,10.956868674106044,0.3433982536822461,0.3433982536822461,0.34339825368224597,0.34339825368224597,-2.15238317125878,2.15238317125878,0.044336156124391894,0.02962288989977754,0.8189463319832374,True,FULL,FULL_exp_d_rank_2
84,1.52,2.19,4.53,3.98,3.98,84.48453784563569,2.2831050228310503,88.46453784563569,2.4678705594788535,3.98,22.91084445162786,2.2831050228310503,26.89084445162786,2.429323398984148,-61.573693394007826,61.573693394007826,-61.57369339400783,61.57369339400783,-0.03854716049470541,0.03854716049470541,0.964430196591859,0.709381327694488,-0.21980474483389156,True,FULL,FULL_exp_d_rank_2
86,1.14,1.85,0.47,0.4455,0.4455,1.2635859558868447,2.702702702702702,1.7090859558868448,3.448989911906233,0.4455,3.177984043629068,2.702702702702702,3.623484043629068,2.8706692654611765,1.914398087742223,1.914398087742223,1.914398087742223,1.914398087742223,-0.5783206464450563,0.5783206464450563,0.03538794873642688,0.02493487480868176,0.8431308465369808,True,FULL,FULL_exp_d_rank_2
87,1.53,2.29,3.84,3.5879999999999996,3.5879999999999996,21.229112109709114,2.1834061135371177,24.817112109709115,2.5522940611621228,3.5879999999999996,12.541617175232275,2.1834061135371177,16.129617175232276,2.413278518135479,-8.687494934476838,8.687494934476838,-8.687494934476838,8.687494934476838,-0.13901554302664376,0.13901554302664376,0.41386699692424306,0.3020637540800049,0.6620158911673495,True,FULL,FULL_exp_d_rank_2
89,0.31,1.5733333333333333,0.64,0.434,0.434,0.831446191232911,3.1779661016949152,1.265446191232911,8.046929532076042,0.434,1.2241204541072044,3.1779661016949152,1.6581204541072043,6.430419092547259,0.3926742628742934,0.3926742628742934,0.3926742628742934,0.3926742628742934,-1.616510439528783,1.616510439528783,0.018491535950150077,0.014141207006818693,0.962089358336515,True,FULL,FULL_exp_d_rank_2
90,0.44,2.0033333333333334,4.09,3.8813333333333335,3.8813333333333335,0.7845727106922662,2.4958402662229617,4.6659060440256,10.177837650659969,3.8813333333333335,0.0351002889053666,2.4958402662229617,3.9164336222387,17.65784497965846,-0.7494724217868995,0.7494724217868995,-0.7494724217868995,0.7494724217868995,7.480007328998491,7.480007328998491,0.13004835636002124,0.07631202568510714,0.9471332627039906,True,FULL,FULL_exp_d_rank_2
91,2.56,4.125,14.35,13.695,13.695,33.24347166872315,1.2121212121212122,46.93847166872315,1.5724619149710894,13.695,70.4447817293501,1.2121212121212122,84.13978172935009,1.3126348313270502,37.201310060626945,37.201310060626945,37.20131006062694,37.20131006062694,-0.2598270836440393,0.2598270836440393,0.9761346621067528,0.6818754970703167,0.8735296805823599,True,FULL,FULL_exp_d_rank_2
92,0.1,1.5666666666666669,0.84,0.5786666666666667,0.5786666666666667,0.3913124802400913,3.191489361702127,0.969979146906758,37.39184550372476,0.5786666666666667,0.5533909024831161,3.191489361702127,1.1320575691497827,34.010613743056474,0.16207842224302477,0.16207842224302477,0.1620784222430247,0.1620784222430247,-3.3812317606682853,3.3812317606682853,0.036694634744960944,0.021883411296007543,0.8550267821483005,True,FULL,FULL_exp_d_rank_2
94,2.24,4.125,16.29,15.185,15.185,36.934910613682646,1.2121212121212122,52.11991061368265,1.6343524111032697,15.185,79.09898533222116,1.2121212121212122,94.28398533222116,1.332934866892539,42.164074718538515,42.164074718538515,42.164074718538515,42.164074718538515,-0.30141754421073075,0.30141754421073075,1.1467773514030635,0.7789687038409838,0.8536765433033364,True,FULL,FULL_exp_d_rank_2
95,0.15,1.5666666666666669,1.04,0.515,0.515,1.0180921290257392,3.191489361702127,1.533092129025739,17.824332391452327,0.515,1.4838339614023042,3.191489361702127,1.998833961402304,15.871160876227195,0.46574183237656497,0.46574183237656497,0.46574183237656497,0.46574183237656497,-1.9531715152251312,1.9531715152251312,0.08465029314270951,0.053401555087152344,0.752435933421463,True,FULL,FULL_exp_d_rank_2
96,0.32,2.225,5.75,4.01075,4.01075,4.5926707536336835,2.2471910112359548,8.603420753633683,8.90252129065327,4.01075,3.1506617106428436,2.2471910112359548,7.161411710642843,9.227041231680262,-1.4420090429908399,1.4420090429908399,-1.4420090429908399,1.4420090429908399,0.3245199410269919,0.3245199410269919,0.25075022278159065,0.16008947562492978,0.8934707540056768,True,FULL,FULL_exp_d_rank_2
97,0.98,3.925,16.9,13.655,13.655,17.423005323734152,1.2738853503184715,31.07800532373415,2.9328424113361327,13.655,25.790231619705544,1.2738853503184715,39.445231619705545,2.318579961889097,8.367226295971392,8.367226295971392,8.367226295971395,8.367226295971395,-0.6142624494470357,0.6142624494470357,0.3712013200455289,0.26210170917885983,0.9771667622061779,True,FULL,FULL_exp_d_rank_2
98,0.12,1.5666666666666669,1.33,0.569,0.569,1.2856106349233354,3.191489361702127,1.854610634923335,23.13000566043724,0.569,1.867848378529941,3.191489361702127,2.4368483785299406,21.178169350872565,0.5822377436066055,0.5822377436066055,0.5822377436066055,0.5822377436066055,-1.9518363095646762,1.9518363095646762,0.12163741912568034,0.07430700435752516,0.7253147183473172,True,FULL,FULL_exp_d_rank_2
99,0.38,2.1775,5.29,3.8055,3.8055,4.8847712477868654,2.296211251435132,8.690271247786866,7.231167894086396,3.8055,3.043658778875962,2.296211251435132,6.849158778875962,7.5698320342930385,-1.8411124689109033,1.8411124689109033,-1.8411124689109037,1.8411124689109037,0.3386641402066424,0.3386641402066424,0.2785145322576934,0.18291322546453329,0.853662900134553,True,FULL,FULL_exp_d_rank_2
100,1.12,3.865,15.69,14.2025,14.2025,9.330787016774106,1.2936610608020698,23.533287016774107,3.133851414322128,14.2025,17.928678663883034,1.2936610608020698,32.131178663883034,2.3460593498784363,8.597891647108927,8.597891647108927,8.597891647108927,8.597891647108927,-0.7877920644436918,0.7877920644436918,0.3468198306013137,0.26258572875763814,0.9790333535803035,True,FULL,FULL_exp_d_rank_2
101,0.11,1.5599999999999998,1.19,0.5136666666666666,0.5136666666666666,1.0901897584596147,3.2051282051282053,1.6038564251262817,26.190812099681132,0.5136666666666666,1.7037347401531613,3.2051282051282053,2.217401406819828,23.84426226761699,0.6135449816935465,0.6135449816935465,0.6135449816935461,0.6135449816935461,-2.3465498320641416,2.3465498320641416,0.13356143088074163,0.08073463240411966,0.5705678980071539,True,FULL,FULL_exp_d_rank_2
102,0.33,2.175,5.38,4.15275,4.15275,3.3230952595070686,2.298850574712644,7.475845259507069,9.464816530487427,4.15275,1.7482472416192838,2.298850574712644,5.900997241619284,10.62363830078753,-1.5748480178877848,1.5748480178877848,-1.5748480178877848,1.5748480178877848,1.1588217703001025,1.1588217703001025,0.2526654435626597,0.16353451538095448,0.8622229297316819,True,FULL,FULL_exp_d_rank_2
104,0.46,1.61,0.57,0.4153333333333333,0.4153333333333333,1.2195408766373736,3.105590062111801,1.634874209970707,5.380408458094788,0.4153333333333333,1.545039723294355,3.105590062111801,1.960373056627688,4.361408543514976,0.32549884665698126,0.32549884665698126,0.32549884665698103,0.32549884665698103,-1.0189999145798119,1.0189999145798119,0.03537189147872732,0.02058284786599022,0.8447400808932568,True,FULL,FULL_exp_d_rank_2
106,6.69,7.0,11.06,11.03,11.03,6.769176332863529,0.7142857142857143,17.799176332863528,0.9707346090728766,11.03,98.76348969068816,0.7142857142857143,109.79348969068816,0.7342272322224178,91.99431335782464,91.99431335782464,91.99431335782464,91.99431335782464,-0.23650737685045875,0.23650737685045875,0.33712677731820695,0.17974004819661688,0.9715722256112317,True,FULL,FULL_exp_d_rank_2
107,0.15,1.5566666666666666,0.88,0.5103333333333334,0.5103333333333334,0.7081291518031402,3.211991434689508,1.2184624851364736,19.26598627033951,0.5103333333333334,1.0770568055411114,3.211991434689508,1.5873901388744447,16.845778572595485,0.3689276537379712,0.3689276537379712,0.3689276537379711,0.3689276537379711,-2.4202076977440257,2.4202076977440257,0.06762673521647347,0.04252935129456734,0.7141156207169942,True,FULL,FULL_exp_d_rank_2
108,0.24,2.175,5.1,3.69825,3.69825,2.8769666070220197,2.298850574712644,6.5752166070220195,13.53664985652516,3.69825,1.2929144589409054,2.298850574712644,4.991164458940905,16.015061802603913,-1.5840521480811143,1.5840521480811143,-1.5840521480811143,1.5840521480811143,2.4784119460787526,2.4784119460787526,0.3000979733621142,0.18692998599397023,0.7647439642942209,True,FULL,FULL_exp_d_rank_2
110,0.15,2.1675,1.23,0.6225,0.6225,0.9619833022068238,2.306805074971165,1.584483302206824,20.507804388385548,0.6225,1.036375810386482,2.306805074971165,1.658875810386482,19.762286737085244,0.07439250817965815,0.07439250817965815,0.07439250817965792,0.07439250817965792,-0.7455176513003039,0.7455176513003039,0.015317904806780743,0.009318312535764055,0.9933300608907109,True,FULL,FULL_exp_d_rank_2
111,0.25,2.165,6.22,4.547499999999999,4.547499999999999,3.553532108811563,2.3094688221709005,8.101032108811562,12.896286747191096,4.547499999999999,2.976373942183236,2.3094688221709005,7.5238739421832355,12.89972380208061,-0.577158166628327,0.577158166628327,-0.577158166628327,0.577158166628327,0.0034370548895132913,0.0034370548895132913,0.12266706952716816,0.07468391865691358,0.9738099141755077,True,FULL,FULL_exp_d_rank_2
112,0.46,4.1075,18.37,16.2525,16.2525,4.204330792736471,1.217285453438831,20.456830792736472,9.296747223836368,16.2525,4.553551370289963,1.217285453438831,20.806051370289964,8.827171898462385,0.349220577553492,0.349220577553492,0.349220577553492,0.349220577553492,-0.4695753253739827,0.4695753253739827,0.06381546857683681,0.0392616015329216,0.9990159041872542,True,FULL,FULL_exp_d_rank_2
113,0.21,1.5599999999999998,0.72,0.5333333333333333,0.5333333333333333,0.4530839141628877,3.2051282051282053,0.9864172474962212,14.758619332850811,0.5333333333333333,0.7096143930016762,3.2051282051282053,1.2429477263350095,12.26456277642274,0.2565304788387885,0.2565304788387885,0.2565304788387883,0.2565304788387883,-2.494056556428072,2.494056556428072,0.035063626811759806,0.023041153698964218,0.8494997392932998,True,FULL,FULL_exp_d_rank_2
114,0.46,2.215,4.54,3.755,3.755,3.0550946555112306,2.2573363431151243,6.8100946555112305,6.812602552841997,3.755,0.9960752577951508,2.2573363431151243,4.751075257795151,8.548320606434988,-2.05901939771608,2.05901939771608,-2.05901939771608,2.05901939771608,1.7357180535929908,1.7357180535929908,0.24590818434694536,0.16681121979277627,0.8417159185668956,True,FULL,FULL_exp_d_rank_2
115,3.02,4.84,14.29,13.226666666666668,13.226666666666668,67.62238227774218,1.0330578512396695,80.84904894440885,1.2379494369579531,13.226666666666668,53.5899716745645,1.0330578512396695,66.81663834123117,1.1381933491565697,-14.032410603177674,14.032410603177674,-14.03241060317768,14.03241060317768,-0.09975608780138345,0.09975608780138345,1.524165576714742,1.1335880780080365,0.6780349684118209,True,FULL,FULL_exp_d_rank_2
116,0.1,1.5533333333333337,1.16,0.5640000000000001,0.5640000000000001,0.912890584776652,3.218884120171673,1.476890584776652,31.1344826944979,0.5640000000000001,1.3737083586120789,3.218884120171673,1.937708358612079,28.449906275948972,0.4608177738354269,0.4608177738354269,0.4608177738354269,0.4608177738354269,-2.6845764185489287,2.6845764185489287,0.10390201852627487,0.06219091569279966,0.6686636583556773,True,FULL,FULL_exp_d_rank_2
117,0.28,2.16,4.98,3.80875,3.80875,2.7207253448886286,2.314814814814815,6.5294753448886285,11.627647012732409,3.80875,1.0291060125002025,2.314814814814815,4.837856012500202,14.361170321678522,-1.691619332388426,1.691619332388426,-1.6916193323884263,1.6916193323884263,2.733523308946113,2.733523308946113,0.2919209766979102,0.18501125225938012,0.767855701868553,True,FULL,FULL_exp_d_rank_2
118,0.84,3.88,14.83,12.9825,12.9825,7.331910697776193,1.288659793814433,20.314410697776193,4.123242699657944,12.9825,7.138897229808892,1.288659793814433,20.121397229808892,3.814026735494131,-0.193013467967301,0.193013467967301,-0.193013467967301,0.193013467967301,-0.30921596416381325,0.30921596416381325,0.20730378899312762,0.10144404265252895,0.9896464011741332,True,FULL,FULL_exp_d_rank_2
119,0.05,1.5533333333333337,1.06,0.4603333333333333,0.4603333333333333,0.7347138188950575,3.218884120171673,1.1950471522283908,76.69251608229672,0.4603333333333333,1.3517551086567017,3.218884120171673,1.8120884419900347,70.93498899017773,0.6170412897616442,0.6170412897616442,0.617041289761644,0.617041289761644,-5.757527092118991,5.757527092118991,0.16043042391937284,0.09191720693173437,0.06134404864117904,True,FULL,FULL_exp_d_rank_2
120,0.24,2.1675,5.34,3.634,3.634,3.551284821064535,2.306805074971165,7.185284821064535,12.76758648025316,3.634,2.3073531691243336,2.306805074971165,5.9413531691243335,13.658066110425915,-1.2439316519402013,1.2439316519402013,-1.2439316519402013,1.2439316519402013,0.8904796301727558,0.8904796301727558,0.24068606734229853,0.14980774414082437,0.8760912968433663,True,FULL,FULL_exp_d_rank_2
121,0.58,3.8475,15.72,12.52,12.52,8.509190021060213,1.299545159194282,21.029190021060213,5.626700720273117,12.52,8.747828046166717,1.299545159194282,21.267828046166716,5.23288855388005,0.23863802510650345,0.23863802510650345,0.23863802510650345,0.23863802510650345,-0.39381216639306693,0.39381216639306693,0.11527470578329106,0.047496386105768416,0.9965214557332573,True,FULL,FULL_exp_d_rank_2
122,0.16,1.7866666666666664,1.46,0.5153333333333333,0.5153333333333333,1.791622665699797,2.7985074626865676,2.3069559990331303,15.27471027903135,0.5153333333333333,2.347418679489236,2.7985074626865676,2.8627520128225696,14.181951246360576,0.5557960137894393,0.5557960137894393,0.5557960137894393,0.5557960137894393,-1.0927590326707737,1.0927590326707737,0.10404101058939355,0.06527078046809119,0.8728837408330418,True,FULL,FULL_exp_d_rank_2
123,0.34,2.19,5.86,3.70375,3.70375,6.4076526447249105,2.2831050228310503,10.11140264472491,7.4904783908875965,3.70375,5.339533728604696,2.2831050228310503,9.043283728604695,7.218304108025544,-1.0681189161202145,1.0681189161202145,-1.0681189161202145,1.0681189161202145,-0.2721742828620526,0.2721742828620526,0.21608284241727205,0.13358272181855305,0.937668468089316,True,FULL,FULL_exp_d_rank_2
124,0.72,3.9025,15.23,13.1975,13.1975,6.547895084347095,1.2812299807815504,19.745395084347095,4.922489465268678,13.1975,5.723216848438655,1.2812299807815504,18.920716848438655,4.766742544296696,-0.8246782359084399,0.8246782359084399,-0.8246782359084399,0.8246782359084399,-0.15574692097198195,0.15574692097198195,0.2078667023824501,0.12162852124309673,0.9889696747413943,True,FULL,FULL_exp_d_rank_2
125,0.13,1.5766666666666669,0.83,0.5316666666666667,0.5316666666666667,0.5110542316499418,3.1712473572938684,1.0427208983166083,25.070549134255213,0.5316666666666667,0.7798140523180832,3.1712473572938684,1.31148071898475,22.106741157957504,0.2687598206681414,0.2687598206681414,0.26875982066814164,0.26875982066814164,-2.9638079762977085,2.9638079762977085,0.054713366310459,0.0335505686502014,0.7332834340446739,True,FULL,FULL_exp_d_rank_2
127,2.99,4.513333333333333,16.39,14.923333333333332,14.923333333333332,140.10135047238424,1.1078286558345645,155.0246838057176,1.2549920885699382,14.923333333333332,129.7042372610058,1.1078286558345645,144.62757059433912,1.159497567213828,-10.39711321137844,10.39711321137844,-10.397113211378468,10.397113211378468,-0.09549452135611025,0.09549452135611025,2.362649187764502,1.742116798446694,0.3958236902628791,True,FULL,FULL_exp_d_rank_2
128,0.22,1.5666666666666669,1.38,0.6789999999999999,0.6789999999999999,1.9691572578488556,3.191489361702127,2.6481572578488555,10.298464829923804,0.6789999999999999,2.1054537529555573,3.191489361702127,2.784453752955557,9.34590374604702,0.1362964951067016,0.1362964951067016,0.1362964951067016,0.1362964951067016,-0.952561083876784,0.952561083876784,0.014750636471433915,0.009169416693960862,0.9963505606219514,True,FULL,FULL_exp_d_rank_2
129,0.39,2.18,6.11,4.593,4.593,5.057943521426855,2.293577981651376,9.650943521426855,7.34235077378404,4.593,4.142760222345684,2.293577981651376,8.735760222345684,7.106178759201511,-0.9151832990811712,0.9151832990811712,-0.9151832990811712,0.9151832990811712,-0.2361720145825288,0.2361720145825288,0.1833156242646227,0.11362283224018373,0.9504955875466105,True,FULL,FULL_exp_d_rank_2
130,2.78,4.13,17.18,15.5675,15.5675,173.2142161184181,1.2106537530266344,188.7817161184181,1.354578535378103,15.5675,205.71901777853003,1.2106537530266344,221.28651777853003,1.2477504717358137,32.50480166011192,32.50480166011192,32.50480166011192,32.50480166011192,-0.10682806364228936,0.10682806364228936,2.6826701944000804,1.9702835637925091,0.2912315775951452,True,FULL,FULL_exp_d_rank_2
131,0.3,1.57,0.69,0.4403333333333333,0.4403333333333333,0.989606450202688,3.184713375796178,1.4299397835360212,7.9675990689291964,0.4403333333333333,1.3562894113026922,3.184713375796178,1.7966227446360254,6.500068073179491,0.3666829611000042,0.3666829611000042,0.3666829611000042,0.3666829611000042,-1.4675309957497058,1.4675309957497058,0.01677916586957409,0.012980391831784028,0.9751270446172428,True,FULL,FULL_exp_d_rank_2
132,0.38,2.2025,4.61,3.49275,3.49275,3.5417527605950667,2.270147559591374,7.034502760595067,7.697329513236288,3.49275,1.4038247801228314,2.270147559591374,4.896574780122831,9.256509873862052,-2.1379279804722353,2.1379279804722353,-2.1379279804722353,2.1379279804722353,1.5591803606257644,1.5591803606257644,0.3007539565320784,0.1995150049964074,0.7586806227597082,True,FULL,FULL_exp_d_rank_2
133,0.58,3.89,14.25,12.71,12.71,3.870375185655917,1.2853470437017995,16.580375185655917,6.937928600833182,12.71,0.0102125068513387,1.2853470437017995,12.72021250685134,18.137573468234688,-3.860162678804578,3.860162678804578,-3.8601626788045778,3.8601626788045778,11.199644867401506,11.199644867401506,0.744152711686155,0.4438010311911848,0.8129371627753629,True,FULL,FULL_exp_d_rank_2
134,0.29,1.5933333333333335,0.81,0.6846666666666668,0.6846666666666668,0.4027161872827163,3.1380753138075312,1.087382853949383,11.679447292728767,0.6846666666666668,0.5708383393220082,3.1380753138075312,1.255505005988675,9.773387802778592,0.16812215203929193,0.16812215203929193,0.16812215203929193,0.16812215203929193,-1.9060594899501755,1.9060594899501755,0.01524563501996693,0.010737780955233376,0.9789481874133243,True,FULL,FULL_exp_d_rank_2
135,0.42,2.1925,4.74,4.255,4.255,1.6007301765706998,2.280501710376283,5.8557301765707,9.079561652406012,4.255,0.0232617947595219,2.280501710376283,4.278261794759522,19.84758950990436,-1.5774683818111779,1.5774683818111779,-1.5774683818111779,1.5774683818111779,10.768027857498348,10.768027857498348,0.22995454842300783,0.14905731498596222,0.86410324018093,True,FULL,FULL_exp_d_rank_2
136,2.48,4.18,15.4,14.19,14.19,62.34454554337887,1.1961722488038278,76.53454554337887,1.469660738779334,14.19,82.7106994700546,1.1961722488038278,96.9006994700546,1.290680638737718,20.366153926675736,20.366153926675736,20.366153926675736,20.366153926675736,-0.1789801000416158,0.1789801000416158,1.5415952030691187,1.1257701046980813,0.7102909091092247,True,FULL,FULL_exp_d_rank_2
137,1.18,1.85,0.63,0.575,0.575,4.239497230710774,2.702702702702702,4.814497230710774,3.1309195303367727,0.575,4.057403213804572,2.702702702702702,4.632403213804572,2.864203146769616,-0.18209401690620197,0.18209401690620197,-0.18209401690620197,0.18209401690620197,-0.2667163835671569,0.2667163835671569,0.08225081656841736,0.06121344154380027,0.5106633937838708,True,FULL,FULL_exp_d_rank_2
138,0.99,2.6033333333333335,4.93,4.496666666666667,4.496666666666667,4.9592094785200045,1.9206145966709345,9.455876145186672,3.460965956174455,4.496666666666667,2.491366290059842,1.9206145966709345,6.988032956726509,3.59587802878827,-2.4678431884601624,2.4678431884601624,-2.4678431884601624,2.4678431884601624,0.13491207261381488,0.13491207261381488,0.210428218548902,0.15012830715650963,0.9346542329567197,True,FULL,FULL_exp_d_rank_2
139,1.92,4.2125,17.14,16.56,16.56,9.158812659704571,1.1869436201780414,25.71881265970457,2.22655990128023,16.56,50.38117271886024,1.1869436201780414,66.94117271886024,1.433128415966126,41.22236005915567,41.22236005915567,41.222360059155676,41.222360059155676,-0.793431485314104,0.793431485314104,0.5583335901693693,0.3818550044709324,0.966864460473036,True,FULL,FULL_exp_d_rank_2
140,0.42,1.7400000000000002,0.83,0.4525,0.4525,2.5886372580129136,2.8735632183908044,3.0411372580129137,4.84879553279124,0.4525,2.172316868099386,2.8735632183908044,2.624816868099386,4.2633976622651435,-0.4163203899135275,0.4163203899135275,-0.4163203899135275,0.4163203899135275,-0.5853978705260969,0.5853978705260969,0.09087809481624494,0.06051196864209952,0.6438399796396254,True,FULL,FULL_exp_d_rank_2
141,1.23,2.5733333333333337,4.22,4.026666666666666,4.026666666666666,3.714553371745124,1.94300518134715,7.74122003841179,3.22230726876678,4.026666666666666,3.5634577132105782,1.94300518134715,7.590124379877245,2.876790637541679,-0.15109565853454576,0.15109565853454576,-0.15109565853454576,0.15109565853454576,-0.345516631225101,0.345516631225101,0.14996332273743337,0.09639956743556706,0.9614291671746857,True,FULL,FULL_exp_d_rank_2
142,1.79,4.84,15.01,14.9025,14.9025,0.8901040923931092,1.0330578512396695,15.792604092393107,3.4546415460563873,14.9025,5.598130194948052,1.0330578512396695,20.50063019494805,2.1738361876311525,4.708026102554943,4.708026102554943,4.708026102554944,4.708026102554944,-1.2808053584252348,1.2808053584252348,0.47713580696560304,0.27698396934317593,0.9598301681215142,True,FULL,FULL_exp_d_rank_2
143,0.33,1.5733333333333333,0.58,0.4766666666666666,0.4766666666666666,0.4098600862261488,3.1779661016949152,0.8865267528928155,9.368454028225154,0.4766666666666666,0.8097597860896719,3.1779661016949152,1.2864264527563385,6.953303208638354,0.39989969986352314,0.39989969986352314,0.39989969986352303,0.39989969986352303,-2.4151508195868,2.4151508195868,0.02576655176890848,0.01864937525969058,0.8945072778085269,True,FULL,FULL_exp_d_rank_2
144,0.43,2.1725,4.53,3.8975,3.8975,2.2412867147074325,2.3014959723820483,6.138786714707432,7.955893974394428,3.8975,0.5245759012125806,2.3014959723820483,4.4220759012125805,10.869304829265454,-1.7167108134948519,1.7167108134948519,-1.7167108134948519,1.7167108134948519,2.9134108548710262,2.9134108548710262,0.21095239080092737,0.13971641639038768,0.8778069919560764,True,FULL,FULL_exp_d_rank_2
145,3.33,4.496666666666667,14.77,14.159999999999998,14.159999999999998,71.68575820940592,1.111934766493699,85.84575820940591,1.2931877819034847,14.159999999999998,120.90135346582488,1.111934766493699,135.06135346582488,1.1571686631302738,49.215595256418965,49.215595256418965,49.215595256418965,49.215595256418965,-0.13601911877321093,0.13601911877321093,1.3081679104358994,0.9002493958900363,0.7649541190258744,True,FULL,FULL_exp_d_rank_2
146,0.13,1.5599999999999998,0.68,0.5633333333333334,0.5633333333333334,0.1951982739754749,3.2051282051282053,0.7585316073088083,31.88575510060682,0.5633333333333334,0.3030927902091144,3.2051282051282053,0.8664261235424477,27.941186495080498,0.10789451623363949,0.10789451623363949,0.10789451623363944,0.10789451623363944,-3.944568605526321,3.944568605526321,0.02211308411236031,0.013397762179393506,0.903734854280281,True,FULL,FULL_exp_d_rank_2
147,1.84,3.1775,4.39,3.69,3.69,48.191526905344915,1.5735641227380015,51.88152690534491,1.779339325853626,3.69,7.838367922312896,1.5735641227380015,11.528367922312896,1.8798981007176627,-40.35315898303202,40.35315898303202,-40.35315898303202,40.35315898303202,0.10055877486403664,0.10055877486403664,0.8400791257002808,0.6457674116737135,-0.0262676070822474,True,FULL,FULL_exp_d_rank_2
148,2.23,4.3774999999999995,15.49,14.875,14.875,14.10295307840756,1.142204454597373,28.97795307840756,1.8301286904573817,14.875,41.55853329623532,1.142204454597373,56.43353329623532,1.3565196468225225,27.45558021782776,27.45558021782776,27.45558021782776,27.45558021782776,-0.47360904363485923,0.47360904363485923,0.6127011265993919,0.3618260063024601,0.953989045795084,True,FULL,FULL_exp_d_rank_2
149,0.18,1.5599999999999998,0.96,0.5433333333333333,0.5433333333333333,0.9264981470545324,3.2051282051282053,1.4698314803878656,14.731251978605432,0.5433333333333333,1.2673055410485037,3.2051282051282053,1.8106388743818371,12.94078854770068,0.3408073939939713,0.3408073939939713,0.34080739399397153,0.34080739399397153,-1.790463430904751,1.790463430904751,0.051314400362174495,0.033492416698168395,0.8764546474632697,True,FULL,FULL_exp_d_rank_2
150,0.4,2.175,5.29,4.25,4.25,3.4798658017251105,2.298850574712644,7.7298658017251105,7.755705088302538,4.25,1.8376506668134749,2.298850574712644,6.087650666813475,8.588250937998628,-1.6422151349116356,1.6422151349116356,-1.6422151349116358,1.6422151349116358,0.8325458496960909,0.8325458496960909,0.2332215276533264,0.15474009435038738,0.8882194530555134,True,FULL,FULL_exp_d_rank_2
151,0.99,3.6125,15.85,14.965,14.965,4.712295648967803,1.384083044982699,19.677295648967803,4.185634509215309,14.965,20.145211370596403,1.384083044982699,35.1102113705964,2.570558550543587,15.4329157216286,15.4329157216286,15.4329157216286,15.4329157216286,-1.6150759586717225,1.6150759586717225,0.750300839082937,0.569275421377116,0.9007677092866179,True,FULL,FULL_exp_d_rank_2
152,1.16,1.9,0.64,0.54,0.54,8.918859589233094,2.6315789473684212,9.458859589233091,2.9158636476035604,0.54,4.233289037017292,2.6315789473684212,4.7732890370172925,2.783441345419681,-4.685570552215801,4.685570552215801,-4.685570552215799,4.685570552215799,-0.1324223021838793,0.1324223021838793,0.1356156673385325,0.10375011768713881,-0.19448069120403644,True,FULL,FULL_exp_d_rank_2
153,1.3,2.566666666666667,4.2,3.9333333333333336,3.9333333333333336,6.732843008196392,1.948051948051948,10.666176341529724,2.832743127876559,3.9333333333333336,4.761850473276869,1.948051948051948,8.695183806610203,2.6471057477390594,-1.9709925349195228,1.9709925349195228,-1.970992534919521,1.970992534919521,-0.18563738013749953,0.18563738013749953,0.2317219877422302,0.16317980600848436,0.9079768997844617,True,FULL,FULL_exp_d_rank_2
155,0.56,1.5599999999999998,0.58,0.4766666666666666,0.4766666666666666,1.2430840918042927,3.2051282051282053,1.7197507584709593,5.0236277196711585,0.4766666666666666,1.6818496031049746,3.2051282051282053,2.158516269771641,4.082995707525778,0.43876551130068187,0.43876551130068187,0.43876551130068187,0.43876551130068187,-0.9406320121453806,0.9406320121453806,0.04031500243252069,0.02518224575705739,0.8160336927323166,True,FULL,FULL_exp_d_rank_2
156,0.67,2.1775,4.06,3.745,3.745,2.1627193549790276,2.296211251435132,5.907719354979028,5.4890381882934465,3.745,1.2551517802551544,2.296211251435132,5.0001517802551545,5.721982256348194,-0.9075675747238732,0.9075675747238732,-0.9075675747238732,0.9075675747238732,0.23294406805474743,0.23294406805474743,0.1009543285055301,0.06982376025585774,0.9747114329771964,True,FULL,FULL_exp_d_rank_2
157,1.32,3.9,14.36,13.5925,13.5925,6.126023681195667,1.2820512820512822,19.718523681195663,3.032176279008363,13.5925,13.673092134083918,1.2820512820512822,27.265592134083917,2.2213214588875214,7.547068452888251,7.547068452888251,7.547068452888254,7.547068452888254,-0.8108548201208414,0.8108548201208414,0.3197400871904782,0.22550601692649047,0.981151305880425,True,FULL,FULL_exp_d_rank_2
158,0.17,1.6233333333333333,1.0,0.5720000000000001,0.5720000000000001,0.8749487231528226,3.080082135523614,1.4469487231528226,16.31818533574024,0.5720000000000001,1.153715395851696,3.080082135523614,1.725715395851696,14.603284266762858,0.27876667269887334,0.27876667269887334,0.27876667269887334,0.27876667269887334,-1.7149010689773814,1.7149010689773814,0.04634946197882922,0.02966780140925974,0.9016669836319049,True,FULL,FULL_exp_d_rank_2
159,0.32,2.1825,5.06,4.11975,4.11975,2.410582651104151,2.290950744558992,6.530332651104151,10.626543938716322,4.11975,0.6357430887133422,2.290950744558992,4.755493088713342,14.30263122529484,-1.7748395623908086,1.7748395623908086,-1.7748395623908086,1.7748395623908086,3.676087286578518,3.676087286578518,0.2799321713045602,0.17832042838211634,0.7949949550802764,True,FULL,FULL_exp_d_rank_2
160,1.07,3.895,14.3,13.0025,13.0025,7.31537030166651,1.2836970474967908,20.31787030166651,3.3651116062820727,13.0025,8.74958743276767,1.2836970474967908,21.75208743276767,2.894792836755449,1.4342171311011604,1.4342171311011604,1.4342171311011604,1.4342171311011604,-0.47031876952662355,0.47031876952662355,0.2325066059221843,0.11826064345957088,0.9882405775189547,True,FULL,FULL_exp_d_rank_2
161,0.1,1.5666666666666669,0.85,0.5843333333333334,0.5843333333333334,0.3978559436075378,3.191489361702127,0.9821892769408712,37.33548887229885,0.5843333333333334,0.5563163341913338,3.191489361702127,1.1406496675246671,34.04302632518263,0.15846039058379596,0.15846039058379596,0.1584603905837959,0.1584603905837959,-3.292462547116223,3.292462547116223,0.03585727749331212,0.021385943138536045,0.8653220563323469,True,FULL,FULL_exp_d_rank_2
162,0.24,2.175,6.09,4.409,4.409,3.4511384121172206,2.298850574712644,7.86013841211722,13.515323404054092,4.409,2.6652181702463515,2.298850574712644,7.074218170246351,13.848636037203097,-0.7859202418708691,0.7859202418708691,-0.7859202418708691,0.7859202418708691,0.3333126331490046,0.3333126331490046,0.15978567939263774,0.09834725663171426,0.9533466725613169,True,FULL,FULL_exp_d_rank_2
163,0.5,3.8625,16.89,15.2325,15.2325,3.655467066441505,1.2944983818770228,18.887967066441504,8.601598077321363,15.2325,4.678965842422057,1.2944983818770228,19.911465842422057,7.7770409448212545,1.0234987759805523,1.0234987759805523,1.0234987759805527,1.0234987759805527,-0.8245571325001082,0.8245571325001082,0.1579328439182355,0.10193374928560857,0.9934362229326645,True,FULL,FULL_exp_d_rank_2
164,0.07,1.5566666666666666,0.85,0.5843333333333334,0.5843333333333334,0.3510048045966245,3.211991434689508,0.935338137929958,59.36701870371923,0.5843333333333334,0.4860773648054064,3.211991434689508,1.0704106981387398,55.09089431099674,0.13507256020878194,0.13507256020878194,0.13507256020878178,0.13507256020878178,-4.276124392722494,4.276124392722494,0.033386074521541326,0.019434963258028237,0.874587850197093,True,FULL,FULL_exp_d_rank_2
165,0.23,2.1675,5.85,4.43275,4.43275,2.80147060168731,2.306805074971165,7.23422060168731,14.978792929839672,4.43275,1.6228498107176366,2.306805074971165,6.055599810717637,16.61710386542598,-1.1786207909696733,1.1786207909696733,-1.1786207909696733,1.1786207909696733,1.6383109355863095,1.6383109355863095,0.2311391853807581,0.14291312787551377,0.8846229499552651,True,FULL,FULL_exp_d_rank_2
166,0.75,3.8625,16.87,15.795,15.795,3.4935563581594646,1.2944983818770228,19.288556358159465,5.80409010742513,15.795,9.30959007884305,1.2944983818770228,25.10459007884305,4.180131965050248,5.816033720683585,5.816033720683585,5.816033720683585,5.816033720683585,-1.6239581423748817,1.6239581423748817,0.602183780616068,0.41337227798993725,0.9272555483458003,True,FULL,FULL_exp_d_rank_2
167,0.17,1.5599999999999998,0.8,0.5579999999999999,0.5579999999999999,0.4953159279041487,3.2051282051282053,1.0533159279041486,18.51576110820791,0.5579999999999999,0.7237798436497961,3.2051282051282053,1.281779843649796,16.039284165922496,0.2284639157456474,0.2284639157456474,0.2284639157456474,0.2284639157456474,-2.476476942285416,2.476476942285416,0.038374127801784494,0.024424662091909237,0.8525140765635871,True,FULL,FULL_exp_d_rank_2
168,1.11,2.563333333333333,4.61,4.293333333333333,4.293333333333333,4.918051194692046,1.950585175552666,9.21138452802538,3.258019017990617,4.293333333333333,3.308474089633793,1.950585175552666,7.601807422967126,3.1244979144341816,-1.6095771050582526,1.6095771050582526,-1.6095771050582544,1.6095771050582544,-0.13352110355643543,0.13352110355643543,0.19244229790567402,0.13255205140736026,0.942788372642149,True,FULL,FULL_exp_d_rank_2
169,3.93,4.553333333333334,16.61,16.513333333333332,16.513333333333332,14.198414912137522,1.0980966325036603,30.711748245470854,1.4757256498343354,16.513333333333332,317.20632314595787,1.0980966325036603,333.7196564792912,1.1148663699089998,303.00790823382033,303.00790823382033,303.00790823382033,303.00790823382033,-0.3608592799253356,0.3608592799253356,0.5863859923309884,0.32902249619408136,0.9634302614490691,True,FULL,FULL_exp_d_rank_2
170,0.19,1.5533333333333337,0.76,0.5436666666666666,0.5436666666666666,0.4848535368761771,3.218884120171673,1.0285202035428438,16.275028887164293,0.5436666666666666,0.7319527043536121,3.218884120171673,1.2756193710202788,13.805895639890933,0.24709916747743504,0.24709916747743504,0.247099167477435,0.247099167477435,-2.4691332472733603,2.4691332472733603,0.037303915445076156,0.0241774511143288,0.8475379786437653,True,FULL,FULL_exp_d_rank_2
172,1.88,4.13,15.76,14.8875,14.8875,14.997831291761866,1.2106537530266344,29.885331291761865,2.0220034481788933,14.8875,39.63807531084967,1.2106537530266344,54.525575310849675,1.49109533813465,24.640244019087806,24.640244019087806,24.64024401908781,24.64024401908781,-0.5309081100442434,0.5309081100442434,0.6012493141777961,0.3534995020661215,0.9540150029534192,True,FULL,FULL_exp_d_rank_2
173,0.23,1.5666666666666669,0.81,0.5826666666666666,0.5826666666666666,0.6080845262035995,3.191489361702127,1.190751192870266,12.675105003139644,0.5826666666666666,0.8275397619144905,3.191489361702127,1.410206428581157,10.815531775339124,0.21945523571089098,0.21945523571089098,0.21945523571089098,0.21945523571089098,-1.859573227800519,1.859573227800519,0.02458750705891452,0.016493858044327885,0.9464858983806745,True,FULL,FULL_exp_d_rank_2
175,1.85,4.1125,17.29,16.4125,16.4125,14.29966321375646,1.21580547112462,30.71216321375646,2.100213453400296,16.4125,57.37295457320693,1.21580547112462,73.78545457320693,1.4452428712421217,43.07329135945047,43.07329135945047,43.07329135945047,43.07329135945047,-0.6549705821581744,0.6549705821581744,0.6136239867711635,0.3860742593443002,0.9600880851429774,True,FULL,FULL_exp_d_rank_2
176,0.65,1.5766666666666669,0.57,0.478,0.478,1.612273609680621,3.1712473572938684,2.090273609680621,4.48569879514461,0.478,2.0127814193468483,3.1712473572938684,2.4907814193468485,3.7617798994753415,0.40050780966622734,0.40050780966622734,0.40050780966622757,0.40050780966622757,-0.7239188956692684,0.7239188956692684,0.05143135326738699,0.03502360259371137,0.7126362376053208,True,FULL,FULL_exp_d_rank_2
177,1.47,2.6333333333333333,3.8,3.616,3.616,6.14964024424423,1.89873417721519,9.76564024424423,2.66832825839853,3.616,5.169671573603228,1.89873417721519,8.785671573603228,2.4262728365544297,-0.9799686706410018,0.9799686706410018,-0.9799686706410018,0.9799686706410018,-0.24205542184410023,0.24205542184410023,0.20413646994707377,0.14299988147900036,0.9177772744859112,True,FULL,FULL_exp_d_rank_2
178,2.12,4.1575,13.69,12.965,12.965,17.833183532648366,1.2026458208057729,30.79818353264837,1.8070468059221405,12.965,31.117235324505483,1.2026458208057729,44.08223532450548,1.4576414416635162,13.284051791857117,13.284051791857117,13.284051791857113,13.284051791857113,-0.34940536425862434,0.34940536425862434,0.6611935516372827,0.41365113799702175,0.9305288492451663,True,FULL,FULL_exp_d_rank_2
179,0.48,1.5666666666666669,0.88,0.6386666666666666,0.6386666666666666,2.2710172374402005,3.191489361702127,2.909683904106867,5.11752583659357,0.6386666666666666,1.890746272772834,3.191489361702127,2.5294129394395006,4.52523323311267,-0.38027096466736654,0.38027096466736654,-0.3802709646673663,0.3802709646673663,-0.5922926034809004,0.5922926034809004,0.08177298747651125,0.0551987323931792,0.6673509262803552,True,FULL,FULL_exp_d_rank_2
181,0.9,3.925,17.84,14.94,14.94,13.029435602700998,1.2738853503184715,27.969435602700997,3.4621547532157915,14.94,26.307600760803524,1.2738853503184715,41.24760076080352,2.5406406316265646,13.278165158102526,13.278165158102526,13.278165158102524,13.278165158102524,-0.9215141215892269,0.9215141215892269,0.6814258621066712,0.5103356762045146,0.926058690126515,True,FULL,FULL_exp_d_rank_2
182,0.22,1.49,0.66,0.4575,0.4575,0.5513217275318822,3.3557046979865772,1.0088217275318825,12.75282127395527,0.4575,0.9413827381269247,3.3557046979865772,1.3988827381269249,10.216882095250464,0.3900610105950425,0.3900610105950425,0.3900610105950424,0.3900610105950424,-2.5359391787048065,2.5359391787048065,0.04560707001055445,0.03093808684442784,0.7387206627552718,True,FULL,FULL_exp_d_rank_2
183,1.93,3.1,4.22,4.0145,4.0145,10.822557992923612,1.6129032258064515,14.837057992923611,2.064879723343122,4.0145,6.79417789170579,1.6129032258064515,10.80867789170579,1.9524550683384585,-4.028380101217822,4.028380101217822,-4.028380101217822,4.028380101217822,-0.1124246550046637,0.1124246550046637,0.2936025294832593,0.21526994194164856,0.8671814715446249,True,FULL,FULL_exp_d_rank_2
184,3.98,4.75,15.12,14.85,14.85,45.661479023586836,1.0526315789473684,60.51147902358684,1.247654255784918,14.85,187.37465657399488,1.0526315789473684,202.22465657399485,1.0777106967302807,141.71317755040803,141.71317755040803,141.713177550408,141.713177550408,-0.1699435590546372,0.1699435590546372,0.8826296625919203,0.5608605286332993,0.8966840222667382,True,FULL,FULL_exp_d_rank_2
185,0.13,1.5666666666666669,1.09,0.5446666666666667,0.5446666666666667,0.9576325699215577,3.191489361702127,1.5022992365882244,21.905585532286455,0.5446666666666667,1.3970548701977417,3.191489361702127,1.9417215368644083,19.740776024674563,0.439422300276184,0.439422300276184,0.4394223002761839,0.4394223002761839,-2.164809507611892,2.164809507611892,0.08813936392763647,0.054353068767573696,0.7395930111093993,True,FULL,FULL_exp_d_rank_2
186,0.28,2.1775,5.16,3.81425,3.81425,3.130431077528114,2.296211251435132,6.944681077528114,11.220553160809676,3.81425,1.4937293512118317,2.296211251435132,5.307979351211832,13.02246364120982,-1.6367017263162822,1.6367017263162822,-1.6367017263162822,1.6367017263162822,1.801910480400144,1.801910480400144,0.28643023448681265,0.18179017592640395,0.8002533271650141,True,FULL,FULL_exp_d_rank_2
187,0.7,3.88,16.09,11.71,11.71,14.993697153202367,1.288659793814433,26.70369715320237,3.931657649182005,11.71,17.387777647773166,1.288659793814433,29.097777647773167,3.4175310829944783,2.394080494570799,2.394080494570799,2.3940804945707974,2.3940804945707974,-0.5141265661875267,0.5141265661875267,0.20896764240234067,0.13806472735060119,0.9911265606858654,True,FULL,FULL_exp_d_rank_2
188,1.1,2.06,0.64,0.593,0.593,1.513280437089641,2.4271844660194173,2.1062804370896413,3.268679989536249,0.593,2.4710155753689516,2.4271844660194173,3.0640155753689515,2.729413484867872,0.9577351382793104,0.9577351382793104,0.9577351382793102,0.9577351382793102,-0.5392665046683769,0.5392665046683769,0.04662336938583004,0.032098390761505564,0.8412608934506077,True,FULL,FULL_exp_d_rank_2
189,3.11,3.85,4.79,4.4285,4.4285,105.61771145632456,1.2987012987012987,110.04621145632456,1.3813754414682702,4.4285,17.871500256223445,1.2987012987012987,22.300000256223445,1.3922497193357362,-87.74621120010111,87.74621120010111,-87.74621120010111,87.74621120010111,0.010874277867465976,0.010874277867465976,0.9036894950225629,0.6217991963347181,-0.05137133703335617,True,FULL,FULL_exp_d_rank_2
190,2.95,4.833333333333333,17.57,15.660000000000002,15.660000000000002,133.5433516563727,1.0344827586206895,149.2033516563727,1.194201194728314,15.660000000000002,114.71988799390591,1.0344827586206895,130.37988799390592,1.0980843104280011,-18.82346366246678,18.82346366246678,-18.823463662466764,18.823463662466764,-0.09611688430031284,0.09611688430031284,2.587253438254633,1.9481415249889482,0.3776461183621065,True,FULL,FULL_exp_d_rank_2
191,0.1,1.64,1.15,0.5823333333333333,0.5823333333333333,0.8468851223123651,3.048780487804878,1.4292184556456984,32.276683117014976,0.5823333333333333,1.1995009706520243,3.048780487804878,1.7818343039853577,29.805756548468736,0.3526158483396592,0.3526158483396592,0.3526158483396593,0.3526158483396593,-2.47092656854624,2.47092656854624,0.08085942764941957,0.04816191502402853,0.7795611394836097,True,FULL,FULL_exp_d_rank_2
192,0.26,2.06,5.06,2.78625,2.78625,5.537602820988881,2.4271844660194173,8.323852820988881,9.67711986223781,2.78625,5.157248285594793,2.4271844660194173,7.943498285594793,9.223046213708496,-0.3803545353940878,0.3803545353940878,-0.3803545353940878,0.3803545353940878,-0.4540736485293131,0.4540736485293131,0.10592384127278043,0.06042390119725367,0.9825617249801362,True,FULL,FULL_exp_d_rank_2
193,0.48,3.91,15.79,12.4225,12.4225,7.40432598861948,1.278772378516624,19.82682598861948,7.151633571136485,12.4225,6.018232418674433,1.278772378516624,18.440732418674433,7.216876684901307,-1.3860935699450465,1.3860935699450465,-1.3860935699450465,1.3860935699450465,0.06524311376482217,0.06524311376482217,0.2847728744659695,0.17488127112497887,0.9766056077418687,True,FULL,FULL_exp_d_rank_2
194,0.47,1.5599999999999998,0.9,0.6583333333333333,0.6583333333333333,2.1587521490528645,3.2051282051282053,2.8170854823861977,5.267358968714256,0.6583333333333333,1.830796291648312,3.2051282051282053,2.4891296249816453,4.650813765441465,-0.32795585740455246,0.32795585740455246,-0.32795585740455246,0.32795585740455246,-0.6165452032727909,0.6165452032727909,0.07784110439275041,0.05198861045769882,0.7065641949804844,True,FULL,FULL_exp_d_rank_2
195,0.49,2.1875,5.79,4.2505,4.2505,7.336962282580967,2.2857142857142856,11.587462282580969,5.320972461121309,4.2505,5.248176390316503,2.2857142857142856,9.498676390316502,5.157061607695127,-2.0887858922644646,2.0887858922644646,-2.0887858922644664,2.0887858922644664,-0.1639108534261826,0.1639108534261826,0.3172596704941707,0.20847759783149292,0.859314222200327,True,FULL,FULL_exp_d_rank_2
196,1.09,3.86,17.51,14.9375,14.9375,16.553387035413166,1.2953367875647668,31.490887035413166,2.8169440230151195,14.9375,35.599559387079616,1.2953367875647668,50.537059387079616,2.0280839495689604,19.04617235166645,19.04617235166645,19.04617235166645,19.04617235166645,-0.788860073446159,0.788860073446159,0.49894127040628033,0.40096288801489716,0.9641089259366861,True,FULL,FULL_exp_d_rank_2
197,0.14,2.0725,0.99,0.65575,0.65575,0.5146811885872504,2.4125452352231607,1.1704311885872505,25.510159206488257,0.65575,0.4967448703645349,2.4125452352231607,1.152494870364535,25.175331438829502,-0.01793631822271552,0.01793631822271552,-0.017936318222715464,0.017936318222715464,-0.334827767658755,0.334827767658755,0.0049744508807714905,0.002779532298875861,0.9982438028581692,True,FULL,FULL_exp_d_rank_2
199,2.66,4.3725000000000005,17.29,16.490000000000002,16.490000000000002,37.39926722177272,1.1435105774728416,53.88926722177272,1.504191322919805,16.490000000000002,117.24425563588264,1.1435105774728416,133.73425563588265,1.2161290681781436,79.84498841410992,79.84498841410992,79.84498841410993,79.84498841410993,-0.28806225474166136,0.28806225474166136,1.1430355618729067,0.7817642364330121,0.87966441650499,True,FULL,FULL_exp_d_rank_2
200,1.09,1.85,0.51,0.452,0.452,3.5013968656521643,2.702702702702702,3.953396865652164,3.161464776235545,0.452,3.360898195367997,2.702702702702702,3.812898195367997,2.875239386283904,-0.1404986702841673,0.1404986702841673,-0.14049867028416685,0.14049867028416685,-0.2862253899516407,0.2862253899516407,0.07237001690665884,0.05419801675241389,0.4114403643884652,True,FULL,FULL_exp_d_rank_2
202,5.68,6.0,13.66,13.51,13.51,45.684267603740025,0.8333333333333334,59.19426760374002,0.9611956816495174,13.51,181.73890559181103,0.8333333333333334,195.24890559181105,0.849298268330567,136.05463798807102,136.05463798807102,136.05463798807102,136.05463798807102,-0.11189741331895042,0.11189741331895042,0.7230415440834654,0.439130759038058,0.9106089593316447,True,FULL,FULL_exp_d_rank_2
203,8.16,15.0,0.64,0.4826666666666666,0.4826666666666666,11.163229285157737,0.3333333333333333,11.645895951824402,0.3680224492093827,0.4826666666666666,1.4489008477475207,0.3333333333333333,1.9315675144141873,0.3868006094031981,-9.714328437410217,9.714328437410217,-9.714328437410215,9.714328437410215,0.018778160193815396,0.018778160193815396,0.16870981821378736,0.13010616664641556,-0.6704252362732819,True,FULL,FULL_exp_d_rank_2
204,9.63,15.0,1.15,0.9263333333333332,0.9263333333333332,31.67109901569681,0.3333333333333333,32.59743234903014,0.356302565715436,0.9263333333333332,2.7707319278767164,0.3333333333333333,3.6970652612100494,0.3757121657809866,-28.900367087820094,28.900367087820094,-28.900367087820094,28.900367087820094,0.019409600065550592,0.019409600065550592,0.3351231612948475,0.25702323662837434,-0.8267313473535887,True,FULL,FULL_exp_d_rank_2
205,8.17,15.0,1.67,1.391,1.391,14.757831874738754,0.3333333333333333,16.148831874738754,0.3859250855203011,1.391,1.8950966396120408,0.3333333333333333,3.286096639612041,0.4326157807985683,-12.862735235126713,12.862735235126713,-12.862735235126713,12.862735235126713,0.04669069527826719,0.04669069527826719,0.29440589075391127,0.2266566339406046,0.08879267931692503,True,FULL,FULL_exp_d_rank_2
206,7.68,15.0,2.36,1.9943333333333333,1.9943333333333333,14.016889640854824,0.3333333333333333,16.011222974188158,0.404258783461519,1.9943333333333333,1.5218701747923904,0.3333333333333333,3.5162035081257237,0.4934543244869885,-12.495019466062434,12.495019466062434,-12.495019466062434,12.495019466062434,0.0891955410254695,0.0891955410254695,0.3385962743329655,0.2614325607381831,0.35873400969734914,True,FULL,FULL_exp_d_rank_2
207,12.65,17.5,2.87,2.478,2.478,85.54466261294648,0.2857142857142857,88.02266261294648,0.3027127732951231,2.478,6.59887873148994,0.2857142857142857,9.07687873148994,0.3198367354795475,-78.94578388145655,78.94578388145655,-78.94578388145653,78.94578388145653,0.017123962184424413,0.017123962184424413,0.7436036869314656,0.5413478396167694,-0.5902632280169855,True,FULL,FULL_exp_d_rank_2
209,0.55,3.75,0.015,0.014,0.014,0.0024195869070291,1.3333333333333333,0.0164195869070291,8.395940887010124,0.014,0.05289710854,1.3333333333333333,0.06689710854,3.530960437455529,0.0504775216329709,0.0504775216329709,0.050477521632970895,0.050477521632970895,-4.8649804495545945,4.8649804495545945,0.006548408901939142,0.004391119006616195,-12.212370436005369,True,FULL,FULL_exp_d_rank_2
210,0.73,3.75,0.017,0.0155,0.0155,0.0049950016940742,1.3333333333333333,0.0204950016940742,5.436911505105911,0.0155,0.0405391671882446,1.3333333333333333,0.0560391671882446,2.786701679758499,0.0355441654941704,0.0355441654941704,0.0355441654941704,0.0355441654941704,-2.650209825347412,2.650209825347412,0.003076592908217867,0.0021687912264587634,-0.8675573071761791,True,FULL,FULL_exp_d_rank_2
211,0.73,3.75,0.031,0.0205,0.0205,0.0421170527109933,1.3333333333333333,0.0626170527109933,3.3538139443417307,0.0205,0.2779075393615355,1.3333333333333333,0.2984075393615356,1.9552888504034136,0.2357904866505422,0.2357904866505422,0.23579048665054228,0.23579048665054228,-1.3985250939383171,1.3985250939383171,0.011933265465322477,0.00899102770498962,-5.52316909614195,True,FULL,FULL_exp_d_rank_2
212,0.56,4.25,0.032,0.0305,0.0305,0.0032729190185453,1.1764705882352942,0.0337729190185453,9.217143579218789,0.0305,0.1714905244276538,1.1764705882352942,0.2019905244276538,3.3229435001218977,0.16821760540910852,0.16821760540910852,0.16821760540910852,0.16821760540910852,-5.8942000790968905,5.8942000790968905,0.024147606559498866,0.01594360836458805,-41.313510411062936,True,FULL,FULL_exp_d_rank_2
213,0.61,4.25,0.036,0.032,0.032,0.0097117896904809,1.1764705882352942,0.0417117896904809,6.613265489413038,0.032,0.2138328405769906,1.1764705882352942,0.2458328405769906,2.863097266689791,0.2041210508865097,0.2041210508865097,0.2041210508865097,0.2041210508865097,-3.7501682227232473,3.7501682227232473,0.025796618442937,0.017438539222205385,-35.097666009165046,True,FULL,FULL_exp_d_rank_2
214,0.8,4.25,0.041,0.0365,0.0365,0.0146135447707714,1.1764705882352942,0.0511135447707714,4.687843076991533,0.0365,0.2093046536805436,1.1764705882352942,0.2458046536805436,2.10413581124513,0.1946911089097722,0.1946911089097722,0.1946911089097722,0.1946911089097722,-2.583707265746403,2.583707265746403,0.015351483386588842,0.011041685401836233,-7.198407004461707,True,FULL,FULL_exp_d_rank_2
215,0.85,4.25,0.053,0.0412499999999999,0.0412499999999999,0.0449535990108785,1.1764705882352942,0.0862035990108784,3.4008265344224067,0.0412499999999999,0.3511490392615595,1.1764705882352942,0.3923990392615594,1.8212838340230588,0.306195440250681,0.306195440250681,0.306195440250681,0.306195440250681,-1.5795427003993479,1.5795427003993479,0.01741604789645995,0.012983860409468776,-4.743802504216464,True,FULL,FULL_exp_d_rank_2
216,1.18,4.75,0.072,0.06875,0.06875,0.0144953537063408,1.0526315789473684,0.0832453537063408,3.803418428356459,0.06875,0.2619829452122082,1.0526315789473684,0.3307329452122082,1.6104972976909828,0.2474875915058674,0.2474875915058674,0.2474875915058674,0.2474875915058674,-2.192921130665476,2.192921130665476,0.011607408393373531,0.0086249357785034,-0.24265411984189478,True,FULL,FULL_exp_d_rank_2
217,1.07,4.75,0.082,0.07425,0.07425,0.0316745022212473,1.0526315789473684,0.1059245022212473,3.494012368300583,0.07425,0.3367297490124406,1.0526315789473684,0.4109797490124406,1.6704442934694437,0.30505524679119334,0.30505524679119334,0.30505524679119334,0.30505524679119334,-1.8235680748311394,1.8235680748311394,0.01653392593864055,0.012265026866076304,-1.0874690494289911,True,FULL,FULL_exp_d_rank_2
218,0.99,4.75,0.091,0.0815,0.0815,0.0350845623553453,1.0526315789473684,0.1165845623553453,3.740061038065954,0.0815,0.3699993983074381,1.0526315789473684,0.4514993983074382,1.7900005781643604,0.3349148359520928,0.3349148359520928,0.33491483595209287,0.33491483595209287,-1.9500604599015934,1.9500604599015934,0.02200990427045356,0.016092026525742327,-2.18075423868159,True,FULL,FULL_exp_d_rank_2
219,1.33,4.75,0.123,0.109,0.109,0.0845437839006371,1.0526315789473684,0.1935437839006371,2.512415047002486,0.109,0.491804923526711,1.0526315789473684,0.600804923526711,1.4373823206643763,0.4072611396260739,0.4072611396260739,0.4072611396260739,0.4072611396260739,-1.0750327263381099,1.0750327263381099,0.010084443449285642,0.00787920052287818,0.7028363359150935,True,FULL,FULL_exp_d_rank_2
220,0.57,3.0,0.057,0.045,0.045,0.0423378142666348,1.6666666666666667,0.0873378142666348,5.252909248352316,0.045,0.4973833886550972,1.6666666666666667,0.5423833886550972,2.596206437436773,0.4550455743884624,0.4550455743884624,0.4550455743884624,0.4550455743884624,-2.6567028109155433,2.6567028109155433,0.02871580537235814,0.02117765645577014,-13.109595981814335,True,FULL,FULL_exp_d_rank_2
221,0.74,3.0,0.052,0.0426666666666666,0.0426666666666666,0.0483380999196384,1.6666666666666667,0.091004766586305,3.990648101805694,0.0426666666666666,0.4395624395760492,1.6666666666666667,0.4822291062427158,2.111634576542023,0.3912243396564108,0.3912243396564108,0.3912243396564108,0.3912243396564108,-1.8790135252636708,1.8790135252636708,0.009692628956189454,0.007606334345857962,-0.6675225929546098,True,FULL,FULL_exp_d_rank_2
222,1.17,3.75,0.042,0.037,0.037,0.0379972465016185,1.3333333333333333,0.0749972465016185,2.7555455668379523,0.037,0.1957345802356941,1.3333333333333333,0.2327345802356941,1.6776509353066067,0.15773733373407559,0.15773733373407559,0.1577373337340756,0.1577373337340756,-1.0778946315313456,1.0778946315313456,0.002128705446828539,0.0017677308101934528,0.8941420777500739,True,FULL,FULL_exp_d_rank_2
224,0.75,3.5,0.022,0.02125,0.02125,0.0026705992767688,1.4285714285714286,0.0239205992767688,6.637578410976577,0.02125,0.073262419105097,1.4285714285714286,0.0945124191050971,2.530440832821776,0.0705918198283282,0.0705918198283282,0.0705918198283283,0.0705918198283283,-4.1071375781548,4.1071375781548,0.004927608343631226,0.0035343735068782177,-1.7046247390651184,True,FULL,FULL_exp_d_rank_2
225,1.15,3.5,0.021,0.02,0.02,0.0073958891535081,1.4285714285714286,0.0273958891535081,3.6113543932907137,0.02,0.0204202780004473,1.4285714285714286,0.0404202780004473,2.5136815644849673,0.013024388846939199,0.013024388846939199,0.013024388846939197,0.013024388846939197,-1.0976728288057465,1.0976728288057465,0.0005210365360618014,0.00039414012140543656,0.9760989815290828,True,FULL,FULL_exp_d_rank_2
226,1.1,3.5,0.02,0.01925,0.01925,0.004956977641193,1.4285714285714286,0.024206977641193,4.054827267846036,0.01925,0.0178676419330133,1.4285714285714286,0.0371176419330133,2.657486839109841,0.0129106642918203,0.0129106642918203,0.0129106642918203,0.0129106642918203,-1.3973404287361952,1.3973404287361952,0.0005870192047702998,0.00045002232496659086,0.9652983186338823,True,FULL,FULL_exp_d_rank_2
227,1.25,3.5,0.019,0.01875,0.01875,0.0019847706438796,1.4285714285714286,0.0207347706438796,4.418502888206739,0.01875,0.0024086498395398,1.4285714285714286,0.0211586498395398,3.988311865211979,0.0004238791956602001,0.0004238791956602001,0.00042387919566020185,0.00042387919566020185,-0.43019102299476053,0.43019102299476053,0.00019122888123632772,8.577360664176367e-05,0.9960685694389632,True,FULL,FULL_exp_d_rank_2
228,0.7,3.0,0.059,0.0456666666666666,0.0456666666666666,0.0656740182268081,1.6666666666666667,0.1113406848934747,3.9285722676402535,0.0456666666666666,0.5356724698687472,1.6666666666666667,0.5813391365354138,2.1419674132757436,0.4699984516419391,0.4699984516419391,0.4699984516419391,0.4699984516419391,-1.7866048543645099,1.7866048543645099,0.012977988411786353,0.010161448035650833,-1.3268613900594568,True,FULL,FULL_exp_d_rank_2
229,0.8,3.75,0.039,0.03775,0.03775,0.0044128695173391,1.3333333333333333,0.0421628695173391,6.31959788609588,0.03775,0.1813813299784083,1.3333333333333333,0.2191313299784083,2.1898711515251694,0.1769684604610692,0.1769684604610692,0.1769684604610692,0.1769684604610692,-4.129726734570711,4.129726734570711,0.011381708636207915,0.008259076404866485,-3.6189727139466283,True,FULL,FULL_exp_d_rank_2
230,1.1,3.75,0.031,0.03025,0.03025,0.004226216061608,1.3333333333333333,0.034476216061608,4.574641618565765,0.03025,0.0830892902638543,1.3333333333333333,0.1133392902638543,1.9708239940465804,0.0788630742022463,0.0788630742022463,0.0788630742022463,0.0788630742022463,-2.603817624519184,2.603817624519184,0.002806592548400911,0.0021630375621574413,0.6452447038796636,True,FULL,FULL_exp_d_rank_2
234,0.99,3.0,0.523,0.4803333333333333,0.4803333333333333,0.3422582854093307,1.6666666666666667,0.822591618742664,3.6102895519762694,0.4803333333333333,0.8472910332868486,1.6666666666666667,1.327624366620182,2.549782426046944,0.505032747877518,0.505032747877518,0.505032747877518,0.505032747877518,-1.0605071259293255,1.0605071259293255,0.01367477682243391,0.01045448770837214,0.9732901120479519,True,FULL,FULL_exp_d_rank_2
235,1.49,3.0,0.929,0.87,0.87,1.3911680147990315,1.6666666666666667,2.261168014799032,2.4688599946843404,0.87,1.8054788182013175,1.6666666666666667,2.675478818201318,2.0789873640823555,0.414310803402286,0.414310803402286,0.414310803402286,0.414310803402286,-0.38987263060198485,0.38987263060198485,0.04939798478625727,0.03231547190698711,0.9137673196285654,True,FULL,FULL_exp_d_rank_2
236,2.48,3.5,1.278,1.2245,1.2245,4.974718816480315,1.4285714285714286,6.199218816480315,1.7047169871616714,1.2245,4.569890701741384,1.4285714285714286,5.794390701741384,1.5597112760715144,-0.40482811473893054,0.40482811473893054,-0.40482811473893054,0.40482811473893054,-0.14500571109015703,0.14500571109015703,0.10287087093650799,0.07198746418575057,0.8111924305557742,True,FULL,FULL_exp_d_rank_2
238,1.16,3.0,0.606,0.5299999999999999,0.5299999999999999,0.9995028593983644,1.6666666666666667,1.5295028593983642,2.6762963684092975,0.5299999999999999,1.2758172303580402,1.6666666666666667,1.80581723035804,2.209047990546482,0.2763143709596758,0.2763143709596758,0.2763143709596758,0.2763143709596758,-0.46724837786281537,0.46724837786281537,0.03432515963120739,0.021229680496339734,0.883474557350121,True,FULL,FULL_exp_d_rank_2
239,2.0,3.5,0.785,0.745,0.745,1.4880839300345443,1.4285714285714286,2.2330839300345446,1.9471028822830023,0.745,2.2903800554584466,1.4285714285714286,3.0353800554584467,1.6376853213295657,0.8022961254239023,0.8022961254239023,0.802296125423902,0.802296125423902,-0.30941756095343664,0.30941756095343664,0.04794022079506175,0.032761085738192586,0.8943182695192783,True,FULL,FULL_exp_d_rank_2
240,1.84,3.0,1.067,0.9266666666666667,0.9266666666666667,11.34965538746409,1.6666666666666667,12.276322054130755,1.8769974838423913,0.9266666666666667,3.863253230258159,1.6666666666666667,4.789919896924826,1.836150065717449,-7.48640215720593,7.48640215720593,-7.486402157205929,7.486402157205929,-0.0408474181249423,0.0408474181249423,0.19166193955806707,0.14637772597790488,0.09993865193758855,True,FULL,FULL_exp_d_rank_2
241,2.5,3.5,1.53,1.435,1.435,11.191062390354295,1.4285714285714286,12.626062390354296,1.6206039521105755,1.435,5.241001890350077,1.4285714285714286,6.6760018903500775,1.560777812204089,-5.950060500004218,5.950060500004218,-5.950060500004218,5.950060500004218,-0.05982613990648655,0.05982613990648655,0.17958358972946079,0.12840673541877368,0.5856327546507152,True,FULL,FULL_exp_d_rank_2
242,1.28,13.0,0.381,0.236,0.236,0.2798827945510767,0.3846153846153846,0.5158827945510767,2.332154177278262,0.236,0.5833453527967074,0.3846153846153846,0.8193453527967074,1.896547172700973,0.30346255824563073,0.30346255824563073,0.30346255824563073,0.30346255824563073,-0.43560700457728885,0.43560700457728885,0.05579605670124586,0.03510299070792926,-0.15928901503874848,True,FULL,FULL_exp_d_rank_2
244,2.29,13.0,30.401,2.493,2.493,191.4872115140508,0.3846153846153846,193.9802115140508,0.5794840127037909,2.493,58.74457648313406,0.3846153846153846,61.23757648313406,0.588499129694976,-132.74263503091674,132.74263503091674,-132.74263503091674,132.74263503091674,0.009015116991185068,0.009015116991185068,9.589250408839623,6.930508281931654,-0.018267977831917692,True,FULL,FULL_exp_d_rank_2
246,0.34,13.0,0.306,0.104,0.104,0.238125551076079,0.3846153846153846,0.342125551076079,11.465962069935722,0.104,1.1006949851180334,0.3846153846153846,1.2046949851180335,10.327605035484536,0.8625694340419544,0.8625694340419544,0.8625694340419545,0.8625694340419545,-1.138357034451186,1.138357034451186,0.2285581746849413,0.1300139797488501,-17.231070837023168,True,FULL,FULL_exp_d_rank_2
247,0.55,13.0,1.422,0.768,0.768,0.854926430267495,0.3846153846153846,1.622926430267495,6.829794290098721,0.768,0.2269020845623327,0.3846153846153846,0.9949020845623328,8.753968770625772,-0.6280243457051623,0.6280243457051623,-0.6280243457051623,0.6280243457051623,1.9241744805270509,1.9241744805270509,0.15786005039240883,0.0914401463046216,0.3404614004736848,True,FULL,FULL_exp_d_rank_2
250,0.1,15.0,0.367,0.136,0.136,0.2402542971419538,0.3333333333333333,0.3762542971419538,56.09759499434641,0.136,0.9814804890911374,0.3333333333333333,1.1174804890911374,52.16038689020058,0.7412261919491836,0.7412261919491836,0.7412261919491836,0.7412261919491836,-3.9372081041458316,3.9372081041458316,0.202048654526274,0.11352303369725729,-11.685170975276243,True,FULL,FULL_exp_d_rank_2
254,0.42,15.0,0.464,0.223,0.223,0.286841251907236,0.3333333333333333,0.509841251907236,9.785018691865965,0.223,0.7307456429006665,0.3333333333333333,0.9537456429006664,8.746720766674189,0.4439043909934305,0.4439043909934305,0.4439043909934305,0.4439043909934305,-1.0382979251917757,1.0382979251917757,0.11698074607125007,0.06668569170275855,-2.033654925090781,True,FULL,FULL_exp_d_rank_2
255,1.34,15.0,1.532,0.812,0.812,1.3202731944591186,0.3333333333333333,2.1322731944591187,2.118955632610797,0.812,0.370148602697784,0.3333333333333333,1.182148602697784,2.7837879826959187,-0.9501245917613346,0.9501245917613346,-0.9501245917613346,0.9501245917613346,0.6648323500851219,0.6648323500851219,0.19471335196356954,0.1193639873718419,0.3108984046372857,True,FULL,FULL_exp_d_rank_2
258,2.09,15.0,55.263,3.813,3.813,190.18212243089908,0.3333333333333333,193.99512243089907,0.7174733228095233,3.813,310.5276646728229,0.3333333333333333,314.34066467282287,0.6810004908063668,120.3455422419238,120.3455422419238,120.3455422419238,120.3455422419238,-0.03647283200315643,0.03647283200315643,12.86439634255768,8.926283920995738,0.43603378727285325,True,FULL,FULL_exp_d_rank_2
284,0.27,1.6652089623887931,2.655,1.3036485066778338,1.3036485066778338,4.61028992899217,3.002626164602998,5.913938435670004,7.913618795998358,1.3036485066778338,3.9087614874984022,3.002626164602998,5.2124099941762365,7.418687878759324,-0.7015284414937679,0.7015284414937679,-0.7015284414937675,0.7015284414937675,-0.49493091723903415,0.49493091723903415,0.1437995418660808,0.08954583496054308,0.9117423018597878,True,FULL,FULL_exp_d_rank_2
285,0.5,3.083720300719987,2.417,0.6555920235894309,0.6555920235894309,7.127781251237852,1.621418128885619,7.783373274827283,3.420782268328867,0.6555920235894309,3.6021060909737375,1.621418128885619,4.257698114563168,3.4877486166991853,-3.525675160264114,3.525675160264114,-3.5256751602641145,3.5256751602641145,0.06696634837031823,0.06696634837031823,0.4192890488032982,0.2863808546838296,0.5099198838506203,True,FULL,FULL_exp_d_rank_2
286,0.88,5.4273477292671775,5.477,2.848434309388562,2.848434309388562,8.806082929225237,0.9212603005031926,11.6545172386138,2.5046228694450243,2.848434309388562,0.5345216523118728,0.9212603005031926,3.3829559617004348,4.922309650645491,-8.271561276913364,8.271561276913364,-8.271561276913364,8.271561276913364,2.4176867812004663,2.4176867812004663,1.0867249375598542,0.7287440459466781,-0.28951763459297153,True,FULL,FULL_exp_d_rank_2
287,0.29,1.7885577744175924,3.214,1.959240530267265,1.959240530267265,3.9894927128527247,2.7955484980786536,5.94873324311999,8.412171305906568,1.959240530267265,2.9368497373153906,2.7955484980786536,4.896090267582656,8.317894385078842,-1.052642975537334,1.052642975537334,-1.052642975537334,1.052642975537334,-0.09427692082772587,0.09427692082772587,0.17700098202451814,0.1138172432314626,0.871787559309668,True,FULL,FULL_exp_d_rank_2
288,0.44,2.7136738646335887,3.179,1.959240530267265,1.959240530267265,3.8637545585443656,1.8425206010063853,5.822995088811631,5.589277438658442,1.959240530267265,1.075059158472917,1.8425206010063853,3.034299688740182,7.343022969512954,-2.7886954000714486,2.7886954000714486,-2.7886954000714486,2.7886954000714486,1.7537455308545118,1.7537455308545118,0.38596429582910496,0.2572985015119341,0.3654085926584686,True,FULL,FULL_exp_d_rank_2
289,0.44,2.7136738646335887,5.856,2.848434309388562,2.848434309388562,10.290924987900752,1.8425206010063853,13.139359297289314,4.832563228905287,2.848434309388562,5.4384962564046475,1.8425206010063853,8.28693056579321,5.124518547982273,-4.852428731496104,4.852428731496104,-4.852428731496104,4.852428731496104,0.2919553190769859,0.2919553190769859,0.6664516779490517,0.4452740209105827,0.6155381626678915,True,FULL,FULL_exp_d_rank_2
291,0.42,2.590325052604789,4.293,1.959240530267265,1.959240530267265,8.144262348078403,1.9302596772447849,10.103502878345669,4.906645401620717,1.959240530267265,3.969996535941734,1.9302596772447849,5.929237066209,5.282215286429777,-4.174265812136669,4.174265812136669,-4.174265812136669,4.174265812136669,0.3755698848090594,0.3755698848090594,0.5557660165912752,0.37330387432436646,0.5442559198700336,True,FULL,FULL_exp_d_rank_2
292,0.27,1.6652089623887931,1.816,0.6555920235894309,0.6555920235894309,4.340373544875488,3.002626164602998,4.99596556846492,6.93036783035678,0.6555920235894309,3.852082747490685,3.002626164602998,4.507674771080116,6.370784909246472,-0.4882907973848032,0.4882907973848032,-0.48829079738480363,0.48829079738480363,-0.5595829211103078,0.5595829211103078,0.11417872141959415,0.0707843385618573,0.9180760898414922,True,FULL,FULL_exp_d_rank_2
293,0.55,3.392092330791986,3.752,1.3488617496840016,1.3488617496840016,8.999404803617814,1.4740164808051082,10.348266553301816,3.397073578572742,1.3488617496840016,3.3410463537795057,1.4740164808051082,4.689908103463507,3.823806007082285,-5.658358449838309,5.658358449838309,-5.658358449838309,5.658358449838309,0.42673242850954285,0.42673242850954285,0.688879775591057,0.46941377779237775,0.3042990064254628,True,FULL,FULL_exp_d_rank_2
295,1.2,7.400928721727968,0.0307,0.0217962758401608,0.0217962758401608,0.0268208917452208,0.6755908870356747,0.0486171675853816,2.3157906832156443,0.0217962758401608,0.0701835728679315,0.6755908870356747,0.0919798487080924,1.6400476532694752,0.0433626811227107,0.0433626811227107,0.04336268112271079,0.04336268112271079,-0.6757430299461691,0.6757430299461691,0.004449719754042238,0.0031000098016011413,-0.13408957963533807,True,FULL,FULL_exp_d_rank_2
296,2.0,12.334881202879949,0.131,0.0508579769603752,0.0508579769603752,0.2935284290129898,0.4053545322214048,0.344386405973365,0.9614433155844516,0.0508579769603752,0.6891529879608399,0.4053545322214048,0.7400109649212151,0.7458093656307141,0.3956245589478501,0.3956245589478501,0.3956245589478501,0.3956245589478501,-0.21563394995373752,0.21563394995373752,0.030030334941259704,0.02183271656575024,-0.17521895633745488,True,FULL,FULL_exp_d_rank_2
297,1.8,11.101393082591954,0.046,0.0145308505601072,0.0145308505601072,0.1222071066849876,0.4503939246904497,0.1367379572450948,0.9937795159488002,0.0145308505601072,0.1756309909834232,0.4503939246904497,0.1901618415435304,0.8424192396547042,0.05342388429843559,0.05342388429843559,0.053423884298435614,0.053423884298435614,-0.15136027629409599,0.15136027629409599,0.0028865970131469617,0.002158545877515436,0.9278510338363845,True,FULL,FULL_exp_d_rank_2
302,0.75,4.625580451079981,0.055,0.0153092991217785,0.0153092991217785,0.1595143577214117,1.080945419257079,0.1748236568431902,2.2969478423570417,0.0153092991217785,0.9855511372058428,1.080945419257079,1.0008604363276212,1.7236145758334298,0.826036779484431,0.826036779484431,0.826036779484431,0.826036779484431,-0.5733332665236119,0.5733332665236119,0.06102493128820803,0.044190653292331294,-19.422595347372646,True,FULL,FULL_exp_d_rank_2
303,0.91,5.612370947310377,0.041,0.0153092991217785,0.0153092991217785,0.0951653865132687,0.8908890818052851,0.1104746856350472,2.0818876302589207,0.0153092991217785,0.4759416026587675,0.8908890818052851,0.491250901780546,1.4932570709381945,0.38077621614549884,0.38077621614549884,0.3807762161454988,0.3807762161454988,-0.5886305593207262,0.5886305593207262,0.029422214009806196,0.021257469596412008,-10.046787602659675,True,FULL,FULL_exp_d_rank_2
304,1.87,11.533113924692753,0.046,0.0153092991217785,0.0153092991217785,0.1174680513670647,0.4335342590603259,0.1327773504888432,0.9728764088168116,0.0153092991217785,0.1523373125710002,0.4335342590603259,0.1676466116927787,0.8357148166874235,0.03486926120393549,0.03486926120393549,0.03486926120393549,0.03486926120393549,-0.13716159212938805,0.13716159212938805,0.0015560307988779919,0.0011705651956884888,0.978053923957523,True,FULL,FULL_exp_d_rank_2
305,2.17,13.383346105124744,0.042,0.0153092991217785,0.0153092991217785,0.0995579974430193,0.373598647208668,0.1148672965647978,0.8653228395367738,0.0153092991217785,0.0643231198476503,0.373598647208668,0.0796324189694288,0.8517747902933207,-0.035234877595369,0.035234877595369,-0.035234877595369,0.035234877595369,-0.013548049243453097,0.013548049243453097,0.004863406715156017,0.0032451422180461353,0.7194096409672814,True,FULL,FULL_exp_d_rank_2
311,1.45,8.942788872087963,1.14,0.7935883525311068,0.7935883525311068,1.051107361858608,0.5591096996157306,1.844695714389715,1.879665749713435,0.7935883525311068,0.3235164331760775,0.5591096996157306,1.1171047857071843,2.4259114960146095,-0.7275909286825305,0.7275909286825305,-0.7275909286825306,0.7275909286825306,0.5462457463011745,0.5462457463011745,0.1041422293680987,0.06886873164790441,0.5624885310288112,True,FULL,FULL_exp_d_rank_2
316,1.1,6.784184661583972,1.23,0.5909609098097346,0.5909609098097346,2.195000047586552,0.7370082404025541,2.7859609573962865,1.920963652491806,0.5909609098097346,1.1746314508604412,0.7370082404025541,1.7655923606701758,2.0274185640115077,-1.0203685967261107,1.0203685967261107,-1.0203685967261107,1.0203685967261107,0.10645491151970177,0.10645491151970177,0.14010543726659416,0.0936067634129286,0.6215110361930198,True,FULL,FULL_exp_d_rank_2
317,0.75,4.625580451079981,0.94,0.7727950359050375,0.7727950359050375,0.4751593936736535,1.080945419257079,1.247954429578691,4.459377299507828,0.7727950359050375,0.1777762251179837,1.080945419257079,0.9505712610230213,5.4809085864161755,-0.2973831685556698,0.2973831685556698,-0.2973831685556698,0.2973831685556698,1.0215312869083473,1.0215312869083473,0.04430990556670665,0.028794843518910363,0.8593437713454726,True,FULL,FULL_exp_d_rank_2
320,1.3,8.017672781871967,3.7,1.9806931592524069,1.9806931592524069,5.70674005649928,0.6236223572636995,7.687433215751687,1.723838260148718,1.9806931592524069,0.1717731877267394,0.6236223572636995,2.1524663469791463,3.997531615995307,-5.534966868772541,5.534966868772541,-5.534966868772541,5.534966868772541,2.2736933558465893,2.2736933558465893,0.7305964186722378,0.48766976533256823,-0.33514735240835436,True,FULL,FULL_exp_d_rank_2
321,1.5,9.25116090215996,2.94,0.5553062574145964,0.5553062574145964,10.568278952724356,0.5404727096285398,11.123585210138952,1.04691166819964,0.5553062574145964,3.050242798095886,0.5404727096285398,3.6055490555104823,1.162649922878331,-7.5180361546284695,7.5180361546284695,-7.5180361546284695,7.5180361546284695,0.11573825467869092,0.11573825467869092,0.7816896560165133,0.5441685725094636,0.06342510159383408,True,FULL,FULL_exp_d_rank_2
323,1.7,10.484649022447956,7.35,2.2212250296583855,2.2212250296583855,20.160376750419932,0.4768876849663586,22.381601780078316,1.0379375597762583,2.2212250296583855,2.293195531445237,0.4768876849663586,4.5144205611036226,1.5799426071194882,-17.867181218974693,17.867181218974693,-17.867181218974693,17.867181218974693,0.5420050473432299,0.5420050473432299,2.0518125684823665,1.4109867994687133,-0.3765778820374248,True,FULL,FULL_exp_d_rank_2
327,0.1,0.6167440601439975,0.08,0.0796743371481683,0.0796743371481683,0.0008090983306987,8.107090644428094,0.080483435478867,77.68977402204777,0.0796743371481683,0.5476012238414618,8.107090644428094,0.6272755609896301,16.680474455722212,0.5467921255107631,0.5467921255107631,0.5467921255107631,0.5467921255107631,-61.00929956632556,61.00929956632556,0.05730517646983617,0.03949012580128203,-36.75010926931141,True,FULL,FULL_exp_d_rank_2
329,1.2,7.400928721727968,0.024,0.0202072594216368,0.0202072594216368,0.010665146237602,0.6755908870356747,0.0308724056592388,2.9023919692701785,0.0202072594216368,0.0163149780910136,0.6755908870356747,0.0365222375126505,2.4053370007468913,0.005649831853411601,0.005649831853411601,0.0056498318534116965,0.0056498318534116965,-0.49705496852328723,0.49705496852328723,0.0006357194031482187,0.00042688513658358017,0.9550415335115371,True,FULL,FULL_exp_d_rank_2
330,1.1,6.784184661583972,0.025,0.0202072594216368,0.0202072594216368,0.0137190748784508,0.7370082404025541,0.0339263343000876,2.9611290302817843,0.0202072594216368,0.0362667096003884,0.7370082404025541,0.0564739690220252,2.085022087327155,0.0225476347219376,0.0225476347219376,0.022547634721937597,0.022547634721937597,-0.8761069429546291,0.8761069429546291,0.0025558887179581652,0.0017403318172916073,0.3458326038785644,True,FULL,FULL_exp_d_rank_2
331,1.25,7.709300751799968,0.047,0.0398371685740841,0.0398371685740841,0.0200809505252075,0.6485672515542477,0.0599181190992916,2.820311710406355,0.0398371685740841,0.1156129579029973,0.6485672515542477,0.1554501264770814,1.6155714024246384,0.0955320073777898,0.0955320073777898,0.0955320073777898,0.0955320073777898,-1.2047403079817165,1.2047403079817165,0.010792121634642604,0.0073999454978144604,-2.387311412956764,True,FULL,FULL_exp_d_rank_2
332,1.2,7.400928721727968,0.05,0.0398371685740841,0.0398371685740841,0.0292663957131568,0.6755908870356747,0.0691035642872409,2.6576864448773354,0.0398371685740841,0.1609649231555235,0.6755908870356747,0.2008020917296076,1.5540758853156096,0.13169852744236668,0.13169852744236668,0.1316985274423667,0.1316985274423667,-1.1036105595617258,1.1036105595617258,0.014099741789809158,0.009774243412871926,-3.9209934104060373,True,FULL,FULL_exp_d_rank_2
333,1.6,9.86790496230396,0.093,0.0796743371481683,0.0796743371481683,0.0371742575975103,0.5066931652767559,0.1168485947456786,2.2486028629786348,0.0796743371481683,0.195593214993975,0.5066931652767559,0.2752675521421434,1.3175014196488215,0.1584189573964647,0.1584189573964647,0.15841895739646478,0.15841895739646478,-0.9311014433298133,0.9311014433298133,0.018238115746611473,0.012446411356326204,-1.4793801180971613,True,FULL,FULL_exp_d_rank_2
334,2.5,15.418601503599936,0.1,0.0796743371481683,0.0796743371481683,0.0585327914263222,0.3242836257771238,0.1382071285744905,1.275689493540873,0.0796743371481683,0.1095475301845323,0.3242836257771238,0.1892218673327006,0.9888969537161654,0.051014738758210096,0.051014738758210096,0.05101473875821011,0.05101473875821011,-0.28679253982470754,0.28679253982470754,0.0056340867307625225,0.0038103096389107017,0.8035656067814857,True,FULL,FULL_exp_d_rank_2
335,1.8,11.101393082591954,0.233,0.1991858428704208,0.1991858428704208,0.0944249962521731,0.4503939246904497,0.2936108391225939,1.9904398436807709,0.1991858428704208,0.305488802041487,0.4503939246904497,0.5046746449119078,1.331451105931506,0.21106380578931389,0.21106380578931389,0.21106380578931394,0.21106380578931394,-0.6589887377492649,0.6589887377492649,0.02500086350754854,0.016852875170882832,0.25822255202665767,True,FULL,FULL_exp_d_rank_2
336,4.0,24.669762405759897,0.251,0.1991858428704208,0.1991858428704208,0.1494580982300445,0.2026772661107024,0.3486439411004653,0.792806515114832,0.1991858428704208,0.1403196587340515,0.2026772661107024,0.3395055016044723,0.7510250629960689,-0.009138439495992995,0.009138439495992995,-0.009138439495993023,0.009138439495993023,-0.04178145211876316,0.04178145211876316,0.003434773410757846,0.0018345354266643963,0.988451117398155,True,FULL,FULL_exp_d_rank_2
337,1.13,6.96920787962717,0.045,0.0153092991217785,0.0153092991217785,0.1129415099906837,0.7174416499493891,0.1282508091124622,1.6219045254507285,0.0153092991217785,0.4201647674737623,0.7174416499493891,0.4354740665955408,1.2161554023767625,0.3072232574830786,0.3072232574830786,0.30722325748307855,0.30722325748307855,-0.40574912307396604,0.40574912307396604,0.0232632366301502,0.016860348832147213,-4.2300929351090675,True,FULL,FULL_exp_d_rank_2
338,1.74,10.731346646505555,0.033,0.0153092991217785,0.0153092991217785,0.0614267591501006,0.4659247496797756,0.0767360582718792,1.1936384711708052,0.0153092991217785,0.0466916490443662,0.4659247496797756,0.0620009481661447,1.146302211103695,-0.014735110105734403,0.014735110105734403,-0.014735110105734493,0.014735110105734493,-0.047336260067110336,0.047336260067110336,0.002437071133217377,0.0015753694177664595,0.8484005855430917,True,FULL,FULL_exp_d_rank_2
339,2.13,13.136648481067144,0.035,0.0153092991217785,0.0153092991217785,0.0696089127687665,0.3806145842454505,0.084918211890545,0.9488333573269884,0.0153092991217785,0.0239531519812356,0.3806145842454505,0.0392624511030141,1.118847281918829,-0.045655760787530905,0.045655760787530905,-0.045655760787530905,0.045655760787530905,0.17001392459184073,0.17001392459184073,0.00581362760931511,0.003935606806591903,0.28988596810400447,True,FULL,FULL_exp_d_rank_2
341,1.13,6.96920787962717,0.055,0.0153092991217785,0.0153092991217785,0.1595143577209842,0.7174416499493891,0.1748236568427627,1.524522904222498,0.0153092991217785,0.6341011503689702,0.7174416499493891,0.6494104494907487,1.1755278469097106,0.474586792647986,0.474586792647986,0.474586792647986,0.474586792647986,-0.34899505731278735,0.34899505731278735,0.034811769979178314,0.02527552498876545,-5.645819544798126,True,FULL,FULL_exp_d_rank_2
342,1.22,7.524277533756768,0.039,0.0153092991217785,0.0153092991217785,0.0864894320112215,0.6645156265924669,0.101798731133,1.5829859963913084,0.0153092991217785,0.2537038981894981,0.6645156265924669,0.2690131973112766,1.1903998460976364,0.16721446617827662,0.16721446617827662,0.1672144661782766,0.1672144661782766,-0.39258615029367205,0.39258615029367205,0.013001487620733998,0.009415685239445476,-1.5158992233598911,True,FULL,FULL_exp_d_rank_2
343,1.45,8.942788872087963,0.034,0.0153092991217785,0.0153092991217785,0.0654950286258003,0.5591096996157306,0.0808043277475788,1.4123161332544465,0.0153092991217785,0.1037902199017729,0.5591096996157306,0.1190995190235515,1.153383604151281,0.0382951912759726,0.0382951912759726,0.038295191275972695,0.038295191275972695,-0.25893252910316544,0.25893252910316544,0.0027105513471571223,0.001976408302630884,0.8302107069725696,True,FULL,FULL_exp_d_rank_2
345,0.6,3.700464360863984,0.062,0.0153092991217785,0.0153092991217785,0.1936315334445874,1.3511817740713494,0.2089408325663659,2.78103428223211,0.0153092991217785,1.3465452270034155,1.3511817740713494,1.361854526125194,2.123502395721209,1.152913693558828,1.152913693558828,1.152913693558828,1.152913693558828,-0.6575318865109012,0.6575318865109012,0.08433622168202082,0.061076797837112055,-27.309086510755616,True,FULL,FULL_exp_d_rank_2
346,0.7,4.317208421007981,0.05,0.0153092991217785,0.0153092991217785,0.1358772828198478,1.1581558063468709,0.1511865819416263,2.530764500816095,0.0153092991217785,0.913796988234174,1.1581558063468709,0.9291062873559524,1.85425098133523,0.7779197054143262,0.7779197054143262,0.7779197054143261,0.7779197054143261,-0.6765135194808649,0.6765135194808649,0.05807138568340478,0.042013427308711666,-23.081497723153866,True,FULL,FULL_exp_d_rank_2
347,0.9,5.550696541295977,0.034,0.0153092991217785,0.0153092991217785,0.0654950141480271,0.9007878493808994,0.0808043132698056,2.275398701589776,0.0153092991217785,0.3110144739739577,0.9007878493808994,0.3263237730957362,1.5750017104536718,0.2455194598259306,0.2455194598259306,0.2455194598259306,0.2455194598259306,-0.7003969911361043,0.7003969911361043,0.01989364897872125,0.014315948229343454,-8.14584704817435,True,FULL,FULL_exp_d_rank_2
348,1.8,11.101393082591954,0.027,0.0153092991217785,0.0153092991217785,0.038082793731829,0.4503939246904497,0.0533920928536075,1.2897687725693818,0.0153092991217785,0.006205300040553,0.4503939246904497,0.0215145991623316,1.9573742309781563,-0.031877493691275995,0.031877493691275995,-0.031877493691275904,0.031877493691275904,0.6676054584087745,0.6676054584087745,0.004285883973717832,0.002869331113120957,0.05453052441207917,True,FULL,FULL_exp_d_rank_2
349,1.13,6.96920787962717,0.043,0.0153092991217785,0.0153092991217785,0.1039855497101338,0.7174416499493891,0.1192948488319123,1.6477168177591195,0.0153092991217785,0.3778735082416338,0.7174416499493891,0.3931828073634123,1.2287429553826152,0.2738879585315,0.2738879585315,0.27388795853150005,0.27388795853150005,-0.41897386237650425,0.41897386237650425,0.02093002506487136,0.015160328847048763,-3.8427091375515676,True,FULL,FULL_exp_d_rank_2
350,1.37,8.449393623972766,0.041,0.0153092991217785,0.0153092991217785,0.0951653865075495,0.591758441199131,0.110474685629328,1.3828596668882291,0.0153092991217785,0.2287339667798006,0.591758441199131,0.2440432659015791,1.0743683865340827,0.1335685802722511,0.1335685802722511,0.1335685802722511,0.1335685802722511,-0.3084912803541464,0.3084912803541464,0.010049643130641729,0.007311704250118555,-0.28880313422990556,True,FULL,FULL_exp_d_rank_2
351,1.67,10.299625804404757,0.032,0.0153092991217785,0.0153092991217785,0.057405854043788,0.4854545296064728,0.0727151531655665,1.2626030593869657,0.0153092991217785,0.0471119028573301,0.4854545296064728,0.0624212019791086,1.1916998619653596,-0.0102939511864579,0.0102939511864579,-0.010293951186457893,0.010293951186457893,-0.07090319742160611,0.07090319742160611,0.00193901599964932,0.0012254238463483968,0.8935301932987778,True,FULL,FULL_exp_d_rank_2
353,0.9,5.550696541295977,0.037,0.0153092991217785,0.0153092991217785,0.0779670989319231,0.9007878493808994,0.0932763980537016,2.192227389199339,0.0153092991217785,0.3838419976390385,0.9007878493808994,0.399151296760817,1.5403450940964,0.3058748987071154,0.3058748987071154,0.30587489870711543,0.30587489870711543,-0.6518822951029388,0.6518822951029388,0.024198740804118633,0.0174498836611657,-9.285545297615906,True,FULL,FULL_exp_d_rank_2
354,1.05,6.475812631511974,0.032,0.0153092991217785,0.0153092991217785,0.0574058541682785,0.7721038708979138,0.0727151532900571,2.0081400996379837,0.0153092991217785,0.1932990205244107,0.7721038708979138,0.2086083196461892,1.4349439565666404,0.1358931663561322,0.1358931663561322,0.1358931663561321,0.1358931663561321,-0.5731961430713433,0.5731961430713433,0.01131509835267688,0.008130797778012025,-2.6256038280246643,True,FULL,FULL_exp_d_rank_2
355,1.15,7.09255669165597,0.028,0.0153092991217785,0.0153092991217785,0.0418356081862674,0.7049644038633127,0.0571449073080459,1.9734344433232216,0.0153092991217785,0.0945868409975308,0.7049644038633127,0.1098961401193093,1.480793446902512,0.0527512328112634,0.0527512328112634,0.0527512328112634,0.0527512328112634,-0.4926409964207097,0.4926409964207097,0.004597423453498919,0.00328551416446308,0.04566058739522716,True,FULL,FULL_exp_d_rank_2
356,1.4,8.634416842015963,0.024,0.0153092991217785,0.0153092991217785,0.0272042150777216,0.5790779031734354,0.0425135141995001,1.8037445140554815,0.0153092991217785,0.0163893633265367,0.5790779031734354,0.0316986624483153,1.898309178839969,-0.0108148517511849,0.0108148517511849,-0.010814851751184802,0.010814851751184802,0.09456466478448755,0.09456466478448755,0.0016440151653370843,0.001078669204725005,0.7861089439332046,True,FULL,FULL_exp_d_rank_2
357,0.75,4.625580451079981,0.028,0.0153092991217785,0.0153092991217785,0.0418356081843982,1.080945419257079,0.0571449073061767,3.0259328132395527,0.0153092991217785,0.2523677406017382,1.080945419257079,0.2676770397235167,1.93767258486868,0.21053213241734003,0.21053213241734003,0.21053213241734,0.21053213241734,-1.0882602283708727,1.0882602283708727,0.01798059526952873,0.012860820996440646,-13.597617401252371,True,FULL,FULL_exp_d_rank_2
358,1.15,7.09255669165597,0.026,0.0153092991217785,0.0153092991217785,0.0343911653190034,0.7049644038633127,0.0497004644407819,2.0699745048837284,0.0153092991217785,0.068203363003825,0.7049644038633127,0.0835126621256035,1.5862628197552873,0.0338121976848216,0.0338121976848216,0.033812197684821604,0.033812197684821604,-0.4837116851284411,0.4837116851284411,0.003022419505461959,0.002147591781004075,0.46064706390868837,True,FULL,FULL_exp_d_rank_2
359,1.1,6.784184661583972,0.024,0.0153092991217785,0.0153092991217785,0.0272042141314279,0.7370082404025541,0.0425135132532064,2.2956749282231264,0.0153092991217785,0.0537154469577468,0.7370082404025541,0.0690247460795254,1.7523546863827846,0.026511232826318898,0.026511232826318898,0.026511232826318995,0.026511232826318995,-0.5433202418403418,0.5433202418403418,0.0024913285809680503,0.0017547578220173568,0.5088173581195103,True,FULL,FULL_exp_d_rank_2
360,1.2,7.400928721727968,0.022,0.0153092991217785,0.0153092991217785,0.0203041095024898,0.6755908870356747,0.0356134086242683,2.2704692840433656,0.0153092991217785,0.0207377561705894,0.6755908870356747,0.0360470552923679,2.069015647244396,0.0004336466680995993,0.0004336466680995993,0.0004336466680995993,0.0004336466680995993,-0.20145363679896944,0.20145363679896944,0.0003080807977678139,0.00013226674081459497,0.989724804917887,True,FULL,FULL_exp_d_rank_2
