sample_id,u_peak,u_r,tau_peak,tau_r,true_a,true_b,true_c,true_d,true_e,estimated_a,estimated_b,estimated_c,estimated_d,estimated_e,error_b,abs_error_b,error_d,abs_error_d,error_e,abs_error_e,curve_rmse_tau_u,curve_mae_tau_u,curve_r2_tau_u,curve_valid,dataset,model_name
7,0.72,2.75,0.044,0.03175,0.03175,0.0801325410005739,1.818181818181818,0.1118825410005739,3.441242286799551,0.03175,0.4678882956378619,1.818181818181818,0.4996382956378619,2.127725348614343,0.38775575463728795,0.38775575463728795,0.38775575463728795,0.38775575463728795,-1.313516938185208,1.313516938185208,0.003949020279987089,0.0032069309846519366,0.6618073929944653,True,FULL,FULL_exp_d_rank_5
8,0.92,3.0,0.035,0.02825,0.02825,0.0557241852265918,1.6666666666666667,0.0839741852265918,3.007954906577982,0.02825,0.3658870618868823,1.6666666666666667,0.3941370618868823,1.876267630521051,0.3101628766602905,0.3101628766602905,0.3101628766602905,0.3101628766602905,-1.1316872760569308,1.1316872760569308,0.001741983076230132,0.001502984806022427,0.8969404064447876,True,FULL,FULL_exp_d_rank_5
9,0.97,3.0,0.029,0.0255,0.0255,0.0288872445152351,1.6666666666666667,0.0543872445152351,3.290221199159674,0.0255,0.3003805364177921,1.6666666666666667,0.3258805364177922,1.8685293199528756,0.271493291902557,0.271493291902557,0.2714932919025571,0.2714932919025571,-1.4216918792067983,1.4216918792067983,0.001819448617750575,0.0015260149832935976,0.8413499224080121,True,FULL,FULL_exp_d_rank_5
11,0.78,3.5,0.05,0.0417499999999999,0.0417499999999999,0.0354980845491272,1.4285714285714286,0.0772480845491271,4.004659571873231,0.0417499999999999,0.4255436662339579,1.4285714285714286,0.4672936662339578,1.942601439872575,0.3900455816848307,0.3900455816848307,0.3900455816848307,0.3900455816848307,-2.0620581320006557,2.0620581320006557,0.015163278321399102,0.011608591205436551,-3.7477611837133473,True,FULL,FULL_exp_d_rank_5
12,1.25,3.5,0.04,0.034,0.034,0.0670624339164287,1.4285714285714286,0.1010624339164287,2.366794324621144,0.034,0.3671038056937492,1.4285714285714286,0.4011038056937492,1.580064482624303,0.3000413717773205,0.3000413717773205,0.3000413717773205,0.3000413717773205,-0.7867298419968407,0.7867298419968407,0.0017318488987921096,0.0012201420623406333,0.9282941993399214,True,FULL,FULL_exp_d_rank_5
13,1.8,4.0,0.035,0.033,0.033,0.0334302203204883,1.25,0.0664302203204883,2.0972939397426664,0.033,0.2865617143637465,1.25,0.3195617143637466,1.355616099556902,0.2531314940432582,0.2531314940432582,0.2531314940432583,0.2531314940432583,-0.7416778401857644,0.7416778401857644,0.001341739686157828,0.0009039425569283832,0.9532086310081983,True,FULL,FULL_exp_d_rank_5
19,1.55,12.0,1.02,0.8525,0.8525,0.3782821788444106,0.4166666666666667,1.2307821788444109,2.3791759662313843,0.8525,0.4653787407688539,0.4166666666666667,1.317878740768854,2.1455708857340112,0.08709656192444326,0.08709656192444326,0.08709656192444304,0.08709656192444304,-0.23360508049737305,0.23360508049737305,0.012391630764494023,0.008041687415734687,0.9891428957654606,True,FULL,FULL_exp_d_rank_5
27,0.87,3.25,2.35,1.9075,1.9075,2.7034029995062916,1.5384615384615383,4.610902999506291,3.276941309100947,1.9075,0.0805844506218016,1.5384615384615383,1.9880844506218016,6.957630795038833,-2.62281854888449,2.62281854888449,-2.6228185488844895,2.6228185488844895,3.680689485937886,3.680689485937886,0.20766493356808685,0.1464961849998968,0.6458098414199105,True,FULL,FULL_exp_d_rank_5
28,0.13,1.325,1.02,0.6675,0.6675,0.6738254010838505,3.7735849056603774,1.3413254010838505,23.891608655167115,0.6675,0.9787604446209855,3.7735849056603774,1.6462604446209856,20.964023628206636,0.3049350435371351,0.3049350435371351,0.3049350435371352,0.3049350435371352,-2.927585026960479,2.927585026960479,0.055416806782375795,0.034812063123070426,0.8233456281340061,True,FULL,FULL_exp_d_rank_5
29,0.6,2.425,4.93,4.2975,4.2975,3.110870023650559,2.061855670103093,7.408370023650559,5.517814597970529,4.2975,2.37229073112689,2.061855670103093,6.6697907311268905,5.384654273352074,-0.7385792925236689,0.7385792925236689,-0.7385792925236689,0.7385792925236689,-0.13316032461845495,0.13316032461845495,0.1294808039380102,0.08273096783795443,0.9667074611896449,True,FULL,FULL_exp_d_rank_5
30,2.17,3.85,16.37,14.955,14.955,60.674147880173095,1.2987012987012987,75.6291478801731,1.6284330431129306,14.955,123.30452737479256,1.2987012987012987,138.25952737479255,1.379153007567797,62.63037949461946,62.63037949461946,62.63037949461946,62.63037949461946,-0.24928003554513367,0.24928003554513367,1.5936133841988942,1.1436384897986664,0.7189087294964005,True,FULL,FULL_exp_d_rank_5
31,0.24,1.275,0.66,0.475,0.475,0.6758571313827281,3.9215686274509807,1.150857131382728,11.17767536247715,0.475,1.023962657576313,3.9215686274509807,1.498962657576313,8.945567059238638,0.3481055261935849,0.3481055261935849,0.34810552619358504,0.34810552619358504,-2.232108303238512,2.232108303238512,0.022150842845334556,0.016118187715790544,0.9430005697976215,True,FULL,FULL_exp_d_rank_5
32,0.3,2.175,4.71,4.1925,4.1925,1.211168346774408,2.298850574712644,5.403668346774408,13.642584509493682,4.1925,0.5348580413207493,2.298850574712644,4.727358041320749,16.03769380846241,-0.6763103054536588,0.6763103054536588,-0.6763103054536588,0.6763103054536588,2.3951092989687286,2.3951092989687286,0.11329219411350788,0.07085258102909141,0.9582746366490362,True,FULL,FULL_exp_d_rank_5
33,2.26,4.125,16.14,11.3475,11.3475,422.7987490320256,1.2121212121212122,434.1462490320256,1.3091974223177918,11.3475,109.15956968553871,1.2121212121212122,120.50706968553872,1.2799863341609423,-313.6391793464869,313.6391793464869,-313.63917934648686,313.63917934648686,-0.029211088156849474,0.029211088156849474,5.2390958700053485,4.040928038684368,-1.065365885995797,True,FULL,FULL_exp_d_rank_5
34,0.47,1.525,1.07,0.6975,0.6975,4.0455139668571585,3.278688524590164,4.743013966857158,4.812842755740618,0.6975,1.2821157640682024,3.278688524590164,1.9796157640682024,5.173267474681094,-2.763398202788956,2.763398202788956,-2.763398202788956,2.763398202788956,0.36042471894047523,0.36042471894047523,0.16864816941768204,0.1238123045826918,0.1651947335253473,True,FULL,FULL_exp_d_rank_5
35,0.47,2.2,4.91,4.25,4.25,2.5915991927768687,2.2727272727272725,6.841599192776869,7.213346651196478,4.25,3.143528665777789,2.2727272727272725,7.393528665777789,6.242068028939353,0.5519294730009205,0.5519294730009205,0.5519294730009205,0.5519294730009205,-0.9712786222571248,0.9712786222571248,0.05742735122049751,0.035639065813040126,0.9926859144962328,True,FULL,FULL_exp_d_rank_5
36,1.48,3.625,14.91,14.235,14.235,8.232456046268986,1.3793103448275863,22.467456046268985,2.7321098339023515,14.235,62.80842033285771,1.3793103448275863,77.0434203328577,1.6302950962191578,54.57596428658872,54.57596428658872,54.57596428658872,54.57596428658872,-1.1018147376831937,1.1018147376831937,0.5171780386497188,0.41644819065132394,0.9597043754368061,True,FULL,FULL_exp_d_rank_5
37,0.11,1.325,0.89,0.5625,0.5625,0.5639971811696873,3.7735849056603774,1.1264971811696871,29.2958502513531,0.5625,0.8952123009243529,3.7735849056603774,1.4577123009243529,25.617250141810658,0.33121511975466555,0.33121511975466555,0.3312151197546658,0.3312151197546658,-3.678600109542444,3.678600109542444,0.06727355474459469,0.041294138087175164,0.6587432496840895,True,FULL,FULL_exp_d_rank_5
38,0.26,2.175,5.3,4.1,4.1,2.5910971306331803,2.298850574712644,6.69109713063318,13.042743993933716,4.1,1.7764523921978057,2.298850574712644,5.876452392197805,13.79090940641064,-0.8146447384353745,0.8146447384353745,-0.8146447384353745,0.8146447384353745,0.7481654124769239,0.7481654124769239,0.15559349889486096,0.09705408743244011,0.9383375015412808,True,FULL,FULL_exp_d_rank_5
39,0.54,3.35,15.9,14.4675,14.4675,3.852469877296928,1.4925373134328357,18.319969877296927,7.688914610134782,14.4675,25.009854579026985,1.4925373134328357,39.477354579026986,4.295330143296491,21.157384701730056,21.157384701730056,21.15738470173006,21.15738470173006,-3.3935844668382913,3.3935844668382913,2.58730202018786,1.7355977428384222,-0.7240375610872536,True,FULL,FULL_exp_d_rank_5
40,0.3,1.35,0.88,0.635,0.635,1.1651130574348498,3.7037037037037033,1.8001130574348498,8.547982610717572,0.635,1.1273664723275865,3.7037037037037033,1.7623664723275865,7.5803815267301236,-0.037746585107263364,0.037746585107263364,-0.037746585107263364,0.037746585107263364,-0.9676010839874483,0.9676010839874483,0.03337453614715282,0.01878951792565059,0.9336168077925591,True,FULL,FULL_exp_d_rank_5
41,0.38,2.175,5.2,4.3975,4.3975,2.452688320111813,2.298850574712644,6.850188320111813,9.031706106944794,4.3975,3.0663833865788312,2.298850574712644,7.463883386578831,7.882603128646147,0.6136950664670184,0.6136950664670184,0.6136950664670184,0.6136950664670184,-1.1491029782986475,1.1491029782986475,0.06043482522199015,0.042391130919593685,0.9917483632845783,True,FULL,FULL_exp_d_rank_5
42,0.71,3.35,16.28,14.8375,14.8375,5.373344828404187,1.4925373134328357,20.210844828404188,5.457009220110153,14.8375,56.693972445505416,1.4925373134328357,71.53147244550541,2.603700196925242,51.32062761710123,51.32062761710123,51.32062761710122,51.32062761710122,-2.8533090231849116,2.8533090231849116,3.4293223750956527,2.4946160281753578,-1.3793516110382953,True,FULL,FULL_exp_d_rank_5
43,0.88,1.475,0.58,0.535,0.535,2.3643732180319175,3.389830508474576,2.8993732180319176,4.157276354583812,0.535,0.901873676922254,3.389830508474576,1.436873676922254,4.148638132462074,-1.4624995411096635,1.4624995411096635,-1.4624995411096635,1.4624995411096635,-0.008638222121737371,0.008638222121737371,0.056923171038248795,0.042784372287631094,0.7223148765653837,True,FULL,FULL_exp_d_rank_5
44,1.5,2.625,3.89,3.6325,3.6325,10.486129835864666,1.9047619047619049,14.118629835864668,2.474961892115721,3.6325,1.5749842854313043,1.9047619047619049,5.207484285431304,3.0062122029855387,-8.911145550433362,8.911145550433362,-8.911145550433364,8.911145550433364,0.5312503108698179,0.5312503108698179,0.2713001771201352,0.21077397603833326,0.8593440369413456,True,FULL,FULL_exp_d_rank_5
45,2.87,4.1,13.67,13.42,13.42,16.705556614946417,1.2195121951219514,30.12555661494642,1.6634039681803665,13.42,47.30141558802713,1.2195121951219514,60.721415588027135,1.3391405187477232,30.595858973080716,30.595858973080716,30.595858973080716,30.595858973080716,-0.3242634494326433,0.3242634494326433,0.5921131158032911,0.3706377640679509,0.9485649280042654,True,FULL,FULL_exp_d_rank_5
46,0.79,1.5,0.8,0.665,0.665,6.166849946093346,3.3333333333333335,6.831849946093346,3.9230290740544778,0.665,1.0244302857147307,3.3333333333333335,1.6894302857147308,4.284255857792683,-5.142419660378615,5.142419660378615,-5.142419660378615,5.142419660378615,0.36122678373820527,0.36122678373820527,0.13343230546254073,0.10220960409434872,0.16270280242311708,True,FULL,FULL_exp_d_rank_5
47,0.6,2.175,5.04,4.655,4.655,2.141531174694559,2.298850574712644,6.796531174694559,6.310564627174357,4.655,4.3682757140441515,2.298850574712644,9.023275714044152,4.699748668204576,2.2267445393495926,2.2267445393495926,2.2267445393495926,2.2267445393495926,-1.6108159589697815,1.6108159589697815,0.11200114204184401,0.08522627398734013,0.9781879668692459,True,FULL,FULL_exp_d_rank_5
48,2.37,4.125,16.38,14.3675,14.3675,112.7264689844744,1.2121212121212122,127.0939689844744,1.4228254925840296,14.3675,98.77535374860244,1.2121212121212122,113.14285374860243,1.2984520130626047,-13.951115235871953,13.951115235871953,-13.951115235871967,13.951115235871967,-0.12437347952142486,0.12437347952142486,2.37150458907998,1.7755859780050176,0.38086945564032226,True,FULL,FULL_exp_d_rank_5
49,1.46,2.566666666666667,4.68,4.1066666666666665,4.1066666666666665,30.593215473314466,1.948051948051948,34.69988213998113,2.300589855794831,4.1066666666666665,3.6354178344419648,1.948051948051948,7.742084501108631,2.685784850055118,-26.9577976388725,26.9577976388725,-26.957797638872496,26.957797638872496,0.3851949942602868,0.3851949942602868,0.6470579128589461,0.49989012201848415,0.4318645076598142,True,FULL,FULL_exp_d_rank_5
50,4.16,4.75,15.04,14.775,14.775,58.5314735148253,1.0526315789473684,73.3064735148253,1.2144266984360343,14.775,67.76554112561195,1.0526315789473684,82.54054112561195,1.113572974286267,9.234067610786646,9.234067610786646,9.234067610786653,9.234067610786653,-0.10085372414976734,0.10085372414976734,0.930376388796572,0.5925500640574366,0.880170150721026,True,FULL,FULL_exp_d_rank_5
51,1.26,1.85,0.94,0.785,0.785,27.151829140946248,2.702702702702702,27.936829140946248,2.8751003676389564,0.785,0.924315622572586,2.702702702702702,1.709315622572586,3.364455595317655,-26.227513518373662,26.227513518373662,-26.227513518373662,26.227513518373662,0.48935522767869877,0.48935522767869877,0.25690944008417854,0.19307620564606354,-0.676157746083444,True,FULL,FULL_exp_d_rank_5
52,3.13,4.466666666666667,15.58,14.793333333333337,14.793333333333337,75.02328336156236,1.1194029850746268,89.8166166948957,1.313812712287742,14.793333333333337,68.65827152333242,1.1194029850746268,83.45160485666575,1.205387210549397,-6.365011838229947,6.365011838229947,-6.365011838229947,6.365011838229947,-0.10842550173834509,0.10842550173834509,1.4576952711417175,1.0325283317407685,0.742697779079819,True,FULL,FULL_exp_d_rank_5
53,1.15,1.85,0.71,0.65,0.65,3.9933470021604136,2.702702702702702,4.6433470021604135,3.19021506632708,0.65,0.8003741430594483,2.702702702702702,1.4503741430594483,3.425821431703847,-3.192972859100965,3.192972859100965,-3.192972859100965,3.192972859100965,0.23560636537676682,0.23560636537676682,0.08255567967786714,0.06324580019493353,0.6145805124152854,True,FULL,FULL_exp_d_rank_5
54,0.35,2.175,4.68,4.205,4.205,1.283914851902833,2.298850574712644,5.488914851902833,11.46515887900422,4.205,1.1505937018994548,2.298850574712644,5.355593701899455,11.22287424937077,-0.13332115000337819,0.13332115000337819,-0.13332115000337819,0.13332115000337819,-0.2422846296334491,0.2422846296334491,0.03590409968794988,0.020458888834422376,0.996162638620828,True,FULL,FULL_exp_d_rank_5
55,0.63,3.85,16.18,14.365,14.365,5.024596391351091,1.2987012987012987,19.38959639135109,6.152370825583352,14.365,12.969301095526466,1.2987012987012987,27.334301095526467,4.4296880494559465,7.9447047041753756,7.9447047041753756,7.9447047041753756,7.9447047041753756,-1.7226827761274057,1.7226827761274057,0.9673443808829026,0.6415274516092245,0.7696599456811779,True,FULL,FULL_exp_d_rank_5
56,0.45,1.5666666666666669,0.87,0.6366666666666667,0.6366666666666667,1.8543711063769357,3.191489361702127,2.4910377730436024,5.520751658815112,0.6366666666666667,1.0115528951349222,3.191489361702127,1.648219561801589,5.476248363355198,-0.8428182112420135,0.8428182112420135,-0.8428182112420135,0.8428182112420135,-0.04450329545991405,0.04450329545991405,0.08162623978381098,0.057270522356833685,0.6446441367367353,True,FULL,FULL_exp_d_rank_5
57,0.58,2.175,5.35,4.42,4.42,5.5363451785319135,2.298850574712644,9.956345178531912,5.059116621676996,4.42,6.575475013745876,2.298850574712644,10.995475013745876,4.24123293952665,1.0391298352139628,1.0391298352139628,1.0391298352139646,1.0391298352139646,-0.8178836821503452,0.8178836821503452,0.14894735615071836,0.07759080030080763,0.9645635103872588,True,FULL,FULL_exp_d_rank_5
58,0.94,3.875,16.28,13.935,13.935,11.349260923481204,1.2903225806451613,25.28426092348121,3.405427164282276,13.935,39.26418286031807,1.2903225806451613,53.199182860318075,2.1630364967822966,27.91492193683687,27.91492193683687,27.914921936836866,27.914921936836866,-1.2423906674999796,1.2423906674999796,1.2354317169522404,0.9252427936484382,0.7181832569405704,True,FULL,FULL_exp_d_rank_5
59,0.13,1.5666666666666669,0.97,0.8033333333333333,0.8033333333333333,0.2782264175865835,3.191489361702127,1.0815597509199169,31.910981063129015,0.8033333333333333,0.4528231638588883,3.191489361702127,1.2561564971922217,27.64831517958093,0.17459674627230481,0.17459674627230481,0.17459674627230481,0.17459674627230481,-4.262665883548085,4.262665883548085,0.0359328907446328,0.021775084296165106,0.8748982587214094,True,FULL,FULL_exp_d_rank_5
60,2.38,2.85,5.22,4.84,4.84,137.35939252357494,1.7543859649122806,142.19939252357494,1.8523237169572588,4.84,4.444817821462042,1.7543859649122806,9.284817821462042,2.1491796569585646,-132.9145747021129,132.9145747021129,-132.9145747021129,132.9145747021129,0.2968559400013058,0.2968559400013058,1.0044833506609676,0.6873777524770567,-0.07920001592702808,True,FULL,FULL_exp_d_rank_5
61,2.68,4.125,16.95,15.5375,15.5375,116.71406105996982,1.2121212121212122,132.25156105996982,1.3981039630569712,15.5375,132.32685741102776,1.2121212121212122,147.86435741102775,1.2713471369553904,15.612796351057938,15.612796351057938,15.612796351057938,15.612796351057938,-0.1267568261015808,0.1267568261015808,2.1953015190255813,1.6204697046732717,0.5148484690199896,True,FULL,FULL_exp_d_rank_5
62,0.71,1.6,1.14,0.9133333333333334,0.9133333333333334,5.696830896813862,3.125,6.610164230147195,3.976020028848459,0.9133333333333334,1.134423871531996,3.125,2.0477572048653294,4.456880235624903,-4.562407025281866,4.562407025281866,-4.562407025281866,4.562407025281866,0.4808602067764438,0.4808602067764438,0.16614925167470712,0.1260251121736929,0.2971604488959638,True,FULL,FULL_exp_d_rank_5
63,0.76,2.2,5.03,4.68,4.68,3.0326428857358856,2.2727272727272725,7.712642885735885,4.87933520201715,4.68,5.202431877653224,2.2727272727272725,9.882431877653223,3.789779562636797,2.169788991917338,2.169788991917338,2.169788991917338,2.169788991917338,-1.089555639380353,1.089555639380353,0.11687978383800077,0.07045941501821563,0.97965305750453,True,FULL,FULL_exp_d_rank_5
64,2.73,4.125,15.88,13.97,13.97,220.02903798852773,1.2121212121212122,233.99903798852773,1.3339956390040135,13.97,101.46763305275589,1.2121212121212122,115.43763305275588,1.2790606152920565,-118.56140493577185,118.56140493577185,-118.56140493577185,118.56140493577185,-0.05493502371195702,0.05493502371195702,3.048205955945143,2.2767507031591694,-0.02075109683678944,True,FULL,FULL_exp_d_rank_5
65,0.63,1.5666666666666669,1.42,0.9733333333333332,0.9733333333333332,10.644929502666052,3.191489361702127,11.618262835999383,3.927118476960182,0.9733333333333332,1.591376677855342,3.191489361702127,2.564710011188675,4.4913484524908585,-9.05355282481071,9.05355282481071,-9.053552824810708,9.053552824810708,0.5642299755306763,0.5642299755306763,0.2955498726230735,0.22500505364969997,-0.27566960083999903,True,FULL,FULL_exp_d_rank_5
66,0.34,2.175,5.0,4.24,4.24,2.0482757543105174,2.298850574712644,6.288275754310518,10.49368724913285,4.24,2.000319608668364,2.298850574712644,6.240319608668364,9.956249459284324,-0.04795614564215356,0.04795614564215356,-0.04795614564215356,0.04795614564215356,-0.5374377898485267,0.5374377898485267,0.03903043761463439,0.01752150137707558,0.9959899133554417,True,FULL,FULL_exp_d_rank_5
67,3.13,4.533333333333333,14.91,14.596666666666666,14.596666666666666,20.35467702287054,1.1029411764705883,34.951343689537204,1.4882877719989878,14.596666666666666,49.589182848094026,1.1029411764705883,64.18584951476069,1.2167462720486617,29.234505825223486,29.234505825223486,29.234505825223486,29.234505825223486,-0.27154149995032606,0.27154149995032606,0.6832907221480536,0.43694899563216166,0.9424905393039383,True,FULL,FULL_exp_d_rank_5
68,0.49,1.5666666666666669,0.79,0.63,0.63,1.4068332196782207,3.191489361702127,2.0368332196782206,5.5461514668738845,0.63,0.928956571292339,3.191489361702127,1.558956571292339,5.272605714795121,-0.47787664838588173,0.47787664838588173,-0.4778766483858816,0.4778766483858816,-0.2735457520787632,0.2735457520787632,0.05730269048009018,0.03934095110823117,0.7847430046340251,True,FULL,FULL_exp_d_rank_5
69,1.69,2.566666666666667,5.04,4.426666666666667,4.426666666666667,69.19774278410341,1.948051948051948,73.62440945077007,2.1459242646578933,4.426666666666667,5.173273707092661,1.948051948051948,9.599940373759328,2.4493892361820717,-64.02446907701075,64.02446907701075,-64.02446907701075,64.02446907701075,0.3034649715241784,0.3034649715241784,0.9463711654584922,0.7187318222047081,0.025086066154597852,True,FULL,FULL_exp_d_rank_5
70,3.12,4.466666666666667,16.37,15.163333333333334,15.163333333333334,137.96164146287623,1.1194029850746268,153.12497479620956,1.2614658876838951,15.163333333333334,89.86755901988877,1.1194029850746268,105.03089235322211,1.1886015197184587,-48.09408244298746,48.09408244298746,-48.09408244298744,48.09408244298744,-0.07286436796543638,0.07286436796543638,2.1738721969201356,1.5695270278796385,0.4744298986905683,True,FULL,FULL_exp_d_rank_5
71,0.18,1.5666666666666669,0.87,0.6,0.6,0.5778652142592701,3.191489361702127,1.17786521425927,16.988625203858206,0.6,0.8247599852301818,3.191489361702127,1.4247599852301818,14.722264076981403,0.24689477097091173,0.24689477097091173,0.24689477097091173,0.24689477097091173,-2.2663611268768022,2.2663611268768022,0.03913238884408939,0.025158474927245288,0.8758184132224766,True,FULL,FULL_exp_d_rank_5
72,0.42,2.175,5.1,3.8825,3.8825,4.482035276937978,2.298850574712644,8.364535276937978,6.759501195047857,3.8825,4.5910534822983955,2.298850574712644,8.473553482298396,6.0696358169376525,0.1090182053604174,0.1090182053604174,0.1090182053604174,0.1090182053604174,-0.6898653781102047,0.6898653781102047,0.09316013496401088,0.04250619431547756,0.9822348097456559,True,FULL,FULL_exp_d_rank_5
73,1.09,3.85,15.19,13.3025,13.3025,11.821633061680007,1.2987012987012987,25.12413306168001,2.9737453064844868,13.3025,35.40060917218682,1.2987012987012987,48.70310917218682,1.9768014899347972,23.57897611050681,23.57897611050681,23.57897611050681,23.57897611050681,-0.9969438165496896,0.9969438165496896,0.629106687730862,0.504929337695704,0.9245370744158156,True,FULL,FULL_exp_d_rank_5
74,0.47,1.5666666666666669,0.66,0.5066666666666667,0.5066666666666667,1.2794449424210406,3.191489361702127,1.7861116090877074,5.540134014051035,0.5066666666666667,0.9156984670868,3.191489361702127,1.4223651337534666,5.1441905668323225,-0.36374647533424054,0.36374647533424054,-0.36374647533424076,0.36374647533424076,-0.39594344721871266,0.39594344721871266,0.050540046180141865,0.03428198168055003,0.7594829316110768,True,FULL,FULL_exp_d_rank_5
75,0.57,2.175,4.24,4.0125,4.0125,1.1193350008113887,2.298850574712644,5.131835000811389,7.4273022742503985,4.0125,2.0284287553765,2.298850574712644,6.0409287553765,5.8529404137495575,0.9090937545651112,0.9090937545651112,0.9090937545651112,0.9090937545651112,-1.574361860500841,1.574361860500841,0.06969176077079224,0.049201181814457665,0.9876280925617866,True,FULL,FULL_exp_d_rank_5
76,4.13,4.7,14.9,13.285,13.285,1213.8760619263403,1.0638297872340423,1227.1610619263406,1.0940505167399543,13.285,74.22982299121864,1.0638297872340423,87.51482299121864,1.1150891416623172,-1139.6462389351216,1139.6462389351216,-1139.646238935122,1139.646238935122,0.02103862492236286,0.02103862492236286,5.045580377305242,3.3591454688248246,-0.964177718430993,True,FULL,FULL_exp_d_rank_5
77,0.18,1.5666666666666669,0.88,0.4966666666666666,0.4966666666666666,0.8494890683979475,3.191489361702127,1.346155735064614,14.732448429095294,0.4966666666666666,1.004193516620583,3.191489361702127,1.50086018328725,13.391350187851128,0.15470444822263563,0.15470444822263563,0.15470444822263585,0.15470444822263585,-1.3410982412441665,1.3410982412441665,0.021479321225542046,0.014006911509313798,0.9743172001415806,True,FULL,FULL_exp_d_rank_5
78,1.25,2.566666666666667,4.37,3.77,3.77,17.6011784506471,1.948051948051948,21.3711784506471,2.4976694597033373,3.77,2.662131724541396,1.948051948051948,6.432131724541396,2.998937561396929,-14.939046726105705,14.939046726105705,-14.939046726105705,14.939046726105705,0.5012681016935918,0.5012681016935918,0.5007798815995225,0.38413195591978977,0.5760077858812167,True,FULL,FULL_exp_d_rank_5
79,3.62,4.5,14.62,13.843333333333334,13.843333333333334,173.78668847200146,1.1111111111111112,187.6300218053348,1.2115644521301927,13.843333333333334,61.76813148546401,1.1111111111111112,75.61146481879734,1.1846847428058809,-112.01855698653745,112.01855698653745,-112.01855698653745,112.01855698653745,-0.02687970932431183,0.02687970932431183,1.9504009387524759,1.333136961967676,0.4349758823436226,True,FULL,FULL_exp_d_rank_5
80,0.11,1.5633333333333332,1.04,0.5006666666666667,0.5006666666666667,0.863642983300683,3.1982942430703627,1.3643096499673495,27.24084861115649,0.5006666666666667,1.0074610375236015,3.1982942430703627,1.5081277041902683,25.870201177973144,0.1438180542229185,0.1438180542229185,0.14381805422291882,0.14381805422291882,-1.370647433183347,1.370647433183347,0.03057073428579629,0.018554506585480492,0.9657281156715297,True,FULL,FULL_exp_d_rank_5
81,0.23,2.1775,4.79,3.54875,3.54875,2.4552355004571034,2.296211251435132,6.003985500457103,14.649101403235154,3.54875,0.9761305212337774,2.296211251435132,4.5248805212337775,17.890919828324513,-1.479104979223326,1.479104979223326,-1.479104979223326,1.479104979223326,3.2418184250893596,3.2418184250893596,0.2855126698618507,0.17668583844620941,0.7453262406458478,True,FULL,FULL_exp_d_rank_5
83,0.21,1.5566666666666666,0.75,0.4896666666666667,0.4896666666666667,0.6541837303857423,3.211991434689508,1.143850397052409,13.109251845364824,0.4896666666666667,0.905946201810969,3.211991434689508,1.3956128684776357,11.23020541969864,0.2517624714252267,0.2517624714252267,0.2517624714252267,0.2517624714252267,-1.8790464256661839,1.8790464256661839,0.031450607532989845,0.02097270551743715,0.9088935067812628,True,FULL,FULL_exp_d_rank_5
84,1.52,2.19,4.53,3.98,3.98,84.48453784563569,2.2831050228310503,88.46453784563569,2.4678705594788535,3.98,6.668086644071083,2.2831050228310503,10.648086644071084,2.701811082067706,-77.8164512015646,77.8164512015646,-77.8164512015646,77.8164512015646,0.23394052258885267,0.23394052258885267,0.9506460129900595,0.7045397028824408,-0.185185640380076,True,FULL,FULL_exp_d_rank_5
86,1.14,1.85,0.47,0.4455,0.4455,1.2635859558868447,2.702702702702702,1.7090859558868448,3.448989911906233,0.4455,0.7871678863266296,2.702702702702702,1.2326678863266296,3.260780721123292,-0.47641806956021515,0.47641806956021515,-0.47641806956021515,0.47641806956021515,-0.18820919078294063,0.18820919078294063,0.034050672432768915,0.024994992678300427,0.8547627023888612,True,FULL,FULL_exp_d_rank_5
87,1.53,2.29,3.84,3.5879999999999996,3.5879999999999996,21.229112109709114,2.1834061135371177,24.817112109709115,2.5522940611621228,3.5879999999999996,3.0588190091196465,2.1834061135371177,6.646819009119646,2.869193231409113,-18.17029310058947,18.17029310058947,-18.17029310058947,18.17029310058947,0.3168991702469901,0.3168991702469901,0.3915644013989977,0.29381373830506724,0.6974611909508951,True,FULL,FULL_exp_d_rank_5
89,0.31,1.5733333333333333,0.64,0.434,0.434,0.831446191232911,3.1779661016949152,1.265446191232911,8.046929532076042,0.434,0.9239771139189346,3.1779661016949152,1.3579771139189345,6.939361167068118,0.09253092268602359,0.09253092268602359,0.09253092268602359,0.09253092268602359,-1.107568365007924,1.107568365007924,0.014335668171378015,0.007333993390935744,0.977214894570266,True,FULL,FULL_exp_d_rank_5
90,0.44,2.0033333333333334,4.09,3.8813333333333335,3.8813333333333335,0.7845727106922662,2.4958402662229617,4.6659060440256,10.177837650659969,3.8813333333333335,2.040159019605238,2.4958402662229617,5.9214923529385715,7.382228600316346,1.2555863089129717,1.2555863089129717,1.2555863089129717,1.2555863089129717,-2.7956090503436224,2.7956090503436224,0.11349167497267523,0.08050146824987724,0.9597374956827388,True,FULL,FULL_exp_d_rank_5
91,2.56,4.125,14.35,13.695,13.695,33.24347166872315,1.2121212121212122,46.93847166872315,1.5724619149710894,13.695,51.14510347458518,1.2121212121212122,64.84010347458518,1.3456109829488847,17.901631805862024,17.901631805862024,17.901631805862024,17.901631805862024,-0.22685093202220474,0.22685093202220474,0.9683218590429601,0.6828429659256022,0.8755460693056327,True,FULL,FULL_exp_d_rank_5
92,0.1,1.5666666666666669,0.84,0.5786666666666667,0.5786666666666667,0.3913124802400913,3.191489361702127,0.969979146906758,37.39184550372476,0.5786666666666667,0.5883340872215836,3.191489361702127,1.1670007538882503,33.57272558884761,0.19702160698149235,0.19702160698149235,0.1970216069814923,0.1970216069814923,-3.819119914877149,3.819119914877149,0.04470268460495274,0.02665305302117409,0.7848457887172822,True,FULL,FULL_exp_d_rank_5
93,0.29,2.175,4.72,4.314,4.314,0.9127902034753363,2.298850574712644,5.226790203475336,15.255568277966066,4.314,0.1268879910336178,2.298850574712644,4.440887991033618,22.410691191671145,-0.7859022124417185,0.7859022124417185,-0.7859022124417185,0.7859022124417185,7.155122913705078,7.155122913705078,0.13712273855669493,0.08629643698827713,0.9377942437447653,True,FULL,FULL_exp_d_rank_5
94,2.24,4.125,16.29,15.185,15.185,36.934910613682646,1.2121212121212122,52.11991061368265,1.6343524111032697,15.185,82.3330161601456,1.2121212121212122,97.5180161601456,1.3286714863981557,45.39810554646296,45.39810554646296,45.39810554646296,45.39810554646296,-0.305680924705114,0.305680924705114,1.146877569127204,0.7777418658919788,0.8536509675548123,True,FULL,FULL_exp_d_rank_5
95,0.15,1.5666666666666669,1.04,0.515,0.515,1.0180921290257392,3.191489361702127,1.533092129025739,17.824332391452327,0.515,1.115327961177588,3.191489361702127,1.6303279611775878,16.791679314742236,0.09723583215184872,0.09723583215184872,0.09723583215184872,0.09723583215184872,-1.0326530767100905,1.0326530767100905,0.01540082732318701,0.009790243880229343,0.9918055694625568,True,FULL,FULL_exp_d_rank_5
96,0.32,2.225,5.75,4.01075,4.01075,4.5926707536336835,2.2471910112359548,8.603420753633683,8.90252129065327,4.01075,4.977666354314401,2.2471910112359548,8.988416354314401,8.101321206190441,0.3849956006807176,0.3849956006807176,0.3849956006807176,0.3849956006807176,-0.8012000844628293,0.8012000844628293,0.04665913825827646,0.02999441069468113,0.9963114164487767,True,FULL,FULL_exp_d_rank_5
97,0.98,3.925,16.9,13.655,13.655,17.423005323734152,1.2738853503184715,31.07800532373415,2.9328424113361327,13.655,52.95297377142067,1.2738853503184715,66.60797377142067,1.9340573361775235,35.52996844768652,35.52996844768652,35.52996844768653,35.52996844768653,-0.9987850751586091,0.9987850751586091,1.0977311515246577,0.8486841887540707,0.8003172940251895,True,FULL,FULL_exp_d_rank_5
98,0.12,1.5666666666666669,1.33,0.569,0.569,1.2856106349233354,3.191489361702127,1.854610634923335,23.13000566043724,0.569,1.3107466404021575,3.191489361702127,1.8797466404021577,22.454263377415117,0.02513600547882211,0.02513600547882211,0.025136005478822554,0.025136005478822554,-0.6757422830221245,0.6757422830221245,0.004167395659073573,0.002655911162767506,0.9996775736953444,True,FULL,FULL_exp_d_rank_5
99,0.38,2.1775,5.29,3.8055,3.8055,4.8847712477868654,2.296211251435132,8.690271247786866,7.231167894086396,3.8055,5.118471364474642,2.296211251435132,8.923971364474642,6.495520602774509,0.23370011668777657,0.23370011668777657,0.23370011668777657,0.23370011668777657,-0.7356472913118868,0.7356472913118868,0.07734678102662694,0.03531807226069261,0.9887139177481002,True,FULL,FULL_exp_d_rank_5
100,1.12,3.865,15.69,14.2025,14.2025,9.330787016774106,1.2936610608020698,23.533287016774107,3.133851414322128,14.2025,39.385165265361266,1.2936610608020698,53.58766526536127,1.922133652377732,30.05437824858716,30.05437824858716,30.05437824858716,30.05437824858716,-1.2117177619443962,1.2117177619443962,0.8417874676489103,0.6645133344360633,0.8764831978248835,True,FULL,FULL_exp_d_rank_5
101,0.11,1.5599999999999998,1.19,0.5136666666666666,0.5136666666666666,1.0901897584596147,3.2051282051282053,1.6038564251262817,26.190812099681132,0.5136666666666666,1.1808339709868163,3.2051282051282053,1.694500637653483,25.25433684652383,0.09064421252720156,0.09064421252720156,0.09064421252720134,0.09064421252720134,-0.9364752531573011,0.9364752531573011,0.018573422854132833,0.011347781014873224,0.9916954467716221,True,FULL,FULL_exp_d_rank_5
102,0.33,2.175,5.38,4.15275,4.15275,3.3230952595070686,2.298850574712644,7.475845259507069,9.464816530487427,4.15275,3.592555061424343,2.298850574712644,7.745305061424343,8.638306729028157,0.26945980191727426,0.26945980191727426,0.26945980191727426,0.26945980191727426,-0.8265098014592702,0.8265098014592702,0.039929068527200524,0.02361180955334793,0.9965591669077084,True,FULL,FULL_exp_d_rank_5
103,0.94,4.6125,15.17,14.2325,14.2325,3.230539541690666,1.0840108401084012,17.463039541690666,4.61254903129243,14.2325,2.102936121699484,1.0840108401084012,16.335436121699484,4.861284203012927,-1.127603419991182,1.127603419991182,-1.127603419991182,1.127603419991182,0.24873517172049642,0.24873517172049642,0.16104185874672067,0.10519105561543018,0.9937875142133605,True,FULL,FULL_exp_d_rank_5
104,0.46,1.61,0.57,0.4153333333333333,0.4153333333333333,1.2195408766373736,3.105590062111801,1.634874209970707,5.380408458094788,0.4153333333333333,0.904638582707494,3.105590062111801,1.3199719160408274,4.932864930474785,-0.3149022939298797,0.3149022939298797,-0.31490229392987956,0.31490229392987956,-0.44754352762000327,0.44754352762000327,0.04730292116809106,0.03191985600912209,0.7223365534580888,True,FULL,FULL_exp_d_rank_5
105,0.38,2.1725,3.22,2.8175,2.8175,1.2095551373508462,2.3014959723820483,4.027055137350846,9.674876431868377,2.8175,0.4963022558389625,2.3014959723820483,3.3138022558389624,11.541004931427771,-0.7132528815118837,0.7132528815118837,-0.7132528815118837,0.7132528815118837,1.8661284995593945,1.8661284995593945,0.10140277246276315,0.0658064054367366,0.9390078478186045,True,FULL,FULL_exp_d_rank_5
106,6.69,7.0,11.06,11.03,11.03,6.769176332863529,0.7142857142857143,17.799176332863528,0.9707346090728766,11.03,20.15583633152928,0.7142857142857143,31.18583633152928,0.795653573269781,13.38665999866575,13.38665999866575,13.386659998665753,13.386659998665753,-0.17508103580309553,0.17508103580309553,0.29046036427445227,0.1568794412034361,0.9788976842329347,True,FULL,FULL_exp_d_rank_5
107,0.15,1.5566666666666666,0.88,0.5103333333333334,0.5103333333333334,0.7081291518031402,3.211991434689508,1.2184624851364736,19.26598627033951,0.5103333333333334,0.9284423654145354,3.211991434689508,1.4387756987478688,17.393701871547567,0.22031321361139522,0.22031321361139522,0.22031321361139522,0.22031321361139522,-1.872284398791944,1.872284398791944,0.03951940150942989,0.02491046448940555,0.9023720206577835,True,FULL,FULL_exp_d_rank_5
108,0.24,2.175,5.1,3.69825,3.69825,2.8769666070220197,2.298850574712644,6.5752166070220195,13.53664985652516,3.69825,1.726586565764431,2.298850574712644,5.424836565764431,14.839319428934724,-1.1503800412575886,1.1503800412575886,-1.1503800412575886,1.1503800412575886,1.3026695724095632,1.3026695724095632,0.2218889242082042,0.13798911470590178,0.871386695002172,True,FULL,FULL_exp_d_rank_5
110,0.15,2.1675,1.23,0.6225,0.6225,0.9619833022068238,2.306805074971165,1.584483302206824,20.507804388385548,0.6225,0.7452372862437373,2.306805074971165,1.3677372862437374,21.115987239925932,-0.2167460159630865,0.2167460159630865,-0.21674601596308674,0.21674601596308674,0.6081828515403842,0.6081828515403842,0.04971668004063425,0.029633817157292887,0.929736888776279,True,FULL,FULL_exp_d_rank_5
111,0.25,2.165,6.22,4.547499999999999,4.547499999999999,3.553532108811563,2.3094688221709005,8.101032108811562,12.896286747191096,4.547499999999999,3.9363340956340966,2.3094688221709005,8.483834095634096,11.958978431912817,0.38280198682253364,0.38280198682253364,0.38280198682253364,0.38280198682253364,-0.9373083152782797,0.9373083152782797,0.05346626845981059,0.03504556588764871,0.995024454633074,True,FULL,FULL_exp_d_rank_5
113,0.21,1.5599999999999998,0.72,0.5333333333333333,0.5333333333333333,0.4530839141628877,3.2051282051282053,0.9864172474962212,14.758619332850811,0.5333333333333333,0.8040191877002038,3.2051282051282053,1.337352521033537,11.85777441374696,0.3509352735373161,0.3509352735373161,0.3509352735373159,0.3509352735373159,-2.900844919103852,2.900844919103852,0.04880362846764149,0.03215474746630765,0.7084400910181878,True,FULL,FULL_exp_d_rank_5
114,0.46,2.215,4.54,3.755,3.755,3.0550946555112306,2.2573363431151243,6.8100946555112305,6.812602552841997,3.755,2.5800809235341955,2.2573363431151243,6.335080923534195,6.513950207263833,-0.4750137319770351,0.4750137319770351,-0.4750137319770351,0.4750137319770351,-0.298652345578164,0.298652345578164,0.1078062608122994,0.06532023504650676,0.9695785969559108,True,FULL,FULL_exp_d_rank_5
115,3.02,4.84,14.29,13.226666666666668,13.226666666666668,67.62238227774218,1.0330578512396695,80.84904894440885,1.2379494369579531,13.226666666666668,30.090120412500696,1.0330578512396695,43.31678707916736,1.2045591022035378,-37.53226186524148,37.53226186524148,-37.53226186524149,37.53226186524149,-0.03339033475441533,0.03339033475441533,1.5069857288989246,1.1329737255267445,0.6852522115459667,True,FULL,FULL_exp_d_rank_5
116,0.1,1.5533333333333337,1.16,0.5640000000000001,0.5640000000000001,0.912890584776652,3.218884120171673,1.476890584776652,31.1344826944979,0.5640000000000001,0.983541073353516,3.218884120171673,1.547541073353516,30.109612927435233,0.07065048857686407,0.07065048857686407,0.07065048857686396,0.07065048857686396,-1.0248697670626683,1.0248697670626683,0.015144935346348459,0.009143924417088146,0.9929602708435348,True,FULL,FULL_exp_d_rank_5
117,0.28,2.16,4.98,3.80875,3.80875,2.7207253448886286,2.314814814814815,6.5294753448886285,11.627647012732409,3.80875,2.05117431412749,2.314814814814815,5.85992431412749,11.91571804514264,-0.6695510307611388,0.6695510307611388,-0.6695510307611388,0.6695510307611388,0.28807103241023135,0.28807103241023135,0.12841496400646932,0.08017427987316113,0.9550780414224875,True,FULL,FULL_exp_d_rank_5
118,0.84,3.88,14.83,12.9825,12.9825,7.331910697776193,1.288659793814433,20.314410697776193,4.123242699657944,12.9825,18.172104772069567,1.288659793814433,31.15460477206957,2.8932424193170174,10.840194074293374,10.840194074293374,10.840194074293375,10.840194074293375,-1.230000280340927,1.230000280340927,0.7611296509121106,0.5448147858992244,0.860429339110828,True,FULL,FULL_exp_d_rank_5
119,0.05,1.5533333333333337,1.06,0.4603333333333333,0.4603333333333333,0.7347138188950575,3.218884120171673,1.1950471522283908,76.69251608229672,0.4603333333333333,0.6510350134307141,3.218884120171673,1.1113683467640474,77.5531315633705,-0.08367880546434336,0.08367880546434336,-0.08367880546434336,0.08367880546434336,0.8606154810737792,0.8606154810737792,0.021876901636191607,0.0125088853455968,0.9825456128720874,True,FULL,FULL_exp_d_rank_5
120,0.24,2.1675,5.34,3.634,3.634,3.551284821064535,2.306805074971165,7.185284821064535,12.76758648025316,3.634,2.8066540134803826,2.306805074971165,6.4406540134803825,12.959229197615096,-0.7446308075841523,0.7446308075841523,-0.7446308075841523,0.7446308075841523,0.19164271736193683,0.19164271736193683,0.1521057883544845,0.09354313482877177,0.9505129697185016,True,FULL,FULL_exp_d_rank_5
121,0.58,3.8475,15.72,12.52,12.52,8.509190021060213,1.299545159194282,21.029190021060213,5.626700720273117,12.52,14.357167783990697,1.299545159194282,26.877167783990696,4.535764316432053,5.847977762930483,5.847977762930483,5.847977762930483,5.847977762930483,-1.0909364038410638,1.0909364038410638,0.7163380082188473,0.4757500063788214,0.8656723306543004,True,FULL,FULL_exp_d_rank_5
122,0.16,1.7866666666666664,1.46,0.5153333333333333,0.5153333333333333,1.791622665699797,2.7985074626865676,2.3069559990331303,15.27471027903135,0.5153333333333333,1.502618196127124,2.7985074626865676,2.0179515294604573,15.23016945876397,-0.2890044695726728,0.2890044695726728,-0.289004469572673,0.289004469572673,-0.04454082026737893,0.04454082026737893,0.06144756517737823,0.03740753434181324,0.9556594232733283,True,FULL,FULL_exp_d_rank_5
123,0.34,2.19,5.86,3.70375,3.70375,6.4076526447249105,2.2831050228310503,10.11140264472491,7.4904783908875965,3.70375,7.764126616758684,2.2831050228310503,11.467876616758684,6.513725772442936,1.3564739720337737,1.3564739720337737,1.3564739720337737,1.3564739720337737,-0.9767526184446602,0.9767526184446602,0.10835733545162413,0.07752518068268965,0.984325854766362,True,FULL,FULL_exp_d_rank_5
124,0.72,3.9025,15.23,13.1975,13.1975,6.547895084347095,1.2812299807815504,19.745395084347095,4.922489465268678,13.1975,13.97225493495464,1.2812299807815504,27.16975493495464,3.664383200955504,7.424359850607544,7.424359850607544,7.424359850607544,7.424359850607544,-1.2581062643131742,1.2581062643131742,0.7224996976655857,0.4950007769984028,0.8667418420900925,True,FULL,FULL_exp_d_rank_5
125,0.13,1.5766666666666669,0.83,0.5316666666666667,0.5316666666666667,0.5110542316499418,3.1712473572938684,1.0427208983166083,25.070549134255213,0.5316666666666667,0.7699029334899623,3.1712473572938684,1.301569600156629,22.168102706923552,0.2588487018400205,0.2588487018400205,0.25884870184002073,0.25884870184002073,-2.902446427331661,2.902446427331661,0.0526579935130987,0.03229244523094311,0.7529460898220569,True,FULL,FULL_exp_d_rank_5
126,0.33,2.195,4.91,4.2615,4.2615,1.6629195649406574,2.277904328018223,5.924419564940657,11.444353107108954,4.2615,1.3213873022086098,2.277904328018223,5.58288730220861,11.569146074965236,-0.3415322627320476,0.3415322627320476,-0.3415322627320476,0.3415322627320476,0.12479296785628158,0.12479296785628158,0.06628499629766228,0.04127482985670995,0.9876115774819043,True,FULL,FULL_exp_d_rank_5
127,2.99,4.513333333333333,16.39,14.923333333333332,14.923333333333332,140.10135047238424,1.1078286558345645,155.0246838057176,1.2549920885699382,14.923333333333332,82.02075839317433,1.1078286558345645,96.94409172650766,1.186751768615534,-58.08059207920991,58.08059207920991,-58.08059207920992,58.08059207920992,-0.06824031995440416,0.06824031995440416,2.35451314632982,1.7412631822210187,0.39997762035592277,True,FULL,FULL_exp_d_rank_5
128,0.22,1.5666666666666669,1.38,0.6789999999999999,0.6789999999999999,1.9691572578488556,3.191489361702127,2.6481572578488555,10.298464829923804,0.6789999999999999,1.5228359478778182,3.191489361702127,2.201835947877818,10.107375041433166,-0.44632130997103747,0.44632130997103747,-0.44632130997103747,0.44632130997103747,-0.19108978849063796,0.19108978849063796,0.07977129312045954,0.05064029482046683,0.8932672011076834,True,FULL,FULL_exp_d_rank_5
129,0.39,2.18,6.11,4.593,4.593,5.057943521426855,2.293577981651376,9.650943521426855,7.34235077378404,4.593,7.768860181956404,2.293577981651376,12.361860181956404,5.912810647051961,2.7109166605295485,2.7109166605295485,2.7109166605295485,2.7109166605295485,-1.4295401267320793,1.4295401267320793,0.21658694688489857,0.15251178395520198,0.9308949946653308,True,FULL,FULL_exp_d_rank_5
130,2.78,4.13,17.18,15.5675,15.5675,173.2142161184181,1.2106537530266344,188.7817161184181,1.354578535378103,15.5675,150.6395068167702,1.2106537530266344,166.2070068167702,1.260560314430606,-22.574709301647914,22.574709301647914,-22.574709301647914,22.574709301647914,-0.09401822094749712,0.09401822094749712,2.678971015728696,1.9698791856782072,0.29318489513125434,True,FULL,FULL_exp_d_rank_5
131,0.3,1.57,0.69,0.4403333333333333,0.4403333333333333,0.989606450202688,3.184713375796178,1.4299397835360212,7.9675990689291964,0.4403333333333333,0.9701880315547547,3.184713375796178,1.410521364888088,7.108611398110003,-0.019418418647933255,0.019418418647933255,-0.019418418647933144,0.019418418647933144,-0.858987670819193,0.858987670819193,0.023436801883513315,0.01261053014982276,0.9514730100022606,True,FULL,FULL_exp_d_rank_5
132,0.38,2.2025,4.61,3.49275,3.49275,3.5417527605950667,2.270147559591374,7.034502760595067,7.697329513236288,3.49275,2.7379432404531805,2.270147559591374,6.2306932404531805,7.621078134055164,-0.8038095201418862,0.8038095201418862,-0.8038095201418862,0.8038095201418862,-0.0762513791811239,0.0762513791811239,0.14598211429888272,0.0923345711578791,0.9431449827150347,True,FULL,FULL_exp_d_rank_5
133,0.58,3.89,14.25,12.71,12.71,3.870375185655917,1.2853470437017995,16.580375185655917,6.937928600833182,12.71,2.4470506946252755,1.2853470437017995,15.157050694625276,7.461816855524543,-1.4233244910306415,1.4233244910306415,-1.423324491030641,1.423324491030641,0.5238882546913617,0.5238882546913617,0.23983096457068556,0.15203010180145726,0.980569951348233,True,FULL,FULL_exp_d_rank_5
134,0.29,1.5933333333333335,0.81,0.6846666666666668,0.6846666666666668,0.4027161872827163,3.1380753138075312,1.087382853949383,11.679447292728767,0.6846666666666668,0.753383293117929,3.1380753138075312,1.4380499597845957,9.000703907394316,0.35066710583521266,0.35066710583521266,0.35066710583521266,0.35066710583521266,-2.6787433853344513,2.6787433853344513,0.03340346983205137,0.022940971309342393,0.8989394582190039,True,FULL,FULL_exp_d_rank_5
135,0.42,2.1925,4.74,4.255,4.255,1.6007301765706998,2.280501710376283,5.8557301765707,9.079561652406012,4.255,1.974592959131957,2.280501710376283,6.229592959131957,8.006119373038542,0.37386278256125727,0.37386278256125727,0.3738627825612575,0.3738627825612575,-1.0734422793674696,1.0734422793674696,0.042763440646110734,0.028160030848760287,0.9953002974245603,True,FULL,FULL_exp_d_rank_5
136,2.48,4.18,15.4,14.19,14.19,62.34454554337887,1.1961722488038278,76.53454554337887,1.469660738779334,14.19,67.4548533232068,1.1961722488038278,81.6448533232068,1.3097249721711732,5.110307779827934,5.110307779827934,5.110307779827934,5.110307779827934,-0.15993576660816067,0.15993576660816067,1.5390710235180294,1.1279518753500215,0.7112388610374301,True,FULL,FULL_exp_d_rank_5
137,1.18,1.85,0.63,0.575,0.575,4.239497230710774,2.702702702702702,4.814497230710774,3.1309195303367727,0.575,0.8050474495203548,2.702702702702702,1.3800474495203547,3.338500525003296,-3.4344497811904193,3.4344497811904193,-3.4344497811904198,3.4344497811904198,0.20758099466652347,0.20758099466652347,0.07998616125125417,0.060832002880031794,0.5372387581732826,True,FULL,FULL_exp_d_rank_5
138,0.99,2.6033333333333335,4.93,4.496666666666667,4.496666666666667,4.9592094785200045,1.9206145966709345,9.455876145186672,3.460965956174455,4.496666666666667,2.524103736186695,1.9206145966709345,7.020770402853362,3.584097921551246,-2.4351057423333096,2.4351057423333096,-2.4351057423333096,2.4351057423333096,0.12313196537679083,0.12313196537679083,0.21012902735446293,0.14967341915781024,0.9348399207823019,True,FULL,FULL_exp_d_rank_5
139,1.92,4.2125,17.14,16.56,16.56,9.158812659704571,1.1869436201780414,25.71881265970457,2.22655990128023,16.56,71.78497575042697,1.1869436201780414,88.34497575042697,1.3696092340112929,62.62616309072239,62.62616309072239,62.6261630907224,62.6261630907224,-0.8569506672689371,0.8569506672689371,0.5815235828760041,0.41886439074970966,0.9640547758018002,True,FULL,FULL_exp_d_rank_5
140,0.42,1.7400000000000002,0.83,0.4525,0.4525,2.5886372580129136,2.8735632183908044,3.0411372580129137,4.84879553279124,0.4525,1.0814425025772365,2.8735632183908044,1.5339425025772364,5.0467438878683915,-1.507194755435677,1.507194755435677,-1.5071947554356773,1.5071947554356773,0.19794835507715103,0.19794835507715103,0.12791496996671545,0.09111581708765222,0.2943822676278619,True,FULL,FULL_exp_d_rank_5
141,1.23,2.5733333333333337,4.22,4.026666666666666,4.026666666666666,3.714553371745124,1.94300518134715,7.74122003841179,3.22230726876678,4.026666666666666,1.7314137166064452,1.94300518134715,5.758080383273112,3.366934165377924,-1.9831396551386788,1.9831396551386788,-1.9831396551386788,1.9831396551386788,0.1446268966111437,0.1446268966111437,0.1378203995342747,0.10046842474921895,0.9674226378007852,True,FULL,FULL_exp_d_rank_5
142,1.79,4.84,15.01,14.9025,14.9025,0.8901040923931092,1.0330578512396695,15.792604092393107,3.4546415460563873,14.9025,11.506309770288423,1.0330578512396695,26.408809770288425,1.8107104790181363,10.616205677895314,10.616205677895314,10.616205677895318,10.616205677895318,-1.643931067038251,1.643931067038251,0.620559113335224,0.4168358244277448,0.9320511187686018,True,FULL,FULL_exp_d_rank_5
143,0.33,1.5733333333333333,0.58,0.4766666666666666,0.4766666666666666,0.4098600862261488,3.1779661016949152,0.8865267528928155,9.368454028225154,0.4766666666666666,0.8089458945685986,3.1779661016949152,1.2856125612352651,6.955304943504776,0.3990858083424498,0.3990858083424498,0.39908580834244967,0.39908580834244967,-2.413149084720378,2.413149084720378,0.025710738060305296,0.018609834295922466,0.8949638047886375,True,FULL,FULL_exp_d_rank_5
144,0.43,2.1725,4.53,3.8975,3.8975,2.2412867147074325,2.3014959723820483,6.138786714707432,7.955893974394428,3.8975,2.2692961536056098,2.3014959723820483,6.16679615360561,7.315922903171628,0.028009438898177308,0.028009438898177308,0.028009438898177308,0.028009438898177308,-0.6399710712228002,0.6399710712228002,0.052274017397905055,0.022178177298338948,0.9924967535980593,True,FULL,FULL_exp_d_rank_5
145,3.33,4.496666666666667,14.77,14.159999999999998,14.159999999999998,71.68575820940592,1.111934766493699,85.84575820940591,1.2931877819034847,14.159999999999998,56.01271580411202,1.111934766493699,70.17271580411202,1.2033403618287162,-15.673042405293899,15.673042405293899,-15.673042405293899,15.673042405293899,-0.08984742007476854,0.08984742007476854,1.2883314238156842,0.8931558763159955,0.7720283401521906,True,FULL,FULL_exp_d_rank_5
146,0.13,1.5599999999999998,0.68,0.5633333333333334,0.5633333333333334,0.1951982739754749,3.2051282051282053,0.7585316073088083,31.88575510060682,0.5633333333333334,0.5718443896947959,3.2051282051282053,1.1351777230281292,23.950685494487672,0.376646115719321,0.376646115719321,0.37664611571932094,0.37664611571932094,-7.935069606119146,7.935069606119146,0.07807341755507191,0.04753346604601087,-0.1999877640149874,True,FULL,FULL_exp_d_rank_5
147,1.84,3.1775,4.39,3.69,3.69,48.191526905344915,1.5735641227380015,51.88152690534491,1.779339325853626,3.69,1.378766706586935,1.5735641227380015,5.068766706586935,2.5417194060837094,-46.81276019875798,46.81276019875798,-46.81276019875798,46.81276019875798,0.7623800802300833,0.7623800802300833,0.8097871040665839,0.6364618529562427,0.04640943204181669,True,FULL,FULL_exp_d_rank_5
148,2.23,4.3774999999999995,15.49,14.875,14.875,14.10295307840756,1.142204454597373,28.97795307840756,1.8301286904573817,14.875,43.517874406251686,1.142204454597373,58.392874406251686,1.3485106012496717,29.414921327844127,29.414921327844127,29.414921327844127,29.414921327844127,-0.48161808920771,0.48161808920771,0.6138975724324917,0.36296540006478956,0.953809175509792,True,FULL,FULL_exp_d_rank_5
149,0.18,1.5599999999999998,0.96,0.5433333333333333,0.5433333333333333,0.9264981470545324,3.2051282051282053,1.4698314803878656,14.731251978605432,0.5433333333333333,1.034045925855576,3.2051282051282053,1.5773792591889093,13.567347545989987,0.10754777880104371,0.10754777880104371,0.10754777880104371,0.10754777880104371,-1.1639044326154444,1.1639044326154444,0.013634399191636016,0.0089785541171618,0.9912779231908041,True,FULL,FULL_exp_d_rank_5
150,0.4,2.175,5.29,4.25,4.25,3.4798658017251105,2.298850574712644,7.7298658017251105,7.755705088302538,4.25,4.219847305852941,2.298850574712644,8.46984730585294,6.723712405471879,0.7399815041278304,0.7399815041278304,0.7399815041278304,0.7399815041278304,-1.0319926828306585,1.0319926828306585,0.06348780912511001,0.04463527702474832,0.991716580811996,True,FULL,FULL_exp_d_rank_5
151,0.99,3.6125,15.85,14.965,14.965,4.712295648967803,1.384083044982699,19.677295648967803,4.185634509215309,14.965,48.8738168944933,1.384083044982699,63.838816894493306,2.0513213001085835,44.1615212455255,44.1615212455255,44.161521245525506,44.161521245525506,-2.134313209106726,2.134313209106726,1.6273913572698722,1.235379624994062,0.5331620395173534,True,FULL,FULL_exp_d_rank_5
152,1.16,1.9,0.64,0.54,0.54,8.918859589233094,2.6315789473684212,9.458859589233091,2.9158636476035604,0.54,0.837554284578238,2.6315789473684212,1.377554284578238,3.2397647865501877,-8.081305304654856,8.081305304654856,-8.081305304654853,8.081305304654853,0.3239011389466273,0.3239011389466273,0.1341575822074285,0.10388828850667015,-0.16893361711495136,True,FULL,FULL_exp_d_rank_5
153,1.3,2.566666666666667,4.2,3.9333333333333336,3.9333333333333336,6.732843008196392,1.948051948051948,10.666176341529724,2.832743127876559,3.9333333333333336,1.9619550213174408,1.948051948051948,5.895288354650774,3.1685588807210703,-4.770887986878951,4.770887986878951,-4.770887986878949,4.770887986878949,0.3358157528445114,0.3358157528445114,0.22034369784924984,0.1665850226305011,0.9167922771269279,True,FULL,FULL_exp_d_rank_5
154,5.1,31.453947067343865,14.28,13.490170336848536,13.490170336848536,2.087839211051561,0.1589625616554528,15.578009547900097,0.9263059984631752,13.490170336848536,69.89787858864472,0.1589625616554528,83.38804892549325,0.3461578058715056,67.81003937759316,67.81003937759316,67.81003937759316,67.81003937759316,-0.5801481925916696,0.5801481925916696,7.3647124921865075,5.077583810501778,-16.26536107284262,True,FULL,FULL_exp_d_rank_5
155,0.56,1.5599999999999998,0.58,0.4766666666666666,0.4766666666666666,1.2430840918042927,3.2051282051282053,1.7197507584709593,5.0236277196711585,0.4766666666666666,0.882387000590112,3.2051282051282053,1.3590536672567786,4.63520063732956,-0.3606970912141807,0.3606970912141807,-0.3606970912141807,0.3606970912141807,-0.3884270823415985,0.3884270823415985,0.04629534204953922,0.03205771212417433,0.757406307662144,True,FULL,FULL_exp_d_rank_5
156,0.67,2.1775,4.06,3.745,3.745,2.1627193549790276,2.296211251435132,5.907719354979028,5.4890381882934465,3.745,2.371524426200698,2.296211251435132,6.116524426200698,4.815753064682057,0.20880507122167025,0.20880507122167025,0.20880507122167025,0.20880507122167025,-0.6732851236113895,0.6732851236113895,0.07986249830439474,0.039821638261914996,0.9841744025076797,True,FULL,FULL_exp_d_rank_5
157,1.32,3.9,14.36,13.5925,13.5925,6.126023681195667,1.2820512820512822,19.718523681195663,3.032176279008363,13.5925,28.087615872079404,1.2820512820512822,41.680115872079405,1.86500357318212,21.961592190883735,21.961592190883735,21.961592190883742,21.961592190883742,-1.1671727058262429,1.1671727058262429,0.5215808232638425,0.4245999260629902,0.9498431423914798,True,FULL,FULL_exp_d_rank_5
158,0.17,1.6233333333333333,1.0,0.5720000000000001,0.5720000000000001,0.8749487231528226,3.080082135523614,1.4469487231528226,16.31818533574024,0.5720000000000001,0.967126837194525,3.080082135523614,1.539126837194525,15.205699518870947,0.0921781140417024,0.0921781140417024,0.0921781140417024,0.0921781140417024,-1.1124858168692917,1.1124858168692917,0.013397693729226607,0.00861140163695593,0.9917838178646201,True,FULL,FULL_exp_d_rank_5
159,0.32,2.1825,5.06,4.11975,4.11975,2.410582651104151,2.290950744558992,6.530332651104151,10.626543938716322,4.11975,2.1121632162446637,2.290950744558992,6.2319132162446635,10.39961527017194,-0.2984194348594871,0.2984194348594871,-0.2984194348594871,0.2984194348594871,-0.22692866854438165,0.22692866854438165,0.07006329706073404,0.04154491821831373,0.9871577812186413,True,FULL,FULL_exp_d_rank_5
160,1.07,3.895,14.3,13.0025,13.0025,7.31537030166651,1.2836970474967908,20.31787030166651,3.3651116062820727,13.0025,21.366144960639595,1.2836970474967908,34.36864496063959,2.254119788429312,14.050774658973085,14.050774658973085,14.050774658973083,14.050774658973083,-1.110991817852761,1.110991817852761,0.5574486351369903,0.43280340148892565,0.9324033593195616,True,FULL,FULL_exp_d_rank_5
161,0.1,1.5666666666666669,0.85,0.5843333333333334,0.5843333333333334,0.3978559436075378,3.191489361702127,0.9821892769408712,37.33548887229885,0.5843333333333334,0.5874991940093386,3.191489361702127,1.171832527342672,33.65175705020076,0.1896432504018008,0.1896432504018008,0.18964325040180074,0.18964325040180074,-3.683731822098096,3.683731822098096,0.04300364039848584,0.025642348487942338,0.8062898864973633,True,FULL,FULL_exp_d_rank_5
162,0.24,2.175,6.09,4.409,4.409,3.4511384121172206,2.298850574712644,7.86013841211722,13.515323404054092,4.409,3.2553707366768965,2.298850574712644,7.664370736676896,13.125671168049958,-0.19576767544032414,0.19576767544032414,-0.19576767544032414,0.19576767544032414,-0.38965223600413346,0.38965223600413346,0.05730232907281904,0.031689270762077316,0.9939999970238107,True,FULL,FULL_exp_d_rank_5
163,0.5,3.8625,16.89,15.2325,15.2325,3.655467066441505,1.2944983818770228,18.887967066441504,8.601598077321363,15.2325,3.3527003865219154,1.2944983818770228,18.585200386521915,8.478523418884157,-0.3027666799195896,0.3027666799195896,-0.30276667991958917,0.30276667991958917,-0.123074658437206,0.123074658437206,0.08337866108411986,0.04690052658394203,0.9981705575834555,True,FULL,FULL_exp_d_rank_5
164,0.07,1.5566666666666666,0.85,0.5843333333333334,0.5843333333333334,0.3510048045966245,3.211991434689508,0.935338137929958,59.36701870371923,0.5843333333333334,0.4021849319341418,3.211991434689508,0.9865182652674752,57.15757074104225,0.05118012733751731,0.05118012733751731,0.0511801273375172,0.0511801273375172,-2.2094479626769825,2.2094479626769825,0.012543378893565589,0.007313836790919312,0.9822973624411856,True,FULL,FULL_exp_d_rank_5
165,0.23,2.1675,5.85,4.43275,4.43275,2.80147060168731,2.306805074971165,7.23422060168731,14.978792929839672,4.43275,1.8835097111895287,2.306805074971165,6.316259711189529,15.983762402772284,-0.9179608904977812,0.9179608904977812,-0.9179608904977812,0.9179608904977812,1.0049694729326113,1.0049694729326113,0.1830453681479033,0.11293131732530216,0.9276414656163724,True,FULL,FULL_exp_d_rank_5
166,0.75,3.8625,16.87,15.795,15.795,3.4935563581594646,1.2944983818770228,19.288556358159465,5.80409010742513,15.795,21.97248658670981,1.2944983818770228,37.76748658670981,3.2399577988865427,18.478930228550347,18.478930228550347,18.478930228550343,18.478930228550343,-2.564132308538587,2.564132308538587,1.786897937511257,1.2266036746967461,0.3594673650988145,True,FULL,FULL_exp_d_rank_5
167,0.17,1.5599999999999998,0.8,0.5579999999999999,0.5579999999999999,0.4953159279041487,3.2051282051282053,1.0533159279041486,18.51576110820791,0.5579999999999999,0.7961962387658225,3.2051282051282053,1.3541962387658224,15.66138567129482,0.30088031086167377,0.30088031086167377,0.30088031086167377,0.30088031086167377,-2.8543754369130916,2.8543754369130916,0.05111868905979917,0.032540612467692284,0.7382823861108212,True,FULL,FULL_exp_d_rank_5
168,1.11,2.563333333333333,4.61,4.293333333333333,4.293333333333333,4.918051194692046,1.950585175552666,9.21138452802538,3.258019017990617,4.293333333333333,2.3386937394105463,1.950585175552666,6.632027072743879,3.386647320528122,-2.5793574552814995,2.5793574552814995,-2.5793574552815013,2.5793574552815013,0.1286283025375048,0.1286283025375048,0.19262005474217603,0.13925122668933024,0.9426826323257236,True,FULL,FULL_exp_d_rank_5
169,3.93,4.553333333333334,16.61,16.513333333333332,16.513333333333332,14.198414912137522,1.0980966325036603,30.711748245470854,1.4757256498343354,16.513333333333332,118.8254731053756,1.0980966325036603,135.33880643870893,1.140948256202041,104.62705819323807,104.62705819323807,104.62705819323807,104.62705819323807,-0.3347773936322944,0.3347773936322944,0.5689444109888862,0.3205591462934319,0.9655733826908157,True,FULL,FULL_exp_d_rank_5
170,0.19,1.5533333333333337,0.76,0.5436666666666666,0.5436666666666666,0.4848535368761771,3.218884120171673,1.0285202035428438,16.275028887164293,0.5436666666666666,0.8106047623846354,3.218884120171673,1.354271429051302,13.443692504060165,0.3257512255084583,0.3257512255084583,0.32575122550845825,0.32575122550845825,-2.8313363831041283,2.8313363831041283,0.04987302254519745,0.03235478627286112,0.7274888879484608,True,FULL,FULL_exp_d_rank_5
171,0.32,2.17,4.74,4.0465,4.0465,1.7565900119017304,2.3041474654377883,5.80309001190173,11.4900793995,4.0465,1.3058048686019443,2.3041474654377883,5.352304868601944,11.82304633191904,-0.45078514329978603,0.45078514329978603,-0.45078514329978603,0.45078514329978603,0.33296693241903874,0.33296693241903874,0.08268300659577495,0.0521099729694524,0.9791574082230609,True,FULL,FULL_exp_d_rank_5
172,1.88,4.13,15.76,14.8875,14.8875,14.997831291761866,1.2106537530266344,29.885331291761865,2.0220034481788933,14.8875,53.113485232119274,1.2106537530266344,68.00098523211928,1.4310451993287527,38.115653940357404,38.115653940357404,38.11565394035741,38.11565394035741,-0.5909582488501406,0.5909582488501406,0.6019975677338664,0.364678290453887,0.9539004752612635,True,FULL,FULL_exp_d_rank_5
173,0.23,1.5666666666666669,0.81,0.5826666666666666,0.5826666666666666,0.6080845262035995,3.191489361702127,1.190751192870266,12.675105003139644,0.5826666666666666,0.8550528376760546,3.191489361702127,1.437719504342721,10.717924111106724,0.24696831147245502,0.24696831147245502,0.24696831147245502,0.24696831147245502,-1.9571808920329197,1.9571808920329197,0.028128337589242863,0.018863430307274023,0.9299630257710542,True,FULL,FULL_exp_d_rank_5
174,0.27,2.18,5.18,4.452999999999999,4.452999999999999,1.5717255574854088,2.293577981651376,6.024725557485408,14.53141002624948,4.452999999999999,0.6631150630162885,2.293577981651376,5.116115063016288,17.356816521574643,-0.9086104944691202,0.9086104944691202,-0.9086104944691202,0.9086104944691202,2.825406495325163,2.825406495325163,0.16187155639867265,0.10044411100696658,0.9253673714335645,True,FULL,FULL_exp_d_rank_5
175,1.85,4.1125,17.29,16.4125,16.4125,14.29966321375646,1.21580547112462,30.71216321375646,2.100213453400296,16.4125,84.76084959767996,1.21580547112462,101.17334959767996,1.3799275294603022,70.4611863839235,70.4611863839235,70.46118638392349,70.46118638392349,-0.7202859239399939,0.7202859239399939,0.6222235165304796,0.4145329631850974,0.9589615687997131,True,FULL,FULL_exp_d_rank_5
176,0.65,1.5766666666666669,0.57,0.478,0.478,1.612273609680621,3.1712473572938684,2.090273609680621,4.48569879514461,0.478,0.8787889097945036,3.1712473572938684,1.3567889097945036,4.312284593828423,-0.7334846998861173,0.7334846998861173,-0.7334846998861173,0.7334846998861173,-0.173414201316187,0.173414201316187,0.05526432001386092,0.03992000613773044,0.6682081154216081,True,FULL,FULL_exp_d_rank_5
177,1.47,2.6333333333333333,3.8,3.616,3.616,6.14964024424423,1.89873417721519,9.76564024424423,2.66832825839853,3.616,1.3076739588554471,1.89873417721519,4.9236739588554475,3.1436290610721302,-4.841966285388783,4.841966285388783,-4.841966285388782,4.841966285388782,0.4753008026736003,0.4753008026736003,0.175809453980489,0.13597290274012597,0.9390133022717821,True,FULL,FULL_exp_d_rank_5
178,2.12,4.1575,13.69,12.965,12.965,17.833183532648366,1.2026458208057729,30.79818353264837,1.8070468059221405,12.965,30.35387035630659,1.2026458208057729,43.31887035630659,1.4627762448010404,12.520686823658224,12.520686823658224,12.52068682365822,12.52068682365822,-0.3442705611211001,0.3442705611211001,0.6608896855072699,0.41442291644413637,0.9305926885820971,True,FULL,FULL_exp_d_rank_5
179,0.48,1.5666666666666669,0.88,0.6386666666666666,0.6386666666666666,2.2710172374402005,3.191489361702127,2.909683904106867,5.11752583659357,0.6386666666666666,1.03540987136628,3.191489361702127,1.6740765380329468,5.2158000517998575,-1.2356073660739204,1.2356073660739204,-1.2356073660739202,1.2356073660739202,0.09827421520628743,0.09827421520628743,0.09784875243923061,0.07014948907666332,0.52370373577346,True,FULL,FULL_exp_d_rank_5
180,0.52,2.9225,5.54,4.727,4.727,2.527730037291942,1.710863986313088,7.254730037291942,6.676100463922199,4.727,0.1028813481013681,1.710863986313088,4.8298813481013685,13.014896494509536,-2.424848689190574,2.424848689190574,-2.424848689190574,2.424848689190574,6.3387960305873365,6.3387960305873365,0.3263176264636487,0.21572010792214094,0.7900675852492451,True,FULL,FULL_exp_d_rank_5
181,0.9,3.925,17.84,14.94,14.94,13.029435602700998,1.2738853503184715,27.969435602700997,3.4621547532157915,14.94,55.58251480018184,1.2738853503184715,70.52251480018184,2.0868009367196243,42.55307919748084,42.55307919748084,42.55307919748084,42.55307919748084,-1.3753538164961672,1.3753538164961672,2.0631976328491137,1.5408297531253803,0.3221531581462569,True,FULL,FULL_exp_d_rank_5
182,0.22,1.49,0.66,0.4575,0.4575,0.5513217275318822,3.3557046979865772,1.0088217275318825,12.75282127395527,0.4575,0.8937632374251949,3.3557046979865772,1.351263237425195,10.357568013367136,0.3424415098933127,0.3424415098933127,0.34244150989331246,0.34244150989331246,-2.3952532605881345,2.3952532605881345,0.03961482709622809,0.026843749919109792,0.8028683982153557,True,FULL,FULL_exp_d_rank_5
183,1.93,3.1,4.22,4.0145,4.0145,10.822557992923612,1.6129032258064515,14.837057992923611,2.064879723343122,4.0145,0.8644784586839025,1.6129032258064515,4.8789784586839025,2.794309420612006,-9.958079534239708,9.958079534239708,-9.958079534239708,9.958079534239708,0.7294296972688836,0.7294296972688836,0.23268168521283006,0.185283878944232,0.9165812880702269,True,FULL,FULL_exp_d_rank_5
184,3.98,4.75,15.12,14.85,14.85,45.661479023586836,1.0526315789473684,60.51147902358684,1.247654255784918,14.85,64.0906311709346,1.0526315789473684,78.9406311709346,1.1207472037774084,18.429152147347764,18.429152147347764,18.429152147347757,18.429152147347757,-0.1269070520075095,0.1269070520075095,0.8574476844979964,0.5499064546524629,0.9024952627454367,True,FULL,FULL_exp_d_rank_5
185,0.13,1.5666666666666669,1.09,0.5446666666666667,0.5446666666666667,0.9576325699215577,3.191489361702127,1.5022992365882244,21.905585532286455,0.5446666666666667,1.0631628810908254,3.191489361702127,1.6078295477574922,20.78773953139992,0.1055303111692677,0.1055303111692677,0.10553031116926781,0.10553031116926781,-1.1178460008865336,1.1178460008865336,0.019691267254223557,0.012250963570338978,0.9870024904603492,True,FULL,FULL_exp_d_rank_5
186,0.28,2.1775,5.16,3.81425,3.81425,3.130431077528114,2.296211251435132,6.944681077528114,11.220553160809676,3.81425,2.534673421444618,2.296211251435132,6.348923421444618,11.251398381946103,-0.5957576560834958,0.5957576560834958,-0.5957576560834958,0.5957576560834958,0.030845221136427625,0.030845221136427625,0.12028330685763189,0.07419843630064461,0.9647748739703144,True,FULL,FULL_exp_d_rank_5
187,0.7,3.88,16.09,11.71,11.71,14.993697153202367,1.288659793814433,26.70369715320237,3.931657649182005,11.71,31.90320691368055,1.288659793814433,43.61320691368055,2.8882170960713847,16.90950976047818,16.90950976047818,16.90950976047818,16.90950976047818,-1.0434405531106203,1.0434405531106203,1.3737379759614188,0.9775459872278709,0.6165208943433182,True,FULL,FULL_exp_d_rank_5
188,1.1,2.06,0.64,0.593,0.593,1.513280437089641,2.4271844660194173,2.1062804370896413,3.268679989536249,0.593,0.7282430802368431,2.4271844660194173,1.3212430802368431,3.227907795454717,-0.785037356852798,0.785037356852798,-0.7850373568527982,0.7850373568527982,-0.04077219408153221,0.04077219408153221,0.04591618900383162,0.03374324963521034,0.8460398628163948,True,FULL,FULL_exp_d_rank_5
189,3.11,3.85,4.79,4.4285,4.4285,105.61771145632456,1.2987012987012987,110.04621145632456,1.3813754414682702,4.4285,1.006709041662293,1.2987012987012987,5.435209041662293,1.9758165139135953,-104.61100241466227,104.61100241466227,-104.61100241466227,104.61100241466227,0.5944410724453251,0.5944410724453251,0.8179036981843029,0.5770450505735331,0.13876432962627538,True,FULL,FULL_exp_d_rank_5
190,2.95,4.833333333333333,17.57,15.660000000000002,15.660000000000002,133.5433516563727,1.0344827586206895,149.2033516563727,1.194201194728314,15.660000000000002,82.38290335725877,1.0344827586206895,98.04290335725877,1.1205728241874071,-51.160448299113924,51.160448299113924,-51.160448299113924,51.160448299113924,-0.07362837054090687,0.07362837054090687,2.5830320101390454,1.950465205348141,0.37967535818370246,True,FULL,FULL_exp_d_rank_5
191,0.1,1.64,1.15,0.5823333333333333,0.5823333333333333,0.8468851223123651,3.048780487804878,1.4292184556456984,32.276683117014976,0.5823333333333333,0.8582328975999541,3.048780487804878,1.4405662309332874,31.61769260917988,0.011347775287589013,0.011347775287589013,0.011347775287589013,0.011347775287589013,-0.6589905078350959,0.6589905078350959,0.0022329221690064655,0.001365479174850317,0.9998318975656687,True,FULL,FULL_exp_d_rank_5
192,0.26,2.06,5.06,2.78625,2.78625,5.537602820988881,2.4271844660194173,8.323852820988881,9.67711986223781,2.78625,6.177102637191619,2.4271844660194173,8.963352637191619,8.823088520318851,0.6394998162027381,0.6394998162027381,0.6394998162027381,0.6394998162027381,-0.854031341918958,0.854031341918958,0.06734847417137978,0.04608872631834693,0.9929502843385452,True,FULL,FULL_exp_d_rank_5
193,0.48,3.91,15.79,12.4225,12.4225,7.40432598861948,1.278772378516624,19.82682598861948,7.151633571136485,12.4225,5.865226814367269,1.278772378516624,18.287726814367268,7.267825848198049,-1.539099174252211,1.539099174252211,-1.539099174252211,1.539099174252211,0.11619227706156376,0.11619227706156376,0.3097866947360006,0.19118014867781633,0.9723152853514533,True,FULL,FULL_exp_d_rank_5
194,0.47,1.5599999999999998,0.9,0.6583333333333333,0.6583333333333333,2.1587521490528645,3.2051282051282053,2.8170854823861977,5.267358968714256,0.6583333333333333,1.0387964711456203,3.2051282051282053,1.6971298044789538,5.332779694110569,-1.1199556779072442,1.1199556779072442,-1.119955677907244,1.119955677907244,0.06542072539631327,0.06542072539631327,0.09413848121071815,0.06708419261791193,0.5708298558772635,True,FULL,FULL_exp_d_rank_5
195,0.49,2.1875,5.79,4.2505,4.2505,7.336962282580967,2.2857142857142856,11.587462282580969,5.320972461121309,4.2505,8.657862797865054,2.2857142857142856,12.908362797865053,4.469313903475817,1.3209005152840865,1.3209005152840865,1.3209005152840838,1.3209005152840838,-0.851658557645492,0.851658557645492,0.1473344043771167,0.07875058348455907,0.9696590760596774,True,FULL,FULL_exp_d_rank_5
196,1.09,3.86,17.51,14.9375,14.9375,16.553387035413166,1.2953367875647668,31.490887035413166,2.8169440230151195,14.9375,75.28861834351116,1.2953367875647668,90.22611834351116,1.723261546350353,58.735231308097994,58.735231308097994,58.735231308097994,58.735231308097994,-1.0936824766647666,1.0936824766647666,1.1470167505425426,0.9163260822329646,0.8103175639981806,True,FULL,FULL_exp_d_rank_5
197,0.14,2.0725,0.99,0.65575,0.65575,0.5146811885872504,2.4125452352231607,1.1704311885872505,25.510159206488257,0.65575,0.5136920182030349,2.4125452352231607,1.169442018203035,24.986078052992237,-0.000989170384215532,0.000989170384215532,-0.000989170384215532,0.000989170384215532,-0.5240811534960201,0.5240811534960201,0.0016393557689139372,0.0004954498711649868,0.9998092654368963,True,FULL,FULL_exp_d_rank_5
199,2.66,4.3725000000000005,17.29,16.490000000000002,16.490000000000002,37.39926722177272,1.1435105774728416,53.88926722177272,1.504191322919805,16.490000000000002,100.31767004423278,1.1435105774728416,116.80767004423278,1.2273112026580697,62.91840282246007,62.91840282246007,62.91840282246006,62.91840282246006,-0.27688012026173525,0.27688012026173525,1.14021173046348,0.7829953880416819,0.8802582522004218,True,FULL,FULL_exp_d_rank_5
200,1.09,1.85,0.51,0.452,0.452,3.5013968656521643,2.702702702702702,3.953396865652164,3.161464776235545,0.452,0.8141945296400692,2.702702702702702,1.2661945296400692,3.2875229067595497,-2.687202336012095,2.687202336012095,-2.6872023360120947,2.6872023360120947,0.12605813052400494,0.12605813052400494,0.07158674428165113,0.05464073167640346,0.4241115759345907,True,FULL,FULL_exp_d_rank_5
201,4.54,28.00018033053748,3.73,3.372542584212134,3.372542584212134,0.9705608512144872,0.178570278511632,4.343103435426621,0.8969826858645201,3.372542584212134,15.857416902044534,0.178570278511632,19.229959486256668,0.3970570046231392,14.886856050830048,14.886856050830048,14.886856050830048,14.886856050830048,-0.4999256812413809,0.4999256812413809,1.6237319182228687,1.1204020519948061,-11.290992880843554,True,FULL,FULL_exp_d_rank_5
202,5.68,6.0,13.66,13.51,13.51,45.684267603740025,0.8333333333333334,59.19426760374002,0.9611956816495174,13.51,37.87543814875005,0.8333333333333334,51.38543814875005,0.9007323529709425,-7.808829454989976,7.808829454989976,-7.808829454989976,7.808829454989976,-0.06046332867857496,0.06046332867857496,0.6845729116613005,0.42083933882905855,0.9198678286802171,True,FULL,FULL_exp_d_rank_5
203,8.16,15.0,0.64,0.4826666666666666,0.4826666666666666,11.163229285157737,0.3333333333333333,11.645895951824402,0.3680224492093827,0.4826666666666666,12.423757875910171,0.3333333333333333,12.906424542576838,0.3406735779000929,1.2605285907524344,1.2605285907524344,1.2605285907524362,1.2605285907524362,-0.027348871309289813,0.027348871309289813,0.16816833691295283,0.12852236319649143,-0.6597198426279653,True,FULL,FULL_exp_d_rank_5
204,9.63,15.0,1.15,0.9263333333333332,0.9263333333333332,31.67109901569681,0.3333333333333333,32.59743234903014,0.356302565715436,0.9263333333333332,25.487868687717356,0.3333333333333333,26.414202021050688,0.3386985008173108,-6.183230327979455,6.183230327979455,-6.183230327979455,6.183230327979455,-0.017604064898125216,0.017604064898125216,0.33693332900733614,0.25698219464488936,-0.8465188227082943,True,FULL,FULL_exp_d_rank_5
205,8.17,15.0,1.67,1.391,1.391,14.757831874738754,0.3333333333333333,16.148831874738754,0.3859250855203011,1.391,16.324676261245536,0.3333333333333333,17.715676261245537,0.3489442605239524,1.5668443865067818,1.5668443865067818,1.5668443865067836,1.5668443865067836,-0.03698082499634869,0.03698082499634869,0.29435591217915763,0.2212176902169667,0.08910202759492036,True,FULL,FULL_exp_d_rank_5
206,7.68,15.0,2.36,1.9943333333333333,1.9943333333333333,14.016889640854824,0.3333333333333333,16.011222974188158,0.404258783461519,1.9943333333333333,14.85936678056926,0.3333333333333333,16.853700113902594,0.359612473568938,0.8424771397144362,0.8424771397144362,0.8424771397144362,0.8424771397144362,-0.044646309892581004,0.044646309892581004,0.3360934164393311,0.24822255423023584,0.3681792741856793,True,FULL,FULL_exp_d_rank_5
207,12.65,17.5,2.87,2.478,2.478,85.54466261294648,0.2857142857142857,88.02266261294648,0.3027127732951231,2.478,237.6939287108768,0.2857142857142857,240.1719287108768,0.2868468942189442,152.1492660979303,152.1492660979303,152.14926609793034,152.14926609793034,-0.015865879076178868,0.015865879076178868,0.7521209303727745,0.5442869316750175,-0.6269016406891992,True,FULL,FULL_exp_d_rank_5
209,0.55,3.75,0.015,0.014,0.014,0.0024195869070291,1.3333333333333333,0.0164195869070291,8.395940887010124,0.014,0.0512617492890465,1.3333333333333333,0.0652617492890465,3.555809612478714,0.0488421623820174,0.0488421623820174,0.0488421623820174,0.0488421623820174,-4.84013127453141,4.84013127453141,0.006353811118131882,0.00425773660128979,-11.438779282528136,True,FULL,FULL_exp_d_rank_5
210,0.73,3.75,0.017,0.0155,0.0155,0.0049950016940742,1.3333333333333333,0.0204950016940742,5.436911505105911,0.0155,0.0756248795494022,1.3333333333333333,0.0911248795494022,2.3857913259338175,0.070629877855328,0.070629877855328,0.070629877855328,0.070629877855328,-3.0511201791720937,3.0511201791720937,0.005410895590492073,0.003895880212738441,-4.776598400214988,True,FULL,FULL_exp_d_rank_5
211,0.73,3.75,0.031,0.0205,0.0205,0.0421170527109933,1.3333333333333333,0.0626170527109933,3.3538139443417307,0.0205,0.2476930472609851,1.3333333333333333,0.2681930472609851,1.9926454063351415,0.2055759945499918,0.2055759945499918,0.2055759945499918,0.2055759945499918,-1.3611685380065892,1.3611685380065892,0.010657922240170993,0.008020205455059487,-4.20337501551172,True,FULL,FULL_exp_d_rank_5
212,0.56,4.25,0.032,0.0305,0.0305,0.0032729190185453,1.1764705882352942,0.0337729190185453,9.217143579218789,0.0305,0.2028462910029248,1.1764705882352942,0.2333462910029248,3.23024683014814,0.19957337198437952,0.19957337198437952,0.19957337198437952,0.19957337198437952,-5.986896749070649,5.986896749070649,0.0283488297458709,0.01876505073838073,-57.31780182122431,True,FULL,FULL_exp_d_rank_5
213,0.61,4.25,0.036,0.032,0.032,0.0097117896904809,1.1764705882352942,0.0417117896904809,6.613265489413038,0.032,0.2433325609932835,1.1764705882352942,0.2753325609932835,2.801178792814387,0.2336207713028026,0.2336207713028026,0.23362077130280262,0.23362077130280262,-3.812086696598651,3.812086696598651,0.029210138549055614,0.019784892413862314,-45.28292481063339,True,FULL,FULL_exp_d_rank_5
214,0.8,4.25,0.041,0.0365,0.0365,0.0146135447707714,1.1764705882352942,0.0511135447707714,4.687843076991533,0.0365,0.291736542418192,1.1764705882352942,0.328236542418192,1.9651139016660493,0.2771229976474206,0.2771229976474206,0.2771229976474206,0.2771229976474206,-2.722729175325484,2.722729175325484,0.02029050485976484,0.014716511533536515,-13.32235674626879,True,FULL,FULL_exp_d_rank_5
215,0.85,4.25,0.053,0.0412499999999999,0.0412499999999999,0.0449535990108785,1.1764705882352942,0.0862035990108784,3.4008265344224067,0.0412499999999999,0.3850996636629558,1.1764705882352942,0.4263496636629557,1.7898432604909686,0.3401460646520773,0.3401460646520773,0.3401460646520773,0.3401460646520773,-1.610983273931438,1.610983273931438,0.01889548527478687,0.014111826424345242,-5.761084717872357,True,FULL,FULL_exp_d_rank_5
216,1.18,4.75,0.072,0.06875,0.06875,0.0144953537063408,1.0526315789473684,0.0832453537063408,3.803418428356459,0.06875,0.4525932103670397,1.0526315789473684,0.5213432103670397,1.4351897096289226,0.4380978566606989,0.4380978566606989,0.4380978566606989,0.4380978566606989,-2.3682287187275364,2.3682287187275364,0.01636146404553233,0.012374831273395743,-1.4690168789796445,True,FULL,FULL_exp_d_rank_5
217,1.07,4.75,0.082,0.07425,0.07425,0.0316745022212473,1.0526315789473684,0.1059245022212473,3.494012368300583,0.07425,0.4886252243989634,1.0526315789473684,0.5628752243989634,1.5411098219812085,0.4569507221777161,0.4569507221777161,0.45695072217771615,0.45695072217771615,-1.9529025463193745,1.9529025463193745,0.021837352610992945,0.016406777999444823,-2.641397105545005,True,FULL,FULL_exp_d_rank_5
218,0.99,4.75,0.091,0.0815,0.0815,0.0350845623553453,1.0526315789473684,0.1165845623553453,3.740061038065954,0.0815,0.5128663926922054,1.0526315789473684,0.5943663926922054,1.6644032135557514,0.47778183033686006,0.47778183033686006,0.47778183033686006,0.47778183033686006,-2.0756578245102024,2.0756578245102024,0.028698680217350333,0.02119443752382679,-4.407763091946466,True,FULL,FULL_exp_d_rank_5
219,1.33,4.75,0.123,0.109,0.109,0.0845437839006371,1.0526315789473684,0.1935437839006371,2.512415047002486,0.109,0.6111189063690827,1.0526315789473684,0.7201189063690827,1.3791985502231052,0.5265751224684456,0.5265751224684456,0.5265751224684456,0.5265751224684456,-1.133216496779381,1.133216496779381,0.011876075579822312,0.009294450292884802,0.5878666678620413,True,FULL,FULL_exp_d_rank_5
220,0.57,3.0,0.057,0.045,0.045,0.0423378142666348,1.6666666666666667,0.0873378142666348,5.252909248352316,0.045,0.5078802139094549,1.6666666666666667,0.552880213909455,2.5868856636128243,0.4655423996428201,0.4655423996428201,0.4655423996428202,0.4655423996428202,-2.666023584739492,2.666023584739492,0.029233190458515298,0.02156732704062182,-13.622613737546647,True,FULL,FULL_exp_d_rank_5
221,0.74,3.0,0.052,0.0426666666666666,0.0426666666666666,0.0483380999196384,1.6666666666666667,0.091004766586305,3.990648101805694,0.0426666666666666,0.4867054606310969,1.6666666666666667,0.5293721272977635,2.078873431836592,0.4383673607114585,0.4383673607114585,0.4383673607114585,0.4383673607114585,-1.9117746699691018,1.9117746699691018,0.010332203607327091,0.008128341484224966,-0.894848371550351,True,FULL,FULL_exp_d_rank_5
222,1.17,3.75,0.042,0.037,0.037,0.0379972465016185,1.3333333333333333,0.0749972465016185,2.7555455668379523,0.037,0.3562784250283155,1.3333333333333333,0.3932784250283155,1.5421217724029888,0.318281178526697,0.318281178526697,0.318281178526697,0.318281178526697,-1.2134237944349635,1.2134237944349635,0.003029390811132761,0.0024867213682844692,0.785610836267281,True,FULL,FULL_exp_d_rank_5
223,2.7,4.333333333333333,0.036,0.0356666666666666,0.0356666666666666,0.012315781767816,1.153846153846154,0.0479824484344826,2.0063850757344786,0.0356666666666666,0.2959621719042236,1.153846153846154,0.3316288385708902,1.2151665346686231,0.2836463901364076,0.2836463901364076,0.2836463901364076,0.2836463901364076,-0.7912185410658554,0.7912185410658554,0.0014388205228129047,0.0008808074832512885,0.9571921881594485,True,FULL,FULL_exp_d_rank_5
224,0.75,3.5,0.022,0.02125,0.02125,0.0026705992767688,1.4285714285714286,0.0239205992767688,6.637578410976577,0.02125,0.1555512231794654,1.4285714285714286,0.1768012231794654,2.1350754760972035,0.1528806239026966,0.1528806239026966,0.1528806239026966,0.1528806239026966,-4.502502934879374,4.502502934879374,0.008465941111898653,0.006249787910496759,-6.983349432863346,True,FULL,FULL_exp_d_rank_5
225,1.15,3.5,0.021,0.02,0.02,0.0073958891535081,1.4285714285714286,0.0273958891535081,3.6113543932907137,0.02,0.1482951428432893,1.4285714285714286,0.1682951428432893,1.679081745171905,0.14089925368978118,0.14089925368978118,0.1408992536897812,0.1408992536897812,-1.9322726481188088,1.9322726481188088,0.001808169480520727,0.0014602593900362032,0.7121552445394623,True,FULL,FULL_exp_d_rank_5
226,1.1,3.5,0.02,0.01925,0.01925,0.004956977641193,1.4285714285714286,0.024206977641193,4.054827267846036,0.01925,0.1338989617329166,1.4285714285714286,0.1531489617329166,1.7188493154828113,0.1289419840917236,0.1289419840917236,0.12894198409172358,0.12894198409172358,-2.3359779523632254,2.3359779523632254,0.002133444177431095,0.0016938778005013274,0.5416381475977528,True,FULL,FULL_exp_d_rank_5
227,1.25,3.5,0.019,0.01875,0.01875,0.0019847706438796,1.4285714285714286,0.0207347706438796,4.418502888206739,0.01875,0.1215548336899893,1.4285714285714286,0.1403048336899894,1.666641442167835,0.1195700630461097,0.1195700630461097,0.11957006304610979,0.11957006304610979,-2.7518614460389044,2.7518614460389044,0.001508663178340869,0.0012434798592634814,0.7553032381183399,True,FULL,FULL_exp_d_rank_5
228,0.7,3.0,0.059,0.0456666666666666,0.0456666666666666,0.0656740182268081,1.6666666666666667,0.1113406848934747,3.9285722676402535,0.0456666666666666,0.5240739624040531,1.6666666666666667,0.5697406290707198,2.149392216880856,0.45839994417724506,0.45839994417724506,0.45839994417724506,0.45839994417724506,-1.7791800507593973,1.7791800507593973,0.012775752995262858,0.009998697290723235,-1.2549076631135478,True,FULL,FULL_exp_d_rank_5
229,0.8,3.75,0.039,0.03775,0.03775,0.0044128695173391,1.3333333333333333,0.0421628695173391,6.31959788609588,0.03775,0.3152244175027593,1.3333333333333333,0.3529744175027594,1.9497378598199573,0.3108115479854202,0.3108115479854202,0.31081154798542027,0.31081154798542027,-4.369860026275923,4.369860026275923,0.016634268409491917,0.012318184182497782,-8.865926576319513,True,FULL,FULL_exp_d_rank_5
230,1.1,3.75,0.031,0.03025,0.03025,0.004226216061608,1.3333333333333333,0.034476216061608,4.574641618565765,0.03025,0.2465212396136903,1.3333333333333333,0.2767712396136904,1.609920507922581,0.2422950235520823,0.2422950235520823,0.24229502355208238,0.24229502355208238,-2.9647211106431834,2.9647211106431834,0.004796678856920547,0.003743456766710739,-0.036218729857179,True,FULL,FULL_exp_d_rank_5
234,0.99,3.0,0.523,0.4803333333333333,0.4803333333333333,0.3422582854093307,1.6666666666666667,0.822591618742664,3.6102895519762694,0.4803333333333333,0.6258071197747317,1.6666666666666667,1.106140453108065,2.746590601057362,0.283548834365401,0.283548834365401,0.283548834365401,0.283548834365401,-0.8636989509189075,0.8636989509189075,0.012180547234800838,0.007946309787727252,0.9788083304968906,True,FULL,FULL_exp_d_rank_5
235,1.49,3.0,0.929,0.87,0.87,1.3911680147990315,1.6666666666666667,2.261168014799032,2.4688599946843404,0.87,0.5120787664293157,1.6666666666666667,1.3820787664293157,2.6422964040011023,-0.8790892483697158,0.8790892483697158,-0.8790892483697161,0.8790892483697161,0.17343640931676196,0.17343640931676196,0.04743247342415877,0.03528475601539288,0.9204930734505304,True,FULL,FULL_exp_d_rank_5
236,2.48,3.5,1.278,1.2245,1.2245,4.974718816480315,1.4285714285714286,6.199218816480315,1.7047169871616714,1.2245,0.4443196267648901,1.4285714285714286,1.66881962676489,2.1216559484193396,-4.530399189715425,4.530399189715425,-4.530399189715425,4.530399189715425,0.41693896125766816,0.41693896125766816,0.08541581876713902,0.06374711802785427,0.8698299161621993,True,FULL,FULL_exp_d_rank_5
238,1.16,3.0,0.606,0.5299999999999999,0.5299999999999999,0.9995028593983644,1.6666666666666667,1.5295028593983642,2.6762963684092975,0.5299999999999999,0.6417819559968484,1.6666666666666667,1.1717819559968483,2.5534283833331797,-0.35772090340151597,0.35772090340151597,-0.35772090340151586,0.35772090340151586,-0.12286798507611785,0.12286798507611785,0.03843993014246603,0.026814415237374295,0.8538627906967653,True,FULL,FULL_exp_d_rank_5
239,2.0,3.5,0.785,0.745,0.745,1.4880839300345443,1.4285714285714286,2.2330839300345446,1.9471028822830023,0.745,0.5807127232360852,1.4285714285714286,1.3257127232360852,2.0126962301154676,-0.9073712067984591,0.9073712067984591,-0.9073712067984594,0.9073712067984594,0.06559334783246529,0.06559334783246529,0.044318709944516255,0.033000237730882766,0.90968204895889,True,FULL,FULL_exp_d_rank_5
240,1.84,3.0,1.067,0.9266666666666667,0.9266666666666667,11.34965538746409,1.6666666666666667,12.276322054130755,1.8769974838423913,0.9266666666666667,0.5971466350938397,1.6666666666666667,1.5238133017605064,2.36628949970693,-10.75250875237025,10.75250875237025,-10.752508752370249,10.752508752370249,0.48929201586453885,0.48929201586453885,0.1852924011606159,0.1447437212860712,0.15876841009856824,True,FULL,FULL_exp_d_rank_5
241,2.5,3.5,1.53,1.435,1.435,11.191062390354295,1.4285714285714286,12.626062390354296,1.6206039521105755,1.435,0.396195679014965,1.4285714285714286,1.831195679014965,2.216621621138547,-10.79486671133933,10.79486671133933,-10.794866711339331,10.794866711339331,0.5960176690279717,0.5960176690279717,0.15551762055202392,0.11639375412080684,0.6892498643187595,True,FULL,FULL_exp_d_rank_5
242,1.28,13.0,0.381,0.236,0.236,0.2798827945510767,0.3846153846153846,0.5158827945510767,2.332154177278262,0.236,0.717608207820955,0.3846153846153846,0.953608207820955,1.8218948091221563,0.43772541326987835,0.43772541326987835,0.43772541326987835,0.43772541326987835,-0.5102593681561056,0.5102593681561056,0.08064087741184688,0.050744301774412914,-1.4215597854007083,True,FULL,FULL_exp_d_rank_5
243,1.94,13.0,1.479,1.139,1.139,0.9051763320711632,0.3846153846153846,2.0441763320711632,1.6142343389282214,1.139,0.5090851686051787,0.3846153846153846,1.6480851686051787,1.779878620402512,-0.3960911634659845,0.3960911634659845,-0.3960911634659845,0.3960911634659845,0.16564428147429067,0.16564428147429067,0.0649026721035646,0.04185654410455246,0.8788440783302242,True,FULL,FULL_exp_d_rank_5
244,2.29,13.0,30.401,2.493,2.493,191.4872115140508,0.3846153846153846,193.9802115140508,0.5794840127037909,2.493,70.226984768947,0.3846153846153846,72.719984768947,0.5768585702869558,-121.26022674510381,121.26022674510381,-121.26022674510381,121.26022674510381,-0.0026254424168351553,0.0026254424168351553,8.949464055237534,6.455707096369149,0.1130751501439462,True,FULL,FULL_exp_d_rank_5
245,3.95,13.0,5.488,4.171,4.171,11.473466241634494,0.3846153846153846,15.644466241634497,0.6512771868667829,4.171,1.0938551000467935,0.3846153846153846,5.264855100046794,1.0323979141992896,-10.3796111415877,10.3796111415877,-10.379611141587702,10.379611141587702,0.3811207273325067,0.3811207273325067,0.6602794306553865,0.48822604257295477,0.4152305534031224,True,FULL,FULL_exp_d_rank_5
246,0.34,13.0,0.306,0.104,0.104,0.238125551076079,0.3846153846153846,0.342125551076079,11.465962069935722,0.104,0.5448416143076376,0.3846153846153846,0.6488416143076375,10.672477751377524,0.30671606323155853,0.30671606323155853,0.30671606323155853,0.30671606323155853,-0.7934843185581979,0.7934843185581979,0.0812648368104966,0.04622839460615122,-1.304750912779304,True,FULL,FULL_exp_d_rank_5
247,0.55,13.0,1.422,0.768,0.768,0.854926430267495,0.3846153846153846,1.622926430267495,6.829794290098721,0.768,0.2393258039266759,0.3846153846153846,1.007325803926676,8.659984324809523,-0.6156006263408191,0.6156006263408191,-0.6156006263408191,0.6156006263408191,1.8301900347108022,1.8301900347108022,0.15475464976260345,0.08964046221477258,0.3661548713627273,True,FULL,FULL_exp_d_rank_5
250,0.1,15.0,0.367,0.136,0.136,0.2402542971419538,0.3333333333333333,0.3762542971419538,56.09759499434641,0.136,0.4373161293248981,0.3333333333333333,0.5733161293248982,53.89824464588958,0.19706183218294432,0.19706183218294432,0.19706183218294437,0.19706183218294437,-2.199350348456832,2.199350348456832,0.05371652932472247,0.030181155481590345,0.10339679053139084,True,FULL,FULL_exp_d_rank_5
251,0.67,15.0,1.297,0.843,0.843,0.5998183417647385,0.3333333333333333,1.4428183417647384,6.0080454699914485,0.843,0.1839404021186801,0.3333333333333333,1.02694040211868,7.558780366555067,-0.41587793964605835,0.41587793964605835,-0.41587793964605835,0.41587793964605835,1.5507348965636183,1.5507348965636183,0.10354056217625018,0.060113116357661645,0.5318802109819214,True,FULL,FULL_exp_d_rank_5
254,0.42,15.0,0.464,0.223,0.223,0.286841251907236,0.3333333333333333,0.509841251907236,9.785018691865965,0.223,0.5256770969707504,0.3333333333333333,0.7486770969707504,9.030599150560294,0.2388358450635144,0.2388358450635144,0.2388358450635144,0.2388358450635144,-0.7544195413056709,0.7544195413056709,0.06292706377931698,0.03587442975114962,0.12216611577488856,True,FULL,FULL_exp_d_rank_5
255,1.34,15.0,1.532,0.812,0.812,1.3202731944591186,0.3333333333333333,2.1322731944591187,2.118955632610797,0.812,0.6166897355953715,0.3333333333333333,1.4286897355953716,2.4484050473479546,-0.7035834588637471,0.7035834588637471,-0.7035834588637471,0.7035834588637471,0.32944941473715783,0.32944941473715783,0.14485698582787626,0.08879306534707271,0.6186087918586145,True,FULL,FULL_exp_d_rank_5
258,2.09,15.0,55.263,3.813,3.813,190.18212243089908,0.3333333333333333,193.99512243089907,0.7174733228095233,3.813,676.0495389963787,0.3333333333333333,679.8625389963787,0.6702102437864047,485.86741656547963,485.86741656547963,485.86741656547963,485.86741656547963,-0.04726307902311855,0.04726307902311855,54.44939841264252,37.50923866456062,-9.103234515380864,True,FULL,FULL_exp_d_rank_5
284,0.27,1.6652089623887931,2.655,1.3036485066778338,1.3036485066778338,4.61028992899217,3.002626164602998,5.913938435670004,7.913618795998358,1.3036485066778338,3.4466179467759233,3.002626164602998,4.750266453453757,7.658859893166329,-1.163671982216247,1.163671982216247,-1.163671982216247,1.163671982216247,-0.2547589028320294,0.2547589028320294,0.19074804387865943,0.12341841252523271,0.8447048911594106,True,FULL,FULL_exp_d_rank_5
285,0.5,3.083720300719987,2.417,0.6555920235894309,0.6555920235894309,7.127781251237852,1.621418128885619,7.783373274827283,3.420782268328867,0.6555920235894309,1.6368281477876765,1.621418128885619,2.292420171377107,4.197480172418962,-5.490953103450175,5.490953103450175,-5.490953103450176,5.490953103450176,0.7766979040900952,0.7766979040900952,0.6141194890296926,0.42376941055247286,-0.05134633071309169,True,FULL,FULL_exp_d_rank_5
287,0.29,1.7885577744175924,3.214,1.959240530267265,1.959240530267265,3.9894927128527247,2.7955484980786536,5.94873324311999,8.412171305906568,1.959240530267265,3.305599167210401,2.7955484980786536,5.264839697477666,8.045690779122033,-0.6838935456423236,0.6838935456423236,-0.6838935456423236,0.6838935456423236,-0.36648052678453524,0.36648052678453524,0.13612966077275987,0.08464136705220791,0.9241624419457842,True,FULL,FULL_exp_d_rank_5
288,0.44,2.7136738646335887,3.179,1.959240530267265,1.959240530267265,3.8637545585443656,1.8425206010063853,5.822995088811631,5.589277438658442,1.959240530267265,0.9049681939629676,1.8425206010063853,2.8642087242302328,7.7159298939029695,-2.958786364581398,2.958786364581398,-2.958786364581398,2.958786364581398,2.1266524552445274,2.1266524552445274,0.4079143617552361,0.27193196006350473,0.2911768117602207,True,FULL,FULL_exp_d_rank_5
289,0.44,2.7136738646335887,5.856,2.848434309388562,2.848434309388562,10.290924987900752,1.8425206010063853,13.139359297289314,4.832563228905287,2.848434309388562,5.674720656053163,1.8425206010063853,8.523154965441725,5.0653871433047195,-4.616204331847589,4.616204331847589,-4.616204331847589,4.616204331847589,0.2328239143994324,0.2328239143994324,0.6403501303434924,0.42705399523696497,0.6450632975659077,True,FULL,FULL_exp_d_rank_5
291,0.42,2.590325052604789,4.293,1.959240530267265,1.959240530267265,8.144262348078403,1.9302596772447849,10.103502878345669,4.906645401620717,1.959240530267265,3.275092925035108,1.9302596772447849,5.234333455302373,5.56976231480699,-4.869169423043295,4.869169423043295,-4.869169423043296,4.869169423043296,0.6631169131862729,0.6631169131862729,0.6334597017750472,0.42728296312211833,0.40792728829225433,True,FULL,FULL_exp_d_rank_5
292,0.27,1.6652089623887931,1.816,0.6555920235894309,0.6555920235894309,4.340373544875488,3.002626164602998,4.99596556846492,6.93036783035678,0.6555920235894309,2.3714921840371965,3.002626164602998,3.0270842076266273,7.087576935189752,-1.9688813608382918,1.9688813608382918,-1.9688813608382922,1.9688813608382922,0.15720910483297157,0.15720910483297157,0.2541166075582006,0.17143263281704244,0.5942052541807215,True,FULL,FULL_exp_d_rank_5
293,0.55,3.392092330791986,3.752,1.3488617496840016,1.3488617496840016,8.999404803617814,1.4740164808051082,10.348266553301816,3.397073578572742,1.3488617496840016,1.823449052449463,1.4740164808051082,3.172310802133465,4.516837609844495,-7.175955751168351,7.175955751168351,-7.175955751168351,7.175955751168351,1.1197640312717527,1.1197640312717527,0.8585200238942641,0.5869167853857357,-0.08052945978045556,True,FULL,FULL_exp_d_rank_5
295,1.2,7.400928721727968,0.0307,0.0217962758401608,0.0217962758401608,0.0268208917452208,0.6755908870356747,0.0486171675853816,2.3157906832156443,0.0217962758401608,0.0622202249629245,0.6755908870356747,0.0840165008030853,1.689898542509202,0.0353993332177037,0.0353993332177037,0.0353993332177037,0.0353993332177037,-0.6258921407064424,0.6258921407064424,0.0036264789472095337,0.0025225750102152084,0.2467270681035233,True,FULL,FULL_exp_d_rank_5
296,2.0,12.334881202879949,0.131,0.0508579769603752,0.0508579769603752,0.2935284290129898,0.4053545322214048,0.344386405973365,0.9614433155844516,0.0508579769603752,0.5427944365229005,0.4053545322214048,0.5936524134832757,0.7727016636776368,0.24926600750991068,0.24926600750991068,0.24926600750991068,0.24926600750991068,-0.1887416519068148,0.1887416519068148,0.017859208488123748,0.013075994851479646,0.584354722643398,True,FULL,FULL_exp_d_rank_5
297,1.8,11.101393082591954,0.046,0.0145308505601072,0.0145308505601072,0.1222071066849876,0.4503939246904497,0.1367379572450948,0.9937795159488002,0.0145308505601072,0.0935433260386932,0.4503939246904497,0.1080741765988004,0.9384488523868728,-0.028663780646294407,0.028663780646294407,-0.028663780646294393,0.028663780646294393,-0.055330663561927396,0.055330663561927396,0.004463196114763873,0.0029290256488640532,0.8275156337760512,True,FULL,FULL_exp_d_rank_5
302,0.75,4.625580451079981,0.055,0.0153092991217785,0.0153092991217785,0.1595143577214117,1.080945419257079,0.1748236568431902,2.2969478423570417,0.0153092991217785,0.3929257128176397,1.080945419257079,0.4082350119394182,1.844156907025824,0.233411355096228,0.233411355096228,0.23341135509622798,0.23341135509622798,-0.45279093533121784,0.45279093533121784,0.016443584469997472,0.012028322152359262,-0.48282302609067873,True,FULL,FULL_exp_d_rank_5
303,0.91,5.612370947310377,0.041,0.0153092991217785,0.0153092991217785,0.0951653865132687,0.8908890818052851,0.1104746856350472,2.0818876302589207,0.0153092991217785,0.2230662132960314,0.8908890818052851,0.2383755124178099,1.622895401681383,0.1279008267827627,0.1279008267827627,0.1279008267827627,0.1279008267827627,-0.45899222857753763,0.45899222857753763,0.009588389564112284,0.006979962064596116,-0.17321240071631228,True,FULL,FULL_exp_d_rank_5
304,1.87,11.533113924692753,0.046,0.0153092991217785,0.0153092991217785,0.1174680513670647,0.4335342590603259,0.1327773504888432,0.9728764088168116,0.0153092991217785,0.0859259244440729,0.4335342590603259,0.1012352235658514,0.9284682171814832,-0.0315421269229918,0.0315421269229918,-0.0315421269229918,0.0315421269229918,-0.04440819163532839,0.04440819163532839,0.004696646891747561,0.003099654004896704,0.8000615496743158,True,FULL,FULL_exp_d_rank_5
305,2.17,13.383346105124744,0.042,0.0153092991217785,0.0153092991217785,0.0995579974430193,0.373598647208668,0.1148672965647978,0.8653228395367738,0.0153092991217785,0.0423002542968526,0.373598647208668,0.0576095534186311,0.9422594030721442,-0.0572577431461667,0.0572577431461667,-0.0572577431461667,0.0572577431461667,0.07693656353537037,0.07693656353537037,0.007080402227557098,0.004811873775634478,0.40528701002604317,True,FULL,FULL_exp_d_rank_5
311,1.45,8.942788872087963,1.14,0.7935883525311068,0.7935883525311068,1.051107361858608,0.5591096996157306,1.844695714389715,1.879665749713435,0.7935883525311068,0.4860975865775531,0.5591096996157306,1.27968593910866,2.158163264914052,-0.5650097752810549,0.5650097752810549,-0.565009775281055,0.565009775281055,0.27849751520061705,0.27849751520061705,0.0832408721034544,0.05489171232507859,0.7204825377749573,True,FULL,FULL_exp_d_rank_5
316,1.1,6.784184661583972,1.23,0.5909609098097346,0.5909609098097346,2.195000047586552,0.7370082404025541,2.7859609573962865,1.920963652491806,0.5909609098097346,0.6524951135566734,0.7370082404025541,1.243456023366408,2.3944061476290552,-1.5425049340298784,1.5425049340298784,-1.5425049340298784,1.5425049340298784,0.47344249513724934,0.47344249513724934,0.2001687211890875,0.13510339402309623,0.227433859803019,True,FULL,FULL_exp_d_rank_5
317,0.75,4.625580451079981,0.94,0.7727950359050375,0.7727950359050375,0.4751593936736535,1.080945419257079,1.247954429578691,4.459377299507828,0.7727950359050375,0.3453013098743811,1.080945419257079,1.1180963457794186,4.569720717280408,-0.12985808379927238,0.12985808379927238,-0.12985808379927244,0.12985808379927244,0.1103434177725795,0.1103434177725795,0.022736590282662998,0.01449307583567541,0.9629653715993284,True,FULL,FULL_exp_d_rank_5
321,1.5,9.25116090215996,2.94,0.5553062574145964,0.5553062574145964,10.568278952724356,0.5404727096285398,11.123585210138952,1.04691166819964,0.5553062574145964,1.2934680393175548,0.5404727096285398,1.8487742967321512,1.4248595307402223,-9.274810913406801,9.274810913406801,-9.274810913406801,9.274810913406801,0.3779478625405823,0.3779478625405823,0.9569921848629823,0.6674517134171222,-0.40375257576594414,True,FULL,FULL_exp_d_rank_5
322,1.7,10.484649022447956,1.47,1.1106125148291928,1.1106125148291928,1.0572811334663703,0.4768876849663586,2.1678936482955633,1.7502458150213789,1.1106125148291928,0.3425191662881472,0.4768876849663586,1.45313168111734,2.235856769888489,-0.714761967178223,0.714761967178223,-0.7147619671782233,0.7147619671782233,0.48561095486711015,0.48561095486711015,0.10433089116910288,0.06851397778753666,0.7046669107208403,True,FULL,FULL_exp_d_rank_5
323,1.7,10.484649022447956,7.35,2.2212250296583855,2.2212250296583855,20.160376750419932,0.4768876849663586,22.381601780078316,1.0379375597762583,2.2212250296583855,1.060511042511977,0.4768876849663586,3.2817360721703626,1.9782438235360027,-19.099865707907956,19.099865707907956,-19.099865707907952,19.099865707907952,0.9403062637597444,0.9403062637597444,2.206860186663413,1.5153454898593597,-0.5924839181410211,True,FULL,FULL_exp_d_rank_5
327,0.1,0.6167440601439975,0.08,0.0796743371481683,0.0796743371481683,0.0008090983306987,8.107090644428094,0.080483435478867,77.68977402204777,0.0796743371481683,0.8644075944310281,8.107090644428094,0.9440819315791964,15.414419327051863,0.8635984961003293,0.8635984961003293,0.8635984961003293,0.8635984961003293,-62.27535469499591,62.27535469499591,0.0848998295871784,0.05920965138723571,-81.85984976924776,True,FULL,FULL_exp_d_rank_5
329,1.2,7.400928721727968,0.024,0.0202072594216368,0.0202072594216368,0.010665146237602,0.6755908870356747,0.0308724056592388,2.9023919692701785,0.0202072594216368,0.0203816074109099,0.6755908870356747,0.0405888668325468,2.25352925865849,0.0097164611733079,0.0097164611733079,0.009716461173307996,0.009716461173307996,-0.6488627106116884,0.6488627106116884,0.0011291149476510276,0.0007543640729301501,0.8581736687099497,True,FULL,FULL_exp_d_rank_5
330,1.1,6.784184661583972,0.025,0.0202072594216368,0.0202072594216368,0.0137190748784508,0.7370082404025541,0.0339263343000876,2.9611290302817843,0.0202072594216368,0.0384089992547382,0.7370082404025541,0.058616258676375,2.052327267375884,0.024689924376287403,0.024689924376287403,0.0246899243762874,0.0246899243762874,-0.9088017629059002,0.9088017629059002,0.0027961511328691226,0.0019067341311688102,0.21706393997943185,True,FULL,FULL_exp_d_rank_5
331,1.25,7.709300751799968,0.047,0.0398371685740841,0.0398371685740841,0.0200809505252075,0.6485672515542477,0.0599181190992916,2.820311710406355,0.0398371685740841,0.1567306509728633,0.6485672515542477,0.1965678195469474,1.5011010119017525,0.1366497004476558,0.1366497004476558,0.13664970044765581,0.13664970044765581,-1.3192106985046024,1.3192106985046024,0.014969598959992041,0.010331576754602907,-5.517211177192452,True,FULL,FULL_exp_d_rank_5
332,1.2,7.400928721727968,0.05,0.0398371685740841,0.0398371685740841,0.0292663957131568,0.6755908870356747,0.0691035642872409,2.6576864448773354,0.0398371685740841,0.1899924805754367,0.6755908870356747,0.2298296491495208,1.4975518222699469,0.16072608486227988,0.16072608486227988,0.1607260848622799,0.1607260848622799,-1.1601346226073885,1.1601346226073885,0.016923606143908653,0.011766462915312819,-6.089511051271588,True,FULL,FULL_exp_d_rank_5
333,1.6,9.86790496230396,0.093,0.0796743371481683,0.0796743371481683,0.0371742575975103,0.5066931652767559,0.1168485947456786,2.2486028629786348,0.0796743371481683,0.3440938270336492,0.5066931652767559,0.4237681641818175,1.1480715656179885,0.3069195694361389,0.3069195694361389,0.3069195694361389,0.3069195694361389,-1.1005312973606463,1.1005312973606463,0.033374942848429505,0.023063688420511673,-7.302793573457709,True,FULL,FULL_exp_d_rank_5
334,2.5,15.418601503599936,0.1,0.0796743371481683,0.0796743371481683,0.0585327914263222,0.3242836257771238,0.1382071285744905,1.275689493540873,0.0796743371481683,0.3435537247351304,0.3242836257771238,0.4232280618832987,0.735025210129348,0.2850209333088082,0.2850209333088082,0.2850209333088082,0.2850209333088082,-0.540664283411525,0.540664283411525,0.030321663132554324,0.021044141766856955,-4.689531553207889,True,FULL,FULL_exp_d_rank_5
335,1.8,11.101393082591954,0.233,0.1991858428704208,0.1991858428704208,0.0944249962521731,0.4503939246904497,0.2936108391225939,1.9904398436807709,0.1991858428704208,0.6857597308059997,0.4503939246904497,0.8849455736764206,1.075759963961706,0.5913347345538267,0.5913347345538267,0.5913347345538267,0.5913347345538267,-0.914679879719065,0.914679879719065,0.06588358673620104,0.0453162051804868,-4.151314626125873,True,FULL,FULL_exp_d_rank_5
336,4.0,24.669762405759897,0.251,0.1991858428704208,0.1991858428704208,0.1494580982300445,0.2026772661107024,0.3486439411004653,0.792806515114832,0.1991858428704208,2.876391711523268,0.2026772661107024,3.0755775543936887,0.3696552983810325,2.726933613293223,2.726933613293223,2.7269336132932236,2.7269336132932236,-0.4231512167337995,0.4231512167337995,0.25170897549790183,0.17806956147865766,-61.02134584375735,True,FULL,FULL_exp_d_rank_5
337,1.13,6.96920787962717,0.045,0.0153092991217785,0.0153092991217785,0.1129415099906837,0.7174416499493891,0.1282508091124622,1.6219045254507285,0.0153092991217785,0.1936556969668149,0.7174416499493891,0.2089649960885934,1.3329991972446746,0.0807141869761312,0.0807141869761312,0.0807141869761312,0.0807141869761312,-0.28890532820605386,0.28890532820605386,0.005321174682155668,0.003931663158197007,0.726357114313877,True,FULL,FULL_exp_d_rank_5
338,1.74,10.731346646505555,0.033,0.0153092991217785,0.0153092991217785,0.0614267591501006,0.4659247496797756,0.0767360582718792,1.1936384711708052,0.0153092991217785,0.0270441441257778,0.4659247496797756,0.0423534432475564,1.323915592678396,-0.0343826150243228,0.0343826150243228,-0.0343826150243228,0.0343826150243228,0.13027712150759085,0.13027712150759085,0.0045325121617235415,0.0030502601832011218,0.47562851268654494,True,FULL,FULL_exp_d_rank_5
339,2.13,13.136648481067144,0.035,0.0153092991217785,0.0153092991217785,0.0696089127687665,0.3806145842454505,0.084918211890545,0.9488333573269884,0.0153092991217785,0.015164491318498,0.3806145842454505,0.0304737904402765,1.2763250458908588,-0.0544444214502685,0.0544444214502685,-0.05444442145026851,0.05444442145026851,0.32749168856387045,0.32749168856387045,0.0068539492040900814,0.00464870719694401,0.013003896872914367,True,FULL,FULL_exp_d_rank_5
341,1.13,6.96920787962717,0.055,0.0153092991217785,0.0153092991217785,0.1595143577209842,0.7174416499493891,0.1748236568427627,1.524522904222498,0.0153092991217785,0.2684313686358015,0.7174416499493891,0.28374066775758,1.276254970391494,0.10891701091481731,0.10891701091481731,0.10891701091481731,0.10891701091481731,-0.24826793383100387,0.24826793383100387,0.006697689395326316,0.0049857663007257256,0.7539936367647073,True,FULL,FULL_exp_d_rank_5
342,1.22,7.524277533756768,0.039,0.0153092991217785,0.0153092991217785,0.0864894320112215,0.6645156265924669,0.101798731133,1.5829859963913084,0.0153092991217785,0.127216504991873,0.6645156265924669,0.1425258041136515,1.3205844285862005,0.04072707298065151,0.04072707298065151,0.04072707298065151,0.04072707298065151,-0.2624015678051079,0.2624015678051079,0.0025073953072672597,0.0018479157064453632,0.9064265235148269,True,FULL,FULL_exp_d_rank_5
343,1.45,8.942788872087963,0.034,0.0153092991217785,0.0153092991217785,0.0654950286258003,0.5591096996157306,0.0808043277475788,1.4123161332544465,0.0153092991217785,0.0574904316431107,0.5591096996157306,0.0727997307648892,1.308162838219737,-0.008004596982689599,0.008004596982689599,-0.008004596982689599,0.008004596982689599,-0.10415329503470949,0.10415329503470949,0.001831550955356181,0.0011257154190979484,0.9224765603406051,True,FULL,FULL_exp_d_rank_5
345,0.6,3.700464360863984,0.062,0.0153092991217785,0.0153092991217785,0.1936315334445874,1.3511817740713494,0.2089408325663659,2.78103428223211,0.0153092991217785,0.5040729156040261,1.3511817740713494,0.5193822147258046,2.2537121700925686,0.31044138215943873,0.31044138215943873,0.31044138215943873,0.31044138215943873,-0.5273221121395415,0.5273221121395415,0.021649429676643774,0.01583275973510859,-0.8654795592000073,True,FULL,FULL_exp_d_rank_5
346,0.7,4.317208421007981,0.05,0.0153092991217785,0.0153092991217785,0.1358772828198478,1.1581558063468709,0.1511865819416263,2.530764500816095,0.0153092991217785,0.378894959408455,1.1581558063468709,0.3942042585302335,1.9830060240976033,0.24301767658860723,0.24301767658860723,0.2430176765886072,0.2430176765886072,-0.5477584767184915,0.5477584767184915,0.01771698523202326,0.012908124591538051,-1.2415000964995806,True,FULL,FULL_exp_d_rank_5
347,0.9,5.550696541295977,0.034,0.0153092991217785,0.0153092991217785,0.0654950141480271,0.9007878493808994,0.0808043132698056,2.275398701589776,0.0153092991217785,0.1632810553101477,0.9007878493808994,0.1785903544319262,1.717298563402736,0.0977860411621206,0.0977860411621206,0.0977860411621206,0.0977860411621206,-0.5581001381870401,0.5581001381870401,0.007875735124979803,0.00568695279360645,-0.4334324644262513,True,FULL,FULL_exp_d_rank_5
348,1.8,11.101393082591954,0.027,0.0153092991217785,0.0153092991217785,0.038082793731829,0.4503939246904497,0.0533920928536075,1.2897687725693818,0.0153092991217785,0.0019276504873884,0.4503939246904497,0.017236949609167,2.6525687014971617,-0.03615514324444059,0.03615514324444059,-0.036155143244440496,0.036155143244440496,1.36279992892778,1.36279992892778,0.004840687477112565,0.0032257177934996643,-0.2060929593614973,True,FULL,FULL_exp_d_rank_5
349,1.13,6.96920787962717,0.043,0.0153092991217785,0.0153092991217785,0.1039855497101338,0.7174416499493891,0.1192948488319123,1.6477168177591195,0.0153092991217785,0.1779482931525609,0.7174416499493891,0.1932575922743394,1.349764306821266,0.07396274344242709,0.07396274344242709,0.07396274344242709,0.07396274344242709,-0.2979525109378536,0.2979525109378536,0.00494814791933715,0.0036495958135827878,0.7293336688327511,True,FULL,FULL_exp_d_rank_5
350,1.37,8.449393623972766,0.041,0.0153092991217785,0.0153092991217785,0.0951653865075495,0.591758441199131,0.110474685629328,1.3828596668882291,0.0153092991217785,0.1152686844322685,0.591758441199131,0.130577983554047,1.196998299013404,0.020103297924719002,0.020103297924719002,0.020103297924719016,0.020103297924719016,-0.1858613678748251,0.1858613678748251,0.0008507661051539141,0.0006640107546622118,0.9907635377007116,True,FULL,FULL_exp_d_rank_5
351,1.67,10.299625804404757,0.032,0.0153092991217785,0.0153092991217785,0.057405854043788,0.4854545296064728,0.0727151531655665,1.2626030593869657,0.0153092991217785,0.0271431089545873,0.4854545296064728,0.0424524080763659,1.3780130546369256,-0.0302627450892007,0.0302627450892007,-0.0302627450892006,0.0302627450892006,0.11540999524995987,0.11540999524995987,0.004058139950193977,0.0027230175031711743,0.5336438367881706,True,FULL,FULL_exp_d_rank_5
353,0.9,5.550696541295977,0.037,0.0153092991217785,0.0153092991217785,0.0779670989319231,0.9007878493808994,0.0932763980537016,2.192227389199339,0.0153092991217785,0.1908581997170738,0.9007878493808994,0.2061674988388523,1.6771950891440386,0.11289110078515069,0.11289110078515069,0.1128911007851507,0.1128911007851507,-0.5150323000553003,0.5150323000553003,0.008799708676932715,0.006378006674375405,-0.36012359550869677,True,FULL,FULL_exp_d_rank_5
354,1.05,6.475812631511974,0.032,0.0153092991217785,0.0153092991217785,0.0574058541682785,0.7721038708979138,0.0727151532900571,2.0081400996379837,0.0153092991217785,0.1065361157332526,0.7721038708979138,0.1218454148550311,1.5848777490167096,0.0491302615649741,0.0491302615649741,0.04913026156497401,0.04913026156497401,-0.42326235062127404,0.42326235062127404,0.0038607671244010955,0.002793109338475161,0.5779043338684406,True,FULL,FULL_exp_d_rank_5
355,1.15,7.09255669165597,0.028,0.0153092991217785,0.0153092991217785,0.0418356081862674,0.7049644038633127,0.0571449073080459,1.9734344433232216,0.0153092991217785,0.0571266109313474,0.7049644038633127,0.072435910053126,1.651882182776272,0.015291002745080003,0.015291002745080003,0.015291002745080093,0.015291002745080093,-0.32155226054694963,0.32155226054694963,0.0010763899910810487,0.0007692470154568548,0.9476865758687637,True,FULL,FULL_exp_d_rank_5
356,1.4,8.634416842015963,0.024,0.0153092991217785,0.0153092991217785,0.0272042150777216,0.5790779031734354,0.0425135141995001,1.8037445140554815,0.0153092991217785,0.0097667477303203,0.5790779031734354,0.0250760468520989,2.2088910646009396,-0.0174374673474013,0.0174374673474013,-0.0174374673474012,0.0174374673474012,0.4051465505454581,0.4051465505454581,0.002460187616055521,0.0016352717328058286,0.5210199311889874,True,FULL,FULL_exp_d_rank_5
357,0.75,4.625580451079981,0.028,0.0153092991217785,0.0153092991217785,0.0418356081843982,1.080945419257079,0.0571449073061767,3.0259328132395527,0.0153092991217785,0.1535158721616652,1.080945419257079,0.1688251712834437,2.081116122306085,0.111680263977267,0.111680263977267,0.11168026397726702,0.11168026397726702,-0.9448166909334677,0.9448166909334677,0.009800675122667643,0.006997948361152912,-3.3369641503806102,True,FULL,FULL_exp_d_rank_5
358,1.15,7.09255669165597,0.026,0.0153092991217785,0.0153092991217785,0.0343911653190034,0.7049644038633127,0.0497004644407819,2.0699745048837284,0.0153092991217785,0.0433647633490986,0.7049644038633127,0.0586740624708772,1.7668301192474936,0.008973598030095196,0.008973598030095196,0.0089735980300953,0.0089735980300953,-0.3031443856362348,0.3031443856362348,0.0006121382853660948,0.00044486771618213757,0.9778760511362435,True,FULL,FULL_exp_d_rank_5
359,1.1,6.784184661583972,0.024,0.0153092991217785,0.0153092991217785,0.0272042141314279,0.7370082404025541,0.0425135132532064,2.2956749282231264,0.0153092991217785,0.0365869786627826,0.7370082404025541,0.0518962777845612,1.929896775979628,0.009382764531354698,0.009382764531354698,0.009382764531354795,0.009382764531354795,-0.3657781522434984,0.3657781522434984,0.0007471979400251229,0.000526332297538392,0.9558172929040853,True,FULL,FULL_exp_d_rank_5
360,1.2,7.400928721727968,0.022,0.0153092991217785,0.0153092991217785,0.0203041095024898,0.6755908870356747,0.0356134086242683,2.2704692840433656,0.0153092991217785,0.0146842895481359,0.6755908870356747,0.0299935886699144,2.286899081880314,-0.005619819954353901,0.005619819954353901,-0.005619819954353903,0.005619819954353903,0.016429797836948534,0.016429797836948534,0.0009552204239529013,0.0006128215193271333,0.9012202289963313,True,FULL,FULL_exp_d_rank_5
