sample_id,u_peak,u_r,tau_peak,tau_r,true_a,true_b,true_c,true_d,true_e,estimated_a,estimated_b,estimated_c,estimated_d,estimated_e,error_b,abs_error_b,error_d,abs_error_d,error_e,abs_error_e,curve_rmse_tau_u,curve_mae_tau_u,curve_r2_tau_u,curve_valid,e_constraint_respected,d_positive,b_positive,dataset,model_name
7,0.72,2.75,0.044,0.03175,0.03175,0.0801325410005739,1.818181818181818,0.1118825410005739,3.441242286799551,0.03175,0.0727719798369192,1.818181818181818,0.1045219798369192,3.677062911617879,-0.0073605611636547025,0.0073605611636547025,-0.0073605611636547025,0.0073605611636547025,0.23582062481832766,0.23582062481832766,0.0003363329872088,0.0002261565426499,0.9975468488346844,True,True,True,True,FULL,FULL_direct_poly_rank_3
8,0.92,3.0,0.035,0.02825,0.02825,0.0557241852265918,1.6666666666666667,0.0839741852265918,3.007954906577982,0.02825,0.0487976747314286,1.6666666666666667,0.0770476747314286,3.276481879104819,-0.006926510495163206,0.006926510495163206,-0.006926510495163199,0.006926510495163199,0.2685269725268373,0.2685269725268373,0.0003539531299857,0.0002194046951926,0.995745073359658,True,True,True,True,FULL,FULL_direct_poly_rank_3
9,0.97,3.0,0.029,0.0255,0.0255,0.0288872445152351,1.6666666666666667,0.0543872445152351,3.290221199159674,0.0255,0.0250947670707252,1.6666666666666667,0.0505947670707252,3.639086220732764,-0.0037924774445099,0.0037924774445099,-0.0037924774445098966,0.0037924774445098966,0.34886502157308996,0.34886502157308996,0.0003331804161412,0.0001862037527142,0.9946799020210296,True,True,True,True,FULL,FULL_direct_poly_rank_3
11,0.78,3.5,0.05,0.0417499999999999,0.0417499999999999,0.0354980845491272,1.4285714285714286,0.0772480845491271,4.004659571873231,0.0417499999999999,0.0318344615621895,1.4285714285714286,0.0735844615621894,4.50203132544662,-0.0036636229869377035,0.0036636229869377035,-0.0036636229869377035,0.0036636229869377035,0.4973717535733897,0.4973717535733897,0.0005654481689697,0.0003016013966651,0.9933978063793906,True,True,True,True,FULL,FULL_direct_poly_rank_3
12,1.25,3.5,0.04,0.034,0.034,0.0670624339164287,1.4285714285714286,0.1010624339164287,2.366794324621144,0.034,0.0569761453272862,1.4285714285714286,0.0909761453272862,2.5941081856631687,-0.010086288589142504,0.010086288589142504,-0.010086288589142497,0.010086288589142497,0.2273138610420249,0.2273138610420249,0.0004637549984671,0.0002785178327598,0.9948582435558928,True,True,True,True,FULL,FULL_direct_poly_rank_3
13,1.8,4.0,0.035,0.033,0.033,0.0334302203204883,1.25,0.0664302203204883,2.0972939397426664,0.033,0.0285218431580068,1.25,0.0615218431580068,2.2851284177471967,-0.004908377162481499,0.004908377162481499,-0.004908377162481499,0.004908377162481499,0.18783447800453024,0.18783447800453024,0.0003850674603902,0.0002122689760416,0.9961460785213848,True,True,True,True,FULL,FULL_direct_poly_rank_3
15,1.64,10.5,4.17,3.725,3.725,1.1700588885069725,0.4761904761904761,4.895058888506973,2.4309486751406535,3.725,1.2740152643332388,0.4761904761904761,4.999015264333239,2.186836877040731,0.10395637582626627,0.10395637582626627,0.10395637582626627,0.10395637582626627,-0.24411179809992234,0.24411179809992234,0.0336164554417554,0.0151050042037305,0.9956772201112064,True,True,True,True,FULL,FULL_direct_poly_rank_3
16,1.61,10.5,13.41,12.8475,12.8475,1.3946189571869354,0.4761904761904761,14.242118957186936,3.178145408783804,12.8475,1.763667234030308,0.4761904761904761,14.611167234030308,2.510022766158207,0.3690482768433725,0.3690482768433725,0.3690482768433725,0.3690482768433725,-0.6681226426255971,0.6681226426255971,0.2261232218482936,0.0844483987618255,0.98075278146469,True,True,True,True,FULL,FULL_direct_poly_rank_3
17,2.76,10.5,3.72,3.5425,3.5425,0.8694826394566157,0.4761904761904761,4.411982639456616,1.5814976920825412,3.5425,0.9285807452191768,0.4761904761904761,4.471080745219177,1.496022402660873,0.059098105762561026,0.059098105762561026,0.059098105762561026,0.059098105762561026,-0.08547528942166815,0.08547528942166815,0.0192540918132983,0.0087118491523296,0.9987738528318624,True,True,True,True,FULL,FULL_direct_poly_rank_3
18,3.07,10.5,12.57,12.4375,12.4375,0.7124450836759753,0.4761904761904761,13.149945083675975,1.9539451798171723,12.4375,1.1042256099413574,0.4761904761904761,13.541725609941356,1.5301851667653594,0.3917805262653822,0.3917805262653822,0.3917805262653804,0.3917805262653804,-0.4237600130518129,0.4237600130518129,0.2830906020218175,0.116264185699486,0.9766185079293328,True,True,True,True,FULL,FULL_direct_poly_rank_3
19,1.55,12.0,1.02,0.8525,0.8525,0.3782821788444106,0.4166666666666667,1.2307821788444109,2.3791759662313843,0.8525,0.3980250861867624,0.4166666666666667,1.2505250861867625,2.2025650104493795,0.01974290734235179,0.01974290734235179,0.019742907342351623,0.019742907342351623,-0.1766109557820048,0.1766109557820048,0.0057160783117202,0.0026949550720781,0.9976897795753022,True,True,True,True,FULL,FULL_direct_poly_rank_3
20,1.71,12.0,2.57,1.7327500000000002,1.7327500000000002,2.210315622373947,0.4166666666666667,3.9430656223739473,1.6207235717983703,1.7327500000000002,2.27687673187284,0.4166666666666667,4.0096267318728405,1.5578496034565463,0.06656110949889271,0.06656110949889271,0.06656110949889316,0.06656110949889316,-0.06287396834182402,0.06287396834182402,0.0089297319586038,0.0054813530551067,0.9993569110688496,True,True,True,True,FULL,FULL_direct_poly_rank_3
21,1.67,12.0,7.53,5.32,5.32,5.617172562155661,0.4166666666666667,10.93717256215566,1.7473164085592403,5.32,5.7941666138852845,0.4166666666666667,11.114166613885285,1.6735902424974396,0.1769940517296238,0.1769940517296238,0.17699405172962557,0.17699405172962557,-0.07372616606180071,0.07372616606180071,0.0273014492064142,0.016034905330178,0.999235789061396,True,True,True,True,FULL,FULL_direct_poly_rank_3
22,1.67,12.0,19.67,18.994999999999997,18.994999999999997,1.5273740416856256,0.4166666666666667,20.522374041685623,3.2739688179792332,18.994999999999997,1.9836605396799063,0.4166666666666667,20.978660539679904,2.5157652390777283,0.45628649799428067,0.45628649799428067,0.4562864979942809,0.4562864979942809,-0.7582035789015049,0.7582035789015049,0.3501778303150219,0.1214184517500912,0.9770827066126516,True,True,True,True,FULL,FULL_direct_poly_rank_3
23,0.84,16.0,8.44,7.47,7.47,1.3255582927799532,0.3125,8.795558292779953,6.166176834932969,7.47,1.3300480799037144,0.3125,8.800048079903714,6.086537531970761,0.004489787123761246,0.004489787123761246,0.004489787123761246,0.004489787123761246,-0.07963930296220845,0.07963930296220845,0.0044602693327397,0.0011685800814217,0.9999700161331344,True,True,True,True,FULL,FULL_direct_poly_rank_3
24,1.81,16.0,7.62,7.29,7.29,0.6419185077225471,0.3125,7.931918507722547,3.0024433868829834,7.29,0.6322034860576276,0.3125,7.922203486057628,3.0977163066366455,-0.009715021664919554,0.009715021664919554,-0.009715021664919554,0.009715021664919554,0.09527291975366214,0.09527291975366214,0.0144064154305911,0.004048811745644,0.999710361898763,True,True,True,True,FULL,FULL_direct_poly_rank_3
27,0.87,3.25,2.35,1.9075,1.9075,2.7034029995062916,1.5384615384615383,4.610902999506291,3.276941309100947,1.9075,2.382689622572789,1.5384615384615383,4.290189622572789,3.630019494981437,-0.32071337693350266,0.32071337693350266,-0.32071337693350266,0.32071337693350266,0.3530781858804901,0.3530781858804901,0.0260790078817733,0.0154512874658348,0.9944141111966645,True,True,True,True,FULL,FULL_direct_poly_rank_3
28,0.13,1.325,1.02,0.6675,0.6675,0.6738254010838505,3.7735849056603774,1.3413254010838505,23.891608655167115,0.6675,0.7216686752053341,3.7735849056603774,1.389168675205334,21.10579206087596,0.04784327412148359,0.04784327412148359,0.04784327412148359,0.04784327412148359,-2.7858165942911555,2.7858165942911555,0.0094593800864255,0.0053766683257209,0.994852850915406,True,True,True,True,FULL,FULL_direct_poly_rank_3
29,0.6,2.425,4.93,4.2975,4.2975,3.110870023650559,2.061855670103093,7.408370023650559,5.517814597970529,4.2975,2.8089104413790587,2.061855670103093,7.106410441379059,6.101474157604477,-0.30195958227150044,0.30195958227150044,-0.30195958227150044,0.30195958227150044,0.583659559633948,0.583659559633948,0.0490102146299224,0.0254347891511707,0.9952300991784938,True,True,True,True,FULL,FULL_direct_poly_rank_3
30,2.17,3.85,16.37,14.955,14.955,60.674147880173095,1.2987012987012987,75.6291478801731,1.6284330431129306,14.955,56.00035297179224,1.2987012987012987,70.95535297179224,1.661306181060473,-4.673794908380856,4.673794908380856,-4.673794908380856,4.673794908380856,0.03287313794754243,0.03287313794754243,0.0574107046557553,0.0350863830852263,0.9996351896290232,True,True,True,True,FULL,FULL_direct_poly_rank_3
31,0.24,1.275,0.66,0.475,0.475,0.6758571313827281,3.9215686274509807,1.150857131382728,11.17767536247715,0.475,0.6927734345830757,3.9215686274509807,1.1677734345830757,10.902910200547415,0.01691630320034765,0.01691630320034765,0.01691630320034765,0.01691630320034765,-0.274765161929734,0.274765161929734,0.0015773270928354,0.0010064664424215,0.9997109762520632,True,True,True,True,FULL,FULL_direct_poly_rank_3
32,0.3,2.175,4.71,4.1925,4.1925,1.211168346774408,2.298850574712644,5.403668346774408,13.642584509493682,4.1925,1.1965435074514907,2.298850574712644,5.389043507451491,13.916385121214535,-0.01462483932291736,0.01462483932291736,-0.01462483932291736,0.01462483932291736,0.2738006117208531,0.2738006117208531,0.0067678787206313,0.002714099080863,0.9998510963694152,True,True,True,True,FULL,FULL_direct_poly_rank_3
33,2.26,4.125,16.14,11.3475,11.3475,422.7987490320256,1.2121212121212122,434.1462490320256,1.3091974223177918,11.3475,572.6942058669031,1.2121212121212122,584.041705866903,1.2821801063346037,149.89545683487745,149.89545683487745,149.89545683487745,149.89545683487745,-0.027017315983188128,0.027017315983188128,0.1062460778813488,0.069995144234082,0.9991506041753312,True,True,True,True,FULL,FULL_direct_poly_rank_3
34,0.47,1.525,1.07,0.6975,0.6975,4.0455139668571585,3.278688524590164,4.743013966857158,4.812842755740618,0.6975,4.5525549738843605,3.278688524590164,5.25005497388436,4.606104787202959,0.507041007027202,0.507041007027202,0.507041007027202,0.507041007027202,-0.20673796853765936,0.20673796853765936,0.0063927914839875,0.0048376575124716,0.9988004924236792,True,True,True,True,FULL,FULL_direct_poly_rank_3
35,0.47,2.2,4.91,4.25,4.25,2.5915991927768687,2.2727272727272725,6.841599192776869,7.213346651196478,4.25,2.37606284002041,2.2727272727272725,6.62606284002041,7.96969136094673,-0.21553635275645888,0.21553635275645888,-0.21553635275645888,0.21553635275645888,0.7563447097502527,0.7563447097502527,0.0451391597527375,0.0224267081290905,0.9954811346202762,True,True,True,True,FULL,FULL_direct_poly_rank_3
36,1.48,3.625,14.91,14.235,14.235,8.232456046268986,1.3793103448275863,22.467456046268985,2.7321098339023515,14.235,8.399474388890322,1.3793103448275863,22.63447438889032,2.7009080871865887,0.1670183426213363,0.1670183426213363,0.1670183426213363,0.1670183426213363,-0.031201746715762813,0.031201746715762813,0.0195624244928944,0.0103785082561048,0.999942346842266,True,True,True,True,FULL,FULL_direct_poly_rank_3
37,0.11,1.325,0.89,0.5625,0.5625,0.5639971811696873,3.7735849056603774,1.1264971811696871,29.2958502513531,0.5625,0.6202964022126101,3.7735849056603774,1.18279640221261,24.255344024955487,0.05629922104292273,0.05629922104292273,0.05629922104292295,0.05629922104292295,-5.040506226397614,5.040506226397614,0.0119367693301163,0.0067376755317048,0.9892559974962702,True,True,True,True,FULL,FULL_direct_poly_rank_3
38,0.26,2.175,5.3,4.1,4.1,2.5910971306331803,2.298850574712644,6.69109713063318,13.042743993933716,4.1,2.532366524448575,2.298850574712644,6.6323665244485746,13.60413216520192,-0.05873060618460535,0.05873060618460535,-0.05873060618460535,0.05873060618460535,0.5613881712682041,0.5613881712682041,0.0163507315939862,0.0078816183511563,0.9993190541109817,True,True,True,True,FULL,FULL_direct_poly_rank_3
39,0.54,3.35,15.9,14.4675,14.4675,3.852469877296928,1.4925373134328357,18.319969877296927,7.688914610134782,14.4675,3.7097585638083097,1.4925373134328357,18.17725856380831,8.137296473093903,-0.14271131348861843,0.14271131348861843,-0.14271131348861843,0.14271131348861843,0.4483818629591205,0.4483818629591205,0.0695812808012379,0.0277981804368695,0.9987530836903888,True,True,True,True,FULL,FULL_direct_poly_rank_3
40,0.3,1.35,0.88,0.635,0.635,1.1651130574348498,3.7037037037037033,1.8001130574348498,8.547982610717572,0.635,1.1875440136825466,3.7037037037037033,1.8225440136825464,8.416178654232954,0.022430956247696754,0.022430956247696754,0.022430956247696532,0.022430956247696532,-0.1318039564846174,0.1318039564846174,0.0014215046594932,0.0009490781148613,0.9998795728992126,True,True,True,True,FULL,FULL_direct_poly_rank_3
41,0.38,2.175,5.2,4.3975,4.3975,2.452688320111813,2.298850574712644,6.850188320111813,9.031706106944794,4.3975,2.2866011272696865,2.298850574712644,6.684101127269686,9.9556876426033,-0.16608719284212636,0.16608719284212636,-0.16608719284212636,0.16608719284212636,0.9239815356585055,0.9239815356585055,0.0428076264118739,0.0204685654400759,0.9958599283782862,True,True,True,True,FULL,FULL_direct_poly_rank_3
42,0.71,3.35,16.28,14.8375,14.8375,5.373344828404187,1.4925373134328357,20.210844828404188,5.457009220110153,14.8375,4.968593392286463,1.4925373134328357,19.806093392286463,6.001489583675578,-0.40475143611772424,0.40475143611772424,-0.40475143611772424,0.40475143611772424,0.544480363565425,0.544480363565425,0.1373984974773254,0.0609163591502098,0.996180504823394,True,True,True,True,FULL,FULL_direct_poly_rank_3
43,0.88,1.475,0.58,0.535,0.535,2.3643732180319175,3.389830508474576,2.8993732180319176,4.157276354583812,0.535,3.127906661810796,3.389830508474576,3.662906661810797,3.949054326260392,0.7635334437788783,0.7635334437788783,0.7635334437788792,0.7635334437788792,-0.20822202832341974,0.20822202832341974,0.0052690186126579,0.0032677713452661,0.9976207838006652,True,True,True,True,FULL,FULL_direct_poly_rank_3
44,1.5,2.625,3.89,3.6325,3.6325,10.486129835864666,1.9047619047619049,14.118629835864668,2.474961892115721,3.6325,11.215044484734424,1.9047619047619049,14.847544484734424,2.4321166312077427,0.7289146488697575,0.7289146488697575,0.7289146488697558,0.7289146488697558,-0.04284526090797813,0.04284526090797813,0.0108384601160582,0.0065726335833443,0.9997755119840196,True,True,True,True,FULL,FULL_direct_poly_rank_3
45,2.87,4.1,13.67,13.42,13.42,16.705556614946417,1.2195121951219514,30.12555661494642,1.6634039681803665,13.42,21.86145317267149,1.2195121951219514,35.28145317267149,1.552114488126797,5.155896557725072,5.155896557725072,5.155896557725072,5.155896557725072,-0.11128948005356953,0.11128948005356953,0.1273832284867417,0.0729403247962227,0.997619465427018,True,True,True,True,FULL,FULL_direct_poly_rank_3
46,0.79,1.5,0.8,0.665,0.665,6.166849946093346,3.3333333333333335,6.831849946093346,3.9230290740544778,0.665,7.980777420268862,3.3333333333333335,8.645777420268862,3.7745051914128025,1.8139274741755163,1.8139274741755163,1.8139274741755163,1.8139274741755163,-0.14852388264167526,0.14852388264167526,0.0062697921521572,0.0040391514042056,0.9981513106229764,True,True,True,True,FULL,FULL_direct_poly_rank_3
47,0.6,2.175,5.04,4.655,4.655,2.141531174694559,2.298850574712644,6.796531174694559,6.310564627174357,4.655,2.0394890725420973,2.298850574712644,6.694489072542098,6.589222974954028,-0.10204210215246157,0.10204210215246157,-0.10204210215246157,0.10204210215246157,0.2786583477796709,0.2786583477796709,0.021569933372194,0.0105435907543913,0.9991909993812846,True,True,True,True,FULL,FULL_direct_poly_rank_3
48,2.37,4.125,16.38,14.3675,14.3675,112.7264689844744,1.2121212121212122,127.0939689844744,1.4228254925840296,14.3675,101.78593105514553,1.2121212121212122,116.15343105514552,1.44938478668772,-10.940537929328869,10.940537929328869,-10.940537929328883,10.940537929328883,0.02655929410369051,0.02655929410369051,0.0642683022907771,0.0401717392041888,0.999545296866704,True,True,True,True,FULL,FULL_direct_poly_rank_3
49,1.46,2.566666666666667,4.68,4.1066666666666665,4.1066666666666665,30.593215473314466,1.948051948051948,34.69988213998113,2.300589855794831,4.1066666666666665,31.678773387686075,1.948051948051948,35.78544005435274,2.286744446208624,1.0855579143716092,1.0855579143716092,1.0855579143716128,1.0855579143716128,-0.013845409586207058,0.013845409586207058,0.0057808811595033,0.0036274390039947,0.9999546524635032,True,True,True,True,FULL,FULL_direct_poly_rank_3
50,4.16,4.75,15.04,14.775,14.775,58.5314735148253,1.0526315789473684,73.3064735148253,1.2144266984360343,14.775,55.107950927106,1.0526315789473684,69.882950927106,1.2260094073987502,-3.4235225877192974,3.4235225877192974,-3.4235225877193045,3.4235225877193045,0.011582708962715849,0.011582708962715849,0.0249539075016937,0.0135981319699592,0.999913796524789,True,True,True,True,FULL,FULL_direct_poly_rank_3
51,1.26,1.85,0.94,0.785,0.785,27.151829140946248,2.702702702702702,27.936829140946248,2.8751003676389564,0.785,37.59356913306738,2.702702702702702,38.37856913306738,2.824368202738429,10.441739992121136,10.441739992121136,10.441739992121132,10.441739992121132,-0.050732164900527454,0.050732164900527454,0.0061378272382074,0.0037946057115574,0.9990432816949154,True,True,True,True,FULL,FULL_direct_poly_rank_3
52,3.13,4.466666666666667,15.58,14.793333333333337,14.793333333333337,75.02328336156236,1.1194029850746268,89.8166166948957,1.313812712287742,14.793333333333337,65.3579407410201,1.1194029850746268,80.15127407435344,1.3478345453549598,-9.665342620542262,9.665342620542262,-9.665342620542262,9.665342620542262,0.03402183306721773,0.03402183306721773,0.078153973793678,0.0460559798300467,0.9992603739907387,True,True,True,True,FULL,FULL_direct_poly_rank_3
53,1.15,1.85,0.71,0.65,0.65,3.9933470021604136,2.702702702702702,4.6433470021604135,3.19021506632708,0.65,4.765826679512235,2.702702702702702,5.415826679512235,3.1016392267823236,0.772479677351821,0.772479677351821,0.7724796773518214,0.7724796773518214,-0.08857583954475645,0.08857583954475645,0.0040112665647829,0.0025021479545857,0.999090080856269,True,True,True,True,FULL,FULL_direct_poly_rank_3
54,0.35,2.175,4.68,4.205,4.205,1.283914851902833,2.298850574712644,5.488914851902833,11.46515887900422,4.205,1.240425145295628,2.298850574712644,5.445425145295628,12.065655189827307,-0.04348970660720486,0.04348970660720486,-0.04348970660720486,0.04348970660720486,0.6004963108230879,0.6004963108230879,0.0185903430534909,0.0076971385414417,0.998971227311511,True,True,True,True,FULL,FULL_direct_poly_rank_3
55,0.63,3.85,16.18,14.365,14.365,5.024596391351091,1.2987012987012987,19.38959639135109,6.152370825583352,14.365,4.79059507988144,1.2987012987012987,19.15559507988144,6.60425070223793,-0.23400131146965109,0.23400131146965109,-0.23400131146965109,0.23400131146965109,0.4518798766545782,0.4518798766545782,0.0908134123623008,0.0386256830915005,0.9979699476939016,True,True,True,True,FULL,FULL_direct_poly_rank_3
56,0.45,1.5666666666666669,0.87,0.6366666666666667,0.6366666666666667,1.8543711063769357,3.191489361702127,2.4910377730436024,5.520751658815112,0.6366666666666667,1.9004273404489993,3.191489361702127,2.537094007115666,5.447253370588159,0.04605623407206361,0.04605623407206361,0.04605623407206361,0.04605623407206361,-0.07349828822695326,0.07349828822695326,0.0013874920924069,0.0009663948121327,0.9998973249465432,True,True,True,True,FULL,FULL_direct_poly_rank_3
57,0.58,2.175,5.35,4.42,4.42,5.5363451785319135,2.298850574712644,9.956345178531912,5.059116621676996,4.42,5.038164689109783,2.298850574712644,9.458164689109784,5.462183755617273,-0.4981804894221309,0.4981804894221309,-0.49818048942212734,0.49818048942212734,0.4030671339402776,0.4030671339402776,0.0435399161311567,0.0254443684555044,0.9969719693121898,True,True,True,True,FULL,FULL_direct_poly_rank_3
58,0.94,3.875,16.28,13.935,13.935,11.349260923481204,1.2903225806451613,25.28426092348121,3.405427164282276,13.935,10.115722834960858,1.2903225806451613,24.050722834960855,3.820790747495047,-1.233538088520346,1.233538088520346,-1.2335380885203548,1.2335380885203548,0.41536358321277067,0.41536358321277067,0.1861323366808339,0.0984175387189644,0.9936030499877788,True,True,True,True,FULL,FULL_direct_poly_rank_3
59,0.13,1.5666666666666669,0.97,0.8033333333333333,0.8033333333333333,0.2782264175865835,3.191489361702127,1.0815597509199169,31.910981063129015,0.8033333333333333,0.315986314298636,3.191489361702127,1.1193196476319691,25.24979124506752,0.03775989671205249,0.03775989671205249,0.037759896712052265,0.037759896712052265,-6.661189818061494,6.661189818061494,0.0134059635780148,0.0059462918747072,0.9825869394136296,True,True,True,True,FULL,FULL_direct_poly_rank_3
60,2.38,2.85,5.22,4.84,4.84,137.35939252357494,1.7543859649122806,142.19939252357494,1.8523237169572588,4.84,130.46935398747323,1.7543859649122806,135.30935398747323,1.8579777811990772,-6.890038536101713,6.890038536101713,-6.890038536101713,6.890038536101713,0.005654064241818357,0.005654064241818357,0.005722710865174,0.003248135879877,0.9999649716189126,True,True,True,True,FULL,FULL_direct_poly_rank_3
61,2.68,4.125,16.95,15.5375,15.5375,116.71406105996982,1.2121212121212122,132.25156105996982,1.3981039630569712,15.5375,101.87399305881124,1.2121212121212122,117.41149305881125,1.4298936778664113,-14.840068001158585,14.840068001158585,-14.84006800115857,14.84006800115857,0.03178971480944015,0.03178971480944015,0.0843306104430138,0.0516278274701814,0.9992840881706682,True,True,True,True,FULL,FULL_direct_poly_rank_3
62,0.71,1.6,1.14,0.9133333333333334,0.9133333333333334,5.696830896813862,3.125,6.610164230147195,3.976020028848459,0.9133333333333334,6.721179410428061,3.125,7.634512743761394,3.827333058910975,1.024348513614199,1.024348513614199,1.024348513614199,1.024348513614199,-0.14868696993748376,0.14868696993748376,0.0071483157837431,0.0047349654262166,0.9986990312257172,True,True,True,True,FULL,FULL_direct_poly_rank_3
63,0.76,2.2,5.03,4.68,4.68,3.0326428857358856,2.2727272727272725,7.712642885735885,4.87933520201715,4.68,3.0036407788510573,2.2727272727272725,7.683640778851057,4.910748472612878,-0.029002106884828294,0.029002106884828294,-0.029002106884828294,0.029002106884828294,0.03141327059572774,0.03141327059572774,0.0035108463626708,0.0018589283522422,0.9999816412119548,True,True,True,True,FULL,FULL_direct_poly_rank_3
64,2.73,4.125,15.88,13.97,13.97,220.02903798852773,1.2121212121212122,233.99903798852773,1.3339956390040135,13.97,193.3776857258377,1.2121212121212122,207.3476857258377,1.3530695969081907,-26.65135226269004,26.65135226269004,-26.65135226269004,26.65135226269004,0.019073957904177208,0.019073957904177208,0.063599603468074,0.0392273368656986,0.9995556347834674,True,True,True,True,FULL,FULL_direct_poly_rank_3
65,0.63,1.5666666666666669,1.42,0.9733333333333332,0.9733333333333332,10.644929502666052,3.191489361702127,11.618262835999383,3.927118476960182,0.9733333333333332,13.973534930989224,3.191489361702127,14.946868264322555,3.7313130388400046,3.328605428323172,3.328605428323172,3.328605428323172,3.328605428323172,-0.19580543812017748,0.19580543812017748,0.0126186504805905,0.0090663421374098,0.997674574257974,True,True,True,True,FULL,FULL_direct_poly_rank_3
66,0.34,2.175,5.0,4.24,4.24,2.0482757543105174,2.298850574712644,6.288275754310518,10.49368724913285,4.24,1.9427685978205431,2.298850574712644,6.182768597820544,11.378196605155004,-0.10550715648997433,0.10550715648997433,-0.10550715648997322,0.10550715648997322,0.8845093560221535,0.8845093560221535,0.0322337141201929,0.014745601814786,0.9972649352347368,True,True,True,True,FULL,FULL_direct_poly_rank_3
67,3.13,4.533333333333333,14.91,14.596666666666666,14.596666666666666,20.35467702287054,1.1029411764705883,34.951343689537204,1.4882877719989878,14.596666666666666,23.675631323626455,1.1029411764705883,38.27229799029312,1.4292155331384573,3.320954300755915,3.320954300755915,3.320954300755915,3.320954300755915,-0.05907223886053048,0.05907223886053048,0.0842748037948084,0.0484701153022341,0.999125169839137,True,True,True,True,FULL,FULL_direct_poly_rank_3
68,0.49,1.5666666666666669,0.79,0.63,0.63,1.4068332196782207,3.191489361702127,2.0368332196782206,5.5461514668738845,0.63,1.43264242710795,3.191489361702127,2.0626424271079498,5.4914729160662095,0.025809207429729364,0.025809207429729364,0.025809207429729142,0.025809207429729142,-0.05467855080767503,0.05467855080767503,0.0009201597043109,0.0006010483653378,0.9999444948004448,True,True,True,True,FULL,FULL_direct_poly_rank_3
69,1.69,2.566666666666667,5.04,4.426666666666667,4.426666666666667,69.19774278410341,1.948051948051948,73.62440945077007,2.1459242646578933,4.426666666666667,74.07054607890889,1.948051948051948,78.49721274557555,2.131514807572185,4.872803294805479,4.872803294805479,4.872803294805479,4.872803294805479,-0.01440945708570851,0.01440945708570851,0.0094106594374312,0.0058352901985733,0.9999035985885668,True,True,True,True,FULL,FULL_direct_poly_rank_3
70,3.12,4.466666666666667,16.37,15.163333333333334,15.163333333333334,137.96164146287623,1.1194029850746268,153.12497479620956,1.2614658876838951,15.163333333333334,112.39629516277073,1.1194029850746268,127.55962849610404,1.299458728758439,-25.565346300105503,25.565346300105503,-25.565346300105517,25.565346300105517,0.037992841074543815,0.037992841074543815,0.1153336329094347,0.068818350760971,0.998520637590391,True,True,True,True,FULL,FULL_direct_poly_rank_3
71,0.18,1.5666666666666669,0.87,0.6,0.6,0.5778652142592701,3.191489361702127,1.17786521425927,16.988625203858206,0.6,0.586050409116304,3.191489361702127,1.186050409116304,16.58273299605601,0.00818519485703395,0.00818519485703395,0.00818519485703395,0.00818519485703395,-0.4058922078021965,0.4058922078021965,0.0016266151740476,0.0009001448362751,0.999785437350684,True,True,True,True,FULL,FULL_direct_poly_rank_3
72,0.42,2.175,5.1,3.8825,3.8825,4.482035276937978,2.298850574712644,8.364535276937978,6.759501195047857,3.8825,4.089314837510125,2.298850574712644,7.971814837510125,7.513662336648709,-0.39272043942785295,0.39272043942785295,-0.39272043942785295,0.39272043942785295,0.7541611416008518,0.7541611416008518,0.0511171829244272,0.0294343384511503,0.9946513587627768,True,True,True,True,FULL,FULL_direct_poly_rank_3
73,1.09,3.85,15.19,13.3025,13.3025,11.821633061680007,1.2987012987012987,25.12413306168001,2.9737453064844868,13.3025,10.510688615437704,1.2987012987012987,23.813188615437703,3.2836929279884037,-1.3109444462423028,1.3109444462423028,-1.3109444462423063,1.3109444462423063,0.30994762150391697,0.30994762150391697,0.1593442157322515,0.08605844038183,0.9951587485487604,True,True,True,True,FULL,FULL_direct_poly_rank_3
74,0.47,1.5666666666666669,0.66,0.5066666666666667,0.5066666666666667,1.2794449424210406,3.191489361702127,1.7861116090877074,5.540134014051035,0.5066666666666667,1.3048355230083537,3.191489361702127,1.8115021896750203,5.480852715839211,0.02539058058731314,0.02539058058731314,0.025390580587312916,0.025390580587312916,-0.059281298211824485,0.059281298211824485,0.0008377072465768,0.0005638766332281,0.9999339216518968,True,True,True,True,FULL,FULL_direct_poly_rank_3
75,0.57,2.175,4.24,4.0125,4.0125,1.1193350008113887,2.298850574712644,5.131835000811389,7.4273022742503985,4.0125,1.108115148411886,2.298850574712644,5.120615148411886,7.496300943802142,-0.011219852399502628,0.011219852399502628,-0.011219852399502628,0.011219852399502628,0.0689986695517435,0.0689986695517435,0.003701389562856,0.0016711334935475,0.999965101771668,True,True,True,True,FULL,FULL_direct_poly_rank_3
76,4.13,4.7,14.9,13.285,13.285,1213.8760619263403,1.0638297872340423,1227.1610619263406,1.0940505167399543,13.285,759.2895580290881,1.0638297872340423,772.574558029088,1.1137716404301712,-454.5865038972522,454.5865038972522,-454.58650389725256,454.58650389725256,0.019721123690216835,0.019721123690216835,0.1580292430254996,0.0884207647198115,0.9980732141789104,True,True,True,True,FULL,FULL_direct_poly_rank_3
77,0.18,1.5666666666666669,0.88,0.4966666666666666,0.4966666666666666,0.8494890683979475,3.191489361702127,1.346155735064614,14.732448429095294,0.4966666666666666,0.8472742246398004,3.191489361702127,1.343940891306467,14.796757558290912,-0.002214843758147067,0.002214843758147067,-0.002214843758147067,0.002214843758147067,0.06430912919561749,0.06430912919561749,0.0003337145068058,0.0002053307268809,0.9999938005746654,True,True,True,True,FULL,FULL_direct_poly_rank_3
78,1.25,2.566666666666667,4.37,3.77,3.77,17.6011784506471,1.948051948051948,21.3711784506471,2.4976694597033373,3.77,17.578871847778807,1.948051948051948,21.34887184777881,2.498495566035878,-0.022306602868294334,0.022306602868294334,-0.02230660286829078,0.02230660286829078,0.0008261063325405438,0.0008261063325405438,0.0002398063319271,0.0001506186411796,0.9999999027733264,True,True,True,True,FULL,FULL_direct_poly_rank_3
79,3.62,4.5,14.62,13.843333333333334,13.843333333333334,173.78668847200146,1.1111111111111112,187.6300218053348,1.2115644521301927,13.843333333333334,129.67011277754185,1.1111111111111112,143.51344611087518,1.2515675315249983,-44.11657569445961,44.11657569445961,-44.11657569445961,44.11657569445961,0.04000307939480563,0.04000307939480563,0.1269045919509068,0.0721764775108155,0.9976079301059608,True,True,True,True,FULL,FULL_direct_poly_rank_3
80,0.11,1.5633333333333332,1.04,0.5006666666666667,0.5006666666666667,0.863642983300683,3.1982942430703627,1.3643096499673495,27.24084861115649,0.5006666666666667,0.9121702506255768,3.1982942430703627,1.4128369172922437,23.867839773014808,0.048527267324893764,0.048527267324893764,0.04852726732489421,0.04852726732489421,-3.3730088381416827,3.3730088381416827,0.0101211699389097,0.0058702890015604,0.996243462949286,True,True,True,True,FULL,FULL_direct_poly_rank_3
81,0.23,2.1775,4.79,3.54875,3.54875,2.4552355004571034,2.296211251435132,6.003985500457103,14.649101403235154,3.54875,2.4416662301056737,2.296211251435132,5.990416230105674,14.81099144427606,-0.01356927035142963,0.01356927035142963,-0.01356927035142963,0.01356927035142963,0.1618900410409072,0.1618900410409072,0.003709136461142,0.0018220177708844,0.9999570187489898,True,True,True,True,FULL,FULL_direct_poly_rank_3
82,0.39,3.9275,14.13,12.93,12.93,2.178980729198466,1.273074474856779,15.108980729198466,12.268593789286898,12.93,2.4147555059650294,1.273074474856779,15.34475550596503,10.361530873754973,0.23577477676656322,0.23577477676656322,0.23577477676656322,0.23577477676656322,-1.9070629155319256,1.9070629155319256,0.1428775443151276,0.0508862709521892,0.991112159580898,True,True,True,True,FULL,FULL_direct_poly_rank_3
83,0.21,1.5566666666666666,0.75,0.4896666666666667,0.4896666666666667,0.6541837303857423,3.211991434689508,1.143850397052409,13.109251845364824,0.4896666666666667,0.6476671089029691,3.211991434689508,1.1373337755696358,13.303947663864706,-0.0065166214827732105,0.0065166214827732105,-0.0065166214827732105,0.0065166214827732105,0.19469581849988238,0.19469581849988238,0.0009592899493404,0.0005772851619694,0.9999152399818878,True,True,True,True,FULL,FULL_direct_poly_rank_3
84,1.52,2.19,4.53,3.98,3.98,84.48453784563569,2.2831050228310503,88.46453784563569,2.4678705594788535,3.98,98.03874578345284,2.2831050228310503,102.01874578345286,2.440122347888193,13.554207937817154,13.554207937817154,13.554207937817168,13.554207937817168,-0.027748211590660432,0.027748211590660432,0.0159202844166624,0.0097022386365185,0.9996676081527508,True,True,True,True,FULL,FULL_direct_poly_rank_3
85,0.46,3.86,15.2,13.9425,13.9425,2.582793456166362,1.2953367875647668,16.525293456166363,10.00333623780827,13.9425,2.7080030886576036,1.2953367875647668,16.650503088657604,9.263521761557216,0.1252096324912415,0.1252096324912415,0.1252096324912415,0.1252096324912415,-0.7398144762510537,0.7398144762510537,0.0765913472307281,0.027798136830112,0.997998506877172,True,True,True,True,FULL,FULL_direct_poly_rank_3
86,1.14,1.85,0.47,0.4455,0.4455,1.2635859558868447,2.702702702702702,1.7090859558868448,3.448989911906233,0.4455,1.637406624549381,2.702702702702702,2.082906624549381,3.259765536494531,0.37382066866253627,0.37382066866253627,0.37382066866253627,0.37382066866253627,-0.189224375411702,0.189224375411702,0.0042514131836481,0.0025988722413521,0.9977359114735852,True,True,True,True,FULL,FULL_direct_poly_rank_3
87,1.53,2.29,3.84,3.5879999999999996,3.5879999999999996,21.229112109709114,2.1834061135371177,24.817112109709115,2.5522940611621228,3.5879999999999996,24.2325283720169,2.1834061135371177,27.820528372016906,2.5008599794717346,3.0034162623077876,3.0034162623077876,3.003416262307791,3.003416262307791,-0.05143408169038821,0.05143408169038821,0.0156258124695113,0.0094715843140885,0.9995182076436736,True,True,True,True,FULL,FULL_direct_poly_rank_3
89,0.31,1.5733333333333333,0.64,0.434,0.434,0.831446191232911,3.1779661016949152,1.265446191232911,8.046929532076042,0.434,0.8090180815381476,3.1779661016949152,1.2430180815381475,8.25884698269512,-0.022428109694763387,0.022428109694763387,-0.022428109694763387,0.022428109694763387,0.21191745061907774,0.21191745061907774,0.0017045929378415,0.0011335774962321,0.9996778511891892,True,True,True,True,FULL,FULL_direct_poly_rank_3
90,0.44,2.0033333333333334,4.09,3.8813333333333335,3.8813333333333335,0.7845727106922662,2.4958402662229617,4.6659060440256,10.177837650659969,3.8813333333333335,0.7905498338741137,2.4958402662229617,4.671883167207447,10.09679971154911,0.00597712318184751,0.00597712318184751,0.00597712318184751,0.00597712318184751,-0.08103793911085866,0.08103793911085866,0.00283101853853,0.0011756794441036,0.99997494708876,True,True,True,True,FULL,FULL_direct_poly_rank_3
91,2.56,4.125,14.35,13.695,13.695,33.24347166872315,1.2121212121212122,46.93847166872315,1.5724619149710894,13.695,32.8579626169182,1.2121212121212122,46.5529626169182,1.5773952797081303,-0.3855090518049522,0.3855090518049522,-0.3855090518049522,0.3855090518049522,0.004933364737040868,0.004933364737040868,0.0072313404154202,0.0043561344408837,0.9999930592442908,True,True,True,True,FULL,FULL_direct_poly_rank_3
92,0.1,1.5666666666666669,0.84,0.5786666666666667,0.5786666666666667,0.3913124802400913,3.191489361702127,0.969979146906758,37.39184550372476,0.5786666666666667,0.4509343802709986,3.191489361702127,1.0296010469376653,27.413647405114176,0.05962190003090728,0.05962190003090728,0.05962190003090728,0.05962190003090728,-9.978198098610584,9.978198098610584,0.0156559167327787,0.0081616080982949,0.9736099844521348,True,True,True,True,FULL,FULL_direct_poly_rank_3
93,0.29,2.175,4.72,4.314,4.314,0.9127902034753363,2.298850574712644,5.226790203475336,15.255568277966066,4.314,0.9248304903125568,2.298850574712644,5.238830490312557,14.938978834560556,0.01204028683722047,0.01204028683722047,0.01204028683722047,0.01204028683722047,-0.3165894434055101,0.3165894434055101,0.0068983781136116,0.0025875075550603,0.999842563434021,True,True,True,True,FULL,FULL_direct_poly_rank_3
94,2.24,4.125,16.29,15.185,15.185,36.934910613682646,1.2121212121212122,52.11991061368265,1.6343524111032697,15.185,34.61337887470796,1.2121212121212122,49.79837887470797,1.668393870923774,-2.3215317389746843,2.3215317389746843,-2.3215317389746772,2.3215317389746772,0.03404145982050433,0.03404145982050433,0.0516094990803822,0.0308099355534897,0.999703643112028,True,True,True,True,FULL,FULL_direct_poly_rank_3
95,0.15,1.5666666666666669,1.04,0.515,0.515,1.0180921290257392,3.191489361702127,1.533092129025739,17.824332391452327,0.515,1.027036388282622,3.191489361702127,1.5420363882826218,17.522709719026057,0.008944259256882692,0.008944259256882692,0.008944259256882692,0.008944259256882692,-0.3016226724262694,0.3016226724262694,0.0014992808629701,0.0009148904896695,0.9999223401279964,True,True,True,True,FULL,FULL_direct_poly_rank_3
96,0.32,2.225,5.75,4.01075,4.01075,4.5926707536336835,2.2471910112359548,8.603420753633683,8.90252129065327,4.01075,4.3012048582593465,2.2471910112359548,8.311954858259346,9.843144889071484,-0.291465895374337,0.291465895374337,-0.291465895374337,0.291465895374337,0.9406235984182132,0.9406235984182132,0.049498038875267,0.0279409008360286,0.9958489096804518,True,True,True,True,FULL,FULL_direct_poly_rank_3
97,0.98,3.925,16.9,13.655,13.655,17.423005323734152,1.2738853503184715,31.07800532373415,2.9328424113361327,13.655,15.437691777557836,1.2738853503184715,29.092691777557835,3.266047189427307,-1.9853135461763163,1.9853135461763163,-1.9853135461763145,1.9853135461763145,0.33320477809117444,0.33320477809117444,0.1903369905291156,0.1109311158480918,0.9939966332957368,True,True,True,True,FULL,FULL_direct_poly_rank_3
98,0.12,1.5666666666666669,1.33,0.569,0.569,1.2856106349233354,3.191489361702127,1.854610634923335,23.13000566043724,0.569,1.3184515803597674,3.191489361702127,1.8874515803597671,21.80037484861615,0.03284094543643201,0.03284094543643201,0.03284094543643201,0.03284094543643201,-1.3296308118210902,1.3296308118210902,0.0062732967567674,0.0037334290718215,0.9992693781430328,True,True,True,True,FULL,FULL_direct_poly_rank_3
99,0.38,2.1775,5.29,3.8055,3.8055,4.8847712477868654,2.296211251435132,8.690271247786866,7.231167894086396,3.8055,4.488500686065862,2.296211251435132,8.294000686065862,8.037319340716277,-0.3962705617210034,0.3962705617210034,-0.3962705617210034,0.3962705617210034,0.8061514466298805,0.8061514466298805,0.0520465460468695,0.0306332712546942,0.994889745253456,True,True,True,True,FULL,FULL_direct_poly_rank_3
100,1.12,3.865,15.69,14.2025,14.2025,9.330787016774106,1.2936610608020698,23.533287016774107,3.133851414322128,14.2025,8.428155449377883,1.2936610608020698,22.630655449377883,3.418975887368397,-0.9026315673962237,0.9026315673962237,-0.9026315673962237,0.9026315673962237,0.285124473046269,0.285124473046269,0.1422086988431665,0.0730414387364966,0.996474883670184,True,True,True,True,FULL,FULL_direct_poly_rank_3
101,0.11,1.5599999999999998,1.19,0.5136666666666666,0.5136666666666666,1.0901897584596147,3.2051282051282053,1.6038564251262817,26.190812099681132,0.5136666666666666,1.135124497733416,3.2051282051282053,1.6487911644000826,23.70601400478586,0.044934739273801316,0.044934739273801316,0.04493473927380087,0.04493473927380087,-2.4847980948952717,2.4847980948952717,0.0090657158765411,0.0053345189468186,0.9980214975679216,True,True,True,True,FULL,FULL_direct_poly_rank_3
102,0.33,2.175,5.38,4.15275,4.15275,3.3230952595070686,2.298850574712644,7.475845259507069,9.464816530487427,4.15275,3.1184785150700254,2.298850574712644,7.2712285150700255,10.423969035019796,-0.20461674443704325,0.20461674443704325,-0.20461674443704325,0.20461674443704325,0.9591525045323692,0.9591525045323692,0.0431021585340922,0.0223290776579163,0.9959905639743551,True,True,True,True,FULL,FULL_direct_poly_rank_3
103,0.94,4.6125,15.17,14.2325,14.2325,3.230539541690666,1.0840108401084012,17.463039541690666,4.61254903129243,14.2325,3.1773788326611463,1.0840108401084012,17.409878832661146,4.702570956467413,-0.05316070902951964,0.05316070902951964,-0.05316070902951964,0.05316070902951964,0.09002192517498298,0.09002192517498298,0.0247878207076718,0.0102331485380484,0.9998528146613443,True,True,True,True,FULL,FULL_direct_poly_rank_3
104,0.46,1.61,0.57,0.4153333333333333,0.4153333333333333,1.2195408766373736,3.105590062111801,1.634874209970707,5.380408458094788,0.4153333333333333,1.2393041476891562,3.105590062111801,1.6546374810224895,5.332960471428705,0.01976327105178255,0.01976327105178255,0.01976327105178255,0.01976327105178255,-0.047447986666083075,0.047447986666083075,0.000601348799423,0.0004192114892261,0.9999551259069452,True,True,True,True,FULL,FULL_direct_poly_rank_3
105,0.38,2.1725,3.22,2.8175,2.8175,1.2095551373508462,2.3014959723820483,4.027055137350846,9.674876431868377,2.8175,1.1394101264796306,2.3014959723820483,3.9569101264796305,10.518756512431668,-0.07014501087121561,0.07014501087121561,-0.07014501087121561,0.07014501087121561,0.8438800805632916,0.8438800805632916,0.0222783187352229,0.0100306905544118,0.9970559910502108,True,True,True,True,FULL,FULL_direct_poly_rank_3
106,6.69,7.0,11.06,11.03,11.03,6.769176332863529,0.7142857142857143,17.799176332863528,0.9707346090728766,11.03,6.283524925202064,0.7142857142857143,17.313524925202064,0.9911935818127904,-0.4856514076614644,0.4856514076614644,-0.4856514076614644,0.4856514076614644,0.020458972739913817,0.020458972739913817,0.0278391490550097,0.0140719586350236,0.9998061488978444,True,True,True,True,FULL,FULL_direct_poly_rank_3
107,0.15,1.5566666666666666,0.88,0.5103333333333334,0.5103333333333334,0.7081291518031402,3.211991434689508,1.2184624851364736,19.26598627033951,0.5103333333333334,0.7265998619048833,3.211991434689508,1.2369331952382168,18.328379761036828,0.01847071010174317,0.01847071010174317,0.01847071010174317,0.01847071010174317,-0.9376065093026824,0.9376065093026824,0.003444499682681,0.0020129415688168,0.999258338251098,True,True,True,True,FULL,FULL_direct_poly_rank_3
108,0.24,2.175,5.1,3.69825,3.69825,2.8769666070220197,2.298850574712644,6.5752166070220195,13.53664985652516,3.69825,2.829599274230648,2.298850574712644,6.527849274230648,13.977496469932948,-0.04736733279137173,0.04736733279137173,-0.04736733279137173,0.04736733279137173,0.4408466134077873,0.4408466134077873,0.0119231859128316,0.0060322154853949,0.9996286364446912,True,True,True,True,FULL,FULL_direct_poly_rank_3
109,0.47,3.8575,14.84,13.285,13.285,3.275885261750222,1.2961762799740766,16.560885261750222,9.133208341560495,13.285,3.3427315962089743,1.2961762799740766,16.627731596208974,8.82493843432918,0.06684633445875221,0.06684633445875221,0.06684633445875221,0.06684633445875221,-0.3082699072313151,0.3082699072313151,0.0344101073924442,0.0132419055084416,0.999581579017329,True,True,True,True,FULL,FULL_direct_poly_rank_3
110,0.15,2.1675,1.23,0.6225,0.6225,0.9619833022068238,2.306805074971165,1.584483302206824,20.507804388385548,0.6225,0.98779219312607,2.306805074971165,1.61029219312607,19.1290293623085,0.025808890919246208,0.025808890919246208,0.025808890919245986,0.025808890919245986,-1.3787750260770473,1.3787750260770473,0.0059325188565333,0.0032968248653265,0.9989995361719484,True,True,True,True,FULL,FULL_direct_poly_rank_3
111,0.25,2.165,6.22,4.547499999999999,4.547499999999999,3.553532108811563,2.3094688221709005,8.101032108811562,12.896286747191096,4.547499999999999,3.470546176737969,2.3094688221709005,8.018046176737968,13.479447360332244,-0.08298593207359417,0.08298593207359417,-0.08298593207359417,0.08298593207359417,0.583160613141148,0.583160613141148,0.02044662164844,0.0103728857387388,0.9992723474384376,True,True,True,True,FULL,FULL_direct_poly_rank_3
112,0.46,4.1075,18.37,16.2525,16.2525,4.204330792736471,1.217285453438831,20.456830792736472,9.296747223836368,16.2525,4.378359452753653,1.217285453438831,20.630859452753658,8.663030575301724,0.1740286600171821,0.1740286600171821,0.17402866001718564,0.17402866001718564,-0.6337166485346444,0.6337166485346444,0.08454785016141,0.0329864187512001,0.998272609220438,True,True,True,True,FULL,FULL_direct_poly_rank_3
113,0.21,1.5599999999999998,0.72,0.5333333333333333,0.5333333333333333,0.4530839141628877,3.2051282051282053,0.9864172474962212,14.758619332850811,0.5333333333333333,0.4520057946296446,3.2051282051282053,0.985339127962978,14.812675253499922,-0.0010781195332431048,0.0010781195332431048,-0.0010781195332432159,0.0010781195332432159,0.05405592064911069,0.05405592064911069,0.0002106338968066,0.000114439295605,0.9999945689962042,True,True,True,True,FULL,FULL_direct_poly_rank_3
114,0.46,2.215,4.54,3.755,3.755,3.0550946555112306,2.2573363431151243,6.8100946555112305,6.812602552841997,3.755,2.7797197693693487,2.2573363431151243,6.534719769369349,7.589264992155773,-0.2753748861418819,0.2753748861418819,-0.2753748861418819,0.2753748861418819,0.7766624393137755,0.7766624393137755,0.045860811451654,0.0242816600290323,0.9944947791838424,True,True,True,True,FULL,FULL_direct_poly_rank_3
115,3.02,4.84,14.29,13.226666666666668,13.226666666666668,67.62238227774218,1.0330578512396695,80.84904894440885,1.2379494369579531,13.226666666666668,56.69016543178913,1.0330578512396695,69.9168320984558,1.285567871890915,-10.932216845953043,10.932216845953043,-10.93221684595305,10.93221684595305,0.047618434932961806,0.047618434932961806,0.1071410670828687,0.0658034218079335,0.9984090506884676,True,True,True,True,FULL,FULL_direct_poly_rank_3
116,0.1,1.5533333333333337,1.16,0.5640000000000001,0.5640000000000001,0.912890584776652,3.218884120171673,1.476890584776652,31.1344826944979,0.5640000000000001,0.9821875553580696,3.218884120171673,1.5461875553580695,25.91087506952105,0.0692969705814176,0.0692969705814176,0.06929697058141748,0.06929697058141748,-5.22360762497685,5.22360762497685,0.0150813164075332,0.0086322268086083,0.993019289839798,True,True,True,True,FULL,FULL_direct_poly_rank_3
117,0.28,2.16,4.98,3.80875,3.80875,2.7207253448886286,2.314814814814815,6.5294753448886285,11.627647012732409,3.80875,2.6179169166307084,2.314814814814815,6.426666916630708,12.429171787330311,-0.10280842825792025,0.10280842825792025,-0.10280842825792025,0.10280842825792025,0.8015247745979028,0.8015247745979028,0.0255193378700027,0.0127413033775653,0.998225948520325,True,True,True,True,FULL,FULL_direct_poly_rank_3
118,0.84,3.88,14.83,12.9825,12.9825,7.331910697776193,1.288659793814433,20.314410697776193,4.123242699657944,12.9825,6.654915146436304,1.288659793814433,19.637415146436304,4.615044922215212,-0.6769955513398891,0.6769955513398891,-0.6769955513398891,0.6769955513398891,0.4918022225572676,0.4918022225572676,0.1543140897311972,0.075005736889999,0.9942629581756688,True,True,True,True,FULL,FULL_direct_poly_rank_3
119,0.05,1.5533333333333337,1.06,0.4603333333333333,0.4603333333333333,0.7347138188950575,3.218884120171673,1.1950471522283908,76.69251608229672,0.4603333333333333,0.9191221764174732,3.218884120171673,1.3794555097508066,40.41901540454556,0.1844083575224157,0.1844083575224157,0.1844083575224158,0.1844083575224158,-36.27350067775116,36.27350067775116,0.0434402728678322,0.025185998148345,0.9311794617292256,True,True,True,True,FULL,FULL_direct_poly_rank_3
120,0.24,2.1675,5.34,3.634,3.634,3.551284821064535,2.306805074971165,7.185284821064535,12.76758648025316,3.634,3.46693234062861,2.306805074971165,7.10093234062861,13.368865338714128,-0.0843524804359248,0.0843524804359248,-0.0843524804359248,0.0843524804359248,0.6012788584609687,0.6012788584609687,0.0186269403875387,0.0099400092549099,0.9992578649226218,True,True,True,True,FULL,FULL_direct_poly_rank_3
121,0.58,3.8475,15.72,12.52,12.52,8.509190021060213,1.299545159194282,21.029190021060213,5.626700720273117,12.52,7.984522102163911,1.299545159194282,20.50452210216391,6.215237651901235,-0.5246679188963022,0.5246679188963022,-0.5246679188963022,0.5246679188963022,0.5885369316281182,0.5885369316281182,0.1270287735195111,0.0628233898560083,0.995775904781424,True,True,True,True,FULL,FULL_direct_poly_rank_3
122,0.16,1.7866666666666664,1.46,0.5153333333333333,0.5153333333333333,1.791622665699797,2.7985074626865676,2.3069559990331303,15.27471027903135,0.5153333333333333,1.7288068716921965,2.7985074626865676,2.2441402050255297,16.500185371622404,-0.0628157940076004,0.0628157940076004,-0.06281579400760062,0.06281579400760062,1.2254750925910542,1.2254750925910542,0.0102012430998467,0.0063457807300096,0.9987779241160092,True,True,True,True,FULL,FULL_direct_poly_rank_3
123,0.34,2.19,5.86,3.70375,3.70375,6.4076526447249105,2.2831050228310503,10.11140264472491,7.4904783908875965,3.70375,5.92761367931919,2.2831050228310503,9.63136367931919,8.308958621829651,-0.4800389654057202,0.4800389654057202,-0.4800389654057202,0.4800389654057202,0.8184802309420549,0.8184802309420549,0.0575415615052583,0.0358986493024135,0.9955799160408584,True,True,True,True,FULL,FULL_direct_poly_rank_3
124,0.72,3.9025,15.23,13.1975,13.1975,6.547895084347095,1.2812299807815504,19.745395084347095,4.922489465268678,13.1975,6.059045977582469,1.2812299807815504,19.25654597758247,5.4661334825716,-0.4888491067646257,0.4888491067646257,-0.4888491067646257,0.4888491067646257,0.5436440173029213,0.5436440173029213,0.1366728056582671,0.063654697564168,0.9952314901310704,True,True,True,True,FULL,FULL_direct_poly_rank_3
125,0.13,1.5766666666666669,0.83,0.5316666666666667,0.5316666666666667,0.5110542316499418,3.1712473572938684,1.0427208983166083,25.070549134255213,0.5316666666666667,0.5449024954435204,3.1712473572938684,1.0765691621101872,21.89831244178712,0.03384826379357864,0.03384826379357864,0.03384826379357886,0.03384826379357886,-3.1722366924680934,3.1722366924680934,0.0077536919314423,0.0042319407427085,0.99464351118995,True,True,True,True,FULL,FULL_direct_poly_rank_3
126,0.33,2.195,4.91,4.2615,4.2615,1.6629195649406574,2.277904328018223,5.924419564940657,11.444353107108954,4.2615,1.5977447403462834,2.277904328018223,5.859244740346283,12.189257567343471,-0.06517482459437396,0.06517482459437396,-0.06517482459437396,0.06517482459437396,0.7449044602345172,0.7449044602345172,0.0238173439540064,0.0103042818896645,0.9984005443838176,True,True,True,True,FULL,FULL_direct_poly_rank_3
127,2.99,4.513333333333333,16.39,14.923333333333332,14.923333333333332,140.10135047238424,1.1078286558345645,155.0246838057176,1.2549920885699382,14.923333333333332,115.79116542674116,1.1078286558345645,130.7144987600745,1.291270902005874,-24.31018504564308,24.31018504564308,-24.310185045643095,24.310185045643095,0.03627881343593575,0.03627881343593575,0.1116511034315738,0.0680740067830345,0.998650753659875,True,True,True,True,FULL,FULL_direct_poly_rank_3
128,0.22,1.5666666666666669,1.38,0.6789999999999999,0.6789999999999999,1.9691572578488556,3.191489361702127,2.6481572578488555,10.298464829923804,0.6789999999999999,1.9106670218990056,3.191489361702127,2.589667021899005,10.70362103671331,-0.058490235949850033,0.058490235949850033,-0.058490235949850256,0.058490235949850256,0.40515620678950626,0.40515620678950626,0.0055779368075397,0.0038122396259719,0.9994781426392167,True,True,True,True,FULL,FULL_direct_poly_rank_3
129,0.39,2.18,6.11,4.593,4.593,5.057943521426855,2.293577981651376,9.650943521426855,7.34235077378404,4.593,4.641135222565815,2.293577981651376,9.234135222565817,8.178316383901535,-0.4168082988610404,0.4168082988610404,-0.41680829886103865,0.41680829886103865,0.835965610117495,0.835965610117495,0.060494635965961,0.0343208011024733,0.9946088839389704,True,True,True,True,FULL,FULL_direct_poly_rank_3
130,2.78,4.13,17.18,15.5675,15.5675,173.2142161184181,1.2106537530266344,188.7817161184181,1.354578535378103,15.5675,148.2002357870374,1.2106537530266344,163.7677357870374,1.3826793720141255,-25.013980331380708,25.013980331380708,-25.013980331380708,25.013980331380708,0.028100836636022475,0.028100836636022475,0.0889134376185538,0.0540980026218437,0.9992214175768652,True,True,True,True,FULL,FULL_direct_poly_rank_3
131,0.3,1.57,0.69,0.4403333333333333,0.4403333333333333,0.989606450202688,3.184713375796178,1.4299397835360212,7.9675990689291964,0.4403333333333333,0.9662903225536228,3.184713375796178,1.406623655886956,8.14921760419946,-0.02331612764906521,0.02331612764906521,-0.02331612764906521,0.02331612764906521,0.18161853527026395,0.18161853527026395,0.0016340011051065,0.0011195131800976,0.9997641198756078,True,True,True,True,FULL,FULL_direct_poly_rank_3
132,0.38,2.2025,4.61,3.49275,3.49275,3.5417527605950667,2.270147559591374,7.034502760595067,7.697329513236288,3.49275,3.259912774549406,2.270147559591374,6.752662774549406,8.585671781280315,-0.28183998604566085,0.28183998604566085,-0.28183998604566085,0.28183998604566085,0.8883422680440267,0.8883422680440267,0.0451711984706861,0.0250525287479754,0.9945563182957802,True,True,True,True,FULL,FULL_direct_poly_rank_3
133,0.58,3.89,14.25,12.71,12.71,3.870375185655917,1.2853470437017995,16.580375185655917,6.937928600833182,12.71,3.769569250283215,1.2853470437017995,16.479569250283216,7.230763032397175,-0.10080593537270177,0.10080593537270177,-0.10080593537270133,0.10080593537270133,0.29283443156399347,0.29283443156399347,0.0442992743051284,0.0181270592128773,0.9993370868967618,True,True,True,True,FULL,FULL_direct_poly_rank_3
134,0.29,1.5933333333333335,0.81,0.6846666666666668,0.6846666666666668,0.4027161872827163,3.1380753138075312,1.087382853949383,11.679447292728767,0.6846666666666668,0.3919919651751573,3.1380753138075312,1.076658631841824,12.075967012690937,-0.010724222107559023,0.010724222107559023,-0.010724222107558967,0.010724222107558967,0.3965197199621695,0.3965197199621695,0.0023173184970698,0.0011632523016742,0.9995136264888348,True,True,True,True,FULL,FULL_direct_poly_rank_3
135,0.42,2.1925,4.74,4.255,4.255,1.6007301765706998,2.280501710376283,5.8557301765707,9.079561652406012,4.255,1.5071129441780835,2.280501710376283,5.762112944178083,9.816533437499116,-0.09361723239261632,0.09361723239261632,-0.09361723239261632,0.09361723239261632,0.7369717850931039,0.7369717850931039,0.0314885625493012,0.0139588260657861,0.9974518161155812,True,True,True,True,FULL,FULL_direct_poly_rank_3
136,2.48,4.18,15.4,14.19,14.19,62.34454554337887,1.1961722488038278,76.53454554337887,1.469660738779334,14.19,56.09101934148106,1.1961722488038278,70.28101934148106,1.5060741297436455,-6.253526201897813,6.253526201897813,-6.253526201897813,6.253526201897813,0.03641339096431162,0.03641339096431162,0.0694576453296565,0.0425074596676898,0.9994118859763244,True,True,True,True,FULL,FULL_direct_poly_rank_3
137,1.18,1.85,0.63,0.575,0.575,4.239497230710774,2.702702702702702,4.814497230710774,3.1309195303367727,0.575,5.072307637783579,2.702702702702702,5.647307637783579,3.052494899442309,0.8328104070728051,0.8328104070728051,0.8328104070728051,0.8328104070728051,-0.07842463089446383,0.07842463089446383,0.0034057348867933,0.0021155121865562,0.9991610251438756,True,True,True,True,FULL,FULL_direct_poly_rank_3
138,0.99,2.6033333333333335,4.93,4.496666666666667,4.496666666666667,4.9592094785200045,1.9206145966709345,9.455876145186672,3.460965956174455,4.496666666666667,4.721339721491357,1.9206145966709345,9.218006388158024,3.559304369462308,-0.23786975702864765,0.23786975702864765,-0.23786975702864765,0.23786975702864765,0.09833841328785287,0.09833841328785287,0.0163487548153998,0.0092237183667391,0.9996055618942188,True,True,True,True,FULL,FULL_direct_poly_rank_3
139,1.92,4.2125,17.14,16.56,16.56,9.158812659704571,1.1869436201780414,25.71881265970457,2.22655990128023,16.56,9.946400488128152,1.1869436201780414,26.50640048812815,2.1364075210502276,0.7875878284235807,0.7875878284235807,0.7875878284235789,0.7875878284235789,-0.09015238023000238,0.09015238023000238,0.0830209165049422,0.0447103750099212,0.9992673752598206,True,True,True,True,FULL,FULL_direct_poly_rank_3
140,0.42,1.7400000000000002,0.83,0.4525,0.4525,2.5886372580129136,2.8735632183908044,3.0411372580129137,4.84879553279124,0.4525,2.620029334822559,2.8735632183908044,3.0725293348225593,4.817562174611938,0.03139207680964562,0.03139207680964562,0.03139207680964562,0.03139207680964562,-0.031233358179302506,0.031233358179302506,0.0007042212040348,0.0005523311305463,0.9999786132430066,True,True,True,True,FULL,FULL_direct_poly_rank_3
141,1.23,2.5733333333333337,4.22,4.026666666666666,4.026666666666666,3.714553371745124,1.94300518134715,7.74122003841179,3.22230726876678,4.026666666666666,4.175595346975167,1.94300518134715,8.202262013641834,3.0640276571887135,0.4610419752300432,0.4610419752300432,0.4610419752300432,0.4610419752300432,-0.1582796115780667,0.1582796115780667,0.0261292620755891,0.0147846180287609,0.9988290369339669,True,True,True,True,FULL,FULL_direct_poly_rank_3
142,1.79,4.84,15.01,14.9025,14.9025,0.8901040923931092,1.0330578512396695,15.792604092393107,3.4546415460563873,14.9025,1.6647758740283365,1.0330578512396695,16.567275874028336,2.6117950641571084,0.7746717816352273,0.7746717816352273,0.7746717816352291,0.7746717816352291,-0.8428464818992789,0.8428464818992789,0.4212424348529179,0.1887376353803238,0.9686902050422382,True,True,True,True,FULL,FULL_direct_poly_rank_3
143,0.33,1.5733333333333333,0.58,0.4766666666666666,0.4766666666666666,0.4098600862261488,3.1779661016949152,0.8865267528928155,9.368454028225154,0.4766666666666666,0.395406287156465,3.1779661016949152,0.8720729538231317,9.72586572736107,-0.014453799069683804,0.014453799069683804,-0.014453799069683804,0.014453799069683804,0.3574116991359162,0.3574116991359162,0.0020273883603063,0.0011225576241604,0.9993468938225252,True,True,True,True,FULL,FULL_direct_poly_rank_3
144,0.43,2.1725,4.53,3.8975,3.8975,2.2412867147074325,2.3014959723820483,6.138786714707432,7.955893974394428,3.8975,2.0680517439735437,2.3014959723820483,5.965551743973544,8.789603838140073,-0.17323497073388872,0.17323497073388872,-0.17323497073388872,0.17323497073388872,0.8337098637456446,0.8337098637456446,0.0402110930654472,0.0196016362854441,0.9955601406735914,True,True,True,True,FULL,FULL_direct_poly_rank_3
145,3.33,4.496666666666667,14.77,14.159999999999998,14.159999999999998,71.68575820940592,1.111934766493699,85.84575820940591,1.2931877819034847,14.159999999999998,62.7524681483157,1.111934766493699,76.9124681483157,1.3235774417536554,-8.933290061090219,8.933290061090219,-8.933290061090219,8.933290061090219,0.030389659850170725,0.030389659850170725,0.0668931329289966,0.0386628595146925,0.999385405407628,True,True,True,True,FULL,FULL_direct_poly_rank_3
146,0.13,1.5599999999999998,0.68,0.5633333333333334,0.5633333333333334,0.1951982739754749,3.2051282051282053,0.7585316073088083,31.88575510060682,0.5633333333333334,0.2218069946992273,3.2051282051282053,0.7851403280325607,25.227110718082617,0.026608720723752394,0.026608720723752394,0.02660872072375242,0.02660872072375242,-6.658644382524201,6.658644382524201,0.0094212584594624,0.0041833309282078,0.9825261632767076,True,True,True,True,FULL,FULL_direct_poly_rank_3
147,1.84,3.1775,4.39,3.69,3.69,48.191526905344915,1.5735641227380015,51.88152690534491,1.779339325853626,3.69,49.2607473272395,1.5735641227380015,52.9507473272395,1.7743114277372591,1.0692204218945847,1.0692204218945847,1.0692204218945847,1.0692204218945847,-0.005027898116366947,0.005027898116366947,0.0030485207674166,0.0019378866925037,0.9999864855445808,True,True,True,True,FULL,FULL_direct_poly_rank_3
148,2.23,4.3774999999999995,15.49,14.875,14.875,14.10295307840756,1.142204454597373,28.97795307840756,1.8301286904573817,14.875,14.629334561728763,1.142204454597373,29.504334561728765,1.8019363085824736,0.5263814833212024,0.5263814833212024,0.5263814833212059,0.5263814833212059,-0.028192381874908135,0.028192381874908135,0.0307778556720592,0.017408922947547,0.999883897759739,True,True,True,True,FULL,FULL_direct_poly_rank_3
149,0.18,1.5599999999999998,0.96,0.5433333333333333,0.5433333333333333,0.9264981470545324,3.2051282051282053,1.4698314803878656,14.731251978605432,0.5433333333333333,0.9243676721976776,3.2051282051282053,1.467701005531011,14.78768263464604,-0.0021304748568548026,0.0021304748568548026,-0.0021304748568546916,0.0021304748568546916,0.05643065604060915,0.05643065604060915,0.0003198527420999,0.0001969507371249,0.9999951999246708,True,True,True,True,FULL,FULL_direct_poly_rank_3
150,0.4,2.175,5.29,4.25,4.25,3.4798658017251105,2.298850574712644,7.7298658017251105,7.755705088302538,4.25,3.197622103121427,2.298850574712644,7.447622103121427,8.641232705306852,-0.2822436986036836,0.2822436986036836,-0.2822436986036836,0.2822436986036836,0.885527617004314,0.885527617004314,0.0511917733662587,0.027010245642741,0.9946144593566634,True,True,True,True,FULL,FULL_direct_poly_rank_3
151,0.99,3.6125,15.85,14.965,14.965,4.712295648967803,1.384083044982699,19.677295648967803,4.185634509215309,14.965,4.487816375185009,1.384083044982699,19.45281637518501,4.377833829351996,-0.2244792737827943,0.2244792737827943,-0.2244792737827943,0.2244792737827943,0.1921993201366865,0.1921993201366865,0.0690981868731489,0.0316705881136639,0.999158381146016,True,True,True,True,FULL,FULL_direct_poly_rank_3
152,1.16,1.9,0.64,0.54,0.54,8.918859589233094,2.6315789473684212,9.458859589233091,2.9158636476035604,0.54,11.104392779825451,2.6315789473684212,11.644392779825452,2.8548659444983735,2.1855331905923574,2.1855331905923574,2.185533190592361,2.185533190592361,-0.06099770310518693,0.06099770310518693,0.0036776250674856,0.0023442795184617,0.9991215959995337,True,True,True,True,FULL,FULL_direct_poly_rank_3
153,1.3,2.566666666666667,4.2,3.9333333333333336,3.9333333333333336,6.732843008196392,1.948051948051948,10.666176341529724,2.832743127876559,3.9333333333333336,7.156667640432799,1.948051948051948,11.090000973766132,2.7717700290098692,0.423824632236407,0.423824632236407,0.42382463223640876,0.42382463223640876,-0.06097309886668967,0.06097309886668967,0.0125391932375835,0.0073952963499983,0.9997305354987096,True,True,True,True,FULL,FULL_direct_poly_rank_3
154,5.1,31.453947067343865,14.28,13.490170336848536,13.490170336848536,2.087839211051561,0.1589625616554528,15.578009547900097,0.9263059984631752,13.490170336848536,2.2906485197842503,0.1589625616554528,15.780818856632786,0.8304279807647481,0.20280930873268943,0.20280930873268943,0.20280930873268943,0.20280930873268943,-0.09587801769842708,0.09587801769842708,0.1165152867421275,0.0446295325939364,0.9956785460716168,True,True,True,True,FULL,FULL_direct_poly_rank_3
155,0.56,1.5599999999999998,0.58,0.4766666666666666,0.4766666666666666,1.2430840918042927,3.2051282051282053,1.7197507584709593,5.0236277196711585,0.4766666666666666,1.3119052032513312,3.2051282051282053,1.7885718699179978,4.906058420028069,0.06882111144703851,0.06882111144703851,0.06882111144703851,0.06882111144703851,-0.11756929964308949,0.11756929964308949,0.0017331850832214,0.001122973887361,0.999659987568934,True,True,True,True,FULL,FULL_direct_poly_rank_3
156,0.67,2.1775,4.06,3.745,3.745,2.1627193549790276,2.296211251435132,5.907719354979028,5.4890381882934465,3.745,2.0777257633315775,2.296211251435132,5.822725763331578,5.661910421788524,-0.08499359164745002,0.08499359164745002,-0.08499359164745002,0.08499359164745002,0.1728722334950774,0.1728722334950774,0.0131171068035174,0.0067403147896067,0.999573076126351,True,True,True,True,FULL,FULL_direct_poly_rank_3
157,1.32,3.9,14.36,13.5925,13.5925,6.126023681195667,1.2820512820512822,19.718523681195663,3.032176279008363,13.5925,5.91505002396528,1.2820512820512822,19.50755002396528,3.1104456372305087,-0.21097365723038664,0.21097365723038664,-0.21097365723038308,0.21097365723038308,0.07826935822214587,0.07826935822214587,0.0389795093926372,0.0194959029910163,0.9997198698680176,True,True,True,True,FULL,FULL_direct_poly_rank_3
158,0.17,1.6233333333333333,1.0,0.5720000000000001,0.5720000000000001,0.8749487231528226,3.080082135523614,1.4469487231528226,16.31818533574024,0.5720000000000001,0.8789705933389105,3.080082135523614,1.4509705933389103,16.18132356897091,0.004021870186087906,0.004021870186087906,0.004021870186087684,0.004021870186087684,-0.1368617667693286,0.1368617667693286,0.0006918702554262,0.0004120183338473,0.999978089146914,True,True,True,True,FULL,FULL_direct_poly_rank_3
159,0.32,2.1825,5.06,4.11975,4.11975,2.410582651104151,2.290950744558992,6.530332651104151,10.626543938716322,4.11975,2.2899209522621575,2.290950744558992,6.409670952262157,11.535140398929869,-0.12066169884199329,0.12066169884199329,-0.12066169884199329,0.12066169884199329,0.9085964602135466,0.9085964602135466,0.0327913971325988,0.0156547375464699,0.9971869414928778,True,True,True,True,FULL,FULL_direct_poly_rank_3
160,1.07,3.895,14.3,13.0025,13.0025,7.31537030166651,1.2836970474967908,20.31787030166651,3.3651116062820727,13.0025,6.643685572735647,1.2836970474967908,19.646185572735646,3.6758291788093103,-0.6716847289308632,0.6716847289308632,-0.6716847289308632,0.6716847289308632,0.31071757252723753,0.31071757252723753,0.1275109865462161,0.063546147134138,0.9964631991004234,True,True,True,True,FULL,FULL_direct_poly_rank_3
161,0.1,1.5666666666666669,0.85,0.5843333333333334,0.5843333333333334,0.3978559436075378,3.191489361702127,0.9821892769408712,37.33548887229885,0.5843333333333334,0.4581965830299122,3.191489361702127,1.0425299163632455,27.39716184427328,0.06034063942237439,0.06034063942237439,0.06034063942237433,0.06034063942237433,-9.938327028025572,9.938327028025572,0.0158153845941179,0.008252663419135,0.9737999954163116,True,True,True,True,FULL,FULL_direct_poly_rank_3
162,0.24,2.175,6.09,4.409,4.409,3.4511384121172206,2.298850574712644,7.86013841211722,13.515323404054092,4.409,3.3934808417067295,2.298850574712644,7.802480841706729,13.962134205927438,-0.05765757041049113,0.05765757041049113,-0.05765757041049113,0.05765757041049113,0.44681080187334565,0.44681080187334565,0.0144630545442787,0.007327695312338,0.9996177680683708,True,True,True,True,FULL,FULL_direct_poly_rank_3
163,0.5,3.8625,16.89,15.2325,15.2325,3.655467066441505,1.2944983818770228,18.887967066441504,8.601598077321363,15.2325,3.6960565202085913,1.2944983818770228,18.92855652020859,8.446468579316761,0.040589453767086336,0.040589453767086336,0.04058945376708678,0.04058945376708678,-0.15512949800460163,0.15512949800460163,0.0213080658693902,0.0081835957153475,0.9998805195163808,True,True,True,True,FULL,FULL_direct_poly_rank_3
164,0.07,1.5566666666666666,0.85,0.5843333333333334,0.5843333333333334,0.3510048045966245,3.211991434689508,0.935338137929958,59.36701870371923,0.5843333333333334,0.4571967377007855,3.211991434689508,1.0415300710341189,33.551145597883334,0.10619193310416103,0.10619193310416103,0.10619193310416086,0.10619193310416086,-25.815873105835898,25.815873105835898,0.0270404259635607,0.014736574168072,0.9177310502614496,True,True,True,True,FULL,FULL_direct_poly_rank_3
165,0.23,2.1675,5.85,4.43275,4.43275,2.80147060168731,2.306805074971165,7.23422060168731,14.978792929839672,4.43275,2.793605629555028,2.306805074971165,7.226355629555028,15.062116413593872,-0.007864972132281878,0.007864972132281878,-0.007864972132281878,0.007864972132281878,0.0833234837541994,0.0833234837541994,0.0022620083914435,0.0010873224669032,0.999988950040214,True,True,True,True,FULL,FULL_direct_poly_rank_3
166,0.75,3.8625,16.87,15.795,15.795,3.4935563581594646,1.2944983818770228,19.288556358159465,5.80409010742513,15.795,3.386671345814152,1.2944983818770228,19.181671345814152,6.034100673085813,-0.10688501234531245,0.10688501234531245,-0.10688501234531245,0.10688501234531245,0.23001056566068367,0.23001056566068367,0.0542971880993784,0.0218955030477967,0.9994085794031722,True,True,True,True,FULL,FULL_direct_poly_rank_3
167,0.17,1.5599999999999998,0.8,0.5579999999999999,0.5579999999999999,0.4953159279041487,3.2051282051282053,1.0533159279041486,18.51576110820791,0.5579999999999999,0.5077997844770422,3.2051282051282053,1.0657997844770422,17.7119067823862,0.012483856572893526,0.012483856572893526,0.012483856572893526,0.012483856572893526,-0.8038543258217103,0.8038543258217103,0.0026567543910547,0.001443431652837,0.9992930701002474,True,True,True,True,FULL,FULL_direct_poly_rank_3
168,1.11,2.563333333333333,4.61,4.293333333333333,4.293333333333333,4.918051194692046,1.950585175552666,9.21138452802538,3.258019017990617,4.293333333333333,4.9774372083062115,1.950585175552666,9.270770541639545,3.2393517629566966,0.059386013614165734,0.059386013614165734,0.05938601361416396,0.05938601361416396,-0.018667255033920416,0.018667255033920416,0.0032680028390948,0.0018614094754778,0.9999835013623902,True,True,True,True,FULL,FULL_direct_poly_rank_3
169,3.93,4.553333333333334,16.61,16.513333333333332,16.513333333333332,14.198414912137522,1.0980966325036603,30.711748245470854,1.4757256498343354,16.513333333333332,25.9073262855748,1.0980966325036603,42.42065961890813,1.3069090418092877,11.708911373437278,11.708911373437278,11.708911373437278,11.708911373437278,-0.16881660802504772,0.16881660802504772,0.2378472945640107,0.127395125929167,0.9939834003716236,True,True,True,True,FULL,FULL_direct_poly_rank_3
170,0.19,1.5533333333333337,0.76,0.5436666666666666,0.5436666666666666,0.4848535368761771,3.218884120171673,1.0285202035428438,16.275028887164293,0.5436666666666666,0.4894635272431039,3.218884120171673,1.0331301939097706,16.0239698298795,0.004609990366926775,0.004609990366926775,0.004609990366926775,0.004609990366926775,-0.2510590572847917,0.2510590572847917,0.0009213577819027,0.0005041941872076,0.9999069943239648,True,True,True,True,FULL,FULL_direct_poly_rank_3
171,0.32,2.17,4.74,4.0465,4.0465,1.7565900119017304,2.3041474654377883,5.80309001190173,11.4900793995,4.0465,1.6859297365082622,2.3041474654377883,5.732429736508262,12.269411453801888,-0.0706602753934682,0.0706602753934682,-0.0706602753934682,0.0706602753934682,0.7793320543018876,0.7793320543018876,0.0239390292357136,0.0106187977236295,0.9982528416350576,True,True,True,True,FULL,FULL_direct_poly_rank_3
172,1.88,4.13,15.76,14.8875,14.8875,14.997831291761866,1.2106537530266344,29.885331291761865,2.0220034481788933,14.8875,14.646949865168096,1.2106537530266344,29.534449865168096,2.04523217961066,-0.3508814265937694,0.3508814265937694,-0.3508814265937694,0.3508814265937694,0.023228731431766736,0.023228731431766736,0.0225027194164126,0.0126191363316931,0.9999355864870632,True,True,True,True,FULL,FULL_direct_poly_rank_3
173,0.23,1.5666666666666669,0.81,0.5826666666666666,0.5826666666666666,0.6080845262035995,3.191489361702127,1.190751192870266,12.675105003139644,0.5826666666666666,0.5982779712632303,3.191489361702127,1.180944637929897,12.968461929496204,-0.009806554940369194,0.009806554940369194,-0.009806554940369194,0.009806554940369194,0.2933569263565605,0.2933569263565605,0.0015777514992775,0.000904247272168,0.9997796482789704,True,True,True,True,FULL,FULL_direct_poly_rank_3
174,0.27,2.18,5.18,4.452999999999999,4.452999999999999,1.5717255574854088,2.293577981651376,6.024725557485408,14.53141002624948,4.452999999999999,1.5622096225357502,2.293577981651376,6.01520962253575,14.688358610770228,-0.009515934949658522,0.009515934949658522,-0.009515934949658522,0.009515934949658522,0.1569485845207481,0.1569485845207481,0.0038933549179144,0.0016216313113465,0.999956824672121,True,True,True,True,FULL,FULL_direct_poly_rank_3
175,1.85,4.1125,17.29,16.4125,16.4125,14.29966321375646,1.21580547112462,30.71216321375646,2.100213453400296,16.4125,14.19640971389552,1.21580547112462,30.60890971389552,2.1078070594884526,-0.10325349986094068,0.10325349986094068,-0.10325349986094068,0.10325349986094068,0.007593606088156513,0.007593606088156513,0.0076374869378528,0.0042336222934106,0.9999938170053678,True,True,True,True,FULL,FULL_direct_poly_rank_3
176,0.65,1.5766666666666669,0.57,0.478,0.478,1.612273609680621,3.1712473572938684,2.090273609680621,4.48569879514461,0.478,1.7754667491936449,3.1712473572938684,2.253466749193645,4.342201675714376,0.16319313951302394,0.16319313951302394,0.16319313951302394,0.16319313951302394,-0.1434971194302337,0.1434971194302337,0.0025896895173613,0.0016667749263278,0.9992714296461054,True,True,True,True,FULL,FULL_direct_poly_rank_3
177,1.47,2.6333333333333333,3.8,3.616,3.616,6.14964024424423,1.89873417721519,9.76564024424423,2.66832825839853,3.616,7.01345565245102,1.89873417721519,10.62945565245102,2.561154393470523,0.8638154082067899,0.8638154082067899,0.8638154082067899,0.8638154082067899,-0.10717386492800696,0.10717386492800696,0.0219563138203956,0.0130210869718942,0.9990488050698708,True,True,True,True,FULL,FULL_direct_poly_rank_3
178,2.12,4.1575,13.69,12.965,12.965,17.833183532648366,1.2026458208057729,30.79818353264837,1.8070468059221405,12.965,17.536330745185953,1.2026458208057729,30.501330745185953,1.8191431678270815,-0.29685278746241295,0.29685278746241295,-0.2968527874624165,0.2968527874624165,0.012096361904941011,0.012096361904941011,0.0123413562249613,0.0071306186432543,0.9999757967854742,True,True,True,True,FULL,FULL_direct_poly_rank_3
179,0.48,1.5666666666666669,0.88,0.6386666666666666,0.6386666666666666,2.2710172374402005,3.191489361702127,2.909683904106867,5.11752583659357,0.6386666666666666,2.39122934478216,3.191489361702127,3.0298960114488267,4.995483101770709,0.12021210734195975,0.12021210734195975,0.12021210734195975,0.12021210734195975,-0.12204273482286077,0.12204273482286077,0.0026555585696773,0.0018803462978341,0.9996491848352468,True,True,True,True,FULL,FULL_direct_poly_rank_3
180,0.52,2.9225,5.54,4.727,4.727,2.527730037291942,1.710863986313088,7.254730037291942,6.676100463922199,4.727,2.3203188382208975,1.710863986313088,7.047318838220898,7.533516599759059,-0.20741119907104455,0.20741119907104455,-0.20741119907104455,0.20741119907104455,0.8574161358368597,0.8574161358368597,0.0569225607553582,0.0266795852277563,0.9936119649097208,True,True,True,True,FULL,FULL_direct_poly_rank_3
181,0.9,3.925,17.84,14.94,14.94,13.029435602700998,1.2738853503184715,27.969435602700997,3.4621547532157915,14.94,11.63243324650781,1.2738853503184715,26.57243324650781,3.8975577944900186,-1.3970023561931875,1.3970023561931875,-1.3970023561931875,1.3970023561931875,0.43540304127422713,0.43540304127422713,0.2068697811501011,0.1108852119136182,0.993185342627111,True,True,True,True,FULL,FULL_direct_poly_rank_3
182,0.22,1.49,0.66,0.4575,0.4575,0.5513217275318822,3.3557046979865772,1.0088217275318825,12.75282127395527,0.4575,0.5472611905868192,3.3557046979865772,1.0047611905868192,12.881446849246696,-0.004060536945063031,0.004060536945063031,-0.004060536945063253,0.004060536945063253,0.12862557529142649,0.12862557529142649,0.0005793682727846,0.0003455797464973,0.9999578351908536,True,True,True,True,FULL,FULL_direct_poly_rank_3
183,1.93,3.1,4.22,4.0145,4.0145,10.822557992923612,1.6129032258064515,14.837057992923611,2.064879723343122,4.0145,11.724870499572392,1.6129032258064515,15.739370499572392,2.025086809087153,0.90231250664878,0.90231250664878,0.90231250664878,0.90231250664878,-0.03979291425596898,0.03979291425596898,0.0133586973839567,0.008109009418266,0.9997250414035732,True,True,True,True,FULL,FULL_direct_poly_rank_3
184,3.98,4.75,15.12,14.85,14.85,45.661479023586836,1.0526315789473684,60.51147902358684,1.247654255784918,14.85,45.63798963482736,1.0526315789473684,60.487989634827365,1.247768749609251,-0.023489388759472263,0.023489388759472263,-0.023489388759472263,0.023489388759472263,0.00011449382433315058,0.00011449382433315058,0.0002261589688402,0.0001245194808155,0.999999993216746,True,True,True,True,FULL,FULL_direct_poly_rank_3
185,0.13,1.5666666666666669,1.09,0.5446666666666667,0.5446666666666667,0.9576325699215577,3.191489361702127,1.5022992365882244,21.905585532286455,0.5446666666666667,0.987926100233906,3.191489361702127,1.5325927669005728,20.468621747993577,0.030293530312348382,0.030293530312348382,0.030293530312348382,0.030293530312348382,-1.4369637842928782,1.4369637842928782,0.0057865517490949,0.0034189577737374,0.9988775875004828,True,True,True,True,FULL,FULL_direct_poly_rank_3
186,0.28,2.1775,5.16,3.81425,3.81425,3.130431077528114,2.296211251435132,6.944681077528114,11.220553160809676,3.81425,3.0027097935968023,2.296211251435132,6.816959793596802,12.058997891364408,-0.12772128393131155,0.12772128393131155,-0.12772128393131155,0.12772128393131155,0.8384447305547322,0.8384447305547322,0.029040558024539,0.0149984350810434,0.9979467031001628,True,True,True,True,FULL,FULL_direct_poly_rank_3
187,0.7,3.88,16.09,11.71,11.71,14.993697153202367,1.288659793814433,26.70369715320237,3.931657649182005,11.71,13.59344343926957,1.288659793814433,25.30344343926957,4.434350212665366,-1.4002537139327966,1.4002537139327966,-1.4002537139327984,1.4002537139327984,0.5026925634833614,0.5026925634833614,0.1822287631115199,0.106685496942657,0.993252113761314,True,True,True,True,FULL,FULL_direct_poly_rank_3
188,1.1,2.06,0.64,0.593,0.593,1.513280437089641,2.4271844660194173,2.1062804370896413,3.268679989536249,0.593,1.6958778426932448,2.4271844660194173,2.288877842693245,3.164406141916724,0.1825974056036037,0.1825974056036037,0.1825974056036035,0.1825974056036035,-0.10427384761952485,0.10427384761952485,0.0031059639089581,0.0018793308944139,0.9992955187649062,True,True,True,True,FULL,FULL_direct_poly_rank_3
189,3.11,3.85,4.79,4.4285,4.4285,105.61771145632456,1.2987012987012987,110.04621145632456,1.3813754414682702,4.4285,83.75698801120409,1.2987012987012987,88.18548801120409,1.4056386063327724,-21.86072344512047,21.86072344512047,-21.86072344512047,21.86072344512047,0.024263164864502196,0.024263164864502196,0.0282443741163278,0.0161750486595807,0.9989729736742028,True,True,True,True,FULL,FULL_direct_poly_rank_3
190,2.95,4.833333333333333,17.57,15.660000000000002,15.660000000000002,133.5433516563727,1.0344827586206895,149.2033516563727,1.194201194728314,15.660000000000002,111.63084799958916,1.0344827586206895,127.29084799958916,1.231278440916152,-21.912503656783528,21.912503656783528,-21.912503656783528,21.912503656783528,0.03707724618783792,0.03707724618783792,0.1222446939080441,0.0761741988552656,0.9986106249619132,True,True,True,True,FULL,FULL_direct_poly_rank_3
191,0.1,1.64,1.15,0.5823333333333333,0.5823333333333333,0.8468851223123651,3.048780487804878,1.4292184556456984,32.276683117014976,0.5823333333333333,0.9190136866267534,3.048780487804878,1.501347019960087,26.150711936598263,0.0721285643143883,0.0721285643143883,0.07212856431438852,0.07212856431438852,-6.1259711804167125,6.1259711804167125,0.0164151519587813,0.009255941489197,0.9909151733158628,True,True,True,True,FULL,FULL_direct_poly_rank_3
192,0.26,2.06,5.06,2.78625,2.78625,5.537602820988881,2.4271844660194173,8.323852820988881,9.67711986223781,2.78625,5.22994861836649,2.4271844660194173,8.01619861836649,10.605200310285731,-0.3076542026223912,0.3076542026223912,-0.3076542026223912,0.3076542026223912,0.9280804480479219,0.9280804480479219,0.0424386072207344,0.0264378494374715,0.9972007716757104,True,True,True,True,FULL,FULL_direct_poly_rank_3
193,0.48,3.91,15.79,12.4225,12.4225,7.40432598861948,1.278772378516624,19.82682598861948,7.151633571136485,12.4225,7.215085583152774,1.278772378516624,19.637585583152777,7.494803028081435,-0.1892404054667054,0.1892404054667054,-0.18924040546670184,0.18924040546670184,0.34316945694494994,0.34316945694494994,0.0543857193388068,0.0258263069183983,0.999146734308129,True,True,True,True,FULL,FULL_direct_poly_rank_3
194,0.47,1.5599999999999998,0.9,0.6583333333333333,0.6583333333333333,2.1587521490528645,3.2051282051282053,2.8170854823861977,5.267358968714256,0.6583333333333333,2.253098946039045,3.2051282051282053,2.911432279372378,5.15745065084396,0.09434679698618043,0.09434679698618043,0.09434679698618043,0.09434679698618043,-0.1099083178702962,0.1099083178702962,0.0023304411928792,0.0016368716918289,0.999736990507103,True,True,True,True,FULL,FULL_direct_poly_rank_3
195,0.49,2.1875,5.79,4.2505,4.2505,7.336962282580967,2.2857142857142856,11.587462282580969,5.320972461121309,4.2505,6.679046161453631,2.2857142857142856,10.929546161453631,5.792176811715976,-0.6579161211273359,0.6579161211273359,-0.6579161211273377,0.6579161211273377,0.47120435059466637,0.47120435059466637,0.0513561050425524,0.0324988057063692,0.9963135816835328,True,True,True,True,FULL,FULL_direct_poly_rank_3
196,1.09,3.86,17.51,14.9375,14.9375,16.553387035413166,1.2953367875647668,31.490887035413166,2.8169440230151195,14.9375,14.640884683739111,1.2953367875647668,29.578384683739113,3.111860692462483,-1.9125023516740551,1.9125023516740551,-1.9125023516740534,1.9125023516740534,0.2949166694473635,0.2949166694473635,0.1879306291680944,0.1057656751196716,0.994908066379131,True,True,True,True,FULL,FULL_direct_poly_rank_3
197,0.14,2.0725,0.99,0.65575,0.65575,0.5146811885872504,2.4125452352231607,1.1704311885872505,25.510159206488257,0.65575,0.5562959766607214,2.4125452352231607,1.2120459766607214,21.16707140360558,0.041614788073470965,0.041614788073470965,0.041614788073470965,0.041614788073470965,-4.343087802882678,4.343087802882678,0.0112946668754928,0.0057894226632435,0.9909462223395488,True,True,True,True,FULL,FULL_direct_poly_rank_3
198,0.4,2.9125,5.46,4.44825,4.44825,2.4337808805815433,1.7167381974248928,6.882030880581543,8.688241808193261,4.44825,2.3110186571598943,1.7167381974248928,6.759268657159894,9.49952709288464,-0.122762223421649,0.122762223421649,-0.122762223421649,0.122762223421649,0.8112852846913778,0.8112852846913778,0.0372162533379923,0.0171764334621635,0.9967611224406504,True,True,True,True,FULL,FULL_direct_poly_rank_3
199,2.66,4.3725000000000005,17.29,16.490000000000002,16.490000000000002,37.39926722177272,1.1435105774728416,53.88926722177272,1.504191322919805,16.490000000000002,36.20662701876772,1.1435105774728416,52.69662701876772,1.5181469547301796,-1.1926402030049985,1.1926402030049985,-1.1926402030049985,1.1926402030049985,0.013955631810374625,0.013955631810374625,0.025211555839123,0.0151078648430022,0.9999414571476628,True,True,True,True,FULL,FULL_direct_poly_rank_3
200,1.09,1.85,0.51,0.452,0.452,3.5013968656521643,2.702702702702702,3.953396865652164,3.161464776235545,0.452,4.08782155727891,2.702702702702702,4.53982155727891,3.0876288780964636,0.5864246916267457,0.5864246916267457,0.5864246916267462,0.5864246916267462,-0.0738358981390812,0.0738358981390812,0.0025207205568143,0.0015842736755399,0.9992859600149132,True,True,True,True,FULL,FULL_direct_poly_rank_3
201,4.54,28.00018033053748,3.73,3.372542584212134,3.372542584212134,0.9705608512144872,0.178570278511632,4.343103435426621,0.8969826858645201,3.372542584212134,0.8668796235622969,0.178570278511632,4.239422207774431,1.1064497973625311,-0.10368122765219034,0.10368122765219034,-0.10368122765219034,0.10368122765219034,0.209467111498011,0.209467111498011,0.0611577402990158,0.0232450814552626,0.9825634253971786,True,True,True,True,FULL,FULL_direct_poly_rank_3
202,5.68,6.0,13.66,13.51,13.51,45.684267603740025,0.8333333333333334,59.19426760374002,0.9611956816495174,13.51,32.41655413487297,0.8333333333333334,45.926554134872966,1.026100974195876,-13.267713468867058,13.267713468867058,-13.267713468867058,13.267713468867058,0.06490529254635857,0.06490529254635857,0.1526459977985249,0.0803506947295441,0.9960158256557408,True,True,True,True,FULL,FULL_direct_poly_rank_3
203,8.16,15.0,0.64,0.4826666666666666,0.4826666666666666,11.163229285157737,0.3333333333333333,11.645895951824402,0.3680224492093827,0.4826666666666666,21.809251491739705,0.3333333333333333,22.29191815840637,0.3502298261810252,10.646022206581968,10.646022206581968,10.64602220658197,10.64602220658197,-0.01779262302835749,0.01779262302835749,0.0085221431874863,0.0056072716988461,0.995737700321126,True,True,True,True,FULL,FULL_direct_poly_rank_3
204,9.63,15.0,1.15,0.9263333333333332,0.9263333333333332,31.67109901569681,0.3333333333333333,32.59743234903014,0.356302565715436,0.9263333333333332,32.96874019561281,0.3333333333333333,33.89507352894614,0.3553230055304938,1.297641179915999,1.297641179915999,1.297641179915999,1.297641179915999,-0.0009795601849422186,0.0009795601849422186,0.0011421280190559,0.0007231313451417,0.999978782443615,True,True,True,True,FULL,FULL_direct_poly_rank_3
205,8.17,15.0,1.67,1.391,1.391,14.757831874738754,0.3333333333333333,16.148831874738754,0.3859250855203011,1.391,16.650376860923494,0.3333333333333333,18.041376860923492,0.3792203237129525,1.89254498618474,1.89254498618474,1.8925449861847383,1.8925449861847383,-0.00670476180734858,0.00670476180734858,0.0063991654035539,0.0040946775130715,0.9995695022551062,True,True,True,True,FULL,FULL_direct_poly_rank_3
206,7.68,15.0,2.36,1.9943333333333333,1.9943333333333333,14.016889640854824,0.3333333333333333,16.011222974188158,0.404258783461519,1.9943333333333333,15.822912061179156,0.3333333333333333,17.81724539451249,0.3950362313127172,1.8060224203243322,1.8060224203243322,1.8060224203243322,1.8060224203243322,-0.0092225521488018,0.0092225521488018,0.0101677472699233,0.0064929331033988,0.9994217397455136,True,True,True,True,FULL,FULL_direct_poly_rank_3
207,12.65,17.5,2.87,2.478,2.478,85.54466261294648,0.2857142857142857,88.02266261294648,0.3027127732951231,2.478,68.39275397446069,0.2857142857142857,70.87075397446068,0.3074411170193054,-17.151908638485793,17.151908638485793,-17.151908638485793,17.151908638485793,0.004728343724182293,0.004728343724182293,0.0170176740792881,0.0102089378000919,0.9991671124858368,True,True,True,True,FULL,FULL_direct_poly_rank_3
209,0.55,3.75,0.015,0.014,0.014,0.0024195869070291,1.3333333333333333,0.0164195869070291,8.395940887010124,0.014,0.0027980919469917,1.3333333333333333,0.0167980919469917,7.070105503819062,0.00037850503996259997,0.00037850503996259997,0.0003785050399626004,0.0003785050399626004,-1.3258353831910616,1.3258353831910616,0.0001846323764435,7.315782687498598e-05,0.9894967215201124,True,True,True,True,FULL,FULL_direct_poly_rank_3
210,0.73,3.75,0.017,0.0155,0.0155,0.0049950016940742,1.3333333333333333,0.0204950016940742,5.436911505105911,0.0155,0.0049428584192302,1.3333333333333333,0.0204428584192302,5.504952959274346,-5.2143274844000144e-05,5.2143274844000144e-05,-5.2143274843999277e-05,5.2143274843999277e-05,0.06804145416843443,0.06804145416843443,1.7832564135833023e-05,7.87933110716588e-06,0.9999372575522956,True,True,True,True,FULL,FULL_direct_poly_rank_3
211,0.73,3.75,0.031,0.0205,0.0205,0.0421170527109933,1.3333333333333333,0.0626170527109933,3.3538139443417307,0.0205,0.0396055622711103,1.3333333333333333,0.0601055622711103,3.5617730203606097,-0.002511490439883003,0.002511490439883003,-0.0025114904398829963,0.0025114904398829963,0.20795907601887897,0.20795907601887897,0.0001933106519093,0.0001286052723466,0.9982882055911814,True,True,True,True,FULL,FULL_direct_poly_rank_3
212,0.56,4.25,0.032,0.0305,0.0305,0.0032729190185453,1.1764705882352942,0.0337729190185453,9.217143579218789,0.0305,0.0038842167742368,1.1764705882352942,0.0343842167742368,7.519799281276239,0.0006112977556915001,0.0006112977556915001,0.0006112977556914992,0.0006112977556914992,-1.69734429794255,1.69734429794255,0.0004346754190753,0.000152733226754,0.9862892555162152,True,True,True,True,FULL,FULL_direct_poly_rank_3
213,0.61,4.25,0.036,0.032,0.032,0.0097117896904809,1.1764705882352942,0.0417117896904809,6.613265489413038,0.032,0.0099748635323785,1.1764705882352942,0.0419748635323785,6.360827063925593,0.00026307384189759933,0.00026307384189759933,0.00026307384189759586,0.00026307384189759586,-0.252438425487445,0.252438425487445,0.0001032405436107,4.370426321062635e-05,0.9994218318981848,True,True,True,True,FULL,FULL_direct_poly_rank_3
214,0.8,4.25,0.041,0.0365,0.0365,0.0146135447707714,1.1764705882352942,0.0511135447707714,4.687843076991533,0.0365,0.0139374546804543,1.1764705882352942,0.0504374546804543,4.980982336589111,-0.0006760900903171,0.0006760900903171,-0.0006760900903171052,0.0006760900903171052,0.29313925959757814,0.29313925959757814,0.0002106119711307,9.520751035345856e-05,0.9984568971038472,True,True,True,True,FULL,FULL_direct_poly_rank_3
215,0.85,4.25,0.053,0.0412499999999999,0.0412499999999999,0.0449535990108785,1.1764705882352942,0.0862035990108784,3.4008265344224067,0.0412499999999999,0.0411464467123875,1.1764705882352942,0.0823964467123874,3.754844551798299,-0.003807152298491004,0.003807152298491004,-0.003807152298491004,0.003807152298491004,0.3540180173758922,0.3540180173758922,0.0004992010587537,0.0002843859959168,0.995280985917416,True,True,True,True,FULL,FULL_direct_poly_rank_3
216,1.18,4.75,0.072,0.06875,0.06875,0.0144953537063408,1.0526315789473684,0.0832453537063408,3.803418428356459,0.06875,0.0143269381326995,1.0526315789473684,0.0830769381326995,3.846925804221212,-0.000168415573641301,0.000168415573641301,-0.00016841557364130622,0.00016841557364130622,0.04350737586475306,0.04350737586475306,7.486881616654307e-05,3.1955276889173436e-05,0.9999483010567009,True,True,True,True,FULL,FULL_direct_poly_rank_3
217,1.07,4.75,0.082,0.07425,0.07425,0.0316745022212473,1.0526315789473684,0.1059245022212473,3.494012368300583,0.07425,0.0295062112215176,1.0526315789473684,0.1037562112215176,3.78041104904161,-0.002168290999729698,0.002168290999729698,-0.002168290999729705,0.002168290999729705,0.2863986807410268,0.2863986807410268,0.0005921473927071,0.0002757225016271,0.9973225108978084,True,True,True,True,FULL,FULL_direct_poly_rank_3
218,0.99,4.75,0.091,0.0815,0.0815,0.0350845623553453,1.0526315789473684,0.1165845623553453,3.740061038065954,0.0815,0.0329306197263244,1.0526315789473684,0.1144306197263244,4.031224558690068,-0.0021539426290209038,0.0021539426290209038,-0.002153942629020897,0.002153942629020897,0.29116352062411455,0.29116352062411455,0.0006060422422112,0.0002806867477928,0.9975884315140484,True,True,True,True,FULL,FULL_direct_poly_rank_3
219,1.33,4.75,0.123,0.109,0.109,0.0845437839006371,1.0526315789473684,0.1935437839006371,2.512415047002486,0.109,0.0755113787622987,1.0526315789473684,0.1845113787622987,2.772275696371311,-0.009032405138338404,0.009032405138338404,-0.00903240513833839,0.00903240513833839,0.2598606493688247,0.2598606493688247,0.0012615571936789,0.000664569796121,0.9953494349489198,True,True,True,True,FULL,FULL_direct_poly_rank_3
220,0.57,3.0,0.057,0.045,0.045,0.0423378142666348,1.6666666666666667,0.0873378142666348,5.252909248352316,0.045,0.038665384570948,1.6666666666666667,0.083665384570948,5.866381874907927,-0.0036724296956867977,0.0036724296956867977,-0.003672429695686791,0.003672429695686791,0.6134726265556107,0.6134726265556107,0.0005791159982484,0.0003162720011896,0.994261429768122,True,True,True,True,FULL,FULL_direct_poly_rank_3
221,0.74,3.0,0.052,0.0426666666666666,0.0426666666666666,0.0483380999196384,1.6666666666666667,0.091004766586305,3.990648101805694,0.0426666666666666,0.0428666392115446,1.6666666666666667,0.0855333058782113,4.459531384076354,-0.005471460708093803,0.005471460708093803,-0.005471460708093706,0.005471460708093706,0.4688832822706601,0.4688832822706601,0.0005948775259666,0.0003379916971787,0.9937187847707858,True,True,True,True,FULL,FULL_direct_poly_rank_3
222,1.17,3.75,0.042,0.037,0.037,0.0379972465016185,1.3333333333333333,0.0749972465016185,2.7555455668379523,0.037,0.0327738880215843,1.3333333333333333,0.0697738880215843,3.0857130423451222,-0.005223358480034204,0.005223358480034204,-0.005223358480034204,0.005223358480034204,0.33016747550716996,0.33016747550716996,0.0005312056820471,0.000291566829421,0.9934079932052006,True,True,True,True,FULL,FULL_direct_poly_rank_3
223,2.7,4.333333333333333,0.036,0.0356666666666666,0.0356666666666666,0.012315781767816,1.153846153846154,0.0479824484344826,2.0063850757344786,0.0356666666666666,0.015763749413902,1.153846153846154,0.0514304160805686,1.8316427883515536,0.0034479676460860004,0.0034479676460860004,0.0034479676460860004,0.0034479676460860004,-0.17474228738292497,0.17474228738292497,0.0004075987906337,0.0002279826397394,0.9965646138932904,True,True,True,True,FULL,FULL_direct_poly_rank_3
224,0.75,3.5,0.022,0.02125,0.02125,0.0026705992767688,1.4285714285714286,0.0239205992767688,6.637578410976577,0.02125,0.0028274751547296,1.4285714285714286,0.0240774751547296,6.269883796430759,0.00015687587796079988,0.00015687587796079988,0.00015687587796080205,0.00015687587796080205,-0.367694614545818,0.367694614545818,0.0001050552731407,4.076889975496817e-05,0.9987706646648506,True,True,True,True,FULL,FULL_direct_poly_rank_3
225,1.15,3.5,0.021,0.02,0.02,0.0073958891535081,1.4285714285714286,0.0273958891535081,3.6113543932907137,0.02,0.00678761267704,1.4285714285714286,0.02678761267704,3.8693874960042822,-0.0006082764764680998,0.0006082764764680998,-0.0006082764764681024,0.0006082764764681024,0.2580331027135685,0.2580331027135685,0.0001527572587692,7.321276242447135e-05,0.997945605875184,True,True,True,True,FULL,FULL_direct_poly_rank_3
226,1.1,3.5,0.02,0.01925,0.01925,0.004956977641193,1.4285714285714286,0.024206977641193,4.054827267846036,0.01925,0.0047469537643912,1.4285714285714286,0.0239969537643912,4.201023537008335,-0.0002100238768018006,0.0002100238768018006,-0.000210023876801798,0.000210023876801798,0.14619626916229844,0.14619626916229844,7.18564682882682e-05,3.291893027100574e-05,0.9994800307820234,True,True,True,True,FULL,FULL_direct_poly_rank_3
227,1.25,3.5,0.019,0.01875,0.01875,0.0019847706438796,1.4285714285714286,0.0207347706438796,4.418502888206739,0.01875,0.0023639768237708,1.4285714285714286,0.0211139768237708,3.977159587259392,0.0003792061798912,0.0003792061798912,0.0003792061798912026,0.0003792061798912026,-0.4413433009473473,0.4413433009473473,0.0002036833530643,9.090269049789258e-05,0.9955397961072132,True,True,True,True,FULL,FULL_direct_poly_rank_3
228,0.7,3.0,0.059,0.0456666666666666,0.0456666666666666,0.0656740182268081,1.6666666666666667,0.1113406848934747,3.9285722676402535,0.0456666666666666,0.0585737159272862,1.6666666666666667,0.1042403825939528,4.365851165644177,-0.007100302299521903,0.007100302299521903,-0.00710030229952191,0.00710030229952191,0.4372788980039233,0.4372788980039233,0.0006453677279393,0.0003883646281107,0.9942459949579284,True,True,True,True,FULL,FULL_direct_poly_rank_3
229,0.8,3.75,0.039,0.03775,0.03775,0.0044128695173391,1.3333333333333333,0.0421628695173391,6.31959788609588,0.03775,0.0046547645290011,1.3333333333333333,0.0424047645290011,5.989391418791765,0.00024189501166200014,0.00024189501166200014,0.00024189501166199667,0.00024189501166199667,-0.33020646730411496,0.33020646730411496,0.0001745572157768,6.682648112587421e-05,0.998913559162675,True,True,True,True,FULL,FULL_direct_poly_rank_3
230,1.1,3.75,0.031,0.03025,0.03025,0.004226216061608,1.3333333333333333,0.034476216061608,4.574641618565765,0.03025,0.0044724817293295,1.3333333333333333,0.0347224817293295,4.376407098814821,0.00024626566772150034,0.00024626566772150034,0.0002462656677214986,0.0002462656677214986,-0.19823451975094386,0.19823451975094386,0.000131529483519,5.623491789381391e-05,0.9992208584201332,True,True,True,True,FULL,FULL_direct_poly_rank_3
234,0.99,3.0,0.523,0.4803333333333333,0.4803333333333333,0.3422582854093307,1.6666666666666667,0.822591618742664,3.6102895519762694,0.4803333333333333,0.3156224195657461,1.6666666666666667,0.7959557528990794,3.8303353815386494,-0.026635865843584572,0.026635865843584572,-0.026635865843584572,0.026635865843584572,0.22004582956237995,0.22004582956237995,0.0033803123414132,0.0017820975340135,0.9983679057536452,True,True,True,True,FULL,FULL_direct_poly_rank_3
235,1.49,3.0,0.929,0.87,0.87,1.3911680147990315,1.6666666666666667,2.261168014799032,2.4688599946843404,0.87,1.4107475595550207,1.6666666666666667,2.280747559555021,2.4557124597336215,0.01957954475598922,0.01957954475598922,0.019579544755988998,0.019579544755988998,-0.013147534950718853,0.013147534950718853,0.0006737709185032,0.0003941581686126,0.9999839572821584,True,True,True,True,FULL,FULL_direct_poly_rank_3
236,2.48,3.5,1.278,1.2245,1.2245,4.974718816480315,1.4285714285714286,6.199218816480315,1.7047169871616714,1.2245,5.146830978369201,1.4285714285714286,6.371330978369201,1.6941444598344395,0.17211216188888656,0.17211216188888656,0.17211216188888656,0.17211216188888656,-0.010572527327231906,0.010572527327231906,0.0014307304396937,0.0008391405078225,0.9999634783657928,True,True,True,True,FULL,FULL_direct_poly_rank_3
238,1.16,3.0,0.606,0.5299999999999999,0.5299999999999999,0.9995028593983644,1.6666666666666667,1.5295028593983642,2.6762963684092975,0.5299999999999999,0.913085250975048,1.6666666666666667,1.443085250975048,2.7996136809550745,-0.08641760842331636,0.08641760842331636,-0.08641760842331614,0.08641760842331614,0.12331731254577694,0.12331731254577694,0.0034885435700787,0.0020873656609145,0.99879639513903,True,True,True,True,FULL,FULL_direct_poly_rank_3
239,2.0,3.5,0.785,0.745,0.745,1.4880839300345443,1.4285714285714286,2.2330839300345446,1.9471028822830023,0.745,1.5248399718164611,1.4285714285714286,2.2698399718164612,1.9325727813316016,0.036756041781916826,0.036756041781916826,0.036756041781916604,0.036756041781916604,-0.014530100951400726,0.014530100951400726,0.0008754469993491,0.0005209520013227,0.9999647580790124,True,True,True,True,FULL,FULL_direct_poly_rank_3
240,1.84,3.0,1.067,0.9266666666666667,0.9266666666666667,11.34965538746409,1.6666666666666667,12.276322054130755,1.8769974838423913,0.9266666666666667,11.392883815114525,1.6666666666666667,12.319550481781189,1.8760970279611189,0.04322842765043511,0.04322842765043511,0.04322842765043333,0.04322842765043333,-0.0009004558812724106,0.0009004558812724106,0.0001284630515788,8.110688101551467e-05,0.9999995956505816,True,True,True,True,FULL,FULL_direct_poly_rank_3
241,2.5,3.5,1.53,1.435,1.435,11.191062390354295,1.4285714285714286,12.626062390354296,1.6206039521105755,1.435,10.464953686479134,1.4285714285714286,11.899953686479137,1.6359337932537208,-0.7261087038751608,0.7261087038751608,-0.726108703875159,0.726108703875159,0.015329841143145284,0.015329841143145284,0.0032033641869914,0.0018955281747119,0.9998681546695286,True,True,True,True,FULL,FULL_direct_poly_rank_3
242,1.28,13.0,0.381,0.236,0.236,0.2798827945510767,0.3846153846153846,0.5158827945510767,2.332154177278262,0.236,0.2727152457916784,0.3846153846153846,0.5087152457916784,2.464964580381426,-0.00716754875939829,0.00716754875939829,-0.00716754875939829,0.00716754875939829,0.13281040310316428,0.13281040310316428,0.001577286963225,0.0008564469319724,0.9990735838139512,True,True,True,True,FULL,FULL_direct_poly_rank_3
243,1.94,13.0,1.479,1.139,1.139,0.9051763320711632,0.3846153846153846,2.0441763320711632,1.6142343389282214,1.139,0.9156576428877086,0.3846153846153846,2.0546576428877086,1.5889281816253067,0.010481310816545353,0.010481310816545353,0.010481310816545353,0.010481310816545353,-0.025306157302914745,0.025306157302914745,0.0019201419479977,0.001047975729117,0.9998939559851876,True,True,True,True,FULL,FULL_direct_poly_rank_3
244,2.29,13.0,30.401,2.493,2.493,191.4872115140508,0.3846153846153846,193.9802115140508,0.5794840127037909,2.493,185.53703017308712,0.3846153846153846,188.0300301730871,0.5873262158484441,-5.950181340963695,5.950181340963695,-5.950181340963695,5.950181340963695,0.007842203144653226,0.007842203144653226,0.0839034519325354,0.0706147147706193,0.9999220434834528,True,True,True,True,FULL,FULL_direct_poly_rank_3
245,3.95,13.0,5.488,4.171,4.171,11.473466241634494,0.3846153846153846,15.644466241634497,0.6512771868667829,4.171,13.92839937208932,0.3846153846153846,18.09939937208932,0.5941275000211645,2.454933130454826,2.454933130454826,2.4549331304548225,2.4549331304548225,-0.057149686845618386,0.057149686845618386,0.0591468101334389,0.0414699592307125,0.9953076349432344,True,True,True,True,FULL,FULL_direct_poly_rank_3
246,0.34,13.0,0.306,0.104,0.104,0.238125551076079,0.3846153846153846,0.342125551076079,11.465962069935722,0.104,0.2396519546974724,0.3846153846153846,0.3436519546974724,10.959803542575596,0.0015264036213934185,0.0015264036213934185,0.0015264036213933907,0.0015264036213933907,-0.5061585273601263,0.5061585273601263,0.0004858579704737,0.0002362233920989,0.9999176170529191,True,True,True,True,FULL,FULL_direct_poly_rank_3
247,0.55,13.0,1.422,0.768,0.768,0.854926430267495,0.3846153846153846,1.622926430267495,6.829794290098721,0.768,0.8888437196874279,0.3846153846153846,1.656843719687428,5.877323149668497,0.03391728941993288,0.03391728941993288,0.03391728941993288,0.03391728941993288,-0.952471140430224,0.952471140430224,0.0105954008353387,0.0051673049391446,0.9970288093078528,True,True,True,True,FULL,FULL_direct_poly_rank_3
248,1.07,13.0,2.417,1.547,1.547,1.4889207977309928,0.3846153846153846,3.0359207977309928,3.0462519251595546,1.547,1.4944169990987068,0.3846153846153846,3.0414169990987068,3.0191986782045093,0.005496201367714004,0.005496201367714004,0.005496201367714004,0.005496201367714004,-0.027053246955045296,0.027053246955045296,0.0014425257527622,0.0007394789624257,0.999978156125134,True,True,True,True,FULL,FULL_direct_poly_rank_3
249,1.08,13.0,4.482,3.316,3.316,1.9761134955053168,0.3846153846153846,5.292113495505316,3.3738748448845737,3.316,2.0497586794216582,0.3846153846153846,5.365758679421658,3.10795336243369,0.07364518391634145,0.07364518391634145,0.07364518391634167,0.07364518391634167,-0.26592148245088376,0.26592148245088376,0.0230022848049783,0.0108495589758838,0.9979165623126288,True,True,True,True,FULL,FULL_direct_poly_rank_3
250,0.1,15.0,0.367,0.136,0.136,0.2402542971419538,0.3333333333333333,0.3762542971419538,56.09759499434641,0.136,0.2752700647811316,0.3333333333333333,0.4112700647811316,24.56908295636171,0.0350157676391778,0.0350157676391778,0.0350157676391778,0.0350157676391778,-31.528512037984697,31.528512037984697,0.0094161643801231,0.005323405283415,0.9724493111097052,True,True,True,True,FULL,FULL_direct_poly_rank_3
251,0.67,15.0,1.297,0.843,0.843,0.5998183417647385,0.3333333333333333,1.4428183417647384,6.0080454699914485,0.843,0.5917343249006755,0.3333333333333333,1.4347343249006754,6.430974304362437,-0.008084016864063015,0.008084016864063015,-0.008084016864063015,0.008084016864063015,0.42292883437098894,0.42292883437098894,0.0038070556066331,0.0014519228727961,0.9993671301536758,True,True,True,True,FULL,FULL_direct_poly_rank_3
252,0.78,15.0,3.232,2.23,2.23,1.3862854300913423,0.3333333333333333,3.6162854300913425,5.115435733153055,2.23,1.364579955521048,0.3333333333333333,3.594579955521048,5.476838270676712,-0.02170547457029426,0.02170547457029426,-0.02170547457029448,0.02170547457029448,0.3614025375236567,0.3614025375236567,0.0103771358617813,0.0039285276272262,0.9991769994940296,True,True,True,True,FULL,FULL_direct_poly_rank_3
253,2.08,15.0,4.233,3.386,3.386,2.0681407318693763,0.3333333333333333,5.454140731869376,1.6219591173534793,3.386,1.980864883247893,0.3333333333333333,5.366864883247893,1.7420294206231286,-0.0872758486214833,0.0872758486214833,-0.0872758486214833,0.0872758486214833,0.12007030326964929,0.12007030326964929,0.0234383747647091,0.0112767146796754,0.9979071526352812,True,True,True,True,FULL,FULL_direct_poly_rank_3
254,0.42,15.0,0.464,0.223,0.223,0.286841251907236,0.3333333333333333,0.509841251907236,9.785018691865965,0.223,0.2823390397143928,0.3333333333333333,0.5053390397143928,11.265425683648871,-0.004502212192843191,0.004502212192843191,-0.004502212192843191,0.004502212192843191,1.4804069917829068,1.4804069917829068,0.0019010384488136,0.0007669794279004,0.9991988400951364,True,True,True,True,FULL,FULL_direct_poly_rank_3
255,1.34,15.0,1.532,0.812,0.812,1.3202731944591186,0.3333333333333333,2.1322731944591187,2.118955632610797,0.812,1.2035796060731332,0.3333333333333333,2.0155796060731332,2.7587063441578796,-0.11669358838598543,0.11669358838598543,-0.11669358838598543,0.11669358838598543,0.6397507115470829,0.6397507115470829,0.0295148338930971,0.01520074843499,0.9841666622579808,True,True,True,True,FULL,FULL_direct_poly_rank_3
256,1.56,15.0,2.845,1.821,1.821,2.049502462074934,0.3333333333333333,3.870502462074933,1.917214666999875,1.821,1.9078005944006848,0.3333333333333333,3.728800594400685,2.257245615640038,-0.14170186767424897,0.14170186767424897,-0.1417018676742483,0.1417018676742483,0.3400309486401627,0.3400309486401627,0.0346741684617473,0.0178567159503012,0.9916608872246367,True,True,True,True,FULL,FULL_direct_poly_rank_3
257,1.9,15.0,4.37,3.015,3.015,3.1599174946212627,0.3333333333333333,6.174917494621263,1.5540138559861083,3.015,2.9985554162483044,0.3333333333333333,6.0135554162483045,1.702638772514807,-0.16136207837295835,0.16136207837295835,-0.16136207837295835,0.16136207837295835,0.1486249165286988,0.1486249165286988,0.0321767349712309,0.0174936909914807,0.9968201851608792,True,True,True,True,FULL,FULL_direct_poly_rank_3
258,2.09,15.0,55.263,3.813,3.813,190.18212243089908,0.3333333333333333,193.99512243089907,0.7174733228095233,3.813,168.17441785343686,0.3333333333333333,171.98741785343685,0.7995508441388377,-22.00770457746222,22.00770457746222,-22.00770457746222,22.00770457746222,0.08207752132931445,0.08207752132931445,1.0321408734875137,0.7962826763144081,0.9963696189146144,True,True,True,True,FULL,FULL_direct_poly_rank_3
284,0.27,1.6652089623887931,2.655,1.3036485066778338,1.3036485066778338,4.61028992899217,3.002626164602998,5.913938435670004,7.913618795998358,1.3036485066778338,4.405075538317821,3.002626164602998,5.7087240449956544,8.301475998581683,-0.20521439067434954,0.20521439067434954,-0.20521439067434954,0.20521439067434954,0.3878572025833247,0.3878572025833247,0.014391050911947,0.0103011078169002,0.9991160603587405,True,True,True,True,FULL,FULL_direct_poly_rank_3
285,0.5,3.083720300719987,2.417,0.6555920235894309,0.6555920235894309,7.127781251237852,1.621418128885619,7.783373274827283,3.420782268328867,0.6555920235894309,5.893692036909588,1.621418128885619,6.549284060499019,4.063638880801517,-1.2340892143282636,1.2340892143282636,-1.2340892143282636,1.2340892143282636,0.64285661247265,0.64285661247265,0.0594661673026343,0.0455539259461475,0.9901422014178154,True,True,True,True,FULL,FULL_direct_poly_rank_3
286,0.88,5.4273477292671775,5.477,2.848434309388562,2.848434309388562,8.806082929225237,0.9212603005031926,11.6545172386138,2.5046228694450243,2.848434309388562,8.250318804679013,0.9212603005031926,11.098753114067575,2.691502722894783,-0.5557641245462239,0.5557641245462239,-0.5557641245462239,0.5557641245462239,0.18687985344975866,0.18687985344975866,0.0430299189990235,0.0300826503417696,0.997978242436526,True,True,True,True,FULL,FULL_direct_poly_rank_3
287,0.29,1.7885577744175924,3.214,1.959240530267265,1.959240530267265,3.9894927128527247,2.7955484980786536,5.94873324311999,8.412171305906568,1.959240530267265,3.7818804317145345,2.7955484980786536,5.7411209619818,8.96523873235426,-0.2076122811381902,0.2076122811381902,-0.2076122811381893,0.2076122811381893,0.5530674264476918,0.5530674264476918,0.0203253530229009,0.0133372470636924,0.9983093449321028,True,True,True,True,FULL,FULL_direct_poly_rank_3
288,0.44,2.7136738646335887,3.179,1.959240530267265,1.959240530267265,3.8637545585443656,1.8425206010063853,5.822995088811631,5.589277438658442,1.959240530267265,3.5034103417274975,1.8425206010063853,5.462650871994763,6.326502951298169,-0.360344216816868,0.360344216816868,-0.360344216816868,0.360344216816868,0.7372255126397267,0.7372255126397267,0.0387153756251167,0.0246995577443374,0.9936149121236516,True,True,True,True,FULL,FULL_direct_poly_rank_3
289,0.44,2.7136738646335887,5.856,2.848434309388562,2.848434309388562,10.290924987900752,1.8425206010063853,13.139359297289314,4.832563228905287,2.848434309388562,9.203024736822227,1.8425206010063853,12.051459046210791,5.474824024028842,-1.0879002510785245,1.0879002510785245,-1.0879002510785227,1.0879002510785227,0.6422607951235548,0.6422607951235548,0.0821243796293041,0.0577449203906627,0.9941620535173517,True,True,True,True,FULL,FULL_direct_poly_rank_3
291,0.42,2.590325052604789,4.293,1.959240530267265,1.959240530267265,8.144262348078403,1.9302596772447849,10.103502878345669,4.906645401620717,1.959240530267265,7.266173128288526,1.9302596772447849,9.22541365855579,5.550879822610458,-0.8780892197898771,0.8780892197898771,-0.878089219789878,0.878089219789878,0.6442344209897408,0.6442344209897408,0.0615531344529449,0.0440396268549533,0.9944096704827436,True,True,True,True,FULL,FULL_direct_poly_rank_3
292,0.27,1.6652089623887931,1.816,0.6555920235894309,0.6555920235894309,4.340373544875488,3.002626164602998,4.99596556846492,6.93036783035678,0.6555920235894309,4.046331142926015,3.002626164602998,4.701923166515447,7.395651074329907,-0.29404240194947295,0.29404240194947295,-0.29404240194947295,0.29404240194947295,0.4652832439731265,0.4652832439731265,0.0155499361333258,0.0117543139818669,0.9984805110679956,True,True,True,True,FULL,FULL_direct_poly_rank_3
293,0.55,3.392092330791986,3.752,1.3488617496840016,1.3488617496840016,8.999404803617814,1.4740164808051082,10.348266553301816,3.397073578572742,1.3488617496840016,7.756584168175294,1.4740164808051082,9.105445917859296,3.9361102133876127,-1.24282063544252,1.24282063544252,-1.24282063544252,1.24282063544252,0.5390366348148707,0.5390366348148707,0.0714421229018251,0.0532077946023993,0.9925175390953088,True,True,True,True,FULL,FULL_direct_poly_rank_3
295,1.2,7.400928721727968,0.0307,0.0217962758401608,0.0217962758401608,0.0268208917452208,0.6755908870356747,0.0486171675853816,2.3157906832156443,0.0217962758401608,0.0269780935842293,0.6755908870356747,0.0487743694243901,2.2994129285017597,0.00015720183900849727,0.00015720183900849727,0.00015720183900849727,0.00015720183900849727,-0.016377754713884585,0.016377754713884585,1.9661187136101127e-05,1.197336871725692e-05,0.999977858781678,True,True,True,True,FULL,FULL_direct_poly_rank_3
296,2.0,12.334881202879949,0.131,0.0508579769603752,0.0508579769603752,0.2935284290129898,0.4053545322214048,0.344386405973365,0.9614433155844516,0.0508579769603752,0.2923287512177573,0.4053545322214048,0.3431867281781325,0.9650234168765466,-0.001199677795232501,0.001199677795232501,-0.001199677795232501,0.001199677795232501,0.0035801012920949615,0.0035801012920949615,6.30603233449197e-05,4.772051098124383e-05,0.9999948178399448,True,True,True,True,FULL,FULL_direct_poly_rank_3
297,1.8,11.101393082591954,0.046,0.0145308505601072,0.0145308505601072,0.1222071066849876,0.4503939246904497,0.1367379572450948,0.9937795159488002,0.0145308505601072,0.1226913468809549,0.4503939246904497,0.1372221974410621,0.9905358055350916,0.00048424019596729484,0.00048424019596729484,0.00048424019596729484,0.00048424019596729484,-0.0032437104137086337,0.0032437104137086337,2.1394317992182467e-05,1.659326303836731e-05,0.9999960367206016,True,True,True,True,FULL,FULL_direct_poly_rank_3
302,0.75,4.625580451079981,0.055,0.0153092991217785,0.0153092991217785,0.1595143577214117,1.080945419257079,0.1748236568431902,2.2969478423570417,0.0153092991217785,0.1523291385442525,1.080945419257079,0.167638437666031,2.384897117501769,-0.007185219177159197,0.007185219177159197,-0.007185219177159197,0.007185219177159197,0.08794927514472706,0.08794927514472706,0.000304685563521,0.0002374801879965,0.9994909035267682,True,True,True,True,FULL,FULL_direct_poly_rank_3
303,0.91,5.612370947310377,0.041,0.0153092991217785,0.0153092991217785,0.0951653865132687,0.8908890818052851,0.1104746856350472,2.0818876302589207,0.0153092991217785,0.0962668930630326,0.8908890818052851,0.1115761921848111,2.0608709164289114,0.0011015065497639032,0.0011015065497639032,0.0011015065497639032,0.0011015065497639032,-0.021016713830009248,0.021016713830009248,5.5102240409467096e-05,4.201807010010539e-05,0.99996125427264,True,True,True,True,FULL,FULL_direct_poly_rank_3
304,1.87,11.533113924692753,0.046,0.0153092991217785,0.0153092991217785,0.1174680513670647,0.4335342590603259,0.1327773504888432,0.9728764088168116,0.0153092991217785,0.1163833072033306,0.4335342590603259,0.1316926063251091,0.9806036766624916,-0.0010847441637341082,0.0010847441637341082,-0.0010847441637341082,0.0010847441637341082,0.007727267845680008,0.007727267845680008,5.048831762986503e-05,3.88950252189481e-05,0.9999768951953568,True,True,True,True,FULL,FULL_direct_poly_rank_3
305,2.17,13.383346105124744,0.042,0.0153092991217785,0.0153092991217785,0.0995579974430193,0.373598647208668,0.1148672965647978,0.8653228395367738,0.0153092991217785,0.0962420229885413,0.373598647208668,0.1115513221103198,0.8922123790540583,-0.003315974454477996,0.003315974454477996,-0.003315974454477996,0.003315974454477996,0.026889539517284455,0.026889539517284455,0.0001702124506366,0.0001292848066692,0.9996563042090508,True,True,True,True,FULL,FULL_direct_poly_rank_3
311,1.45,8.942788872087963,1.14,0.7935883525311068,0.7935883525311068,1.051107361858608,0.5591096996157306,1.844695714389715,1.879665749713435,0.7935883525311068,1.081998522996284,0.5591096996157306,1.875586875527391,1.8168939184258588,0.030891161137676093,0.030891161137676093,0.030891161137676093,0.030891161137676093,-0.06277183128757624,0.06277183128757624,0.0035428209798923,0.0022169676093152,0.9994936694671832,True,True,True,True,FULL,FULL_direct_poly_rank_3
314,1.8,11.101393082591954,3.8,2.3726672172613705,2.3726672172613705,4.501119428750482,0.4503939246904497,6.873786646011853,1.379736428464202,2.3726672172613705,4.742703294306588,0.4503939246904497,7.115370511567958,1.3035822163045134,0.24158386555610534,0.24158386555610534,0.24158386555610534,0.24158386555610534,-0.07615421215968854,0.07615421215968854,0.02132744760534,0.0144096714658858,0.9986142025318344,True,True,True,True,FULL,FULL_direct_poly_rank_3
316,1.1,6.784184661583972,1.23,0.5909609098097346,0.5909609098097346,2.195000047586552,0.7370082404025541,2.7859609573962865,1.920963652491806,0.5909609098097346,2.129906791600648,0.7370082404025541,2.7208677014103824,1.981154949954325,-0.06509325598590365,0.06509325598590365,-0.0650932559859041,0.0650932559859041,0.06019129746251917,0.06019129746251917,0.0043663238523695,0.0031564322217932,0.9996324003157676,True,True,True,True,FULL,FULL_direct_poly_rank_3
317,0.75,4.625580451079981,0.94,0.7727950359050375,0.7727950359050375,0.4751593936736535,1.080945419257079,1.247954429578691,4.459377299507828,0.7727950359050375,0.4506518978162028,1.080945419257079,1.2234469337212404,4.812021916420959,-0.024507495857450712,0.024507495857450712,-0.024507495857450712,0.024507495857450712,0.352644616913131,0.352644616913131,0.005911062779488,0.0029053096167887,0.99749684084566,True,True,True,True,FULL,FULL_direct_poly_rank_3
320,1.3,8.017672781871967,3.7,1.9806931592524069,1.9806931592524069,5.70674005649928,0.6236223572636995,7.687433215751687,1.723838260148718,1.9806931592524069,5.7644490236866,0.6236223572636995,7.745142182939008,1.7058252874205913,0.057708967187320326,0.057708967187320326,0.057708967187321214,0.057708967187321214,-0.018012972728126853,0.018012972728126853,0.0042259288829467,0.0029951280520373,0.9999553297390822,True,True,True,True,FULL,FULL_direct_poly_rank_3
321,1.5,9.25116090215996,2.94,0.5553062574145964,0.5553062574145964,10.568278952724356,0.5404727096285398,11.123585210138952,1.04691166819964,0.5553062574145964,9.733600359006472,0.5404727096285398,10.28890661642107,1.1114596636994365,-0.834678593717884,0.834678593717884,-0.8346785937178822,0.8346785937178822,0.0645479954997965,0.0645479954997965,0.0289766316206075,0.0230502414160084,0.9987130265633816,True,True,True,True,FULL,FULL_direct_poly_rank_3
322,1.7,10.484649022447956,1.47,1.1106125148291928,1.1106125148291928,1.0572811334663703,0.4768876849663586,2.1678936482955633,1.7502458150213789,1.1106125148291928,1.0996423506613726,0.4768876849663586,2.2102548654905654,1.6691554140000415,0.0423612171950023,0.0423612171950023,0.04236121719500208,0.04236121719500208,-0.08109040102133735,0.08109040102133735,0.0060332184439487,0.0035231522070163,0.999012392511496,True,True,True,True,FULL,FULL_direct_poly_rank_3
323,1.7,10.484649022447956,7.35,2.2212250296583855,2.2212250296583855,20.160376750419932,0.4768876849663586,22.381601780078316,1.0379375597762583,2.2212250296583855,20.661866139770297,0.4768876849663586,22.88309116942868,1.0177206645104038,0.5014893893503647,0.5014893893503647,0.5014893893503647,0.5014893893503647,-0.020216895265854573,0.020216895265854573,0.0210428031453528,0.0164218575932928,0.999855211989523,True,True,True,True,FULL,FULL_direct_poly_rank_3
327,0.1,0.6167440601439975,0.08,0.0796743371481683,0.0796743371481683,0.0008090983306987,8.107090644428094,0.080483435478867,77.68977402204777,0.0796743371481683,0.0093549004322661,8.107090644428094,0.0890292375804344,31.453195811986344,0.0085458021015674,0.0085458021015674,0.008545802101567412,0.008545802101567412,-46.236578210061424,46.236578210061424,0.0048634256249144,0.00181716921217,0.7280963347236515,True,True,True,True,FULL,FULL_direct_poly_rank_3
329,1.2,7.400928721727968,0.024,0.0202072594216368,0.0202072594216368,0.010665146237602,0.6755908870356747,0.0308724056592388,2.9023919692701785,0.0202072594216368,0.0108842249940757,0.6755908870356747,0.0310914844157125,2.826822928708602,0.00021907875647370068,0.00021907875647370068,0.00021907875647370068,0.00021907875647370068,-0.07556904056157654,0.07556904056157654,5.117561175876017e-05,2.541798534841185e-05,0.9997086556225464,True,True,True,True,FULL,FULL_direct_poly_rank_3
330,1.1,6.784184661583972,0.025,0.0202072594216368,0.0202072594216368,0.0137190748784508,0.7370082404025541,0.0339263343000876,2.9611290302817843,0.0202072594216368,0.0139374293555205,0.7370082404025541,0.0341446887771573,2.9017853969040903,0.00021835447706970018,0.00021835447706970018,0.00021835447706970018,0.00021835447706970018,-0.059343633377693994,0.059343633377693994,4.196066727466856e-05,2.2208175071398267e-05,0.9998236847875124,True,True,True,True,FULL,FULL_direct_poly_rank_3
331,1.25,7.709300751799968,0.047,0.0398371685740841,0.0398371685740841,0.0200809505252075,0.6485672515542477,0.0599181190992916,2.820311710406355,0.0398371685740841,0.0203373376089321,0.6485672515542477,0.0601745061830162,2.773639736796596,0.00025638708372460045,0.00025638708372460045,0.00025638708372460045,0.00025638708372460045,-0.04667197360975894,0.04667197360975894,6.31854181146927e-05,3.085021352297733e-05,0.9998838885122444,True,True,True,True,FULL,FULL_direct_poly_rank_3
332,1.2,7.400928721727968,0.05,0.0398371685740841,0.0398371685740841,0.0292663957131568,0.6755908870356747,0.0691035642872409,2.6576864448773354,0.0398371685740841,0.0292834974442437,0.6755908870356747,0.0691206660183278,2.6556705963114444,1.7101731086897887e-05,1.7101731086897887e-05,1.7101731086890948e-05,1.7101731086890948e-05,-0.0020158485658909875,0.0020158485658909875,3.1776204001307736e-06,1.7005344879792577e-06,0.9999997500607316,True,True,True,True,FULL,FULL_direct_poly_rank_3
333,1.6,9.86790496230396,0.093,0.0796743371481683,0.0796743371481683,0.0371742575975103,0.5066931652767559,0.1168485947456786,2.2486028629786348,0.0796743371481683,0.0378568895382424,0.5066931652767559,0.1175312266864107,2.195616547463365,0.0006826319407320994,0.0006826319407320994,0.0006826319407320924,0.0006826319407320924,-0.052986315515269666,0.052986315515269666,0.0001774251515676,8.517717431395025e-05,0.999765353787274,True,True,True,True,FULL,FULL_direct_poly_rank_3
334,2.5,15.418601503599936,0.1,0.0796743371481683,0.0796743371481683,0.0585327914263222,0.3242836257771238,0.1382071285744905,1.275689493540873,0.0796743371481683,0.0524477098791594,0.3242836257771238,0.1321220470273277,1.5154364622539214,-0.0060850815471628,0.0060850815471628,-0.006085081547162807,0.006085081547162807,0.23974696871304846,0.23974696871304846,0.0014589361006517,0.0007177262330266,0.9868282640815328,True,True,True,True,FULL,FULL_direct_poly_rank_3
335,1.8,11.101393082591954,0.233,0.1991858428704208,0.1991858428704208,0.0944249962521731,0.4503939246904497,0.2936108391225939,1.9904398436807709,0.1991858428704208,0.0970807217163185,0.4503939246904497,0.2962665645867393,1.92038848616163,0.0026557254641454003,0.0026557254641454003,0.0026557254641453865,0.0026557254641453865,-0.07005135751914082,0.07005135751914082,0.0006680815226157,0.0003240511734865,0.9994703090800288,True,True,True,True,FULL,FULL_direct_poly_rank_3
336,4.0,24.669762405759897,0.251,0.1991858428704208,0.1991858428704208,0.1494580982300445,0.2026772661107024,0.3486439411004653,0.792806515114832,0.1991858428704208,0.1322510196471148,0.2026772661107024,0.3314368625175356,0.9652019189128525,-0.01720707858292969,0.01720707858292969,-0.01720707858292969,0.01720707858292969,0.17239540379802043,0.17239540379802043,0.0042001085751638,0.0020536828320189,0.982731094352062,True,True,True,True,FULL,FULL_direct_poly_rank_3
337,1.13,6.96920787962717,0.045,0.0153092991217785,0.0153092991217785,0.1129415099906837,0.7174416499493891,0.1282508091124622,1.6219045254507285,0.0153092991217785,0.1154006539285701,0.7174416499493891,0.1307099530503486,1.5927723970024843,0.0024591439378864044,0.0024591439378864044,0.0024591439378864044,0.0024591439378864044,-0.0291321284482442,0.0291321284482442,0.0001129650955159,8.717737673356025e-05,0.9998766731391332,True,True,True,True,FULL,FULL_direct_poly_rank_3
338,1.74,10.731346646505555,0.033,0.0153092991217785,0.0153092991217785,0.0614267591501006,0.4659247496797756,0.0767360582718792,1.1936384711708052,0.0153092991217785,0.0614206228109704,0.4659247496797756,0.0767299219327489,1.193755566865982,-6.136339130199953e-06,6.136339130199953e-06,-6.136339130297097e-06,6.136339130297097e-06,0.0001170956951768165,0.0001170956951768165,3.823356897797626e-07,2.806608640047205e-07,0.9999999962687806,True,True,True,True,FULL,FULL_direct_poly_rank_3
339,2.13,13.136648481067144,0.035,0.0153092991217785,0.0153092991217785,0.0696089127687665,0.3806145842454505,0.084918211890545,0.9488333573269884,0.0153092991217785,0.0665103343225115,0.3806145842454505,0.08181963344429,0.9926812712426404,-0.0030985784462550098,0.0030985784462550098,-0.0030985784462550098,0.0030985784462550098,0.043847913915652015,0.043847913915652015,0.0001908646518556,0.0001404137528974,0.999234606651056,True,True,True,True,FULL,FULL_direct_poly_rank_3
340,3.5,21.58604210503991,0.026,0.0153092991217785,0.0153092991217785,0.0343911652377439,0.2316311612693741,0.0497004643595224,0.6801344819537776,0.0153092991217785,0.0373631109814565,0.2316311612693741,0.052672410103235,0.6245594936415588,0.002971945743712595,0.002971945743712595,0.002971945743712602,0.002971945743712602,-0.05557498831221874,0.05557498831221874,0.0002290941238447,0.0001603211123829,0.9969012148894222,True,True,True,True,FULL,FULL_direct_poly_rank_3
341,1.13,6.96920787962717,0.055,0.0153092991217785,0.0153092991217785,0.1595143577209842,0.7174416499493891,0.1748236568427627,1.524522904222498,0.0153092991217785,0.1593082723463608,0.7174416499493891,0.1746175714681393,1.5260797483312305,-0.00020608537462341037,0.00020608537462341037,-0.0002060853746233826,0.0002060853746233826,0.0015568441087325802,0.0015568441087325802,8.37350611909508e-06,6.558573741221891e-06,0.9999996154870082,True,True,True,True,FULL,FULL_direct_poly_rank_3
342,1.22,7.524277533756768,0.039,0.0153092991217785,0.0153092991217785,0.0864894320112215,0.6645156265924669,0.101798731133,1.5829859963913084,0.0153092991217785,0.0896563194745356,0.6645156265924669,0.1049656185963141,1.5334113392749629,0.0031668874633141025,0.0031668874633141025,0.0031668874633141025,0.0031668874633141025,-0.049574657116345566,0.049574657116345566,0.0001614064507326,0.0001227302212232,0.9996122525746836,True,True,True,True,FULL,FULL_direct_poly_rank_3
343,1.45,8.942788872087963,0.034,0.0153092991217785,0.0153092991217785,0.0654950286258003,0.5591096996157306,0.0808043277475788,1.4123161332544465,0.0153092991217785,0.0676607752157515,0.5591096996157306,0.08297007433753,1.3696358597613267,0.002165746589951209,0.002165746589951209,0.002165746589951195,0.002165746589951195,-0.04268027349311976,0.04268027349311976,0.0001262001557853,9.382756285990436e-05,0.9996319432350184,True,True,True,True,FULL,FULL_direct_poly_rank_3
344,2.17,13.383346105124744,0.028,0.0153092991217785,0.0153092991217785,0.0418356081902535,0.373598647208668,0.057144907312032,1.0458293131757963,0.0153092991217785,0.0385220807707267,0.373598647208668,0.0538313798925052,1.1504848172090885,-0.003313527419526799,0.003313527419526799,-0.003313527419526799,0.003313527419526799,0.10465550403329216,0.10465550403329216,0.0002823224347755,0.0001925336063822,0.9964011426940064,True,True,True,True,FULL,FULL_direct_poly_rank_3
345,0.6,3.700464360863984,0.062,0.0153092991217785,0.0153092991217785,0.1936315334445874,1.3511817740713494,0.2089408325663659,2.78103428223211,0.0153092991217785,0.17785172046671,1.3511817740713494,0.1931610195884885,2.977050935893438,-0.015779812977877394,0.015779812977877394,-0.015779812977877394,0.015779812977877394,0.19601665366132792,0.19601665366132792,0.0006422248871449,0.0005028791180555,0.9983583830148784,True,True,True,True,FULL,FULL_direct_poly_rank_3
346,0.7,4.317208421007981,0.05,0.0153092991217785,0.0153092991217785,0.1358772828198478,1.1581558063468709,0.1511865819416263,2.530764500816095,0.0153092991217785,0.1305114808276241,1.1581558063468709,0.1458207799494026,2.618224199752648,-0.0053658019922236955,0.0053658019922236955,-0.0053658019922236955,0.0053658019922236955,0.08745969893655303,0.08745969893655303,0.0002419176685257,0.0001871437893665,0.9995820789058788,True,True,True,True,FULL,FULL_direct_poly_rank_3
347,0.9,5.550696541295977,0.034,0.0153092991217785,0.0153092991217785,0.0654950141480271,0.9007878493808994,0.0808043132698056,2.275398701589776,0.0153092991217785,0.0671088237962403,0.9007878493808994,0.0824181229180188,2.223422246153937,0.0016138096482131992,0.0016138096482131992,0.0016138096482131992,0.0016138096482131992,-0.051976455435839064,0.051976455435839064,9.4859916879758e-05,7.041488000528264e-05,0.9997920492397382,True,True,True,True,FULL,FULL_direct_poly_rank_3
348,1.8,11.101393082591954,0.027,0.0153092991217785,0.0153092991217785,0.038082793731829,0.4503939246904497,0.0533920928536075,1.2897687725693818,0.0153092991217785,0.0370665847935129,0.4503939246904497,0.0523758839152914,1.3291924574819762,-0.001016208938316096,0.001016208938316096,-0.001016208938316096,0.001016208938316096,0.0394236849125944,0.0394236849125944,8.475883680531247e-05,5.8151523291348465e-05,0.9996302257467224,True,True,True,True,FULL,FULL_direct_poly_rank_3
349,1.13,6.96920787962717,0.043,0.0153092991217785,0.0153092991217785,0.1039855497101338,0.7174416499493891,0.1192948488319123,1.6477168177591195,0.0153092991217785,0.1067027347742383,0.7174416499493891,0.1220120338960168,1.6117780942859108,0.0027171850641045103,0.0027171850641045103,0.0027171850641044965,0.0027171850641044965,-0.0359387234732087,0.0359387234732087,0.0001288501397447,9.900997152078992e-05,0.9998164650929476,True,True,True,True,FULL,FULL_direct_poly_rank_3
350,1.37,8.449393623972766,0.041,0.0153092991217785,0.0153092991217785,0.0951653865075495,0.591758441199131,0.110474685629328,1.3828596668882291,0.0153092991217785,0.0981957865988074,0.591758441199131,0.1135050857205859,1.3457049265688965,0.0030304000912579065,0.0030304000912579065,0.0030304000912579065,0.0030304000912579065,-0.037154740319332635,0.037154740319332635,0.0001486298825807,0.0001136646071769,0.9997180983790748,True,True,True,True,FULL,FULL_direct_poly_rank_3
351,1.67,10.299625804404757,0.032,0.0153092991217785,0.0153092991217785,0.057405854043788,0.4854545296064728,0.0727151531655665,1.2626030593869657,0.0153092991217785,0.0578445093270027,0.4854545296064728,0.0731538084487812,1.253122519318948,0.0004386552832146978,0.0004386552832146978,0.0004386552832146978,0.0004386552832146978,-0.009480540068017795,0.009480540068017795,2.803886704198926e-05,2.047663901804322e-05,0.9999777369530184,True,True,True,True,FULL,FULL_direct_poly_rank_3
352,2.91,17.947252150190327,0.03,0.0153092991217785,0.0153092991217785,0.0495137718239397,0.2785941802208967,0.0648230709457182,0.7494886652754336,0.0153092991217785,0.0459431180420474,0.2785941802208967,0.0612524171638259,0.8140096336441243,-0.003570653781892301,0.003570653781892301,-0.003570653781892294,0.003570653781892294,0.0645209683686907,0.0645209683686907,0.0002729786439679,0.000191424618987,0.9973642876551309,True,True,True,True,FULL,FULL_direct_poly_rank_3
353,0.9,5.550696541295977,0.037,0.0153092991217785,0.0153092991217785,0.0779670989319231,0.9007878493808994,0.0932763980537016,2.192227389199339,0.0153092991217785,0.0794597702677424,0.9007878493808994,0.0947690693895209,2.154424196685752,0.00149267133581929,0.00149267133581929,0.0014926713358193039,0.0014926713358193039,-0.0378031925135871,0.0378031925135871,8.11928920179872e-05,6.109891366314037e-05,0.99988420819943,True,True,True,True,FULL,FULL_direct_poly_rank_3
354,1.05,6.475812631511974,0.032,0.0153092991217785,0.0153092991217785,0.0574058541682785,0.7721038708979138,0.0727151532900571,2.0081400996379837,0.0153092991217785,0.0597096615224401,0.7721038708979138,0.0750189606442186,1.9333196397362096,0.002303807354161601,0.002303807354161601,0.0023038073541615106,0.0023038073541615106,-0.0748204599017741,0.0748204599017741,0.0001422032610167,0.0001045747738006,0.9994273585354596,True,True,True,True,FULL,FULL_direct_poly_rank_3
355,1.15,7.09255669165597,0.028,0.0153092991217785,0.0153092991217785,0.0418356081862674,0.7049644038633127,0.0571449073080459,1.9734344433232216,0.0153092991217785,0.0436787774535889,0.7049644038633127,0.0589880765753674,1.8880850556317892,0.001843169267321497,0.001843169267321497,0.001843169267321497,0.001843169267321497,-0.08534938769143241,0.08534938769143241,0.000133582183216,9.489896262025888e-05,0.99919430453335,True,True,True,True,FULL,FULL_direct_poly_rank_3
356,1.4,8.634416842015963,0.024,0.0153092991217785,0.0153092991217785,0.0272042150777216,0.5790779031734354,0.0425135141995001,1.8037445140554815,0.0153092991217785,0.0278031169631069,0.5790779031734354,0.0431124160848854,1.759928021586938,0.0005989018853852987,0.0005989018853852987,0.0005989018853852987,0.0005989018853852987,-0.04381649246854358,0.04381649246854358,5.731126011162472e-05,3.786141585143154e-05,0.99974006731022,True,True,True,True,FULL,FULL_direct_poly_rank_3
357,0.75,4.625580451079981,0.028,0.0153092991217785,0.0153092991217785,0.0418356081843982,1.080945419257079,0.0571449073061767,3.0259328132395527,0.0153092991217785,0.0423774049400303,1.080945419257079,0.0576867040618088,2.9852286879402543,0.0005417967556320957,0.0005417967556320957,0.0005417967556321027,0.0005417967556321027,-0.040704125299298344,0.040704125299298344,4.070792493571085e-05,2.867534835831711e-05,0.999925177575652,True,True,True,True,FULL,FULL_direct_poly_rank_3
358,1.15,7.09255669165597,0.026,0.0153092991217785,0.0153092991217785,0.0343911653190034,0.7049644038633127,0.0497004644407819,2.0699745048837284,0.0153092991217785,0.0358415286390213,0.7049644038633127,0.0511508277607998,1.9808704787104787,0.0014503633200178973,0.0014503633200178973,0.0014503633200179042,0.0014503633200179042,-0.08910402617324964,0.08910402617324964,0.0001175408057521,8.12439171394663e-05,0.9991842804187996,True,True,True,True,FULL,FULL_direct_poly_rank_3
359,1.1,6.784184661583972,0.024,0.0153092991217785,0.0153092991217785,0.0272042141314279,0.7370082404025541,0.0425135132532064,2.2956749282231264,0.0153092991217785,0.028270641484142,0.7370082404025541,0.0435799406059205,2.1996226472926796,0.0010664273527140992,0.0010664273527140992,0.0010664273527140958,0.0010664273527140958,-0.09605228093044671,0.09605228093044671,9.976531094198205e-05,6.633073825810592e-05,0.9992123376063068,True,True,True,True,FULL,FULL_direct_poly_rank_3
360,1.2,7.400928721727968,0.022,0.0153092991217785,0.0153092991217785,0.0203041095024898,0.6755908870356747,0.0356134086242683,2.2704692840433656,0.0153092991217785,0.0209787264629698,0.6755908870356747,0.0362880255847483,2.185428034146942,0.0006746169604800005,0.0006746169604800005,0.000674616960479997,0.000674616960479997,-0.08504124989642348,0.08504124989642348,7.687258579819063e-05,4.819955753767849e-05,0.9993602595737674,True,True,True,True,FULL,FULL_direct_poly_rank_3
