sample_id,u_peak,u_r,tau_peak,tau_r,true_a,true_b,true_c,true_d,true_e,estimated_a,estimated_b,estimated_c,estimated_d,estimated_e,error_b,abs_error_b,error_d,abs_error_d,error_e,abs_error_e,curve_rmse_tau_u,curve_mae_tau_u,curve_r2_tau_u,curve_valid,dataset,model_name
7,0.72,2.75,0.044,0.03175,0.03175,0.0801325410005739,1.818181818181818,0.1118825410005739,3.441242286799551,0.03175,0.2996983050955528,1.818181818181818,0.3314483050955528,2.2604116471342333,0.21956576409497888,0.21956576409497888,0.21956576409497888,0.21956576409497888,-1.1808306396653179,1.1808306396653179,0.002638218506458592,0.002182784552879131,0.849059109989575,True,FULL,FULL_poly_rank_2
8,0.92,3.0,0.035,0.02825,0.02825,0.0557241852265918,1.6666666666666667,0.0839741852265918,3.007954906577982,0.02825,0.1479019057758611,1.6666666666666667,0.1761519057758611,2.1162518607524996,0.09217772054926929,0.09217772054926929,0.0921777205492693,0.0921777205492693,-0.8917030458254822,0.8917030458254822,0.001275784242818882,0.0009390279053295037,0.944721655222899,True,FULL,FULL_poly_rank_2
9,0.97,3.0,0.029,0.0255,0.0255,0.0288872445152351,1.6666666666666667,0.0543872445152351,3.290221199159674,0.0255,0.067224677934603,1.6666666666666667,0.092724677934603,2.3543141679271273,0.038337433419367906,0.038337433419367906,0.0383374334193679,0.0383374334193679,-0.9359070312325466,0.9359070312325466,0.0008417764495830212,0.0006179004835280353,0.9660410510033078,True,FULL,FULL_poly_rank_2
11,0.78,3.5,0.05,0.0417499999999999,0.0417499999999999,0.0354980845491272,1.4285714285714286,0.0772480845491271,4.004659571873231,0.0417499999999999,0.1299520788948673,1.4285714285714286,0.1717020788948672,2.5065610037571013,0.09445399434574009,0.09445399434574009,0.09445399434574009,0.09445399434574009,-1.4980985681161294,1.4980985681161294,0.005157814587968631,0.003806732793871054,0.4506690040170792,True,FULL,FULL_poly_rank_2
12,1.25,3.5,0.04,0.034,0.034,0.0670624339164287,1.4285714285714286,0.1010624339164287,2.366794324621144,0.034,0.1204246893976448,1.4285714285714286,0.1544246893976449,1.8222226192865896,0.05336225548121609,0.05336225548121609,0.05336225548121619,0.05336225548121619,-0.5445717053345542,0.5445717053345542,0.002049983714553698,0.0011910308718584778,0.8995302976152445,True,FULL,FULL_poly_rank_2
13,1.8,4.0,0.035,0.033,0.033,0.0334302203204883,1.25,0.0664302203204883,2.0972939397426664,0.033,0.0263371702421041,1.25,0.0593371702421042,1.9476225113320784,-0.0070930500783841985,0.0070930500783841985,-0.007093050078384101,0.007093050078384101,-0.149671428410588,0.149671428410588,0.0013192490233855346,0.0008814963441234947,0.9547641470924345,True,FULL,FULL_poly_rank_2
16,1.61,10.5,13.41,12.8475,12.8475,1.3946189571869354,0.4761904761904761,14.242118957186936,3.178145408783804,12.8475,3.812610370306985,0.4761904761904761,16.660110370306985,2.395620882035642,2.4179914131200495,2.4179914131200495,2.417991413120049,2.417991413120049,-0.782524526748162,0.782524526748162,0.3509347954511851,0.22914891348765593,0.9536413788897657,True,FULL,FULL_poly_rank_2
19,1.55,12.0,1.02,0.8525,0.8525,0.3782821788444106,0.4166666666666667,1.2307821788444109,2.3791759662313843,0.8525,0.0165229172470883,0.4166666666666667,0.8690229172470884,4.509789484670799,-0.3617592615973223,0.3617592615973223,-0.3617592615973225,0.3617592615973225,2.130613518439415,2.130613518439415,0.06169880139618687,0.03879310212295951,0.7308399914976549,True,FULL,FULL_poly_rank_2
20,1.71,12.0,2.57,1.7327500000000002,1.7327500000000002,2.210315622373947,0.4166666666666667,3.9430656223739473,1.6207235717983703,1.7327500000000002,1.851504356202318,0.4166666666666667,3.5842543562023184,1.5838461225171632,-0.3588112661716292,0.3588112661716292,-0.35881126617162895,0.35881126617162895,-0.036877449281207175,0.036877449281207175,0.07402658517924975,0.045445041845654933,0.9558053579642947,True,FULL,FULL_poly_rank_2
21,1.67,12.0,7.53,5.32,5.32,5.617172562155661,0.4166666666666667,10.93717256215566,1.7473164085592403,5.32,7.67937957518842,0.4166666666666667,12.99937957518842,1.4981354925755,2.0622070130327597,2.0622070130327597,2.0622070130327614,2.0622070130327614,-0.24918091598374037,0.24918091598374037,0.25183885582662746,0.1671477293462928,0.9349739575247458,True,FULL,FULL_poly_rank_2
22,1.67,12.0,19.67,18.994999999999997,18.994999999999997,1.5273740416856256,0.4166666666666667,20.522374041685623,3.2739688179792332,18.994999999999997,1.5552685429296496,0.4166666666666667,20.550268542929647,3.1791213878246105,0.027894501244023928,0.027894501244023928,0.027894501244023928,0.027894501244023928,-0.09484743015462271,0.09484743015462271,0.03912947288326176,0.0119443471445266,0.9997138498192236,True,FULL,FULL_poly_rank_2
27,0.87,3.25,2.35,1.9075,1.9075,2.7034029995062916,1.5384615384615383,4.610902999506291,3.276941309100947,1.9075,0.7035438660658808,1.5384615384615383,2.611043866065881,4.200218841039715,-1.9998591334404108,1.9998591334404108,-1.9998591334404106,1.9998591334404106,0.9232775319387678,0.9232775319387678,0.1745479547873121,0.12474591908538252,0.7497698225986387,True,FULL,FULL_poly_rank_2
28,0.13,1.325,1.02,0.6675,0.6675,0.6738254010838505,3.7735849056603774,1.3413254010838505,23.891608655167115,0.6675,0.7170790222028887,3.7735849056603774,1.3845790222028886,22.60531570993605,0.04325362111903819,0.04325362111903819,0.04325362111903819,0.04325362111903819,-1.2862929452310645,1.2862929452310645,0.006612141089554991,0.004251351468036867,0.9974850716351457,True,FULL,FULL_poly_rank_2
29,0.6,2.425,4.93,4.2975,4.2975,3.110870023650559,2.061855670103093,7.408370023650559,5.517814597970529,4.2975,2.726899616642731,2.061855670103093,7.024399616642731,5.171485862713642,-0.38397040700782803,0.38397040700782803,-0.38397040700782803,0.38397040700782803,-0.34632873525688623,0.34632873525688623,0.11162030353020783,0.06572801242079725,0.9752586986791492,True,FULL,FULL_poly_rank_2
30,2.17,3.85,16.37,14.955,14.955,60.674147880173095,1.2987012987012987,75.6291478801731,1.6284330431129306,14.955,44.56797689356976,1.2987012987012987,59.522976893569755,1.4977568866548543,-16.10617098660334,16.10617098660334,-16.10617098660334,16.10617098660334,-0.1306761564580763,0.1306761564580763,1.587138675046408,1.165113677988872,0.7211881870147385,True,FULL,FULL_poly_rank_2
31,0.24,1.275,0.66,0.475,0.475,0.6758571313827281,3.9215686274509807,1.150857131382728,11.17767536247715,0.475,0.6916522744903252,3.9215686274509807,1.1666522744903252,10.000572249207467,0.01579514310759711,0.01579514310759711,0.01579514310759711,0.01579514310759711,-1.1771031132696823,1.1771031132696823,0.013501686079626705,0.006258583785449026,0.9788229230390691,True,FULL,FULL_poly_rank_2
32,0.3,2.175,4.71,4.1925,4.1925,1.211168346774408,2.298850574712644,5.403668346774408,13.642584509493682,4.1925,0.411975372938997,2.298850574712644,4.604475372938997,17.01774289099536,-0.7991929738354111,0.7991929738354111,-0.7991929738354111,0.7991929738354111,3.375158381501679,3.375158381501679,0.13244940460148233,0.08321611843104801,0.9429704201046487,True,FULL,FULL_poly_rank_2
33,2.26,4.125,16.14,11.3475,11.3475,422.7987490320256,1.2121212121212122,434.1462490320256,1.3091974223177918,11.3475,556.0280975824112,1.2121212121212122,567.3755975824112,1.226153400419054,133.22934855038557,133.22934855038557,133.22934855038557,133.22934855038557,-0.08304402189873783,0.08304402189873783,5.232528557944957,4.0261408650188,-1.0601911759632343,True,FULL,FULL_poly_rank_2
34,0.47,1.525,1.07,0.6975,0.6975,4.0455139668571585,3.278688524590164,4.743013966857158,4.812842755740618,0.6975,3.331802757546048,3.278688524590164,4.029302757546048,4.220236243187872,-0.7137112093111107,0.7137112093111107,-0.7137112093111107,0.7137112093111107,-0.592606512552746,0.592606512552746,0.13900277224513308,0.09672124462320596,0.43288799500697595,True,FULL,FULL_poly_rank_2
35,0.47,2.2,4.91,4.25,4.25,2.5915991927768687,2.2727272727272725,6.841599192776869,7.213346651196478,4.25,2.3100324722152523,2.2727272727272725,6.560032472215252,6.83667342386008,-0.28156672056161636,0.28156672056161636,-0.28156672056161636,0.28156672056161636,-0.37667322733639796,0.37667322733639796,0.08456603052545683,0.04841334295496235,0.984139592058105,True,FULL,FULL_poly_rank_2
36,1.48,3.625,14.91,14.235,14.235,8.232456046268986,1.3793103448275863,22.467456046268985,2.7321098339023515,14.235,8.743031470621325,1.3793103448275863,22.978031470621325,2.4089709229037597,0.5105754243523393,0.5105754243523393,0.5105754243523393,0.5105754243523393,-0.3231389109985918,0.3231389109985918,0.36601465731768457,0.2067320955359805,0.9798175122912963,True,FULL,FULL_poly_rank_2
37,0.11,1.325,0.89,0.5625,0.5625,0.5639971811696873,3.7735849056603774,1.1264971811696871,29.2958502513531,0.5625,0.6687659252401046,3.7735849056603774,1.2312659252401046,27.317982661347383,0.10476874407041725,0.10476874407041725,0.10476874407041747,0.10476874407041747,-1.9778675900057188,1.9778675900057188,0.020467866395453126,0.012604278228703794,0.9684108714819579,True,FULL,FULL_poly_rank_2
38,0.26,2.175,5.3,4.1,4.1,2.5910971306331803,2.298850574712644,6.69109713063318,13.042743993933716,4.1,2.9318403287628865,2.298850574712644,7.031840328762886,12.028380500086383,0.3407431981297062,0.3407431981297062,0.3407431981297062,0.3407431981297062,-1.0143634938473323,1.0143634938473323,0.04809089380645093,0.031445702229151724,0.9941093404810301,True,FULL,FULL_poly_rank_2
40,0.3,1.35,0.88,0.635,0.635,1.1651130574348498,3.7037037037037033,1.8001130574348498,8.547982610717572,0.635,0.9949047951265269,3.7037037037037033,1.6299047951265269,7.855335259595476,-0.17020826230832298,0.17020826230832298,-0.17020826230832298,0.17020826230832298,-0.6926473511220959,0.6926473511220959,0.04051679297273483,0.025064586836498606,0.9021642045071734,True,FULL,FULL_poly_rank_2
41,0.38,2.175,5.2,4.3975,4.3975,2.452688320111813,2.298850574712644,6.850188320111813,9.031706106944794,4.3975,2.4079102556441514,2.298850574712644,6.805410255644151,8.462527777007926,-0.044778064467661416,0.044778064467661416,-0.044778064467661416,0.044778064467661416,-0.569178329936868,0.569178329936868,0.05243196006110084,0.02363329741425977,0.9937890541181744,True,FULL,FULL_poly_rank_2
43,0.88,1.475,0.58,0.535,0.535,2.3643732180319175,3.389830508474576,2.8993732180319176,4.157276354583812,0.535,2.7050740620949307,3.389830508474576,3.240074062094931,3.691911577173542,0.34070084406301326,0.34070084406301326,0.34070084406301326,0.34070084406301326,-0.4653647774102696,0.4653647774102696,0.058053122211349,0.042534401087093124,0.7111811020058598,True,FULL,FULL_poly_rank_2
44,1.5,2.625,3.89,3.6325,3.6325,10.486129835864666,1.9047619047619049,14.118629835864668,2.474961892115721,3.6325,11.8802128110556,1.9047619047619049,15.5127128110556,2.1693250403964504,1.3940829751909334,1.3940829751909334,1.3940829751909316,1.3940829751909316,-0.30563685171927046,0.30563685171927046,0.30097148908095467,0.21467198391790163,0.8268953604338067,True,FULL,FULL_poly_rank_2
45,2.87,4.1,13.67,13.42,13.42,16.705556614946417,1.2195121951219514,30.12555661494642,1.6634039681803665,13.42,51.71050652797814,1.2195121951219514,65.13050652797814,1.3301699918285252,35.00494991303172,35.00494991303172,35.00494991303172,35.00494991303172,-0.33323397635184127,0.33323397635184127,0.5956153348498471,0.37180190292125936,0.9479546742569619,True,FULL,FULL_poly_rank_2
46,0.79,1.5,0.8,0.665,0.665,6.166849946093346,3.3333333333333335,6.831849946093346,3.9230290740544778,0.665,4.5940818953337486,3.3333333333333335,5.259081895333749,3.6028924712920487,-1.5727680507595974,1.5727680507595974,-1.5727680507595974,1.5727680507595974,-0.32013660276242906,0.32013660276242906,0.13276944589994946,0.09953298436559149,0.17100112078135343,True,FULL,FULL_poly_rank_2
47,0.6,2.175,5.04,4.655,4.655,2.141531174694559,2.298850574712644,6.796531174694559,6.310564627174357,4.655,1.8679576589178115,2.298850574712644,6.522957658917812,5.974924702063775,-0.2735735157767474,0.2735735157767474,-0.2735735157767474,0.2735735157767474,-0.3356399251105824,0.3356399251105824,0.08336731463351768,0.04853568554875461,0.9879151052708061,True,FULL,FULL_poly_rank_2
48,2.37,4.125,16.38,14.3675,14.3675,112.7264689844744,1.2121212121212122,127.0939689844744,1.4228254925840296,14.3675,90.66304179726497,1.2121212121212122,105.03054179726496,1.3055049093833833,-22.063427187209427,22.063427187209427,-22.06342718720944,22.06342718720944,-0.11732058320064631,0.11732058320064631,2.371254624471335,1.7769141641193225,0.38099996567077443,True,FULL,FULL_poly_rank_2
49,1.46,2.566666666666667,4.68,4.1066666666666665,4.1066666666666665,30.593215473314466,1.948051948051948,34.69988213998113,2.300589855794831,4.1066666666666665,33.711154075096914,1.948051948051948,37.81782074176358,2.0675694390264896,3.1179386017824484,3.1179386017824484,3.1179386017824555,3.1179386017824555,-0.2330204167683414,0.2330204167683414,0.6604378864343886,0.49231902722918464,0.408125575788046,True,FULL,FULL_poly_rank_2
50,4.16,4.75,15.04,14.775,14.775,58.5314735148253,1.0526315789473684,73.3064735148253,1.2144266984360343,14.775,89.89589369163349,1.0526315789473684,104.6708936916335,1.0997333184247322,31.36442017680819,31.36442017680819,31.364420176808196,31.364420176808196,-0.11469338001130214,0.11469338001130214,0.938779618293058,0.596415754361525,0.8779957507789423,True,FULL,FULL_poly_rank_2
51,1.26,1.85,0.94,0.785,0.785,27.151829140946248,2.702702702702702,27.936829140946248,2.8751003676389564,0.785,20.87754535009609,2.702702702702702,21.66254535009609,2.7440451043896026,-6.274283790850159,6.274283790850159,-6.274283790850159,6.274283790850159,-0.1310552632493538,0.1310552632493538,0.2617835215510826,0.19465425946617076,-0.7403611275223743,True,FULL,FULL_poly_rank_2
52,3.13,4.466666666666667,15.58,14.793333333333337,14.793333333333337,75.02328336156236,1.1194029850746268,89.8166166948957,1.313812712287742,14.793333333333337,65.71062597623168,1.1194029850746268,80.50395930956502,1.2088285316628775,-9.31265738533068,9.31265738533068,-9.31265738533068,9.31265738533068,-0.10498418062486459,0.10498418062486459,1.456335540952388,1.0321298115090078,0.7431775754131074,True,FULL,FULL_poly_rank_2
53,1.15,1.85,0.71,0.65,0.65,3.9933470021604136,2.702702702702702,4.6433470021604135,3.19021506632708,0.65,3.67273686529484,2.702702702702702,4.32273686529484,2.908090563629874,-0.3206101368655738,0.3206101368655738,-0.3206101368655734,0.3206101368655734,-0.2821245026972061,0.2821245026972061,0.08515046966727205,0.06355206901970004,0.5899716829770582,True,FULL,FULL_poly_rank_2
54,0.35,2.175,4.68,4.205,4.205,1.283914851902833,2.298850574712644,5.488914851902833,11.46515887900422,4.205,0.435985581637496,2.298850574712644,4.640985581637496,14.27328918238298,-0.8479292702653369,0.8479292702653369,-0.8479292702653369,0.8479292702653369,2.8081303033787606,2.8081303033787606,0.1265379322228264,0.08090631926028656,0.9523364830172015,True,FULL,FULL_poly_rank_2
55,0.63,3.85,16.18,14.365,14.365,5.024596391351091,1.2987012987012987,19.38959639135109,6.152370825583352,14.365,6.03388773219873,1.2987012987012987,20.39888773219873,5.5326573474442355,1.0092913408476392,1.0092913408476392,1.0092913408476392,1.0092913408476392,-0.6197134781391167,0.6197134781391167,0.1271165280794614,0.08467761966673044,0.996022489970429,True,FULL,FULL_poly_rank_2
56,0.45,1.5666666666666669,0.87,0.6366666666666667,0.6366666666666667,1.8543711063769357,3.191489361702127,2.4910377730436024,5.520751658815112,0.6366666666666667,1.3907951138859898,3.191489361702127,2.0274617805526565,5.04793526785656,-0.46357599249094594,0.46357599249094594,-0.46357599249094594,0.46357599249094594,-0.47281639095855255,0.47281639095855255,0.07153537986412321,0.04819396152830289,0.7270735164839759,True,FULL,FULL_poly_rank_2
57,0.58,2.175,5.35,4.42,4.42,5.5363451785319135,2.298850574712644,9.956345178531912,5.059116621676996,4.42,6.530176773602584,2.298850574712644,10.950176773602584,4.2493172190564135,0.9938315950706702,0.9938315950706702,0.993831595070672,0.993831595070672,-0.8097994026205821,0.8097994026205821,0.14996117153216507,0.07793162943356984,0.9640794692447976,True,FULL,FULL_poly_rank_2
58,0.94,3.875,16.28,13.935,13.935,11.349260923481204,1.2903225806451613,25.28426092348121,3.405427164282276,13.935,13.84565351204276,1.2903225806451613,27.78065351204276,2.8883767523401818,2.496392588561557,2.496392588561557,2.4963925885615517,2.4963925885615517,-0.5170504119420944,0.5170504119420944,0.271301584388052,0.1513500940038039,0.9864095462118185,True,FULL,FULL_poly_rank_2
60,2.38,2.85,5.22,4.84,4.84,137.35939252357494,1.7543859649122806,142.19939252357494,1.8523237169572588,4.84,257.5790756334633,1.7543859649122806,262.41907563346325,1.7646616015003014,120.21968310988834,120.21968310988834,120.21968310988831,120.21968310988831,-0.08766211545695746,0.08766211545695746,1.0484261028987796,0.7085409731383264,-0.17568806084242783,True,FULL,FULL_poly_rank_2
61,2.68,4.125,16.95,15.5375,15.5375,116.71406105996982,1.2121212121212122,132.25156105996982,1.3981039630569712,15.5375,71.588873253427,1.2121212121212122,87.12637325342699,1.3161300721209666,-45.125187806542826,45.125187806542826,-45.125187806542826,45.125187806542826,-0.0819738909360046,0.0819738909360046,2.1833812454067747,1.6200327763568318,0.5201028160924916,True,FULL,FULL_poly_rank_2
62,0.71,1.6,1.14,0.9133333333333334,0.9133333333333334,5.696830896813862,3.125,6.610164230147195,3.976020028848459,0.9133333333333334,3.7500788038065695,3.125,4.663412137139903,3.6511773956825393,-1.9467520930072921,1.9467520930072921,-1.9467520930072917,1.9467520930072917,-0.32484263316591955,0.32484263316591955,0.15926824140747728,0.11689309347532369,0.3541706423186868,True,FULL,FULL_poly_rank_2
63,0.76,2.2,5.03,4.68,4.68,3.0326428857358856,2.2727272727272725,7.712642885735885,4.87933520201715,4.68,3.5340434523445285,2.2727272727272725,8.214043452344528,4.1861543532166765,0.501400566608643,0.501400566608643,0.501400566608643,0.501400566608643,-0.6931808488004734,0.6931808488004734,0.11886349699698368,0.06203632822355333,0.9789565295425645,True,FULL,FULL_poly_rank_2
64,2.73,4.125,15.88,13.97,13.97,220.02903798852773,1.2121212121212122,233.99903798852773,1.3339956390040135,13.97,168.9734913270864,1.2121212121212122,182.9434913270864,1.2535202475276508,-51.055546661441326,51.055546661441326,-51.055546661441326,51.055546661441326,-0.08047539147636273,0.08047539147636273,3.05424950481954,2.2771135177024844,-0.02480270929251538,True,FULL,FULL_poly_rank_2
65,0.63,1.5666666666666669,1.42,0.9733333333333332,0.9733333333333332,10.644929502666052,3.191489361702127,11.618262835999383,3.927118476960182,0.9733333333333332,8.100818814092355,3.191489361702127,9.074152147425687,3.532921538380009,-2.5441106885736975,2.5441106885736975,-2.5441106885736957,2.5441106885736957,-0.39419693858017313,0.39419693858017313,0.27630763952382487,0.20439629379067983,-0.11496809166582245,True,FULL,FULL_poly_rank_2
66,0.34,2.175,5.0,4.24,4.24,2.0482757543105174,2.298850574712644,6.288275754310518,10.49368724913285,4.24,1.790002715144734,2.298850574712644,6.030002715144734,10.274769371717309,-0.2582730391657835,0.2582730391657835,-0.2582730391657835,0.2582730391657835,-0.21891787741554225,0.21891787741554225,0.06130468404229,0.0362515051447906,0.9901068582452394,True,FULL,FULL_poly_rank_2
67,3.13,4.533333333333333,14.91,14.596666666666666,14.596666666666666,20.35467702287054,1.1029411764705883,34.951343689537204,1.4882877719989878,14.596666666666666,36.13127556888825,1.1029411764705883,50.72794223555491,1.2517965800875848,15.77659854601771,15.77659854601771,15.77659854601771,15.77659854601771,-0.236491191911403,0.236491191911403,0.6671702702341985,0.4324120817202899,0.9451720992128635,True,FULL,FULL_poly_rank_2
68,0.49,1.5666666666666669,0.79,0.63,0.63,1.4068332196782207,3.191489361702127,2.0368332196782206,5.5461514668738845,0.63,0.896298852813174,3.191489361702127,1.526298852813174,5.321134027280008,-0.5105343668650467,0.5105343668650467,-0.5105343668650466,0.5105343668650466,-0.2250174395938762,0.2250174395938762,0.05802970177791662,0.04003911335133604,0.7792463340900364,True,FULL,FULL_poly_rank_2
69,1.69,2.566666666666667,5.04,4.426666666666667,4.426666666666667,69.19774278410341,1.948051948051948,73.62440945077007,2.1459242646578933,4.426666666666667,88.7673172852443,1.948051948051948,93.19398395191097,1.9892228284059177,19.56957450114089,19.56957450114089,19.56957450114089,19.56957450114089,-0.15670143625197563,0.15670143625197563,0.971954013190995,0.7252586813067026,-0.028335226373303435,True,FULL,FULL_poly_rank_2
70,3.12,4.466666666666667,16.37,15.163333333333334,15.163333333333334,137.96164146287623,1.1194029850746268,153.12497479620956,1.2614658876838951,15.163333333333334,89.01548700929251,1.1194029850746268,104.17882034262584,1.189207509313964,-48.946154453583716,48.946154453583716,-48.946154453583716,48.946154453583716,-0.0722583783699311,0.0722583783699311,2.1736435097732,1.569464548989643,0.4745404707887959,True,FULL,FULL_poly_rank_2
71,0.18,1.5666666666666669,0.87,0.6,0.6,0.5778652142592701,3.191489361702127,1.17786521425927,16.988625203858206,0.6,0.5075369119166505,3.191489361702127,1.1075369119166505,16.730900758089252,-0.07032830234261955,0.07032830234261955,-0.07032830234261955,0.07032830234261955,-0.2577244457689538,0.2577244457689538,0.015887236486842704,0.009513440683241715,0.9795317268164005,True,FULL,FULL_poly_rank_2
72,0.42,2.175,5.1,3.8825,3.8825,4.482035276937978,2.298850574712644,8.364535276937978,6.759501195047857,3.8825,5.254221772546233,2.298850574712644,9.136721772546233,5.833197910662665,0.7721864956082545,0.7721864956082545,0.7721864956082545,0.7721864956082545,-0.9263032843851926,0.9263032843851926,0.0704013922384449,0.044544640463351354,0.9898545307188765,True,FULL,FULL_poly_rank_2
73,1.09,3.85,15.19,13.3025,13.3025,11.821633061680007,1.2987012987012987,25.12413306168001,2.9737453064844868,13.3025,17.55529108911039,1.2987012987012987,30.857791089110393,2.3667705734084765,5.733658027430383,5.733658027430383,5.733658027430383,5.733658027430383,-0.6069747330760102,0.6069747330760102,0.32353511883881425,0.20457134542460684,0.9800415002827356,True,FULL,FULL_poly_rank_2
74,0.47,1.5666666666666669,0.66,0.5066666666666667,0.5066666666666667,1.2794449424210406,3.191489361702127,1.7861116090877074,5.540134014051035,0.5066666666666667,0.9737861943764052,3.191489361702127,1.4804528610430718,5.065836390864209,-0.30565874804463533,0.30565874804463533,-0.30565874804463555,0.30565874804463555,-0.47429762318682656,0.47429762318682656,0.04925017017706833,0.03305544837524022,0.7716031532097822,True,FULL,FULL_poly_rank_2
75,0.57,2.175,4.24,4.0125,4.0125,1.1193350008113887,2.298850574712644,5.131835000811389,7.4273022742503985,4.0125,0.0659882628320414,2.298850574712644,4.078488262832042,12.505446762615298,-1.0533467379793473,1.0533467379793473,-1.0533467379793473,1.0533467379793473,5.0781444883649,5.0781444883649,0.1322307800127705,0.08518152189634513,0.9554611594256532,True,FULL,FULL_poly_rank_2
76,4.13,4.7,14.9,13.285,13.285,1213.8760619263403,1.0638297872340423,1227.1610619263406,1.0940505167399543,13.285,608.452255626854,1.0638297872340423,621.737255626854,1.070594366137841,-605.4238062994863,605.4238062994863,-605.4238062994866,605.4238062994866,-0.023456150602113368,0.023456150602113368,5.068296866627715,3.3698491804920865,-0.9819039906856857,True,FULL,FULL_poly_rank_2
77,0.18,1.5666666666666669,0.88,0.4966666666666666,0.4966666666666666,0.8494890683979475,3.191489361702127,1.346155735064614,14.732448429095294,0.4966666666666666,0.9567449781397196,3.191489361702127,1.4534116448063863,13.54528183402206,0.10725590974177213,0.10725590974177213,0.10725590974177224,0.10725590974177224,-1.1871665950732346,1.1871665950732346,0.013919313710651212,0.009111464455329536,0.9892145838344015,True,FULL,FULL_poly_rank_2
78,1.25,2.566666666666667,4.37,3.77,3.77,17.6011784506471,1.948051948051948,21.3711784506471,2.4976694597033373,3.77,16.649859358713023,1.948051948051948,20.419859358713023,2.213551603828918,-0.9513190919340779,0.9513190919340779,-0.9513190919340779,0.9513190919340779,-0.2841178558744195,0.2841178558744195,0.49059681107279535,0.3550886843627728,0.5930757448975255,True,FULL,FULL_poly_rank_2
79,3.62,4.5,14.62,13.843333333333334,13.843333333333334,173.78668847200146,1.1111111111111112,187.6300218053348,1.2115644521301927,13.843333333333334,147.0891095298071,1.1111111111111112,160.93244286314044,1.1440213689061656,-26.697578942194355,26.697578942194355,-26.697578942194355,26.697578942194355,-0.06754308322402713,0.06754308322402713,1.969498595795265,1.3414127943706908,0.42385666504646213,True,FULL,FULL_poly_rank_2
80,0.11,1.5633333333333332,1.04,0.5006666666666667,0.5006666666666667,0.863642983300683,3.1982942430703627,1.3643096499673495,27.24084861115649,0.5006666666666667,0.934617583793204,3.1982942430703627,1.4352842504598708,26.22692918959311,0.07097460049252102,0.07097460049252102,0.07097460049252136,0.07097460049252136,-1.0139194215633793,1.0139194215633793,0.014534635590561019,0.008865175497384022,0.9922529824785872,True,FULL,FULL_poly_rank_2
81,0.23,2.1775,4.79,3.54875,3.54875,2.4552355004571034,2.296211251435132,6.003985500457103,14.649101403235154,3.54875,2.6263901901646216,2.296211251435132,6.175140190164622,13.815598265635266,0.17115468970751824,0.17115468970751824,0.17115468970751824,0.17115468970751824,-0.8335031375998874,0.8335031375998874,0.026137453845419167,0.016925822263485574,0.9978656777755913,True,FULL,FULL_poly_rank_2
82,0.39,3.9275,14.13,12.93,12.93,2.178980729198466,1.273074474856779,15.108980729198466,12.268593789286898,12.93,8.697513756254818,1.273074474856779,21.627513756254817,8.46714548982384,6.5185330270563515,6.5185330270563515,6.5185330270563515,6.5185330270563515,-3.8014482994630576,3.8014482994630576,1.2455669005364143,0.7642724573274404,0.32453568276800926,True,FULL,FULL_poly_rank_2
83,0.21,1.5566666666666666,0.75,0.4896666666666667,0.4896666666666667,0.6541837303857423,3.211991434689508,1.143850397052409,13.109251845364824,0.4896666666666667,0.6953763978731538,3.211991434689508,1.1850430645398204,12.044274061404696,0.04119266748741146,0.04119266748741146,0.04119266748741146,0.04119266748741146,-1.0649777839601278,1.0649777839601278,0.005594635163659791,0.003439427768155984,0.9971170653794448,True,FULL,FULL_poly_rank_2
84,1.52,2.19,4.53,3.98,3.98,84.48453784563569,2.2831050228310503,88.46453784563569,2.4678705594788535,3.98,129.54031188527745,2.2831050228310503,133.52031188527744,2.311004682498833,45.05577403964176,45.05577403964176,45.05577403964175,45.05577403964175,-0.1568658769800204,0.1568658769800204,0.9696132039063564,0.7105400611075239,-0.2329508395208002,True,FULL,FULL_poly_rank_2
85,0.46,3.86,15.2,13.9425,13.9425,2.582793456166362,1.2953367875647668,16.525293456166363,10.00333623780827,13.9425,5.840295510947692,1.2953367875647668,19.782795510947693,7.869920420966364,3.2575020547813303,3.2575020547813303,3.2575020547813303,3.2575020547813303,-2.1334158168419064,2.1334158168419064,0.5537398908372226,0.3458778825619116,0.8953820258037422,True,FULL,FULL_poly_rank_2
86,1.14,1.85,0.47,0.4455,0.4455,1.2635859558868447,2.702702702702702,1.7090859558868448,3.448989911906233,0.4455,1.8306839787746203,2.702702702702702,2.2761839787746205,2.979207841434557,0.5670980228877756,0.5670980228877756,0.5670980228877758,0.5670980228877758,-0.46978207047167597,0.46978207047167597,0.03505763047124739,0.02501856001719134,0.8460456757079944,True,FULL,FULL_poly_rank_2
87,1.53,2.29,3.84,3.5879999999999996,3.5879999999999996,21.229112109709114,2.1834061135371177,24.817112109709115,2.5522940611621228,3.5879999999999996,35.615824426999694,2.1834061135371177,39.203824426999695,2.2721926988332326,14.38671231729058,14.38671231729058,14.38671231729058,14.38671231729058,-0.28010136232889016,0.28010136232889016,0.41959097921402405,0.3030117170467533,0.6526022708389385,True,FULL,FULL_poly_rank_2
89,0.31,1.5733333333333333,0.64,0.434,0.434,0.831446191232911,3.1779661016949152,1.265446191232911,8.046929532076042,0.434,0.8599820519977148,3.1779661016949152,1.2939820519977148,7.079822721173226,0.028535860764803855,0.028535860764803855,0.028535860764803855,0.028535860764803855,-0.9671068109028162,0.9671068109028162,0.017599319626053052,0.00862513444148668,0.9656594757996835,True,FULL,FULL_poly_rank_2
91,2.56,4.125,14.35,13.695,13.695,33.24347166872315,1.2121212121212122,46.93847166872315,1.5724619149710894,13.695,47.32069327118751,1.2121212121212122,61.01569327118751,1.354913979246407,14.077221602464355,14.077221602464355,14.077221602464355,14.077221602464355,-0.21754793572468234,0.21754793572468234,0.966036052374429,0.682979817038461,0.876132944124487,True,FULL,FULL_poly_rank_2
92,0.1,1.5666666666666669,0.84,0.5786666666666667,0.5786666666666667,0.3913124802400913,3.191489361702127,0.969979146906758,37.39184550372476,0.5786666666666667,0.3559237604856101,3.191489361702127,0.9345904271522768,37.47809784064055,-0.03538871975448121,0.03538871975448121,-0.03538871975448121,0.03538871975448121,0.08625233691579126,0.08625233691579126,0.00867212874830515,0.005069098788289708,0.991902814771245,True,FULL,FULL_poly_rank_2
94,2.24,4.125,16.29,15.185,15.185,36.934910613682646,1.2121212121212122,52.11991061368265,1.6343524111032697,15.185,31.52664956850769,1.2121212121212122,46.71164956850769,1.4753828094963075,-5.408261045174957,5.408261045174957,-5.40826104517496,5.40826104517496,-0.15896960160696216,0.15896960160696216,1.1372999840675195,0.8089494472435586,0.8560850854823938,True,FULL,FULL_poly_rank_2
95,0.15,1.5666666666666669,1.04,0.515,0.515,1.0180921290257392,3.191489361702127,1.533092129025739,17.824332391452327,0.515,1.103490926671681,3.191489361702127,1.6184909266716812,16.82905260162857,0.08539879764594183,0.08539879764594183,0.08539879764594205,0.08539879764594205,-0.9952797898237549,0.9952797898237549,0.01323894663652638,0.00842026155633032,0.9939446738715396,True,FULL,FULL_poly_rank_2
96,0.32,2.225,5.75,4.01075,4.01075,4.5926707536336835,2.2471910112359548,8.603420753633683,8.90252129065327,4.01075,5.751081808484324,2.2471910112359548,9.761831808484324,7.782446949585821,1.1584110548506406,1.1584110548506406,1.1584110548506406,1.1584110548506406,-1.1200743410674496,1.1200743410674496,0.12469942488030136,0.08425059165802035,0.9736539750342228,True,FULL,FULL_poly_rank_2
97,0.98,3.925,16.9,13.655,13.655,17.423005323734152,1.2738853503184715,31.07800532373415,2.9328424113361327,13.655,20.81854034241895,1.2738853503184715,34.47354034241895,2.460079446816126,3.3955350186847966,3.3955350186847966,3.3955350186848,3.3955350186848,-0.4727629645200069,0.4727629645200069,0.42027199812906474,0.22089823820783927,0.9707308988659424,True,FULL,FULL_poly_rank_2
98,0.12,1.5666666666666669,1.33,0.569,0.569,1.2856106349233354,3.191489361702127,1.854610634923335,23.13000566043724,0.569,1.2364582916219424,3.191489361702127,1.8054582916219424,22.692353669336967,-0.04915234330139295,0.04915234330139295,-0.04915234330139273,0.04915234330139273,-0.43765199110027453,0.43765199110027453,0.013059425413585518,0.007428952798645924,0.996833721335653,True,FULL,FULL_poly_rank_2
99,0.38,2.1775,5.29,3.8055,3.8055,4.8847712477868654,2.296211251435132,8.690271247786866,7.231167894086396,3.8055,5.964269092028303,2.296211251435132,9.769769092028303,6.215327854335629,1.0794978442414376,1.0794978442414376,1.0794978442414376,1.0794978442414376,-1.015840039750767,1.015840039750767,0.07895881142103033,0.05776759869559259,0.9882385754455129,True,FULL,FULL_poly_rank_2
100,1.12,3.865,15.69,14.2025,14.2025,9.330787016774106,1.2936610608020698,23.533287016774107,3.133851414322128,14.2025,11.02784957910361,1.2936610608020698,25.23034957910361,2.684369446600533,1.6970625623295028,1.6970625623295028,1.6970625623295028,1.6970625623295028,-0.4494819677215953,0.4494819677215953,0.30552678861635535,0.15408998280663636,0.9837287949446408,True,FULL,FULL_poly_rank_2
101,0.11,1.5599999999999998,1.19,0.5136666666666666,0.5136666666666666,1.0901897584596147,3.2051282051282053,1.6038564251262817,26.190812099681132,0.5136666666666666,1.0881203244913116,3.2051282051282053,1.601786991157978,25.615116537924884,-0.0020694339683031693,0.0020694339683031693,-0.0020694339683036134,0.0020694339683036134,-0.5756955617562483,0.5756955617562483,0.0028263992037645394,0.0009691878965939804,0.9998076910995678,True,FULL,FULL_poly_rank_2
102,0.33,2.175,5.38,4.15275,4.15275,3.3230952595070686,2.298850574712644,7.475845259507069,9.464816530487427,4.15275,3.913027607001067,2.298850574712644,8.065777607001067,8.427288661686271,0.5899323474939986,0.5899323474939986,0.5899323474939981,0.5899323474939981,-1.0375278688011562,1.0375278688011562,0.06137696970819752,0.042631995760400644,0.9918698953874661,True,FULL,FULL_poly_rank_2
103,0.94,4.6125,15.17,14.2325,14.2325,3.230539541690666,1.0840108401084012,17.463039541690666,4.61254903129243,14.2325,10.96183667516248,1.0840108401084012,25.19433667516248,3.080375838971211,7.731297133471815,7.731297133471815,7.731297133471813,7.731297133471813,-1.5321731923212196,1.5321731923212196,0.7330786496660581,0.5074102528011756,0.8712672634334544,True,FULL,FULL_poly_rank_2
104,0.46,1.61,0.57,0.4153333333333333,0.4153333333333333,1.2195408766373736,3.105590062111801,1.634874209970707,5.380408458094788,0.4153333333333333,1.1048175721191005,3.105590062111801,1.5201509054524338,4.7002410029467745,-0.11472330451827317,0.11472330451827317,-0.11472330451827317,0.11472330451827317,-0.6801674551480135,0.6801674551480135,0.04284336631983312,0.027730726044121173,0.7722229509920234,True,FULL,FULL_poly_rank_2
106,6.69,7.0,11.06,11.03,11.03,6.769176332863529,0.7142857142857143,17.799176332863528,0.9707346090728766,11.03,11.811362604901722,0.7142857142857143,22.84136260490172,0.8364710525478795,5.042186272038194,5.042186272038194,5.042186272038194,5.042186272038194,-0.1342635565249971,0.1342635565249971,0.2579306853685347,0.14131812146399136,0.9833596526967726,True,FULL,FULL_poly_rank_2
107,0.15,1.5566666666666666,0.88,0.5103333333333334,0.5103333333333334,0.7081291518031402,3.211991434689508,1.2184624851364736,19.26598627033951,0.5103333333333334,0.7990729528874246,3.211991434689508,1.309406286220758,17.991064274966686,0.09094380108428446,0.09094380108428446,0.09094380108428446,0.09094380108428446,-1.274921995372825,1.274921995372825,0.015106473848008197,0.009529799103973717,0.9857347367953555,True,FULL,FULL_poly_rank_2
108,0.24,2.175,5.1,3.69825,3.69825,2.8769666070220197,2.298850574712644,6.5752166070220195,13.53664985652516,3.69825,3.301961615128498,2.298850574712644,7.000211615128498,12.47791018542653,0.42499500810647817,0.42499500810647817,0.42499500810647817,0.42499500810647817,-1.05873967109863,1.05873967109863,0.06447480747259288,0.04110703358094445,0.989140876875607,True,FULL,FULL_poly_rank_2
109,0.47,3.8575,14.84,13.285,13.285,3.275885261750222,1.2961762799740766,16.560885261750222,9.133208341560495,13.285,8.359008353812012,1.2961762799740766,21.644008353812012,6.86826526229566,5.08312309206179,5.08312309206179,5.08312309206179,5.08312309206179,-2.2649430792648353,2.2649430792648353,0.8447681567291939,0.5313787495216016,0.7478166156047109,True,FULL,FULL_poly_rank_2
110,0.15,2.1675,1.23,0.6225,0.6225,0.9619833022068238,2.306805074971165,1.584483302206824,20.507804388385548,0.6225,0.7820415157049032,2.306805074971165,1.4045415157049033,20.904549941354187,-0.1799417865019206,0.1799417865019206,-0.17994178650192083,0.17994178650192083,0.396745552968639,0.396745552968639,0.04151424276252582,0.02470665719719879,0.9510088788950385,True,FULL,FULL_poly_rank_2
111,0.25,2.165,6.22,4.547499999999999,4.547499999999999,3.553532108811563,2.3094688221709005,8.101032108811562,12.896286747191096,4.547499999999999,4.267914180342281,2.3094688221709005,8.81541418034228,11.701914898221116,0.7143820715307179,0.7143820715307179,0.7143820715307179,0.7143820715307179,-1.1943718489699808,1.1943718489699808,0.10680488222711088,0.06831255704061012,0.980145308107625,True,FULL,FULL_poly_rank_2
112,0.46,4.1075,18.37,16.2525,16.2525,4.204330792736471,1.217285453438831,20.456830792736472,9.296747223836368,16.2525,1.5458751740332062,1.217285453438831,17.798375174033207,11.390485510349484,-2.6584556187032646,2.6584556187032646,-2.6584556187032646,2.6584556187032646,2.0937382865131156,2.0937382865131156,0.49593620581958886,0.3035132360805834,0.9405657086042243,True,FULL,FULL_poly_rank_2
113,0.21,1.5599999999999998,0.72,0.5333333333333333,0.5333333333333333,0.4530839141628877,3.2051282051282053,0.9864172474962212,14.758619332850811,0.5333333333333333,0.3570870850628015,3.2051282051282053,0.8904204183961348,14.86078422784125,-0.09599682910008617,0.09599682910008617,-0.09599682910008633,0.09599682910008633,0.10216489499043924,0.10216489499043924,0.01872430924194984,0.011647934459460343,0.9570824233274323,True,FULL,FULL_poly_rank_2
114,0.46,2.215,4.54,3.755,3.755,3.0550946555112306,2.2573363431151243,6.8100946555112305,6.812602552841997,3.755,2.769576406713587,2.2573363431151243,6.524576406713587,6.378149806738472,-0.28551824879764354,0.28551824879764354,-0.28551824879764354,0.28551824879764354,-0.434452746103525,0.434452746103525,0.09403930914285734,0.05338564061394427,0.9768521780240319,True,FULL,FULL_poly_rank_2
115,3.02,4.84,14.29,13.226666666666668,13.226666666666668,67.62238227774218,1.0330578512396695,80.84904894440885,1.2379494369579531,13.226666666666668,63.43813252297908,1.0330578512396695,76.66479918964575,1.1235788059879122,-4.184249754763094,4.184249754763094,-4.184249754763101,4.184249754763101,-0.11437063097004097,0.11437063097004097,1.527583786732193,1.133209691945639,0.6765892223653842,True,FULL,FULL_poly_rank_2
116,0.1,1.5533333333333337,1.16,0.5640000000000001,0.5640000000000001,0.912890584776652,3.218884120171673,1.476890584776652,31.1344826944979,0.5640000000000001,0.9499182521334713,3.218884120171673,1.5139182521334713,30.301222122290017,0.03702766735681928,0.03702766735681928,0.03702766735681928,0.03702766735681928,-0.8332605722078839,0.8332605722078839,0.00756289573018064,0.004569527634197881,0.9982445141675037,True,FULL,FULL_poly_rank_2
117,0.28,2.16,4.98,3.80875,3.80875,2.7207253448886286,2.314814814814815,6.5294753448886285,11.627647012732409,3.80875,2.9881652409460973,2.314814814814815,6.796915240946097,10.726098832908662,0.26743989605746865,0.26743989605746865,0.26743989605746865,0.26743989605746865,-0.901548179823747,0.901548179823747,0.03465840081635715,0.023166572217372176,0.996727765236705,True,FULL,FULL_poly_rank_2
118,0.84,3.88,14.83,12.9825,12.9825,7.331910697776193,1.288659793814433,20.314410697776193,4.123242699657944,12.9825,14.176447404257909,1.288659793814433,27.15894740425791,3.112350247519598,6.8445367064817155,6.8445367064817155,6.8445367064817155,6.8445367064817155,-1.0108924521383464,1.0108924521383464,0.4787935041469372,0.3464722610217052,0.9447702150044835,True,FULL,FULL_poly_rank_2
119,0.05,1.5533333333333337,1.06,0.4603333333333333,0.4603333333333333,0.7347138188950575,3.218884120171673,1.1950471522283908,76.69251608229672,0.4603333333333333,0.7479746826410589,3.218884120171673,1.2083080159743922,76.06106236760644,0.013260863746001439,0.013260863746001439,0.013260863746001439,0.013260863746001439,-0.6314537146902808,0.6314537146902808,0.0033543519783243523,0.0019375974850322415,0.9995896539664321,True,FULL,FULL_poly_rank_2
120,0.24,2.1675,5.34,3.634,3.634,3.551284821064535,2.306805074971165,7.185284821064535,12.76758648025316,3.634,4.183603801206445,2.306805074971165,7.817603801206444,11.664790633911132,0.63231898014191,0.63231898014191,0.6323189801419096,0.6323189801419096,-1.102795846342028,1.102795846342028,0.09594713265244996,0.06119094815790559,0.9803091750704158,True,FULL,FULL_poly_rank_2
121,0.58,3.8475,15.72,12.52,12.52,8.509190021060213,1.299545159194282,21.029190021060213,5.626700720273117,12.52,14.956013452035087,1.299545159194282,27.476013452035087,4.483208049353992,6.446823430974874,6.446823430974874,6.446823430974874,6.446823430974874,-1.1434926709191249,1.1434926709191249,0.7942581265937662,0.5281054098431568,0.8348597933581376,True,FULL,FULL_poly_rank_2
122,0.16,1.7866666666666664,1.46,0.5153333333333333,0.5153333333333333,1.791622665699797,2.7985074626865676,2.3069559990331303,15.27471027903135,0.5153333333333333,1.4296171294002349,2.7985074626865676,1.944950462733568,15.367075449086911,-0.362005536299562,0.362005536299562,-0.3620055362995622,0.3620055362995622,0.09236517005556166,0.09236517005556166,0.0757543997545406,0.046308160374997825,0.9326080997234355,True,FULL,FULL_poly_rank_2
123,0.34,2.19,5.86,3.70375,3.70375,6.4076526447249105,2.2831050228310503,10.11140264472491,7.4904783908875965,3.70375,7.698940699845203,2.2831050228310503,11.402690699845202,6.528356297347865,1.291288055120292,1.291288055120292,1.291288055120292,1.291288055120292,-0.9621220935397314,0.9621220935397314,0.10232816325608655,0.07356797256343392,0.9860215959379024,True,FULL,FULL_poly_rank_2
124,0.72,3.9025,15.23,13.1975,13.1975,6.547895084347095,1.2812299807815504,19.745395084347095,4.922489465268678,13.1975,12.819697413958716,1.2812299807815504,26.017197413958716,3.75924873645354,6.271802329611621,6.271802329611621,6.271802329611621,6.271802329611621,-1.1632407288151385,1.1632407288151385,0.6071939768677009,0.4165977221604578,0.9058818513348686,True,FULL,FULL_poly_rank_2
125,0.13,1.5766666666666669,0.83,0.5316666666666667,0.5316666666666667,0.5110542316499418,3.1712473572938684,1.0427208983166083,25.070549134255213,0.5316666666666667,0.5406455861970549,3.1712473572938684,1.0723122528637217,24.011315111222455,0.029591354547113147,0.029591354547113147,0.02959135454711337,0.02959135454711337,-1.059234023032758,1.059234023032758,0.005259784394661447,0.003263795710980959,0.9975351017126322,True,FULL,FULL_poly_rank_2
126,0.33,2.195,4.91,4.2615,4.2615,1.6629195649406574,2.277904328018223,5.924419564940657,11.444353107108954,4.2615,1.1584758492360114,2.277904328018223,5.419975849236011,11.985180772113516,-0.504443715704646,0.504443715704646,-0.504443715704646,0.504443715704646,0.5408276650045618,0.5408276650045618,0.08833494808244922,0.056100006669688424,0.9779985829984924,True,FULL,FULL_poly_rank_2
127,2.99,4.513333333333333,16.39,14.923333333333332,14.923333333333332,140.10135047238424,1.1078286558345645,155.0246838057176,1.2549920885699382,14.923333333333332,93.15963029311725,1.1078286558345645,108.08296362645058,1.17808802343923,-46.941720179266994,46.941720179266994,-46.94172017926701,46.94172017926701,-0.07690406513070824,0.07690406513070824,2.3571509070697187,1.7416003912249374,0.3986324573131811,True,FULL,FULL_poly_rank_2
128,0.22,1.5666666666666669,1.38,0.6789999999999999,0.6789999999999999,1.9691572578488556,3.191489361702127,2.6481572578488555,10.298464829923804,0.6789999999999999,1.9549273743964328,3.191489361702127,2.6339273743964324,9.50918872075841,-0.01422988345242282,0.01422988345242282,-0.014229883452423042,0.014229883452423042,-0.7892761091653941,0.7892761091653941,0.025888137398971955,0.012247032921750268,0.9887589664574488,True,FULL,FULL_poly_rank_2
129,0.39,2.18,6.11,4.593,4.593,5.057943521426855,2.293577981651376,9.650943521426855,7.34235077378404,4.593,6.411902576077216,2.293577981651376,11.004902576077216,6.248472316051092,1.3539590546503604,1.3539590546503604,1.3539590546503604,1.3539590546503604,-1.0938784577329477,1.0938784577329477,0.09992339315678544,0.07310065404791058,0.985291130574991,True,FULL,FULL_poly_rank_2
130,2.78,4.13,17.18,15.5675,15.5675,173.2142161184181,1.2106537530266344,188.7817161184181,1.354578535378103,15.5675,96.24707591260324,1.2106537530266344,111.81457591260325,1.2864179172944152,-76.96714020581487,76.96714020581487,-76.96714020581486,76.96714020581486,-0.06816061808368779,0.06816061808368779,2.671221750815936,1.968708913224566,0.29726808645322644,True,FULL,FULL_poly_rank_2
131,0.3,1.57,0.69,0.4403333333333333,0.4403333333333333,0.989606450202688,3.184713375796178,1.4299397835360212,7.9675990689291964,0.4403333333333333,1.0631376264316357,3.184713375796178,1.5034709597649687,6.932975520258983,0.07353117622894767,0.07353117622894767,0.07353117622894745,0.07353117622894745,-1.0346235486702131,1.0346235486702131,0.017748078262604144,0.00872850465509158,0.9721715301965856,True,FULL,FULL_poly_rank_2
132,0.38,2.2025,4.61,3.49275,3.49275,3.5417527605950667,2.270147559591374,7.034502760595067,7.697329513236288,3.49275,3.7604477050692378,2.270147559591374,7.253197705069238,6.9392260574211635,0.21869494447417104,0.21869494447417104,0.21869494447417104,0.21869494447417104,-0.7581034558151245,0.7581034558151245,0.05314020282797287,0.0253460547803515,0.992466168327332,True,FULL,FULL_poly_rank_2
133,0.58,3.89,14.25,12.71,12.71,3.870375185655917,1.2853470437017995,16.580375185655917,6.937928600833182,12.71,10.729423988571185,1.2853470437017995,23.439423988571185,4.96134188606028,6.859048802915268,6.859048802915268,6.859048802915268,6.859048802915268,-1.9765867147729015,1.9765867147729015,0.9406713796921029,0.6121955908426958,0.7010908283209258,True,FULL,FULL_poly_rank_2
134,0.29,1.5933333333333335,0.81,0.6846666666666668,0.6846666666666668,0.4027161872827163,3.1380753138075312,1.087382853949383,11.679447292728767,0.6846666666666668,0.0413490422764541,3.1380753138075312,0.726015708943121,19.279256159891755,-0.3613671450062622,0.3613671450062622,-0.3613671450062621,0.3613671450062621,7.599808867162988,7.599808867162988,0.0471030683554702,0.030939606143612897,0.7990459075525735,True,FULL,FULL_poly_rank_2
135,0.42,2.1925,4.74,4.255,4.255,1.6007301765706998,2.280501710376283,5.8557301765707,9.079561652406012,4.255,0.8497794603362028,2.280501710376283,5.104779460336203,10.090360733459526,-0.750950716234497,0.750950716234497,-0.750950716234497,0.750950716234497,1.0107990810535146,1.0107990810535146,0.10429212617050027,0.06850755188929526,0.9720470185474434,True,FULL,FULL_poly_rank_2
136,2.48,4.18,15.4,14.19,14.19,62.34454554337887,1.1961722488038278,76.53454554337887,1.469660738779334,14.19,60.53968342271372,1.1961722488038278,74.72968342271372,1.3211554482898766,-1.804862120665149,1.804862120665149,-1.804862120665149,1.804862120665149,-0.14850529048945726,0.14850529048945726,1.5374525200359261,1.1291095225496917,0.7118458702799071,True,FULL,FULL_poly_rank_2
137,1.18,1.85,0.63,0.575,0.575,4.239497230710774,2.702702702702702,4.814497230710774,3.1309195303367727,0.575,4.132823414745194,2.702702702702702,4.707823414745194,2.861473211108135,-0.10667381596558023,0.10667381596558023,-0.10667381596558023,0.10667381596558023,-0.2694463192286376,0.2694463192286376,0.08226133264441532,0.06121228392131595,0.5105382587368126,True,FULL,FULL_poly_rank_2
138,0.99,2.6033333333333335,4.93,4.496666666666667,4.496666666666667,4.9592094785200045,1.9206145966709345,9.455876145186672,3.460965956174455,4.496666666666667,4.966479701201844,1.9206145966709345,9.46314636786851,3.0335135188072435,0.0072702226818393,0.0072702226818393,0.0072702226818393,0.0072702226818393,-0.4274524373672115,0.4274524373672115,0.1903411770311947,0.11655559851670151,0.9465343311402981,True,FULL,FULL_poly_rank_2
139,1.92,4.2125,17.14,16.56,16.56,9.158812659704571,1.1869436201780414,25.71881265970457,2.22655990128023,16.56,4.529094743638762,1.1869436201780414,21.08909474363876,2.3421000557229212,-4.629717916065809,4.629717916065809,-4.629717916065811,4.629717916065811,0.11554015444269128,0.11554015444269128,0.3481317085803762,0.2530954012186272,0.9871176914596541,True,FULL,FULL_poly_rank_2
140,0.42,1.7400000000000002,0.83,0.4525,0.4525,2.5886372580129136,2.8735632183908044,3.0411372580129137,4.84879553279124,0.4525,2.495561538844255,2.8735632183908044,2.948061538844255,4.1392917229702135,-0.09307571916865864,0.09307571916865864,-0.09307571916865864,0.09307571916865864,-0.7095038098210269,0.7095038098210269,0.08264515366493613,0.0533415859701611,0.7054483073196883,True,FULL,FULL_poly_rank_2
141,1.23,2.5733333333333337,4.22,4.026666666666666,4.026666666666666,3.714553371745124,1.94300518134715,7.74122003841179,3.22230726876678,4.026666666666666,4.5023156474093815,1.94300518134715,8.528982314076048,2.7426544341459387,0.7877622756642575,0.7877622756642575,0.7877622756642575,0.7877622756642575,-0.4796528346208415,0.4796528346208415,0.15273480590570612,0.09312838194019218,0.9599903325222212,True,FULL,FULL_poly_rank_2
142,1.79,4.84,15.01,14.9025,14.9025,0.8901040923931092,1.0330578512396695,15.792604092393107,3.4546415460563873,14.9025,3.760642527180039,1.0330578512396695,18.66314252718004,2.398601718168067,2.87053843478693,2.87053843478693,2.8705384347869316,2.8705384347869316,-1.0560398278883203,1.0560398278883203,0.39703546018196517,0.21286005104678318,0.9721852867231857,True,FULL,FULL_poly_rank_2
143,0.33,1.5733333333333333,0.58,0.4766666666666666,0.4766666666666666,0.4098600862261488,3.1779661016949152,0.8865267528928155,9.368454028225154,0.4766666666666666,0.2289988887322039,3.1779661016949152,0.7056655553988705,10.08894538473298,-0.1808611974939449,0.1808611974939449,-0.18086119749394491,0.18086119749394491,0.7204913565078268,0.7204913565078268,0.024036900205429746,0.016158795097181277,0.9081948985560796,True,FULL,FULL_poly_rank_2
144,0.43,2.1725,4.53,3.8975,3.8975,2.2412867147074325,2.3014959723820483,6.138786714707432,7.955893974394428,3.8975,1.688127878886113,2.3014959723820483,5.585627878886113,7.974088250292027,-0.5531588358213195,0.5531588358213195,-0.5531588358213195,0.5531588358213195,0.018194275897599255,0.018194275897599255,0.09627534919009213,0.061456425617159985,0.9745488355293166,True,FULL,FULL_poly_rank_2
145,3.33,4.496666666666667,14.77,14.159999999999998,14.159999999999998,71.68575820940592,1.111934766493699,85.84575820940591,1.2931877819034847,14.159999999999998,76.84416086196953,1.111934766493699,91.00416086196952,1.1807577784108994,5.158402652563609,5.158402652563609,5.158402652563609,5.158402652563609,-0.11243000349258536,0.11243000349258536,1.29814743272624,0.8967663355689025,0.7685411989109321,True,FULL,FULL_poly_rank_2
146,0.13,1.5599999999999998,0.68,0.5633333333333334,0.5633333333333334,0.1951982739754749,3.2051282051282053,0.7585316073088083,31.88575510060682,0.5633333333333334,0.0119297958111466,3.2051282051282053,0.57526312914448,54.86615080428925,-0.1832684781643283,0.1832684781643283,-0.18326847816432834,0.18326847816432834,22.98039570368243,22.98039570368243,0.03849533299601233,0.023094451780141138,0.7082663011821653,True,FULL,FULL_poly_rank_2
147,1.84,3.1775,4.39,3.69,3.69,48.191526905344915,1.5735641227380015,51.88152690534491,1.779339325853626,3.69,36.05073474378488,1.5735641227380015,39.74073474378488,1.6534340451396958,-12.140792161560036,12.140792161560036,-12.140792161560036,12.140792161560036,-0.12590528071393026,0.12590528071393026,0.843569930027132,0.6402960368813766,-0.03481428446906332,True,FULL,FULL_poly_rank_2
148,2.23,4.3774999999999995,15.49,14.875,14.875,14.10295307840756,1.142204454597373,28.97795307840756,1.8301286904573817,14.875,18.107413817214827,1.142204454597373,32.98241381721483,1.5471998102078244,4.004460738807266,4.004460738807266,4.004460738807268,4.004460738807268,-0.2829288802495573,0.2829288802495573,0.580100400956637,0.35863866024553687,0.9587551039339833,True,FULL,FULL_poly_rank_2
149,0.18,1.5599999999999998,0.96,0.5433333333333333,0.5433333333333333,0.9264981470545324,3.2051282051282053,1.4698314803878656,14.731251978605432,0.5433333333333333,1.0052161825948591,3.2051282051282053,1.5485495159281926,13.659615245361008,0.07871803554032675,0.07871803554032675,0.07871803554032697,0.07871803554032697,-1.0716367332444232,1.0716367332444232,0.009443738132898923,0.006351373246632534,0.9958155751912625,True,FULL,FULL_poly_rank_2
150,0.4,2.175,5.29,4.25,4.25,3.4798658017251105,2.298850574712644,7.7298658017251105,7.755705088302538,4.25,3.956218059073052,2.298850574712644,8.206218059073052,6.853870282133461,0.4763522573479415,0.4763522573479415,0.4763522573479415,0.4763522573479415,-0.9018348061690764,0.9018348061690764,0.055974005184741896,0.03395902480777369,0.9935612475792269,True,FULL,FULL_poly_rank_2
151,0.99,3.6125,15.85,14.965,14.965,4.712295648967803,1.384083044982699,19.677295648967803,4.185634509215309,14.965,0.5246315565670638,1.384083044982699,15.489631556567064,6.340856743346847,-4.187664092400739,4.187664092400739,-4.187664092400739,4.187664092400739,2.1552222341315375,2.1552222341315375,0.41922771914936263,0.29068110772828176,0.9690199486571759,True,FULL,FULL_poly_rank_2
152,1.16,1.9,0.64,0.54,0.54,8.918859589233094,2.6315789473684212,9.458859589233091,2.9158636476035604,0.54,6.758717822278683,2.6315789473684212,7.298717822278683,2.729262462204845,-2.1601417669544105,2.1601417669544105,-2.160141766954408,2.160141766954408,-0.1866011853987155,0.1866011853987155,0.13572140062852003,0.10365006097691733,-0.19634398044664314,True,FULL,FULL_poly_rank_2
153,1.3,2.566666666666667,4.2,3.9333333333333336,3.9333333333333336,6.732843008196392,1.948051948051948,10.666176341529724,2.832743127876559,3.9333333333333336,7.744801060405518,1.948051948051948,11.678134393738851,2.435877974651808,1.0119580522091258,1.0119580522091258,1.0119580522091276,1.0119580522091276,-0.3968651532247507,0.3968651532247507,0.23390601682919163,0.15694614745001437,0.9062340503080115,True,FULL,FULL_poly_rank_2
154,5.1,31.453947067343865,14.28,13.490170336848536,13.490170336848536,2.087839211051561,0.1589625616554528,15.578009547900097,0.9263059984631752,13.490170336848536,6.3250959942452525,0.1589625616554528,19.815266331093788,0.6628448563902244,4.237256783193692,4.237256783193692,4.237256783193692,4.237256783193692,-0.2634611420729508,0.2634611420729508,0.5602119738550893,0.36813107790176486,0.9000992278664759,True,FULL,FULL_poly_rank_2
155,0.56,1.5599999999999998,0.58,0.4766666666666666,0.4766666666666666,1.2430840918042927,3.2051282051282053,1.7197507584709593,5.0236277196711585,0.4766666666666666,0.8899280950177864,3.2051282051282053,1.366594761684453,4.6265495217319,-0.35315599678650633,0.35315599678650633,-0.35315599678650633,0.35315599678650633,-0.39707819793925836,0.39707819793925836,0.04621594218768799,0.03197086712861086,0.7582377255553718,True,FULL,FULL_poly_rank_2
156,0.67,2.1775,4.06,3.745,3.745,2.1627193549790276,2.296211251435132,5.907719354979028,5.4890381882934465,3.745,1.2969591609041835,2.296211251435132,5.041959160904184,5.67255733083697,-0.8657601940748441,0.8657601940748441,-0.8657601940748441,0.8657601940748441,0.1835191425435232,0.1835191425435232,0.09985833424176156,0.06866138563733742,0.9752575349027597,True,FULL,FULL_poly_rank_2
157,1.32,3.9,14.36,13.5925,13.5925,6.126023681195667,1.2820512820512822,19.718523681195663,3.032176279008363,13.5925,10.472769637561102,1.2820512820512822,24.0652696375611,2.381486735633393,4.346745956365435,4.346745956365435,4.346745956365439,4.346745956365439,-0.6506895433749698,0.6506895433749698,0.2832247093330024,0.17258583116011667,0.9852106404256044,True,FULL,FULL_poly_rank_2
158,0.17,1.6233333333333333,1.0,0.5720000000000001,0.5720000000000001,0.8749487231528226,3.080082135523614,1.4469487231528226,16.31818533574024,0.5720000000000001,0.9107171496807784,3.080082135523614,1.4827171496807785,15.42306495257813,0.035768426527955866,0.035768426527955866,0.035768426527955866,0.035768426527955866,-0.8951203831621086,0.8951203831621086,0.005052438775917358,0.0032923706141576837,0.9988315447453662,True,FULL,FULL_poly_rank_2
159,0.32,2.1825,5.06,4.11975,4.11975,2.410582651104151,2.290950744558992,6.530332651104151,10.626543938716322,4.11975,2.4421456672208413,2.290950744558992,6.561895667220841,9.977829438271057,0.031563016116690434,0.031563016116690434,0.031563016116690434,0.031563016116690434,-0.6487145004452657,0.6487145004452657,0.03393658453016607,0.01270440763805532,0.9969870273717515,True,FULL,FULL_poly_rank_2
160,1.07,3.895,14.3,13.0025,13.0025,7.31537030166651,1.2836970474967908,20.31787030166651,3.3651116062820727,13.0025,13.830636093339765,1.2836970474967908,26.833136093339764,2.5413706211710383,6.515265791673254,6.515265791673254,6.515265791673254,6.515265791673254,-0.8237409851110344,0.8237409851110344,0.30680798620096256,0.23366870334196846,0.9795238302712225,True,FULL,FULL_poly_rank_2
161,0.1,1.5666666666666669,0.85,0.5843333333333334,0.5843333333333334,0.3978559436075378,3.191489361702127,0.9821892769408712,37.33548887229885,0.5843333333333334,0.3607566463081686,3.191489361702127,0.945089979641502,37.44651377824957,-0.03709929729936917,0.03709929729936917,-0.03709929729936923,0.03709929729936923,0.11102490595071401,0.11102490595071401,0.009071872626457688,0.005306271007297802,0.9913794348139432,True,FULL,FULL_poly_rank_2
162,0.24,2.175,6.09,4.409,4.409,3.4511384121172206,2.298850574712644,7.86013841211722,13.515323404054092,4.409,4.1653328876785425,2.298850574712644,8.574332887678542,12.29301184948524,0.7141944755613219,0.7141944755613219,0.7141944755613219,0.7141944755613219,-1.2223115545688525,1.2223115545688525,0.11239867774265368,0.07124381455871824,0.9769150296274759,True,FULL,FULL_poly_rank_2
163,0.5,3.8625,16.89,15.2325,15.2325,3.655467066441505,1.2944983818770228,18.887967066441504,8.601598077321363,15.2325,1.9361610610548947,1.2944983818770228,17.168661061054895,9.683948258578011,-1.7193060053866103,1.7193060053866103,-1.7193060053866098,1.7193060053866098,1.0823501812566487,1.0823501812566487,0.30188795439637456,0.18726707619311134,0.9760171671960769,True,FULL,FULL_poly_rank_2
164,0.07,1.5566666666666666,0.85,0.5843333333333334,0.5843333333333334,0.3510048045966245,3.211991434689508,0.935338137929958,59.36701870371923,0.5843333333333334,0.3224522535420608,3.211991434689508,0.9067855868753942,59.7418969499114,-0.02855255105456367,0.02855255105456367,-0.02855255105456378,0.02855255105456378,0.3748782461921678,0.3748782461921678,0.007281563794874229,0.004200359082904562,0.9940343439123808,True,FULL,FULL_poly_rank_2
165,0.23,2.1675,5.85,4.43275,4.43275,2.80147060168731,2.306805074971165,7.23422060168731,14.978792929839672,4.43275,3.330180694169414,2.306805074971165,7.762930694169414,13.747290399967266,0.528710092482104,0.528710092482104,0.528710092482104,0.528710092482104,-1.2315025298724063,1.2315025298724063,0.08679948440027527,0.05452303875470703,0.9837292877372574,True,FULL,FULL_poly_rank_2
167,0.17,1.5599999999999998,0.8,0.5579999999999999,0.5579999999999999,0.4953159279041487,3.2051282051282053,1.0533159279041486,18.51576110820791,0.5579999999999999,0.4469992508501271,3.2051282051282053,1.004999250850127,18.18023434837471,-0.048316677054021595,0.048316677054021595,-0.04831667705402154,0.04831667705402154,-0.33552675983320057,0.33552675983320057,0.01155528906700967,0.006805193898927932,0.9866268053765948,True,FULL,FULL_poly_rank_2
168,1.11,2.563333333333333,4.61,4.293333333333333,4.293333333333333,4.918051194692046,1.950585175552666,9.21138452802538,3.258019017990617,4.293333333333333,5.277807449376034,1.950585175552666,9.571140782709367,2.8184094308183876,0.35975625468398853,0.35975625468398853,0.35975625468398675,0.35975625468398675,-0.4396095871722294,0.4396095871722294,0.18978090422095467,0.11861922811205922,0.9443598546086465,True,FULL,FULL_poly_rank_2
169,3.93,4.553333333333334,16.61,16.513333333333332,16.513333333333332,14.198414912137522,1.0980966325036603,30.711748245470854,1.4757256498343354,16.513333333333332,52.98997398251488,1.0980966325036603,69.50330731584822,1.1869132464482737,38.79155907037736,38.79155907037736,38.79155907037736,38.79155907037736,-0.28881240338606173,0.28881240338606173,0.5373829600159314,0.30556811101517195,0.9692869841934495,True,FULL,FULL_poly_rank_2
170,0.19,1.5533333333333337,0.76,0.5436666666666666,0.5436666666666666,0.4848535368761771,3.218884120171673,1.0285202035428438,16.275028887164293,0.5436666666666666,0.4199657765144455,3.218884120171673,0.9636324431811122,16.04450827907193,-0.0648877603617316,0.0648877603617316,-0.0648877603617316,0.0648877603617316,-0.23052060809236252,0.23052060809236252,0.014346133675503627,0.008642481333559639,0.9774512441770858,True,FULL,FULL_poly_rank_2
171,0.32,2.17,4.74,4.0465,4.0465,1.7565900119017304,2.3041474654377883,5.80309001190173,11.4900793995,4.0465,1.279142452714474,2.3041474654377883,5.325642452714474,11.889396392566663,-0.47744755918725645,0.47744755918725645,-0.47744755918725623,0.47744755918725623,0.39931699306666246,0.39931699306666246,0.08639478697422531,0.05458711177535038,0.9772440863121636,True,FULL,FULL_poly_rank_2
172,1.88,4.13,15.76,14.8875,14.8875,14.997831291761866,1.2106537530266344,29.885331291761865,2.0220034481788933,14.8875,16.661426284038402,1.2106537530266344,31.5489262840384,1.7445917088326428,1.6635949922765363,1.6635949922765363,1.6635949922765363,1.6635949922765363,-0.2774117393462505,0.2774117393462505,0.5974196510276272,0.3698984363922939,0.9545989410528424,True,FULL,FULL_poly_rank_2
173,0.23,1.5666666666666669,0.81,0.5826666666666666,0.5826666666666666,0.6080845262035995,3.191489361702127,1.190751192870266,12.675105003139644,0.5826666666666666,0.4914805445376374,3.191489361702127,1.074147211204304,12.54092091463021,-0.11660398166596214,0.11660398166596214,-0.11660398166596209,0.11660398166596209,-0.13418408850943386,0.13418408850943386,0.022898817925542055,0.014222728531312543,0.9535842500722413,True,FULL,FULL_poly_rank_2
174,0.27,2.18,5.18,4.452999999999999,4.452999999999999,1.5717255574854088,2.293577981651376,6.024725557485408,14.53141002624948,4.452999999999999,1.2251101335829038,2.293577981651376,5.678110133582903,14.90543101026234,-0.346615423902505,0.346615423902505,-0.346615423902505,0.346615423902505,0.3740209840128603,0.3740209840128603,0.06880336724815453,0.042524542896888604,0.98651636340189,True,FULL,FULL_poly_rank_2
175,1.85,4.1125,17.29,16.4125,16.4125,14.29966321375646,1.21580547112462,30.71216321375646,2.100213453400296,16.4125,7.123120151241547,1.21580547112462,23.53562015124155,2.1766406474934756,-7.176543062514913,7.176543062514913,-7.176543062514913,7.176543062514913,0.07642719409317955,0.07642719409317955,0.5557224641888051,0.4006226657706344,0.9672648892875878,True,FULL,FULL_poly_rank_2
176,0.65,1.5766666666666669,0.57,0.478,0.478,1.612273609680621,3.1712473572938684,2.090273609680621,4.48569879514461,0.478,1.171141595446176,3.1712473572938684,1.649141595446176,4.088783286253661,-0.44113201423444504,0.44113201423444504,-0.44113201423444504,0.44113201423444504,-0.39691550889094884,0.39691550889094884,0.05391523364183041,0.038222763410135474,0.6842094854218446,True,FULL,FULL_poly_rank_2
177,1.47,2.6333333333333333,3.8,3.616,3.616,6.14964024424423,1.89873417721519,9.76564024424423,2.66832825839853,3.616,7.760036792446154,1.89873417721519,11.376036792446154,2.2848933068625352,1.6103965482019245,1.6103965482019245,1.6103965482019245,1.6103965482019245,-0.3834349515359947,0.3834349515359947,0.20840529739405922,0.14137726891799357,0.914302495448299,True,FULL,FULL_poly_rank_2
178,2.12,4.1575,13.69,12.965,12.965,17.833183532648366,1.2026458208057729,30.79818353264837,1.8070468059221405,12.965,29.50375960757364,1.2026458208057729,42.46875960757364,1.468748538509322,11.670576074925275,11.670576074925275,11.670576074925268,11.670576074925268,-0.33829826741281854,0.33829826741281854,0.660525636434418,0.4153436678370889,0.9306691331343905,True,FULL,FULL_poly_rank_2
179,0.48,1.5666666666666669,0.88,0.6386666666666666,0.6386666666666666,2.2710172374402005,3.191489361702127,2.909683904106867,5.11752583659357,0.6386666666666666,1.7147326176159496,3.191489361702127,2.353399284282616,4.623131489097204,-0.5562846198242508,0.5562846198242508,-0.5562846198242508,0.5562846198242508,-0.4943943474963657,0.4943943474963657,0.08448173580754255,0.05780615244777915,0.6449477684391276,True,FULL,FULL_poly_rank_2
180,0.52,2.9225,5.54,4.727,4.727,2.527730037291942,1.710863986313088,7.254730037291942,6.676100463922199,4.727,2.2571386862974263,1.710863986313088,6.984138686297427,6.428817569962104,-0.2705913509945157,0.2705913509945157,-0.2705913509945157,0.2705913509945157,-0.2472828939600955,0.2472828939600955,0.07439210251379143,0.04260821874978746,0.9890893129072242,True,FULL,FULL_poly_rank_2
181,0.9,3.925,17.84,14.94,14.94,13.029435602700998,1.2738853503184715,27.969435602700997,3.4621547532157915,14.94,9.257779227127504,1.2738853503184715,24.197779227127505,3.4476987900860383,-3.771656375573494,3.771656375573494,-3.7716563755734924,3.7716563755734924,-0.014455963129753169,0.014455963129753169,0.5846790109736374,0.38204938615429834,0.9455641607948776,True,FULL,FULL_poly_rank_2
182,0.22,1.49,0.66,0.4575,0.4575,0.5513217275318822,3.3557046979865772,1.0088217275318825,12.75282127395527,0.4575,0.5801137709698132,3.3557046979865772,1.0376137709698132,11.660090032624248,0.02879204343793096,0.02879204343793096,0.028792043437930737,0.028792043437930737,-1.0927312413310215,1.0927312413310215,0.0058811883630476664,0.0029858947839399826,0.9956551888954499,True,FULL,FULL_poly_rank_2
183,1.93,3.1,4.22,4.0145,4.0145,10.822557992923612,1.6129032258064515,14.837057992923611,2.064879723343122,4.0145,13.432779583799684,1.6129032258064515,17.447279583799684,1.80737134822587,2.6102215908760726,2.6102215908760726,2.6102215908760726,2.6102215908760726,-0.2575083751172522,0.2575083751172522,0.30214132289602835,0.21615944010288693,0.8593436539102686,True,FULL,FULL_poly_rank_2
184,3.98,4.75,15.12,14.85,14.85,45.661479023586836,1.0526315789473684,60.51147902358684,1.247654255784918,14.85,70.1294188410867,1.0526315789473684,84.9794188410867,1.1154545471071362,24.467939817499868,24.467939817499868,24.46793981749986,24.46793981749986,-0.13219970867778175,0.13219970867778175,0.860588579786839,0.5512984260220609,0.9017796200589305,True,FULL,FULL_poly_rank_2
185,0.13,1.5666666666666669,1.09,0.5446666666666667,0.5446666666666667,0.9576325699215577,3.191489361702127,1.5022992365882244,21.905585532286455,0.5446666666666667,1.0209473905851678,3.191489361702127,1.5656140572518344,20.95719140484216,0.06331482066361016,0.06331482066361016,0.06331482066361005,0.06331482066361005,-0.9483941274442955,0.9483941274442955,0.01115119699703043,0.006935523521806181,0.995831730524633,True,FULL,FULL_poly_rank_2
186,0.28,2.1775,5.16,3.81425,3.81425,3.130431077528114,2.296211251435132,6.944681077528114,11.220553160809676,3.81425,3.641546931811467,2.296211251435132,7.455796931811467,10.17057325982341,0.5111158542833532,0.5111158542833532,0.5111158542833536,0.5111158542833536,-1.0499799009862656,1.0499799009862656,0.06496463779727782,0.04306090230389883,0.9897246676014491,True,FULL,FULL_poly_rank_2
187,0.7,3.88,16.09,11.71,11.71,14.993697153202367,1.288659793814433,26.70369715320237,3.931657649182005,11.71,23.856300193933848,1.288659793814433,35.56630019393385,3.124325213101287,8.86260304073148,8.86260304073148,8.862603040731479,8.862603040731479,-0.8073324360807179,0.8073324360807179,0.6714458454178579,0.47563861238451216,0.9083872585180645,True,FULL,FULL_poly_rank_2
188,1.1,2.06,0.64,0.593,0.593,1.513280437089641,2.4271844660194173,2.1062804370896413,3.268679989536249,0.593,1.145511897157966,2.4271844660194173,1.7385118971579658,2.9986448824472096,-0.367768539931675,0.367768539931675,-0.36776853993167546,0.36776853993167546,-0.27003510708903944,0.27003510708903944,0.04639498861130733,0.03324327484695127,0.8428122257327745,True,FULL,FULL_poly_rank_2
189,3.11,3.85,4.79,4.4285,4.4285,105.61771145632456,1.2987012987012987,110.04621145632456,1.3813754414682702,4.4285,84.79429874605245,1.2987012987012987,89.22279874605245,1.3203979960158634,-20.82341271027211,20.82341271027211,-20.82341271027211,20.82341271027211,-0.0609774454524068,0.0609774454524068,0.9128604231151056,0.6258168852672753,-0.07281891672063678,True,FULL,FULL_poly_rank_2
190,2.95,4.833333333333333,17.57,15.660000000000002,15.660000000000002,133.5433516563727,1.0344827586206895,149.2033516563727,1.194201194728314,15.660000000000002,76.96784801040918,1.0344827586206895,92.62784801040918,1.125998142742699,-56.57550364596351,56.57550364596351,-56.57550364596351,56.57550364596351,-0.06820305198561494,0.06820305198561494,2.581942890047805,1.950932382437552,0.38019836029501,True,FULL,FULL_poly_rank_2
191,0.1,1.64,1.15,0.5823333333333333,0.5823333333333333,0.8468851223123651,3.048780487804878,1.4292184556456984,32.276683117014976,0.5823333333333333,0.8509281343247926,3.048780487804878,1.433261467658126,31.668340266462415,0.004043012012427516,0.004043012012427516,0.004043012012427516,0.004043012012427516,-0.6083428505525603,0.6083428505525603,0.0013424765020913268,0.0006208186478903021,0.9999392368587708,True,FULL,FULL_poly_rank_2
192,0.26,2.06,5.06,2.78625,2.78625,5.537602820988881,2.4271844660194173,8.323852820988881,9.67711986223781,2.78625,5.773940848720707,2.4271844660194173,8.560190848720707,8.968581603752641,0.23633802773182566,0.23633802773182566,0.23633802773182566,0.23633802773182566,-0.7085382584851683,0.7085382584851683,0.037656297902807695,0.021379669007948167,0.9977961028611386,True,FULL,FULL_poly_rank_2
193,0.48,3.91,15.79,12.4225,12.4225,7.40432598861948,1.278772378516624,19.82682598861948,7.151633571136485,12.4225,14.498513163595344,1.278772378516624,26.921013163595344,5.67118674629188,7.094187174975865,7.094187174975865,7.094187174975865,7.094187174975865,-1.4804468248446048,1.4804468248446048,1.1221022119892712,0.7215629459331734,0.636771960585392,True,FULL,FULL_poly_rank_2
194,0.47,1.5599999999999998,0.9,0.6583333333333333,0.6583333333333333,2.1587521490528645,3.2051282051282053,2.8170854823861977,5.267358968714256,0.6583333333333333,1.6057089261877646,3.2051282051282053,2.264042259521098,4.791818205787789,-0.5530432228650999,0.5530432228650999,-0.5530432228650999,0.5530432228650999,-0.4755407629264674,0.4755407629264674,0.08176354244173994,0.055741963719425865,0.6762464600231485,True,FULL,FULL_poly_rank_2
195,0.49,2.1875,5.79,4.2505,4.2505,7.336962282580967,2.2857142857142856,11.587462282580969,5.320972461121309,4.2505,9.345220671819249,2.2857142857142856,13.59572067181925,4.376407371491292,2.0082583892382813,2.0082583892382813,2.0082583892382804,2.0082583892382804,-0.9445650896300171,0.9445650896300171,0.13175113576666778,0.08084924757753033,0.9757378550056752,True,FULL,FULL_poly_rank_2
196,1.09,3.86,17.51,14.9375,14.9375,16.553387035413166,1.2953367875647668,31.490887035413166,2.8169440230151195,14.9375,11.10322441099384,1.2953367875647668,26.04072441099384,2.777018715316905,-5.450162624419326,5.450162624419326,-5.4501626244193275,5.4501626244193275,-0.039925307698214674,0.039925307698214674,0.7333469537156755,0.4916017292288546,0.9224634304476034,True,FULL,FULL_poly_rank_2
197,0.14,2.0725,0.99,0.65575,0.65575,0.5146811885872504,2.4125452352231607,1.1704311885872505,25.510159206488257,0.65575,0.3521815042560419,2.4125452352231607,1.007931504256042,27.23679847997377,-0.16249968433120854,0.16249968433120854,-0.16249968433120854,0.16249968433120854,1.7266392734855138,1.7266392734855138,0.03743452014262794,0.02225623357908787,0.900544795849145,True,FULL,FULL_poly_rank_2
198,0.4,2.9125,5.46,4.44825,4.44825,2.4337808805815433,1.7167381974248928,6.882030880581543,8.688241808193261,4.44825,2.356817467403496,1.7167381974248928,6.805067467403496,8.310300954624337,-0.07696341317804745,0.07696341317804745,-0.07696341317804745,0.07696341317804745,-0.3779408535689246,0.3779408535689246,0.040642018932226784,0.01935100388116096,0.9961373996156414,True,FULL,FULL_poly_rank_2
199,2.66,4.3725000000000005,17.29,16.490000000000002,16.490000000000002,37.39926722177272,1.1435105774728416,53.88926722177272,1.504191322919805,16.490000000000002,23.477840095564964,1.1435105774728416,39.967840095564966,1.426697635730252,-13.921427126207753,13.921427126207753,-13.921427126207753,13.921427126207753,-0.07749368718955285,0.07749368718955285,1.0785366835877603,0.7853525044126674,0.8928617802369413,True,FULL,FULL_poly_rank_2
200,1.09,1.85,0.51,0.452,0.452,3.5013968656521643,2.702702702702702,3.953396865652164,3.161464776235545,0.452,3.0963853786196784,2.702702702702702,3.5483853786196784,2.888800156505362,-0.4050114870324859,0.4050114870324859,-0.40501148703248546,0.40501148703248546,-0.27266461973018297,0.27266461973018297,0.07235485497877293,0.0542266784899166,0.4116869517004599,True,FULL,FULL_poly_rank_2
201,4.54,28.00018033053748,3.73,3.372542584212134,3.372542584212134,0.9705608512144872,0.178570278511632,4.343103435426621,0.8969826858645201,3.372542584212134,3.043510975695855,0.178570278511632,6.416053559907989,0.6153570253613821,2.072950124481368,2.072950124481368,2.072950124481368,2.072950124481368,-0.281625660503138,0.281625660503138,0.259491816442269,0.17136326705414007,0.6860896438247246,True,FULL,FULL_poly_rank_2
202,5.68,6.0,13.66,13.51,13.51,45.684267603740025,0.8333333333333334,59.19426760374002,0.9611956816495174,13.51,38.51880936454606,0.8333333333333334,52.028809364546056,0.8997691465113236,-7.165458239193967,7.165458239193967,-7.165458239193967,7.165458239193967,-0.06142653513819385,0.06142653513819385,0.6853084960704545,0.42119374242463226,0.9196955295926939,True,FULL,FULL_poly_rank_2
203,8.16,15.0,0.64,0.4826666666666666,0.4826666666666666,11.163229285157737,0.3333333333333333,11.645895951824402,0.3680224492093827,0.4826666666666666,21.34239575890676,0.3333333333333333,21.825062425573428,0.3376512161569553,10.179166473749024,10.179166473749024,10.179166473749026,10.179166473749026,-0.030371233052427393,0.030371233052427393,0.16809909894918995,0.12837755353338115,-0.6583534502618007,True,FULL,FULL_poly_rank_2
204,9.63,15.0,1.15,0.9263333333333332,0.9263333333333332,31.67109901569681,0.3333333333333333,32.59743234903014,0.356302565715436,0.9263333333333332,33.963745841527285,0.3333333333333333,34.89007917486062,0.3373809554155163,2.2926468258304737,2.2926468258304737,2.2926468258304737,2.2926468258304737,-0.018921610299919678,0.018921610299919678,0.33698415502876067,0.2569644540335172,-0.8470759553861194,True,FULL,FULL_poly_rank_2
205,8.17,15.0,1.67,1.391,1.391,14.757831874738754,0.3333333333333333,16.148831874738754,0.3859250855203011,1.391,17.358011307332575,0.3333333333333333,18.749011307332573,0.3480603579118748,2.600179432593821,2.600179432593821,2.6001794325938192,2.6001794325938192,-0.037864727608426296,0.037864727608426296,0.29431669392642773,0.22111110470043463,0.08934473681595856,True,FULL,FULL_poly_rank_2
206,7.68,15.0,2.36,1.9943333333333333,1.9943333333333333,14.016889640854824,0.3333333333333333,16.011222974188158,0.404258783461519,1.9943333333333333,14.993149337483832,0.3333333333333333,16.987482670817165,0.3593968060615239,0.9762596966290076,0.9762596966290076,0.9762596966290076,0.9762596966290076,-0.04486197739999509,0.04486197739999509,0.3360687653097238,0.24817462767326326,0.36827195391490253,True,FULL,FULL_poly_rank_2
207,12.65,17.5,2.87,2.478,2.478,85.54466261294648,0.2857142857142857,88.02266261294648,0.3027127732951231,2.478,53.24639252922705,0.2857142857142857,55.72439252922705,0.2906693950367324,-32.29827008371943,32.29827008371943,-32.29827008371942,32.29827008371942,-0.012043378258390691,0.012043378258390691,0.7512129282714084,0.5440348604916617,-0.6229758400585175,True,FULL,FULL_poly_rank_2
209,0.55,3.75,0.015,0.014,0.014,0.0024195869070291,1.3333333333333333,0.0164195869070291,8.395940887010124,0.014,0.005746555513233,1.3333333333333333,0.019746555513233,6.441414201955914,0.0033269686062039,0.0033269686062039,0.003326968606203899,0.003326968606203899,-1.9545266850542093,1.9545266850542093,0.0004816161350778344,0.0003112960798754099,0.9285320676713408,True,FULL,FULL_poly_rank_2
210,0.73,3.75,0.017,0.0155,0.0155,0.0049950016940742,1.3333333333333333,0.0204950016940742,5.436911505105911,0.0155,0.0064271410259252,1.3333333333333333,0.0219271410259252,4.756718831898098,0.0014321393318510005,0.0014321393318510005,0.0014321393318510005,0.0014321393318510005,-0.680192673207813,0.680192673207813,0.0001611865897957228,0.00010775843407610983,0.9948738456097788,True,FULL,FULL_poly_rank_2
211,0.73,3.75,0.031,0.0205,0.0205,0.0421170527109933,1.3333333333333333,0.0626170527109933,3.3538139443417307,0.0205,0.1318694638507483,1.3333333333333333,0.1523694638507483,2.245008833602454,0.08975241113975499,0.08975241113975499,0.08975241113975499,0.08975241113975499,-1.1088051107392767,1.1088051107392767,0.005084312147590574,0.0037990464264669598,-0.18414379737236364,True,FULL,FULL_poly_rank_2
212,0.56,4.25,0.032,0.0305,0.0305,0.0032729190185453,1.1764705882352942,0.0337729190185453,9.217143579218789,0.0305,0.0192276526708614,1.1764705882352942,0.0497276526708614,5.686945731473077,0.0159547336523161,0.0159547336523161,0.015954733652316096,0.015954733652316096,-3.530197847745711,3.530197847745711,0.0025390244137362115,0.0016071897409779307,0.5321952492576081,True,FULL,FULL_poly_rank_2
213,0.61,4.25,0.036,0.032,0.032,0.0097117896904809,1.1764705882352942,0.0417117896904809,6.613265489413038,0.032,0.0434130029502934,1.1764705882352942,0.0754130029502934,4.147173559295021,0.0337012132598125,0.0337012132598125,0.033701213259812506,0.033701213259812506,-2.466091930118017,2.466091930118017,0.004755710269421549,0.003115101721711773,-0.22682986320326548,True,FULL,FULL_poly_rank_2
214,0.8,4.25,0.041,0.0365,0.0365,0.0146135447707714,1.1764705882352942,0.0511135447707714,4.687843076991533,0.0365,0.0484852752585419,1.1764705882352942,0.0849852752585419,3.0816932580126903,0.03387173048777049,0.03387173048777049,0.03387173048777049,0.03387173048777049,-1.6061498189788428,1.6061498189788428,0.003296757016685328,0.0022643826804663886,0.6219034981588573,True,FULL,FULL_poly_rank_2
215,0.85,4.25,0.053,0.0412499999999999,0.0412499999999999,0.0449535990108785,1.1764705882352942,0.0862035990108784,3.4008265344224067,0.0412499999999999,0.1500655860622658,1.1764705882352942,0.1913155860622657,2.196938637855514,0.1051119870513873,0.1051119870513873,0.1051119870513873,0.1051119870513873,-1.2038878965668927,1.2038878965668927,0.006995892708254086,0.005114079129269998,0.07319886167150502,True,FULL,FULL_poly_rank_2
216,1.18,4.75,0.072,0.06875,0.06875,0.0144953537063408,1.0526315789473684,0.0832453537063408,3.803418428356459,0.06875,0.034621252650836,1.0526315789473684,0.103371252650836,2.8124938224739773,0.0201258989444952,0.0201258989444952,0.020125898944495207,0.020125898944495207,-0.9909246058824817,0.9909246058824817,0.0015922788282277274,0.001150566831011874,0.9766160445288491,True,FULL,FULL_poly_rank_2
217,1.07,4.75,0.082,0.07425,0.07425,0.0316745022212473,1.0526315789473684,0.1059245022212473,3.494012368300583,0.07425,0.0805299017782421,1.0526315789473684,0.1547799017782421,2.454509240674065,0.0488553995569948,0.0488553995569948,0.048855399556994805,0.048855399556994805,-1.039503127626518,1.039503127626518,0.0034497631698110374,0.0024853263445286274,0.9091245380189815,True,FULL,FULL_poly_rank_2
218,0.99,4.75,0.091,0.0815,0.0815,0.0350845623553453,1.0526315789473684,0.1165845623553453,3.740061038065954,0.0815,0.0937198690043023,1.0526315789473684,0.1752198690043023,2.5967855354879656,0.058635306648957004,0.058635306648957004,0.05863530664895701,0.05863530664895701,-1.1432755025779882,1.1432755025779882,0.004770600298069464,0.003352612650170988,0.8505692867965501,True,FULL,FULL_poly_rank_2
219,1.33,4.75,0.123,0.109,0.109,0.0845437839006371,1.0526315789473684,0.1935437839006371,2.512415047002486,0.109,0.1605706021593763,1.0526315789473684,0.2695706021593763,1.8770853677437107,0.07602681825873919,0.07602681825873919,0.07602681825873919,0.07602681825873919,-0.6353296792587755,0.6353296792587755,0.002859056118807067,0.002207508011784977,0.9761143428222675,True,FULL,FULL_poly_rank_2
220,0.57,3.0,0.057,0.045,0.045,0.0423378142666348,1.6666666666666667,0.0873378142666348,5.252909248352316,0.045,0.2025148459783798,1.6666666666666667,0.2475148459783799,3.11705114206305,0.160177031711745,0.160177031711745,0.16017703171174508,0.16017703171174508,-2.1358581062892665,2.1358581062892665,0.012079728453614052,0.008749342901699722,-1.4968181879438944,True,FULL,FULL_poly_rank_2
221,0.74,3.0,0.052,0.0426666666666666,0.0426666666666666,0.0483380999196384,1.6666666666666667,0.091004766586305,3.990648101805694,0.0426666666666666,0.1823642447282001,1.6666666666666667,0.2250309113948667,2.4971456888466026,0.13402614480856168,0.13402614480856168,0.13402614480856168,0.13402614480856168,-1.4935024129590913,1.4935024129590913,0.004539661249478351,0.0034733944922642223,0.6342069539581824,True,FULL,FULL_poly_rank_2
222,1.17,3.75,0.042,0.037,0.037,0.0379972465016185,1.3333333333333333,0.0749972465016185,2.7555455668379523,0.037,0.0778293248616925,1.3333333333333333,0.1148293248616925,2.0213983357577407,0.039832078360074,0.039832078360074,0.039832078360074005,0.039832078360074005,-0.7341472310802115,0.7341472310802115,0.0011125448776536232,0.0008066704357170729,0.9710847268189644,True,FULL,FULL_poly_rank_2
223,2.7,4.333333333333333,0.036,0.0356666666666666,0.0356666666666666,0.012315781767816,1.153846153846154,0.0479824484344826,2.0063850757344786,0.0356666666666666,0.0108325119969375,1.153846153846154,0.0464991786636041,1.8728189636605117,-0.0014832697708784988,0.0014832697708784988,-0.0014832697708785023,0.0014832697708785023,-0.13356611207396685,0.13356611207396685,0.0006304970615826804,0.00040105145978346237,0.9917799224417846,True,FULL,FULL_poly_rank_2
224,0.75,3.5,0.022,0.02125,0.02125,0.0026705992767688,1.4285714285714286,0.0239205992767688,6.637578410976577,0.02125,0.0077336500461143,1.4285714285714286,0.0289836500461144,4.808342719014198,0.0050630507693455,0.0050630507693455,0.005063050769345601,0.005063050769345601,-1.8292356919623787,1.8292356919623787,0.0005330456015665753,0.0003697322408695984,0.9683507530834562,True,FULL,FULL_poly_rank_2
225,1.15,3.5,0.021,0.02,0.02,0.0073958891535081,1.4285714285714286,0.0273958891535081,3.6113543932907137,0.02,0.0035628167014169,1.4285714285714286,0.0235628167014169,3.957263935413107,-0.0038330724520911994,0.0038330724520911994,-0.003833072452091201,0.003833072452091201,0.34590954212239344,0.34590954212239344,0.00033444549847874895,0.00023677967862146973,0.990152391796791,True,FULL,FULL_poly_rank_2
226,1.1,3.5,0.02,0.01925,0.01925,0.004956977641193,1.4285714285714286,0.024206977641193,4.054827267846036,0.01925,0.000920455975664,1.4285714285714286,0.0201704559756641,5.452699553427,-0.004036521665529,0.004036521665529,-0.004036521665528901,0.004036521665528901,1.3978722855809638,1.3978722855809638,0.0003621319980913504,0.0002534543669306567,0.9867937443545398,True,FULL,FULL_poly_rank_2
228,0.7,3.0,0.059,0.0456666666666666,0.0456666666666666,0.0656740182268081,1.6666666666666667,0.1113406848934747,3.9285722676402535,0.0456666666666666,0.2562420037428047,1.6666666666666667,0.3019086704094713,2.4531882626971697,0.1905679855159966,0.1905679855159966,0.19056798551599657,0.19056798551599657,-1.4753840049430837,1.4753840049430837,0.0066935731744366825,0.005131770005176653,0.38102689309226956,True,FULL,FULL_poly_rank_2
229,0.8,3.75,0.039,0.03775,0.03775,0.0044128695173391,1.3333333333333333,0.0421628695173391,6.31959788609588,0.03775,0.0223985663703469,1.3333333333333333,0.060148566370347,3.914303233244612,0.0179856968530078,0.0179856968530078,0.017985696853007896,0.017985696853007896,-2.405294652851268,2.405294652851268,0.0017407256772586103,0.001217729281303365,0.8919583668462585,True,FULL,FULL_poly_rank_2
230,1.1,3.75,0.031,0.03025,0.03025,0.004226216061608,1.3333333333333333,0.034476216061608,4.574641618565765,0.03025,0.0089203941737581,1.3333333333333333,0.0391703941737581,3.5750376037510803,0.0046941781121501,0.0046941781121501,0.004694178112150102,0.004694178112150102,-0.9996040148146843,0.9996040148146843,0.0005069124888160262,0.000312033801341023,0.9884272616479052,True,FULL,FULL_poly_rank_2
234,0.99,3.0,0.523,0.4803333333333333,0.4803333333333333,0.3422582854093307,1.6666666666666667,0.822591618742664,3.6102895519762694,0.4803333333333333,0.0464398171761546,1.6666666666666667,0.5267731505094879,5.285636587261665,-0.2958184682331761,0.2958184682331761,-0.29581846823317604,0.29581846823317604,1.6753470352853959,1.6753470352853959,0.019197496861563787,0.013925944007451197,0.9473594058765482,True,FULL,FULL_poly_rank_2
235,1.49,3.0,0.929,0.87,0.87,1.3911680147990315,1.6666666666666667,2.261168014799032,2.4688599946843404,0.87,0.517774244187407,1.6666666666666667,1.387774244187407,2.6360427505933153,-0.8733937706116245,0.8733937706116245,-0.8733937706116248,0.8733937706116248,0.1671827559089749,0.1671827559089749,0.04746867870800076,0.03528197904025774,0.9203716515956644,True,FULL,FULL_poly_rank_2
236,2.48,3.5,1.278,1.2245,1.2245,4.974718816480315,1.4285714285714286,6.199218816480315,1.7047169871616714,1.2245,4.1028696156234465,1.4285714285714286,5.3273696156234465,1.572619236989068,-0.8718492008568681,0.8718492008568681,-0.8718492008568681,0.8718492008568681,-0.1320977501726035,0.1320977501726035,0.10251634001221611,0.07187079916872063,0.8124915889041748,True,FULL,FULL_poly_rank_2
238,1.16,3.0,0.606,0.5299999999999999,0.5299999999999999,0.9995028593983644,1.6666666666666667,1.5295028593983642,2.6762963684092975,0.5299999999999999,0.4746116721388701,1.6666666666666667,1.00461167213887,2.7424208354305004,-0.5248911872594942,0.5248911872594942,-0.5248911872594941,0.5248911872594941,0.06612446702120289,0.06612446702120289,0.04001922170427236,0.028809096593570165,0.8416081225800378,True,FULL,FULL_poly_rank_2
239,2.0,3.5,0.785,0.745,0.745,1.4880839300345443,1.4285714285714286,2.2330839300345446,1.9471028822830023,0.745,0.8771087946395836,1.4285714285714286,1.6221087946395836,1.8708582260797548,-0.6109751353949607,0.6109751353949607,-0.6109751353949611,0.6109751353949611,-0.0762446562032475,0.0762446562032475,0.04587001116065214,0.03325570360331413,0.90324853544232,True,FULL,FULL_poly_rank_2
240,1.84,3.0,1.067,0.9266666666666667,0.9266666666666667,11.34965538746409,1.6666666666666667,12.276322054130755,1.8769974838423913,0.9266666666666667,5.753399984862865,1.6666666666666667,6.680066651529532,1.7851534940076452,-5.596255402601225,5.596255402601225,-5.596255402601224,5.596255402601224,-0.09184398983474606,0.09184398983474606,0.19204005773112298,0.14623659205249165,0.09638379633003913,True,FULL,FULL_poly_rank_2
241,2.5,3.5,1.53,1.435,1.435,11.191062390354295,1.4285714285714286,12.626062390354296,1.6206039521105755,1.435,6.9454024234703855,1.4285714285714286,8.380402423470386,1.5315364316228204,-4.24565996688391,4.24565996688391,-4.24565996688391,4.24565996688391,-0.08906752048775513,0.08906752048775513,0.1804922467229225,0.128714263436733,0.581428915669907,True,FULL,FULL_poly_rank_2
242,1.28,13.0,0.381,0.236,0.236,0.2798827945510767,0.3846153846153846,0.5158827945510767,2.332154177278262,0.236,0.6297987133822817,0.3846153846153846,0.8657987133822816,1.8678652523655048,0.349915918831205,0.349915918831205,0.349915918831205,0.349915918831205,-0.4642889249127571,0.4642889249127571,0.0644074230021631,0.04052193766447483,-0.5447441272179709,True,FULL,FULL_poly_rank_2
243,1.94,13.0,1.479,1.139,1.139,0.9051763320711632,0.3846153846153846,2.0441763320711632,1.6142343389282214,1.139,0.6761850208639928,0.3846153846153846,1.8151850208639928,1.6416816096331044,-0.22899131120717042,0.22899131120717042,-0.22899131120717042,0.22899131120717042,0.027447270704882953,0.027447270704882953,0.041758953156912616,0.026384953729652053,0.9498444847081638,True,FULL,FULL_poly_rank_2
244,2.29,13.0,30.401,2.493,2.493,191.4872115140508,0.3846153846153846,193.9802115140508,0.5794840127037909,2.493,214.9515134813822,0.3846153846153846,217.4445134813822,0.5280830471421795,23.46430196733138,23.46430196733138,23.46430196733138,23.46430196733138,-0.051400965561611445,0.051400965561611445,1.6643364224212225,0.9982647492308107,0.9693256759107213,True,FULL,FULL_poly_rank_2
245,3.95,13.0,5.488,4.171,4.171,11.473466241634494,0.3846153846153846,15.644466241634497,0.6512771868667829,4.171,15.779940722281063,0.3846153846153846,19.950940722281064,0.5206668544063466,4.306474480646569,4.306474480646569,4.306474480646568,4.306474480646568,-0.1306103324604363,0.1306103324604363,0.33607266628607935,0.1959908026989739,0.8485059695285183,True,FULL,FULL_poly_rank_2
246,0.34,13.0,0.306,0.104,0.104,0.238125551076079,0.3846153846153846,0.342125551076079,11.465962069935722,0.104,0.2642405033429519,0.3846153846153846,0.3682405033429519,11.3038167317799,0.02611495226687291,0.02611495226687291,0.026114952266872882,0.026114952266872882,-0.16214533815582222,0.16214533815582222,0.006906444389355445,0.003931611048877074,0.9833533174015291,True,FULL,FULL_poly_rank_2
247,0.55,13.0,1.422,0.768,0.768,0.854926430267495,0.3846153846153846,1.622926430267495,6.829794290098721,0.768,0.3588877764263918,0.3846153846153846,1.1268877764263918,7.978100911619779,-0.49603865384110324,0.49603865384110324,-0.49603865384110324,0.49603865384110324,1.1483066215210584,1.1483066215210584,0.12481636434615498,0.0722907590889066,0.5876758236629576,True,FULL,FULL_poly_rank_2
248,1.07,13.0,2.417,1.547,1.547,1.4889207977309928,0.3846153846153846,3.0359207977309928,3.0462519251595546,1.547,0.6712536035601333,0.3846153846153846,2.2182536035601332,3.5890278057756424,-0.8176671941708595,0.8176671941708595,-0.8176671941708595,0.8176671941708595,0.5427758806160878,0.5427758806160878,0.17512801725415694,0.10608023490469393,0.678046025223774,True,FULL,FULL_poly_rank_2
249,1.08,13.0,4.482,3.316,3.316,1.9761134955053168,0.3846153846153846,5.292113495505316,3.3738748448845737,3.316,0.1862090182467195,0.3846153846153846,3.5022090182467194,5.577739929512866,-1.7899044772585972,1.7899044772585972,-1.789904477258597,1.789904477258597,2.2038650846282923,2.2038650846282923,0.37722213811681543,0.22598204118680051,0.4396841500645515,True,FULL,FULL_poly_rank_2
250,0.1,15.0,0.367,0.136,0.136,0.2402542971419538,0.3333333333333333,0.3762542971419538,56.09759499434641,0.136,0.189937182266758,0.3333333333333333,0.325937182266758,57.18195222595644,-0.0503171148751958,0.0503171148751958,-0.0503171148751958,0.0503171148751958,1.0843572316100278,1.0843572316100278,0.013715813170246637,0.0077063598542428235,0.9415442117489005,True,FULL,FULL_poly_rank_2
251,0.67,15.0,1.297,0.843,0.843,0.5998183417647385,0.3333333333333333,1.4428183417647384,6.0080454699914485,0.843,0.158026870676639,0.3333333333333333,1.001026870676639,7.792774872669912,-0.44179147108809946,0.44179147108809946,-0.44179147108809946,0.44179147108809946,1.7847294026784635,1.7847294026784635,0.10993059542730658,0.06382399108788922,0.47231697469575384,True,FULL,FULL_poly_rank_2
253,2.08,15.0,4.233,3.386,3.386,2.0681407318693763,0.3333333333333333,5.454140731869376,1.6219591173534793,3.386,1.0178086103366688,0.3333333333333333,4.403808610336669,1.8655340687026185,-1.0503321215327075,1.0503321215327075,-1.0503321215327075,1.0503321215327075,0.2435749513491392,0.2435749513491392,0.17740261728485368,0.11310726726247147,0.8801045745474564,True,FULL,FULL_poly_rank_2
254,0.42,15.0,0.464,0.223,0.223,0.286841251907236,0.3333333333333333,0.509841251907236,9.785018691865965,0.223,0.3178475176037733,0.3333333333333333,0.5408475176037733,9.599813223712433,0.031006265696537305,0.031006265696537305,0.031006265696537305,0.031006265696537305,-0.18520546815353178,0.18520546815353178,0.008144591405716337,0.0046483386054041,0.9852946282315631,True,FULL,FULL_poly_rank_2
255,1.34,15.0,1.532,0.812,0.812,1.3202731944591186,0.3333333333333333,2.1322731944591187,2.118955632610797,0.812,1.5539831700687,0.3333333333333333,2.3659831700687,1.97466361984164,0.2337099756095813,0.2337099756095813,0.2337099756095813,0.2337099756095813,-0.1442920127691567,0.1442920127691567,0.042790873058363904,0.026806707725713298,0.9667191749663919,True,FULL,FULL_poly_rank_2
256,1.56,15.0,2.845,1.821,1.821,2.049502462074934,0.3333333333333333,3.870502462074933,1.917214666999875,1.821,1.749916318073908,0.3333333333333333,3.570916318073908,1.9093919049295505,-0.2995861440010259,0.2995861440010259,-0.299586144001025,0.299586144001025,-0.007822762070324618,0.007822762070324618,0.06518341878730452,0.0394389462257683,0.9705298730094081,True,FULL,FULL_poly_rank_2
257,1.9,15.0,4.37,3.015,3.015,3.1599174946212627,0.3333333333333333,6.174917494621263,1.5540138559861083,3.015,3.2056501546487657,0.3333333333333333,6.220650154648766,1.4594580473452674,0.04573266002750298,0.04573266002750298,0.04573266002750298,0.04573266002750298,-0.0945558086408409,0.0945558086408409,0.029729439304722285,0.011579731818101725,0.9972854907745601,True,FULL,FULL_poly_rank_2
258,2.09,15.0,55.263,3.813,3.813,190.18212243089908,0.3333333333333333,193.99512243089907,0.7174733228095233,3.813,174.94640622743938,0.3333333333333333,178.75940622743937,0.6956851894193209,-15.235716203459702,15.235716203459702,-15.235716203459702,15.235716203459702,-0.021788133390202358,0.021788133390202358,2.6212542892231134,1.6980646568099802,0.9765850858081029,True,FULL,FULL_poly_rank_2
284,0.27,1.6652089623887931,2.655,1.3036485066778338,1.3036485066778338,4.61028992899217,3.002626164602998,5.913938435670004,7.913618795998358,1.3036485066778338,4.5041248978273964,3.002626164602998,5.80777340450523,7.165639941746759,-0.10616503116477372,0.10616503116477372,-0.10616503116477372,0.10616503116477372,-0.747978854251599,0.747978854251599,0.08724283998562812,0.04675477892524546,0.9675139296337579,True,FULL,FULL_poly_rank_2
285,0.5,3.083720300719987,2.417,0.6555920235894309,0.6555920235894309,7.127781251237852,1.621418128885619,7.783373274827283,3.420782268328867,0.6555920235894309,3.795999054136967,1.621418128885619,4.451591077726398,3.4504572010453285,-3.3317821971008845,3.3317821971008845,-3.3317821971008845,3.3317821971008845,0.029674932716461377,0.029674932716461377,0.4012798837120411,0.2735527449031576,0.5511152808951878,True,FULL,FULL_poly_rank_2
286,0.88,5.4273477292671775,5.477,2.848434309388562,2.848434309388562,8.806082929225237,0.9212603005031926,11.6545172386138,2.5046228694450243,2.848434309388562,7.938578083114335,0.9212603005031926,10.787012392502897,2.318434968359965,-0.8675048461109025,0.8675048461109025,-0.8675048461109025,0.8675048461109025,-0.18618790108505934,0.18618790108505934,0.22954392943602142,0.13689137014481037,0.9424666525757369,True,FULL,FULL_poly_rank_2
287,0.29,1.7885577744175924,3.214,1.959240530267265,1.959240530267265,3.9894927128527247,2.7955484980786536,5.94873324311999,8.412171305906568,1.959240530267265,4.1303233743161245,2.7955484980786536,6.08956390458339,7.568698889089389,0.14083066146339984,0.14083066146339984,0.14083066146339984,0.14083066146339984,-0.8434724168171792,0.8434724168171792,0.05597992442053604,0.02547288891683352,0.9871754117209003,True,FULL,FULL_poly_rank_2
288,0.44,2.7136738646335887,3.179,1.959240530267265,1.959240530267265,3.8637545585443656,1.8425206010063853,5.822995088811631,5.589277438658442,1.959240530267265,2.9976030709700714,1.8425206010063853,4.9568436012373365,5.450570402499422,-0.8661514875742942,0.8661514875742942,-0.8661514875742942,0.8661514875742942,-0.13870703615901991,0.13870703615901991,0.1545369162375327,0.09818859570050377,0.898266401237848,True,FULL,FULL_poly_rank_2
289,0.44,2.7136738646335887,5.856,2.848434309388562,2.848434309388562,10.290924987900752,1.8425206010063853,13.139359297289314,4.832563228905287,2.848434309388562,10.66004010501786,1.8425206010063853,13.508474414406423,4.314456889133266,0.36911511711710787,0.36911511711710787,0.36911511711710965,0.36911511711710965,-0.5181063397720207,0.5181063397720207,0.1443457545777422,0.06889850056646406,0.981964676530398,True,FULL,FULL_poly_rank_2
291,0.42,2.590325052604789,4.293,1.959240530267265,1.959240530267265,8.144262348078403,1.9302596772447849,10.103502878345669,4.906645401620717,1.959240530267265,7.135587290220889,1.9302596772447849,9.094827820488154,4.548966394766387,-1.0086750578575137,1.0086750578575137,-1.0086750578575145,1.0086750578575145,-0.3576790068543305,0.3576790068543305,0.22938043438000857,0.14101184763336883,0.9223663861890996,True,FULL,FULL_poly_rank_2
292,0.27,1.6652089623887931,1.816,0.6555920235894309,0.6555920235894309,4.340373544875488,3.002626164602998,4.99596556846492,6.93036783035678,0.6555920235894309,3.5474614111955822,3.002626164602998,4.203053434785013,6.479319604648755,-0.7929121336799061,0.7929121336799061,-0.7929121336799065,0.7929121336799065,-0.45104822570802483,0.45104822570802483,0.14165711972187883,0.09093838958231058,0.8738994049189847,True,FULL,FULL_poly_rank_2
293,0.55,3.392092330791986,3.752,1.3488617496840016,1.3488617496840016,8.999404803617814,1.4740164808051082,10.348266553301816,3.397073578572742,1.3488617496840016,5.799277979666313,1.4740164808051082,7.148139729350315,3.3432208998402886,-3.200126823951501,3.200126823951501,-3.200126823951501,3.200126823951501,-0.05385267873245336,0.05385267873245336,0.43981783687137144,0.29368488816402616,0.7164161915854134,True,FULL,FULL_poly_rank_2
295,1.2,7.400928721727968,0.0307,0.0217962758401608,0.0217962758401608,0.0268208917452208,0.6755908870356747,0.0486171675853816,2.3157906832156443,0.0217962758401608,0.0181362673533027,0.6755908870356747,0.0399325431934635,2.384172124522379,-0.0086846243919181,0.0086846243919181,-0.008684624391918097,0.008684624391918097,0.06838144130673474,0.06838144130673474,0.0014190698295846493,0.0009179302208687368,0.8846574432310726,True,FULL,FULL_poly_rank_2
296,2.0,12.334881202879949,0.131,0.0508579769603752,0.0508579769603752,0.2935284290129898,0.4053545322214048,0.344386405973365,0.9614433155844516,0.0508579769603752,0.3171333413764365,0.4053545322214048,0.3679913183368117,0.8499032952555888,0.023604912363446695,0.023604912363446695,0.023604912363446695,0.023604912363446695,-0.11154002032886279,0.11154002032886279,0.003182682226317488,0.0016595023415765823,0.9867996637678769,True,FULL,FULL_poly_rank_2
297,1.8,11.101393082591954,0.046,0.0145308505601072,0.0145308505601072,0.1222071066849876,0.4503939246904497,0.1367379572450948,0.9937795159488002,0.0145308505601072,0.1158710189791595,0.4503939246904497,0.1304018695392667,0.9016300462816612,-0.006336087705828108,0.006336087705828108,-0.006336087705828108,0.006336087705828108,-0.092149469667139,0.092149469667139,0.0025232844233704288,0.0015018340524955434,0.9448697184987588,True,FULL,FULL_poly_rank_2
302,0.75,4.625580451079981,0.055,0.0153092991217785,0.0153092991217785,0.1595143577214117,1.080945419257079,0.1748236568431902,2.2969478423570417,0.0153092991217785,0.2359466317145371,1.080945419257079,0.2512559308363156,1.9544951587790824,0.07643227399312538,0.07643227399312538,0.07643227399312538,0.07643227399312538,-0.3424526835779593,0.3424526835779593,0.00412916893651898,0.003104992743740093,0.9064978413950457,True,FULL,FULL_poly_rank_2
303,0.91,5.612370947310377,0.041,0.0153092991217785,0.0153092991217785,0.0951653865132687,0.8908890818052851,0.1104746856350472,2.0818876302589207,0.0153092991217785,0.1444830995843496,0.8908890818052851,0.1597923987061281,1.7323430911693694,0.049317713071080904,0.049317713071080904,0.049317713071080904,0.049317713071080904,-0.3495445390895513,0.3495445390895513,0.0030674969996600256,0.002268820963966488,0.8799247230798934,True,FULL,FULL_poly_rank_2
304,1.87,11.533113924692753,0.046,0.0153092991217785,0.0153092991217785,0.1174680513670647,0.4335342590603259,0.1327773504888432,0.9728764088168116,0.0153092991217785,0.0921413193258368,0.4335342590603259,0.1074506184476153,0.9154119230494075,-0.0253267320412279,0.0253267320412279,-0.0253267320412279,0.0253267320412279,-0.05746448576740404,0.05746448576740404,0.0041296410917951954,0.0026902331669380244,0.8454229128061999,True,FULL,FULL_poly_rank_2
305,2.17,13.383346105124744,0.042,0.0153092991217785,0.0153092991217785,0.0995579974430193,0.373598647208668,0.1148672965647978,0.8653228395367738,0.0153092991217785,0.0870372158760349,0.373598647208668,0.1023465149978134,0.798004408807173,-0.012520781566984399,0.012520781566984399,-0.012520781566984399,0.012520781566984399,-0.06731843072960075,0.06731843072960075,0.00274048371050438,0.0017119147865097054,0.9109065012016951,True,FULL,FULL_poly_rank_2
311,1.45,8.942788872087963,1.14,0.7935883525311068,0.7935883525311068,1.051107361858608,0.5591096996157306,1.844695714389715,1.879665749713435,0.7935883525311068,0.9509338149793652,0.5591096996157306,1.744522167510472,1.7738274050946206,-0.10017354687924274,0.10017354687924274,-0.10017354687924285,0.10017354687924285,-0.10583834461881447,0.10583834461881447,0.02763164948512426,0.015992563502286183,0.9692000987797444,True,FULL,FULL_poly_rank_2
314,1.8,11.101393082591954,3.8,2.3726672172613705,2.3726672172613705,4.501119428750482,0.4503939246904497,6.873786646011853,1.379736428464202,2.3726672172613705,4.547334645930171,0.4503939246904497,6.920001863191541,1.2513594853674077,0.04621521717968857,0.04621521717968857,0.04621521717968857,0.04621521717968857,-0.12837694309679426,0.12837694309679426,0.07197524782880381,0.03244756927372429,0.9842170444280494,True,FULL,FULL_poly_rank_2
316,1.1,6.784184661583972,1.23,0.5909609098097346,0.5909609098097346,2.195000047586552,0.7370082404025541,2.7859609573962865,1.920963652491806,0.5909609098097346,2.287264394738197,0.7370082404025541,2.878225304547932,1.7122808925153663,0.09226434715164533,0.09226434715164533,0.09226434715164533,0.09226434715164533,-0.2086827599764396,0.2086827599764396,0.029775489028800322,0.014283037199689,0.9829053171918295,True,FULL,FULL_poly_rank_2
320,1.3,8.017672781871967,3.7,1.9806931592524069,1.9806931592524069,5.70674005649928,0.6236223572636995,7.687433215751687,1.723838260148718,1.9806931592524069,4.7252094031044845,0.6236223572636995,6.705902562356891,1.633747937011156,-0.9815306533947954,0.9815306533947954,-0.9815306533947963,0.9815306533947963,-0.09009032313756205,0.09009032313756205,0.19161695884631577,0.11998670222179086,0.9081578573206043,True,FULL,FULL_poly_rank_2
321,1.5,9.25116090215996,2.94,0.5553062574145964,0.5553062574145964,10.568278952724356,0.5404727096285398,11.123585210138952,1.04691166819964,0.5553062574145964,6.763510378677404,0.5404727096285398,7.318816636092,1.0097589965731806,-3.8047685740469515,3.8047685740469515,-3.8047685740469515,3.8047685740469515,-0.03715267162645941,0.03715267162645941,0.4574355020991843,0.3122210548425517,0.6792744791143376,True,FULL,FULL_poly_rank_2
322,1.7,10.484649022447956,1.47,1.1106125148291928,1.1106125148291928,1.0572811334663703,0.4768876849663586,2.1678936482955633,1.7502458150213789,1.1106125148291928,0.6609559271149164,0.4768876849663586,1.7715684419441091,1.856293109240729,-0.39632520635145396,0.39632520635145396,-0.3963252063514542,0.3963252063514542,0.10604729421935022,0.10604729421935022,0.06336106419000594,0.04115252846870623,0.8910740892084015,True,FULL,FULL_poly_rank_2
323,1.7,10.484649022447956,7.35,2.2212250296583855,2.2212250296583855,20.160376750419932,0.4768876849663586,22.381601780078316,1.0379375597762583,2.2212250296583855,20.437649193857204,0.4768876849663586,22.65887422351559,0.9312558398231168,0.27727244343727264,0.27727244343727264,0.27727244343727264,0.27727244343727264,-0.10668171995314157,0.10668171995314157,0.3073548454533142,0.16551101665822687,0.96911087941512,True,FULL,FULL_poly_rank_2
327,0.1,0.6167440601439975,0.08,0.0796743371481683,0.0796743371481683,0.0008090983306987,8.107090644428094,0.080483435478867,77.68977402204777,0.0796743371481683,0.0682705532462329,8.107090644428094,0.1479448903944012,28.36480377370073,0.06746145491553421,0.06746145491553421,0.06746145491553421,0.06746145491553421,-49.32497024834704,49.32497024834704,0.008986448635874425,0.005953268457810854,0.0716607831823678,True,FULL,FULL_poly_rank_2
330,1.1,6.784184661583972,0.025,0.0202072594216368,0.0202072594216368,0.0137190748784508,0.7370082404025541,0.0339263343000876,2.9611290302817843,0.0202072594216368,0.0030045093504653,0.7370082404025541,0.0232117687721021,4.171541964769203,-0.0107145655279855,0.0107145655279855,-0.010714565527985501,0.010714565527985501,1.2104129344874184,1.2104129344874184,0.0015562990916395078,0.001006939576477026,0.7574556618936051,True,FULL,FULL_poly_rank_2
331,1.25,7.709300751799968,0.047,0.0398371685740841,0.0398371685740841,0.0200809505252075,0.6485672515542477,0.0599181190992916,2.820311710406355,0.0398371685740841,0.0151957198711224,0.6485672515542477,0.0550328884452065,2.8671464762349346,-0.004885230654085099,0.004885230654085099,-0.004885230654085103,0.004885230654085103,0.046834765828579705,0.046834765828579705,0.0008872061770743833,0.0005610266896031592,0.9771076395109201,True,FULL,FULL_poly_rank_2
332,1.2,7.400928721727968,0.05,0.0398371685740841,0.0398371685740841,0.0292663957131568,0.6755908870356747,0.0691035642872409,2.6576864448773354,0.0398371685740841,0.0406043849846793,0.6755908870356747,0.0804415535587634,2.2466389755933895,0.011337989271522495,0.011337989271522495,0.011337989271522492,0.011337989271522492,-0.41104746928394587,0.41104746928394587,0.0011633227606535953,0.0007937516331627689,0.9665010715618655,True,FULL,FULL_poly_rank_2
333,1.6,9.86790496230396,0.093,0.0796743371481683,0.0796743371481683,0.0371742575975103,0.5066931652767559,0.1168485947456786,2.2486028629786348,0.0796743371481683,0.0407749514727739,0.5066931652767559,0.1204492886209422,2.0603818088043906,0.0036006938752635997,0.0036006938752635997,0.0036006938752635997,0.0036006938752635997,-0.18822105417424417,0.18822105417424417,0.0005995452119625153,0.00034294275836086634,0.9973206647541402,True,FULL,FULL_poly_rank_2
334,2.5,15.418601503599936,0.1,0.0796743371481683,0.0796743371481683,0.0585327914263222,0.3242836257771238,0.1382071285744905,1.275689493540873,0.0796743371481683,0.0074458744191807,0.3242836257771238,0.087120211567349,2.0446879156078044,-0.0510869170071415,0.0510869170071415,-0.05108691700714149,0.05108691700714149,0.7689984220669315,0.7689984220669315,0.007329018236855751,0.004730396734487206,0.6675991865086324,True,FULL,FULL_poly_rank_2
335,1.8,11.101393082591954,0.233,0.1991858428704208,0.1991858428704208,0.0944249962521731,0.4503939246904497,0.2936108391225939,1.9904398436807709,0.1991858428704208,0.1454264599440201,0.4503939246904497,0.3446123028144409,1.6515629698031833,0.05100146369184699,0.05100146369184699,0.05100146369184699,0.05100146369184699,-0.3388768738775876,0.3388768738775876,0.005845871943655283,0.003920102951001777,0.9594433380561883,True,FULL,FULL_poly_rank_2
336,4.0,24.669762405759897,0.251,0.1991858428704208,0.1991858428704208,0.1494580982300445,0.2026772661107024,0.3486439411004653,0.792806515114832,0.1991858428704208,0.22723661298994,0.2026772661107024,0.4264224558603608,0.6522341129329522,0.0777785147598955,0.0777785147598955,0.0777785147598955,0.0777785147598955,-0.14057240218187983,0.14057240218187983,0.008216018691054866,0.005562140343277518,0.9339205196179028,True,FULL,FULL_poly_rank_2
337,1.13,6.96920787962717,0.045,0.0153092991217785,0.0153092991217785,0.1129415099906837,0.7174416499493891,0.1282508091124622,1.6219045254507285,0.0153092991217785,0.1220054152047317,0.7174416499493891,0.1373147143265103,1.4363786821520494,0.009063905214047999,0.009063905214047999,0.009063905214048096,0.009063905214048096,-0.18552584329867905,0.18552584329867905,0.0012053256123036476,0.0006288765275877784,0.9859596511122893,True,FULL,FULL_poly_rank_2
338,1.74,10.731346646505555,0.033,0.0153092991217785,0.0153092991217785,0.0614267591501006,0.4659247496797756,0.0767360582718792,1.1936384711708052,0.0153092991217785,0.0393560612758749,0.4659247496797756,0.0546653603976534,1.197065085092138,-0.022070697874225706,0.022070697874225706,-0.022070697874225796,0.022070697874225796,0.0034266139213328106,0.0034266139213328106,0.003193682109737634,0.0021133664831549247,0.7396578520161333,True,FULL,FULL_poly_rank_2
339,2.13,13.136648481067144,0.035,0.0153092991217785,0.0153092991217785,0.0696089127687665,0.3806145842454505,0.084918211890545,0.9488333573269884,0.0153092991217785,0.049506631798254,0.3806145842454505,0.0648159309200325,0.9230055514928114,-0.020102280970512504,0.020102280970512504,-0.020102280970512504,0.020102280970512504,-0.025827805834176987,0.025827805834176987,0.003072822529198952,0.002014371441074,0.8016150914230071,True,FULL,FULL_poly_rank_2
340,3.5,21.58604210503991,0.026,0.0153092991217785,0.0153092991217785,0.0343911652377439,0.2316311612693741,0.0497004643595224,0.6801344819537776,0.0153092991217785,0.0843419232120067,0.2316311612693741,0.0996512223337852,0.4979732683891982,0.0499507579742628,0.0499507579742628,0.04995075797426281,0.04995075797426281,-0.18216121356457937,0.18216121356457937,0.00455504134883238,0.0032353329812431376,-0.22503418535494912,True,FULL,FULL_poly_rank_2
341,1.13,6.96920787962717,0.055,0.0153092991217785,0.0153092991217785,0.1595143577209842,0.7174416499493891,0.1748236568427627,1.524522904222498,0.0153092991217785,0.1498753469841936,0.7174416499493891,0.1651846461059721,1.3866719559255132,-0.009639010736790604,0.009639010736790604,-0.009639010736790576,0.009639010736790576,-0.13785094829698474,0.13785094829698474,0.003338335104062714,0.0020272420455366875,0.9388838212129695,True,FULL,FULL_poly_rank_2
342,1.22,7.524277533756768,0.039,0.0153092991217785,0.0153092991217785,0.0864894320112215,0.6645156265924669,0.101798731133,1.5829859963913084,0.0153092991217785,0.0896434693340893,0.6645156265924669,0.1049527684558678,1.4109113870098522,0.0031540373228678004,0.0031540373228678004,0.0031540373228678004,0.0031540373228678004,-0.17207460938145624,0.17207460938145624,0.0012034023107998732,0.000598711541005818,0.9784459527959599,True,FULL,FULL_poly_rank_2
343,1.45,8.942788872087963,0.034,0.0153092991217785,0.0153092991217785,0.0654950286258003,0.5591096996157306,0.0808043277475788,1.4123161332544465,0.0153092991217785,0.0525083510096752,0.5591096996157306,0.0678176501314537,1.3366398759524982,-0.012986677616125097,0.012986677616125097,-0.012986677616125097,0.012986677616125097,-0.07567625730194827,0.07567625730194827,0.0023141729773022137,0.0014781273801178247,0.8762381881959421,True,FULL,FULL_poly_rank_2
344,2.17,13.383346105124744,0.028,0.0153092991217785,0.0153092991217785,0.0418356081902535,0.373598647208668,0.057144907312032,1.0458293131757963,0.0153092991217785,0.0161493246472982,0.373598647208668,0.0314586237690767,1.2299936236706646,-0.025686283542955296,0.025686283542955296,-0.025686283542955296,0.025686283542955296,0.18416431049486826,0.18416431049486826,0.0034940118897957657,0.0023395026572166394,0.44878300040574415,True,FULL,FULL_poly_rank_2
345,0.6,3.700464360863984,0.062,0.0153092991217785,0.0153092991217785,0.1936315334445874,1.3511817740713494,0.2089408325663659,2.78103428223211,0.0153092991217785,0.3151102213407756,1.3511817740713494,0.3304195204625541,2.3590448717096058,0.12147868789618821,0.12147868789618821,0.12147868789618818,0.12147868789618818,-0.4219894105225044,0.4219894105225044,0.00709330064439802,0.005307667770359299,0.7997399548641201,True,FULL,FULL_poly_rank_2
346,0.7,4.317208421007981,0.05,0.0153092991217785,0.0153092991217785,0.1358772828198478,1.1581558063468709,0.1511865819416263,2.530764500816095,0.0153092991217785,0.2408213758502531,1.1581558063468709,0.2561306749720316,2.088538587401289,0.1049440930304053,0.1049440930304053,0.10494409303040533,0.10494409303040533,-0.44222591341480566,0.44222591341480566,0.0068273247797407954,0.005052375664012616,0.6671410479657194,True,FULL,FULL_poly_rank_2
347,0.9,5.550696541295977,0.034,0.0153092991217785,0.0153092991217785,0.0654950141480271,0.9007878493808994,0.0808043132698056,2.275398701589776,0.0153092991217785,0.110918575602923,0.9007878493808994,0.1262278747247015,1.8350886637525732,0.0454235614548959,0.0454235614548959,0.045423561454895914,0.045423561454895914,-0.4403100378372029,0.4403100378372029,0.0033421888052467424,0.0024336309144627807,0.7418589969032595,True,FULL,FULL_poly_rank_2
348,1.8,11.101393082591954,0.027,0.0153092991217785,0.0153092991217785,0.038082793731829,0.4503939246904497,0.0533920928536075,1.2897687725693818,0.0153092991217785,0.0134273382735441,0.4503939246904497,0.0287366373953226,1.5650927219610586,-0.024655455458284896,0.024655455458284896,-0.0246554554582849,0.0246554554582849,0.2753239493916768,0.2753239493916768,0.0033681203441045856,0.0022532082019504334,0.41609540366618103,True,FULL,FULL_poly_rank_2
349,1.13,6.96920787962717,0.043,0.0153092991217785,0.0153092991217785,0.1039855497101338,0.7174416499493891,0.1192948488319123,1.6477168177591195,0.0153092991217785,0.115061459457526,0.7174416499493891,0.1303707585793045,1.4517067353940776,0.011075909747392199,0.011075909747392199,0.011075909747392199,0.011075909747392199,-0.19601008236504192,0.19601008236504192,0.0009599777368213112,0.0005460838462457656,0.9898124158052376,True,FULL,FULL_poly_rank_2
350,1.37,8.449393623972766,0.041,0.0153092991217785,0.0153092991217785,0.0951653865075495,0.591758441199131,0.110474685629328,1.3828596668882291,0.0153092991217785,0.0851522295627711,0.591758441199131,0.1004615286845496,1.269685829117427,-0.01001315694477839,0.01001315694477839,-0.01001315694477839,0.01001315694477839,-0.11317383777080225,0.11317383777080225,0.00245315929761305,0.0015096493891323204,0.9232043175132335,True,FULL,FULL_poly_rank_2
351,1.67,10.299625804404757,0.032,0.0153092991217785,0.0153092991217785,0.057405854043788,0.4854545296064728,0.0727151531655665,1.2626030593869657,0.0153092991217785,0.0364421597696606,0.4854545296064728,0.0517514588914391,1.2725152343012092,-0.0209636942741274,0.0209636942741274,-0.020963694274127392,0.020963694274127392,0.009912174914243455,0.009912174914243455,0.0030408946003355375,0.0020114329132720887,0.7381416571324732,True,FULL,FULL_poly_rank_2
352,2.91,17.947252150190327,0.03,0.0153092991217785,0.0153092991217785,0.0495137718239397,0.2785941802208967,0.0648230709457182,0.7494886652754336,0.0153092991217785,0.0596448338686049,0.2785941802208967,0.0749541329903834,0.646265152649838,0.010131062044665198,0.010131062044665198,0.010131062044665212,0.010131062044665212,-0.10322351262559559,0.10322351262559559,0.0005690007808166624,0.0004308429763396193,0.9885483941618773,True,FULL,FULL_poly_rank_2
353,0.9,5.550696541295977,0.037,0.0153092991217785,0.0153092991217785,0.0779670989319231,0.9007878493808994,0.0932763980537016,2.192227389199339,0.0153092991217785,0.1276032172054621,0.9007878493808994,0.1429125163272406,1.789171422845775,0.049636118273539004,0.049636118273539004,0.04963611827353902,0.04963611827353902,-0.403055966353564,0.403055966353564,0.003439232827087607,0.002521226161251491,0.7922385630277979,True,FULL,FULL_poly_rank_2
354,1.05,6.475812631511974,0.032,0.0153092991217785,0.0153092991217785,0.0574058541682785,0.7721038708979138,0.0727151532900571,2.0081400996379837,0.0153092991217785,0.0756290894300137,0.7721038708979138,0.0909383885517922,1.6985151797173337,0.0182232352617352,0.0182232352617352,0.01822323526173511,0.01822323526173511,-0.30962491992065,0.30962491992065,0.0010911432773814426,0.0007957318940627955,0.9662846833582002,True,FULL,FULL_poly_rank_2
355,1.15,7.09255669165597,0.028,0.0153092991217785,0.0153092991217785,0.0418356081862674,0.7049644038633127,0.0571449073080459,1.9734344433232216,0.0153092991217785,0.042985859017965,0.7049644038633127,0.0582951581397436,1.7707594932139523,0.0011502508316975982,0.0011502508316975982,0.0011502508316976953,0.0011502508316976953,-0.20267495010926928,0.20267495010926928,0.0006125541824945667,0.0002844029600685695,0.9830580707068548,True,FULL,FULL_poly_rank_2
356,1.4,8.634416842015963,0.024,0.0153092991217785,0.0153092991217785,0.0272042150777216,0.5790779031734354,0.0425135141995001,1.8037445140554815,0.0153092991217785,0.0102220680315166,0.5790779031734354,0.0255313671532951,2.1796930353302257,-0.016982147046205,0.016982147046205,-0.016982147046204998,0.016982147046204998,0.3759485212747442,0.3759485212747442,0.0024025131131761254,0.0015963932325860624,0.5432142790135124,True,FULL,FULL_poly_rank_2
357,0.75,4.625580451079981,0.028,0.0153092991217785,0.0153092991217785,0.0418356081843982,1.080945419257079,0.0571449073061767,3.0259328132395527,0.0153092991217785,0.099542336422471,1.080945419257079,0.1148516355442495,2.2479084862182384,0.057706728238072796,0.057706728238072796,0.0577067282380728,0.0577067282380728,-0.7780243270213143,0.7780243270213143,0.005050110267612497,0.003607911442681708,-0.15153082404246043,True,FULL,FULL_poly_rank_2
358,1.15,7.09255669165597,0.026,0.0153092991217785,0.0153092991217785,0.0343911653190034,0.7049644038633127,0.0497004644407819,2.0699745048837284,0.0153092991217785,0.0318889079421352,0.7049644038633127,0.0471982070639137,1.9148125549536463,-0.002502257376868204,0.002502257376868204,-0.002502257376868197,0.002502257376868197,-0.15516194993008203,0.15516194993008203,0.0008156594436820717,0.00046614994641024034,0.9607191119005203,True,FULL,FULL_poly_rank_2
359,1.1,6.784184661583972,0.024,0.0153092991217785,0.0153092991217785,0.0272042141314279,0.7370082404025541,0.0425135132532064,2.2956749282231264,0.0153092991217785,0.0240297806423199,0.7370082404025541,0.0393390797640985,2.1645457015664995,-0.0031744334891080014,0.0031744334891080014,-0.0031744334891079043,0.0031744334891079043,-0.13112922665662685,0.13112922665662685,0.0007722423609524122,0.00046093181560994236,0.9528058431200578,True,FULL,FULL_poly_rank_2
360,1.2,7.400928721727968,0.022,0.0153092991217785,0.0153092991217785,0.0203041095024898,0.6755908870356747,0.0356134086242683,2.2704692840433656,0.0153092991217785,0.008502369389889,0.6755908870356747,0.0238116685116675,2.683052069568991,-0.0118017401126008,0.0118017401126008,-0.011801740112600802,0.011801740112600802,0.41258278552562544,0.41258278552562544,0.0017208250566719868,0.0011363673109958685,0.6794215993885083,True,FULL,FULL_poly_rank_2
