sample_id,curve_rmse_tau_u,curve_mae_tau_u,curve_r2_tau_u,curve_valid,source,dataset,method,model_name,model_label,model_family,selection_mode,prediction_file,model_key
7,0.0018612661676375,0.0015693730780358,0.9248719099815446,True,best_by_method,FULL,methodologie_1,FULL_poly_rank_1,FULL_poly_rank_1,polynomial,log,/Users/hariderarako/Desktop/python/results/methodologie_1/reconstructed_parameters/tau_u/full/FULL_poly_rank_1/FULL_poly_rank_1_comparison_d_b_e_tau_u.csv,best_by_method_FULL_methodologie_1_FULL_poly_rank_1
8,0.0014991427782316,0.0008558461212231,0.9236715300984534,True,best_by_method,FULL,methodologie_1,FULL_poly_rank_1,FULL_poly_rank_1,polynomial,log,/Users/hariderarako/Desktop/python/results/methodologie_1/reconstructed_parameters/tau_u/full/FULL_poly_rank_1/FULL_poly_rank_1_comparison_d_b_e_tau_u.csv,best_by_method_FULL_methodologie_1_FULL_poly_rank_1
9,0.0009697564275532,0.0005269187745616,0.9549301584062316,True,best_by_method,FULL,methodologie_1,FULL_poly_rank_1,FULL_poly_rank_1,polynomial,log,/Users/hariderarako/Desktop/python/results/methodologie_1/reconstructed_parameters/tau_u/full/FULL_poly_rank_1/FULL_poly_rank_1_comparison_d_b_e_tau_u.csv,best_by_method_FULL_methodologie_1_FULL_poly_rank_1
11,0.0037609454059158,0.0027568691170697,0.7079234360066835,True,best_by_method,FULL,methodologie_1,FULL_poly_rank_1,FULL_poly_rank_1,polynomial,log,/Users/hariderarako/Desktop/python/results/methodologie_1/reconstructed_parameters/tau_u/full/FULL_poly_rank_1/FULL_poly_rank_1_comparison_d_b_e_tau_u.csv,best_by_method_FULL_methodologie_1_FULL_poly_rank_1
12,0.0024669465371116,0.001628530066059,0.8545030902671328,True,best_by_method,FULL,methodologie_1,FULL_poly_rank_1,FULL_poly_rank_1,polynomial,log,/Users/hariderarako/Desktop/python/results/methodologie_1/reconstructed_parameters/tau_u/full/FULL_poly_rank_1/FULL_poly_rank_1_comparison_d_b_e_tau_u.csv,best_by_method_FULL_methodologie_1_FULL_poly_rank_1
13,0.0011776017970298,0.000890037243853,0.9639565677634938,True,best_by_method,FULL,methodologie_1,FULL_poly_rank_1,FULL_poly_rank_1,polynomial,log,/Users/hariderarako/Desktop/python/results/methodologie_1/reconstructed_parameters/tau_u/full/FULL_poly_rank_1/FULL_poly_rank_1_comparison_d_b_e_tau_u.csv,best_by_method_FULL_methodologie_1_FULL_poly_rank_1
16,0.3016663443611864,0.1968507656379499,0.965744416557519,True,best_by_method,FULL,methodologie_1,FULL_poly_rank_1,FULL_poly_rank_1,polynomial,log,/Users/hariderarako/Desktop/python/results/methodologie_1/reconstructed_parameters/tau_u/full/FULL_poly_rank_1/FULL_poly_rank_1_comparison_d_b_e_tau_u.csv,best_by_method_FULL_methodologie_1_FULL_poly_rank_1
19,0.0385032209567693,0.0241283817577371,0.8951782992037945,True,best_by_method,FULL,methodologie_1,FULL_poly_rank_1,FULL_poly_rank_1,polynomial,log,/Users/hariderarako/Desktop/python/results/methodologie_1/reconstructed_parameters/tau_u/full/FULL_poly_rank_1/FULL_poly_rank_1_comparison_d_b_e_tau_u.csv,best_by_method_FULL_methodologie_1_FULL_poly_rank_1
20,0.0568832919092824,0.0334315964948901,0.9739046196127412,True,best_by_method,FULL,methodologie_1,FULL_poly_rank_1,FULL_poly_rank_1,polynomial,log,/Users/hariderarako/Desktop/python/results/methodologie_1/reconstructed_parameters/tau_u/full/FULL_poly_rank_1/FULL_poly_rank_1_comparison_d_b_e_tau_u.csv,best_by_method_FULL_methodologie_1_FULL_poly_rank_1
21,0.1248344647231484,0.0842937462109026,0.984022425360084,True,best_by_method,FULL,methodologie_1,FULL_poly_rank_1,FULL_poly_rank_1,polynomial,log,/Users/hariderarako/Desktop/python/results/methodologie_1/reconstructed_parameters/tau_u/full/FULL_poly_rank_1/FULL_poly_rank_1_comparison_d_b_e_tau_u.csv,best_by_method_FULL_methodologie_1_FULL_poly_rank_1
22,0.4765903962397593,0.3056091488660901,0.9575501067099538,True,best_by_method,FULL,methodologie_1,FULL_poly_rank_1,FULL_poly_rank_1,polynomial,log,/Users/hariderarako/Desktop/python/results/methodologie_1/reconstructed_parameters/tau_u/full/FULL_poly_rank_1/FULL_poly_rank_1_comparison_d_b_e_tau_u.csv,best_by_method_FULL_methodologie_1_FULL_poly_rank_1
27,0.1580924829502083,0.1121141091558687,0.7947266378294121,True,best_by_method,FULL,methodologie_1,FULL_poly_rank_1,FULL_poly_rank_1,polynomial,log,/Users/hariderarako/Desktop/python/results/methodologie_1/reconstructed_parameters/tau_u/full/FULL_poly_rank_1/FULL_poly_rank_1_comparison_d_b_e_tau_u.csv,best_by_method_FULL_methodologie_1_FULL_poly_rank_1
28,0.0165110135859496,0.0103679870686107,0.9843184544188414,True,best_by_method,FULL,methodologie_1,FULL_poly_rank_1,FULL_poly_rank_1,polynomial,log,/Users/hariderarako/Desktop/python/results/methodologie_1/reconstructed_parameters/tau_u/full/FULL_poly_rank_1/FULL_poly_rank_1_comparison_d_b_e_tau_u.csv,best_by_method_FULL_methodologie_1_FULL_poly_rank_1
29,0.1025209473431464,0.0560249099781422,0.9791281299838172,True,best_by_method,FULL,methodologie_1,FULL_poly_rank_1,FULL_poly_rank_1,polynomial,log,/Users/hariderarako/Desktop/python/results/methodologie_1/reconstructed_parameters/tau_u/full/FULL_poly_rank_1/FULL_poly_rank_1_comparison_d_b_e_tau_u.csv,best_by_method_FULL_methodologie_1_FULL_poly_rank_1
30,1.5868676334617042,1.1655112969621293,0.7212834063476967,True,best_by_method,FULL,methodologie_1,FULL_poly_rank_1,FULL_poly_rank_1,polynomial,log,/Users/hariderarako/Desktop/python/results/methodologie_1/reconstructed_parameters/tau_u/full/FULL_poly_rank_1/FULL_poly_rank_1_comparison_d_b_e_tau_u.csv,best_by_method_FULL_methodologie_1_FULL_poly_rank_1
31,0.0097521408232936,0.0061467108746436,0.9889518406277816,True,best_by_method,FULL,methodologie_1,FULL_poly_rank_1,FULL_poly_rank_1,polynomial,log,/Users/hariderarako/Desktop/python/results/methodologie_1/reconstructed_parameters/tau_u/full/FULL_poly_rank_1/FULL_poly_rank_1_comparison_d_b_e_tau_u.csv,best_by_method_FULL_methodologie_1_FULL_poly_rank_1
32,0.1545772422687373,0.0974593734368947,0.9223232114865724,True,best_by_method,FULL,methodologie_1,FULL_poly_rank_1,FULL_poly_rank_1,polynomial,log,/Users/hariderarako/Desktop/python/results/methodologie_1/reconstructed_parameters/tau_u/full/FULL_poly_rank_1/FULL_poly_rank_1_comparison_d_b_e_tau_u.csv,best_by_method_FULL_methodologie_1_FULL_poly_rank_1
33,5.232462462125929,4.026003610655346,-1.0601391287888742,True,best_by_method,FULL,methodologie_1,FULL_poly_rank_1,FULL_poly_rank_1,polynomial,log,/Users/hariderarako/Desktop/python/results/methodologie_1/reconstructed_parameters/tau_u/full/FULL_poly_rank_1/FULL_poly_rank_1_comparison_d_b_e_tau_u.csv,best_by_method_FULL_methodologie_1_FULL_poly_rank_1
34,0.1388083120935937,0.0965357125418532,0.4344736259290886,True,best_by_method,FULL,methodologie_1,FULL_poly_rank_1,FULL_poly_rank_1,polynomial,log,/Users/hariderarako/Desktop/python/results/methodologie_1/reconstructed_parameters/tau_u/full/FULL_poly_rank_1/FULL_poly_rank_1_comparison_d_b_e_tau_u.csv,best_by_method_FULL_methodologie_1_FULL_poly_rank_1
35,0.0832320916060817,0.0471492487991939,0.9846360077513427,True,best_by_method,FULL,methodologie_1,FULL_poly_rank_1,FULL_poly_rank_1,polynomial,log,/Users/hariderarako/Desktop/python/results/methodologie_1/reconstructed_parameters/tau_u/full/FULL_poly_rank_1/FULL_poly_rank_1_comparison_d_b_e_tau_u.csv,best_by_method_FULL_methodologie_1_FULL_poly_rank_1
36,0.3596715959243857,0.2183401173989656,0.9805109788983656,True,best_by_method,FULL,methodologie_1,FULL_poly_rank_1,FULL_poly_rank_1,polynomial,log,/Users/hariderarako/Desktop/python/results/methodologie_1/reconstructed_parameters/tau_u/full/FULL_poly_rank_1/FULL_poly_rank_1_comparison_d_b_e_tau_u.csv,best_by_method_FULL_methodologie_1_FULL_poly_rank_1
37,0.0233232385874518,0.0143578068427632,0.9589824035683938,True,best_by_method,FULL,methodologie_1,FULL_poly_rank_1,FULL_poly_rank_1,polynomial,log,/Users/hariderarako/Desktop/python/results/methodologie_1/reconstructed_parameters/tau_u/full/FULL_poly_rank_1/FULL_poly_rank_1_comparison_d_b_e_tau_u.csv,best_by_method_FULL_methodologie_1_FULL_poly_rank_1
38,0.0342565182091252,0.0225898249271676,0.9970110086177678,True,best_by_method,FULL,methodologie_1,FULL_poly_rank_1,FULL_poly_rank_1,polynomial,log,/Users/hariderarako/Desktop/python/results/methodologie_1/reconstructed_parameters/tau_u/full/FULL_poly_rank_1/FULL_poly_rank_1_comparison_d_b_e_tau_u.csv,best_by_method_FULL_methodologie_1_FULL_poly_rank_1
40,0.0327702720758122,0.0182303962061988,0.9359988540453944,True,best_by_method,FULL,methodologie_1,FULL_poly_rank_1,FULL_poly_rank_1,polynomial,log,/Users/hariderarako/Desktop/python/results/methodologie_1/reconstructed_parameters/tau_u/full/FULL_poly_rank_1/FULL_poly_rank_1_comparison_d_b_e_tau_u.csv,best_by_method_FULL_methodologie_1_FULL_poly_rank_1
41,0.0645804014605291,0.035227602639883,0.990577480615698,True,best_by_method,FULL,methodologie_1,FULL_poly_rank_1,FULL_poly_rank_1,polynomial,log,/Users/hariderarako/Desktop/python/results/methodologie_1/reconstructed_parameters/tau_u/full/FULL_poly_rank_1/FULL_poly_rank_1_comparison_d_b_e_tau_u.csv,best_by_method_FULL_methodologie_1_FULL_poly_rank_1
43,0.0580777932847666,0.0425162689310224,0.7109355687412942,True,best_by_method,FULL,methodologie_1,FULL_poly_rank_1,FULL_poly_rank_1,polynomial,log,/Users/hariderarako/Desktop/python/results/methodologie_1/reconstructed_parameters/tau_u/full/FULL_poly_rank_1/FULL_poly_rank_1_comparison_d_b_e_tau_u.csv,best_by_method_FULL_methodologie_1_FULL_poly_rank_1
44,0.3012034171975118,0.2144335140940562,0.826628469360035,True,best_by_method,FULL,methodologie_1,FULL_poly_rank_1,FULL_poly_rank_1,polynomial,log,/Users/hariderarako/Desktop/python/results/methodologie_1/reconstructed_parameters/tau_u/full/FULL_poly_rank_1/FULL_poly_rank_1_comparison_d_b_e_tau_u.csv,best_by_method_FULL_methodologie_1_FULL_poly_rank_1
45,0.5916485066929817,0.3704849218848934,0.9486456147067838,True,best_by_method,FULL,methodologie_1,FULL_poly_rank_1,FULL_poly_rank_1,polynomial,log,/Users/hariderarako/Desktop/python/results/methodologie_1/reconstructed_parameters/tau_u/full/FULL_poly_rank_1/FULL_poly_rank_1_comparison_d_b_e_tau_u.csv,best_by_method_FULL_methodologie_1_FULL_poly_rank_1
46,0.1327450248875371,0.0994781614281796,0.171306057356117,True,best_by_method,FULL,methodologie_1,FULL_poly_rank_1,FULL_poly_rank_1,polynomial,log,/Users/hariderarako/Desktop/python/results/methodologie_1/reconstructed_parameters/tau_u/full/FULL_poly_rank_1/FULL_poly_rank_1_comparison_d_b_e_tau_u.csv,best_by_method_FULL_methodologie_1_FULL_poly_rank_1
47,0.0867094985595901,0.0531326664262222,0.986926719004068,True,best_by_method,FULL,methodologie_1,FULL_poly_rank_1,FULL_poly_rank_1,polynomial,log,/Users/hariderarako/Desktop/python/results/methodologie_1/reconstructed_parameters/tau_u/full/FULL_poly_rank_1/FULL_poly_rank_1_comparison_d_b_e_tau_u.csv,best_by_method_FULL_methodologie_1_FULL_poly_rank_1
48,2.3712975381405625,1.7767029514128942,0.3809775608199269,True,best_by_method,FULL,methodologie_1,FULL_poly_rank_1,FULL_poly_rank_1,polynomial,log,/Users/hariderarako/Desktop/python/results/methodologie_1/reconstructed_parameters/tau_u/full/FULL_poly_rank_1/FULL_poly_rank_1_comparison_d_b_e_tau_u.csv,best_by_method_FULL_methodologie_1_FULL_poly_rank_1
49,0.6604390790773258,0.4922541052596804,0.4081234381290667,True,best_by_method,FULL,methodologie_1,FULL_poly_rank_1,FULL_poly_rank_1,polynomial,log,/Users/hariderarako/Desktop/python/results/methodologie_1/reconstructed_parameters/tau_u/full/FULL_poly_rank_1/FULL_poly_rank_1_comparison_d_b_e_tau_u.csv,best_by_method_FULL_methodologie_1_FULL_poly_rank_1
50,0.9369321751100628,0.5955691934816428,0.8784754674953358,True,best_by_method,FULL,methodologie_1,FULL_poly_rank_1,FULL_poly_rank_1,polynomial,log,/Users/hariderarako/Desktop/python/results/methodologie_1/reconstructed_parameters/tau_u/full/FULL_poly_rank_1/FULL_poly_rank_1_comparison_d_b_e_tau_u.csv,best_by_method_FULL_methodologie_1_FULL_poly_rank_1
51,0.2617586159462346,0.1946515735759224,-0.7400299937335997,True,best_by_method,FULL,methodologie_1,FULL_poly_rank_1,FULL_poly_rank_1,polynomial,log,/Users/hariderarako/Desktop/python/results/methodologie_1/reconstructed_parameters/tau_u/full/FULL_poly_rank_1/FULL_poly_rank_1_comparison_d_b_e_tau_u.csv,best_by_method_FULL_methodologie_1_FULL_poly_rank_1
52,1.4557071774123045,1.0319437235236293,0.7433991493960056,True,best_by_method,FULL,methodologie_1,FULL_poly_rank_1,FULL_poly_rank_1,polynomial,log,/Users/hariderarako/Desktop/python/results/methodologie_1/reconstructed_parameters/tau_u/full/FULL_poly_rank_1/FULL_poly_rank_1_comparison_d_b_e_tau_u.csv,best_by_method_FULL_methodologie_1_FULL_poly_rank_1
53,0.0851725721144306,0.0635464968873403,0.5897587938306788,True,best_by_method,FULL,methodologie_1,FULL_poly_rank_1,FULL_poly_rank_1,polynomial,log,/Users/hariderarako/Desktop/python/results/methodologie_1/reconstructed_parameters/tau_u/full/FULL_poly_rank_1/FULL_poly_rank_1_comparison_d_b_e_tau_u.csv,best_by_method_FULL_methodologie_1_FULL_poly_rank_1
54,0.1405055560424306,0.0904276132869527,0.9412332580197252,True,best_by_method,FULL,methodologie_1,FULL_poly_rank_1,FULL_poly_rank_1,polynomial,log,/Users/hariderarako/Desktop/python/results/methodologie_1/reconstructed_parameters/tau_u/full/FULL_poly_rank_1/FULL_poly_rank_1_comparison_d_b_e_tau_u.csv,best_by_method_FULL_methodologie_1_FULL_poly_rank_1
55,0.1249504563492177,0.0829467786265785,0.9961568889707908,True,best_by_method,FULL,methodologie_1,FULL_poly_rank_1,FULL_poly_rank_1,polynomial,log,/Users/hariderarako/Desktop/python/results/methodologie_1/reconstructed_parameters/tau_u/full/FULL_poly_rank_1/FULL_poly_rank_1_comparison_d_b_e_tau_u.csv,best_by_method_FULL_methodologie_1_FULL_poly_rank_1
56,0.0681643262168796,0.0450455362371666,0.7521903600475167,True,best_by_method,FULL,methodologie_1,FULL_poly_rank_1,FULL_poly_rank_1,polynomial,log,/Users/hariderarako/Desktop/python/results/methodologie_1/reconstructed_parameters/tau_u/full/FULL_poly_rank_1/FULL_poly_rank_1_comparison_d_b_e_tau_u.csv,best_by_method_FULL_methodologie_1_FULL_poly_rank_1
57,0.1475262923634373,0.077176229051295,0.9652364634383096,True,best_by_method,FULL,methodologie_1,FULL_poly_rank_1,FULL_poly_rank_1,polynomial,log,/Users/hariderarako/Desktop/python/results/methodologie_1/reconstructed_parameters/tau_u/full/FULL_poly_rank_1/FULL_poly_rank_1_comparison_d_b_e_tau_u.csv,best_by_method_FULL_methodologie_1_FULL_poly_rank_1
58,0.2668890821217277,0.161154661478583,0.986848026830024,True,best_by_method,FULL,methodologie_1,FULL_poly_rank_1,FULL_poly_rank_1,polynomial,log,/Users/hariderarako/Desktop/python/results/methodologie_1/reconstructed_parameters/tau_u/full/FULL_poly_rank_1/FULL_poly_rank_1_comparison_d_b_e_tau_u.csv,best_by_method_FULL_methodologie_1_FULL_poly_rank_1
59,0.047240557635683,0.0282564151753066,0.7837734237493034,True,best_by_method,FULL,methodologie_1,FULL_poly_rank_1,FULL_poly_rank_1,polynomial,log,/Users/hariderarako/Desktop/python/results/methodologie_1/reconstructed_parameters/tau_u/full/FULL_poly_rank_1/FULL_poly_rank_1_comparison_d_b_e_tau_u.csv,best_by_method_FULL_methodologie_1_FULL_poly_rank_1
60,1.0482607224260336,0.7084686344630978,-0.1753171801261814,True,best_by_method,FULL,methodologie_1,FULL_poly_rank_1,FULL_poly_rank_1,polynomial,log,/Users/hariderarako/Desktop/python/results/methodologie_1/reconstructed_parameters/tau_u/full/FULL_poly_rank_1/FULL_poly_rank_1_comparison_d_b_e_tau_u.csv,best_by_method_FULL_methodologie_1_FULL_poly_rank_1
61,2.1835235605375067,1.6200460539144177,0.5200402536275688,True,best_by_method,FULL,methodologie_1,FULL_poly_rank_1,FULL_poly_rank_1,polynomial,log,/Users/hariderarako/Desktop/python/results/methodologie_1/reconstructed_parameters/tau_u/full/FULL_poly_rank_1/FULL_poly_rank_1_comparison_d_b_e_tau_u.csv,best_by_method_FULL_methodologie_1_FULL_poly_rank_1
62,0.1587213603309011,0.1161867374226755,0.3585982101998834,True,best_by_method,FULL,methodologie_1,FULL_poly_rank_1,FULL_poly_rank_1,polynomial,log,/Users/hariderarako/Desktop/python/results/methodologie_1/reconstructed_parameters/tau_u/full/FULL_poly_rank_1/FULL_poly_rank_1_comparison_d_b_e_tau_u.csv,best_by_method_FULL_methodologie_1_FULL_poly_rank_1
63,0.1190711716808091,0.0622468610454136,0.9788829322831684,True,best_by_method,FULL,methodologie_1,FULL_poly_rank_1,FULL_poly_rank_1,polynomial,log,/Users/hariderarako/Desktop/python/results/methodologie_1/reconstructed_parameters/tau_u/full/FULL_poly_rank_1/FULL_poly_rank_1_comparison_d_b_e_tau_u.csv,best_by_method_FULL_methodologie_1_FULL_poly_rank_1
64,3.054024088350578,2.2771077643943833,-0.0246514453678836,True,best_by_method,FULL,methodologie_1,FULL_poly_rank_1,FULL_poly_rank_1,polynomial,log,/Users/hariderarako/Desktop/python/results/methodologie_1/reconstructed_parameters/tau_u/full/FULL_poly_rank_1/FULL_poly_rank_1_comparison_d_b_e_tau_u.csv,best_by_method_FULL_methodologie_1_FULL_poly_rank_1
65,0.2760997381036525,0.2041697551277971,-0.1132908579673417,True,best_by_method,FULL,methodologie_1,FULL_poly_rank_1,FULL_poly_rank_1,polynomial,log,/Users/hariderarako/Desktop/python/results/methodologie_1/reconstructed_parameters/tau_u/full/FULL_poly_rank_1/FULL_poly_rank_1_comparison_d_b_e_tau_u.csv,best_by_method_FULL_methodologie_1_FULL_poly_rank_1
66,0.0751507505276153,0.0463391122778112,0.9851333348574224,True,best_by_method,FULL,methodologie_1,FULL_poly_rank_1,FULL_poly_rank_1,polynomial,log,/Users/hariderarako/Desktop/python/results/methodologie_1/reconstructed_parameters/tau_u/full/FULL_poly_rank_1/FULL_poly_rank_1_comparison_d_b_e_tau_u.csv,best_by_method_FULL_methodologie_1_FULL_poly_rank_1
67,0.6652553804584449,0.4318429347242848,0.945486377959412,True,best_by_method,FULL,methodologie_1,FULL_poly_rank_1,FULL_poly_rank_1,polynomial,log,/Users/hariderarako/Desktop/python/results/methodologie_1/reconstructed_parameters/tau_u/full/FULL_poly_rank_1/FULL_poly_rank_1_comparison_d_b_e_tau_u.csv,best_by_method_FULL_methodologie_1_FULL_poly_rank_1
68,0.0540498399852574,0.0361548736589884,0.808487964548385,True,best_by_method,FULL,methodologie_1,FULL_poly_rank_1,FULL_poly_rank_1,polynomial,log,/Users/hariderarako/Desktop/python/results/methodologie_1/reconstructed_parameters/tau_u/full/FULL_poly_rank_1/FULL_poly_rank_1_comparison_d_b_e_tau_u.csv,best_by_method_FULL_methodologie_1_FULL_poly_rank_1
69,0.971884018818812,0.7252626776841891,-0.0281871224797374,True,best_by_method,FULL,methodologie_1,FULL_poly_rank_1,FULL_poly_rank_1,polynomial,log,/Users/hariderarako/Desktop/python/results/methodologie_1/reconstructed_parameters/tau_u/full/FULL_poly_rank_1/FULL_poly_rank_1_comparison_d_b_e_tau_u.csv,best_by_method_FULL_methodologie_1_FULL_poly_rank_1
70,2.1736962202569554,1.569478967015019,0.474514985872175,True,best_by_method,FULL,methodologie_1,FULL_poly_rank_1,FULL_poly_rank_1,polynomial,log,/Users/hariderarako/Desktop/python/results/methodologie_1/reconstructed_parameters/tau_u/full/FULL_poly_rank_1/FULL_poly_rank_1_comparison_d_b_e_tau_u.csv,best_by_method_FULL_methodologie_1_FULL_poly_rank_1
71,0.0067083967054026,0.0031515547246893,0.9963505958778224,True,best_by_method,FULL,methodologie_1,FULL_poly_rank_1,FULL_poly_rank_1,polynomial,log,/Users/hariderarako/Desktop/python/results/methodologie_1/reconstructed_parameters/tau_u/full/FULL_poly_rank_1/FULL_poly_rank_1_comparison_d_b_e_tau_u.csv,best_by_method_FULL_methodologie_1_FULL_poly_rank_1
72,0.0743552552355377,0.0528752918336856,0.9886829565762334,True,best_by_method,FULL,methodologie_1,FULL_poly_rank_1,FULL_poly_rank_1,polynomial,log,/Users/hariderarako/Desktop/python/results/methodologie_1/reconstructed_parameters/tau_u/full/FULL_poly_rank_1/FULL_poly_rank_1_comparison_d_b_e_tau_u.csv,best_by_method_FULL_methodologie_1_FULL_poly_rank_1
73,0.3235622463624069,0.2041986867385353,0.980038153212579,True,best_by_method,FULL,methodologie_1,FULL_poly_rank_1,FULL_poly_rank_1,polynomial,log,/Users/hariderarako/Desktop/python/results/methodologie_1/reconstructed_parameters/tau_u/full/FULL_poly_rank_1/FULL_poly_rank_1_comparison_d_b_e_tau_u.csv,best_by_method_FULL_methodologie_1_FULL_poly_rank_1
74,0.046485614421894,0.0303685773160101,0.7965246594283781,True,best_by_method,FULL,methodologie_1,FULL_poly_rank_1,FULL_poly_rank_1,polynomial,log,/Users/hariderarako/Desktop/python/results/methodologie_1/reconstructed_parameters/tau_u/full/FULL_poly_rank_1/FULL_poly_rank_1_comparison_d_b_e_tau_u.csv,best_by_method_FULL_methodologie_1_FULL_poly_rank_1
75,0.099591220488146,0.0689225279596621,0.9747351981094928,True,best_by_method,FULL,methodologie_1,FULL_poly_rank_1,FULL_poly_rank_1,polynomial,log,/Users/hariderarako/Desktop/python/results/methodologie_1/reconstructed_parameters/tau_u/full/FULL_poly_rank_1/FULL_poly_rank_1_comparison_d_b_e_tau_u.csv,best_by_method_FULL_methodologie_1_FULL_poly_rank_1
76,5.068058393236878,3.369738572956075,-0.9817174900688954,True,best_by_method,FULL,methodologie_1,FULL_poly_rank_1,FULL_poly_rank_1,polynomial,log,/Users/hariderarako/Desktop/python/results/methodologie_1/reconstructed_parameters/tau_u/full/FULL_poly_rank_1/FULL_poly_rank_1_comparison_d_b_e_tau_u.csv,best_by_method_FULL_methodologie_1_FULL_poly_rank_1
77,0.0057586032430673,0.0023534895125336,0.9981539835088172,True,best_by_method,FULL,methodologie_1,FULL_poly_rank_1,FULL_poly_rank_1,polynomial,log,/Users/hariderarako/Desktop/python/results/methodologie_1/reconstructed_parameters/tau_u/full/FULL_poly_rank_1/FULL_poly_rank_1_comparison_d_b_e_tau_u.csv,best_by_method_FULL_methodologie_1_FULL_poly_rank_1
78,0.4900067477213566,0.3540297734527123,0.5940540092808447,True,best_by_method,FULL,methodologie_1,FULL_poly_rank_1,FULL_poly_rank_1,polynomial,log,/Users/hariderarako/Desktop/python/results/methodologie_1/reconstructed_parameters/tau_u/full/FULL_poly_rank_1/FULL_poly_rank_1_comparison_d_b_e_tau_u.csv,best_by_method_FULL_methodologie_1_FULL_poly_rank_1
79,1.9684405734570136,1.3409651920814505,0.4244755116781356,True,best_by_method,FULL,methodologie_1,FULL_poly_rank_1,FULL_poly_rank_1,polynomial,log,/Users/hariderarako/Desktop/python/results/methodologie_1/reconstructed_parameters/tau_u/full/FULL_poly_rank_1/FULL_poly_rank_1_comparison_d_b_e_tau_u.csv,best_by_method_FULL_methodologie_1_FULL_poly_rank_1
80,0.0271703972201301,0.01613589520566,0.9729281323507382,True,best_by_method,FULL,methodologie_1,FULL_poly_rank_1,FULL_poly_rank_1,polynomial,log,/Users/hariderarako/Desktop/python/results/methodologie_1/reconstructed_parameters/tau_u/full/FULL_poly_rank_1/FULL_poly_rank_1_comparison_d_b_e_tau_u.csv,best_by_method_FULL_methodologie_1_FULL_poly_rank_1
81,0.0405291736518116,0.0259212322370957,0.994868209401066,True,best_by_method,FULL,methodologie_1,FULL_poly_rank_1,FULL_poly_rank_1,polynomial,log,/Users/hariderarako/Desktop/python/results/methodologie_1/reconstructed_parameters/tau_u/full/FULL_poly_rank_1/FULL_poly_rank_1_comparison_d_b_e_tau_u.csv,best_by_method_FULL_methodologie_1_FULL_poly_rank_1
82,1.0649756147898026,0.6519442764565117,0.5062039391815639,True,best_by_method,FULL,methodologie_1,FULL_poly_rank_1,FULL_poly_rank_1,polynomial,log,/Users/hariderarako/Desktop/python/results/methodologie_1/reconstructed_parameters/tau_u/full/FULL_poly_rank_1/FULL_poly_rank_1_comparison_d_b_e_tau_u.csv,best_by_method_FULL_methodologie_1_FULL_poly_rank_1
83,0.006203719915414,0.0042149777820752,0.9964551683350166,True,best_by_method,FULL,methodologie_1,FULL_poly_rank_1,FULL_poly_rank_1,polynomial,log,/Users/hariderarako/Desktop/python/results/methodologie_1/reconstructed_parameters/tau_u/full/FULL_poly_rank_1/FULL_poly_rank_1_comparison_d_b_e_tau_u.csv,best_by_method_FULL_methodologie_1_FULL_poly_rank_1
84,0.9695322613025074,0.7105263860551908,-0.2327449964373438,True,best_by_method,FULL,methodologie_1,FULL_poly_rank_1,FULL_poly_rank_1,polynomial,log,/Users/hariderarako/Desktop/python/results/methodologie_1/reconstructed_parameters/tau_u/full/FULL_poly_rank_1/FULL_poly_rank_1_comparison_d_b_e_tau_u.csv,best_by_method_FULL_methodologie_1_FULL_poly_rank_1
85,0.4379276543253028,0.2739973539234359,0.9345666091586454,True,best_by_method,FULL,methodologie_1,FULL_poly_rank_1,FULL_poly_rank_1,polynomial,log,/Users/hariderarako/Desktop/python/results/methodologie_1/reconstructed_parameters/tau_u/full/FULL_poly_rank_1/FULL_poly_rank_1_comparison_d_b_e_tau_u.csv,best_by_method_FULL_methodologie_1_FULL_poly_rank_1
86,0.0350859848894582,0.0250138582045043,0.8457965401818917,True,best_by_method,FULL,methodologie_1,FULL_poly_rank_1,FULL_poly_rank_1,polynomial,log,/Users/hariderarako/Desktop/python/results/methodologie_1/reconstructed_parameters/tau_u/full/FULL_poly_rank_1/FULL_poly_rank_1_comparison_d_b_e_tau_u.csv,best_by_method_FULL_methodologie_1_FULL_poly_rank_1
87,0.4195117081696697,0.3030047972858105,0.6527335223710438,True,best_by_method,FULL,methodologie_1,FULL_poly_rank_1,FULL_poly_rank_1,polynomial,log,/Users/hariderarako/Desktop/python/results/methodologie_1/reconstructed_parameters/tau_u/full/FULL_poly_rank_1/FULL_poly_rank_1_comparison_d_b_e_tau_u.csv,best_by_method_FULL_methodologie_1_FULL_poly_rank_1
89,0.0159057122863788,0.0077656281457638,0.9719507400328384,True,best_by_method,FULL,methodologie_1,FULL_poly_rank_1,FULL_poly_rank_1,polynomial,log,/Users/hariderarako/Desktop/python/results/methodologie_1/reconstructed_parameters/tau_u/full/FULL_poly_rank_1/FULL_poly_rank_1_comparison_d_b_e_tau_u.csv,best_by_method_FULL_methodologie_1_FULL_poly_rank_1
91,0.9643369711475452,0.6830436128917806,0.8765682800691578,True,best_by_method,FULL,methodologie_1,FULL_poly_rank_1,FULL_poly_rank_1,polynomial,log,/Users/hariderarako/Desktop/python/results/methodologie_1/reconstructed_parameters/tau_u/full/FULL_poly_rank_1/FULL_poly_rank_1_comparison_d_b_e_tau_u.csv,best_by_method_FULL_methodologie_1_FULL_poly_rank_1
92,0.0011402883707687,0.0006527840130588,0.9998600051592615,True,best_by_method,FULL,methodologie_1,FULL_poly_rank_1,FULL_poly_rank_1,polynomial,log,/Users/hariderarako/Desktop/python/results/methodologie_1/reconstructed_parameters/tau_u/full/FULL_poly_rank_1/FULL_poly_rank_1_comparison_d_b_e_tau_u.csv,best_by_method_FULL_methodologie_1_FULL_poly_rank_1
94,1.137804374286003,0.8082389672334083,0.8559574052348053,True,best_by_method,FULL,methodologie_1,FULL_poly_rank_1,FULL_poly_rank_1,polynomial,log,/Users/hariderarako/Desktop/python/results/methodologie_1/reconstructed_parameters/tau_u/full/FULL_poly_rank_1/FULL_poly_rank_1_comparison_d_b_e_tau_u.csv,best_by_method_FULL_methodologie_1_FULL_poly_rank_1
95,0.0237339698203695,0.0141784890166319,0.9805387179562384,True,best_by_method,FULL,methodologie_1,FULL_poly_rank_1,FULL_poly_rank_1,polynomial,log,/Users/hariderarako/Desktop/python/results/methodologie_1/reconstructed_parameters/tau_u/full/FULL_poly_rank_1/FULL_poly_rank_1_comparison_d_b_e_tau_u.csv,best_by_method_FULL_methodologie_1_FULL_poly_rank_1
96,0.153263540446713,0.1029642819027635,0.9602017564459728,True,best_by_method,FULL,methodologie_1,FULL_poly_rank_1,FULL_poly_rank_1,polynomial,log,/Users/hariderarako/Desktop/python/results/methodologie_1/reconstructed_parameters/tau_u/full/FULL_poly_rank_1/FULL_poly_rank_1_comparison_d_b_e_tau_u.csv,best_by_method_FULL_methodologie_1_FULL_poly_rank_1
97,0.3864014089506581,0.2250379797811075,0.975258508413644,True,best_by_method,FULL,methodologie_1,FULL_poly_rank_1,FULL_poly_rank_1,polynomial,log,/Users/hariderarako/Desktop/python/results/methodologie_1/reconstructed_parameters/tau_u/full/FULL_poly_rank_1/FULL_poly_rank_1_comparison_d_b_e_tau_u.csv,best_by_method_FULL_methodologie_1_FULL_poly_rank_1
98,0.0691882162287508,0.0416788041079158,0.9111279365489228,True,best_by_method,FULL,methodologie_1,FULL_poly_rank_1,FULL_poly_rank_1,polynomial,log,/Users/hariderarako/Desktop/python/results/methodologie_1/reconstructed_parameters/tau_u/full/FULL_poly_rank_1/FULL_poly_rank_1_comparison_d_b_e_tau_u.csv,best_by_method_FULL_methodologie_1_FULL_poly_rank_1
99,0.1034580188310011,0.0753166531782664,0.9798076419783032,True,best_by_method,FULL,methodologie_1,FULL_poly_rank_1,FULL_poly_rank_1,polynomial,log,/Users/hariderarako/Desktop/python/results/methodologie_1/reconstructed_parameters/tau_u/full/FULL_poly_rank_1/FULL_poly_rank_1_comparison_d_b_e_tau_u.csv,best_by_method_FULL_methodologie_1_FULL_poly_rank_1
100,0.3051317690549893,0.1541615792914497,0.9837708422508672,True,best_by_method,FULL,methodologie_1,FULL_poly_rank_1,FULL_poly_rank_1,polynomial,log,/Users/hariderarako/Desktop/python/results/methodologie_1/reconstructed_parameters/tau_u/full/FULL_poly_rank_1/FULL_poly_rank_1_comparison_d_b_e_tau_u.csv,best_by_method_FULL_methodologie_1_FULL_poly_rank_1
101,0.0584513397425193,0.0349542620591936,0.9177527624060452,True,best_by_method,FULL,methodologie_1,FULL_poly_rank_1,FULL_poly_rank_1,polynomial,log,/Users/hariderarako/Desktop/python/results/methodologie_1/reconstructed_parameters/tau_u/full/FULL_poly_rank_1/FULL_poly_rank_1_comparison_d_b_e_tau_u.csv,best_by_method_FULL_methodologie_1_FULL_poly_rank_1
102,0.0598174740226983,0.0415850209738006,0.9922777939131736,True,best_by_method,FULL,methodologie_1,FULL_poly_rank_1,FULL_poly_rank_1,polynomial,log,/Users/hariderarako/Desktop/python/results/methodologie_1/reconstructed_parameters/tau_u/full/FULL_poly_rank_1/FULL_poly_rank_1_comparison_d_b_e_tau_u.csv,best_by_method_FULL_methodologie_1_FULL_poly_rank_1
103,0.8352492250074449,0.5769932893116549,0.8328832343674306,True,best_by_method,FULL,methodologie_1,FULL_poly_rank_1,FULL_poly_rank_1,polynomial,log,/Users/hariderarako/Desktop/python/results/methodologie_1/reconstructed_parameters/tau_u/full/FULL_poly_rank_1/FULL_poly_rank_1_comparison_d_b_e_tau_u.csv,best_by_method_FULL_methodologie_1_FULL_poly_rank_1
104,0.0414605011235846,0.0263887567995072,0.7866896728802822,True,best_by_method,FULL,methodologie_1,FULL_poly_rank_1,FULL_poly_rank_1,polynomial,log,/Users/hariderarako/Desktop/python/results/methodologie_1/reconstructed_parameters/tau_u/full/FULL_poly_rank_1/FULL_poly_rank_1_comparison_d_b_e_tau_u.csv,best_by_method_FULL_methodologie_1_FULL_poly_rank_1
105,0.1400089125480434,0.091341949816842,0.8837251830105054,True,best_by_method,FULL,methodologie_1,FULL_poly_rank_1,FULL_poly_rank_1,polynomial,log,/Users/hariderarako/Desktop/python/results/methodologie_1/reconstructed_parameters/tau_u/full/FULL_poly_rank_1/FULL_poly_rank_1_comparison_d_b_e_tau_u.csv,best_by_method_FULL_methodologie_1_FULL_poly_rank_1
106,0.2754129426771884,0.1496533726244139,0.9810274785275348,True,best_by_method,FULL,methodologie_1,FULL_poly_rank_1,FULL_poly_rank_1,polynomial,log,/Users/hariderarako/Desktop/python/results/methodologie_1/reconstructed_parameters/tau_u/full/FULL_poly_rank_1/FULL_poly_rank_1_comparison_d_b_e_tau_u.csv,best_by_method_FULL_methodologie_1_FULL_poly_rank_1
107,0.0038445562781988,0.0024867163076102,0.999076055194658,True,best_by_method,FULL,methodologie_1,FULL_poly_rank_1,FULL_poly_rank_1,polynomial,log,/Users/hariderarako/Desktop/python/results/methodologie_1/reconstructed_parameters/tau_u/full/FULL_poly_rank_1/FULL_poly_rank_1_comparison_d_b_e_tau_u.csv,best_by_method_FULL_methodologie_1_FULL_poly_rank_1
108,0.0791780888108358,0.0503120357765296,0.9836233646621234,True,best_by_method,FULL,methodologie_1,FULL_poly_rank_1,FULL_poly_rank_1,polynomial,log,/Users/hariderarako/Desktop/python/results/methodologie_1/reconstructed_parameters/tau_u/full/FULL_poly_rank_1/FULL_poly_rank_1_comparison_d_b_e_tau_u.csv,best_by_method_FULL_methodologie_1_FULL_poly_rank_1
109,0.728224774450589,0.4575667995826042,0.8125988298215984,True,best_by_method,FULL,methodologie_1,FULL_poly_rank_1,FULL_poly_rank_1,polynomial,log,/Users/hariderarako/Desktop/python/results/methodologie_1/reconstructed_parameters/tau_u/full/FULL_poly_rank_1/FULL_poly_rank_1_comparison_d_b_e_tau_u.csv,best_by_method_FULL_methodologie_1_FULL_poly_rank_1
110,0.0819326475191107,0.0489664354199849,0.8091741902839433,True,best_by_method,FULL,methodologie_1,FULL_poly_rank_1,FULL_poly_rank_1,polynomial,log,/Users/hariderarako/Desktop/python/results/methodologie_1/reconstructed_parameters/tau_u/full/FULL_poly_rank_1/FULL_poly_rank_1_comparison_d_b_e_tau_u.csv,best_by_method_FULL_methodologie_1_FULL_poly_rank_1
111,0.0594503001660673,0.0387452267256402,0.993848386454738,True,best_by_method,FULL,methodologie_1,FULL_poly_rank_1,FULL_poly_rank_1,polynomial,log,/Users/hariderarako/Desktop/python/results/methodologie_1/reconstructed_parameters/tau_u/full/FULL_poly_rank_1/FULL_poly_rank_1_comparison_d_b_e_tau_u.csv,best_by_method_FULL_methodologie_1_FULL_poly_rank_1
112,0.1895226910707862,0.1161155679484641,0.9913202365845216,True,best_by_method,FULL,methodologie_1,FULL_poly_rank_1,FULL_poly_rank_1,polynomial,log,/Users/hariderarako/Desktop/python/results/methodologie_1/reconstructed_parameters/tau_u/full/FULL_poly_rank_1/FULL_poly_rank_1_comparison_d_b_e_tau_u.csv,best_by_method_FULL_methodologie_1_FULL_poly_rank_1
113,0.0067596920286614,0.0031678479081856,0.9944065803813404,True,best_by_method,FULL,methodologie_1,FULL_poly_rank_1,FULL_poly_rank_1,polynomial,log,/Users/hariderarako/Desktop/python/results/methodologie_1/reconstructed_parameters/tau_u/full/FULL_poly_rank_1/FULL_poly_rank_1_comparison_d_b_e_tau_u.csv,best_by_method_FULL_methodologie_1_FULL_poly_rank_1
114,0.078411620693805,0.0382243313131719,0.9839064395882144,True,best_by_method,FULL,methodologie_1,FULL_poly_rank_1,FULL_poly_rank_1,polynomial,log,/Users/hariderarako/Desktop/python/results/methodologie_1/reconstructed_parameters/tau_u/full/FULL_poly_rank_1/FULL_poly_rank_1_comparison_d_b_e_tau_u.csv,best_by_method_FULL_methodologie_1_FULL_poly_rank_1
115,1.5275176182289671,1.1332191029764789,0.6766172393472332,True,best_by_method,FULL,methodologie_1,FULL_poly_rank_1,FULL_poly_rank_1,polynomial,log,/Users/hariderarako/Desktop/python/results/methodologie_1/reconstructed_parameters/tau_u/full/FULL_poly_rank_1/FULL_poly_rank_1_comparison_d_b_e_tau_u.csv,best_by_method_FULL_methodologie_1_FULL_poly_rank_1
116,0.0317483037388544,0.018768283543868,0.969064142652613,True,best_by_method,FULL,methodologie_1,FULL_poly_rank_1,FULL_poly_rank_1,polynomial,log,/Users/hariderarako/Desktop/python/results/methodologie_1/reconstructed_parameters/tau_u/full/FULL_poly_rank_1/FULL_poly_rank_1_comparison_d_b_e_tau_u.csv,best_by_method_FULL_methodologie_1_FULL_poly_rank_1
117,0.0405905676887708,0.0272232935153243,0.9955117435376988,True,best_by_method,FULL,methodologie_1,FULL_poly_rank_1,FULL_poly_rank_1,polynomial,log,/Users/hariderarako/Desktop/python/results/methodologie_1/reconstructed_parameters/tau_u/full/FULL_poly_rank_1/FULL_poly_rank_1_comparison_d_b_e_tau_u.csv,best_by_method_FULL_methodologie_1_FULL_poly_rank_1
118,0.4640574327884866,0.3363568257498291,0.9481175687152108,True,best_by_method,FULL,methodologie_1,FULL_poly_rank_1,FULL_poly_rank_1,polynomial,log,/Users/hariderarako/Desktop/python/results/methodologie_1/reconstructed_parameters/tau_u/full/FULL_poly_rank_1/FULL_poly_rank_1_comparison_d_b_e_tau_u.csv,best_by_method_FULL_methodologie_1_FULL_poly_rank_1
119,0.0516357030224145,0.0295542906044655,0.9027626387996665,True,best_by_method,FULL,methodologie_1,FULL_poly_rank_1,FULL_poly_rank_1,polynomial,log,/Users/hariderarako/Desktop/python/results/methodologie_1/reconstructed_parameters/tau_u/full/FULL_poly_rank_1/FULL_poly_rank_1_comparison_d_b_e_tau_u.csv,best_by_method_FULL_methodologie_1_FULL_poly_rank_1
120,0.1284896653562774,0.0819440742982699,0.9646868624634374,True,best_by_method,FULL,methodologie_1,FULL_poly_rank_1,FULL_poly_rank_1,polynomial,log,/Users/hariderarako/Desktop/python/results/methodologie_1/reconstructed_parameters/tau_u/full/FULL_poly_rank_1/FULL_poly_rank_1_comparison_d_b_e_tau_u.csv,best_by_method_FULL_methodologie_1_FULL_poly_rank_1
121,0.8587918131818345,0.5714271471438372,0.8069342302532471,True,best_by_method,FULL,methodologie_1,FULL_poly_rank_1,FULL_poly_rank_1,polynomial,log,/Users/hariderarako/Desktop/python/results/methodologie_1/reconstructed_parameters/tau_u/full/FULL_poly_rank_1/FULL_poly_rank_1_comparison_d_b_e_tau_u.csv,best_by_method_FULL_methodologie_1_FULL_poly_rank_1
122,0.1607888679313729,0.0990748704224487,0.6963984847811346,True,best_by_method,FULL,methodologie_1,FULL_poly_rank_1,FULL_poly_rank_1,polynomial,log,/Users/hariderarako/Desktop/python/results/methodologie_1/reconstructed_parameters/tau_u/full/FULL_poly_rank_1/FULL_poly_rank_1_comparison_d_b_e_tau_u.csv,best_by_method_FULL_methodologie_1_FULL_poly_rank_1
123,0.1661431347236119,0.1158002225631854,0.9631504632027096,True,best_by_method,FULL,methodologie_1,FULL_poly_rank_1,FULL_poly_rank_1,polynomial,log,/Users/hariderarako/Desktop/python/results/methodologie_1/reconstructed_parameters/tau_u/full/FULL_poly_rank_1/FULL_poly_rank_1_comparison_d_b_e_tau_u.csv,best_by_method_FULL_methodologie_1_FULL_poly_rank_1
124,0.6058068743569304,0.4156645600203214,0.9063113760214444,True,best_by_method,FULL,methodologie_1,FULL_poly_rank_1,FULL_poly_rank_1,polynomial,log,/Users/hariderarako/Desktop/python/results/methodologie_1/reconstructed_parameters/tau_u/full/FULL_poly_rank_1/FULL_poly_rank_1_comparison_d_b_e_tau_u.csv,best_by_method_FULL_methodologie_1_FULL_poly_rank_1
125,0.0057172478724644,0.0035365050280662,0.9970876929488456,True,best_by_method,FULL,methodologie_1,FULL_poly_rank_1,FULL_poly_rank_1,polynomial,log,/Users/hariderarako/Desktop/python/results/methodologie_1/reconstructed_parameters/tau_u/full/FULL_poly_rank_1/FULL_poly_rank_1_comparison_d_b_e_tau_u.csv,best_by_method_FULL_methodologie_1_FULL_poly_rank_1
126,0.1059107850975428,0.0675511786977009,0.9683724237813408,True,best_by_method,FULL,methodologie_1,FULL_poly_rank_1,FULL_poly_rank_1,polynomial,log,/Users/hariderarako/Desktop/python/results/methodologie_1/reconstructed_parameters/tau_u/full/FULL_poly_rank_1/FULL_poly_rank_1_comparison_d_b_e_tau_u.csv,best_by_method_FULL_methodologie_1_FULL_poly_rank_1
127,2.357470978750481,1.7416375670279416,0.3984691298080933,True,best_by_method,FULL,methodologie_1,FULL_poly_rank_1,FULL_poly_rank_1,polynomial,log,/Users/hariderarako/Desktop/python/results/methodologie_1/reconstructed_parameters/tau_u/full/FULL_poly_rank_1/FULL_poly_rank_1_comparison_d_b_e_tau_u.csv,best_by_method_FULL_methodologie_1_FULL_poly_rank_1
128,0.0520898718852094,0.0315381791681105,0.9544895413332344,True,best_by_method,FULL,methodologie_1,FULL_poly_rank_1,FULL_poly_rank_1,polynomial,log,/Users/hariderarako/Desktop/python/results/methodologie_1/reconstructed_parameters/tau_u/full/FULL_poly_rank_1/FULL_poly_rank_1_comparison_d_b_e_tau_u.csv,best_by_method_FULL_methodologie_1_FULL_poly_rank_1
129,0.0918865386622842,0.067102124349069,0.9875620521834474,True,best_by_method,FULL,methodologie_1,FULL_poly_rank_1,FULL_poly_rank_1,polynomial,log,/Users/hariderarako/Desktop/python/results/methodologie_1/reconstructed_parameters/tau_u/full/FULL_poly_rank_1/FULL_poly_rank_1_comparison_d_b_e_tau_u.csv,best_by_method_FULL_methodologie_1_FULL_poly_rank_1
130,2.6712790058289597,1.968719005358392,0.2972379613944976,True,best_by_method,FULL,methodologie_1,FULL_poly_rank_1,FULL_poly_rank_1,polynomial,log,/Users/hariderarako/Desktop/python/results/methodologie_1/reconstructed_parameters/tau_u/full/FULL_poly_rank_1/FULL_poly_rank_1_comparison_d_b_e_tau_u.csv,best_by_method_FULL_methodologie_1_FULL_poly_rank_1
131,0.018871052954082,0.0092177734274353,0.9685385363566824,True,best_by_method,FULL,methodologie_1,FULL_poly_rank_1,FULL_poly_rank_1,polynomial,log,/Users/hariderarako/Desktop/python/results/methodologie_1/reconstructed_parameters/tau_u/full/FULL_poly_rank_1/FULL_poly_rank_1_comparison_d_b_e_tau_u.csv,best_by_method_FULL_methodologie_1_FULL_poly_rank_1
132,0.0506552790005479,0.0341411880354593,0.993154283330358,True,best_by_method,FULL,methodologie_1,FULL_poly_rank_1,FULL_poly_rank_1,polynomial,log,/Users/hariderarako/Desktop/python/results/methodologie_1/reconstructed_parameters/tau_u/full/FULL_poly_rank_1/FULL_poly_rank_1_comparison_d_b_e_tau_u.csv,best_by_method_FULL_methodologie_1_FULL_poly_rank_1
133,0.8477467110726701,0.5510404216402865,0.7572296709832294,True,best_by_method,FULL,methodologie_1,FULL_poly_rank_1,FULL_poly_rank_1,polynomial,log,/Users/hariderarako/Desktop/python/results/methodologie_1/reconstructed_parameters/tau_u/full/FULL_poly_rank_1/FULL_poly_rank_1_comparison_d_b_e_tau_u.csv,best_by_method_FULL_methodologie_1_FULL_poly_rank_1
134,0.0314178750197186,0.020744987136929,0.910597003862692,True,best_by_method,FULL,methodologie_1,FULL_poly_rank_1,FULL_poly_rank_1,polynomial,log,/Users/hariderarako/Desktop/python/results/methodologie_1/reconstructed_parameters/tau_u/full/FULL_poly_rank_1/FULL_poly_rank_1_comparison_d_b_e_tau_u.csv,best_by_method_FULL_methodologie_1_FULL_poly_rank_1
135,0.1096409312351074,0.0719111837797498,0.9691062573322464,True,best_by_method,FULL,methodologie_1,FULL_poly_rank_1,FULL_poly_rank_1,polynomial,log,/Users/hariderarako/Desktop/python/results/methodologie_1/reconstructed_parameters/tau_u/full/FULL_poly_rank_1/FULL_poly_rank_1_comparison_d_b_e_tau_u.csv,best_by_method_FULL_methodologie_1_FULL_poly_rank_1
136,1.5372513367192675,1.1292422082203155,0.7119212781508117,True,best_by_method,FULL,methodologie_1,FULL_poly_rank_1,FULL_poly_rank_1,polynomial,log,/Users/hariderarako/Desktop/python/results/methodologie_1/reconstructed_parameters/tau_u/full/FULL_poly_rank_1/FULL_poly_rank_1_comparison_d_b_e_tau_u.csv,best_by_method_FULL_methodologie_1_FULL_poly_rank_1
137,0.0822618943376317,0.0612122207092227,0.5105315744716894,True,best_by_method,FULL,methodologie_1,FULL_poly_rank_1,FULL_poly_rank_1,polynomial,log,/Users/hariderarako/Desktop/python/results/methodologie_1/reconstructed_parameters/tau_u/full/FULL_poly_rank_1/FULL_poly_rank_1_comparison_d_b_e_tau_u.csv,best_by_method_FULL_methodologie_1_FULL_poly_rank_1
138,0.1878444350495283,0.1118246720301358,0.9479277708065142,True,best_by_method,FULL,methodologie_1,FULL_poly_rank_1,FULL_poly_rank_1,polynomial,log,/Users/hariderarako/Desktop/python/results/methodologie_1/reconstructed_parameters/tau_u/full/FULL_poly_rank_1/FULL_poly_rank_1_comparison_d_b_e_tau_u.csv,best_by_method_FULL_methodologie_1_FULL_poly_rank_1
139,0.3757544923205436,0.2575973932547713,0.9849922738486756,True,best_by_method,FULL,methodologie_1,FULL_poly_rank_1,FULL_poly_rank_1,polynomial,log,/Users/hariderarako/Desktop/python/results/methodologie_1/reconstructed_parameters/tau_u/full/FULL_poly_rank_1/FULL_poly_rank_1_comparison_d_b_e_tau_u.csv,best_by_method_FULL_methodologie_1_FULL_poly_rank_1
140,0.0915737385704156,0.0611097248407297,0.6383665207342826,True,best_by_method,FULL,methodologie_1,FULL_poly_rank_1,FULL_poly_rank_1,polynomial,log,/Users/hariderarako/Desktop/python/results/methodologie_1/reconstructed_parameters/tau_u/full/FULL_poly_rank_1/FULL_poly_rank_1_comparison_d_b_e_tau_u.csv,best_by_method_FULL_methodologie_1_FULL_poly_rank_1
141,0.1537147781386208,0.0920635529408625,0.9594752679084516,True,best_by_method,FULL,methodologie_1,FULL_poly_rank_1,FULL_poly_rank_1,polynomial,log,/Users/hariderarako/Desktop/python/results/methodologie_1/reconstructed_parameters/tau_u/full/FULL_poly_rank_1/FULL_poly_rank_1_comparison_d_b_e_tau_u.csv,best_by_method_FULL_methodologie_1_FULL_poly_rank_1
142,0.4375128880536092,0.2440702381979069,0.9662248181265956,True,best_by_method,FULL,methodologie_1,FULL_poly_rank_1,FULL_poly_rank_1,polynomial,log,/Users/hariderarako/Desktop/python/results/methodologie_1/reconstructed_parameters/tau_u/full/FULL_poly_rank_1/FULL_poly_rank_1_comparison_d_b_e_tau_u.csv,best_by_method_FULL_methodologie_1_FULL_poly_rank_1
143,0.0145303416831669,0.0088247291153321,0.9664523929132236,True,best_by_method,FULL,methodologie_1,FULL_poly_rank_1,FULL_poly_rank_1,polynomial,log,/Users/hariderarako/Desktop/python/results/methodologie_1/reconstructed_parameters/tau_u/full/FULL_poly_rank_1/FULL_poly_rank_1_comparison_d_b_e_tau_u.csv,best_by_method_FULL_methodologie_1_FULL_poly_rank_1
144,0.0868216543767873,0.0540815891094014,0.9793017529386348,True,best_by_method,FULL,methodologie_1,FULL_poly_rank_1,FULL_poly_rank_1,polynomial,log,/Users/hariderarako/Desktop/python/results/methodologie_1/reconstructed_parameters/tau_u/full/FULL_poly_rank_1/FULL_poly_rank_1_comparison_d_b_e_tau_u.csv,best_by_method_FULL_methodologie_1_FULL_poly_rank_1
145,1.2967640251281882,0.8962688134241066,0.7690342573107709,True,best_by_method,FULL,methodologie_1,FULL_poly_rank_1,FULL_poly_rank_1,polynomial,log,/Users/hariderarako/Desktop/python/results/methodologie_1/reconstructed_parameters/tau_u/full/FULL_poly_rank_1/FULL_poly_rank_1_comparison_d_b_e_tau_u.csv,best_by_method_FULL_methodologie_1_FULL_poly_rank_1
146,0.0191064742349182,0.0114792662369165,0.9281326646180088,True,best_by_method,FULL,methodologie_1,FULL_poly_rank_1,FULL_poly_rank_1,polynomial,log,/Users/hariderarako/Desktop/python/results/methodologie_1/reconstructed_parameters/tau_u/full/FULL_poly_rank_1/FULL_poly_rank_1_comparison_d_b_e_tau_u.csv,best_by_method_FULL_methodologie_1_FULL_poly_rank_1
147,0.843577007505877,0.6401915196283781,-0.0348316485465771,True,best_by_method,FULL,methodologie_1,FULL_poly_rank_1,FULL_poly_rank_1,polynomial,log,/Users/hariderarako/Desktop/python/results/methodologie_1/reconstructed_parameters/tau_u/full/FULL_poly_rank_1/FULL_poly_rank_1_comparison_d_b_e_tau_u.csv,best_by_method_FULL_methodologie_1_FULL_poly_rank_1
148,0.5820382961554043,0.3577616372422851,0.95847907657404,True,best_by_method,FULL,methodologie_1,FULL_poly_rank_1,FULL_poly_rank_1,polynomial,log,/Users/hariderarako/Desktop/python/results/methodologie_1/reconstructed_parameters/tau_u/full/FULL_poly_rank_1/FULL_poly_rank_1_comparison_d_b_e_tau_u.csv,best_by_method_FULL_methodologie_1_FULL_poly_rank_1
149,0.0088033118468464,0.0038283343302092,0.9963638644110588,True,best_by_method,FULL,methodologie_1,FULL_poly_rank_1,FULL_poly_rank_1,polynomial,log,/Users/hariderarako/Desktop/python/results/methodologie_1/reconstructed_parameters/tau_u/full/FULL_poly_rank_1/FULL_poly_rank_1_comparison_d_b_e_tau_u.csv,best_by_method_FULL_methodologie_1_FULL_poly_rank_1
150,0.0559457421854976,0.0337670273461864,0.993567748186462,True,best_by_method,FULL,methodologie_1,FULL_poly_rank_1,FULL_poly_rank_1,polynomial,log,/Users/hariderarako/Desktop/python/results/methodologie_1/reconstructed_parameters/tau_u/full/FULL_poly_rank_1/FULL_poly_rank_1_comparison_d_b_e_tau_u.csv,best_by_method_FULL_methodologie_1_FULL_poly_rank_1
152,0.1357139315857676,0.1036584471533165,-0.1962123092669467,True,best_by_method,FULL,methodologie_1,FULL_poly_rank_1,FULL_poly_rank_1,polynomial,log,/Users/hariderarako/Desktop/python/results/methodologie_1/reconstructed_parameters/tau_u/full/FULL_poly_rank_1/FULL_poly_rank_1_comparison_d_b_e_tau_u.csv,best_by_method_FULL_methodologie_1_FULL_poly_rank_1
153,0.2340445881527557,0.1559046015756172,0.9061229191734876,True,best_by_method,FULL,methodologie_1,FULL_poly_rank_1,FULL_poly_rank_1,polynomial,log,/Users/hariderarako/Desktop/python/results/methodologie_1/reconstructed_parameters/tau_u/full/FULL_poly_rank_1/FULL_poly_rank_1_comparison_d_b_e_tau_u.csv,best_by_method_FULL_methodologie_1_FULL_poly_rank_1
154,0.1781058822267599,0.117590544980242,0.989902343413181,True,best_by_method,FULL,methodologie_1,FULL_poly_rank_1,FULL_poly_rank_1,polynomial,log,/Users/hariderarako/Desktop/python/results/methodologie_1/reconstructed_parameters/tau_u/full/FULL_poly_rank_1/FULL_poly_rank_1_comparison_d_b_e_tau_u.csv,best_by_method_FULL_methodologie_1_FULL_poly_rank_1
155,0.0446802559363985,0.0302681022474379,0.7740375814134541,True,best_by_method,FULL,methodologie_1,FULL_poly_rank_1,FULL_poly_rank_1,polynomial,log,/Users/hariderarako/Desktop/python/results/methodologie_1/reconstructed_parameters/tau_u/full/FULL_poly_rank_1/FULL_poly_rank_1_comparison_d_b_e_tau_u.csv,best_by_method_FULL_methodologie_1_FULL_poly_rank_1
156,0.093263431003715,0.0609143522111642,0.9784177306347084,True,best_by_method,FULL,methodologie_1,FULL_poly_rank_1,FULL_poly_rank_1,polynomial,log,/Users/hariderarako/Desktop/python/results/methodologie_1/reconstructed_parameters/tau_u/full/FULL_poly_rank_1/FULL_poly_rank_1_comparison_d_b_e_tau_u.csv,best_by_method_FULL_methodologie_1_FULL_poly_rank_1
157,0.2780246553389037,0.1633073175888757,0.985748725324648,True,best_by_method,FULL,methodologie_1,FULL_poly_rank_1,FULL_poly_rank_1,polynomial,log,/Users/hariderarako/Desktop/python/results/methodologie_1/reconstructed_parameters/tau_u/full/FULL_poly_rank_1/FULL_poly_rank_1_comparison_d_b_e_tau_u.csv,best_by_method_FULL_methodologie_1_FULL_poly_rank_1
158,0.0121853398189845,0.0067269045523965,0.9932035010046708,True,best_by_method,FULL,methodologie_1,FULL_poly_rank_1,FULL_poly_rank_1,polynomial,log,/Users/hariderarako/Desktop/python/results/methodologie_1/reconstructed_parameters/tau_u/full/FULL_poly_rank_1/FULL_poly_rank_1_comparison_d_b_e_tau_u.csv,best_by_method_FULL_methodologie_1_FULL_poly_rank_1
159,0.0386068279917298,0.0160642322820329,0.9961006953793308,True,best_by_method,FULL,methodologie_1,FULL_poly_rank_1,FULL_poly_rank_1,polynomial,log,/Users/hariderarako/Desktop/python/results/methodologie_1/reconstructed_parameters/tau_u/full/FULL_poly_rank_1/FULL_poly_rank_1_comparison_d_b_e_tau_u.csv,best_by_method_FULL_methodologie_1_FULL_poly_rank_1
160,0.2931171548993209,0.2207513101408744,0.9813104917834392,True,best_by_method,FULL,methodologie_1,FULL_poly_rank_1,FULL_poly_rank_1,polynomial,log,/Users/hariderarako/Desktop/python/results/methodologie_1/reconstructed_parameters/tau_u/full/FULL_poly_rank_1/FULL_poly_rank_1_comparison_d_b_e_tau_u.csv,best_by_method_FULL_methodologie_1_FULL_poly_rank_1
161,0.0009642989328462,0.0004338742297102,0.9999025985942892,True,best_by_method,FULL,methodologie_1,FULL_poly_rank_1,FULL_poly_rank_1,polynomial,log,/Users/hariderarako/Desktop/python/results/methodologie_1/reconstructed_parameters/tau_u/full/FULL_poly_rank_1/FULL_poly_rank_1_comparison_d_b_e_tau_u.csv,best_by_method_FULL_methodologie_1_FULL_poly_rank_1
162,0.0767840332726371,0.0489635141807879,0.9892266998766832,True,best_by_method,FULL,methodologie_1,FULL_poly_rank_1,FULL_poly_rank_1,polynomial,log,/Users/hariderarako/Desktop/python/results/methodologie_1/reconstructed_parameters/tau_u/full/FULL_poly_rank_1/FULL_poly_rank_1_comparison_d_b_e_tau_u.csv,best_by_method_FULL_methodologie_1_FULL_poly_rank_1
163,0.2840515473144492,0.176254345304759,0.9787673975034942,True,best_by_method,FULL,methodologie_1,FULL_poly_rank_1,FULL_poly_rank_1,polynomial,log,/Users/hariderarako/Desktop/python/results/methodologie_1/reconstructed_parameters/tau_u/full/FULL_poly_rank_1/FULL_poly_rank_1_comparison_d_b_e_tau_u.csv,best_by_method_FULL_methodologie_1_FULL_poly_rank_1
164,0.0013856617397703,0.000816172685869,0.9997839653832162,True,best_by_method,FULL,methodologie_1,FULL_poly_rank_1,FULL_poly_rank_1,polynomial,log,/Users/hariderarako/Desktop/python/results/methodologie_1/reconstructed_parameters/tau_u/full/FULL_poly_rank_1/FULL_poly_rank_1_comparison_d_b_e_tau_u.csv,best_by_method_FULL_methodologie_1_FULL_poly_rank_1
165,0.03598994443077,0.0232505120267849,0.9972027284631532,True,best_by_method,FULL,methodologie_1,FULL_poly_rank_1,FULL_poly_rank_1,polynomial,log,/Users/hariderarako/Desktop/python/results/methodologie_1/reconstructed_parameters/tau_u/full/FULL_poly_rank_1/FULL_poly_rank_1_comparison_d_b_e_tau_u.csv,best_by_method_FULL_methodologie_1_FULL_poly_rank_1
167,0.003312054984058,0.0014054923956507,0.9989013265935336,True,best_by_method,FULL,methodologie_1,FULL_poly_rank_1,FULL_poly_rank_1,polynomial,log,/Users/hariderarako/Desktop/python/results/methodologie_1/reconstructed_parameters/tau_u/full/FULL_poly_rank_1/FULL_poly_rank_1_comparison_d_b_e_tau_u.csv,best_by_method_FULL_methodologie_1_FULL_poly_rank_1
168,0.1891319704715366,0.1158630402543626,0.9447397140772886,True,best_by_method,FULL,methodologie_1,FULL_poly_rank_1,FULL_poly_rank_1,polynomial,log,/Users/hariderarako/Desktop/python/results/methodologie_1/reconstructed_parameters/tau_u/full/FULL_poly_rank_1/FULL_poly_rank_1_comparison_d_b_e_tau_u.csv,best_by_method_FULL_methodologie_1_FULL_poly_rank_1
169,0.5352169123236197,0.3045521454174928,0.9695340771902112,True,best_by_method,FULL,methodologie_1,FULL_poly_rank_1,FULL_poly_rank_1,polynomial,log,/Users/hariderarako/Desktop/python/results/methodologie_1/reconstructed_parameters/tau_u/full/FULL_poly_rank_1/FULL_poly_rank_1_comparison_d_b_e_tau_u.csv,best_by_method_FULL_methodologie_1_FULL_poly_rank_1
170,0.0044584794249277,0.0016532991269281,0.9978221579905552,True,best_by_method,FULL,methodologie_1,FULL_poly_rank_1,FULL_poly_rank_1,polynomial,log,/Users/hariderarako/Desktop/python/results/methodologie_1/reconstructed_parameters/tau_u/full/FULL_poly_rank_1/FULL_poly_rank_1_comparison_d_b_e_tau_u.csv,best_by_method_FULL_methodologie_1_FULL_poly_rank_1
171,0.0944330080363461,0.0599106948813688,0.972812651817917,True,best_by_method,FULL,methodologie_1,FULL_poly_rank_1,FULL_poly_rank_1,polynomial,log,/Users/hariderarako/Desktop/python/results/methodologie_1/reconstructed_parameters/tau_u/full/FULL_poly_rank_1/FULL_poly_rank_1_comparison_d_b_e_tau_u.csv,best_by_method_FULL_methodologie_1_FULL_poly_rank_1
172,0.597811752729795,0.3671765211528035,0.9545393257577636,True,best_by_method,FULL,methodologie_1,FULL_poly_rank_1,FULL_poly_rank_1,polynomial,log,/Users/hariderarako/Desktop/python/results/methodologie_1/reconstructed_parameters/tau_u/full/FULL_poly_rank_1/FULL_poly_rank_1_comparison_d_b_e_tau_u.csv,best_by_method_FULL_methodologie_1_FULL_poly_rank_1
173,0.0121014437469741,0.0064464200626534,0.9870367583617518,True,best_by_method,FULL,methodologie_1,FULL_poly_rank_1,FULL_poly_rank_1,polynomial,log,/Users/hariderarako/Desktop/python/results/methodologie_1/reconstructed_parameters/tau_u/full/FULL_poly_rank_1/FULL_poly_rank_1_comparison_d_b_e_tau_u.csv,best_by_method_FULL_methodologie_1_FULL_poly_rank_1
174,0.1160200309373491,0.0722806340652186,0.9616598677431244,True,best_by_method,FULL,methodologie_1,FULL_poly_rank_1,FULL_poly_rank_1,polynomial,log,/Users/hariderarako/Desktop/python/results/methodologie_1/reconstructed_parameters/tau_u/full/FULL_poly_rank_1/FULL_poly_rank_1_comparison_d_b_e_tau_u.csv,best_by_method_FULL_methodologie_1_FULL_poly_rank_1
175,0.5654583204977306,0.3960138377699291,0.9661078510543832,True,best_by_method,FULL,methodologie_1,FULL_poly_rank_1,FULL_poly_rank_1,polynomial,log,/Users/hariderarako/Desktop/python/results/methodologie_1/reconstructed_parameters/tau_u/full/FULL_poly_rank_1/FULL_poly_rank_1_comparison_d_b_e_tau_u.csv,best_by_method_FULL_methodologie_1_FULL_poly_rank_1
176,0.0532844122198824,0.0374211295704395,0.691555907584447,True,best_by_method,FULL,methodologie_1,FULL_poly_rank_1,FULL_poly_rank_1,polynomial,log,/Users/hariderarako/Desktop/python/results/methodologie_1/reconstructed_parameters/tau_u/full/FULL_poly_rank_1/FULL_poly_rank_1_comparison_d_b_e_tau_u.csv,best_by_method_FULL_methodologie_1_FULL_poly_rank_1
177,0.2089934245466144,0.14100147967692,0.9138181301590114,True,best_by_method,FULL,methodologie_1,FULL_poly_rank_1,FULL_poly_rank_1,polynomial,log,/Users/hariderarako/Desktop/python/results/methodologie_1/reconstructed_parameters/tau_u/full/FULL_poly_rank_1/FULL_poly_rank_1_comparison_d_b_e_tau_u.csv,best_by_method_FULL_methodologie_1_FULL_poly_rank_1
178,0.6600226504728276,0.416612982316465,0.930774682936678,True,best_by_method,FULL,methodologie_1,FULL_poly_rank_1,FULL_poly_rank_1,polynomial,log,/Users/hariderarako/Desktop/python/results/methodologie_1/reconstructed_parameters/tau_u/full/FULL_poly_rank_1/FULL_poly_rank_1_comparison_d_b_e_tau_u.csv,best_by_method_FULL_methodologie_1_FULL_poly_rank_1
179,0.0822374233391369,0.0556488205295311,0.6635615847162655,True,best_by_method,FULL,methodologie_1,FULL_poly_rank_1,FULL_poly_rank_1,polynomial,log,/Users/hariderarako/Desktop/python/results/methodologie_1/reconstructed_parameters/tau_u/full/FULL_poly_rank_1/FULL_poly_rank_1_comparison_d_b_e_tau_u.csv,best_by_method_FULL_methodologie_1_FULL_poly_rank_1
180,0.0624785657084144,0.0320793567291445,0.9923040801389946,True,best_by_method,FULL,methodologie_1,FULL_poly_rank_1,FULL_poly_rank_1,polynomial,log,/Users/hariderarako/Desktop/python/results/methodologie_1/reconstructed_parameters/tau_u/full/FULL_poly_rank_1/FULL_poly_rank_1_comparison_d_b_e_tau_u.csv,best_by_method_FULL_methodologie_1_FULL_poly_rank_1
181,0.4831242234072609,0.2964070685842435,0.9628321412850348,True,best_by_method,FULL,methodologie_1,FULL_poly_rank_1,FULL_poly_rank_1,polynomial,log,/Users/hariderarako/Desktop/python/results/methodologie_1/reconstructed_parameters/tau_u/full/FULL_poly_rank_1/FULL_poly_rank_1_comparison_d_b_e_tau_u.csv,best_by_method_FULL_methodologie_1_FULL_poly_rank_1
182,0.0076615172270779,0.0053959998930924,0.9926265576983668,True,best_by_method,FULL,methodologie_1,FULL_poly_rank_1,FULL_poly_rank_1,polynomial,log,/Users/hariderarako/Desktop/python/results/methodologie_1/reconstructed_parameters/tau_u/full/FULL_poly_rank_1/FULL_poly_rank_1_comparison_d_b_e_tau_u.csv,best_by_method_FULL_methodologie_1_FULL_poly_rank_1
183,0.3024532646188344,0.2161514756848989,0.8590530664964424,True,best_by_method,FULL,methodologie_1,FULL_poly_rank_1,FULL_poly_rank_1,polynomial,log,/Users/hariderarako/Desktop/python/results/methodologie_1/reconstructed_parameters/tau_u/full/FULL_poly_rank_1/FULL_poly_rank_1_comparison_d_b_e_tau_u.csv,best_by_method_FULL_methodologie_1_FULL_poly_rank_1
184,0.85870961799029,0.5504665405018971,0.9022080497991412,True,best_by_method,FULL,methodologie_1,FULL_poly_rank_1,FULL_poly_rank_1,polynomial,log,/Users/hariderarako/Desktop/python/results/methodologie_1/reconstructed_parameters/tau_u/full/FULL_poly_rank_1/FULL_poly_rank_1_comparison_d_b_e_tau_u.csv,best_by_method_FULL_methodologie_1_FULL_poly_rank_1
185,0.0242747694343748,0.014474965604015,0.9802474559519512,True,best_by_method,FULL,methodologie_1,FULL_poly_rank_1,FULL_poly_rank_1,polynomial,log,/Users/hariderarako/Desktop/python/results/methodologie_1/reconstructed_parameters/tau_u/full/FULL_poly_rank_1/FULL_poly_rank_1_comparison_d_b_e_tau_u.csv,best_by_method_FULL_methodologie_1_FULL_poly_rank_1
186,0.0786192314447081,0.0516236177141512,0.9849512847379924,True,best_by_method,FULL,methodologie_1,FULL_poly_rank_1,FULL_poly_rank_1,polynomial,log,/Users/hariderarako/Desktop/python/results/methodologie_1/reconstructed_parameters/tau_u/full/FULL_poly_rank_1/FULL_poly_rank_1_comparison_d_b_e_tau_u.csv,best_by_method_FULL_methodologie_1_FULL_poly_rank_1
187,0.8447865970887645,0.5970783740449733,0.8549799910919492,True,best_by_method,FULL,methodologie_1,FULL_poly_rank_1,FULL_poly_rank_1,polynomial,log,/Users/hariderarako/Desktop/python/results/methodologie_1/reconstructed_parameters/tau_u/full/FULL_poly_rank_1/FULL_poly_rank_1_comparison_d_b_e_tau_u.csv,best_by_method_FULL_methodologie_1_FULL_poly_rank_1
188,0.0464840330430672,0.0330352247537732,0.8422082756870384,True,best_by_method,FULL,methodologie_1,FULL_poly_rank_1,FULL_poly_rank_1,polynomial,log,/Users/hariderarako/Desktop/python/results/methodologie_1/reconstructed_parameters/tau_u/full/FULL_poly_rank_1/FULL_poly_rank_1_comparison_d_b_e_tau_u.csv,best_by_method_FULL_methodologie_1_FULL_poly_rank_1
189,0.9127880630251228,0.6257863618061394,-0.0726488442875517,True,best_by_method,FULL,methodologie_1,FULL_poly_rank_1,FULL_poly_rank_1,polynomial,log,/Users/hariderarako/Desktop/python/results/methodologie_1/reconstructed_parameters/tau_u/full/FULL_poly_rank_1/FULL_poly_rank_1_comparison_d_b_e_tau_u.csv,best_by_method_FULL_methodologie_1_FULL_poly_rank_1
190,2.583311453680476,1.950337593450859,0.3795411321340765,True,best_by_method,FULL,methodologie_1,FULL_poly_rank_1,FULL_poly_rank_1,polynomial,log,/Users/hariderarako/Desktop/python/results/methodologie_1/reconstructed_parameters/tau_u/full/FULL_poly_rank_1/FULL_poly_rank_1_comparison_d_b_e_tau_u.csv,best_by_method_FULL_methodologie_1_FULL_poly_rank_1
191,0.0344867437084731,0.0203370871568021,0.9599012152726148,True,best_by_method,FULL,methodologie_1,FULL_poly_rank_1,FULL_poly_rank_1,polynomial,log,/Users/hariderarako/Desktop/python/results/methodologie_1/reconstructed_parameters/tau_u/full/FULL_poly_rank_1/FULL_poly_rank_1_comparison_d_b_e_tau_u.csv,best_by_method_FULL_methodologie_1_FULL_poly_rank_1
192,0.1063832139305842,0.0710764949807357,0.9824101436730814,True,best_by_method,FULL,methodologie_1,FULL_poly_rank_1,FULL_poly_rank_1,polynomial,log,/Users/hariderarako/Desktop/python/results/methodologie_1/reconstructed_parameters/tau_u/full/FULL_poly_rank_1/FULL_poly_rank_1_comparison_d_b_e_tau_u.csv,best_by_method_FULL_methodologie_1_FULL_poly_rank_1
193,1.233906435815879,0.7939798648547299,0.5607831545544073,True,best_by_method,FULL,methodologie_1,FULL_poly_rank_1,FULL_poly_rank_1,polynomial,log,/Users/hariderarako/Desktop/python/results/methodologie_1/reconstructed_parameters/tau_u/full/FULL_poly_rank_1/FULL_poly_rank_1_comparison_d_b_e_tau_u.csv,best_by_method_FULL_methodologie_1_FULL_poly_rank_1
194,0.0789359954485428,0.0530454903027462,0.6982513695247751,True,best_by_method,FULL,methodologie_1,FULL_poly_rank_1,FULL_poly_rank_1,polynomial,log,/Users/hariderarako/Desktop/python/results/methodologie_1/reconstructed_parameters/tau_u/full/FULL_poly_rank_1/FULL_poly_rank_1_comparison_d_b_e_tau_u.csv,best_by_method_FULL_methodologie_1_FULL_poly_rank_1
195,0.1276851423598118,0.0848664450277894,0.9772122635320264,True,best_by_method,FULL,methodologie_1,FULL_poly_rank_1,FULL_poly_rank_1,polynomial,log,/Users/hariderarako/Desktop/python/results/methodologie_1/reconstructed_parameters/tau_u/full/FULL_poly_rank_1/FULL_poly_rank_1_comparison_d_b_e_tau_u.csv,best_by_method_FULL_methodologie_1_FULL_poly_rank_1
196,0.6881070855156451,0.4489707230499417,0.9317347542893047,True,best_by_method,FULL,methodologie_1,FULL_poly_rank_1,FULL_poly_rank_1,polynomial,log,/Users/hariderarako/Desktop/python/results/methodologie_1/reconstructed_parameters/tau_u/full/FULL_poly_rank_1/FULL_poly_rank_1_comparison_d_b_e_tau_u.csv,best_by_method_FULL_methodologie_1_FULL_poly_rank_1
197,0.035188931600244,0.020915422988766,0.9121189708025828,True,best_by_method,FULL,methodologie_1,FULL_poly_rank_1,FULL_poly_rank_1,polynomial,log,/Users/hariderarako/Desktop/python/results/methodologie_1/reconstructed_parameters/tau_u/full/FULL_poly_rank_1/FULL_poly_rank_1_comparison_d_b_e_tau_u.csv,best_by_method_FULL_methodologie_1_FULL_poly_rank_1
198,0.0299323394804717,0.0113386104054862,0.9979048720234954,True,best_by_method,FULL,methodologie_1,FULL_poly_rank_1,FULL_poly_rank_1,polynomial,log,/Users/hariderarako/Desktop/python/results/methodologie_1/reconstructed_parameters/tau_u/full/FULL_poly_rank_1/FULL_poly_rank_1_comparison_d_b_e_tau_u.csv,best_by_method_FULL_methodologie_1_FULL_poly_rank_1
199,1.0846985497370218,0.786411995527061,0.8916340849416572,True,best_by_method,FULL,methodologie_1,FULL_poly_rank_1,FULL_poly_rank_1,polynomial,log,/Users/hariderarako/Desktop/python/results/methodologie_1/reconstructed_parameters/tau_u/full/FULL_poly_rank_1/FULL_poly_rank_1_comparison_d_b_e_tau_u.csv,best_by_method_FULL_methodologie_1_FULL_poly_rank_1
200,0.0723554382172573,0.0542256239237188,0.4116774671069604,True,best_by_method,FULL,methodologie_1,FULL_poly_rank_1,FULL_poly_rank_1,polynomial,log,/Users/hariderarako/Desktop/python/results/methodologie_1/reconstructed_parameters/tau_u/full/FULL_poly_rank_1/FULL_poly_rank_1_comparison_d_b_e_tau_u.csv,best_by_method_FULL_methodologie_1_FULL_poly_rank_1
201,0.2150245708444043,0.1417545435073429,0.7844567184214939,True,best_by_method,FULL,methodologie_1,FULL_poly_rank_1,FULL_poly_rank_1,polynomial,log,/Users/hariderarako/Desktop/python/results/methodologie_1/reconstructed_parameters/tau_u/full/FULL_poly_rank_1/FULL_poly_rank_1_comparison_d_b_e_tau_u.csv,best_by_method_FULL_methodologie_1_FULL_poly_rank_1
202,0.6873982990506025,0.4221996878149899,0.9192050164841116,True,best_by_method,FULL,methodologie_1,FULL_poly_rank_1,FULL_poly_rank_1,polynomial,log,/Users/hariderarako/Desktop/python/results/methodologie_1/reconstructed_parameters/tau_u/full/FULL_poly_rank_1/FULL_poly_rank_1_comparison_d_b_e_tau_u.csv,best_by_method_FULL_methodologie_1_FULL_poly_rank_1
203,0.1681594182071132,0.1285034756749208,-0.6595438028240157,True,best_by_method,FULL,methodologie_1,FULL_poly_rank_1,FULL_poly_rank_1,polynomial,log,/Users/hariderarako/Desktop/python/results/methodologie_1/reconstructed_parameters/tau_u/full/FULL_poly_rank_1/FULL_poly_rank_1_comparison_d_b_e_tau_u.csv,best_by_method_FULL_methodologie_1_FULL_poly_rank_1
204,0.3369571790799862,0.2569740704966369,-0.8467802463370513,True,best_by_method,FULL,methodologie_1,FULL_poly_rank_1,FULL_poly_rank_1,polynomial,log,/Users/hariderarako/Desktop/python/results/methodologie_1/reconstructed_parameters/tau_u/full/FULL_poly_rank_1/FULL_poly_rank_1_comparison_d_b_e_tau_u.csv,best_by_method_FULL_methodologie_1_FULL_poly_rank_1
205,0.2942658048953437,0.220974843238375,0.0896596245441913,True,best_by_method,FULL,methodologie_1,FULL_poly_rank_1,FULL_poly_rank_1,polynomial,log,/Users/hariderarako/Desktop/python/results/methodologie_1/reconstructed_parameters/tau_u/full/FULL_poly_rank_1/FULL_poly_rank_1_comparison_d_b_e_tau_u.csv,best_by_method_FULL_methodologie_1_FULL_poly_rank_1
206,0.3355649884678024,0.2472063733609246,0.3701644917516115,True,best_by_method,FULL,methodologie_1,FULL_poly_rank_1,FULL_poly_rank_1,polynomial,log,/Users/hariderarako/Desktop/python/results/methodologie_1/reconstructed_parameters/tau_u/full/FULL_poly_rank_1/FULL_poly_rank_1_comparison_d_b_e_tau_u.csv,best_by_method_FULL_methodologie_1_FULL_poly_rank_1
207,0.7513838902505456,0.5440837863810036,-0.623714641866705,True,best_by_method,FULL,methodologie_1,FULL_poly_rank_1,FULL_poly_rank_1,polynomial,log,/Users/hariderarako/Desktop/python/results/methodologie_1/reconstructed_parameters/tau_u/full/FULL_poly_rank_1/FULL_poly_rank_1_comparison_d_b_e_tau_u.csv,best_by_method_FULL_methodologie_1_FULL_poly_rank_1
209,0.0005100826194084,0.0003295501477453,0.9198340003822656,True,best_by_method,FULL,methodologie_1,FULL_poly_rank_1,FULL_poly_rank_1,polynomial,log,/Users/hariderarako/Desktop/python/results/methodologie_1/reconstructed_parameters/tau_u/full/FULL_poly_rank_1/FULL_poly_rank_1_comparison_d_b_e_tau_u.csv,best_by_method_FULL_methodologie_1_FULL_poly_rank_1
210,0.0001429503650195,7.259685864275517e-05,0.9959681496379292,True,best_by_method,FULL,methodologie_1,FULL_poly_rank_1,FULL_poly_rank_1,polynomial,log,/Users/hariderarako/Desktop/python/results/methodologie_1/reconstructed_parameters/tau_u/full/FULL_poly_rank_1/FULL_poly_rank_1_comparison_d_b_e_tau_u.csv,best_by_method_FULL_methodologie_1_FULL_poly_rank_1
211,0.0039568022545631,0.0029487746018262,0.2828190822625155,True,best_by_method,FULL,methodologie_1,FULL_poly_rank_1,FULL_poly_rank_1,polynomial,log,/Users/hariderarako/Desktop/python/results/methodologie_1/reconstructed_parameters/tau_u/full/FULL_poly_rank_1/FULL_poly_rank_1_comparison_d_b_e_tau_u.csv,best_by_method_FULL_methodologie_1_FULL_poly_rank_1
212,0.0034545290435626,0.0021907391397264,0.1340185863818827,True,best_by_method,FULL,methodologie_1,FULL_poly_rank_1,FULL_poly_rank_1,polynomial,log,/Users/hariderarako/Desktop/python/results/methodologie_1/reconstructed_parameters/tau_u/full/FULL_poly_rank_1/FULL_poly_rank_1_comparison_d_b_e_tau_u.csv,best_by_method_FULL_methodologie_1_FULL_poly_rank_1
213,0.0053760874568889,0.0035303055323293,-0.5677839438413579,True,best_by_method,FULL,methodologie_1,FULL_poly_rank_1,FULL_poly_rank_1,polynomial,log,/Users/hariderarako/Desktop/python/results/methodologie_1/reconstructed_parameters/tau_u/full/FULL_poly_rank_1/FULL_poly_rank_1_comparison_d_b_e_tau_u.csv,best_by_method_FULL_methodologie_1_FULL_poly_rank_1
214,0.0022909478188627,0.0015678987538984,0.8174174889762189,True,best_by_method,FULL,methodologie_1,FULL_poly_rank_1,FULL_poly_rank_1,polynomial,log,/Users/hariderarako/Desktop/python/results/methodologie_1/reconstructed_parameters/tau_u/full/FULL_poly_rank_1/FULL_poly_rank_1_comparison_d_b_e_tau_u.csv,best_by_method_FULL_methodologie_1_FULL_poly_rank_1
215,0.0055647910336243,0.0040448811722361,0.4135945486392677,True,best_by_method,FULL,methodologie_1,FULL_poly_rank_1,FULL_poly_rank_1,polynomial,log,/Users/hariderarako/Desktop/python/results/methodologie_1/reconstructed_parameters/tau_u/full/FULL_poly_rank_1/FULL_poly_rank_1_comparison_d_b_e_tau_u.csv,best_by_method_FULL_methodologie_1_FULL_poly_rank_1
216,0.0005683209385015,0.0003411330941638,0.9970210236995682,True,best_by_method,FULL,methodologie_1,FULL_poly_rank_1,FULL_poly_rank_1,polynomial,log,/Users/hariderarako/Desktop/python/results/methodologie_1/reconstructed_parameters/tau_u/full/FULL_poly_rank_1/FULL_poly_rank_1_comparison_d_b_e_tau_u.csv,best_by_method_FULL_methodologie_1_FULL_poly_rank_1
217,0.0021492741011185,0.0015674928789306,0.964726246145801,True,best_by_method,FULL,methodologie_1,FULL_poly_rank_1,FULL_poly_rank_1,polynomial,log,/Users/hariderarako/Desktop/python/results/methodologie_1/reconstructed_parameters/tau_u/full/FULL_poly_rank_1/FULL_poly_rank_1_comparison_d_b_e_tau_u.csv,best_by_method_FULL_methodologie_1_FULL_poly_rank_1
218,0.0040285095357816,0.0028365628180556,0.8934428492555654,True,best_by_method,FULL,methodologie_1,FULL_poly_rank_1,FULL_poly_rank_1,polynomial,log,/Users/hariderarako/Desktop/python/results/methodologie_1/reconstructed_parameters/tau_u/full/FULL_poly_rank_1/FULL_poly_rank_1_comparison_d_b_e_tau_u.csv,best_by_method_FULL_methodologie_1_FULL_poly_rank_1
219,0.0024026805964844,0.0015258909766396,0.983131210568891,True,best_by_method,FULL,methodologie_1,FULL_poly_rank_1,FULL_poly_rank_1,polynomial,log,/Users/hariderarako/Desktop/python/results/methodologie_1/reconstructed_parameters/tau_u/full/FULL_poly_rank_1/FULL_poly_rank_1_comparison_d_b_e_tau_u.csv,best_by_method_FULL_methodologie_1_FULL_poly_rank_1
220,0.011374324811255,0.0082284303490287,-1.2137258071290375,True,best_by_method,FULL,methodologie_1,FULL_poly_rank_1,FULL_poly_rank_1,polynomial,log,/Users/hariderarako/Desktop/python/results/methodologie_1/reconstructed_parameters/tau_u/full/FULL_poly_rank_1/FULL_poly_rank_1_comparison_d_b_e_tau_u.csv,best_by_method_FULL_methodologie_1_FULL_poly_rank_1
221,0.0033137775494746,0.0025369823284949,0.8050894918200179,True,best_by_method,FULL,methodologie_1,FULL_poly_rank_1,FULL_poly_rank_1,polynomial,log,/Users/hariderarako/Desktop/python/results/methodologie_1/reconstructed_parameters/tau_u/full/FULL_poly_rank_1/FULL_poly_rank_1_comparison_d_b_e_tau_u.csv,best_by_method_FULL_methodologie_1_FULL_poly_rank_1
222,0.0014189479991903,0.0008502144334589,0.9529645630769938,True,best_by_method,FULL,methodologie_1,FULL_poly_rank_1,FULL_poly_rank_1,polynomial,log,/Users/hariderarako/Desktop/python/results/methodologie_1/reconstructed_parameters/tau_u/full/FULL_poly_rank_1/FULL_poly_rank_1_comparison_d_b_e_tau_u.csv,best_by_method_FULL_methodologie_1_FULL_poly_rank_1
223,0.0010108217194696,0.000578411044098,0.9788719745442178,True,best_by_method,FULL,methodologie_1,FULL_poly_rank_1,FULL_poly_rank_1,polynomial,log,/Users/hariderarako/Desktop/python/results/methodologie_1/reconstructed_parameters/tau_u/full/FULL_poly_rank_1/FULL_poly_rank_1_comparison_d_b_e_tau_u.csv,best_by_method_FULL_methodologie_1_FULL_poly_rank_1
224,0.0001974355493056,0.0001314363545711,0.9956580446102608,True,best_by_method,FULL,methodologie_1,FULL_poly_rank_1,FULL_poly_rank_1,polynomial,log,/Users/hariderarako/Desktop/python/results/methodologie_1/reconstructed_parameters/tau_u/full/FULL_poly_rank_1/FULL_poly_rank_1_comparison_d_b_e_tau_u.csv,best_by_method_FULL_methodologie_1_FULL_poly_rank_1
225,0.0003930449712944,0.0002863001669765,0.9863991973159728,True,best_by_method,FULL,methodologie_1,FULL_poly_rank_1,FULL_poly_rank_1,polynomial,log,/Users/hariderarako/Desktop/python/results/methodologie_1/reconstructed_parameters/tau_u/full/FULL_poly_rank_1/FULL_poly_rank_1_comparison_d_b_e_tau_u.csv,best_by_method_FULL_methodologie_1_FULL_poly_rank_1
227,0.0001253300030658,6.266387984193734e-05,0.9983112951860156,True,best_by_method,FULL,methodologie_1,FULL_poly_rank_1,FULL_poly_rank_1,polynomial,log,/Users/hariderarako/Desktop/python/results/methodologie_1/reconstructed_parameters/tau_u/full/FULL_poly_rank_1/FULL_poly_rank_1_comparison_d_b_e_tau_u.csv,best_by_method_FULL_methodologie_1_FULL_poly_rank_1
228,0.0053704676809272,0.004095394826746,0.60154437326052,True,best_by_method,FULL,methodologie_1,FULL_poly_rank_1,FULL_poly_rank_1,polynomial,log,/Users/hariderarako/Desktop/python/results/methodologie_1/reconstructed_parameters/tau_u/full/FULL_poly_rank_1/FULL_poly_rank_1_comparison_d_b_e_tau_u.csv,best_by_method_FULL_methodologie_1_FULL_poly_rank_1
229,0.0007116757986259,0.0004820652448354,0.9819409515183034,True,best_by_method,FULL,methodologie_1,FULL_poly_rank_1,FULL_poly_rank_1,polynomial,log,/Users/hariderarako/Desktop/python/results/methodologie_1/reconstructed_parameters/tau_u/full/FULL_poly_rank_1/FULL_poly_rank_1_comparison_d_b_e_tau_u.csv,best_by_method_FULL_methodologie_1_FULL_poly_rank_1
234,0.01663002167825,0.0119582088325457,0.9604981712009808,True,best_by_method,FULL,methodologie_1,FULL_poly_rank_1,FULL_poly_rank_1,polynomial,log,/Users/hariderarako/Desktop/python/results/methodologie_1/reconstructed_parameters/tau_u/full/FULL_poly_rank_1/FULL_poly_rank_1_comparison_d_b_e_tau_u.csv,best_by_method_FULL_methodologie_1_FULL_poly_rank_1
235,0.0484342756922412,0.0349447056131038,0.917099139138406,True,best_by_method,FULL,methodologie_1,FULL_poly_rank_1,FULL_poly_rank_1,polynomial,log,/Users/hariderarako/Desktop/python/results/methodologie_1/reconstructed_parameters/tau_u/full/FULL_poly_rank_1/FULL_poly_rank_1_comparison_d_b_e_tau_u.csv,best_by_method_FULL_methodologie_1_FULL_poly_rank_1
236,0.1028208502307574,0.0719712260488548,0.8113760003390942,True,best_by_method,FULL,methodologie_1,FULL_poly_rank_1,FULL_poly_rank_1,polynomial,log,/Users/hariderarako/Desktop/python/results/methodologie_1/reconstructed_parameters/tau_u/full/FULL_poly_rank_1/FULL_poly_rank_1_comparison_d_b_e_tau_u.csv,best_by_method_FULL_methodologie_1_FULL_poly_rank_1
238,0.038717357756945,0.0271693857778323,0.8517457838075524,True,best_by_method,FULL,methodologie_1,FULL_poly_rank_1,FULL_poly_rank_1,polynomial,log,/Users/hariderarako/Desktop/python/results/methodologie_1/reconstructed_parameters/tau_u/full/FULL_poly_rank_1/FULL_poly_rank_1_comparison_d_b_e_tau_u.csv,best_by_method_FULL_methodologie_1_FULL_poly_rank_1
239,0.0464288251114825,0.0332539375178552,0.900876815958664,True,best_by_method,FULL,methodologie_1,FULL_poly_rank_1,FULL_poly_rank_1,polynomial,log,/Users/hariderarako/Desktop/python/results/methodologie_1/reconstructed_parameters/tau_u/full/FULL_poly_rank_1/FULL_poly_rank_1_comparison_d_b_e_tau_u.csv,best_by_method_FULL_methodologie_1_FULL_poly_rank_1
240,0.1920804044487519,0.1462155230555372,0.0960040653711206,True,best_by_method,FULL,methodologie_1,FULL_poly_rank_1,FULL_poly_rank_1,polynomial,log,/Users/hariderarako/Desktop/python/results/methodologie_1/reconstructed_parameters/tau_u/full/FULL_poly_rank_1/FULL_poly_rank_1_comparison_d_b_e_tau_u.csv,best_by_method_FULL_methodologie_1_FULL_poly_rank_1
241,0.1807075524904749,0.1287838925479633,0.5804297090901298,True,best_by_method,FULL,methodologie_1,FULL_poly_rank_1,FULL_poly_rank_1,polynomial,log,/Users/hariderarako/Desktop/python/results/methodologie_1/reconstructed_parameters/tau_u/full/FULL_poly_rank_1/FULL_poly_rank_1_comparison_d_b_e_tau_u.csv,best_by_method_FULL_methodologie_1_FULL_poly_rank_1
242,0.1058861149414826,0.0666567444879221,-3.1750601301461288,True,best_by_method,FULL,methodologie_1,FULL_poly_rank_1,FULL_poly_rank_1,polynomial,log,/Users/hariderarako/Desktop/python/results/methodologie_1/reconstructed_parameters/tau_u/full/FULL_poly_rank_1/FULL_poly_rank_1_comparison_d_b_e_tau_u.csv,best_by_method_FULL_methodologie_1_FULL_poly_rank_1
243,0.0138131013884503,0.0055807995577838,0.994512154325767,True,best_by_method,FULL,methodologie_1,FULL_poly_rank_1,FULL_poly_rank_1,polynomial,log,/Users/hariderarako/Desktop/python/results/methodologie_1/reconstructed_parameters/tau_u/full/FULL_poly_rank_1/FULL_poly_rank_1_comparison_d_b_e_tau_u.csv,best_by_method_FULL_methodologie_1_FULL_poly_rank_1
244,0.96997582408448,0.5830864680275696,0.989581274717214,True,best_by_method,FULL,methodologie_1,FULL_poly_rank_1,FULL_poly_rank_1,polynomial,log,/Users/hariderarako/Desktop/python/results/methodologie_1/reconstructed_parameters/tau_u/full/FULL_poly_rank_1/FULL_poly_rank_1_comparison_d_b_e_tau_u.csv,best_by_method_FULL_methodologie_1_FULL_poly_rank_1
245,0.313639219566392,0.1806147196075315,0.8680559331413863,True,best_by_method,FULL,methodologie_1,FULL_poly_rank_1,FULL_poly_rank_1,polynomial,log,/Users/hariderarako/Desktop/python/results/methodologie_1/reconstructed_parameters/tau_u/full/FULL_poly_rank_1/FULL_poly_rank_1_comparison_d_b_e_tau_u.csv,best_by_method_FULL_methodologie_1_FULL_poly_rank_1
246,0.0199333182681963,0.011341523810299,0.8613314856879489,True,best_by_method,FULL,methodologie_1,FULL_poly_rank_1,FULL_poly_rank_1,polynomial,log,/Users/hariderarako/Desktop/python/results/methodologie_1/reconstructed_parameters/tau_u/full/FULL_poly_rank_1/FULL_poly_rank_1_comparison_d_b_e_tau_u.csv,best_by_method_FULL_methodologie_1_FULL_poly_rank_1
247,0.1498258923189411,0.0867841268282538,0.40588640642988,True,best_by_method,FULL,methodologie_1,FULL_poly_rank_1,FULL_poly_rank_1,polynomial,log,/Users/hariderarako/Desktop/python/results/methodologie_1/reconstructed_parameters/tau_u/full/FULL_poly_rank_1/FULL_poly_rank_1_comparison_d_b_e_tau_u.csv,best_by_method_FULL_methodologie_1_FULL_poly_rank_1
248,0.1854490533633417,0.1123342531839255,0.6389795765776572,True,best_by_method,FULL,methodologie_1,FULL_poly_rank_1,FULL_poly_rank_1,polynomial,log,/Users/hariderarako/Desktop/python/results/methodologie_1/reconstructed_parameters/tau_u/full/FULL_poly_rank_1/FULL_poly_rank_1_comparison_d_b_e_tau_u.csv,best_by_method_FULL_methodologie_1_FULL_poly_rank_1
249,0.3991934030716418,0.2392689578978722,0.3725122173489019,True,best_by_method,FULL,methodologie_1,FULL_poly_rank_1,FULL_poly_rank_1,polynomial,log,/Users/hariderarako/Desktop/python/results/methodologie_1/reconstructed_parameters/tau_u/full/FULL_poly_rank_1/FULL_poly_rank_1_comparison_d_b_e_tau_u.csv,best_by_method_FULL_methodologie_1_FULL_poly_rank_1
250,0.0078048720781595,0.0043852415273714,0.9810715096321264,True,best_by_method,FULL,methodologie_1,FULL_poly_rank_1,FULL_poly_rank_1,polynomial,log,/Users/hariderarako/Desktop/python/results/methodologie_1/reconstructed_parameters/tau_u/full/FULL_poly_rank_1/FULL_poly_rank_1_comparison_d_b_e_tau_u.csv,best_by_method_FULL_methodologie_1_FULL_poly_rank_1
251,0.0989334752925002,0.0574373732698093,0.5726118333740529,True,best_by_method,FULL,methodologie_1,FULL_poly_rank_1,FULL_poly_rank_1,polynomial,log,/Users/hariderarako/Desktop/python/results/methodologie_1/reconstructed_parameters/tau_u/full/FULL_poly_rank_1/FULL_poly_rank_1_comparison_d_b_e_tau_u.csv,best_by_method_FULL_methodologie_1_FULL_poly_rank_1
253,0.1588528397573256,0.1012120239479376,0.9038669916055434,True,best_by_method,FULL,methodologie_1,FULL_poly_rank_1,FULL_poly_rank_1,polynomial,log,/Users/hariderarako/Desktop/python/results/methodologie_1/reconstructed_parameters/tau_u/full/FULL_poly_rank_1/FULL_poly_rank_1_comparison_d_b_e_tau_u.csv,best_by_method_FULL_methodologie_1_FULL_poly_rank_1
254,0.0269616186195569,0.0153740630326337,0.8388503645513739,True,best_by_method,FULL,methodologie_1,FULL_poly_rank_1,FULL_poly_rank_1,polynomial,log,/Users/hariderarako/Desktop/python/results/methodologie_1/reconstructed_parameters/tau_u/full/FULL_poly_rank_1/FULL_poly_rank_1_comparison_d_b_e_tau_u.csv,best_by_method_FULL_methodologie_1_FULL_poly_rank_1
255,0.0384935825802252,0.0241291682023571,0.9730680094023626,True,best_by_method,FULL,methodologie_1,FULL_poly_rank_1,FULL_poly_rank_1,polynomial,log,/Users/hariderarako/Desktop/python/results/methodologie_1/reconstructed_parameters/tau_u/full/FULL_poly_rank_1/FULL_poly_rank_1_comparison_d_b_e_tau_u.csv,best_by_method_FULL_methodologie_1_FULL_poly_rank_1
256,0.0652848799814319,0.0395036156996734,0.970438058206503,True,best_by_method,FULL,methodologie_1,FULL_poly_rank_1,FULL_poly_rank_1,polynomial,log,/Users/hariderarako/Desktop/python/results/methodologie_1/reconstructed_parameters/tau_u/full/FULL_poly_rank_1/FULL_poly_rank_1_comparison_d_b_e_tau_u.csv,best_by_method_FULL_methodologie_1_FULL_poly_rank_1
257,0.0342840176899841,0.0129331375695704,0.9963900490085782,True,best_by_method,FULL,methodologie_1,FULL_poly_rank_1,FULL_poly_rank_1,polynomial,log,/Users/hariderarako/Desktop/python/results/methodologie_1/reconstructed_parameters/tau_u/full/FULL_poly_rank_1/FULL_poly_rank_1_comparison_d_b_e_tau_u.csv,best_by_method_FULL_methodologie_1_FULL_poly_rank_1
258,0.8984453407473283,0.6654871985033786,0.9972492090683333,True,best_by_method,FULL,methodologie_1,FULL_poly_rank_1,FULL_poly_rank_1,polynomial,log,/Users/hariderarako/Desktop/python/results/methodologie_1/reconstructed_parameters/tau_u/full/FULL_poly_rank_1/FULL_poly_rank_1_comparison_d_b_e_tau_u.csv,best_by_method_FULL_methodologie_1_FULL_poly_rank_1
284,0.072948040537963,0.0354414140196451,0.9772875045623942,True,best_by_method,FULL,methodologie_1,FULL_poly_rank_1,FULL_poly_rank_1,polynomial,log,/Users/hariderarako/Desktop/python/results/methodologie_1/reconstructed_parameters/tau_u/full/FULL_poly_rank_1/FULL_poly_rank_1_comparison_d_b_e_tau_u.csv,best_by_method_FULL_methodologie_1_FULL_poly_rank_1
285,0.5274447715613724,0.3629969089124509,0.224478170742966,True,best_by_method,FULL,methodologie_1,FULL_poly_rank_1,FULL_poly_rank_1,polynomial,log,/Users/hariderarako/Desktop/python/results/methodologie_1/reconstructed_parameters/tau_u/full/FULL_poly_rank_1/FULL_poly_rank_1_comparison_d_b_e_tau_u.csv,best_by_method_FULL_methodologie_1_FULL_poly_rank_1
286,0.3265658693077076,0.2078519323094832,0.8835526511931137,True,best_by_method,FULL,methodologie_1,FULL_poly_rank_1,FULL_poly_rank_1,polynomial,log,/Users/hariderarako/Desktop/python/results/methodologie_1/reconstructed_parameters/tau_u/full/FULL_poly_rank_1/FULL_poly_rank_1_comparison_d_b_e_tau_u.csv,best_by_method_FULL_methodologie_1_FULL_poly_rank_1
287,0.0440304968473144,0.0315574269745672,0.9920661134117325,True,best_by_method,FULL,methodologie_1,FULL_poly_rank_1,FULL_poly_rank_1,polynomial,log,/Users/hariderarako/Desktop/python/results/methodologie_1/reconstructed_parameters/tau_u/full/FULL_poly_rank_1/FULL_poly_rank_1_comparison_d_b_e_tau_u.csv,best_by_method_FULL_methodologie_1_FULL_poly_rank_1
288,0.1451672247709186,0.0914990158176651,0.9102287912630116,True,best_by_method,FULL,methodologie_1,FULL_poly_rank_1,FULL_poly_rank_1,polynomial,log,/Users/hariderarako/Desktop/python/results/methodologie_1/reconstructed_parameters/tau_u/full/FULL_poly_rank_1/FULL_poly_rank_1_comparison_d_b_e_tau_u.csv,best_by_method_FULL_methodologie_1_FULL_poly_rank_1
289,0.0980277364856038,0.0610016608933009,0.9916820969341724,True,best_by_method,FULL,methodologie_1,FULL_poly_rank_1,FULL_poly_rank_1,polynomial,log,/Users/hariderarako/Desktop/python/results/methodologie_1/reconstructed_parameters/tau_u/full/FULL_poly_rank_1/FULL_poly_rank_1_comparison_d_b_e_tau_u.csv,best_by_method_FULL_methodologie_1_FULL_poly_rank_1
291,0.2300196368540166,0.1414839302673891,0.9219331082602946,True,best_by_method,FULL,methodologie_1,FULL_poly_rank_1,FULL_poly_rank_1,polynomial,log,/Users/hariderarako/Desktop/python/results/methodologie_1/reconstructed_parameters/tau_u/full/FULL_poly_rank_1/FULL_poly_rank_1_comparison_d_b_e_tau_u.csv,best_by_method_FULL_methodologie_1_FULL_poly_rank_1
292,0.2028618496014866,0.1350061075771734,0.7413925193098061,True,best_by_method,FULL,methodologie_1,FULL_poly_rank_1,FULL_poly_rank_1,polynomial,log,/Users/hariderarako/Desktop/python/results/methodologie_1/reconstructed_parameters/tau_u/full/FULL_poly_rank_1/FULL_poly_rank_1_comparison_d_b_e_tau_u.csv,best_by_method_FULL_methodologie_1_FULL_poly_rank_1
293,0.5514390954400933,0.3728731295535467,0.5542094475977857,True,best_by_method,FULL,methodologie_1,FULL_poly_rank_1,FULL_poly_rank_1,polynomial,log,/Users/hariderarako/Desktop/python/results/methodologie_1/reconstructed_parameters/tau_u/full/FULL_poly_rank_1/FULL_poly_rank_1_comparison_d_b_e_tau_u.csv,best_by_method_FULL_methodologie_1_FULL_poly_rank_1
295,0.0008061742268081,0.0004829552164082,0.9627745582576116,True,best_by_method,FULL,methodologie_1,FULL_poly_rank_1,FULL_poly_rank_1,polynomial,log,/Users/hariderarako/Desktop/python/results/methodologie_1/reconstructed_parameters/tau_u/full/FULL_poly_rank_1/FULL_poly_rank_1_comparison_d_b_e_tau_u.csv,best_by_method_FULL_methodologie_1_FULL_poly_rank_1
296,0.0429548190895976,0.0311231097466728,-1.4044858429542524,True,best_by_method,FULL,methodologie_1,FULL_poly_rank_1,FULL_poly_rank_1,polynomial,log,/Users/hariderarako/Desktop/python/results/methodologie_1/reconstructed_parameters/tau_u/full/FULL_poly_rank_1/FULL_poly_rank_1_comparison_d_b_e_tau_u.csv,best_by_method_FULL_methodologie_1_FULL_poly_rank_1
297,0.0042840348921127,0.0027993293545049,0.8410854013844634,True,best_by_method,FULL,methodologie_1,FULL_poly_rank_1,FULL_poly_rank_1,polynomial,log,/Users/hariderarako/Desktop/python/results/methodologie_1/reconstructed_parameters/tau_u/full/FULL_poly_rank_1/FULL_poly_rank_1_comparison_d_b_e_tau_u.csv,best_by_method_FULL_methodologie_1_FULL_poly_rank_1
302,0.0088912467794064,0.0065760587172622,0.566467497213631,True,best_by_method,FULL,methodologie_1,FULL_poly_rank_1,FULL_poly_rank_1,polynomial,log,/Users/hariderarako/Desktop/python/results/methodologie_1/reconstructed_parameters/tau_u/full/FULL_poly_rank_1/FULL_poly_rank_1_comparison_d_b_e_tau_u.csv,best_by_method_FULL_methodologie_1_FULL_poly_rank_1
303,0.0055679041125897,0.0040852236748762,0.6043885992436229,True,best_by_method,FULL,methodologie_1,FULL_poly_rank_1,FULL_poly_rank_1,polynomial,log,/Users/hariderarako/Desktop/python/results/methodologie_1/reconstructed_parameters/tau_u/full/FULL_poly_rank_1/FULL_poly_rank_1_comparison_d_b_e_tau_u.csv,best_by_method_FULL_methodologie_1_FULL_poly_rank_1
304,0.0044241744689277,0.0029032305966426,0.8225871827377323,True,best_by_method,FULL,methodologie_1,FULL_poly_rank_1,FULL_poly_rank_1,polynomial,log,/Users/hariderarako/Desktop/python/results/methodologie_1/reconstructed_parameters/tau_u/full/FULL_poly_rank_1/FULL_poly_rank_1_comparison_d_b_e_tau_u.csv,best_by_method_FULL_methodologie_1_FULL_poly_rank_1
305,0.0061228429993503,0.0041382686529023,0.5552685816611124,True,best_by_method,FULL,methodologie_1,FULL_poly_rank_1,FULL_poly_rank_1,polynomial,log,/Users/hariderarako/Desktop/python/results/methodologie_1/reconstructed_parameters/tau_u/full/FULL_poly_rank_1/FULL_poly_rank_1_comparison_d_b_e_tau_u.csv,best_by_method_FULL_methodologie_1_FULL_poly_rank_1
311,0.0149343932680264,0.0065936899259582,0.9910027276208936,True,best_by_method,FULL,methodologie_1,FULL_poly_rank_1,FULL_poly_rank_1,polynomial,log,/Users/hariderarako/Desktop/python/results/methodologie_1/reconstructed_parameters/tau_u/full/FULL_poly_rank_1/FULL_poly_rank_1_comparison_d_b_e_tau_u.csv,best_by_method_FULL_methodologie_1_FULL_poly_rank_1
314,0.079269330003555,0.0382367456803492,0.9808560138634664,True,best_by_method,FULL,methodologie_1,FULL_poly_rank_1,FULL_poly_rank_1,polynomial,log,/Users/hariderarako/Desktop/python/results/methodologie_1/reconstructed_parameters/tau_u/full/FULL_poly_rank_1/FULL_poly_rank_1_comparison_d_b_e_tau_u.csv,best_by_method_FULL_methodologie_1_FULL_poly_rank_1
316,0.06154094420911,0.0376189336870802,0.9269750024042472,True,best_by_method,FULL,methodologie_1,FULL_poly_rank_1,FULL_poly_rank_1,polynomial,log,/Users/hariderarako/Desktop/python/results/methodologie_1/reconstructed_parameters/tau_u/full/FULL_poly_rank_1/FULL_poly_rank_1_comparison_d_b_e_tau_u.csv,best_by_method_FULL_methodologie_1_FULL_poly_rank_1
317,0.0589730587345785,0.0380009288226734,0.7508478568064583,True,best_by_method,FULL,methodologie_1,FULL_poly_rank_1,FULL_poly_rank_1,polynomial,log,/Users/hariderarako/Desktop/python/results/methodologie_1/reconstructed_parameters/tau_u/full/FULL_poly_rank_1/FULL_poly_rank_1_comparison_d_b_e_tau_u.csv,best_by_method_FULL_methodologie_1_FULL_poly_rank_1
320,0.2559520544049555,0.1660516597213481,0.8361330537646163,True,best_by_method,FULL,methodologie_1,FULL_poly_rank_1,FULL_poly_rank_1,polynomial,log,/Users/hariderarako/Desktop/python/results/methodologie_1/reconstructed_parameters/tau_u/full/FULL_poly_rank_1/FULL_poly_rank_1_comparison_d_b_e_tau_u.csv,best_by_method_FULL_methodologie_1_FULL_poly_rank_1
321,0.6288857978748206,0.4353049261112369,0.3937980094187375,True,best_by_method,FULL,methodologie_1,FULL_poly_rank_1,FULL_poly_rank_1,polynomial,log,/Users/hariderarako/Desktop/python/results/methodologie_1/reconstructed_parameters/tau_u/full/FULL_poly_rank_1/FULL_poly_rank_1_comparison_d_b_e_tau_u.csv,best_by_method_FULL_methodologie_1_FULL_poly_rank_1
322,0.0396173276536733,0.0246345995228415,0.9574150022329708,True,best_by_method,FULL,methodologie_1,FULL_poly_rank_1,FULL_poly_rank_1,polynomial,log,/Users/hariderarako/Desktop/python/results/methodologie_1/reconstructed_parameters/tau_u/full/FULL_poly_rank_1/FULL_poly_rank_1_comparison_d_b_e_tau_u.csv,best_by_method_FULL_methodologie_1_FULL_poly_rank_1
323,0.6815694570548531,0.4448516602806129,0.8481042381944601,True,best_by_method,FULL,methodologie_1,FULL_poly_rank_1,FULL_poly_rank_1,polynomial,log,/Users/hariderarako/Desktop/python/results/methodologie_1/reconstructed_parameters/tau_u/full/FULL_poly_rank_1/FULL_poly_rank_1_comparison_d_b_e_tau_u.csv,best_by_method_FULL_methodologie_1_FULL_poly_rank_1
327,0.0148139847804055,0.0098302041353379,-1.5227504526986473,True,best_by_method,FULL,methodologie_1,FULL_poly_rank_1,FULL_poly_rank_1,polynomial,log,/Users/hariderarako/Desktop/python/results/methodologie_1/reconstructed_parameters/tau_u/full/FULL_poly_rank_1/FULL_poly_rank_1_comparison_d_b_e_tau_u.csv,best_by_method_FULL_methodologie_1_FULL_poly_rank_1
330,0.0012549307353024,0.0008180336341258,0.8422953404863849,True,best_by_method,FULL,methodologie_1,FULL_poly_rank_1,FULL_poly_rank_1,polynomial,log,/Users/hariderarako/Desktop/python/results/methodologie_1/reconstructed_parameters/tau_u/full/FULL_poly_rank_1/FULL_poly_rank_1_comparison_d_b_e_tau_u.csv,best_by_method_FULL_methodologie_1_FULL_poly_rank_1
331,0.0009121033079589,0.000578343178648,0.9758047828604846,True,best_by_method,FULL,methodologie_1,FULL_poly_rank_1,FULL_poly_rank_1,polynomial,log,/Users/hariderarako/Desktop/python/results/methodologie_1/reconstructed_parameters/tau_u/full/FULL_poly_rank_1/FULL_poly_rank_1_comparison_d_b_e_tau_u.csv,best_by_method_FULL_methodologie_1_FULL_poly_rank_1
332,0.0014179426538164,0.0009611921843892,0.950232273867876,True,best_by_method,FULL,methodologie_1,FULL_poly_rank_1,FULL_poly_rank_1,polynomial,log,/Users/hariderarako/Desktop/python/results/methodologie_1/reconstructed_parameters/tau_u/full/FULL_poly_rank_1/FULL_poly_rank_1_comparison_d_b_e_tau_u.csv,best_by_method_FULL_methodologie_1_FULL_poly_rank_1
333,0.0008429589552347,0.0005749736311113,0.994703413897238,True,best_by_method,FULL,methodologie_1,FULL_poly_rank_1,FULL_poly_rank_1,polynomial,log,/Users/hariderarako/Desktop/python/results/methodologie_1/reconstructed_parameters/tau_u/full/FULL_poly_rank_1/FULL_poly_rank_1_comparison_d_b_e_tau_u.csv,best_by_method_FULL_methodologie_1_FULL_poly_rank_1
334,0.0048413918836433,0.0031619523054387,0.8549522658766702,True,best_by_method,FULL,methodologie_1,FULL_poly_rank_1,FULL_poly_rank_1,polynomial,log,/Users/hariderarako/Desktop/python/results/methodologie_1/reconstructed_parameters/tau_u/full/FULL_poly_rank_1/FULL_poly_rank_1_comparison_d_b_e_tau_u.csv,best_by_method_FULL_methodologie_1_FULL_poly_rank_1
335,0.0104270755541039,0.0069427286606129,0.8709706087885377,True,best_by_method,FULL,methodologie_1,FULL_poly_rank_1,FULL_poly_rank_1,polynomial,log,/Users/hariderarako/Desktop/python/results/methodologie_1/reconstructed_parameters/tau_u/full/FULL_poly_rank_1/FULL_poly_rank_1_comparison_d_b_e_tau_u.csv,best_by_method_FULL_methodologie_1_FULL_poly_rank_1
336,0.022598084372599,0.0154066568176149,0.5000955143998794,True,best_by_method,FULL,methodologie_1,FULL_poly_rank_1,FULL_poly_rank_1,polynomial,log,/Users/hariderarako/Desktop/python/results/methodologie_1/reconstructed_parameters/tau_u/full/FULL_poly_rank_1/FULL_poly_rank_1_comparison_d_b_e_tau_u.csv,best_by_method_FULL_methodologie_1_FULL_poly_rank_1
337,0.0028500029310034,0.0021213772330285,0.9215017919604628,True,best_by_method,FULL,methodologie_1,FULL_poly_rank_1,FULL_poly_rank_1,polynomial,log,/Users/hariderarako/Desktop/python/results/methodologie_1/reconstructed_parameters/tau_u/full/FULL_poly_rank_1/FULL_poly_rank_1_comparison_d_b_e_tau_u.csv,best_by_method_FULL_methodologie_1_FULL_poly_rank_1
338,0.0036104342100831,0.0024067628288912,0.6672791751710602,True,best_by_method,FULL,methodologie_1,FULL_poly_rank_1,FULL_poly_rank_1,polynomial,log,/Users/hariderarako/Desktop/python/results/methodologie_1/reconstructed_parameters/tau_u/full/FULL_poly_rank_1/FULL_poly_rank_1_comparison_d_b_e_tau_u.csv,best_by_method_FULL_methodologie_1_FULL_poly_rank_1
339,0.0052423849203368,0.0035400431373035,0.4225804466351276,True,best_by_method,FULL,methodologie_1,FULL_poly_rank_1,FULL_poly_rank_1,polynomial,log,/Users/hariderarako/Desktop/python/results/methodologie_1/reconstructed_parameters/tau_u/full/FULL_poly_rank_1/FULL_poly_rank_1_comparison_d_b_e_tau_u.csv,best_by_method_FULL_methodologie_1_FULL_poly_rank_1
340,0.0086565457381914,0.0061546561839477,-3.424384038040345,True,best_by_method,FULL,methodologie_1,FULL_poly_rank_1,FULL_poly_rank_1,polynomial,log,/Users/hariderarako/Desktop/python/results/methodologie_1/reconstructed_parameters/tau_u/full/FULL_poly_rank_1/FULL_poly_rank_1_comparison_d_b_e_tau_u.csv,best_by_method_FULL_methodologie_1_FULL_poly_rank_1
341,0.0038187222681499,0.0028742581827625,0.9200290083062062,True,best_by_method,FULL,methodologie_1,FULL_poly_rank_1,FULL_poly_rank_1,polynomial,log,/Users/hariderarako/Desktop/python/results/methodologie_1/reconstructed_parameters/tau_u/full/FULL_poly_rank_1/FULL_poly_rank_1_comparison_d_b_e_tau_u.csv,best_by_method_FULL_methodologie_1_FULL_poly_rank_1
342,0.0010393677391798,0.0007896158488681,0.9839214969337696,True,best_by_method,FULL,methodologie_1,FULL_poly_rank_1,FULL_poly_rank_1,polynomial,log,/Users/hariderarako/Desktop/python/results/methodologie_1/reconstructed_parameters/tau_u/full/FULL_poly_rank_1/FULL_poly_rank_1_comparison_d_b_e_tau_u.csv,best_by_method_FULL_methodologie_1_FULL_poly_rank_1
343,0.0019903956085938,0.0012425778012887,0.908446735977517,True,best_by_method,FULL,methodologie_1,FULL_poly_rank_1,FULL_poly_rank_1,polynomial,log,/Users/hariderarako/Desktop/python/results/methodologie_1/reconstructed_parameters/tau_u/full/FULL_poly_rank_1/FULL_poly_rank_1_comparison_d_b_e_tau_u.csv,best_by_method_FULL_methodologie_1_FULL_poly_rank_1
344,0.0036586795195956,0.0024519090649533,0.3956026041865162,True,best_by_method,FULL,methodologie_1,FULL_poly_rank_1,FULL_poly_rank_1,polynomial,log,/Users/hariderarako/Desktop/python/results/methodologie_1/reconstructed_parameters/tau_u/full/FULL_poly_rank_1/FULL_poly_rank_1_comparison_d_b_e_tau_u.csv,best_by_method_FULL_methodologie_1_FULL_poly_rank_1
345,0.0098726948605052,0.0073261432428209,0.6120560322179024,True,best_by_method,FULL,methodologie_1,FULL_poly_rank_1,FULL_poly_rank_1,polynomial,log,/Users/hariderarako/Desktop/python/results/methodologie_1/reconstructed_parameters/tau_u/full/FULL_poly_rank_1/FULL_poly_rank_1_comparison_d_b_e_tau_u.csv,best_by_method_FULL_methodologie_1_FULL_poly_rank_1
346,0.0100461781913713,0.007378449627752,0.2792894661665965,True,best_by_method,FULL,methodologie_1,FULL_poly_rank_1,FULL_poly_rank_1,polynomial,log,/Users/hariderarako/Desktop/python/results/methodologie_1/reconstructed_parameters/tau_u/full/FULL_poly_rank_1/FULL_poly_rank_1_comparison_d_b_e_tau_u.csv,best_by_method_FULL_methodologie_1_FULL_poly_rank_1
347,0.0043074219404529,0.0031284012624067,0.5712245961473749,True,best_by_method,FULL,methodologie_1,FULL_poly_rank_1,FULL_poly_rank_1,polynomial,log,/Users/hariderarako/Desktop/python/results/methodologie_1/reconstructed_parameters/tau_u/full/FULL_poly_rank_1/FULL_poly_rank_1_comparison_d_b_e_tau_u.csv,best_by_method_FULL_methodologie_1_FULL_poly_rank_1
348,0.0030482159964874,0.0020350295589745,0.5217464874330789,True,best_by_method,FULL,methodologie_1,FULL_poly_rank_1,FULL_poly_rank_1,polynomial,log,/Users/hariderarako/Desktop/python/results/methodologie_1/reconstructed_parameters/tau_u/full/FULL_poly_rank_1/FULL_poly_rank_1_comparison_d_b_e_tau_u.csv,best_by_method_FULL_methodologie_1_FULL_poly_rank_1
349,0.0025863328972839,0.0019184960435113,0.92605348071607,True,best_by_method,FULL,methodologie_1,FULL_poly_rank_1,FULL_poly_rank_1,polynomial,log,/Users/hariderarako/Desktop/python/results/methodologie_1/reconstructed_parameters/tau_u/full/FULL_poly_rank_1/FULL_poly_rank_1_comparison_d_b_e_tau_u.csv,best_by_method_FULL_methodologie_1_FULL_poly_rank_1
350,0.0009553465789858,0.0005177643548286,0.9883531841392824,True,best_by_method,FULL,methodologie_1,FULL_poly_rank_1,FULL_poly_rank_1,polynomial,log,/Users/hariderarako/Desktop/python/results/methodologie_1/reconstructed_parameters/tau_u/full/FULL_poly_rank_1/FULL_poly_rank_1_comparison_d_b_e_tau_u.csv,best_by_method_FULL_methodologie_1_FULL_poly_rank_1
351,0.0032396298700579,0.0021512744301604,0.7027961236549356,True,best_by_method,FULL,methodologie_1,FULL_poly_rank_1,FULL_poly_rank_1,polynomial,log,/Users/hariderarako/Desktop/python/results/methodologie_1/reconstructed_parameters/tau_u/full/FULL_poly_rank_1/FULL_poly_rank_1_comparison_d_b_e_tau_u.csv,best_by_method_FULL_methodologie_1_FULL_poly_rank_1
352,0.0040506284190209,0.0027206771255986,0.4196560286690919,True,best_by_method,FULL,methodologie_1,FULL_poly_rank_1,FULL_poly_rank_1,polynomial,log,/Users/hariderarako/Desktop/python/results/methodologie_1/reconstructed_parameters/tau_u/full/FULL_poly_rank_1/FULL_poly_rank_1_comparison_d_b_e_tau_u.csv,best_by_method_FULL_methodologie_1_FULL_poly_rank_1
353,0.0050040894879097,0.0036511199348325,0.5601628375789088,True,best_by_method,FULL,methodologie_1,FULL_poly_rank_1,FULL_poly_rank_1,polynomial,log,/Users/hariderarako/Desktop/python/results/methodologie_1/reconstructed_parameters/tau_u/full/FULL_poly_rank_1/FULL_poly_rank_1_comparison_d_b_e_tau_u.csv,best_by_method_FULL_methodologie_1_FULL_poly_rank_1
354,0.0017092148757261,0.0012363519012883,0.9172711460470876,True,best_by_method,FULL,methodologie_1,FULL_poly_rank_1,FULL_poly_rank_1,polynomial,log,/Users/hariderarako/Desktop/python/results/methodologie_1/reconstructed_parameters/tau_u/full/FULL_poly_rank_1/FULL_poly_rank_1_comparison_d_b_e_tau_u.csv,best_by_method_FULL_methodologie_1_FULL_poly_rank_1
355,0.0004390989605396,0.0002527712438875,0.9912944008969612,True,best_by_method,FULL,methodologie_1,FULL_poly_rank_1,FULL_poly_rank_1,polynomial,log,/Users/hariderarako/Desktop/python/results/methodologie_1/reconstructed_parameters/tau_u/full/FULL_poly_rank_1/FULL_poly_rank_1_comparison_d_b_e_tau_u.csv,best_by_method_FULL_methodologie_1_FULL_poly_rank_1
356,0.0017957326569015,0.0011831959452823,0.7448095913172192,True,best_by_method,FULL,methodologie_1,FULL_poly_rank_1,FULL_poly_rank_1,polynomial,log,/Users/hariderarako/Desktop/python/results/methodologie_1/reconstructed_parameters/tau_u/full/FULL_poly_rank_1/FULL_poly_rank_1_comparison_d_b_e_tau_u.csv,best_by_method_FULL_methodologie_1_FULL_poly_rank_1
357,0.0049693271392935,0.0035503741152813,-0.1149849923783361,True,best_by_method,FULL,methodologie_1,FULL_poly_rank_1,FULL_poly_rank_1,polynomial,log,/Users/hariderarako/Desktop/python/results/methodologie_1/reconstructed_parameters/tau_u/full/FULL_poly_rank_1/FULL_poly_rank_1_comparison_d_b_e_tau_u.csv,best_by_method_FULL_methodologie_1_FULL_poly_rank_1
358,0.0005774527464177,0.0002732372896429,0.9803122329060184,True,best_by_method,FULL,methodologie_1,FULL_poly_rank_1,FULL_poly_rank_1,polynomial,log,/Users/hariderarako/Desktop/python/results/methodologie_1/reconstructed_parameters/tau_u/full/FULL_poly_rank_1/FULL_poly_rank_1_comparison_d_b_e_tau_u.csv,best_by_method_FULL_methodologie_1_FULL_poly_rank_1
359,0.0005195137075642,0.0002640030733841,0.9786412903438736,True,best_by_method,FULL,methodologie_1,FULL_poly_rank_1,FULL_poly_rank_1,polynomial,log,/Users/hariderarako/Desktop/python/results/methodologie_1/reconstructed_parameters/tau_u/full/FULL_poly_rank_1/FULL_poly_rank_1_comparison_d_b_e_tau_u.csv,best_by_method_FULL_methodologie_1_FULL_poly_rank_1
360,0.0011700325145759,0.000761842322097,0.851797108479397,True,best_by_method,FULL,methodologie_1,FULL_poly_rank_1,FULL_poly_rank_1,polynomial,log,/Users/hariderarako/Desktop/python/results/methodologie_1/reconstructed_parameters/tau_u/full/FULL_poly_rank_1/FULL_poly_rank_1_comparison_d_b_e_tau_u.csv,best_by_method_FULL_methodologie_1_FULL_poly_rank_1
7,0.0003214551222693,0.0002163978125542,0.9977590813943824,True,best_by_method,FULL,methodologie_2,FULL_direct_poly_rank_4,FULL_direct_poly_rank_4,polynomial,log_gap,/Users/hariderarako/Desktop/python/results/methodologie_2/reconstructed_parameters/from_z/full/FULL_direct_poly_rank_4_b_d_from_e_predictions.csv,best_by_method_FULL_methodologie_2_FULL_direct_poly_rank_4
8,0.000290444771055,0.0001810765123248,0.9971349798095954,True,best_by_method,FULL,methodologie_2,FULL_direct_poly_rank_4,FULL_direct_poly_rank_4,polynomial,log_gap,/Users/hariderarako/Desktop/python/results/methodologie_2/reconstructed_parameters/from_z/full/FULL_direct_poly_rank_4_b_d_from_e_predictions.csv,best_by_method_FULL_methodologie_2_FULL_direct_poly_rank_4
9,0.0002636712153123,0.0001484120915755,0.996668144639236,True,best_by_method,FULL,methodologie_2,FULL_direct_poly_rank_4,FULL_direct_poly_rank_4,polynomial,log_gap,/Users/hariderarako/Desktop/python/results/methodologie_2/reconstructed_parameters/from_z/full/FULL_direct_poly_rank_4_b_d_from_e_predictions.csv,best_by_method_FULL_methodologie_2_FULL_direct_poly_rank_4
11,0.0005944630149772,0.0003162786166607,0.992702865821852,True,best_by_method,FULL,methodologie_2,FULL_direct_poly_rank_4,FULL_direct_poly_rank_4,polynomial,log_gap,/Users/hariderarako/Desktop/python/results/methodologie_2/reconstructed_parameters/from_z/full/FULL_direct_poly_rank_4_b_d_from_e_predictions.csv,best_by_method_FULL_methodologie_2_FULL_direct_poly_rank_4
12,0.0003071916180604,0.0001864031271373,0.9977439276815734,True,best_by_method,FULL,methodologie_2,FULL_direct_poly_rank_4,FULL_direct_poly_rank_4,polynomial,log_gap,/Users/hariderarako/Desktop/python/results/methodologie_2/reconstructed_parameters/from_z/full/FULL_direct_poly_rank_4_b_d_from_e_predictions.csv,best_by_method_FULL_methodologie_2_FULL_direct_poly_rank_4
13,9.35247694850112e-05,5.2333253844287673e-05,0.9997726565148448,True,best_by_method,FULL,methodologie_2,FULL_direct_poly_rank_4,FULL_direct_poly_rank_4,polynomial,log_gap,/Users/hariderarako/Desktop/python/results/methodologie_2/reconstructed_parameters/from_z/full/FULL_direct_poly_rank_4_b_d_from_e_predictions.csv,best_by_method_FULL_methodologie_2_FULL_direct_poly_rank_4
15,0.0371900356392213,0.0168113562061079,0.9947093080759806,True,best_by_method,FULL,methodologie_2,FULL_direct_poly_rank_4,FULL_direct_poly_rank_4,polynomial,log_gap,/Users/hariderarako/Desktop/python/results/methodologie_2/reconstructed_parameters/from_z/full/FULL_direct_poly_rank_4_b_d_from_e_predictions.csv,best_by_method_FULL_methodologie_2_FULL_direct_poly_rank_4
16,0.247555577927446,0.0935542952222185,0.9769313021635097,True,best_by_method,FULL,methodologie_2,FULL_direct_poly_rank_4,FULL_direct_poly_rank_4,polynomial,log_gap,/Users/hariderarako/Desktop/python/results/methodologie_2/reconstructed_parameters/from_z/full/FULL_direct_poly_rank_4_b_d_from_e_predictions.csv,best_by_method_FULL_methodologie_2_FULL_direct_poly_rank_4
17,0.0236300390618879,0.0107396677407901,0.9981531764592562,True,best_by_method,FULL,methodologie_2,FULL_direct_poly_rank_4,FULL_direct_poly_rank_4,polynomial,log_gap,/Users/hariderarako/Desktop/python/results/methodologie_2/reconstructed_parameters/from_z/full/FULL_direct_poly_rank_4_b_d_from_e_predictions.csv,best_by_method_FULL_methodologie_2_FULL_direct_poly_rank_4
18,0.3016322966200522,0.1244592771343437,0.9734553502376402,True,best_by_method,FULL,methodologie_2,FULL_direct_poly_rank_4,FULL_direct_poly_rank_4,polynomial,log_gap,/Users/hariderarako/Desktop/python/results/methodologie_2/reconstructed_parameters/from_z/full/FULL_direct_poly_rank_4_b_d_from_e_predictions.csv,best_by_method_FULL_methodologie_2_FULL_direct_poly_rank_4
19,0.005424724123322,0.002551951037529,0.9979192859841082,True,best_by_method,FULL,methodologie_2,FULL_direct_poly_rank_4,FULL_direct_poly_rank_4,polynomial,log_gap,/Users/hariderarako/Desktop/python/results/methodologie_2/reconstructed_parameters/from_z/full/FULL_direct_poly_rank_4_b_d_from_e_predictions.csv,best_by_method_FULL_methodologie_2_FULL_direct_poly_rank_4
20,0.0012651131901654,0.0007658583785619,0.9999870921783484,True,best_by_method,FULL,methodologie_2,FULL_direct_poly_rank_4,FULL_direct_poly_rank_4,polynomial,log_gap,/Users/hariderarako/Desktop/python/results/methodologie_2/reconstructed_parameters/from_z/full/FULL_direct_poly_rank_4_b_d_from_e_predictions.csv,best_by_method_FULL_methodologie_2_FULL_direct_poly_rank_4
21,0.0069071184508472,0.0039992323582215,0.9999510857210522,True,best_by_method,FULL,methodologie_2,FULL_direct_poly_rank_4,FULL_direct_poly_rank_4,polynomial,log_gap,/Users/hariderarako/Desktop/python/results/methodologie_2/reconstructed_parameters/from_z/full/FULL_direct_poly_rank_4_b_d_from_e_predictions.csv,best_by_method_FULL_methodologie_2_FULL_direct_poly_rank_4
22,0.3732093253025094,0.1306425575646193,0.9739689909450212,True,best_by_method,FULL,methodologie_2,FULL_direct_poly_rank_4,FULL_direct_poly_rank_4,polynomial,log_gap,/Users/hariderarako/Desktop/python/results/methodologie_2/reconstructed_parameters/from_z/full/FULL_direct_poly_rank_4_b_d_from_e_predictions.csv,best_by_method_FULL_methodologie_2_FULL_direct_poly_rank_4
23,0.0358864537389882,0.0085225703885046,0.9980589954202332,True,best_by_method,FULL,methodologie_2,FULL_direct_poly_rank_4,FULL_direct_poly_rank_4,polynomial,log_gap,/Users/hariderarako/Desktop/python/results/methodologie_2/reconstructed_parameters/from_z/full/FULL_direct_poly_rank_4_b_d_from_e_predictions.csv,best_by_method_FULL_methodologie_2_FULL_direct_poly_rank_4
24,0.0325077613967989,0.008960649623948,0.998525251543587,True,best_by_method,FULL,methodologie_2,FULL_direct_poly_rank_4,FULL_direct_poly_rank_4,polynomial,log_gap,/Users/hariderarako/Desktop/python/results/methodologie_2/reconstructed_parameters/from_z/full/FULL_direct_poly_rank_4_b_d_from_e_predictions.csv,best_by_method_FULL_methodologie_2_FULL_direct_poly_rank_4
27,0.0255723322045875,0.0151629582125172,0.994629053453826,True,best_by_method,FULL,methodologie_2,FULL_direct_poly_rank_4,FULL_direct_poly_rank_4,polynomial,log_gap,/Users/hariderarako/Desktop/python/results/methodologie_2/reconstructed_parameters/from_z/full/FULL_direct_poly_rank_4_b_d_from_e_predictions.csv,best_by_method_FULL_methodologie_2_FULL_direct_poly_rank_4
28,0.0092691900705996,0.0052629832612505,0.9950577470342246,True,best_by_method,FULL,methodologie_2,FULL_direct_poly_rank_4,FULL_direct_poly_rank_4,polynomial,log_gap,/Users/hariderarako/Desktop/python/results/methodologie_2/reconstructed_parameters/from_z/full/FULL_direct_poly_rank_4_b_d_from_e_predictions.csv,best_by_method_FULL_methodologie_2_FULL_direct_poly_rank_4
29,0.0521694486705571,0.0270055933221122,0.9945953368123984,True,best_by_method,FULL,methodologie_2,FULL_direct_poly_rank_4,FULL_direct_poly_rank_4,polynomial,log_gap,/Users/hariderarako/Desktop/python/results/methodologie_2/reconstructed_parameters/from_z/full/FULL_direct_poly_rank_4_b_d_from_e_predictions.csv,best_by_method_FULL_methodologie_2_FULL_direct_poly_rank_4
30,0.0675465052867284,0.0412537167892103,0.9994950048696626,True,best_by_method,FULL,methodologie_2,FULL_direct_poly_rank_4,FULL_direct_poly_rank_4,polynomial,log_gap,/Users/hariderarako/Desktop/python/results/methodologie_2/reconstructed_parameters/from_z/full/FULL_direct_poly_rank_4_b_d_from_e_predictions.csv,best_by_method_FULL_methodologie_2_FULL_direct_poly_rank_4
31,0.0013404293361044,0.0008540020724552,0.9997912733751252,True,best_by_method,FULL,methodologie_2,FULL_direct_poly_rank_4,FULL_direct_poly_rank_4,polynomial,log_gap,/Users/hariderarako/Desktop/python/results/methodologie_2/reconstructed_parameters/from_z/full/FULL_direct_poly_rank_4_b_d_from_e_predictions.csv,best_by_method_FULL_methodologie_2_FULL_direct_poly_rank_4
32,0.0087678381004899,0.0035051145065467,0.9997500891017572,True,best_by_method,FULL,methodologie_2,FULL_direct_poly_rank_4,FULL_direct_poly_rank_4,polynomial,log_gap,/Users/hariderarako/Desktop/python/results/methodologie_2/reconstructed_parameters/from_z/full/FULL_direct_poly_rank_4_b_d_from_e_predictions.csv,best_by_method_FULL_methodologie_2_FULL_direct_poly_rank_4
33,0.115330726488219,0.0760100200163731,0.9989991376243758,True,best_by_method,FULL,methodologie_2,FULL_direct_poly_rank_4,FULL_direct_poly_rank_4,polynomial,log_gap,/Users/hariderarako/Desktop/python/results/methodologie_2/reconstructed_parameters/from_z/full/FULL_direct_poly_rank_4_b_d_from_e_predictions.csv,best_by_method_FULL_methodologie_2_FULL_direct_poly_rank_4
34,0.0075816738386038,0.0057535346106027,0.998312856155751,True,best_by_method,FULL,methodologie_2,FULL_direct_poly_rank_4,FULL_direct_poly_rank_4,polynomial,log_gap,/Users/hariderarako/Desktop/python/results/methodologie_2/reconstructed_parameters/from_z/full/FULL_direct_poly_rank_4_b_d_from_e_predictions.csv,best_by_method_FULL_methodologie_2_FULL_direct_poly_rank_4
35,0.0484523940328809,0.0239983026107633,0.994793415235682,True,best_by_method,FULL,methodologie_2,FULL_direct_poly_rank_4,FULL_direct_poly_rank_4,polynomial,log_gap,/Users/hariderarako/Desktop/python/results/methodologie_2/reconstructed_parameters/from_z/full/FULL_direct_poly_rank_4_b_d_from_e_predictions.csv,best_by_method_FULL_methodologie_2_FULL_direct_poly_rank_4
36,0.0004473913374443,0.0002366947283404,0.9999999698454478,True,best_by_method,FULL,methodologie_2,FULL_direct_poly_rank_4,FULL_direct_poly_rank_4,polynomial,log_gap,/Users/hariderarako/Desktop/python/results/methodologie_2/reconstructed_parameters/from_z/full/FULL_direct_poly_rank_4_b_d_from_e_predictions.csv,best_by_method_FULL_methodologie_2_FULL_direct_poly_rank_4
37,0.0118241822615288,0.0066693501882809,0.989457715582406,True,best_by_method,FULL,methodologie_2,FULL_direct_poly_rank_4,FULL_direct_poly_rank_4,polynomial,log_gap,/Users/hariderarako/Desktop/python/results/methodologie_2/reconstructed_parameters/from_z/full/FULL_direct_poly_rank_4_b_d_from_e_predictions.csv,best_by_method_FULL_methodologie_2_FULL_direct_poly_rank_4
38,0.0155138556345531,0.0074870669146135,0.9993869756648324,True,best_by_method,FULL,methodologie_2,FULL_direct_poly_rank_4,FULL_direct_poly_rank_4,polynomial,log_gap,/Users/hariderarako/Desktop/python/results/methodologie_2/reconstructed_parameters/from_z/full/FULL_direct_poly_rank_4_b_d_from_e_predictions.csv,best_by_method_FULL_methodologie_2_FULL_direct_poly_rank_4
39,0.0623956542744066,0.024996801541986,0.9989973227660276,True,best_by_method,FULL,methodologie_2,FULL_direct_poly_rank_4,FULL_direct_poly_rank_4,polynomial,log_gap,/Users/hariderarako/Desktop/python/results/methodologie_2/reconstructed_parameters/from_z/full/FULL_direct_poly_rank_4_b_d_from_e_predictions.csv,best_by_method_FULL_methodologie_2_FULL_direct_poly_rank_4
40,0.0013752309721194,0.0009179996408096,0.9998872857189214,True,best_by_method,FULL,methodologie_2,FULL_direct_poly_rank_4,FULL_direct_poly_rank_4,polynomial,log_gap,/Users/hariderarako/Desktop/python/results/methodologie_2/reconstructed_parameters/from_z/full/FULL_direct_poly_rank_4_b_d_from_e_predictions.csv,best_by_method_FULL_methodologie_2_FULL_direct_poly_rank_4
41,0.0450177944852009,0.0214743815864211,0.995421386472574,True,best_by_method,FULL,methodologie_2,FULL_direct_poly_rank_4,FULL_direct_poly_rank_4,polynomial,log_gap,/Users/hariderarako/Desktop/python/results/methodologie_2/reconstructed_parameters/from_z/full/FULL_direct_poly_rank_4_b_d_from_e_predictions.csv,best_by_method_FULL_methodologie_2_FULL_direct_poly_rank_4
42,0.1381696989653918,0.0612451899900517,0.9961375077445171,True,best_by_method,FULL,methodologie_2,FULL_direct_poly_rank_4,FULL_direct_poly_rank_4,polynomial,log_gap,/Users/hariderarako/Desktop/python/results/methodologie_2/reconstructed_parameters/from_z/full/FULL_direct_poly_rank_4_b_d_from_e_predictions.csv,best_by_method_FULL_methodologie_2_FULL_direct_poly_rank_4
43,0.0053569675958975,0.0033228222273707,0.9975406944977436,True,best_by_method,FULL,methodologie_2,FULL_direct_poly_rank_4,FULL_direct_poly_rank_4,polynomial,log_gap,/Users/hariderarako/Desktop/python/results/methodologie_2/reconstructed_parameters/from_z/full/FULL_direct_poly_rank_4_b_d_from_e_predictions.csv,best_by_method_FULL_methodologie_2_FULL_direct_poly_rank_4
44,0.0092508442502286,0.0056072545445336,0.9998364612280196,True,best_by_method,FULL,methodologie_2,FULL_direct_poly_rank_4,FULL_direct_poly_rank_4,polynomial,log_gap,/Users/hariderarako/Desktop/python/results/methodologie_2/reconstructed_parameters/from_z/full/FULL_direct_poly_rank_4_b_d_from_e_predictions.csv,best_by_method_FULL_methodologie_2_FULL_direct_poly_rank_4
45,0.118023121535613,0.0675312747528385,0.9979564551037498,True,best_by_method,FULL,methodologie_2,FULL_direct_poly_rank_4,FULL_direct_poly_rank_4,polynomial,log_gap,/Users/hariderarako/Desktop/python/results/methodologie_2/reconstructed_parameters/from_z/full/FULL_direct_poly_rank_4_b_d_from_e_predictions.csv,best_by_method_FULL_methodologie_2_FULL_direct_poly_rank_4
46,0.0066579924807942,0.0042916172381524,0.9979152966775396,True,best_by_method,FULL,methodologie_2,FULL_direct_poly_rank_4,FULL_direct_poly_rank_4,polynomial,log_gap,/Users/hariderarako/Desktop/python/results/methodologie_2/reconstructed_parameters/from_z/full/FULL_direct_poly_rank_4_b_d_from_e_predictions.csv,best_by_method_FULL_methodologie_2_FULL_direct_poly_rank_4
47,0.0281330752943135,0.0136889759632209,0.9986237869757378,True,best_by_method,FULL,methodologie_2,FULL_direct_poly_rank_4,FULL_direct_poly_rank_4,polynomial,log_gap,/Users/hariderarako/Desktop/python/results/methodologie_2/reconstructed_parameters/from_z/full/FULL_direct_poly_rank_4_b_d_from_e_predictions.csv,best_by_method_FULL_methodologie_2_FULL_direct_poly_rank_4
48,0.0691341228210944,0.0432018983442346,0.999473838332659,True,best_by_method,FULL,methodologie_2,FULL_direct_poly_rank_4,FULL_direct_poly_rank_4,polynomial,log_gap,/Users/hariderarako/Desktop/python/results/methodologie_2/reconstructed_parameters/from_z/full/FULL_direct_poly_rank_4_b_d_from_e_predictions.csv,best_by_method_FULL_methodologie_2_FULL_direct_poly_rank_4
49,0.0063913079574706,0.004010969327899,0.9999445699712164,True,best_by_method,FULL,methodologie_2,FULL_direct_poly_rank_4,FULL_direct_poly_rank_4,polynomial,log_gap,/Users/hariderarako/Desktop/python/results/methodologie_2/reconstructed_parameters/from_z/full/FULL_direct_poly_rank_4_b_d_from_e_predictions.csv,best_by_method_FULL_methodologie_2_FULL_direct_poly_rank_4
50,0.0264942387209511,0.0144364467494814,0.9999028258964808,True,best_by_method,FULL,methodologie_2,FULL_direct_poly_rank_4,FULL_direct_poly_rank_4,polynomial,log_gap,/Users/hariderarako/Desktop/python/results/methodologie_2/reconstructed_parameters/from_z/full/FULL_direct_poly_rank_4_b_d_from_e_predictions.csv,best_by_method_FULL_methodologie_2_FULL_direct_poly_rank_4
51,0.0069102811056255,0.0042736513341312,0.9987873200636896,True,best_by_method,FULL,methodologie_2,FULL_direct_poly_rank_4,FULL_direct_poly_rank_4,polynomial,log_gap,/Users/hariderarako/Desktop/python/results/methodologie_2/reconstructed_parameters/from_z/full/FULL_direct_poly_rank_4_b_d_from_e_predictions.csv,best_by_method_FULL_methodologie_2_FULL_direct_poly_rank_4
52,0.0877926038775492,0.0517129583824427,0.9990666900296432,True,best_by_method,FULL,methodologie_2,FULL_direct_poly_rank_4,FULL_direct_poly_rank_4,polynomial,log_gap,/Users/hariderarako/Desktop/python/results/methodologie_2/reconstructed_parameters/from_z/full/FULL_direct_poly_rank_4_b_d_from_e_predictions.csv,best_by_method_FULL_methodologie_2_FULL_direct_poly_rank_4
53,0.0042137015878707,0.0026290360673402,0.9989959223345132,True,best_by_method,FULL,methodologie_2,FULL_direct_poly_rank_4,FULL_direct_poly_rank_4,polynomial,log_gap,/Users/hariderarako/Desktop/python/results/methodologie_2/reconstructed_parameters/from_z/full/FULL_direct_poly_rank_4_b_d_from_e_predictions.csv,best_by_method_FULL_methodologie_2_FULL_direct_poly_rank_4
54,0.0214823454220048,0.0088605082927599,0.9986262490393222,True,best_by_method,FULL,methodologie_2,FULL_direct_poly_rank_4,FULL_direct_poly_rank_4,polynomial,log_gap,/Users/hariderarako/Desktop/python/results/methodologie_2/reconstructed_parameters/from_z/full/FULL_direct_poly_rank_4_b_d_from_e_predictions.csv,best_by_method_FULL_methodologie_2_FULL_direct_poly_rank_4
55,0.0774879084948574,0.0331235275223448,0.9985219976789492,True,best_by_method,FULL,methodologie_2,FULL_direct_poly_rank_4,FULL_direct_poly_rank_4,polynomial,log_gap,/Users/hariderarako/Desktop/python/results/methodologie_2/reconstructed_parameters/from_z/full/FULL_direct_poly_rank_4_b_d_from_e_predictions.csv,best_by_method_FULL_methodologie_2_FULL_direct_poly_rank_4
56,0.0016971395180604,0.0011834177617827,0.9998463831000496,True,best_by_method,FULL,methodologie_2,FULL_direct_poly_rank_4,FULL_direct_poly_rank_4,polynomial,log_gap,/Users/hariderarako/Desktop/python/results/methodologie_2/reconstructed_parameters/from_z/full/FULL_direct_poly_rank_4_b_d_from_e_predictions.csv,best_by_method_FULL_methodologie_2_FULL_direct_poly_rank_4
57,0.0455689450006918,0.0265924018512924,0.9966831712895045,True,best_by_method,FULL,methodologie_2,FULL_direct_poly_rank_4,FULL_direct_poly_rank_4,polynomial,log_gap,/Users/hariderarako/Desktop/python/results/methodologie_2/reconstructed_parameters/from_z/full/FULL_direct_poly_rank_4_b_d_from_e_predictions.csv,best_by_method_FULL_methodologie_2_FULL_direct_poly_rank_4
58,0.1825973112737633,0.0966328823790987,0.993843724386993,True,best_by_method,FULL,methodologie_2,FULL_direct_poly_rank_4,FULL_direct_poly_rank_4,polynomial,log_gap,/Users/hariderarako/Desktop/python/results/methodologie_2/reconstructed_parameters/from_z/full/FULL_direct_poly_rank_4_b_d_from_e_predictions.csv,best_by_method_FULL_methodologie_2_FULL_direct_poly_rank_4
59,0.0126748239961783,0.0055748835422284,0.9844345057419376,True,best_by_method,FULL,methodologie_2,FULL_direct_poly_rank_4,FULL_direct_poly_rank_4,polynomial,log_gap,/Users/hariderarako/Desktop/python/results/methodologie_2/reconstructed_parameters/from_z/full/FULL_direct_poly_rank_4_b_d_from_e_predictions.csv,best_by_method_FULL_methodologie_2_FULL_direct_poly_rank_4
60,0.0022597427471011,0.0012829042304401,0.999994538216766,True,best_by_method,FULL,methodologie_2,FULL_direct_poly_rank_4,FULL_direct_poly_rank_4,polynomial,log_gap,/Users/hariderarako/Desktop/python/results/methodologie_2/reconstructed_parameters/from_z/full/FULL_direct_poly_rank_4_b_d_from_e_predictions.csv,best_by_method_FULL_methodologie_2_FULL_direct_poly_rank_4
61,0.0914496915545746,0.0559699547217073,0.999158113509827,True,best_by_method,FULL,methodologie_2,FULL_direct_poly_rank_4,FULL_direct_poly_rank_4,polynomial,log_gap,/Users/hariderarako/Desktop/python/results/methodologie_2/reconstructed_parameters/from_z/full/FULL_direct_poly_rank_4_b_d_from_e_predictions.csv,best_by_method_FULL_methodologie_2_FULL_direct_poly_rank_4
62,0.0076045495332127,0.0050408415048905,0.9985276658017266,True,best_by_method,FULL,methodologie_2,FULL_direct_poly_rank_4,FULL_direct_poly_rank_4,polynomial,log_gap,/Users/hariderarako/Desktop/python/results/methodologie_2/reconstructed_parameters/from_z/full/FULL_direct_poly_rank_4_b_d_from_e_predictions.csv,best_by_method_FULL_methodologie_2_FULL_direct_poly_rank_4
63,0.0101428710710907,0.0053506227663563,0.9998467705762292,True,best_by_method,FULL,methodologie_2,FULL_direct_poly_rank_4,FULL_direct_poly_rank_4,polynomial,log_gap,/Users/hariderarako/Desktop/python/results/methodologie_2/reconstructed_parameters/from_z/full/FULL_direct_poly_rank_4_b_d_from_e_predictions.csv,best_by_method_FULL_methodologie_2_FULL_direct_poly_rank_4
64,0.0639935729381618,0.0394697971154373,0.9995501124674192,True,best_by_method,FULL,methodologie_2,FULL_direct_poly_rank_4,FULL_direct_poly_rank_4,polynomial,log_gap,/Users/hariderarako/Desktop/python/results/methodologie_2/reconstructed_parameters/from_z/full/FULL_direct_poly_rank_4_b_d_from_e_predictions.csv,best_by_method_FULL_methodologie_2_FULL_direct_poly_rank_4
65,0.013951637469639,0.0100419959106765,0.9971573262523448,True,best_by_method,FULL,methodologie_2,FULL_direct_poly_rank_4,FULL_direct_poly_rank_4,polynomial,log_gap,/Users/hariderarako/Desktop/python/results/methodologie_2/reconstructed_parameters/from_z/full/FULL_direct_poly_rank_4_b_d_from_e_predictions.csv,best_by_method_FULL_methodologie_2_FULL_direct_poly_rank_4
66,0.0340226513158479,0.0155290591667717,0.9969529244415436,True,best_by_method,FULL,methodologie_2,FULL_direct_poly_rank_4,FULL_direct_poly_rank_4,polynomial,log_gap,/Users/hariderarako/Desktop/python/results/methodologie_2/reconstructed_parameters/from_z/full/FULL_direct_poly_rank_4_b_d_from_e_predictions.csv,best_by_method_FULL_methodologie_2_FULL_direct_poly_rank_4
67,0.0717182736593408,0.0412126535082675,0.9993664397793326,True,best_by_method,FULL,methodologie_2,FULL_direct_poly_rank_4,FULL_direct_poly_rank_4,polynomial,log_gap,/Users/hariderarako/Desktop/python/results/methodologie_2/reconstructed_parameters/from_z/full/FULL_direct_poly_rank_4_b_d_from_e_predictions.csv,best_by_method_FULL_methodologie_2_FULL_direct_poly_rank_4
68,0.0007863748332856,0.0005133758268096,0.999959461613478,True,best_by_method,FULL,methodologie_2,FULL_direct_poly_rank_4,FULL_direct_poly_rank_4,polynomial,log_gap,/Users/hariderarako/Desktop/python/results/methodologie_2/reconstructed_parameters/from_z/full/FULL_direct_poly_rank_4_b_d_from_e_predictions.csv,best_by_method_FULL_methodologie_2_FULL_direct_poly_rank_4
69,0.0115801763294909,0.0071822992632992,0.9998540266337508,True,best_by_method,FULL,methodologie_2,FULL_direct_poly_rank_4,FULL_direct_poly_rank_4,polynomial,log_gap,/Users/hariderarako/Desktop/python/results/methodologie_2/reconstructed_parameters/from_z/full/FULL_direct_poly_rank_4_b_d_from_e_predictions.csv,best_by_method_FULL_methodologie_2_FULL_direct_poly_rank_4
70,0.122147081635469,0.0728655508004702,0.998340685053357,True,best_by_method,FULL,methodologie_2,FULL_direct_poly_rank_4,FULL_direct_poly_rank_4,polynomial,log_gap,/Users/hariderarako/Desktop/python/results/methodologie_2/reconstructed_parameters/from_z/full/FULL_direct_poly_rank_4_b_d_from_e_predictions.csv,best_by_method_FULL_methodologie_2_FULL_direct_poly_rank_4
71,0.0015015810454173,0.0008302255466358,0.9998171554418442,True,best_by_method,FULL,methodologie_2,FULL_direct_poly_rank_4,FULL_direct_poly_rank_4,polynomial,log_gap,/Users/hariderarako/Desktop/python/results/methodologie_2/reconstructed_parameters/from_z/full/FULL_direct_poly_rank_4_b_d_from_e_predictions.csv,best_by_method_FULL_methodologie_2_FULL_direct_poly_rank_4
72,0.0502458315165337,0.0289554949420017,0.9948321521325733,True,best_by_method,FULL,methodologie_2,FULL_direct_poly_rank_4,FULL_direct_poly_rank_4,polynomial,log_gap,/Users/hariderarako/Desktop/python/results/methodologie_2/reconstructed_parameters/from_z/full/FULL_direct_poly_rank_4_b_d_from_e_predictions.csv,best_by_method_FULL_methodologie_2_FULL_direct_poly_rank_4
73,0.162290703817259,0.0875911534099387,0.9949780507271808,True,best_by_method,FULL,methodologie_2,FULL_direct_poly_rank_4,FULL_direct_poly_rank_4,polynomial,log_gap,/Users/hariderarako/Desktop/python/results/methodologie_2/reconstructed_parameters/from_z/full/FULL_direct_poly_rank_4_b_d_from_e_predictions.csv,best_by_method_FULL_methodologie_2_FULL_direct_poly_rank_4
74,0.0008793341280318,0.0005920189939391,0.9999271914317652,True,best_by_method,FULL,methodologie_2,FULL_direct_poly_rank_4,FULL_direct_poly_rank_4,polynomial,log_gap,/Users/hariderarako/Desktop/python/results/methodologie_2/reconstructed_parameters/from_z/full/FULL_direct_poly_rank_4_b_d_from_e_predictions.csv,best_by_method_FULL_methodologie_2_FULL_direct_poly_rank_4
75,0.0098242961035784,0.0044125307955158,0.999754146341686,True,best_by_method,FULL,methodologie_2,FULL_direct_poly_rank_4,FULL_direct_poly_rank_4,polynomial,log_gap,/Users/hariderarako/Desktop/python/results/methodologie_2/reconstructed_parameters/from_z/full/FULL_direct_poly_rank_4_b_d_from_e_predictions.csv,best_by_method_FULL_methodologie_2_FULL_direct_poly_rank_4
76,0.1471987204547543,0.0823733365822249,0.998328268245858,True,best_by_method,FULL,methodologie_2,FULL_direct_poly_rank_4,FULL_direct_poly_rank_4,polynomial,log_gap,/Users/hariderarako/Desktop/python/results/methodologie_2/reconstructed_parameters/from_z/full/FULL_direct_poly_rank_4_b_d_from_e_predictions.csv,best_by_method_FULL_methodologie_2_FULL_direct_poly_rank_4
77,0.0005613911563487,0.0003468417416637,0.9999824558474408,True,best_by_method,FULL,methodologie_2,FULL_direct_poly_rank_4,FULL_direct_poly_rank_4,polynomial,log_gap,/Users/hariderarako/Desktop/python/results/methodologie_2/reconstructed_parameters/from_z/full/FULL_direct_poly_rank_4_b_d_from_e_predictions.csv,best_by_method_FULL_methodologie_2_FULL_direct_poly_rank_4
78,0.0003782191458162,0.0002375422877471,0.9999997581471808,True,best_by_method,FULL,methodologie_2,FULL_direct_poly_rank_4,FULL_direct_poly_rank_4,polynomial,log_gap,/Users/hariderarako/Desktop/python/results/methodologie_2/reconstructed_parameters/from_z/full/FULL_direct_poly_rank_4_b_d_from_e_predictions.csv,best_by_method_FULL_methodologie_2_FULL_direct_poly_rank_4
79,0.1286031016024491,0.0731383993515569,0.9975434699737656,True,best_by_method,FULL,methodologie_2,FULL_direct_poly_rank_4,FULL_direct_poly_rank_4,polynomial,log_gap,/Users/hariderarako/Desktop/python/results/methodologie_2/reconstructed_parameters/from_z/full/FULL_direct_poly_rank_4_b_d_from_e_predictions.csv,best_by_method_FULL_methodologie_2_FULL_direct_poly_rank_4
80,0.0116548048333275,0.0068026109304217,0.9950187739159256,True,best_by_method,FULL,methodologie_2,FULL_direct_poly_rank_4,FULL_direct_poly_rank_4,polynomial,log_gap,/Users/hariderarako/Desktop/python/results/methodologie_2/reconstructed_parameters/from_z/full/FULL_direct_poly_rank_4_b_d_from_e_predictions.csv,best_by_method_FULL_methodologie_2_FULL_direct_poly_rank_4
81,0.002035482954348,0.0010026280258282,0.9999870560040476,True,best_by_method,FULL,methodologie_2,FULL_direct_poly_rank_4,FULL_direct_poly_rank_4,polynomial,log_gap,/Users/hariderarako/Desktop/python/results/methodologie_2/reconstructed_parameters/from_z/full/FULL_direct_poly_rank_4_b_d_from_e_predictions.csv,best_by_method_FULL_methodologie_2_FULL_direct_poly_rank_4
82,0.1629444124005216,0.0589708482366828,0.9884402820228244,True,best_by_method,FULL,methodologie_2,FULL_direct_poly_rank_4,FULL_direct_poly_rank_4,polynomial,log_gap,/Users/hariderarako/Desktop/python/results/methodologie_2/reconstructed_parameters/from_z/full/FULL_direct_poly_rank_4_b_d_from_e_predictions.csv,best_by_method_FULL_methodologie_2_FULL_direct_poly_rank_4
83,0.00079500548841,0.0004789173829605,0.9999417854551932,True,best_by_method,FULL,methodologie_2,FULL_direct_poly_rank_4,FULL_direct_poly_rank_4,polynomial,log_gap,/Users/hariderarako/Desktop/python/results/methodologie_2/reconstructed_parameters/from_z/full/FULL_direct_poly_rank_4_b_d_from_e_predictions.csv,best_by_method_FULL_methodologie_2_FULL_direct_poly_rank_4
84,0.0185939242172528,0.0113348727934922,0.999546590273936,True,best_by_method,FULL,methodologie_2,FULL_direct_poly_rank_4,FULL_direct_poly_rank_4,polynomial,log_gap,/Users/hariderarako/Desktop/python/results/methodologie_2/reconstructed_parameters/from_z/full/FULL_direct_poly_rank_4_b_d_from_e_predictions.csv,best_by_method_FULL_methodologie_2_FULL_direct_poly_rank_4
85,0.0950716314029294,0.0348866858405354,0.9969161263416294,True,best_by_method,FULL,methodologie_2,FULL_direct_poly_rank_4,FULL_direct_poly_rank_4,polynomial,log_gap,/Users/hariderarako/Desktop/python/results/methodologie_2/reconstructed_parameters/from_z/full/FULL_direct_poly_rank_4_b_d_from_e_predictions.csv,best_by_method_FULL_methodologie_2_FULL_direct_poly_rank_4
86,0.0042818702765637,0.0026176643186963,0.9977033554469952,True,best_by_method,FULL,methodologie_2,FULL_direct_poly_rank_4,FULL_direct_poly_rank_4,polynomial,log_gap,/Users/hariderarako/Desktop/python/results/methodologie_2/reconstructed_parameters/from_z/full/FULL_direct_poly_rank_4_b_d_from_e_predictions.csv,best_by_method_FULL_methodologie_2_FULL_direct_poly_rank_4
87,0.0159725011780695,0.0096823953021245,0.9994965914962994,True,best_by_method,FULL,methodologie_2,FULL_direct_poly_rank_4,FULL_direct_poly_rank_4,polynomial,log_gap,/Users/hariderarako/Desktop/python/results/methodologie_2/reconstructed_parameters/from_z/full/FULL_direct_poly_rank_4_b_d_from_e_predictions.csv,best_by_method_FULL_methodologie_2_FULL_direct_poly_rank_4
89,0.0014684275977347,0.0009778663873814,0.9997609326656944,True,best_by_method,FULL,methodologie_2,FULL_direct_poly_rank_4,FULL_direct_poly_rank_4,polynomial,log_gap,/Users/hariderarako/Desktop/python/results/methodologie_2/reconstructed_parameters/from_z/full/FULL_direct_poly_rank_4_b_d_from_e_predictions.csv,best_by_method_FULL_methodologie_2_FULL_direct_poly_rank_4
90,0.0029644906153721,0.0012235417359995,0.9999725290971616,True,best_by_method,FULL,methodologie_2,FULL_direct_poly_rank_4,FULL_direct_poly_rank_4,polynomial,log_gap,/Users/hariderarako/Desktop/python/results/methodologie_2/reconstructed_parameters/from_z/full/FULL_direct_poly_rank_4_b_d_from_e_predictions.csv,best_by_method_FULL_methodologie_2_FULL_direct_poly_rank_4
91,0.0200454349760995,0.0120649258990571,0.9999466664962722,True,best_by_method,FULL,methodologie_2,FULL_direct_poly_rank_4,FULL_direct_poly_rank_4,polynomial,log_gap,/Users/hariderarako/Desktop/python/results/methodologie_2/reconstructed_parameters/from_z/full/FULL_direct_poly_rank_4_b_d_from_e_predictions.csv,best_by_method_FULL_methodologie_2_FULL_direct_poly_rank_4
92,0.0154212552008798,0.0080220364512847,0.9743951586733294,True,best_by_method,FULL,methodologie_2,FULL_direct_poly_rank_4,FULL_direct_poly_rank_4,polynomial,log_gap,/Users/hariderarako/Desktop/python/results/methodologie_2/reconstructed_parameters/from_z/full/FULL_direct_poly_rank_4_b_d_from_e_predictions.csv,best_by_method_FULL_methodologie_2_FULL_direct_poly_rank_4
93,0.0047355986160306,0.0017699548199617,0.9999258072638288,True,best_by_method,FULL,methodologie_2,FULL_direct_poly_rank_4,FULL_direct_poly_rank_4,polynomial,log_gap,/Users/hariderarako/Desktop/python/results/methodologie_2/reconstructed_parameters/from_z/full/FULL_direct_poly_rank_4_b_d_from_e_predictions.csv,best_by_method_FULL_methodologie_2_FULL_direct_poly_rank_4
94,0.0669113704700717,0.0398981886887518,0.9995018552148972,True,best_by_method,FULL,methodologie_2,FULL_direct_poly_rank_4,FULL_direct_poly_rank_4,polynomial,log_gap,/Users/hariderarako/Desktop/python/results/methodologie_2/reconstructed_parameters/from_z/full/FULL_direct_poly_rank_4_b_d_from_e_predictions.csv,best_by_method_FULL_methodologie_2_FULL_direct_poly_rank_4
95,0.0032262695624086,0.0019810169521881,0.9996403898204038,True,best_by_method,FULL,methodologie_2,FULL_direct_poly_rank_4,FULL_direct_poly_rank_4,polynomial,log_gap,/Users/hariderarako/Desktop/python/results/methodologie_2/reconstructed_parameters/from_z/full/FULL_direct_poly_rank_4_b_d_from_e_predictions.csv,best_by_method_FULL_methodologie_2_FULL_direct_poly_rank_4
96,0.0453903897042403,0.0257200180464322,0.9965092879843412,True,best_by_method,FULL,methodologie_2,FULL_direct_poly_rank_4,FULL_direct_poly_rank_4,polynomial,log_gap,/Users/hariderarako/Desktop/python/results/methodologie_2/reconstructed_parameters/from_z/full/FULL_direct_poly_rank_4_b_d_from_e_predictions.csv,best_by_method_FULL_methodologie_2_FULL_direct_poly_rank_4
97,0.1826751442836196,0.1066526923405505,0.9944702258530372,True,best_by_method,FULL,methodologie_2,FULL_direct_poly_rank_4,FULL_direct_poly_rank_4,polynomial,log_gap,/Users/hariderarako/Desktop/python/results/methodologie_2/reconstructed_parameters/from_z/full/FULL_direct_poly_rank_4_b_d_from_e_predictions.csv,best_by_method_FULL_methodologie_2_FULL_direct_poly_rank_4
98,0.009351692418153,0.0056124979176994,0.9983763910963916,True,best_by_method,FULL,methodologie_2,FULL_direct_poly_rank_4,FULL_direct_poly_rank_4,polynomial,log_gap,/Users/hariderarako/Desktop/python/results/methodologie_2/reconstructed_parameters/from_z/full/FULL_direct_poly_rank_4_b_d_from_e_predictions.csv,best_by_method_FULL_methodologie_2_FULL_direct_poly_rank_4
99,0.049251107643943,0.0290597403312422,0.9954239503608212,True,best_by_method,FULL,methodologie_2,FULL_direct_poly_rank_4,FULL_direct_poly_rank_4,polynomial,log_gap,/Users/hariderarako/Desktop/python/results/methodologie_2/reconstructed_parameters/from_z/full/FULL_direct_poly_rank_4_b_d_from_e_predictions.csv,best_by_method_FULL_methodologie_2_FULL_direct_poly_rank_4
100,0.1487656657254163,0.0763037888219438,0.996142316904822,True,best_by_method,FULL,methodologie_2,FULL_direct_poly_rank_4,FULL_direct_poly_rank_4,polynomial,log_gap,/Users/hariderarako/Desktop/python/results/methodologie_2/reconstructed_parameters/from_z/full/FULL_direct_poly_rank_4_b_d_from_e_predictions.csv,best_by_method_FULL_methodologie_2_FULL_direct_poly_rank_4
101,0.0115887871764474,0.0068741259580349,0.9967669802688712,True,best_by_method,FULL,methodologie_2,FULL_direct_poly_rank_4,FULL_direct_poly_rank_4,polynomial,log_gap,/Users/hariderarako/Desktop/python/results/methodologie_2/reconstructed_parameters/from_z/full/FULL_direct_poly_rank_4_b_d_from_e_predictions.csv,best_by_method_FULL_methodologie_2_FULL_direct_poly_rank_4
102,0.0425100487958207,0.0220366495974914,0.996099965441652,True,best_by_method,FULL,methodologie_2,FULL_direct_poly_rank_4,FULL_direct_poly_rank_4,polynomial,log_gap,/Users/hariderarako/Desktop/python/results/methodologie_2/reconstructed_parameters/from_z/full/FULL_direct_poly_rank_4_b_d_from_e_predictions.csv,best_by_method_FULL_methodologie_2_FULL_direct_poly_rank_4
103,0.0145929636676325,0.006043763012869,0.9999489877051244,True,best_by_method,FULL,methodologie_2,FULL_direct_poly_rank_4,FULL_direct_poly_rank_4,polynomial,log_gap,/Users/hariderarako/Desktop/python/results/methodologie_2/reconstructed_parameters/from_z/full/FULL_direct_poly_rank_4_b_d_from_e_predictions.csv,best_by_method_FULL_methodologie_2_FULL_direct_poly_rank_4
104,0.0008241630874275,0.0005752594748728,0.9999157113483368,True,best_by_method,FULL,methodologie_2,FULL_direct_poly_rank_4,FULL_direct_poly_rank_4,polynomial,log_gap,/Users/hariderarako/Desktop/python/results/methodologie_2/reconstructed_parameters/from_z/full/FULL_direct_poly_rank_4_b_d_from_e_predictions.csv,best_by_method_FULL_methodologie_2_FULL_direct_poly_rank_4
105,0.0242385480889627,0.0108758701371176,0.9965151226076554,True,best_by_method,FULL,methodologie_2,FULL_direct_poly_rank_4,FULL_direct_poly_rank_4,polynomial,log_gap,/Users/hariderarako/Desktop/python/results/methodologie_2/reconstructed_parameters/from_z/full/FULL_direct_poly_rank_4_b_d_from_e_predictions.csv,best_by_method_FULL_methodologie_2_FULL_direct_poly_rank_4
106,0.0228724237781167,0.0115673446641122,0.9998691478870122,True,best_by_method,FULL,methodologie_2,FULL_direct_poly_rank_4,FULL_direct_poly_rank_4,polynomial,log_gap,/Users/hariderarako/Desktop/python/results/methodologie_2/reconstructed_parameters/from_z/full/FULL_direct_poly_rank_4_b_d_from_e_predictions.csv,best_by_method_FULL_methodologie_2_FULL_direct_poly_rank_4
107,0.0040262397651013,0.0023605217451814,0.9989866654497908,True,best_by_method,FULL,methodologie_2,FULL_direct_poly_rank_4,FULL_direct_poly_rank_4,polynomial,log_gap,/Users/hariderarako/Desktop/python/results/methodologie_2/reconstructed_parameters/from_z/full/FULL_direct_poly_rank_4_b_d_from_e_predictions.csv,best_by_method_FULL_methodologie_2_FULL_direct_poly_rank_4
108,0.0096981997556529,0.0049221745183724,0.999754304671231,True,best_by_method,FULL,methodologie_2,FULL_direct_poly_rank_4,FULL_direct_poly_rank_4,polynomial,log_gap,/Users/hariderarako/Desktop/python/results/methodologie_2/reconstructed_parameters/from_z/full/FULL_direct_poly_rank_4_b_d_from_e_predictions.csv,best_by_method_FULL_methodologie_2_FULL_direct_poly_rank_4
109,0.0522922612537167,0.020334452901527,0.9990336905126088,True,best_by_method,FULL,methodologie_2,FULL_direct_poly_rank_4,FULL_direct_poly_rank_4,polynomial,log_gap,/Users/hariderarako/Desktop/python/results/methodologie_2/reconstructed_parameters/from_z/full/FULL_direct_poly_rank_4_b_d_from_e_predictions.csv,best_by_method_FULL_methodologie_2_FULL_direct_poly_rank_4
110,0.0080316118662172,0.0045057628893765,0.9981662988301436,True,best_by_method,FULL,methodologie_2,FULL_direct_poly_rank_4,FULL_direct_poly_rank_4,polynomial,log_gap,/Users/hariderarako/Desktop/python/results/methodologie_2/reconstructed_parameters/from_z/full/FULL_direct_poly_rank_4_b_d_from_e_predictions.csv,best_by_method_FULL_methodologie_2_FULL_direct_poly_rank_4
111,0.017973316174489,0.0091438816318319,0.9994377397653896,True,best_by_method,FULL,methodologie_2,FULL_direct_poly_rank_4,FULL_direct_poly_rank_4,polynomial,log_gap,/Users/hariderarako/Desktop/python/results/methodologie_2/reconstructed_parameters/from_z/full/FULL_direct_poly_rank_4_b_d_from_e_predictions.csv,best_by_method_FULL_methodologie_2_FULL_direct_poly_rank_4
112,0.1111793952154841,0.0439780307079036,0.9970130079032156,True,best_by_method,FULL,methodologie_2,FULL_direct_poly_rank_4,FULL_direct_poly_rank_4,polynomial,log_gap,/Users/hariderarako/Desktop/python/results/methodologie_2/reconstructed_parameters/from_z/full/FULL_direct_poly_rank_4_b_d_from_e_predictions.csv,best_by_method_FULL_methodologie_2_FULL_direct_poly_rank_4
113,0.0005707213127768,0.0003091311525325,0.9999601276563836,True,best_by_method,FULL,methodologie_2,FULL_direct_poly_rank_4,FULL_direct_poly_rank_4,polynomial,log_gap,/Users/hariderarako/Desktop/python/results/methodologie_2/reconstructed_parameters/from_z/full/FULL_direct_poly_rank_4_b_d_from_e_predictions.csv,best_by_method_FULL_methodologie_2_FULL_direct_poly_rank_4
114,0.0474755476231592,0.0250949729052337,0.9941002821852248,True,best_by_method,FULL,methodologie_2,FULL_direct_poly_rank_4,FULL_direct_poly_rank_4,polynomial,log_gap,/Users/hariderarako/Desktop/python/results/methodologie_2/reconstructed_parameters/from_z/full/FULL_direct_poly_rank_4_b_d_from_e_predictions.csv,best_by_method_FULL_methodologie_2_FULL_direct_poly_rank_4
115,0.1189211937855449,0.072991558046855,0.9980399690529926,True,best_by_method,FULL,methodologie_2,FULL_direct_poly_rank_4,FULL_direct_poly_rank_4,polynomial,log_gap,/Users/hariderarako/Desktop/python/results/methodologie_2/reconstructed_parameters/from_z/full/FULL_direct_poly_rank_4_b_d_from_e_predictions.csv,best_by_method_FULL_methodologie_2_FULL_direct_poly_rank_4
116,0.0166924151997146,0.0096126501737647,0.99144816209465,True,best_by_method,FULL,methodologie_2,FULL_direct_poly_rank_4,FULL_direct_poly_rank_4,polynomial,log_gap,/Users/hariderarako/Desktop/python/results/methodologie_2/reconstructed_parameters/from_z/full/FULL_direct_poly_rank_4_b_d_from_e_predictions.csv,best_by_method_FULL_methodologie_2_FULL_direct_poly_rank_4
117,0.0246724074417481,0.012332715425718,0.9983417482240527,True,best_by_method,FULL,methodologie_2,FULL_direct_poly_rank_4,FULL_direct_poly_rank_4,polynomial,log_gap,/Users/hariderarako/Desktop/python/results/methodologie_2/reconstructed_parameters/from_z/full/FULL_direct_poly_rank_4_b_d_from_e_predictions.csv,best_by_method_FULL_methodologie_2_FULL_direct_poly_rank_4
118,0.1490570219971608,0.0725661385788649,0.994647191164462,True,best_by_method,FULL,methodologie_2,FULL_direct_poly_rank_4,FULL_direct_poly_rank_4,polynomial,log_gap,/Users/hariderarako/Desktop/python/results/methodologie_2/reconstructed_parameters/from_z/full/FULL_direct_poly_rank_4_b_d_from_e_predictions.csv,best_by_method_FULL_methodologie_2_FULL_direct_poly_rank_4
119,0.0456028436780481,0.0265307122086087,0.9241567690328776,True,best_by_method,FULL,methodologie_2,FULL_direct_poly_rank_4,FULL_direct_poly_rank_4,polynomial,log_gap,/Users/hariderarako/Desktop/python/results/methodologie_2/reconstructed_parameters/from_z/full/FULL_direct_poly_rank_4_b_d_from_e_predictions.csv,best_by_method_FULL_methodologie_2_FULL_direct_poly_rank_4
120,0.0147546395735127,0.0079108673161744,0.9995343526669838,True,best_by_method,FULL,methodologie_2,FULL_direct_poly_rank_4,FULL_direct_poly_rank_4,polynomial,log_gap,/Users/hariderarako/Desktop/python/results/methodologie_2/reconstructed_parameters/from_z/full/FULL_direct_poly_rank_4_b_d_from_e_predictions.csv,best_by_method_FULL_methodologie_2_FULL_direct_poly_rank_4
121,0.1082442651647279,0.0539292435593541,0.9969328198667912,True,best_by_method,FULL,methodologie_2,FULL_direct_poly_rank_4,FULL_direct_poly_rank_4,polynomial,log_gap,/Users/hariderarako/Desktop/python/results/methodologie_2/reconstructed_parameters/from_z/full/FULL_direct_poly_rank_4_b_d_from_e_predictions.csv,best_by_method_FULL_methodologie_2_FULL_direct_poly_rank_4
122,0.004549513631113,0.0028617114410756,0.99975693528344,True,best_by_method,FULL,methodologie_2,FULL_direct_poly_rank_4,FULL_direct_poly_rank_4,polynomial,log_gap,/Users/hariderarako/Desktop/python/results/methodologie_2/reconstructed_parameters/from_z/full/FULL_direct_poly_rank_4_b_d_from_e_predictions.csv,best_by_method_FULL_methodologie_2_FULL_direct_poly_rank_4
123,0.0496586409662323,0.0311536499854187,0.9967080222430876,True,best_by_method,FULL,methodologie_2,FULL_direct_poly_rank_4,FULL_direct_poly_rank_4,polynomial,log_gap,/Users/hariderarako/Desktop/python/results/methodologie_2/reconstructed_parameters/from_z/full/FULL_direct_poly_rank_4_b_d_from_e_predictions.csv,best_by_method_FULL_methodologie_2_FULL_direct_poly_rank_4
124,0.1259501155481993,0.0588804998359751,0.995950367561305,True,best_by_method,FULL,methodologie_2,FULL_direct_poly_rank_4,FULL_direct_poly_rank_4,polynomial,log_gap,/Users/hariderarako/Desktop/python/results/methodologie_2/reconstructed_parameters/from_z/full/FULL_direct_poly_rank_4_b_d_from_e_predictions.csv,best_by_method_FULL_methodologie_2_FULL_direct_poly_rank_4
125,0.0078127170630819,0.0042661245373812,0.9945616480271046,True,best_by_method,FULL,methodologie_2,FULL_direct_poly_rank_4,FULL_direct_poly_rank_4,polynomial,log_gap,/Users/hariderarako/Desktop/python/results/methodologie_2/reconstructed_parameters/from_z/full/FULL_direct_poly_rank_4_b_d_from_e_predictions.csv,best_by_method_FULL_methodologie_2_FULL_direct_poly_rank_4
126,0.0257764802108541,0.011122441838877,0.9981265903017168,True,best_by_method,FULL,methodologie_2,FULL_direct_poly_rank_4,FULL_direct_poly_rank_4,polynomial,log_gap,/Users/hariderarako/Desktop/python/results/methodologie_2/reconstructed_parameters/from_z/full/FULL_direct_poly_rank_4_b_d_from_e_predictions.csv,best_by_method_FULL_methodologie_2_FULL_direct_poly_rank_4
127,0.118665958419861,0.0723314979102989,0.998475885790311,True,best_by_method,FULL,methodologie_2,FULL_direct_poly_rank_4,FULL_direct_poly_rank_4,polynomial,log_gap,/Users/hariderarako/Desktop/python/results/methodologie_2/reconstructed_parameters/from_z/full/FULL_direct_poly_rank_4_b_d_from_e_predictions.csv,best_by_method_FULL_methodologie_2_FULL_direct_poly_rank_4
128,0.0022111125123751,0.0015205757947863,0.9999179976462544,True,best_by_method,FULL,methodologie_2,FULL_direct_poly_rank_4,FULL_direct_poly_rank_4,polynomial,log_gap,/Users/hariderarako/Desktop/python/results/methodologie_2/reconstructed_parameters/from_z/full/FULL_direct_poly_rank_4_b_d_from_e_predictions.csv,best_by_method_FULL_methodologie_2_FULL_direct_poly_rank_4
129,0.0589268100529527,0.0334732075864513,0.9948847035298444,True,best_by_method,FULL,methodologie_2,FULL_direct_poly_rank_4,FULL_direct_poly_rank_4,polynomial,log_gap,/Users/hariderarako/Desktop/python/results/methodologie_2/reconstructed_parameters/from_z/full/FULL_direct_poly_rank_4_b_d_from_e_predictions.csv,best_by_method_FULL_methodologie_2_FULL_direct_poly_rank_4
130,0.0927440076907089,0.0564211788446624,0.9991528866815492,True,best_by_method,FULL,methodologie_2,FULL_direct_poly_rank_4,FULL_direct_poly_rank_4,polynomial,log_gap,/Users/hariderarako/Desktop/python/results/methodologie_2/reconstructed_parameters/from_z/full/FULL_direct_poly_rank_4_b_d_from_e_predictions.csv,best_by_method_FULL_methodologie_2_FULL_direct_poly_rank_4
131,0.0010929999693043,0.0007508260612861,0.999894457602398,True,best_by_method,FULL,methodologie_2,FULL_direct_poly_rank_4,FULL_direct_poly_rank_4,polynomial,log_gap,/Users/hariderarako/Desktop/python/results/methodologie_2/reconstructed_parameters/from_z/full/FULL_direct_poly_rank_4_b_d_from_e_predictions.csv,best_by_method_FULL_methodologie_2_FULL_direct_poly_rank_4
132,0.0441613852933998,0.0245198391843957,0.9947969874468414,True,best_by_method,FULL,methodologie_2,FULL_direct_poly_rank_4,FULL_direct_poly_rank_4,polynomial,log_gap,/Users/hariderarako/Desktop/python/results/methodologie_2/reconstructed_parameters/from_z/full/FULL_direct_poly_rank_4_b_d_from_e_predictions.csv,best_by_method_FULL_methodologie_2_FULL_direct_poly_rank_4
133,0.0303050597118475,0.0124837196684179,0.999689762945858,True,best_by_method,FULL,methodologie_2,FULL_direct_poly_rank_4,FULL_direct_poly_rank_4,polynomial,log_gap,/Users/hariderarako/Desktop/python/results/methodologie_2/reconstructed_parameters/from_z/full/FULL_direct_poly_rank_4_b_d_from_e_predictions.csv,best_by_method_FULL_methodologie_2_FULL_direct_poly_rank_4
134,0.0032349719201738,0.0016137688408358,0.9990521502746929,True,best_by_method,FULL,methodologie_2,FULL_direct_poly_rank_4,FULL_direct_poly_rank_4,polynomial,log_gap,/Users/hariderarako/Desktop/python/results/methodologie_2/reconstructed_parameters/from_z/full/FULL_direct_poly_rank_4_b_d_from_e_predictions.csv,best_by_method_FULL_methodologie_2_FULL_direct_poly_rank_4
135,0.0352383009302239,0.0155579631244566,0.9968087927223918,True,best_by_method,FULL,methodologie_2,FULL_direct_poly_rank_4,FULL_direct_poly_rank_4,polynomial,log_gap,/Users/hariderarako/Desktop/python/results/methodologie_2/reconstructed_parameters/from_z/full/FULL_direct_poly_rank_4_b_d_from_e_predictions.csv,best_by_method_FULL_methodologie_2_FULL_direct_poly_rank_4
136,0.0801435292812066,0.0490157798265314,0.9992170061519048,True,best_by_method,FULL,methodologie_2,FULL_direct_poly_rank_4,FULL_direct_poly_rank_4,polynomial,log_gap,/Users/hariderarako/Desktop/python/results/methodologie_2/reconstructed_parameters/from_z/full/FULL_direct_poly_rank_4_b_d_from_e_predictions.csv,best_by_method_FULL_methodologie_2_FULL_direct_poly_rank_4
137,0.0036530004468943,0.0022697743755442,0.9990347790940172,True,best_by_method,FULL,methodologie_2,FULL_direct_poly_rank_4,FULL_direct_poly_rank_4,polynomial,log_gap,/Users/hariderarako/Desktop/python/results/methodologie_2/reconstructed_parameters/from_z/full/FULL_direct_poly_rank_4_b_d_from_e_predictions.csv,best_by_method_FULL_methodologie_2_FULL_direct_poly_rank_4
138,0.0209929167592294,0.0118161448105752,0.999349638130868,True,best_by_method,FULL,methodologie_2,FULL_direct_poly_rank_4,FULL_direct_poly_rank_4,polynomial,log_gap,/Users/hariderarako/Desktop/python/results/methodologie_2/reconstructed_parameters/from_z/full/FULL_direct_poly_rank_4_b_d_from_e_predictions.csv,best_by_method_FULL_methodologie_2_FULL_direct_poly_rank_4
139,0.059541677922382,0.0319837981100738,0.999623167222088,True,best_by_method,FULL,methodologie_2,FULL_direct_poly_rank_4,FULL_direct_poly_rank_4,polynomial,log_gap,/Users/hariderarako/Desktop/python/results/methodologie_2/reconstructed_parameters/from_z/full/FULL_direct_poly_rank_4_b_d_from_e_predictions.csv,best_by_method_FULL_methodologie_2_FULL_direct_poly_rank_4
140,0.0025448839764184,0.002005446816022,0.9997207052872394,True,best_by_method,FULL,methodologie_2,FULL_direct_poly_rank_4,FULL_direct_poly_rank_4,polynomial,log_gap,/Users/hariderarako/Desktop/python/results/methodologie_2/reconstructed_parameters/from_z/full/FULL_direct_poly_rank_4_b_d_from_e_predictions.csv,best_by_method_FULL_methodologie_2_FULL_direct_poly_rank_4
141,0.0217257205644384,0.0122697739994429,0.999190461913392,True,best_by_method,FULL,methodologie_2,FULL_direct_poly_rank_4,FULL_direct_poly_rank_4,polynomial,log_gap,/Users/hariderarako/Desktop/python/results/methodologie_2/reconstructed_parameters/from_z/full/FULL_direct_poly_rank_4_b_d_from_e_predictions.csv,best_by_method_FULL_methodologie_2_FULL_direct_poly_rank_4
142,0.4042287427322658,0.1806165203752235,0.9711682916357932,True,best_by_method,FULL,methodologie_2,FULL_direct_poly_rank_4,FULL_direct_poly_rank_4,polynomial,log_gap,/Users/hariderarako/Desktop/python/results/methodologie_2/reconstructed_parameters/from_z/full/FULL_direct_poly_rank_4_b_d_from_e_predictions.csv,best_by_method_FULL_methodologie_2_FULL_direct_poly_rank_4
143,0.002591079185091,0.0014280592607177,0.9989332288425182,True,best_by_method,FULL,methodologie_2,FULL_direct_poly_rank_4,FULL_direct_poly_rank_4,polynomial,log_gap,/Users/hariderarako/Desktop/python/results/methodologie_2/reconstructed_parameters/from_z/full/FULL_direct_poly_rank_4_b_d_from_e_predictions.csv,best_by_method_FULL_methodologie_2_FULL_direct_poly_rank_4
144,0.0429856061102563,0.0208906431911035,0.9949263142805777,True,best_by_method,FULL,methodologie_2,FULL_direct_poly_rank_4,FULL_direct_poly_rank_4,polynomial,log_gap,/Users/hariderarako/Desktop/python/results/methodologie_2/reconstructed_parameters/from_z/full/FULL_direct_poly_rank_4_b_d_from_e_predictions.csv,best_by_method_FULL_methodologie_2_FULL_direct_poly_rank_4
145,0.0745967983734604,0.0430997722960488,0.9992356961656864,True,best_by_method,FULL,methodologie_2,FULL_direct_poly_rank_4,FULL_direct_poly_rank_4,polynomial,log_gap,/Users/hariderarako/Desktop/python/results/methodologie_2/reconstructed_parameters/from_z/full/FULL_direct_poly_rank_4_b_d_from_e_predictions.csv,best_by_method_FULL_methodologie_2_FULL_direct_poly_rank_4
146,0.0088557320973972,0.003895996700576,0.9845609925588488,True,best_by_method,FULL,methodologie_2,FULL_direct_poly_rank_4,FULL_direct_poly_rank_4,polynomial,log_gap,/Users/hariderarako/Desktop/python/results/methodologie_2/reconstructed_parameters/from_z/full/FULL_direct_poly_rank_4_b_d_from_e_predictions.csv,best_by_method_FULL_methodologie_2_FULL_direct_poly_rank_4
147,0.0044969557260966,0.0028593610047996,0.99997059254387,True,best_by_method,FULL,methodologie_2,FULL_direct_poly_rank_4,FULL_direct_poly_rank_4,polynomial,log_gap,/Users/hariderarako/Desktop/python/results/methodologie_2/reconstructed_parameters/from_z/full/FULL_direct_poly_rank_4_b_d_from_e_predictions.csv,best_by_method_FULL_methodologie_2_FULL_direct_poly_rank_4
148,0.0106769367468209,0.0060271269073461,0.9999860280435928,True,best_by_method,FULL,methodologie_2,FULL_direct_poly_rank_4,FULL_direct_poly_rank_4,polynomial,log_gap,/Users/hariderarako/Desktop/python/results/methodologie_2/reconstructed_parameters/from_z/full/FULL_direct_poly_rank_4_b_d_from_e_predictions.csv,best_by_method_FULL_methodologie_2_FULL_direct_poly_rank_4
149,0.0006628785867009,0.0004098637235783,0.999979383455469,True,best_by_method,FULL,methodologie_2,FULL_direct_poly_rank_4,FULL_direct_poly_rank_4,polynomial,log_gap,/Users/hariderarako/Desktop/python/results/methodologie_2/reconstructed_parameters/from_z/full/FULL_direct_poly_rank_4_b_d_from_e_predictions.csv,best_by_method_FULL_methodologie_2_FULL_direct_poly_rank_4
150,0.0520617640605022,0.0274461447585586,0.99442985221186,True,best_by_method,FULL,methodologie_2,FULL_direct_poly_rank_4,FULL_direct_poly_rank_4,polynomial,log_gap,/Users/hariderarako/Desktop/python/results/methodologie_2/reconstructed_parameters/from_z/full/FULL_direct_poly_rank_4_b_d_from_e_predictions.csv,best_by_method_FULL_methodologie_2_FULL_direct_poly_rank_4
151,0.0787967791841415,0.0360416511078335,0.9989055420386465,True,best_by_method,FULL,methodologie_2,FULL_direct_poly_rank_4,FULL_direct_poly_rank_4,polynomial,log_gap,/Users/hariderarako/Desktop/python/results/methodologie_2/reconstructed_parameters/from_z/full/FULL_direct_poly_rank_4_b_d_from_e_predictions.csv,best_by_method_FULL_methodologie_2_FULL_direct_poly_rank_4
152,0.0041410931692873,0.00264094214313,0.9988862456677308,True,best_by_method,FULL,methodologie_2,FULL_direct_poly_rank_4,FULL_direct_poly_rank_4,polynomial,log_gap,/Users/hariderarako/Desktop/python/results/methodologie_2/reconstructed_parameters/from_z/full/FULL_direct_poly_rank_4_b_d_from_e_predictions.csv,best_by_method_FULL_methodologie_2_FULL_direct_poly_rank_4
153,0.0094873110999808,0.005589002402891,0.9998457416600238,True,best_by_method,FULL,methodologie_2,FULL_direct_poly_rank_4,FULL_direct_poly_rank_4,polynomial,log_gap,/Users/hariderarako/Desktop/python/results/methodologie_2/reconstructed_parameters/from_z/full/FULL_direct_poly_rank_4_b_d_from_e_predictions.csv,best_by_method_FULL_methodologie_2_FULL_direct_poly_rank_4
154,0.1898257805422119,0.0752560920657077,0.9885297083848288,True,best_by_method,FULL,methodologie_2,FULL_direct_poly_rank_4,FULL_direct_poly_rank_4,polynomial,log_gap,/Users/hariderarako/Desktop/python/results/methodologie_2/reconstructed_parameters/from_z/full/FULL_direct_poly_rank_4_b_d_from_e_predictions.csv,best_by_method_FULL_methodologie_2_FULL_direct_poly_rank_4
155,0.0016516967645172,0.0010697501299988,0.9996912083512678,True,best_by_method,FULL,methodologie_2,FULL_direct_poly_rank_4,FULL_direct_poly_rank_4,polynomial,log_gap,/Users/hariderarako/Desktop/python/results/methodologie_2/reconstructed_parameters/from_z/full/FULL_direct_poly_rank_4_b_d_from_e_predictions.csv,best_by_method_FULL_methodologie_2_FULL_direct_poly_rank_4
156,0.0184003912394607,0.0094162105303767,0.9991599049098914,True,best_by_method,FULL,methodologie_2,FULL_direct_poly_rank_4,FULL_direct_poly_rank_4,polynomial,log_gap,/Users/hariderarako/Desktop/python/results/methodologie_2/reconstructed_parameters/from_z/full/FULL_direct_poly_rank_4_b_d_from_e_predictions.csv,best_by_method_FULL_methodologie_2_FULL_direct_poly_rank_4
157,0.0529165783209306,0.0263974360461849,0.999483737480051,True,best_by_method,FULL,methodologie_2,FULL_direct_poly_rank_4,FULL_direct_poly_rank_4,polynomial,log_gap,/Users/hariderarako/Desktop/python/results/methodologie_2/reconstructed_parameters/from_z/full/FULL_direct_poly_rank_4_b_d_from_e_predictions.csv,best_by_method_FULL_methodologie_2_FULL_direct_poly_rank_4
158,0.0016099615430588,0.0009627822962703,0.9998813573137272,True,best_by_method,FULL,methodologie_2,FULL_direct_poly_rank_4,FULL_direct_poly_rank_4,polynomial,log_gap,/Users/hariderarako/Desktop/python/results/methodologie_2/reconstructed_parameters/from_z/full/FULL_direct_poly_rank_4_b_d_from_e_predictions.csv,best_by_method_FULL_methodologie_2_FULL_direct_poly_rank_4
159,0.0334511935417419,0.0159562130991271,0.9970725993888226,True,best_by_method,FULL,methodologie_2,FULL_direct_poly_rank_4,FULL_direct_poly_rank_4,polynomial,log_gap,/Users/hariderarako/Desktop/python/results/methodologie_2/reconstructed_parameters/from_z/full/FULL_direct_poly_rank_4_b_d_from_e_predictions.csv,best_by_method_FULL_methodologie_2_FULL_direct_poly_rank_4
160,0.13203521259702,0.0657284463339825,0.9962077676496351,True,best_by_method,FULL,methodologie_2,FULL_direct_poly_rank_4,FULL_direct_poly_rank_4,polynomial,log_gap,/Users/hariderarako/Desktop/python/results/methodologie_2/reconstructed_parameters/from_z/full/FULL_direct_poly_rank_4_b_d_from_e_predictions.csv,best_by_method_FULL_methodologie_2_FULL_direct_poly_rank_4
161,0.0155866522913623,0.0081165801823613,0.9745523579738128,True,best_by_method,FULL,methodologie_2,FULL_direct_poly_rank_4,FULL_direct_poly_rank_4,polynomial,log_gap,/Users/hariderarako/Desktop/python/results/methodologie_2/reconstructed_parameters/from_z/full/FULL_direct_poly_rank_4_b_d_from_e_predictions.csv,best_by_method_FULL_methodologie_2_FULL_direct_poly_rank_4
162,0.0117199511042257,0.0059573827190142,0.9997490087874512,True,best_by_method,FULL,methodologie_2,FULL_direct_poly_rank_4,FULL_direct_poly_rank_4,polynomial,log_gap,/Users/hariderarako/Desktop/python/results/methodologie_2/reconstructed_parameters/from_z/full/FULL_direct_poly_rank_4_b_d_from_e_predictions.csv,best_by_method_FULL_methodologie_2_FULL_direct_poly_rank_4
163,0.040522195506591,0.015706750580553,0.9995678894740042,True,best_by_method,FULL,methodologie_2,FULL_direct_poly_rank_4,FULL_direct_poly_rank_4,polynomial,log_gap,/Users/hariderarako/Desktop/python/results/methodologie_2/reconstructed_parameters/from_z/full/FULL_direct_poly_rank_4_b_d_from_e_predictions.csv,best_by_method_FULL_methodologie_2_FULL_direct_poly_rank_4
164,0.026735085593033,0.0145422201375281,0.9195785214504648,True,best_by_method,FULL,methodologie_2,FULL_direct_poly_rank_4,FULL_direct_poly_rank_4,polynomial,log_gap,/Users/hariderarako/Desktop/python/results/methodologie_2/reconstructed_parameters/from_z/full/FULL_direct_poly_rank_4_b_d_from_e_predictions.csv,best_by_method_FULL_methodologie_2_FULL_direct_poly_rank_4
165,0.0007400639188197,0.0003564928632237,0.9999988172015786,True,best_by_method,FULL,methodologie_2,FULL_direct_poly_rank_4,FULL_direct_poly_rank_4,polynomial,log_gap,/Users/hariderarako/Desktop/python/results/methodologie_2/reconstructed_parameters/from_z/full/FULL_direct_poly_rank_4_b_d_from_e_predictions.csv,best_by_method_FULL_methodologie_2_FULL_direct_poly_rank_4
166,0.0476119017300498,0.0192373494513767,0.9995452498784936,True,best_by_method,FULL,methodologie_2,FULL_direct_poly_rank_4,FULL_direct_poly_rank_4,polynomial,log_gap,/Users/hariderarako/Desktop/python/results/methodologie_2/reconstructed_parameters/from_z/full/FULL_direct_poly_rank_4_b_d_from_e_predictions.csv,best_by_method_FULL_methodologie_2_FULL_direct_poly_rank_4
167,0.0024614229866987,0.0013351893798868,0.999393199345348,True,best_by_method,FULL,methodologie_2,FULL_direct_poly_rank_4,FULL_direct_poly_rank_4,polynomial,log_gap,/Users/hariderarako/Desktop/python/results/methodologie_2/reconstructed_parameters/from_z/full/FULL_direct_poly_rank_4_b_d_from_e_predictions.csv,best_by_method_FULL_methodologie_2_FULL_direct_poly_rank_4
168,0.0012963293219226,0.0007368543144953,0.9999974039448029,True,best_by_method,FULL,methodologie_2,FULL_direct_poly_rank_4,FULL_direct_poly_rank_4,polynomial,log_gap,/Users/hariderarako/Desktop/python/results/methodologie_2/reconstructed_parameters/from_z/full/FULL_direct_poly_rank_4_b_d_from_e_predictions.csv,best_by_method_FULL_methodologie_2_FULL_direct_poly_rank_4
169,0.2352030556497117,0.1259558907445923,0.994116434399836,True,best_by_method,FULL,methodologie_2,FULL_direct_poly_rank_4,FULL_direct_poly_rank_4,polynomial,log_gap,/Users/hariderarako/Desktop/python/results/methodologie_2/reconstructed_parameters/from_z/full/FULL_direct_poly_rank_4_b_d_from_e_predictions.csv,best_by_method_FULL_methodologie_2_FULL_direct_poly_rank_4
170,0.0006566399448822,0.0003585561598598,0.9999527602670448,True,best_by_method,FULL,methodologie_2,FULL_direct_poly_rank_4,FULL_direct_poly_rank_4,polynomial,log_gap,/Users/hariderarako/Desktop/python/results/methodologie_2/reconstructed_parameters/from_z/full/FULL_direct_poly_rank_4_b_d_from_e_predictions.csv,best_by_method_FULL_methodologie_2_FULL_direct_poly_rank_4
171,0.0255849166596179,0.0113224601524543,0.9980043369568669,True,best_by_method,FULL,methodologie_2,FULL_direct_poly_rank_4,FULL_direct_poly_rank_4,polynomial,log_gap,/Users/hariderarako/Desktop/python/results/methodologie_2/reconstructed_parameters/from_z/full/FULL_direct_poly_rank_4_b_d_from_e_predictions.csv,best_by_method_FULL_methodologie_2_FULL_direct_poly_rank_4
172,0.0414255601771577,0.0231794427408719,0.9997817050169464,True,best_by_method,FULL,methodologie_2,FULL_direct_poly_rank_4,FULL_direct_poly_rank_4,polynomial,log_gap,/Users/hariderarako/Desktop/python/results/methodologie_2/reconstructed_parameters/from_z/full/FULL_direct_poly_rank_4_b_d_from_e_predictions.csv,best_by_method_FULL_methodologie_2_FULL_direct_poly_rank_4
173,0.0017986452596648,0.001029341295649,0.9997136281806192,True,best_by_method,FULL,methodologie_2,FULL_direct_poly_rank_4,FULL_direct_poly_rank_4,polynomial,log_gap,/Users/hariderarako/Desktop/python/results/methodologie_2/reconstructed_parameters/from_z/full/FULL_direct_poly_rank_4_b_d_from_e_predictions.csv,best_by_method_FULL_methodologie_2_FULL_direct_poly_rank_4
174,0.0050446524388376,0.002097344221719,0.9999275146645864,True,best_by_method,FULL,methodologie_2,FULL_direct_poly_rank_4,FULL_direct_poly_rank_4,polynomial,log_gap,/Users/hariderarako/Desktop/python/results/methodologie_2/reconstructed_parameters/from_z/full/FULL_direct_poly_rank_4_b_d_from_e_predictions.csv,best_by_method_FULL_methodologie_2_FULL_direct_poly_rank_4
175,0.0291025148235626,0.0160944703705936,0.999910224269692,True,best_by_method,FULL,methodologie_2,FULL_direct_poly_rank_4,FULL_direct_poly_rank_4,polynomial,log_gap,/Users/hariderarako/Desktop/python/results/methodologie_2/reconstructed_parameters/from_z/full/FULL_direct_poly_rank_4_b_d_from_e_predictions.csv,best_by_method_FULL_methodologie_2_FULL_direct_poly_rank_4
176,0.0025895251864544,0.0016666680675891,0.9992715221072498,True,best_by_method,FULL,methodologie_2,FULL_direct_poly_rank_4,FULL_direct_poly_rank_4,polynomial,log_gap,/Users/hariderarako/Desktop/python/results/methodologie_2/reconstructed_parameters/from_z/full/FULL_direct_poly_rank_4_b_d_from_e_predictions.csv,best_by_method_FULL_methodologie_2_FULL_direct_poly_rank_4
177,0.0195016867308095,0.0115555557794129,0.9992495962090326,True,best_by_method,FULL,methodologie_2,FULL_direct_poly_rank_4,FULL_direct_poly_rank_4,polynomial,log_gap,/Users/hariderarako/Desktop/python/results/methodologie_2/reconstructed_parameters/from_z/full/FULL_direct_poly_rank_4_b_d_from_e_predictions.csv,best_by_method_FULL_methodologie_2_FULL_direct_poly_rank_4
178,0.0281753006438075,0.0162509829323989,0.9998738508316564,True,best_by_method,FULL,methodologie_2,FULL_direct_poly_rank_4,FULL_direct_poly_rank_4,polynomial,log_gap,/Users/hariderarako/Desktop/python/results/methodologie_2/reconstructed_parameters/from_z/full/FULL_direct_poly_rank_4_b_d_from_e_predictions.csv,best_by_method_FULL_methodologie_2_FULL_direct_poly_rank_4
179,0.0030973853192354,0.0021964965020103,0.9995227377759772,True,best_by_method,FULL,methodologie_2,FULL_direct_poly_rank_4,FULL_direct_poly_rank_4,polynomial,log_gap,/Users/hariderarako/Desktop/python/results/methodologie_2/reconstructed_parameters/from_z/full/FULL_direct_poly_rank_4_b_d_from_e_predictions.csv,best_by_method_FULL_methodologie_2_FULL_direct_poly_rank_4
180,0.0559312690801092,0.0262404715450261,0.993832519548036,True,best_by_method,FULL,methodologie_2,FULL_direct_poly_rank_4,FULL_direct_poly_rank_4,polynomial,log_gap,/Users/hariderarako/Desktop/python/results/methodologie_2/reconstructed_parameters/from_z/full/FULL_direct_poly_rank_4_b_d_from_e_predictions.csv,best_by_method_FULL_methodologie_2_FULL_direct_poly_rank_4
181,0.1991286628658369,0.1069325065314775,0.993685812556294,True,best_by_method,FULL,methodologie_2,FULL_direct_poly_rank_4,FULL_direct_poly_rank_4,polynomial,log_gap,/Users/hariderarako/Desktop/python/results/methodologie_2/reconstructed_parameters/from_z/full/FULL_direct_poly_rank_4_b_d_from_e_predictions.csv,best_by_method_FULL_methodologie_2_FULL_direct_poly_rank_4
182,0.000689510422447,0.0004109400876059,0.999940279643474,True,best_by_method,FULL,methodologie_2,FULL_direct_poly_rank_4,FULL_direct_poly_rank_4,polynomial,log_gap,/Users/hariderarako/Desktop/python/results/methodologie_2/reconstructed_parameters/from_z/full/FULL_direct_poly_rank_4_b_d_from_e_predictions.csv,best_by_method_FULL_methodologie_2_FULL_direct_poly_rank_4
183,0.0113529266696024,0.006888302729631,0.9998014112034954,True,best_by_method,FULL,methodologie_2,FULL_direct_poly_rank_4,FULL_direct_poly_rank_4,polynomial,log_gap,/Users/hariderarako/Desktop/python/results/methodologie_2/reconstructed_parameters/from_z/full/FULL_direct_poly_rank_4_b_d_from_e_predictions.csv,best_by_method_FULL_methodologie_2_FULL_direct_poly_rank_4
184,0.0043874373119255,0.0024151313064136,0.9999974471088304,True,best_by_method,FULL,methodologie_2,FULL_direct_poly_rank_4,FULL_direct_poly_rank_4,polynomial,log_gap,/Users/hariderarako/Desktop/python/results/methodologie_2/reconstructed_parameters/from_z/full/FULL_direct_poly_rank_4_b_d_from_e_predictions.csv,best_by_method_FULL_methodologie_2_FULL_direct_poly_rank_4
185,0.0073600507820792,0.0043751313088045,0.9981841731505822,True,best_by_method,FULL,methodologie_2,FULL_direct_poly_rank_4,FULL_direct_poly_rank_4,polynomial,log_gap,/Users/hariderarako/Desktop/python/results/methodologie_2/reconstructed_parameters/from_z/full/FULL_direct_poly_rank_4_b_d_from_e_predictions.csv,best_by_method_FULL_methodologie_2_FULL_direct_poly_rank_4
186,0.027244247977596,0.0141026760950983,0.9981928613012616,True,best_by_method,FULL,methodologie_2,FULL_direct_poly_rank_4,FULL_direct_poly_rank_4,polynomial,log_gap,/Users/hariderarako/Desktop/python/results/methodologie_2/reconstructed_parameters/from_z/full/FULL_direct_poly_rank_4_b_d_from_e_predictions.csv,best_by_method_FULL_methodologie_2_FULL_direct_poly_rank_4
187,0.16040781802367,0.0945017561119067,0.9947714055195284,True,best_by_method,FULL,methodologie_2,FULL_direct_poly_rank_4,FULL_direct_poly_rank_4,polynomial,log_gap,/Users/hariderarako/Desktop/python/results/methodologie_2/reconstructed_parameters/from_z/full/FULL_direct_poly_rank_4_b_d_from_e_predictions.csv,best_by_method_FULL_methodologie_2_FULL_direct_poly_rank_4
188,0.0029657502151868,0.0017939487499068,0.9993576884067532,True,best_by_method,FULL,methodologie_2,FULL_direct_poly_rank_4,FULL_direct_poly_rank_4,polynomial,log_gap,/Users/hariderarako/Desktop/python/results/methodologie_2/reconstructed_parameters/from_z/full/FULL_direct_poly_rank_4_b_d_from_e_predictions.csv,best_by_method_FULL_methodologie_2_FULL_direct_poly_rank_4
189,0.0264210270469674,0.0151330652317074,0.9991012952098102,True,best_by_method,FULL,methodologie_2,FULL_direct_poly_rank_4,FULL_direct_poly_rank_4,polynomial,log_gap,/Users/hariderarako/Desktop/python/results/methodologie_2/reconstructed_parameters/from_z/full/FULL_direct_poly_rank_4_b_d_from_e_predictions.csv,best_by_method_FULL_methodologie_2_FULL_direct_poly_rank_4
190,0.131540200321676,0.0819350529489024,0.9983912948398056,True,best_by_method,FULL,methodologie_2,FULL_direct_poly_rank_4,FULL_direct_poly_rank_4,polynomial,log_gap,/Users/hariderarako/Desktop/python/results/methodologie_2/reconstructed_parameters/from_z/full/FULL_direct_poly_rank_4_b_d_from_e_predictions.csv,best_by_method_FULL_methodologie_2_FULL_direct_poly_rank_4
191,0.0178171463208236,0.0101050718128729,0.9892970591631906,True,best_by_method,FULL,methodologie_2,FULL_direct_poly_rank_4,FULL_direct_poly_rank_4,polynomial,log_gap,/Users/hariderarako/Desktop/python/results/methodologie_2/reconstructed_parameters/from_z/full/FULL_direct_poly_rank_4_b_d_from_e_predictions.csv,best_by_method_FULL_methodologie_2_FULL_direct_poly_rank_4
192,0.0323850958749298,0.0203307925723159,0.9983699292549676,True,best_by_method,FULL,methodologie_2,FULL_direct_poly_rank_4,FULL_direct_poly_rank_4,polynomial,log_gap,/Users/hariderarako/Desktop/python/results/methodologie_2/reconstructed_parameters/from_z/full/FULL_direct_poly_rank_4_b_d_from_e_predictions.csv,best_by_method_FULL_methodologie_2_FULL_direct_poly_rank_4
193,0.0317528399343975,0.0152408384465188,0.9997091428945464,True,best_by_method,FULL,methodologie_2,FULL_direct_poly_rank_4,FULL_direct_poly_rank_4,polynomial,log_gap,/Users/hariderarako/Desktop/python/results/methodologie_2/reconstructed_parameters/from_z/full/FULL_direct_poly_rank_4_b_d_from_e_predictions.csv,best_by_method_FULL_methodologie_2_FULL_direct_poly_rank_4
194,0.0027114668403546,0.0019069820589067,0.999643955958074,True,best_by_method,FULL,methodologie_2,FULL_direct_poly_rank_4,FULL_direct_poly_rank_4,polynomial,log_gap,/Users/hariderarako/Desktop/python/results/methodologie_2/reconstructed_parameters/from_z/full/FULL_direct_poly_rank_4_b_d_from_e_predictions.csv,best_by_method_FULL_methodologie_2_FULL_direct_poly_rank_4
195,0.0486264809940947,0.0308280571389755,0.9966950405022532,True,best_by_method,FULL,methodologie_2,FULL_direct_poly_rank_4,FULL_direct_poly_rank_4,polynomial,log_gap,/Users/hariderarako/Desktop/python/results/methodologie_2/reconstructed_parameters/from_z/full/FULL_direct_poly_rank_4_b_d_from_e_predictions.csv,best_by_method_FULL_methodologie_2_FULL_direct_poly_rank_4
196,0.1886375342032814,0.106148590560546,0.9948696875011962,True,best_by_method,FULL,methodologie_2,FULL_direct_poly_rank_4,FULL_direct_poly_rank_4,polynomial,log_gap,/Users/hariderarako/Desktop/python/results/methodologie_2/reconstructed_parameters/from_z/full/FULL_direct_poly_rank_4_b_d_from_e_predictions.csv,best_by_method_FULL_methodologie_2_FULL_direct_poly_rank_4
197,0.0117304416302987,0.0060344318866894,0.990234112929098,True,best_by_method,FULL,methodologie_2,FULL_direct_poly_rank_4,FULL_direct_poly_rank_4,polynomial,log_gap,/Users/hariderarako/Desktop/python/results/methodologie_2/reconstructed_parameters/from_z/full/FULL_direct_poly_rank_4_b_d_from_e_predictions.csv,best_by_method_FULL_methodologie_2_FULL_direct_poly_rank_4
198,0.0340529210430217,0.0157796373828904,0.99728832289349,True,best_by_method,FULL,methodologie_2,FULL_direct_poly_rank_4,FULL_direct_poly_rank_4,polynomial,log_gap,/Users/hariderarako/Desktop/python/results/methodologie_2/reconstructed_parameters/from_z/full/FULL_direct_poly_rank_4_b_d_from_e_predictions.csv,best_by_method_FULL_methodologie_2_FULL_direct_poly_rank_4
199,0.0425830607095213,0.0254918748515357,0.9998329877484508,True,best_by_method,FULL,methodologie_2,FULL_direct_poly_rank_4,FULL_direct_poly_rank_4,polynomial,log_gap,/Users/hariderarako/Desktop/python/results/methodologie_2/reconstructed_parameters/from_z/full/FULL_direct_poly_rank_4_b_d_from_e_predictions.csv,best_by_method_FULL_methodologie_2_FULL_direct_poly_rank_4
200,0.0027473137575396,0.0017273599050656,0.9991518168356284,True,best_by_method,FULL,methodologie_2,FULL_direct_poly_rank_4,FULL_direct_poly_rank_4,polynomial,log_gap,/Users/hariderarako/Desktop/python/results/methodologie_2/reconstructed_parameters/from_z/full/FULL_direct_poly_rank_4_b_d_from_e_predictions.csv,best_by_method_FULL_methodologie_2_FULL_direct_poly_rank_4
201,0.0702453337937107,0.0263479360988165,0.976996534256808,True,best_by_method,FULL,methodologie_2,FULL_direct_poly_rank_4,FULL_direct_poly_rank_4,polynomial,log_gap,/Users/hariderarako/Desktop/python/results/methodologie_2/reconstructed_parameters/from_z/full/FULL_direct_poly_rank_4_b_d_from_e_predictions.csv,best_by_method_FULL_methodologie_2_FULL_direct_poly_rank_4
202,0.1497714824063457,0.0788495092668781,0.996164466792956,True,best_by_method,FULL,methodologie_2,FULL_direct_poly_rank_4,FULL_direct_poly_rank_4,polynomial,log_gap,/Users/hariderarako/Desktop/python/results/methodologie_2/reconstructed_parameters/from_z/full/FULL_direct_poly_rank_4_b_d_from_e_predictions.csv,best_by_method_FULL_methodologie_2_FULL_direct_poly_rank_4
203,0.0083237606891825,0.0054753195194329,0.9959338303088172,True,best_by_method,FULL,methodologie_2,FULL_direct_poly_rank_4,FULL_direct_poly_rank_4,polynomial,log_gap,/Users/hariderarako/Desktop/python/results/methodologie_2/reconstructed_parameters/from_z/full/FULL_direct_poly_rank_4_b_d_from_e_predictions.csv,best_by_method_FULL_methodologie_2_FULL_direct_poly_rank_4
204,0.0011904685398395,0.0007537521158452,0.9999769483700616,True,best_by_method,FULL,methodologie_2,FULL_direct_poly_rank_4,FULL_direct_poly_rank_4,polynomial,log_gap,/Users/hariderarako/Desktop/python/results/methodologie_2/reconstructed_parameters/from_z/full/FULL_direct_poly_rank_4_b_d_from_e_predictions.csv,best_by_method_FULL_methodologie_2_FULL_direct_poly_rank_4
205,0.0079098514618165,0.0050658524670049,0.9993422499872392,True,best_by_method,FULL,methodologie_2,FULL_direct_poly_rank_4,FULL_direct_poly_rank_4,polynomial,log_gap,/Users/hariderarako/Desktop/python/results/methodologie_2/reconstructed_parameters/from_z/full/FULL_direct_poly_rank_4_b_d_from_e_predictions.csv,best_by_method_FULL_methodologie_2_FULL_direct_poly_rank_4
206,0.0131148393236762,0.008388297999372,0.9990379452111274,True,best_by_method,FULL,methodologie_2,FULL_direct_poly_rank_4,FULL_direct_poly_rank_4,polynomial,log_gap,/Users/hariderarako/Desktop/python/results/methodologie_2/reconstructed_parameters/from_z/full/FULL_direct_poly_rank_4_b_d_from_e_predictions.csv,best_by_method_FULL_methodologie_2_FULL_direct_poly_rank_4
207,0.017827618681036,0.0106936932462667,0.9990859443856868,True,best_by_method,FULL,methodologie_2,FULL_direct_poly_rank_4,FULL_direct_poly_rank_4,polynomial,log_gap,/Users/hariderarako/Desktop/python/results/methodologie_2/reconstructed_parameters/from_z/full/FULL_direct_poly_rank_4_b_d_from_e_predictions.csv,best_by_method_FULL_methodologie_2_FULL_direct_poly_rank_4
209,3.540031621346573e-05,1.30412736052778e-05,0.999613878980812,True,best_by_method,FULL,methodologie_2,FULL_direct_poly_rank_4,FULL_direct_poly_rank_4,polynomial,log_gap,/Users/hariderarako/Desktop/python/results/methodologie_2/reconstructed_parameters/from_z/full/FULL_direct_poly_rank_4_b_d_from_e_predictions.csv,best_by_method_FULL_methodologie_2_FULL_direct_poly_rank_4
210,0.0001087690113927,4.676224984776045e-05,0.9976657668606448,True,best_by_method,FULL,methodologie_2,FULL_direct_poly_rank_4,FULL_direct_poly_rank_4,polynomial,log_gap,/Users/hariderarako/Desktop/python/results/methodologie_2/reconstructed_parameters/from_z/full/FULL_direct_poly_rank_4_b_d_from_e_predictions.csv,best_by_method_FULL_methodologie_2_FULL_direct_poly_rank_4
211,0.0002969456783747,0.0001951437723108,0.995960812153786,True,best_by_method,FULL,methodologie_2,FULL_direct_poly_rank_4,FULL_direct_poly_rank_4,polynomial,log_gap,/Users/hariderarako/Desktop/python/results/methodologie_2/reconstructed_parameters/from_z/full/FULL_direct_poly_rank_4_b_d_from_e_predictions.csv,best_by_method_FULL_methodologie_2_FULL_direct_poly_rank_4
212,0.0003308888762037,0.0001131664345278,0.9920549760819486,True,best_by_method,FULL,methodologie_2,FULL_direct_poly_rank_4,FULL_direct_poly_rank_4,polynomial,log_gap,/Users/hariderarako/Desktop/python/results/methodologie_2/reconstructed_parameters/from_z/full/FULL_direct_poly_rank_4_b_d_from_e_predictions.csv,best_by_method_FULL_methodologie_2_FULL_direct_poly_rank_4
213,4.190303352547634e-06,1.7358191206741716e-06,0.9999990475449452,True,best_by_method,FULL,methodologie_2,FULL_direct_poly_rank_4,FULL_direct_poly_rank_4,polynomial,log_gap,/Users/hariderarako/Desktop/python/results/methodologie_2/reconstructed_parameters/from_z/full/FULL_direct_poly_rank_4_b_d_from_e_predictions.csv,best_by_method_FULL_methodologie_2_FULL_direct_poly_rank_4
214,0.0002521410303358,0.000113371378308,0.99778835291531,True,best_by_method,FULL,methodologie_2,FULL_direct_poly_rank_4,FULL_direct_poly_rank_4,polynomial,log_gap,/Users/hariderarako/Desktop/python/results/methodologie_2/reconstructed_parameters/from_z/full/FULL_direct_poly_rank_4_b_d_from_e_predictions.csv,best_by_method_FULL_methodologie_2_FULL_direct_poly_rank_4
215,0.0005143793041558,0.0002926462897661,0.9949896593873954,True,best_by_method,FULL,methodologie_2,FULL_direct_poly_rank_4,FULL_direct_poly_rank_4,polynomial,log_gap,/Users/hariderarako/Desktop/python/results/methodologie_2/reconstructed_parameters/from_z/full/FULL_direct_poly_rank_4_b_d_from_e_predictions.csv,best_by_method_FULL_methodologie_2_FULL_direct_poly_rank_4
216,2.8374982846984e-05,1.2176113089551604e-05,0.9999925740683152,True,best_by_method,FULL,methodologie_2,FULL_direct_poly_rank_4,FULL_direct_poly_rank_4,polynomial,log_gap,/Users/hariderarako/Desktop/python/results/methodologie_2/reconstructed_parameters/from_z/full/FULL_direct_poly_rank_4_b_d_from_e_predictions.csv,best_by_method_FULL_methodologie_2_FULL_direct_poly_rank_4
217,0.0005060678047918,0.0002367203922398,0.9980443754197316,True,best_by_method,FULL,methodologie_2,FULL_direct_poly_rank_4,FULL_direct_poly_rank_4,polynomial,log_gap,/Users/hariderarako/Desktop/python/results/methodologie_2/reconstructed_parameters/from_z/full/FULL_direct_poly_rank_4_b_d_from_e_predictions.csv,best_by_method_FULL_methodologie_2_FULL_direct_poly_rank_4
218,0.0005313451559869,0.000247054627289,0.9981462666696456,True,best_by_method,FULL,methodologie_2,FULL_direct_poly_rank_4,FULL_direct_poly_rank_4,polynomial,log_gap,/Users/hariderarako/Desktop/python/results/methodologie_2/reconstructed_parameters/from_z/full/FULL_direct_poly_rank_4_b_d_from_e_predictions.csv,best_by_method_FULL_methodologie_2_FULL_direct_poly_rank_4
219,0.0011001325705222,0.0005821953968682,0.9964634330828815,True,best_by_method,FULL,methodologie_2,FULL_direct_poly_rank_4,FULL_direct_poly_rank_4,polynomial,log_gap,/Users/hariderarako/Desktop/python/results/methodologie_2/reconstructed_parameters/from_z/full/FULL_direct_poly_rank_4_b_d_from_e_predictions.csv,best_by_method_FULL_methodologie_2_FULL_direct_poly_rank_4
220,0.0006740073545232,0.0003651206809716,0.9922267641174372,True,best_by_method,FULL,methodologie_2,FULL_direct_poly_rank_4,FULL_direct_poly_rank_4,polynomial,log_gap,/Users/hariderarako/Desktop/python/results/methodologie_2/reconstructed_parameters/from_z/full/FULL_direct_poly_rank_4_b_d_from_e_predictions.csv,best_by_method_FULL_methodologie_2_FULL_direct_poly_rank_4
221,0.0006146788691398,0.000348719812863,0.9932936669374216,True,best_by_method,FULL,methodologie_2,FULL_direct_poly_rank_4,FULL_direct_poly_rank_4,polynomial,log_gap,/Users/hariderarako/Desktop/python/results/methodologie_2/reconstructed_parameters/from_z/full/FULL_direct_poly_rank_4_b_d_from_e_predictions.csv,best_by_method_FULL_methodologie_2_FULL_direct_poly_rank_4
222,0.0004183869050283,0.000231545483109,0.9959107054931366,True,best_by_method,FULL,methodologie_2,FULL_direct_poly_rank_4,FULL_direct_poly_rank_4,polynomial,log_gap,/Users/hariderarako/Desktop/python/results/methodologie_2/reconstructed_parameters/from_z/full/FULL_direct_poly_rank_4_b_d_from_e_predictions.csv,best_by_method_FULL_methodologie_2_FULL_direct_poly_rank_4
223,0.0007957693921386,0.0004513041816202,0.9869056410173278,True,best_by_method,FULL,methodologie_2,FULL_direct_poly_rank_4,FULL_direct_poly_rank_4,polynomial,log_gap,/Users/hariderarako/Desktop/python/results/methodologie_2/reconstructed_parameters/from_z/full/FULL_direct_poly_rank_4_b_d_from_e_predictions.csv,best_by_method_FULL_methodologie_2_FULL_direct_poly_rank_4
224,4.9999826798496814e-05,1.919416219410492e-05,0.9997215343361624,True,best_by_method,FULL,methodologie_2,FULL_direct_poly_rank_4,FULL_direct_poly_rank_4,polynomial,log_gap,/Users/hariderarako/Desktop/python/results/methodologie_2/reconstructed_parameters/from_z/full/FULL_direct_poly_rank_4_b_d_from_e_predictions.csv,best_by_method_FULL_methodologie_2_FULL_direct_poly_rank_4
225,4.979998582918554e-05,2.4184669087965897e-05,0.9997816573937096,True,best_by_method,FULL,methodologie_2,FULL_direct_poly_rank_4,FULL_direct_poly_rank_4,polynomial,log_gap,/Users/hariderarako/Desktop/python/results/methodologie_2/reconstructed_parameters/from_z/full/FULL_direct_poly_rank_4_b_d_from_e_predictions.csv,best_by_method_FULL_methodologie_2_FULL_direct_poly_rank_4
226,9.22525996456364e-06,4.2744755095709336e-06,0.999991429559883,True,best_by_method,FULL,methodologie_2,FULL_direct_poly_rank_4,FULL_direct_poly_rank_4,polynomial,log_gap,/Users/hariderarako/Desktop/python/results/methodologie_2/reconstructed_parameters/from_z/full/FULL_direct_poly_rank_4_b_d_from_e_predictions.csv,best_by_method_FULL_methodologie_2_FULL_direct_poly_rank_4
227,0.0003344999480854,0.0001517909785467,0.9879708275701636,True,best_by_method,FULL,methodologie_2,FULL_direct_poly_rank_4,FULL_direct_poly_rank_4,polynomial,log_gap,/Users/hariderarako/Desktop/python/results/methodologie_2/reconstructed_parameters/from_z/full/FULL_direct_poly_rank_4_b_d_from_e_predictions.csv,best_by_method_FULL_methodologie_2_FULL_direct_poly_rank_4
228,0.000669104254463,0.000402004212549,0.9938149483320462,True,best_by_method,FULL,methodologie_2,FULL_direct_poly_rank_4,FULL_direct_poly_rank_4,polynomial,log_gap,/Users/hariderarako/Desktop/python/results/methodologie_2/reconstructed_parameters/from_z/full/FULL_direct_poly_rank_4_b_d_from_e_predictions.csv,best_by_method_FULL_methodologie_2_FULL_direct_poly_rank_4
229,0.0001409402459982,5.375539295131133e-05,0.9992917272721952,True,best_by_method,FULL,methodologie_2,FULL_direct_poly_rank_4,FULL_direct_poly_rank_4,polynomial,log_gap,/Users/hariderarako/Desktop/python/results/methodologie_2/reconstructed_parameters/from_z/full/FULL_direct_poly_rank_4_b_d_from_e_predictions.csv,best_by_method_FULL_methodologie_2_FULL_direct_poly_rank_4
230,0.0001978872422761,8.515048016217701e-05,0.998236377037667,True,best_by_method,FULL,methodologie_2,FULL_direct_poly_rank_4,FULL_direct_poly_rank_4,polynomial,log_gap,/Users/hariderarako/Desktop/python/results/methodologie_2/reconstructed_parameters/from_z/full/FULL_direct_poly_rank_4_b_d_from_e_predictions.csv,best_by_method_FULL_methodologie_2_FULL_direct_poly_rank_4
234,0.0042066373328483,0.0022077461582001,0.9974724385946728,True,best_by_method,FULL,methodologie_2,FULL_direct_poly_rank_4,FULL_direct_poly_rank_4,polynomial,log_gap,/Users/hariderarako/Desktop/python/results/methodologie_2/reconstructed_parameters/from_z/full/FULL_direct_poly_rank_4_b_d_from_e_predictions.csv,best_by_method_FULL_methodologie_2_FULL_direct_poly_rank_4
235,0.0017408586912648,0.0010142131054593,0.9998929022217332,True,best_by_method,FULL,methodologie_2,FULL_direct_poly_rank_4,FULL_direct_poly_rank_4,polynomial,log_gap,/Users/hariderarako/Desktop/python/results/methodologie_2/reconstructed_parameters/from_z/full/FULL_direct_poly_rank_4_b_d_from_e_predictions.csv,best_by_method_FULL_methodologie_2_FULL_direct_poly_rank_4
236,0.0029622296386034,0.0017327267872895,0.999843443171818,True,best_by_method,FULL,methodologie_2,FULL_direct_poly_rank_4,FULL_direct_poly_rank_4,polynomial,log_gap,/Users/hariderarako/Desktop/python/results/methodologie_2/reconstructed_parameters/from_z/full/FULL_direct_poly_rank_4_b_d_from_e_predictions.csv,best_by_method_FULL_methodologie_2_FULL_direct_poly_rank_4
238,0.0039340244421149,0.0023497566900584,0.9984693717033124,True,best_by_method,FULL,methodologie_2,FULL_direct_poly_rank_4,FULL_direct_poly_rank_4,polynomial,log_gap,/Users/hariderarako/Desktop/python/results/methodologie_2/reconstructed_parameters/from_z/full/FULL_direct_poly_rank_4_b_d_from_e_predictions.csv,best_by_method_FULL_methodologie_2_FULL_direct_poly_rank_4
239,0.000362504521117,0.0002153141227739,0.999993957360142,True,best_by_method,FULL,methodologie_2,FULL_direct_poly_rank_4,FULL_direct_poly_rank_4,polynomial,log_gap,/Users/hariderarako/Desktop/python/results/methodologie_2/reconstructed_parameters/from_z/full/FULL_direct_poly_rank_4_b_d_from_e_predictions.csv,best_by_method_FULL_methodologie_2_FULL_direct_poly_rank_4
240,0.001034576597939,0.0006527159621814,0.9999737743865712,True,best_by_method,FULL,methodologie_2,FULL_direct_poly_rank_4,FULL_direct_poly_rank_4,polynomial,log_gap,/Users/hariderarako/Desktop/python/results/methodologie_2/reconstructed_parameters/from_z/full/FULL_direct_poly_rank_4_b_d_from_e_predictions.csv,best_by_method_FULL_methodologie_2_FULL_direct_poly_rank_4
241,0.0082445533091879,0.0048683919101193,0.9991266539059906,True,best_by_method,FULL,methodologie_2,FULL_direct_poly_rank_4,FULL_direct_poly_rank_4,polynomial,log_gap,/Users/hariderarako/Desktop/python/results/methodologie_2/reconstructed_parameters/from_z/full/FULL_direct_poly_rank_4_b_d_from_e_predictions.csv,best_by_method_FULL_methodologie_2_FULL_direct_poly_rank_4
242,0.0019541071795202,0.0010543769932316,0.9985780593576692,True,best_by_method,FULL,methodologie_2,FULL_direct_poly_rank_4,FULL_direct_poly_rank_4,polynomial,log_gap,/Users/hariderarako/Desktop/python/results/methodologie_2/reconstructed_parameters/from_z/full/FULL_direct_poly_rank_4_b_d_from_e_predictions.csv,best_by_method_FULL_methodologie_2_FULL_direct_poly_rank_4
243,0.0060899602362751,0.0033794553045315,0.9989332849935908,True,best_by_method,FULL,methodologie_2,FULL_direct_poly_rank_4,FULL_direct_poly_rank_4,polynomial,log_gap,/Users/hariderarako/Desktop/python/results/methodologie_2/reconstructed_parameters/from_z/full/FULL_direct_poly_rank_4_b_d_from_e_predictions.csv,best_by_method_FULL_methodologie_2_FULL_direct_poly_rank_4
244,0.0805278165424712,0.0679174586438314,0.9999281900516624,True,best_by_method,FULL,methodologie_2,FULL_direct_poly_rank_4,FULL_direct_poly_rank_4,polynomial,log_gap,/Users/hariderarako/Desktop/python/results/methodologie_2/reconstructed_parameters/from_z/full/FULL_direct_poly_rank_4_b_d_from_e_predictions.csv,best_by_method_FULL_methodologie_2_FULL_direct_poly_rank_4
245,0.0234521462593068,0.0160977889662186,0.9992622752991028,True,best_by_method,FULL,methodologie_2,FULL_direct_poly_rank_4,FULL_direct_poly_rank_4,polynomial,log_gap,/Users/hariderarako/Desktop/python/results/methodologie_2/reconstructed_parameters/from_z/full/FULL_direct_poly_rank_4_b_d_from_e_predictions.csv,best_by_method_FULL_methodologie_2_FULL_direct_poly_rank_4
246,0.0004775642695718,0.0002321140450226,0.9999204056367011,True,best_by_method,FULL,methodologie_2,FULL_direct_poly_rank_4,FULL_direct_poly_rank_4,polynomial,log_gap,/Users/hariderarako/Desktop/python/results/methodologie_2/reconstructed_parameters/from_z/full/FULL_direct_poly_rank_4_b_d_from_e_predictions.csv,best_by_method_FULL_methodologie_2_FULL_direct_poly_rank_4
247,0.0129688345882643,0.0064311431177104,0.995548589502582,True,best_by_method,FULL,methodologie_2,FULL_direct_poly_rank_4,FULL_direct_poly_rank_4,polynomial,log_gap,/Users/hariderarako/Desktop/python/results/methodologie_2/reconstructed_parameters/from_z/full/FULL_direct_poly_rank_4_b_d_from_e_predictions.csv,best_by_method_FULL_methodologie_2_FULL_direct_poly_rank_4
248,0.0132297378033613,0.0070329248453518,0.9981626791482192,True,best_by_method,FULL,methodologie_2,FULL_direct_poly_rank_4,FULL_direct_poly_rank_4,polynomial,log_gap,/Users/hariderarako/Desktop/python/results/methodologie_2/reconstructed_parameters/from_z/full/FULL_direct_poly_rank_4_b_d_from_e_predictions.csv,best_by_method_FULL_methodologie_2_FULL_direct_poly_rank_4
249,0.0229183912211688,0.0108080462680876,0.9979317319634156,True,best_by_method,FULL,methodologie_2,FULL_direct_poly_rank_4,FULL_direct_poly_rank_4,polynomial,log_gap,/Users/hariderarako/Desktop/python/results/methodologie_2/reconstructed_parameters/from_z/full/FULL_direct_poly_rank_4_b_d_from_e_predictions.csv,best_by_method_FULL_methodologie_2_FULL_direct_poly_rank_4
250,0.0082888230296668,0.0046836275576006,0.9786513639065798,True,best_by_method,FULL,methodologie_2,FULL_direct_poly_rank_4,FULL_direct_poly_rank_4,polynomial,log_gap,/Users/hariderarako/Desktop/python/results/methodologie_2/reconstructed_parameters/from_z/full/FULL_direct_poly_rank_4_b_d_from_e_predictions.csv,best_by_method_FULL_methodologie_2_FULL_direct_poly_rank_4
251,0.0032747892203914,0.0012582427013864,0.9995317231723022,True,best_by_method,FULL,methodologie_2,FULL_direct_poly_rank_4,FULL_direct_poly_rank_4,polynomial,log_gap,/Users/hariderarako/Desktop/python/results/methodologie_2/reconstructed_parameters/from_z/full/FULL_direct_poly_rank_4_b_d_from_e_predictions.csv,best_by_method_FULL_methodologie_2_FULL_direct_poly_rank_4
252,0.0008436213016435,0.0003375907804721,0.9999945607355868,True,best_by_method,FULL,methodologie_2,FULL_direct_poly_rank_4,FULL_direct_poly_rank_4,polynomial,log_gap,/Users/hariderarako/Desktop/python/results/methodologie_2/reconstructed_parameters/from_z/full/FULL_direct_poly_rank_4_b_d_from_e_predictions.csv,best_by_method_FULL_methodologie_2_FULL_direct_poly_rank_4
253,0.0213960464286362,0.0103276798233064,0.9982559873500688,True,best_by_method,FULL,methodologie_2,FULL_direct_poly_rank_4,FULL_direct_poly_rank_4,polynomial,log_gap,/Users/hariderarako/Desktop/python/results/methodologie_2/reconstructed_parameters/from_z/full/FULL_direct_poly_rank_4_b_d_from_e_predictions.csv,best_by_method_FULL_methodologie_2_FULL_direct_poly_rank_4
254,0.0028081908508611,0.0010765431002657,0.9982518018947696,True,best_by_method,FULL,methodologie_2,FULL_direct_poly_rank_4,FULL_direct_poly_rank_4,polynomial,log_gap,/Users/hariderarako/Desktop/python/results/methodologie_2/reconstructed_parameters/from_z/full/FULL_direct_poly_rank_4_b_d_from_e_predictions.csv,best_by_method_FULL_methodologie_2_FULL_direct_poly_rank_4
255,0.0288140451174372,0.0148869202542873,0.9849096173375984,True,best_by_method,FULL,methodologie_2,FULL_direct_poly_rank_4,FULL_direct_poly_rank_4,polynomial,log_gap,/Users/hariderarako/Desktop/python/results/methodologie_2/reconstructed_parameters/from_z/full/FULL_direct_poly_rank_4_b_d_from_e_predictions.csv,best_by_method_FULL_methodologie_2_FULL_direct_poly_rank_4
256,0.017946959599801,0.0096124515197729,0.9977659673919844,True,best_by_method,FULL,methodologie_2,FULL_direct_poly_rank_4,FULL_direct_poly_rank_4,polynomial,log_gap,/Users/hariderarako/Desktop/python/results/methodologie_2/reconstructed_parameters/from_z/full/FULL_direct_poly_rank_4_b_d_from_e_predictions.csv,best_by_method_FULL_methodologie_2_FULL_direct_poly_rank_4
257,0.0051501716464327,0.0029026854769978,0.9999185368325912,True,best_by_method,FULL,methodologie_2,FULL_direct_poly_rank_4,FULL_direct_poly_rank_4,polynomial,log_gap,/Users/hariderarako/Desktop/python/results/methodologie_2/reconstructed_parameters/from_z/full/FULL_direct_poly_rank_4_b_d_from_e_predictions.csv,best_by_method_FULL_methodologie_2_FULL_direct_poly_rank_4
258,0.1900929445226574,0.1477723444468541,0.99987685798432,True,best_by_method,FULL,methodologie_2,FULL_direct_poly_rank_4,FULL_direct_poly_rank_4,polynomial,log_gap,/Users/hariderarako/Desktop/python/results/methodologie_2/reconstructed_parameters/from_z/full/FULL_direct_poly_rank_4_b_d_from_e_predictions.csv,best_by_method_FULL_methodologie_2_FULL_direct_poly_rank_4
284,0.006777913573049,0.0048829412326327,0.9998039216494008,True,best_by_method,FULL,methodologie_2,FULL_direct_poly_rank_4,FULL_direct_poly_rank_4,polynomial,log_gap,/Users/hariderarako/Desktop/python/results/methodologie_2/reconstructed_parameters/from_z/full/FULL_direct_poly_rank_4_b_d_from_e_predictions.csv,best_by_method_FULL_methodologie_2_FULL_direct_poly_rank_4
285,0.0412471046504727,0.0318564226174389,0.9952572855143856,True,best_by_method,FULL,methodologie_2,FULL_direct_poly_rank_4,FULL_direct_poly_rank_4,polynomial,log_gap,/Users/hariderarako/Desktop/python/results/methodologie_2/reconstructed_parameters/from_z/full/FULL_direct_poly_rank_4_b_d_from_e_predictions.csv,best_by_method_FULL_methodologie_2_FULL_direct_poly_rank_4
286,0.0282779478627664,0.0199084313327244,0.9991268601733096,True,best_by_method,FULL,methodologie_2,FULL_direct_poly_rank_4,FULL_direct_poly_rank_4,polynomial,log_gap,/Users/hariderarako/Desktop/python/results/methodologie_2/reconstructed_parameters/from_z/full/FULL_direct_poly_rank_4_b_d_from_e_predictions.csv,best_by_method_FULL_methodologie_2_FULL_direct_poly_rank_4
287,0.0161847881508093,0.0106693837527901,0.998928004767086,True,best_by_method,FULL,methodologie_2,FULL_direct_poly_rank_4,FULL_direct_poly_rank_4,polynomial,log_gap,/Users/hariderarako/Desktop/python/results/methodologie_2/reconstructed_parameters/from_z/full/FULL_direct_poly_rank_4_b_d_from_e_predictions.csv,best_by_method_FULL_methodologie_2_FULL_direct_poly_rank_4
288,0.032872049183423,0.0211202371029701,0.9953968674553572,True,best_by_method,FULL,methodologie_2,FULL_direct_poly_rank_4,FULL_direct_poly_rank_4,polynomial,log_gap,/Users/hariderarako/Desktop/python/results/methodologie_2/reconstructed_parameters/from_z/full/FULL_direct_poly_rank_4_b_d_from_e_predictions.csv,best_by_method_FULL_methodologie_2_FULL_direct_poly_rank_4
289,0.0613527706046747,0.0435158973852294,0.9967417510431722,True,best_by_method,FULL,methodologie_2,FULL_direct_poly_rank_4,FULL_direct_poly_rank_4,polynomial,log_gap,/Users/hariderarako/Desktop/python/results/methodologie_2/reconstructed_parameters/from_z/full/FULL_direct_poly_rank_4_b_d_from_e_predictions.csv,best_by_method_FULL_methodologie_2_FULL_direct_poly_rank_4
291,0.0445137241643446,0.032124405781172,0.9970763530882152,True,best_by_method,FULL,methodologie_2,FULL_direct_poly_rank_4,FULL_direct_poly_rank_4,polynomial,log_gap,/Users/hariderarako/Desktop/python/results/methodologie_2/reconstructed_parameters/from_z/full/FULL_direct_poly_rank_4_b_d_from_e_predictions.csv,best_by_method_FULL_methodologie_2_FULL_direct_poly_rank_4
292,0.0059159362841326,0.0045036777499941,0.9997800685702348,True,best_by_method,FULL,methodologie_2,FULL_direct_poly_rank_4,FULL_direct_poly_rank_4,polynomial,log_gap,/Users/hariderarako/Desktop/python/results/methodologie_2/reconstructed_parameters/from_z/full/FULL_direct_poly_rank_4_b_d_from_e_predictions.csv,best_by_method_FULL_methodologie_2_FULL_direct_poly_rank_4
293,0.0500630382255728,0.0376091580793492,0.996325737679049,True,best_by_method,FULL,methodologie_2,FULL_direct_poly_rank_4,FULL_direct_poly_rank_4,polynomial,log_gap,/Users/hariderarako/Desktop/python/results/methodologie_2/reconstructed_parameters/from_z/full/FULL_direct_poly_rank_4_b_d_from_e_predictions.csv,best_by_method_FULL_methodologie_2_FULL_direct_poly_rank_4
295,4.2332330280750666e-05,2.5869093973027272e-05,0.9998973576959296,True,best_by_method,FULL,methodologie_2,FULL_direct_poly_rank_4,FULL_direct_poly_rank_4,polynomial,log_gap,/Users/hariderarako/Desktop/python/results/methodologie_2/reconstructed_parameters/from_z/full/FULL_direct_poly_rank_4_b_d_from_e_predictions.csv,best_by_method_FULL_methodologie_2_FULL_direct_poly_rank_4
296,0.0001819237682144,0.0001380252550861,0.9999568702121492,True,best_by_method,FULL,methodologie_2,FULL_direct_poly_rank_4,FULL_direct_poly_rank_4,polynomial,log_gap,/Users/hariderarako/Desktop/python/results/methodologie_2/reconstructed_parameters/from_z/full/FULL_direct_poly_rank_4_b_d_from_e_predictions.csv,best_by_method_FULL_methodologie_2_FULL_direct_poly_rank_4
297,1.3926614925573625e-05,1.0792861135887693e-05,0.9999983206201756,True,best_by_method,FULL,methodologie_2,FULL_direct_poly_rank_4,FULL_direct_poly_rank_4,polynomial,log_gap,/Users/hariderarako/Desktop/python/results/methodologie_2/reconstructed_parameters/from_z/full/FULL_direct_poly_rank_4_b_d_from_e_predictions.csv,best_by_method_FULL_methodologie_2_FULL_direct_poly_rank_4
302,0.0008172263807978,0.0006311434546657,0.9963374708547296,True,best_by_method,FULL,methodologie_2,FULL_direct_poly_rank_4,FULL_direct_poly_rank_4,polynomial,log_gap,/Users/hariderarako/Desktop/python/results/methodologie_2/reconstructed_parameters/from_z/full/FULL_direct_poly_rank_4_b_d_from_e_predictions.csv,best_by_method_FULL_methodologie_2_FULL_direct_poly_rank_4
303,0.0003091688159526,0.0002329293494524,0.9987802335913016,True,best_by_method,FULL,methodologie_2,FULL_direct_poly_rank_4,FULL_direct_poly_rank_4,polynomial,log_gap,/Users/hariderarako/Desktop/python/results/methodologie_2/reconstructed_parameters/from_z/full/FULL_direct_poly_rank_4_b_d_from_e_predictions.csv,best_by_method_FULL_methodologie_2_FULL_direct_poly_rank_4
304,1.5211544919822798e-05,1.1737156115767464e-05,0.9999979026681576,True,best_by_method,FULL,methodologie_2,FULL_direct_poly_rank_4,FULL_direct_poly_rank_4,polynomial,log_gap,/Users/hariderarako/Desktop/python/results/methodologie_2/reconstructed_parameters/from_z/full/FULL_direct_poly_rank_4_b_d_from_e_predictions.csv,best_by_method_FULL_methodologie_2_FULL_direct_poly_rank_4
305,1.4868033797928112e-05,1.1357199448851355e-05,0.9999973776017652,True,best_by_method,FULL,methodologie_2,FULL_direct_poly_rank_4,FULL_direct_poly_rank_4,polynomial,log_gap,/Users/hariderarako/Desktop/python/results/methodologie_2/reconstructed_parameters/from_z/full/FULL_direct_poly_rank_4_b_d_from_e_predictions.csv,best_by_method_FULL_methodologie_2_FULL_direct_poly_rank_4
311,0.003814126389978,0.00238925218799,0.9994131516848652,True,best_by_method,FULL,methodologie_2,FULL_direct_poly_rank_4,FULL_direct_poly_rank_4,polynomial,log_gap,/Users/hariderarako/Desktop/python/results/methodologie_2/reconstructed_parameters/from_z/full/FULL_direct_poly_rank_4_b_d_from_e_predictions.csv,best_by_method_FULL_methodologie_2_FULL_direct_poly_rank_4
314,0.0114066021469844,0.0076385967138027,0.9996035991436036,True,best_by_method,FULL,methodologie_2,FULL_direct_poly_rank_4,FULL_direct_poly_rank_4,polynomial,log_gap,/Users/hariderarako/Desktop/python/results/methodologie_2/reconstructed_parameters/from_z/full/FULL_direct_poly_rank_4_b_d_from_e_predictions.csv,best_by_method_FULL_methodologie_2_FULL_direct_poly_rank_4
316,0.0019950471901722,0.0014481039446994,0.9999232550890584,True,best_by_method,FULL,methodologie_2,FULL_direct_poly_rank_4,FULL_direct_poly_rank_4,polynomial,log_gap,/Users/hariderarako/Desktop/python/results/methodologie_2/reconstructed_parameters/from_z/full/FULL_direct_poly_rank_4_b_d_from_e_predictions.csv,best_by_method_FULL_methodologie_2_FULL_direct_poly_rank_4
317,0.0047588858092627,0.0023561717561597,0.9983775628293928,True,best_by_method,FULL,methodologie_2,FULL_direct_poly_rank_4,FULL_direct_poly_rank_4,polynomial,log_gap,/Users/hariderarako/Desktop/python/results/methodologie_2/reconstructed_parameters/from_z/full/FULL_direct_poly_rank_4_b_d_from_e_predictions.csv,best_by_method_FULL_methodologie_2_FULL_direct_poly_rank_4
320,0.0060735409225616,0.0043099971249,0.9999077305259728,True,best_by_method,FULL,methodologie_2,FULL_direct_poly_rank_4,FULL_direct_poly_rank_4,polynomial,log_gap,/Users/hariderarako/Desktop/python/results/methodologie_2/reconstructed_parameters/from_z/full/FULL_direct_poly_rank_4_b_d_from_e_predictions.csv,best_by_method_FULL_methodologie_2_FULL_direct_poly_rank_4
321,0.0303650946187934,0.0241470450242748,0.9985867367649702,True,best_by_method,FULL,methodologie_2,FULL_direct_poly_rank_4,FULL_direct_poly_rank_4,polynomial,log_gap,/Users/hariderarako/Desktop/python/results/methodologie_2/reconstructed_parameters/from_z/full/FULL_direct_poly_rank_4_b_d_from_e_predictions.csv,best_by_method_FULL_methodologie_2_FULL_direct_poly_rank_4
322,0.0053672551798579,0.0031268067917511,0.999218388821804,True,best_by_method,FULL,methodologie_2,FULL_direct_poly_rank_4,FULL_direct_poly_rank_4,polynomial,log_gap,/Users/hariderarako/Desktop/python/results/methodologie_2/reconstructed_parameters/from_z/full/FULL_direct_poly_rank_4_b_d_from_e_predictions.csv,best_by_method_FULL_methodologie_2_FULL_direct_poly_rank_4
323,0.0080282781440744,0.0062414817664346,0.9999789248712408,True,best_by_method,FULL,methodologie_2,FULL_direct_poly_rank_4,FULL_direct_poly_rank_4,polynomial,log_gap,/Users/hariderarako/Desktop/python/results/methodologie_2/reconstructed_parameters/from_z/full/FULL_direct_poly_rank_4_b_d_from_e_predictions.csv,best_by_method_FULL_methodologie_2_FULL_direct_poly_rank_4
327,0.0046340098959526,0.0016880947552309,0.7531435846063154,True,best_by_method,FULL,methodologie_2,FULL_direct_poly_rank_4,FULL_direct_poly_rank_4,polynomial,log_gap,/Users/hariderarako/Desktop/python/results/methodologie_2/reconstructed_parameters/from_z/full/FULL_direct_poly_rank_4_b_d_from_e_predictions.csv,best_by_method_FULL_methodologie_2_FULL_direct_poly_rank_4
329,9.474171131741052e-05,4.759651034942199e-05,0.9990014656588848,True,best_by_method,FULL,methodologie_2,FULL_direct_poly_rank_4,FULL_direct_poly_rank_4,polynomial,log_gap,/Users/hariderarako/Desktop/python/results/methodologie_2/reconstructed_parameters/from_z/full/FULL_direct_poly_rank_4_b_d_from_e_predictions.csv,best_by_method_FULL_methodologie_2_FULL_direct_poly_rank_4
330,3.669427771292292e-05,1.93965670192664e-05,0.9998651652916524,True,best_by_method,FULL,methodologie_2,FULL_direct_poly_rank_4,FULL_direct_poly_rank_4,polynomial,log_gap,/Users/hariderarako/Desktop/python/results/methodologie_2/reconstructed_parameters/from_z/full/FULL_direct_poly_rank_4_b_d_from_e_predictions.csv,best_by_method_FULL_methodologie_2_FULL_direct_poly_rank_4
331,0.0002224820197893,0.0001109825096752,0.9985604349321971,True,best_by_method,FULL,methodologie_2,FULL_direct_poly_rank_4,FULL_direct_poly_rank_4,polynomial,log_gap,/Users/hariderarako/Desktop/python/results/methodologie_2/reconstructed_parameters/from_z/full/FULL_direct_poly_rank_4_b_d_from_e_predictions.csv,best_by_method_FULL_methodologie_2_FULL_direct_poly_rank_4
332,0.0001278475208751,6.941838459947364e-05,0.9995954100539728,True,best_by_method,FULL,methodologie_2,FULL_direct_poly_rank_4,FULL_direct_poly_rank_4,polynomial,log_gap,/Users/hariderarako/Desktop/python/results/methodologie_2/reconstructed_parameters/from_z/full/FULL_direct_poly_rank_4_b_d_from_e_predictions.csv,best_by_method_FULL_methodologie_2_FULL_direct_poly_rank_4
333,0.0005979836655531,0.0002955374378099,0.9973346035118832,True,best_by_method,FULL,methodologie_2,FULL_direct_poly_rank_4,FULL_direct_poly_rank_4,polynomial,log_gap,/Users/hariderarako/Desktop/python/results/methodologie_2/reconstructed_parameters/from_z/full/FULL_direct_poly_rank_4_b_d_from_e_predictions.csv,best_by_method_FULL_methodologie_2_FULL_direct_poly_rank_4
334,0.000777638355274,0.0003976862975174,0.9962578101252254,True,best_by_method,FULL,methodologie_2,FULL_direct_poly_rank_4,FULL_direct_poly_rank_4,polynomial,log_gap,/Users/hariderarako/Desktop/python/results/methodologie_2/reconstructed_parameters/from_z/full/FULL_direct_poly_rank_4_b_d_from_e_predictions.csv,best_by_method_FULL_methodologie_2_FULL_direct_poly_rank_4
335,0.0012041509717601,0.0005927444018699,0.9982792194510915,True,best_by_method,FULL,methodologie_2,FULL_direct_poly_rank_4,FULL_direct_poly_rank_4,polynomial,log_gap,/Users/hariderarako/Desktop/python/results/methodologie_2/reconstructed_parameters/from_z/full/FULL_direct_poly_rank_4_b_d_from_e_predictions.csv,best_by_method_FULL_methodologie_2_FULL_direct_poly_rank_4
336,0.0058647552987291,0.0027653825443314,0.9663299644695496,True,best_by_method,FULL,methodologie_2,FULL_direct_poly_rank_4,FULL_direct_poly_rank_4,polynomial,log_gap,/Users/hariderarako/Desktop/python/results/methodologie_2/reconstructed_parameters/from_z/full/FULL_direct_poly_rank_4_b_d_from_e_predictions.csv,best_by_method_FULL_methodologie_2_FULL_direct_poly_rank_4
337,0.0002172106129231,0.0001662144303535,0.9995440353104847,True,best_by_method,FULL,methodologie_2,FULL_direct_poly_rank_4,FULL_direct_poly_rank_4,polynomial,log_gap,/Users/hariderarako/Desktop/python/results/methodologie_2/reconstructed_parameters/from_z/full/FULL_direct_poly_rank_4_b_d_from_e_predictions.csv,best_by_method_FULL_methodologie_2_FULL_direct_poly_rank_4
338,9.76521039372867e-05,7.208168745012776e-05,0.9997565978992804,True,best_by_method,FULL,methodologie_2,FULL_direct_poly_rank_4,FULL_direct_poly_rank_4,polynomial,log_gap,/Users/hariderarako/Desktop/python/results/methodologie_2/reconstructed_parameters/from_z/full/FULL_direct_poly_rank_4_b_d_from_e_predictions.csv,best_by_method_FULL_methodologie_2_FULL_direct_poly_rank_4
339,4.167562313702131e-05,3.101903462619659e-05,0.9999635079820888,True,best_by_method,FULL,methodologie_2,FULL_direct_poly_rank_4,FULL_direct_poly_rank_4,polynomial,log_gap,/Users/hariderarako/Desktop/python/results/methodologie_2/reconstructed_parameters/from_z/full/FULL_direct_poly_rank_4_b_d_from_e_predictions.csv,best_by_method_FULL_methodologie_2_FULL_direct_poly_rank_4
340,0.0002364328637506,0.0001564335899172,0.9966995037327152,True,best_by_method,FULL,methodologie_2,FULL_direct_poly_rank_4,FULL_direct_poly_rank_4,polynomial,log_gap,/Users/hariderarako/Desktop/python/results/methodologie_2/reconstructed_parameters/from_z/full/FULL_direct_poly_rank_4_b_d_from_e_predictions.csv,best_by_method_FULL_methodologie_2_FULL_direct_poly_rank_4
341,0.0004389555628156,0.0003413431917331,0.9989433346935565,True,best_by_method,FULL,methodologie_2,FULL_direct_poly_rank_4,FULL_direct_poly_rank_4,polynomial,log_gap,/Users/hariderarako/Desktop/python/results/methodologie_2/reconstructed_parameters/from_z/full/FULL_direct_poly_rank_4_b_d_from_e_predictions.csv,best_by_method_FULL_methodologie_2_FULL_direct_poly_rank_4
342,6.472019296136756e-05,4.881673732035385e-05,0.9999376571353312,True,best_by_method,FULL,methodologie_2,FULL_direct_poly_rank_4,FULL_direct_poly_rank_4,polynomial,log_gap,/Users/hariderarako/Desktop/python/results/methodologie_2/reconstructed_parameters/from_z/full/FULL_direct_poly_rank_4_b_d_from_e_predictions.csv,best_by_method_FULL_methodologie_2_FULL_direct_poly_rank_4
343,6.70112113567141e-05,4.967180190550507e-05,0.9998962256647728,True,best_by_method,FULL,methodologie_2,FULL_direct_poly_rank_4,FULL_direct_poly_rank_4,polynomial,log_gap,/Users/hariderarako/Desktop/python/results/methodologie_2/reconstructed_parameters/from_z/full/FULL_direct_poly_rank_4_b_d_from_e_predictions.csv,best_by_method_FULL_methodologie_2_FULL_direct_poly_rank_4
344,1.2126392846304866e-05,8.51913539502501e-06,0.999993360473436,True,best_by_method,FULL,methodologie_2,FULL_direct_poly_rank_4,FULL_direct_poly_rank_4,polynomial,log_gap,/Users/hariderarako/Desktop/python/results/methodologie_2/reconstructed_parameters/from_z/full/FULL_direct_poly_rank_4_b_d_from_e_predictions.csv,best_by_method_FULL_methodologie_2_FULL_direct_poly_rank_4
345,0.0011591193178062,0.0009008222609556,0.994652462209734,True,best_by_method,FULL,methodologie_2,FULL_direct_poly_rank_4,FULL_direct_poly_rank_4,polynomial,log_gap,/Users/hariderarako/Desktop/python/results/methodologie_2/reconstructed_parameters/from_z/full/FULL_direct_poly_rank_4_b_d_from_e_predictions.csv,best_by_method_FULL_methodologie_2_FULL_direct_poly_rank_4
346,0.0007052913881119,0.000540055346295,0.9964478092624376,True,best_by_method,FULL,methodologie_2,FULL_direct_poly_rank_4,FULL_direct_poly_rank_4,polynomial,log_gap,/Users/hariderarako/Desktop/python/results/methodologie_2/reconstructed_parameters/from_z/full/FULL_direct_poly_rank_4_b_d_from_e_predictions.csv,best_by_method_FULL_methodologie_2_FULL_direct_poly_rank_4
347,0.0001957905874898,0.0001430736881592,0.9991141123404252,True,best_by_method,FULL,methodologie_2,FULL_direct_poly_rank_4,FULL_direct_poly_rank_4,polynomial,log_gap,/Users/hariderarako/Desktop/python/results/methodologie_2/reconstructed_parameters/from_z/full/FULL_direct_poly_rank_4_b_d_from_e_predictions.csv,best_by_method_FULL_methodologie_2_FULL_direct_poly_rank_4
348,8.434228283849229e-05,5.891914156685057e-05,0.9996338513848094,True,best_by_method,FULL,methodologie_2,FULL_direct_poly_rank_4,FULL_direct_poly_rank_4,polynomial,log_gap,/Users/hariderarako/Desktop/python/results/methodologie_2/reconstructed_parameters/from_z/full/FULL_direct_poly_rank_4_b_d_from_e_predictions.csv,best_by_method_FULL_methodologie_2_FULL_direct_poly_rank_4
349,0.000180672509861,0.0001376144940769,0.9996391447369444,True,best_by_method,FULL,methodologie_2,FULL_direct_poly_rank_4,FULL_direct_poly_rank_4,polynomial,log_gap,/Users/hariderarako/Desktop/python/results/methodologie_2/reconstructed_parameters/from_z/full/FULL_direct_poly_rank_4_b_d_from_e_predictions.csv,best_by_method_FULL_methodologie_2_FULL_direct_poly_rank_4
350,1.894605974866012e-05,1.441347258038246e-05,0.9999954193921944,True,best_by_method,FULL,methodologie_2,FULL_direct_poly_rank_4,FULL_direct_poly_rank_4,polynomial,log_gap,/Users/hariderarako/Desktop/python/results/methodologie_2/reconstructed_parameters/from_z/full/FULL_direct_poly_rank_4_b_d_from_e_predictions.csv,best_by_method_FULL_methodologie_2_FULL_direct_poly_rank_4
351,9.92127282236005e-05,7.277211794700251e-05,0.999721260533169,True,best_by_method,FULL,methodologie_2,FULL_direct_poly_rank_4,FULL_direct_poly_rank_4,polynomial,log_gap,/Users/hariderarako/Desktop/python/results/methodologie_2/reconstructed_parameters/from_z/full/FULL_direct_poly_rank_4_b_d_from_e_predictions.csv,best_by_method_FULL_methodologie_2_FULL_direct_poly_rank_4
352,0.0001668993521047,0.0001180889330034,0.999014742004055,True,best_by_method,FULL,methodologie_2,FULL_direct_poly_rank_4,FULL_direct_poly_rank_4,polynomial,log_gap,/Users/hariderarako/Desktop/python/results/methodologie_2/reconstructed_parameters/from_z/full/FULL_direct_poly_rank_4_b_d_from_e_predictions.csv,best_by_method_FULL_methodologie_2_FULL_direct_poly_rank_4
353,0.0002425939017074,0.0001800327625584,0.9989662832715656,True,best_by_method,FULL,methodologie_2,FULL_direct_poly_rank_4,FULL_direct_poly_rank_4,polynomial,log_gap,/Users/hariderarako/Desktop/python/results/methodologie_2/reconstructed_parameters/from_z/full/FULL_direct_poly_rank_4_b_d_from_e_predictions.csv,best_by_method_FULL_methodologie_2_FULL_direct_poly_rank_4
354,7.973827815965769e-05,5.783326052246666e-05,0.9998199482333242,True,best_by_method,FULL,methodologie_2,FULL_direct_poly_rank_4,FULL_direct_poly_rank_4,polynomial,log_gap,/Users/hariderarako/Desktop/python/results/methodologie_2/reconstructed_parameters/from_z/full/FULL_direct_poly_rank_4_b_d_from_e_predictions.csv,best_by_method_FULL_methodologie_2_FULL_direct_poly_rank_4
355,4.1509780367336086e-06,2.911679151180284e-06,0.9999992220087424,True,best_by_method,FULL,methodologie_2,FULL_direct_poly_rank_4,FULL_direct_poly_rank_4,polynomial,log_gap,/Users/hariderarako/Desktop/python/results/methodologie_2/reconstructed_parameters/from_z/full/FULL_direct_poly_rank_4_b_d_from_e_predictions.csv,best_by_method_FULL_methodologie_2_FULL_direct_poly_rank_4
356,6.954478431819661e-05,4.602856178430278e-05,0.9996172544808164,True,best_by_method,FULL,methodologie_2,FULL_direct_poly_rank_4,FULL_direct_poly_rank_4,polynomial,log_gap,/Users/hariderarako/Desktop/python/results/methodologie_2/reconstructed_parameters/from_z/full/FULL_direct_poly_rank_4_b_d_from_e_predictions.csv,best_by_method_FULL_methodologie_2_FULL_direct_poly_rank_4
357,0.0002099019836778,0.0001442451541858,0.9980106695440374,True,best_by_method,FULL,methodologie_2,FULL_direct_poly_rank_4,FULL_direct_poly_rank_4,polynomial,log_gap,/Users/hariderarako/Desktop/python/results/methodologie_2/reconstructed_parameters/from_z/full/FULL_direct_poly_rank_4_b_d_from_e_predictions.csv,best_by_method_FULL_methodologie_2_FULL_direct_poly_rank_4
358,2.8963844718950208e-06,1.9752752458975994e-06,0.9999995046912712,True,best_by_method,FULL,methodologie_2,FULL_direct_poly_rank_4,FULL_direct_poly_rank_4,polynomial,log_gap,/Users/hariderarako/Desktop/python/results/methodologie_2/reconstructed_parameters/from_z/full/FULL_direct_poly_rank_4_b_d_from_e_predictions.csv,best_by_method_FULL_methodologie_2_FULL_direct_poly_rank_4
359,9.89298166374198e-06,6.4681694378327e-06,0.9999922547507522,True,best_by_method,FULL,methodologie_2,FULL_direct_poly_rank_4,FULL_direct_poly_rank_4,polynomial,log_gap,/Users/hariderarako/Desktop/python/results/methodologie_2/reconstructed_parameters/from_z/full/FULL_direct_poly_rank_4_b_d_from_e_predictions.csv,best_by_method_FULL_methodologie_2_FULL_direct_poly_rank_4
360,2.824280543814687e-05,1.7535312914804484e-05,0.9999136471880946,True,best_by_method,FULL,methodologie_2,FULL_direct_poly_rank_4,FULL_direct_poly_rank_4,polynomial,log_gap,/Users/hariderarako/Desktop/python/results/methodologie_2/reconstructed_parameters/from_z/full/FULL_direct_poly_rank_4_b_d_from_e_predictions.csv,best_by_method_FULL_methodologie_2_FULL_direct_poly_rank_4
16,0.2094264750323571,0.1362670037130234,0.9834902379568292,True,best_by_method,HIGH,methodologie_1,HIGH_poly_rank_2,HIGH_poly_rank_2,polynomial,log,/Users/hariderarako/Desktop/python/results/methodologie_1/reconstructed_parameters/tau_u/high/HIGH_poly_rank_2/HIGH_poly_rank_2_comparison_d_b_e_tau_u.csv,best_by_method_HIGH_methodologie_1_HIGH_poly_rank_2
18,0.2823526096328287,0.1611331928331709,0.9767402560301774,True,best_by_method,HIGH,methodologie_1,HIGH_poly_rank_2,HIGH_poly_rank_2,polynomial,log,/Users/hariderarako/Desktop/python/results/methodologie_1/reconstructed_parameters/tau_u/high/HIGH_poly_rank_2/HIGH_poly_rank_2_comparison_d_b_e_tau_u.csv,best_by_method_HIGH_methodologie_1_HIGH_poly_rank_2
21,0.0548458754132003,0.0343761302973816,0.996915890466288,True,best_by_method,HIGH,methodologie_1,HIGH_poly_rank_2,HIGH_poly_rank_2,polynomial,log,/Users/hariderarako/Desktop/python/results/methodologie_1/reconstructed_parameters/tau_u/high/HIGH_poly_rank_2/HIGH_poly_rank_2_comparison_d_b_e_tau_u.csv,best_by_method_HIGH_methodologie_1_HIGH_poly_rank_2
22,0.4595780994783452,0.2946979332125967,0.9605265869345184,True,best_by_method,HIGH,methodologie_1,HIGH_poly_rank_2,HIGH_poly_rank_2,polynomial,log,/Users/hariderarako/Desktop/python/results/methodologie_1/reconstructed_parameters/tau_u/high/HIGH_poly_rank_2/HIGH_poly_rank_2_comparison_d_b_e_tau_u.csv,best_by_method_HIGH_methodologie_1_HIGH_poly_rank_2
23,0.0217596249418114,0.0125687745060621,0.9992863779133198,True,best_by_method,HIGH,methodologie_1,HIGH_poly_rank_2,HIGH_poly_rank_2,polynomial,log,/Users/hariderarako/Desktop/python/results/methodologie_1/reconstructed_parameters/tau_u/high/HIGH_poly_rank_2/HIGH_poly_rank_2_comparison_d_b_e_tau_u.csv,best_by_method_HIGH_methodologie_1_HIGH_poly_rank_2
24,0.0237482627297927,0.0136523963695582,0.9992129405942956,True,best_by_method,HIGH,methodologie_1,HIGH_poly_rank_2,HIGH_poly_rank_2,polynomial,log,/Users/hariderarako/Desktop/python/results/methodologie_1/reconstructed_parameters/tau_u/high/HIGH_poly_rank_2/HIGH_poly_rank_2_comparison_d_b_e_tau_u.csv,best_by_method_HIGH_methodologie_1_HIGH_poly_rank_2
30,1.5897070210033588,1.1604529567746416,0.7202850969482752,True,best_by_method,HIGH,methodologie_1,HIGH_poly_rank_2,HIGH_poly_rank_2,polynomial,log,/Users/hariderarako/Desktop/python/results/methodologie_1/reconstructed_parameters/tau_u/high/HIGH_poly_rank_2/HIGH_poly_rank_2_comparison_d_b_e_tau_u.csv,best_by_method_HIGH_methodologie_1_HIGH_poly_rank_2
33,5.232676748940585,4.026449207719015,-1.0603078714007883,True,best_by_method,HIGH,methodologie_1,HIGH_poly_rank_2,HIGH_poly_rank_2,polynomial,log,/Users/hariderarako/Desktop/python/results/methodologie_1/reconstructed_parameters/tau_u/high/HIGH_poly_rank_2/HIGH_poly_rank_2_comparison_d_b_e_tau_u.csv,best_by_method_HIGH_methodologie_1_HIGH_poly_rank_2
36,0.3701340226237801,0.2023078104751933,0.9793606623362144,True,best_by_method,HIGH,methodologie_1,HIGH_poly_rank_2,HIGH_poly_rank_2,polynomial,log,/Users/hariderarako/Desktop/python/results/methodologie_1/reconstructed_parameters/tau_u/high/HIGH_poly_rank_2/HIGH_poly_rank_2_comparison_d_b_e_tau_u.csv,best_by_method_HIGH_methodologie_1_HIGH_poly_rank_2
39,0.0982351119357574,0.061999461364798,0.9975146591568737,True,best_by_method,HIGH,methodologie_1,HIGH_poly_rank_2,HIGH_poly_rank_2,polynomial,log,/Users/hariderarako/Desktop/python/results/methodologie_1/reconstructed_parameters/tau_u/high/HIGH_poly_rank_2/HIGH_poly_rank_2_comparison_d_b_e_tau_u.csv,best_by_method_HIGH_methodologie_1_HIGH_poly_rank_2
42,0.1523314819255404,0.0659061753523296,0.9953051541962452,True,best_by_method,HIGH,methodologie_1,HIGH_poly_rank_2,HIGH_poly_rank_2,polynomial,log,/Users/hariderarako/Desktop/python/results/methodologie_1/reconstructed_parameters/tau_u/high/HIGH_poly_rank_2/HIGH_poly_rank_2_comparison_d_b_e_tau_u.csv,best_by_method_HIGH_methodologie_1_HIGH_poly_rank_2
45,0.5865349975545717,0.3688133352541249,0.9495294716217304,True,best_by_method,HIGH,methodologie_1,HIGH_poly_rank_2,HIGH_poly_rank_2,polynomial,log,/Users/hariderarako/Desktop/python/results/methodologie_1/reconstructed_parameters/tau_u/high/HIGH_poly_rank_2/HIGH_poly_rank_2_comparison_d_b_e_tau_u.csv,best_by_method_HIGH_methodologie_1_HIGH_poly_rank_2
48,2.3715741917476736,1.7751656830813858,0.3808331126620131,True,best_by_method,HIGH,methodologie_1,HIGH_poly_rank_2,HIGH_poly_rank_2,polynomial,log,/Users/hariderarako/Desktop/python/results/methodologie_1/reconstructed_parameters/tau_u/high/HIGH_poly_rank_2/HIGH_poly_rank_2_comparison_d_b_e_tau_u.csv,best_by_method_HIGH_methodologie_1_HIGH_poly_rank_2
50,0.9234511526751188,0.5893361940513943,0.8819474131828126,True,best_by_method,HIGH,methodologie_1,HIGH_poly_rank_2,HIGH_poly_rank_2,polynomial,log,/Users/hariderarako/Desktop/python/results/methodologie_1/reconstructed_parameters/tau_u/high/HIGH_poly_rank_2/HIGH_poly_rank_2_comparison_d_b_e_tau_u.csv,best_by_method_HIGH_methodologie_1_HIGH_poly_rank_2
52,1.456204560917991,1.0320911216416464,0.7432237695714786,True,best_by_method,HIGH,methodologie_1,HIGH_poly_rank_2,HIGH_poly_rank_2,polynomial,log,/Users/hariderarako/Desktop/python/results/methodologie_1/reconstructed_parameters/tau_u/high/HIGH_poly_rank_2/HIGH_poly_rank_2_comparison_d_b_e_tau_u.csv,best_by_method_HIGH_methodologie_1_HIGH_poly_rank_2
55,0.0958344156835818,0.0559037646621571,0.9977392619865902,True,best_by_method,HIGH,methodologie_1,HIGH_poly_rank_2,HIGH_poly_rank_2,polynomial,log,/Users/hariderarako/Desktop/python/results/methodologie_1/reconstructed_parameters/tau_u/high/HIGH_poly_rank_2/HIGH_poly_rank_2_comparison_d_b_e_tau_u.csv,best_by_method_HIGH_methodologie_1_HIGH_poly_rank_2
58,0.395989752035432,0.2319256729892055,0.9710467585738576,True,best_by_method,HIGH,methodologie_1,HIGH_poly_rank_2,HIGH_poly_rank_2,polynomial,log,/Users/hariderarako/Desktop/python/results/methodologie_1/reconstructed_parameters/tau_u/high/HIGH_poly_rank_2/HIGH_poly_rank_2_comparison_d_b_e_tau_u.csv,best_by_method_HIGH_methodologie_1_HIGH_poly_rank_2
61,2.188623783931218,1.6204025446906725,0.5177954774805307,True,best_by_method,HIGH,methodologie_1,HIGH_poly_rank_2,HIGH_poly_rank_2,polynomial,log,/Users/hariderarako/Desktop/python/results/methodologie_1/reconstructed_parameters/tau_u/high/HIGH_poly_rank_2/HIGH_poly_rank_2_comparison_d_b_e_tau_u.csv,best_by_method_HIGH_methodologie_1_HIGH_poly_rank_2
64,3.054594087752214,2.277121042533522,-0.025033960500123,True,best_by_method,HIGH,methodologie_1,HIGH_poly_rank_2,HIGH_poly_rank_2,polynomial,log,/Users/hariderarako/Desktop/python/results/methodologie_1/reconstructed_parameters/tau_u/high/HIGH_poly_rank_2/HIGH_poly_rank_2_comparison_d_b_e_tau_u.csv,best_by_method_HIGH_methodologie_1_HIGH_poly_rank_2
67,0.6639266985638398,0.4314435325576359,0.9457039152632464,True,best_by_method,HIGH,methodologie_1,HIGH_poly_rank_2,HIGH_poly_rank_2,polynomial,log,/Users/hariderarako/Desktop/python/results/methodologie_1/reconstructed_parameters/tau_u/high/HIGH_poly_rank_2/HIGH_poly_rank_2_comparison_d_b_e_tau_u.csv,best_by_method_HIGH_methodologie_1_HIGH_poly_rank_2
70,2.1757765048884457,1.5700396854209977,0.4735086985358941,True,best_by_method,HIGH,methodologie_1,HIGH_poly_rank_2,HIGH_poly_rank_2,polynomial,log,/Users/hariderarako/Desktop/python/results/methodologie_1/reconstructed_parameters/tau_u/high/HIGH_poly_rank_2/HIGH_poly_rank_2_comparison_d_b_e_tau_u.csv,best_by_method_HIGH_methodologie_1_HIGH_poly_rank_2
73,0.4374366287617688,0.259932780729388,0.9635149180623996,True,best_by_method,HIGH,methodologie_1,HIGH_poly_rank_2,HIGH_poly_rank_2,polynomial,log,/Users/hariderarako/Desktop/python/results/methodologie_1/reconstructed_parameters/tau_u/high/HIGH_poly_rank_2/HIGH_poly_rank_2_comparison_d_b_e_tau_u.csv,best_by_method_HIGH_methodologie_1_HIGH_poly_rank_2
76,5.0681780471596305,3.369794075301324,-0.9818110655773884,True,best_by_method,HIGH,methodologie_1,HIGH_poly_rank_2,HIGH_poly_rank_2,polynomial,log,/Users/hariderarako/Desktop/python/results/methodologie_1/reconstructed_parameters/tau_u/high/HIGH_poly_rank_2/HIGH_poly_rank_2_comparison_d_b_e_tau_u.csv,best_by_method_HIGH_methodologie_1_HIGH_poly_rank_2
79,1.9671448260704736,1.340415168885941,0.4252329527894569,True,best_by_method,HIGH,methodologie_1,HIGH_poly_rank_2,HIGH_poly_rank_2,polynomial,log,/Users/hariderarako/Desktop/python/results/methodologie_1/reconstructed_parameters/tau_u/high/HIGH_poly_rank_2/HIGH_poly_rank_2_comparison_d_b_e_tau_u.csv,best_by_method_HIGH_methodologie_1_HIGH_poly_rank_2
82,0.4795851812090863,0.2929776398104405,0.8998617945279654,True,best_by_method,HIGH,methodologie_1,HIGH_poly_rank_2,HIGH_poly_rank_2,polynomial,log,/Users/hariderarako/Desktop/python/results/methodologie_1/reconstructed_parameters/tau_u/high/HIGH_poly_rank_2/HIGH_poly_rank_2_comparison_d_b_e_tau_u.csv,best_by_method_HIGH_methodologie_1_HIGH_poly_rank_2
85,0.3667682084267569,0.229684174907513,0.9541036601857634,True,best_by_method,HIGH,methodologie_1,HIGH_poly_rank_2,HIGH_poly_rank_2,polynomial,log,/Users/hariderarako/Desktop/python/results/methodologie_1/reconstructed_parameters/tau_u/high/HIGH_poly_rank_2/HIGH_poly_rank_2_comparison_d_b_e_tau_u.csv,best_by_method_HIGH_methodologie_1_HIGH_poly_rank_2
91,0.962169743721681,0.683080741172277,0.8771224515361421,True,best_by_method,HIGH,methodologie_1,HIGH_poly_rank_2,HIGH_poly_rank_2,polynomial,log,/Users/hariderarako/Desktop/python/results/methodologie_1/reconstructed_parameters/tau_u/high/HIGH_poly_rank_2/HIGH_poly_rank_2_comparison_d_b_e_tau_u.csv,best_by_method_HIGH_methodologie_1_HIGH_poly_rank_2
94,1.1406096782993531,0.803491221297783,0.8552462435968542,True,best_by_method,HIGH,methodologie_1,HIGH_poly_rank_2,HIGH_poly_rank_2,polynomial,log,/Users/hariderarako/Desktop/python/results/methodologie_1/reconstructed_parameters/tau_u/high/HIGH_poly_rank_2/HIGH_poly_rank_2_comparison_d_b_e_tau_u.csv,best_by_method_HIGH_methodologie_1_HIGH_poly_rank_2
97,0.6211512675939784,0.3782568727518882,0.936064329014771,True,best_by_method,HIGH,methodologie_1,HIGH_poly_rank_2,HIGH_poly_rank_2,polynomial,log,/Users/hariderarako/Desktop/python/results/methodologie_1/reconstructed_parameters/tau_u/high/HIGH_poly_rank_2/HIGH_poly_rank_2_comparison_d_b_e_tau_u.csv,best_by_method_HIGH_methodologie_1_HIGH_poly_rank_2
100,0.344636790967577,0.1920025130127085,0.9792964698408269,True,best_by_method,HIGH,methodologie_1,HIGH_poly_rank_2,HIGH_poly_rank_2,polynomial,log,/Users/hariderarako/Desktop/python/results/methodologie_1/reconstructed_parameters/tau_u/high/HIGH_poly_rank_2/HIGH_poly_rank_2_comparison_d_b_e_tau_u.csv,best_by_method_HIGH_methodologie_1_HIGH_poly_rank_2
103,0.1395981432992671,0.0901784884501442,0.9953318248416952,True,best_by_method,HIGH,methodologie_1,HIGH_poly_rank_2,HIGH_poly_rank_2,polynomial,log,/Users/hariderarako/Desktop/python/results/methodologie_1/reconstructed_parameters/tau_u/high/HIGH_poly_rank_2/HIGH_poly_rank_2_comparison_d_b_e_tau_u.csv,best_by_method_HIGH_methodologie_1_HIGH_poly_rank_2
106,0.3101924515284127,0.1664531457893725,0.9759331743223936,True,best_by_method,HIGH,methodologie_1,HIGH_poly_rank_2,HIGH_poly_rank_2,polynomial,log,/Users/hariderarako/Desktop/python/results/methodologie_1/reconstructed_parameters/tau_u/high/HIGH_poly_rank_2/HIGH_poly_rank_2_comparison_d_b_e_tau_u.csv,best_by_method_HIGH_methodologie_1_HIGH_poly_rank_2
109,0.298283507771009,0.1878895888273631,0.968558744311726,True,best_by_method,HIGH,methodologie_1,HIGH_poly_rank_2,HIGH_poly_rank_2,polynomial,log,/Users/hariderarako/Desktop/python/results/methodologie_1/reconstructed_parameters/tau_u/high/HIGH_poly_rank_2/HIGH_poly_rank_2_comparison_d_b_e_tau_u.csv,best_by_method_HIGH_methodologie_1_HIGH_poly_rank_2
112,0.7409584816371741,0.4575954531265091,0.8673298542114879,True,best_by_method,HIGH,methodologie_1,HIGH_poly_rank_2,HIGH_poly_rank_2,polynomial,log,/Users/hariderarako/Desktop/python/results/methodologie_1/reconstructed_parameters/tau_u/high/HIGH_poly_rank_2/HIGH_poly_rank_2_comparison_d_b_e_tau_u.csv,best_by_method_HIGH_methodologie_1_HIGH_poly_rank_2
115,1.5293155899469484,1.1329314726092736,0.6758555129487468,True,best_by_method,HIGH,methodologie_1,HIGH_poly_rank_2,HIGH_poly_rank_2,polynomial,log,/Users/hariderarako/Desktop/python/results/methodologie_1/reconstructed_parameters/tau_u/high/HIGH_poly_rank_2/HIGH_poly_rank_2_comparison_d_b_e_tau_u.csv,best_by_method_HIGH_methodologie_1_HIGH_poly_rank_2
118,0.2271055268136463,0.1233491119562578,0.98757397394689,True,best_by_method,HIGH,methodologie_1,HIGH_poly_rank_2,HIGH_poly_rank_2,polynomial,log,/Users/hariderarako/Desktop/python/results/methodologie_1/reconstructed_parameters/tau_u/high/HIGH_poly_rank_2/HIGH_poly_rank_2_comparison_d_b_e_tau_u.csv,best_by_method_HIGH_methodologie_1_HIGH_poly_rank_2
121,0.3783785620230166,0.2383089324701764,0.9625214712196714,True,best_by_method,HIGH,methodologie_1,HIGH_poly_rank_2,HIGH_poly_rank_2,polynomial,log,/Users/hariderarako/Desktop/python/results/methodologie_1/reconstructed_parameters/tau_u/high/HIGH_poly_rank_2/HIGH_poly_rank_2_comparison_d_b_e_tau_u.csv,best_by_method_HIGH_methodologie_1_HIGH_poly_rank_2
124,0.1558219512459523,0.0728041650277592,0.9938016550354176,True,best_by_method,HIGH,methodologie_1,HIGH_poly_rank_2,HIGH_poly_rank_2,polynomial,log,/Users/hariderarako/Desktop/python/results/methodologie_1/reconstructed_parameters/tau_u/high/HIGH_poly_rank_2/HIGH_poly_rank_2_comparison_d_b_e_tau_u.csv,best_by_method_HIGH_methodologie_1_HIGH_poly_rank_2
127,2.3598269074256444,1.7418849363661175,0.3972662543901506,True,best_by_method,HIGH,methodologie_1,HIGH_poly_rank_2,HIGH_poly_rank_2,polynomial,log,/Users/hariderarako/Desktop/python/results/methodologie_1/reconstructed_parameters/tau_u/high/HIGH_poly_rank_2/HIGH_poly_rank_2_comparison_d_b_e_tau_u.csv,best_by_method_HIGH_methodologie_1_HIGH_poly_rank_2
130,2.675812646329752,1.9694517357703665,0.2948505102142055,True,best_by_method,HIGH,methodologie_1,HIGH_poly_rank_2,HIGH_poly_rank_2,polynomial,log,/Users/hariderarako/Desktop/python/results/methodologie_1/reconstructed_parameters/tau_u/high/HIGH_poly_rank_2/HIGH_poly_rank_2_comparison_d_b_e_tau_u.csv,best_by_method_HIGH_methodologie_1_HIGH_poly_rank_2
133,0.2247521776764302,0.1482242595347155,0.9829363789937384,True,best_by_method,HIGH,methodologie_1,HIGH_poly_rank_2,HIGH_poly_rank_2,polynomial,log,/Users/hariderarako/Desktop/python/results/methodologie_1/reconstructed_parameters/tau_u/high/HIGH_poly_rank_2/HIGH_poly_rank_2_comparison_d_b_e_tau_u.csv,best_by_method_HIGH_methodologie_1_HIGH_poly_rank_2
136,1.537394329286503,1.1291481415042497,0.7118676824493453,True,best_by_method,HIGH,methodologie_1,HIGH_poly_rank_2,HIGH_poly_rank_2,polynomial,log,/Users/hariderarako/Desktop/python/results/methodologie_1/reconstructed_parameters/tau_u/high/HIGH_poly_rank_2/HIGH_poly_rank_2_comparison_d_b_e_tau_u.csv,best_by_method_HIGH_methodologie_1_HIGH_poly_rank_2
139,0.4434850254745203,0.2478264087078853,0.97909431251535,True,best_by_method,HIGH,methodologie_1,HIGH_poly_rank_2,HIGH_poly_rank_2,polynomial,log,/Users/hariderarako/Desktop/python/results/methodologie_1/reconstructed_parameters/tau_u/high/HIGH_poly_rank_2/HIGH_poly_rank_2_comparison_d_b_e_tau_u.csv,best_by_method_HIGH_methodologie_1_HIGH_poly_rank_2
142,0.349822944608778,0.1797477870110567,0.9784070202773572,True,best_by_method,HIGH,methodologie_1,HIGH_poly_rank_2,HIGH_poly_rank_2,polynomial,log,/Users/hariderarako/Desktop/python/results/methodologie_1/reconstructed_parameters/tau_u/high/HIGH_poly_rank_2/HIGH_poly_rank_2_comparison_d_b_e_tau_u.csv,best_by_method_HIGH_methodologie_1_HIGH_poly_rank_2
145,1.2956054357454618,0.8958492007271477,0.7694467840487031,True,best_by_method,HIGH,methodologie_1,HIGH_poly_rank_2,HIGH_poly_rank_2,polynomial,log,/Users/hariderarako/Desktop/python/results/methodologie_1/reconstructed_parameters/tau_u/high/HIGH_poly_rank_2/HIGH_poly_rank_2_comparison_d_b_e_tau_u.csv,best_by_method_HIGH_methodologie_1_HIGH_poly_rank_2
148,0.5831268277972508,0.3573045239713366,0.9583236259689808,True,best_by_method,HIGH,methodologie_1,HIGH_poly_rank_2,HIGH_poly_rank_2,polynomial,log,/Users/hariderarako/Desktop/python/results/methodologie_1/reconstructed_parameters/tau_u/high/HIGH_poly_rank_2/HIGH_poly_rank_2_comparison_d_b_e_tau_u.csv,best_by_method_HIGH_methodologie_1_HIGH_poly_rank_2
151,0.1826348841128473,0.081982073274403,0.9941203751144424,True,best_by_method,HIGH,methodologie_1,HIGH_poly_rank_2,HIGH_poly_rank_2,polynomial,log,/Users/hariderarako/Desktop/python/results/methodologie_1/reconstructed_parameters/tau_u/high/HIGH_poly_rank_2/HIGH_poly_rank_2_comparison_d_b_e_tau_u.csv,best_by_method_HIGH_methodologie_1_HIGH_poly_rank_2
154,0.1882147336253735,0.1216890293503095,0.9887235783820008,True,best_by_method,HIGH,methodologie_1,HIGH_poly_rank_2,HIGH_poly_rank_2,polynomial,log,/Users/hariderarako/Desktop/python/results/methodologie_1/reconstructed_parameters/tau_u/high/HIGH_poly_rank_2/HIGH_poly_rank_2_comparison_d_b_e_tau_u.csv,best_by_method_HIGH_methodologie_1_HIGH_poly_rank_2
157,0.2614361418999402,0.1313047279056654,0.987398613262197,True,best_by_method,HIGH,methodologie_1,HIGH_poly_rank_2,HIGH_poly_rank_2,polynomial,log,/Users/hariderarako/Desktop/python/results/methodologie_1/reconstructed_parameters/tau_u/high/HIGH_poly_rank_2/HIGH_poly_rank_2_comparison_d_b_e_tau_u.csv,best_by_method_HIGH_methodologie_1_HIGH_poly_rank_2
160,0.2657308132982736,0.1450540147141507,0.9846397164055376,True,best_by_method,HIGH,methodologie_1,HIGH_poly_rank_2,HIGH_poly_rank_2,polynomial,log,/Users/hariderarako/Desktop/python/results/methodologie_1/reconstructed_parameters/tau_u/high/HIGH_poly_rank_2/HIGH_poly_rank_2_comparison_d_b_e_tau_u.csv,best_by_method_HIGH_methodologie_1_HIGH_poly_rank_2
163,0.0585298735580174,0.0240144822481178,0.9990985034223444,True,best_by_method,HIGH,methodologie_1,HIGH_poly_rank_2,HIGH_poly_rank_2,polynomial,log,/Users/hariderarako/Desktop/python/results/methodologie_1/reconstructed_parameters/tau_u/high/HIGH_poly_rank_2/HIGH_poly_rank_2_comparison_d_b_e_tau_u.csv,best_by_method_HIGH_methodologie_1_HIGH_poly_rank_2
166,0.1532652347673553,0.1003415411727722,0.9952877418282622,True,best_by_method,HIGH,methodologie_1,HIGH_poly_rank_2,HIGH_poly_rank_2,polynomial,log,/Users/hariderarako/Desktop/python/results/methodologie_1/reconstructed_parameters/tau_u/high/HIGH_poly_rank_2/HIGH_poly_rank_2_comparison_d_b_e_tau_u.csv,best_by_method_HIGH_methodologie_1_HIGH_poly_rank_2
169,0.4811849117631614,0.2795583789848819,0.9753748614421056,True,best_by_method,HIGH,methodologie_1,HIGH_poly_rank_2,HIGH_poly_rank_2,polynomial,log,/Users/hariderarako/Desktop/python/results/methodologie_1/reconstructed_parameters/tau_u/high/HIGH_poly_rank_2/HIGH_poly_rank_2_comparison_d_b_e_tau_u.csv,best_by_method_HIGH_methodologie_1_HIGH_poly_rank_2
172,0.598045888672424,0.3655042272423728,0.954503708986594,True,best_by_method,HIGH,methodologie_1,HIGH_poly_rank_2,HIGH_poly_rank_2,polynomial,log,/Users/hariderarako/Desktop/python/results/methodologie_1/reconstructed_parameters/tau_u/high/HIGH_poly_rank_2/HIGH_poly_rank_2_comparison_d_b_e_tau_u.csv,best_by_method_HIGH_methodologie_1_HIGH_poly_rank_2
175,0.5892706954058604,0.3578085128496339,0.9631932393881228,True,best_by_method,HIGH,methodologie_1,HIGH_poly_rank_2,HIGH_poly_rank_2,polynomial,log,/Users/hariderarako/Desktop/python/results/methodologie_1/reconstructed_parameters/tau_u/high/HIGH_poly_rank_2/HIGH_poly_rank_2_comparison_d_b_e_tau_u.csv,best_by_method_HIGH_methodologie_1_HIGH_poly_rank_2
178,0.6567423387871936,0.4245538935852195,0.9314610724754698,True,best_by_method,HIGH,methodologie_1,HIGH_poly_rank_2,HIGH_poly_rank_2,polynomial,log,/Users/hariderarako/Desktop/python/results/methodologie_1/reconstructed_parameters/tau_u/high/HIGH_poly_rank_2/HIGH_poly_rank_2_comparison_d_b_e_tau_u.csv,best_by_method_HIGH_methodologie_1_HIGH_poly_rank_2
181,0.4435568091457307,0.2606105334104118,0.9686708641121816,True,best_by_method,HIGH,methodologie_1,HIGH_poly_rank_2,HIGH_poly_rank_2,polynomial,log,/Users/hariderarako/Desktop/python/results/methodologie_1/reconstructed_parameters/tau_u/high/HIGH_poly_rank_2/HIGH_poly_rank_2_comparison_d_b_e_tau_u.csv,best_by_method_HIGH_methodologie_1_HIGH_poly_rank_2
184,0.8463525467450503,0.5449359067353641,0.9050023059829992,True,best_by_method,HIGH,methodologie_1,HIGH_poly_rank_2,HIGH_poly_rank_2,polynomial,log,/Users/hariderarako/Desktop/python/results/methodologie_1/reconstructed_parameters/tau_u/high/HIGH_poly_rank_2/HIGH_poly_rank_2_comparison_d_b_e_tau_u.csv,best_by_method_HIGH_methodologie_1_HIGH_poly_rank_2
187,0.7189497393856404,0.4668150613408185,0.8949657451462989,True,best_by_method,HIGH,methodologie_1,HIGH_poly_rank_2,HIGH_poly_rank_2,polynomial,log,/Users/hariderarako/Desktop/python/results/methodologie_1/reconstructed_parameters/tau_u/high/HIGH_poly_rank_2/HIGH_poly_rank_2_comparison_d_b_e_tau_u.csv,best_by_method_HIGH_methodologie_1_HIGH_poly_rank_2
190,2.5867569607060896,1.9484639019794705,0.3778849469815277,True,best_by_method,HIGH,methodologie_1,HIGH_poly_rank_2,HIGH_poly_rank_2,polynomial,log,/Users/hariderarako/Desktop/python/results/methodologie_1/reconstructed_parameters/tau_u/high/HIGH_poly_rank_2/HIGH_poly_rank_2_comparison_d_b_e_tau_u.csv,best_by_method_HIGH_methodologie_1_HIGH_poly_rank_2
193,0.4834611420176504,0.3027867414048139,0.9325724038900224,True,best_by_method,HIGH,methodologie_1,HIGH_poly_rank_2,HIGH_poly_rank_2,polynomial,log,/Users/hariderarako/Desktop/python/results/methodologie_1/reconstructed_parameters/tau_u/high/HIGH_poly_rank_2/HIGH_poly_rank_2_comparison_d_b_e_tau_u.csv,best_by_method_HIGH_methodologie_1_HIGH_poly_rank_2
196,0.5959150381485668,0.35521565885888,0.948801611872123,True,best_by_method,HIGH,methodologie_1,HIGH_poly_rank_2,HIGH_poly_rank_2,polynomial,log,/Users/hariderarako/Desktop/python/results/methodologie_1/reconstructed_parameters/tau_u/high/HIGH_poly_rank_2/HIGH_poly_rank_2_comparison_d_b_e_tau_u.csv,best_by_method_HIGH_methodologie_1_HIGH_poly_rank_2
199,1.1024516449425297,0.7882784817557348,0.8880578398614054,True,best_by_method,HIGH,methodologie_1,HIGH_poly_rank_2,HIGH_poly_rank_2,polynomial,log,/Users/hariderarako/Desktop/python/results/methodologie_1/reconstructed_parameters/tau_u/high/HIGH_poly_rank_2/HIGH_poly_rank_2_comparison_d_b_e_tau_u.csv,best_by_method_HIGH_methodologie_1_HIGH_poly_rank_2
202,0.6606491470439653,0.4092248957116314,0.9253707207048114,True,best_by_method,HIGH,methodologie_1,HIGH_poly_rank_2,HIGH_poly_rank_2,polynomial,log,/Users/hariderarako/Desktop/python/results/methodologie_1/reconstructed_parameters/tau_u/high/HIGH_poly_rank_2/HIGH_poly_rank_2_comparison_d_b_e_tau_u.csv,best_by_method_HIGH_methodologie_1_HIGH_poly_rank_2
244,4.245710045566866,2.946265691817911,0.8003848820612959,True,best_by_method,HIGH,methodologie_1,HIGH_poly_rank_2,HIGH_poly_rank_2,polynomial,log,/Users/hariderarako/Desktop/python/results/methodologie_1/reconstructed_parameters/tau_u/high/HIGH_poly_rank_2/HIGH_poly_rank_2_comparison_d_b_e_tau_u.csv,best_by_method_HIGH_methodologie_1_HIGH_poly_rank_2
258,0.5499666979636115,0.2836716016850356,0.9989692649429338,True,best_by_method,HIGH,methodologie_1,HIGH_poly_rank_2,HIGH_poly_rank_2,polynomial,log,/Users/hariderarako/Desktop/python/results/methodologie_1/reconstructed_parameters/tau_u/high/HIGH_poly_rank_2/HIGH_poly_rank_2_comparison_d_b_e_tau_u.csv,best_by_method_HIGH_methodologie_1_HIGH_poly_rank_2
323,0.1816845650656793,0.1419673721884454,0.9892065202045518,True,best_by_method,HIGH,methodologie_1,HIGH_poly_rank_2,HIGH_poly_rank_2,polynomial,log,/Users/hariderarako/Desktop/python/results/methodologie_1/reconstructed_parameters/tau_u/high/HIGH_poly_rank_2/HIGH_poly_rank_2_comparison_d_b_e_tau_u.csv,best_by_method_HIGH_methodologie_1_HIGH_poly_rank_2
16,0.0327477817101752,0.0107579680321434,0.9995963161068944,True,best_by_method,HIGH,methodologie_2,HIGH_direct_poly_rank_1,HIGH_direct_poly_rank_1,polynomial,log_gap,/Users/hariderarako/Desktop/python/results/methodologie_2/reconstructed_parameters/from_z/high/HIGH_direct_poly_rank_1_b_d_from_e_predictions.csv,best_by_method_HIGH_methodologie_2_HIGH_direct_poly_rank_1
18,0.0065870634875916,0.0025382230489754,0.9999873408362844,True,best_by_method,HIGH,methodologie_2,HIGH_direct_poly_rank_1,HIGH_direct_poly_rank_1,polynomial,log_gap,/Users/hariderarako/Desktop/python/results/methodologie_2/reconstructed_parameters/from_z/high/HIGH_direct_poly_rank_1_b_d_from_e_predictions.csv,best_by_method_HIGH_methodologie_2_HIGH_direct_poly_rank_1
21,0.0167568146127651,0.0097697617154052,0.9997121111942756,True,best_by_method,HIGH,methodologie_2,HIGH_direct_poly_rank_1,HIGH_direct_poly_rank_1,polynomial,log_gap,/Users/hariderarako/Desktop/python/results/methodologie_2/reconstructed_parameters/from_z/high/HIGH_direct_poly_rank_1_b_d_from_e_predictions.csv,best_by_method_HIGH_methodologie_2_HIGH_direct_poly_rank_1
22,0.0858194353502821,0.0269015778616733,0.9986235598410216,True,best_by_method,HIGH,methodologie_2,HIGH_direct_poly_rank_1,HIGH_direct_poly_rank_1,polynomial,log_gap,/Users/hariderarako/Desktop/python/results/methodologie_2/reconstructed_parameters/from_z/high/HIGH_direct_poly_rank_1_b_d_from_e_predictions.csv,best_by_method_HIGH_methodologie_2_HIGH_direct_poly_rank_1
23,0.1184284343633243,0.0411375845382356,0.9788613402665868,True,best_by_method,HIGH,methodologie_2,HIGH_direct_poly_rank_1,HIGH_direct_poly_rank_1,polynomial,log_gap,/Users/hariderarako/Desktop/python/results/methodologie_2/reconstructed_parameters/from_z/high/HIGH_direct_poly_rank_1_b_d_from_e_predictions.csv,best_by_method_HIGH_methodologie_2_HIGH_direct_poly_rank_1
24,0.0630609837923861,0.0168450430215346,0.994450353672602,True,best_by_method,HIGH,methodologie_2,HIGH_direct_poly_rank_1,HIGH_direct_poly_rank_1,polynomial,log_gap,/Users/hariderarako/Desktop/python/results/methodologie_2/reconstructed_parameters/from_z/high/HIGH_direct_poly_rank_1_b_d_from_e_predictions.csv,best_by_method_HIGH_methodologie_2_HIGH_direct_poly_rank_1
30,0.0315454558085878,0.019311547489571,0.999889857473232,True,best_by_method,HIGH,methodologie_2,HIGH_direct_poly_rank_1,HIGH_direct_poly_rank_1,polynomial,log_gap,/Users/hariderarako/Desktop/python/results/methodologie_2/reconstructed_parameters/from_z/high/HIGH_direct_poly_rank_1_b_d_from_e_predictions.csv,best_by_method_HIGH_methodologie_2_HIGH_direct_poly_rank_1
33,0.1053779382104851,0.0694206059549119,0.999164428338857,True,best_by_method,HIGH,methodologie_2,HIGH_direct_poly_rank_1,HIGH_direct_poly_rank_1,polynomial,log_gap,/Users/hariderarako/Desktop/python/results/methodologie_2/reconstructed_parameters/from_z/high/HIGH_direct_poly_rank_1_b_d_from_e_predictions.csv,best_by_method_HIGH_methodologie_2_HIGH_direct_poly_rank_1
36,0.1321906874545116,0.0713499615061417,0.9973674328109404,True,best_by_method,HIGH,methodologie_2,HIGH_direct_poly_rank_1,HIGH_direct_poly_rank_1,polynomial,log_gap,/Users/hariderarako/Desktop/python/results/methodologie_2/reconstructed_parameters/from_z/high/HIGH_direct_poly_rank_1_b_d_from_e_predictions.csv,best_by_method_HIGH_methodologie_2_HIGH_direct_poly_rank_1
39,0.0085411735511603,0.003518975581354,0.9999812116967476,True,best_by_method,HIGH,methodologie_2,HIGH_direct_poly_rank_1,HIGH_direct_poly_rank_1,polynomial,log_gap,/Users/hariderarako/Desktop/python/results/methodologie_2/reconstructed_parameters/from_z/high/HIGH_direct_poly_rank_1_b_d_from_e_predictions.csv,best_by_method_HIGH_methodologie_2_HIGH_direct_poly_rank_1
42,0.0095941624445907,0.0044127103507491,0.9999813767216738,True,best_by_method,HIGH,methodologie_2,HIGH_direct_poly_rank_1,HIGH_direct_poly_rank_1,polynomial,log_gap,/Users/hariderarako/Desktop/python/results/methodologie_2/reconstructed_parameters/from_z/high/HIGH_direct_poly_rank_1_b_d_from_e_predictions.csv,best_by_method_HIGH_methodologie_2_HIGH_direct_poly_rank_1
45,0.1471457716542106,0.0843877720899182,0.996823524109499,True,best_by_method,HIGH,methodologie_2,HIGH_direct_poly_rank_1,HIGH_direct_poly_rank_1,polynomial,log_gap,/Users/hariderarako/Desktop/python/results/methodologie_2/reconstructed_parameters/from_z/high/HIGH_direct_poly_rank_1_b_d_from_e_predictions.csv,best_by_method_HIGH_methodologie_2_HIGH_direct_poly_rank_1
48,0.0494991520248157,0.0309647189520717,0.999730269654004,True,best_by_method,HIGH,methodologie_2,HIGH_direct_poly_rank_1,HIGH_direct_poly_rank_1,polynomial,log_gap,/Users/hariderarako/Desktop/python/results/methodologie_2/reconstructed_parameters/from_z/high/HIGH_direct_poly_rank_1_b_d_from_e_predictions.csv,best_by_method_HIGH_methodologie_2_HIGH_direct_poly_rank_1
50,0.0194155011829049,0.0105828800735876,0.9999478150989988,True,best_by_method,HIGH,methodologie_2,HIGH_direct_poly_rank_1,HIGH_direct_poly_rank_1,polynomial,log_gap,/Users/hariderarako/Desktop/python/results/methodologie_2/reconstructed_parameters/from_z/high/HIGH_direct_poly_rank_1_b_d_from_e_predictions.csv,best_by_method_HIGH_methodologie_2_HIGH_direct_poly_rank_1
52,0.0825790669179119,0.0486537145629819,0.999174247327796,True,best_by_method,HIGH,methodologie_2,HIGH_direct_poly_rank_1,HIGH_direct_poly_rank_1,polynomial,log_gap,/Users/hariderarako/Desktop/python/results/methodologie_2/reconstructed_parameters/from_z/high/HIGH_direct_poly_rank_1_b_d_from_e_predictions.csv,best_by_method_HIGH_methodologie_2_HIGH_direct_poly_rank_1
55,0.0446850047050612,0.0193411303151387,0.9995084917019148,True,best_by_method,HIGH,methodologie_2,HIGH_direct_poly_rank_1,HIGH_direct_poly_rank_1,polynomial,log_gap,/Users/hariderarako/Desktop/python/results/methodologie_2/reconstructed_parameters/from_z/high/HIGH_direct_poly_rank_1_b_d_from_e_predictions.csv,best_by_method_HIGH_methodologie_2_HIGH_direct_poly_rank_1
58,0.0232907482412232,0.012840694941605,0.9998998395700772,True,best_by_method,HIGH,methodologie_2,HIGH_direct_poly_rank_1,HIGH_direct_poly_rank_1,polynomial,log_gap,/Users/hariderarako/Desktop/python/results/methodologie_2/reconstructed_parameters/from_z/high/HIGH_direct_poly_rank_1_b_d_from_e_predictions.csv,best_by_method_HIGH_methodologie_2_HIGH_direct_poly_rank_1
61,0.1049689496958815,0.0642089113099501,0.998890797719341,True,best_by_method,HIGH,methodologie_2,HIGH_direct_poly_rank_1,HIGH_direct_poly_rank_1,polynomial,log_gap,/Users/hariderarako/Desktop/python/results/methodologie_2/reconstructed_parameters/from_z/high/HIGH_direct_poly_rank_1_b_d_from_e_predictions.csv,best_by_method_HIGH_methodologie_2_HIGH_direct_poly_rank_1
64,0.0750678906334512,0.0462825941070941,0.999380930132406,True,best_by_method,HIGH,methodologie_2,HIGH_direct_poly_rank_1,HIGH_direct_poly_rank_1,polynomial,log_gap,/Users/hariderarako/Desktop/python/results/methodologie_2/reconstructed_parameters/from_z/high/HIGH_direct_poly_rank_1_b_d_from_e_predictions.csv,best_by_method_HIGH_methodologie_2_HIGH_direct_poly_rank_1
67,0.0948607222297733,0.0545985606858269,0.9988915883009428,True,best_by_method,HIGH,methodologie_2,HIGH_direct_poly_rank_1,HIGH_direct_poly_rank_1,polynomial,log_gap,/Users/hariderarako/Desktop/python/results/methodologie_2/reconstructed_parameters/from_z/high/HIGH_direct_poly_rank_1_b_d_from_e_predictions.csv,best_by_method_HIGH_methodologie_2_HIGH_direct_poly_rank_1
70,0.1382081280472117,0.0823979559627474,0.9978756317386078,True,best_by_method,HIGH,methodologie_2,HIGH_direct_poly_rank_1,HIGH_direct_poly_rank_1,polynomial,log_gap,/Users/hariderarako/Desktop/python/results/methodologie_2/reconstructed_parameters/from_z/high/HIGH_direct_poly_rank_1_b_d_from_e_predictions.csv,best_by_method_HIGH_methodologie_2_HIGH_direct_poly_rank_1
73,0.0222890053901472,0.012573084109441,0.99990527460768,True,best_by_method,HIGH,methodologie_2,HIGH_direct_poly_rank_1,HIGH_direct_poly_rank_1,polynomial,log_gap,/Users/hariderarako/Desktop/python/results/methodologie_2/reconstructed_parameters/from_z/high/HIGH_direct_poly_rank_1_b_d_from_e_predictions.csv,best_by_method_HIGH_methodologie_2_HIGH_direct_poly_rank_1
76,0.2045341157895906,0.1143671108429817,0.996772323223593,True,best_by_method,HIGH,methodologie_2,HIGH_direct_poly_rank_1,HIGH_direct_poly_rank_1,polynomial,log_gap,/Users/hariderarako/Desktop/python/results/methodologie_2/reconstructed_parameters/from_z/high/HIGH_direct_poly_rank_1_b_d_from_e_predictions.csv,best_by_method_HIGH_methodologie_2_HIGH_direct_poly_rank_1
79,0.1337180247117548,0.07603450946807,0.9973441771920566,True,best_by_method,HIGH,methodologie_2,HIGH_direct_poly_rank_1,HIGH_direct_poly_rank_1,polynomial,log_gap,/Users/hariderarako/Desktop/python/results/methodologie_2/reconstructed_parameters/from_z/high/HIGH_direct_poly_rank_1_b_d_from_e_predictions.csv,best_by_method_HIGH_methodologie_2_HIGH_direct_poly_rank_1
82,0.1255541012760767,0.0441061412784,0.9931367455370472,True,best_by_method,HIGH,methodologie_2,HIGH_direct_poly_rank_1,HIGH_direct_poly_rank_1,polynomial,log_gap,/Users/hariderarako/Desktop/python/results/methodologie_2/reconstructed_parameters/from_z/high/HIGH_direct_poly_rank_1_b_d_from_e_predictions.csv,best_by_method_HIGH_methodologie_2_HIGH_direct_poly_rank_1
85,0.0694464847573879,0.0250988172598714,0.9983545101047856,True,best_by_method,HIGH,methodologie_2,HIGH_direct_poly_rank_1,HIGH_direct_poly_rank_1,polynomial,log_gap,/Users/hariderarako/Desktop/python/results/methodologie_2/reconstructed_parameters/from_z/high/HIGH_direct_poly_rank_1_b_d_from_e_predictions.csv,best_by_method_HIGH_methodologie_2_HIGH_direct_poly_rank_1
91,0.0239087670341907,0.014433008569373,0.9999241276550644,True,best_by_method,HIGH,methodologie_2,HIGH_direct_poly_rank_1,HIGH_direct_poly_rank_1,polynomial,log_gap,/Users/hariderarako/Desktop/python/results/methodologie_2/reconstructed_parameters/from_z/high/HIGH_direct_poly_rank_1_b_d_from_e_predictions.csv,best_by_method_HIGH_methodologie_2_HIGH_direct_poly_rank_1
94,0.0227535111324107,0.0136137611995204,0.9999423960076972,True,best_by_method,HIGH,methodologie_2,HIGH_direct_poly_rank_1,HIGH_direct_poly_rank_1,polynomial,log_gap,/Users/hariderarako/Desktop/python/results/methodologie_2/reconstructed_parameters/from_z/high/HIGH_direct_poly_rank_1_b_d_from_e_predictions.csv,best_by_method_HIGH_methodologie_2_HIGH_direct_poly_rank_1
97,0.0133173132858106,0.0080917165493848,0.9999706112097908,True,best_by_method,HIGH,methodologie_2,HIGH_direct_poly_rank_1,HIGH_direct_poly_rank_1,polynomial,log_gap,/Users/hariderarako/Desktop/python/results/methodologie_2/reconstructed_parameters/from_z/high/HIGH_direct_poly_rank_1_b_d_from_e_predictions.csv,best_by_method_HIGH_methodologie_2_HIGH_direct_poly_rank_1
100,0.0101562551907316,0.005395289955088,0.9999820200559058,True,best_by_method,HIGH,methodologie_2,HIGH_direct_poly_rank_1,HIGH_direct_poly_rank_1,polynomial,log_gap,/Users/hariderarako/Desktop/python/results/methodologie_2/reconstructed_parameters/from_z/high/HIGH_direct_poly_rank_1_b_d_from_e_predictions.csv,best_by_method_HIGH_methodologie_2_HIGH_direct_poly_rank_1
103,0.008771168046513,0.0036597305173609,0.9999815709595832,True,best_by_method,HIGH,methodologie_2,HIGH_direct_poly_rank_1,HIGH_direct_poly_rank_1,polynomial,log_gap,/Users/hariderarako/Desktop/python/results/methodologie_2/reconstructed_parameters/from_z/high/HIGH_direct_poly_rank_1_b_d_from_e_predictions.csv,best_by_method_HIGH_methodologie_2_HIGH_direct_poly_rank_1
106,0.1535930049166602,0.079154116472511,0.994099358408182,True,best_by_method,HIGH,methodologie_2,HIGH_direct_poly_rank_1,HIGH_direct_poly_rank_1,polynomial,log_gap,/Users/hariderarako/Desktop/python/results/methodologie_2/reconstructed_parameters/from_z/high/HIGH_direct_poly_rank_1_b_d_from_e_predictions.csv,best_by_method_HIGH_methodologie_2_HIGH_direct_poly_rank_1
109,0.0372714904913298,0.0143669234528792,0.9995090978658104,True,best_by_method,HIGH,methodologie_2,HIGH_direct_poly_rank_1,HIGH_direct_poly_rank_1,polynomial,log_gap,/Users/hariderarako/Desktop/python/results/methodologie_2/reconstructed_parameters/from_z/high/HIGH_direct_poly_rank_1_b_d_from_e_predictions.csv,best_by_method_HIGH_methodologie_2_HIGH_direct_poly_rank_1
112,0.0920357981096221,0.0328676610222289,0.997953088695528,True,best_by_method,HIGH,methodologie_2,HIGH_direct_poly_rank_1,HIGH_direct_poly_rank_1,polynomial,log_gap,/Users/hariderarako/Desktop/python/results/methodologie_2/reconstructed_parameters/from_z/high/HIGH_direct_poly_rank_1_b_d_from_e_predictions.csv,best_by_method_HIGH_methodologie_2_HIGH_direct_poly_rank_1
115,0.0834385938857509,0.0513127568452246,0.9990351087645484,True,best_by_method,HIGH,methodologie_2,HIGH_direct_poly_rank_1,HIGH_direct_poly_rank_1,polynomial,log_gap,/Users/hariderarako/Desktop/python/results/methodologie_2/reconstructed_parameters/from_z/high/HIGH_direct_poly_rank_1_b_d_from_e_predictions.csv,best_by_method_HIGH_methodologie_2_HIGH_direct_poly_rank_1
118,0.0106201603083929,0.0054387135710094,0.99997282691183,True,best_by_method,HIGH,methodologie_2,HIGH_direct_poly_rank_1,HIGH_direct_poly_rank_1,polynomial,log_gap,/Users/hariderarako/Desktop/python/results/methodologie_2/reconstructed_parameters/from_z/high/HIGH_direct_poly_rank_1_b_d_from_e_predictions.csv,best_by_method_HIGH_methodologie_2_HIGH_direct_poly_rank_1
121,0.0621454910087574,0.0315291514017707,0.998989005630374,True,best_by_method,HIGH,methodologie_2,HIGH_direct_poly_rank_1,HIGH_direct_poly_rank_1,polynomial,log_gap,/Users/hariderarako/Desktop/python/results/methodologie_2/reconstructed_parameters/from_z/high/HIGH_direct_poly_rank_1_b_d_from_e_predictions.csv,best_by_method_HIGH_methodologie_2_HIGH_direct_poly_rank_1
124,0.0142883664431139,0.0069526716035321,0.9999478824939416,True,best_by_method,HIGH,methodologie_2,HIGH_direct_poly_rank_1,HIGH_direct_poly_rank_1,polynomial,log_gap,/Users/hariderarako/Desktop/python/results/methodologie_2/reconstructed_parameters/from_z/high/HIGH_direct_poly_rank_1_b_d_from_e_predictions.csv,best_by_method_HIGH_methodologie_2_HIGH_direct_poly_rank_1
127,0.1288414034628633,0.0785032305374,0.9982032977835972,True,best_by_method,HIGH,methodologie_2,HIGH_direct_poly_rank_1,HIGH_direct_poly_rank_1,polynomial,log_gap,/Users/hariderarako/Desktop/python/results/methodologie_2/reconstructed_parameters/from_z/high/HIGH_direct_poly_rank_1_b_d_from_e_predictions.csv,best_by_method_HIGH_methodologie_2_HIGH_direct_poly_rank_1
130,0.1233665608869244,0.07497149634312,0.9985011274431638,True,best_by_method,HIGH,methodologie_2,HIGH_direct_poly_rank_1,HIGH_direct_poly_rank_1,polynomial,log_gap,/Users/hariderarako/Desktop/python/results/methodologie_2/reconstructed_parameters/from_z/high/HIGH_direct_poly_rank_1_b_d_from_e_predictions.csv,best_by_method_HIGH_methodologie_2_HIGH_direct_poly_rank_1
133,0.0300970492625621,0.0127675414696678,0.9996940071927016,True,best_by_method,HIGH,methodologie_2,HIGH_direct_poly_rank_1,HIGH_direct_poly_rank_1,polynomial,log_gap,/Users/hariderarako/Desktop/python/results/methodologie_2/reconstructed_parameters/from_z/high/HIGH_direct_poly_rank_1_b_d_from_e_predictions.csv,best_by_method_HIGH_methodologie_2_HIGH_direct_poly_rank_1
136,0.0448519352822911,0.0274897380570085,0.9997547642413358,True,best_by_method,HIGH,methodologie_2,HIGH_direct_poly_rank_1,HIGH_direct_poly_rank_1,polynomial,log_gap,/Users/hariderarako/Desktop/python/results/methodologie_2/reconstructed_parameters/from_z/high/HIGH_direct_poly_rank_1_b_d_from_e_predictions.csv,best_by_method_HIGH_methodologie_2_HIGH_direct_poly_rank_1
139,0.109099862028169,0.058924756896304,0.9987348123725058,True,best_by_method,HIGH,methodologie_2,HIGH_direct_poly_rank_1,HIGH_direct_poly_rank_1,polynomial,log_gap,/Users/hariderarako/Desktop/python/results/methodologie_2/reconstructed_parameters/from_z/high/HIGH_direct_poly_rank_1_b_d_from_e_predictions.csv,best_by_method_HIGH_methodologie_2_HIGH_direct_poly_rank_1
142,0.433165107295733,0.1944573656399858,0.9668927638899026,True,best_by_method,HIGH,methodologie_2,HIGH_direct_poly_rank_1,HIGH_direct_poly_rank_1,polynomial,log_gap,/Users/hariderarako/Desktop/python/results/methodologie_2/reconstructed_parameters/from_z/high/HIGH_direct_poly_rank_1_b_d_from_e_predictions.csv,best_by_method_HIGH_methodologie_2_HIGH_direct_poly_rank_1
145,0.0632517784365744,0.036564518958051,0.9994504956387964,True,best_by_method,HIGH,methodologie_2,HIGH_direct_poly_rank_1,HIGH_direct_poly_rank_1,polynomial,log_gap,/Users/hariderarako/Desktop/python/results/methodologie_2/reconstructed_parameters/from_z/high/HIGH_direct_poly_rank_1_b_d_from_e_predictions.csv,best_by_method_HIGH_methodologie_2_HIGH_direct_poly_rank_1
148,0.0686438440361657,0.0389765062081393,0.9994224799398408,True,best_by_method,HIGH,methodologie_2,HIGH_direct_poly_rank_1,HIGH_direct_poly_rank_1,polynomial,log_gap,/Users/hariderarako/Desktop/python/results/methodologie_2/reconstructed_parameters/from_z/high/HIGH_direct_poly_rank_1_b_d_from_e_predictions.csv,best_by_method_HIGH_methodologie_2_HIGH_direct_poly_rank_1
151,0.0634939047388718,0.0299711361663888,0.9992893656032604,True,best_by_method,HIGH,methodologie_2,HIGH_direct_poly_rank_1,HIGH_direct_poly_rank_1,polynomial,log_gap,/Users/hariderarako/Desktop/python/results/methodologie_2/reconstructed_parameters/from_z/high/HIGH_direct_poly_rank_1_b_d_from_e_predictions.csv,best_by_method_HIGH_methodologie_2_HIGH_direct_poly_rank_1
154,0.0530587130755428,0.0188912800951652,0.9991038566325104,True,best_by_method,HIGH,methodologie_2,HIGH_direct_poly_rank_1,HIGH_direct_poly_rank_1,polynomial,log_gap,/Users/hariderarako/Desktop/python/results/methodologie_2/reconstructed_parameters/from_z/high/HIGH_direct_poly_rank_1_b_d_from_e_predictions.csv,best_by_method_HIGH_methodologie_2_HIGH_direct_poly_rank_1
157,0.0938316033563255,0.0481826173184486,0.998376750179794,True,best_by_method,HIGH,methodologie_2,HIGH_direct_poly_rank_1,HIGH_direct_poly_rank_1,polynomial,log_gap,/Users/hariderarako/Desktop/python/results/methodologie_2/reconstructed_parameters/from_z/high/HIGH_direct_poly_rank_1_b_d_from_e_predictions.csv,best_by_method_HIGH_methodologie_2_HIGH_direct_poly_rank_1
160,0.0420458101841074,0.0218912284585228,0.9996154428847184,True,best_by_method,HIGH,methodologie_2,HIGH_direct_poly_rank_1,HIGH_direct_poly_rank_1,polynomial,log_gap,/Users/hariderarako/Desktop/python/results/methodologie_2/reconstructed_parameters/from_z/high/HIGH_direct_poly_rank_1_b_d_from_e_predictions.csv,best_by_method_HIGH_methodologie_2_HIGH_direct_poly_rank_1
163,0.0276388010368405,0.0103730009476586,0.9997989762780785,True,best_by_method,HIGH,methodologie_2,HIGH_direct_poly_rank_1,HIGH_direct_poly_rank_1,polynomial,log_gap,/Users/hariderarako/Desktop/python/results/methodologie_2/reconstructed_parameters/from_z/high/HIGH_direct_poly_rank_1_b_d_from_e_predictions.csv,best_by_method_HIGH_methodologie_2_HIGH_direct_poly_rank_1
166,0.0091950572543139,0.0037579060602883,0.9999830390317088,True,best_by_method,HIGH,methodologie_2,HIGH_direct_poly_rank_1,HIGH_direct_poly_rank_1,polynomial,log_gap,/Users/hariderarako/Desktop/python/results/methodologie_2/reconstructed_parameters/from_z/high/HIGH_direct_poly_rank_1_b_d_from_e_predictions.csv,best_by_method_HIGH_methodologie_2_HIGH_direct_poly_rank_1
169,0.2241384669892539,0.119939464470668,0.9946569716895262,True,best_by_method,HIGH,methodologie_2,HIGH_direct_poly_rank_1,HIGH_direct_poly_rank_1,polynomial,log_gap,/Users/hariderarako/Desktop/python/results/methodologie_2/reconstructed_parameters/from_z/high/HIGH_direct_poly_rank_1_b_d_from_e_predictions.csv,best_by_method_HIGH_methodologie_2_HIGH_direct_poly_rank_1
172,0.0426716370368004,0.0241173771018692,0.9997683749193896,True,best_by_method,HIGH,methodologie_2,HIGH_direct_poly_rank_1,HIGH_direct_poly_rank_1,polynomial,log_gap,/Users/hariderarako/Desktop/python/results/methodologie_2/reconstructed_parameters/from_z/high/HIGH_direct_poly_rank_1_b_d_from_e_predictions.csv,best_by_method_HIGH_methodologie_2_HIGH_direct_poly_rank_1
175,0.0305267576345351,0.0169933606401654,0.9999012222189838,True,best_by_method,HIGH,methodologie_2,HIGH_direct_poly_rank_1,HIGH_direct_poly_rank_1,polynomial,log_gap,/Users/hariderarako/Desktop/python/results/methodologie_2/reconstructed_parameters/from_z/high/HIGH_direct_poly_rank_1_b_d_from_e_predictions.csv,best_by_method_HIGH_methodologie_2_HIGH_direct_poly_rank_1
178,0.0575524752894486,0.0335160149501522,0.9994736491991236,True,best_by_method,HIGH,methodologie_2,HIGH_direct_poly_rank_1,HIGH_direct_poly_rank_1,polynomial,log_gap,/Users/hariderarako/Desktop/python/results/methodologie_2/reconstructed_parameters/from_z/high/HIGH_direct_poly_rank_1_b_d_from_e_predictions.csv,best_by_method_HIGH_methodologie_2_HIGH_direct_poly_rank_1
181,0.0912007735615191,0.0502756818456343,0.9986755152589664,True,best_by_method,HIGH,methodologie_2,HIGH_direct_poly_rank_1,HIGH_direct_poly_rank_1,polynomial,log_gap,/Users/hariderarako/Desktop/python/results/methodologie_2/reconstructed_parameters/from_z/high/HIGH_direct_poly_rank_1_b_d_from_e_predictions.csv,best_by_method_HIGH_methodologie_2_HIGH_direct_poly_rank_1
184,0.0048207453515622,0.0026549203160323,0.9999969179559974,True,best_by_method,HIGH,methodologie_2,HIGH_direct_poly_rank_1,HIGH_direct_poly_rank_1,polynomial,log_gap,/Users/hariderarako/Desktop/python/results/methodologie_2/reconstructed_parameters/from_z/high/HIGH_direct_poly_rank_1_b_d_from_e_predictions.csv,best_by_method_HIGH_methodologie_2_HIGH_direct_poly_rank_1
187,0.0112520109993974,0.0069172247766267,0.9999742727010158,True,best_by_method,HIGH,methodologie_2,HIGH_direct_poly_rank_1,HIGH_direct_poly_rank_1,polynomial,log_gap,/Users/hariderarako/Desktop/python/results/methodologie_2/reconstructed_parameters/from_z/high/HIGH_direct_poly_rank_1_b_d_from_e_predictions.csv,best_by_method_HIGH_methodologie_2_HIGH_direct_poly_rank_1
190,0.1519180115029997,0.0945489911455659,0.9978542555820284,True,best_by_method,HIGH,methodologie_2,HIGH_direct_poly_rank_1,HIGH_direct_poly_rank_1,polynomial,log_gap,/Users/hariderarako/Desktop/python/results/methodologie_2/reconstructed_parameters/from_z/high/HIGH_direct_poly_rank_1_b_d_from_e_predictions.csv,best_by_method_HIGH_methodologie_2_HIGH_direct_poly_rank_1
193,0.1001180596552536,0.046524992255024,0.9971083922647356,True,best_by_method,HIGH,methodologie_2,HIGH_direct_poly_rank_1,HIGH_direct_poly_rank_1,polynomial,log_gap,/Users/hariderarako/Desktop/python/results/methodologie_2/reconstructed_parameters/from_z/high/HIGH_direct_poly_rank_1_b_d_from_e_predictions.csv,best_by_method_HIGH_methodologie_2_HIGH_direct_poly_rank_1
196,0.0434747603465815,0.0252046174260597,0.9997275028331148,True,best_by_method,HIGH,methodologie_2,HIGH_direct_poly_rank_1,HIGH_direct_poly_rank_1,polynomial,log_gap,/Users/hariderarako/Desktop/python/results/methodologie_2/reconstructed_parameters/from_z/high/HIGH_direct_poly_rank_1_b_d_from_e_predictions.csv,best_by_method_HIGH_methodologie_2_HIGH_direct_poly_rank_1
199,0.040182680569721,0.0240582600918076,0.9998512858156228,True,best_by_method,HIGH,methodologie_2,HIGH_direct_poly_rank_1,HIGH_direct_poly_rank_1,polynomial,log_gap,/Users/hariderarako/Desktop/python/results/methodologie_2/reconstructed_parameters/from_z/high/HIGH_direct_poly_rank_1_b_d_from_e_predictions.csv,best_by_method_HIGH_methodologie_2_HIGH_direct_poly_rank_1
202,0.0332860816631503,0.0176339281643532,0.9998105507723656,True,best_by_method,HIGH,methodologie_2,HIGH_direct_poly_rank_1,HIGH_direct_poly_rank_1,polynomial,log_gap,/Users/hariderarako/Desktop/python/results/methodologie_2/reconstructed_parameters/from_z/high/HIGH_direct_poly_rank_1_b_d_from_e_predictions.csv,best_by_method_HIGH_methodologie_2_HIGH_direct_poly_rank_1
244,0.1614788316666318,0.1357659184139122,0.9997112486894308,True,best_by_method,HIGH,methodologie_2,HIGH_direct_poly_rank_1,HIGH_direct_poly_rank_1,polynomial,log_gap,/Users/hariderarako/Desktop/python/results/methodologie_2/reconstructed_parameters/from_z/high/HIGH_direct_poly_rank_1_b_d_from_e_predictions.csv,best_by_method_HIGH_methodologie_2_HIGH_direct_poly_rank_1
258,0.1228418007863265,0.0957505731449686,0.9999485759104988,True,best_by_method,HIGH,methodologie_2,HIGH_direct_poly_rank_1,HIGH_direct_poly_rank_1,polynomial,log_gap,/Users/hariderarako/Desktop/python/results/methodologie_2/reconstructed_parameters/from_z/high/HIGH_direct_poly_rank_1_b_d_from_e_predictions.csv,best_by_method_HIGH_methodologie_2_HIGH_direct_poly_rank_1
323,0.0055954567631492,0.0043579721249976,0.9999897624389592,True,best_by_method,HIGH,methodologie_2,HIGH_direct_poly_rank_1,HIGH_direct_poly_rank_1,polynomial,log_gap,/Users/hariderarako/Desktop/python/results/methodologie_2/reconstructed_parameters/from_z/high/HIGH_direct_poly_rank_1_b_d_from_e_predictions.csv,best_by_method_HIGH_methodologie_2_HIGH_direct_poly_rank_1
7,0.0015308346999152,0.0010554868929145,0.9491791438150742,True,best_by_method,LOW_1,methodologie_1,LOW_1_poly_rank_4,LOW_1_poly_rank_4,polynomial,log,/Users/hariderarako/Desktop/python/results/methodologie_1/reconstructed_parameters/tau_u/low/LOW_1_poly_rank_4/LOW_1_poly_rank_4_comparison_d_b_e_tau_u.csv,best_by_method_LOW_1_methodologie_1_LOW_1_poly_rank_4
8,0.0014660341738735,0.0008480239330254,0.9270057332095668,True,best_by_method,LOW_1,methodologie_1,LOW_1_poly_rank_4,LOW_1_poly_rank_4,polynomial,log,/Users/hariderarako/Desktop/python/results/methodologie_1/reconstructed_parameters/tau_u/low/LOW_1_poly_rank_4/LOW_1_poly_rank_4_comparison_d_b_e_tau_u.csv,best_by_method_LOW_1_methodologie_1_LOW_1_poly_rank_4
9,0.0008443215320912,0.0005174458616212,0.9658353931147092,True,best_by_method,LOW_1,methodologie_1,LOW_1_poly_rank_4,LOW_1_poly_rank_4,polynomial,log,/Users/hariderarako/Desktop/python/results/methodologie_1/reconstructed_parameters/tau_u/low/LOW_1_poly_rank_4/LOW_1_poly_rank_4_comparison_d_b_e_tau_u.csv,best_by_method_LOW_1_methodologie_1_LOW_1_poly_rank_4
11,0.0008354418835416,0.0003959463658005,0.9855876387030174,True,best_by_method,LOW_1,methodologie_1,LOW_1_poly_rank_4,LOW_1_poly_rank_4,polynomial,log,/Users/hariderarako/Desktop/python/results/methodologie_1/reconstructed_parameters/tau_u/low/LOW_1_poly_rank_4/LOW_1_poly_rank_4_comparison_d_b_e_tau_u.csv,best_by_method_LOW_1_methodologie_1_LOW_1_poly_rank_4
12,0.0023515108480185,0.0014881040355264,0.867800970466504,True,best_by_method,LOW_1,methodologie_1,LOW_1_poly_rank_4,LOW_1_poly_rank_4,polynomial,log,/Users/hariderarako/Desktop/python/results/methodologie_1/reconstructed_parameters/tau_u/low/LOW_1_poly_rank_4/LOW_1_poly_rank_4_comparison_d_b_e_tau_u.csv,best_by_method_LOW_1_methodologie_1_LOW_1_poly_rank_4
13,0.0013168934768928,0.000889255817389,0.9549255419838526,True,best_by_method,LOW_1,methodologie_1,LOW_1_poly_rank_4,LOW_1_poly_rank_4,polynomial,log,/Users/hariderarako/Desktop/python/results/methodologie_1/reconstructed_parameters/tau_u/low/LOW_1_poly_rank_4/LOW_1_poly_rank_4_comparison_d_b_e_tau_u.csv,best_by_method_LOW_1_methodologie_1_LOW_1_poly_rank_4
19,0.0113429598020381,0.0068070357814474,0.9909027555449718,True,best_by_method,LOW_1,methodologie_1,LOW_1_poly_rank_4,LOW_1_poly_rank_4,polynomial,log,/Users/hariderarako/Desktop/python/results/methodologie_1/reconstructed_parameters/tau_u/low/LOW_1_poly_rank_4/LOW_1_poly_rank_4_comparison_d_b_e_tau_u.csv,best_by_method_LOW_1_methodologie_1_LOW_1_poly_rank_4
20,0.2112735898639657,0.142647759711307,0.6400148282242872,True,best_by_method,LOW_1,methodologie_1,LOW_1_poly_rank_4,LOW_1_poly_rank_4,polynomial,log,/Users/hariderarako/Desktop/python/results/methodologie_1/reconstructed_parameters/tau_u/low/LOW_1_poly_rank_4/LOW_1_poly_rank_4_comparison_d_b_e_tau_u.csv,best_by_method_LOW_1_methodologie_1_LOW_1_poly_rank_4
27,0.060807522604079,0.0451125819173727,0.9696313997608488,True,best_by_method,LOW_1,methodologie_1,LOW_1_poly_rank_4,LOW_1_poly_rank_4,polynomial,log,/Users/hariderarako/Desktop/python/results/methodologie_1/reconstructed_parameters/tau_u/low/LOW_1_poly_rank_4/LOW_1_poly_rank_4_comparison_d_b_e_tau_u.csv,best_by_method_LOW_1_methodologie_1_LOW_1_poly_rank_4
28,0.0113805255528326,0.0071778486997207,0.992549832590106,True,best_by_method,LOW_1,methodologie_1,LOW_1_poly_rank_4,LOW_1_poly_rank_4,polynomial,log,/Users/hariderarako/Desktop/python/results/methodologie_1/reconstructed_parameters/tau_u/low/LOW_1_poly_rank_4/LOW_1_poly_rank_4_comparison_d_b_e_tau_u.csv,best_by_method_LOW_1_methodologie_1_LOW_1_poly_rank_4
31,0.0244408808843078,0.0152203906637618,0.9306057140470514,True,best_by_method,LOW_1,methodologie_1,LOW_1_poly_rank_4,LOW_1_poly_rank_4,polynomial,log,/Users/hariderarako/Desktop/python/results/methodologie_1/reconstructed_parameters/tau_u/low/LOW_1_poly_rank_4/LOW_1_poly_rank_4_comparison_d_b_e_tau_u.csv,best_by_method_LOW_1_methodologie_1_LOW_1_poly_rank_4
34,0.1320881855826726,0.0900473727324476,0.4879057890628037,True,best_by_method,LOW_1,methodologie_1,LOW_1_poly_rank_4,LOW_1_poly_rank_4,polynomial,log,/Users/hariderarako/Desktop/python/results/methodologie_1/reconstructed_parameters/tau_u/low/LOW_1_poly_rank_4/LOW_1_poly_rank_4_comparison_d_b_e_tau_u.csv,best_by_method_LOW_1_methodologie_1_LOW_1_poly_rank_4
37,0.0026604752301359,0.0008932725650634,0.999466283121208,True,best_by_method,LOW_1,methodologie_1,LOW_1_poly_rank_4,LOW_1_poly_rank_4,polynomial,log,/Users/hariderarako/Desktop/python/results/methodologie_1/reconstructed_parameters/tau_u/low/LOW_1_poly_rank_4/LOW_1_poly_rank_4_comparison_d_b_e_tau_u.csv,best_by_method_LOW_1_methodologie_1_LOW_1_poly_rank_4
40,0.0364719187300712,0.0215758874298751,0.9207234250248588,True,best_by_method,LOW_1,methodologie_1,LOW_1_poly_rank_4,LOW_1_poly_rank_4,polynomial,log,/Users/hariderarako/Desktop/python/results/methodologie_1/reconstructed_parameters/tau_u/low/LOW_1_poly_rank_4/LOW_1_poly_rank_4_comparison_d_b_e_tau_u.csv,best_by_method_LOW_1_methodologie_1_LOW_1_poly_rank_4
43,0.0580029299712477,0.0425682462374488,0.7116803068775415,True,best_by_method,LOW_1,methodologie_1,LOW_1_poly_rank_4,LOW_1_poly_rank_4,polynomial,log,/Users/hariderarako/Desktop/python/results/methodologie_1/reconstructed_parameters/tau_u/low/LOW_1_poly_rank_4/LOW_1_poly_rank_4_comparison_d_b_e_tau_u.csv,best_by_method_LOW_1_methodologie_1_LOW_1_poly_rank_4
46,0.1326970182961165,0.0993716729380444,0.1719053352262772,True,best_by_method,LOW_1,methodologie_1,LOW_1_poly_rank_4,LOW_1_poly_rank_4,polynomial,log,/Users/hariderarako/Desktop/python/results/methodologie_1/reconstructed_parameters/tau_u/low/LOW_1_poly_rank_4/LOW_1_poly_rank_4_comparison_d_b_e_tau_u.csv,best_by_method_LOW_1_methodologie_1_LOW_1_poly_rank_4
51,0.261853043304774,0.1946611737311981,-0.741285624396375,True,best_by_method,LOW_1,methodologie_1,LOW_1_poly_rank_4,LOW_1_poly_rank_4,polynomial,log,/Users/hariderarako/Desktop/python/results/methodologie_1/reconstructed_parameters/tau_u/low/LOW_1_poly_rank_4/LOW_1_poly_rank_4_comparison_d_b_e_tau_u.csv,best_by_method_LOW_1_methodologie_1_LOW_1_poly_rank_4
53,0.0852602058838304,0.063521561047253,0.588914167977803,True,best_by_method,LOW_1,methodologie_1,LOW_1_poly_rank_4,LOW_1_poly_rank_4,polynomial,log,/Users/hariderarako/Desktop/python/results/methodologie_1/reconstructed_parameters/tau_u/low/LOW_1_poly_rank_4/LOW_1_poly_rank_4_comparison_d_b_e_tau_u.csv,best_by_method_LOW_1_methodologie_1_LOW_1_poly_rank_4
56,0.0660541332404484,0.0430375505723602,0.7672959721145582,True,best_by_method,LOW_1,methodologie_1,LOW_1_poly_rank_4,LOW_1_poly_rank_4,polynomial,log,/Users/hariderarako/Desktop/python/results/methodologie_1/reconstructed_parameters/tau_u/low/LOW_1_poly_rank_4/LOW_1_poly_rank_4_comparison_d_b_e_tau_u.csv,best_by_method_LOW_1_methodologie_1_LOW_1_poly_rank_4
59,0.030182278320227,0.018114956701778,0.9117361067524012,True,best_by_method,LOW_1,methodologie_1,LOW_1_poly_rank_4,LOW_1_poly_rank_4,polynomial,log,/Users/hariderarako/Desktop/python/results/methodologie_1/reconstructed_parameters/tau_u/low/LOW_1_poly_rank_4/LOW_1_poly_rank_4_comparison_d_b_e_tau_u.csv,best_by_method_LOW_1_methodologie_1_LOW_1_poly_rank_4
62,0.1572861603770066,0.1143332817681019,0.3701452122747392,True,best_by_method,LOW_1,methodologie_1,LOW_1_poly_rank_4,LOW_1_poly_rank_4,polynomial,log,/Users/hariderarako/Desktop/python/results/methodologie_1/reconstructed_parameters/tau_u/low/LOW_1_poly_rank_4/LOW_1_poly_rank_4_comparison_d_b_e_tau_u.csv,best_by_method_LOW_1_methodologie_1_LOW_1_poly_rank_4
65,0.2729072492272996,0.2006769543226031,-0.0876941615308422,True,best_by_method,LOW_1,methodologie_1,LOW_1_poly_rank_4,LOW_1_poly_rank_4,polynomial,log,/Users/hariderarako/Desktop/python/results/methodologie_1/reconstructed_parameters/tau_u/low/LOW_1_poly_rank_4/LOW_1_poly_rank_4_comparison_d_b_e_tau_u.csv,best_by_method_LOW_1_methodologie_1_LOW_1_poly_rank_4
68,0.0543947879106974,0.0364979504360919,0.8060356914874042,True,best_by_method,LOW_1,methodologie_1,LOW_1_poly_rank_4,LOW_1_poly_rank_4,polynomial,log,/Users/hariderarako/Desktop/python/results/methodologie_1/reconstructed_parameters/tau_u/low/LOW_1_poly_rank_4/LOW_1_poly_rank_4_comparison_d_b_e_tau_u.csv,best_by_method_LOW_1_methodologie_1_LOW_1_poly_rank_4
71,0.0091775565510399,0.004984130057913,0.9931697181859934,True,best_by_method,LOW_1,methodologie_1,LOW_1_poly_rank_4,LOW_1_poly_rank_4,polynomial,log,/Users/hariderarako/Desktop/python/results/methodologie_1/reconstructed_parameters/tau_u/low/LOW_1_poly_rank_4/LOW_1_poly_rank_4_comparison_d_b_e_tau_u.csv,best_by_method_LOW_1_methodologie_1_LOW_1_poly_rank_4
74,0.0493288062043967,0.0331306824711735,0.770873224405477,True,best_by_method,LOW_1,methodologie_1,LOW_1_poly_rank_4,LOW_1_poly_rank_4,polynomial,log,/Users/hariderarako/Desktop/python/results/methodologie_1/reconstructed_parameters/tau_u/low/LOW_1_poly_rank_4/LOW_1_poly_rank_4_comparison_d_b_e_tau_u.csv,best_by_method_LOW_1_methodologie_1_LOW_1_poly_rank_4
77,0.0071817508437462,0.002779638025552,0.997128810020541,True,best_by_method,LOW_1,methodologie_1,LOW_1_poly_rank_4,LOW_1_poly_rank_4,polynomial,log,/Users/hariderarako/Desktop/python/results/methodologie_1/reconstructed_parameters/tau_u/low/LOW_1_poly_rank_4/LOW_1_poly_rank_4_comparison_d_b_e_tau_u.csv,best_by_method_LOW_1_methodologie_1_LOW_1_poly_rank_4
80,0.0065132710930206,0.0035966046226022,0.9984443046557,True,best_by_method,LOW_1,methodologie_1,LOW_1_poly_rank_4,LOW_1_poly_rank_4,polynomial,log,/Users/hariderarako/Desktop/python/results/methodologie_1/reconstructed_parameters/tau_u/low/LOW_1_poly_rank_4/LOW_1_poly_rank_4_comparison_d_b_e_tau_u.csv,best_by_method_LOW_1_methodologie_1_LOW_1_poly_rank_4
83,0.0142872849291341,0.0081718196908415,0.9811985794426537,True,best_by_method,LOW_1,methodologie_1,LOW_1_poly_rank_4,LOW_1_poly_rank_4,polynomial,log,/Users/hariderarako/Desktop/python/results/methodologie_1/reconstructed_parameters/tau_u/low/LOW_1_poly_rank_4/LOW_1_poly_rank_4_comparison_d_b_e_tau_u.csv,best_by_method_LOW_1_methodologie_1_LOW_1_poly_rank_4
86,0.0349967380769377,0.0250273255644137,0.8465800247655656,True,best_by_method,LOW_1,methodologie_1,LOW_1_poly_rank_4,LOW_1_poly_rank_4,polynomial,log,/Users/hariderarako/Desktop/python/results/methodologie_1/reconstructed_parameters/tau_u/low/LOW_1_poly_rank_4/LOW_1_poly_rank_4_comparison_d_b_e_tau_u.csv,best_by_method_LOW_1_methodologie_1_LOW_1_poly_rank_4
89,0.0270446214513052,0.0164929535463393,0.9189081932546468,True,best_by_method,LOW_1,methodologie_1,LOW_1_poly_rank_4,LOW_1_poly_rank_4,polynomial,log,/Users/hariderarako/Desktop/python/results/methodologie_1/reconstructed_parameters/tau_u/low/LOW_1_poly_rank_4/LOW_1_poly_rank_4_comparison_d_b_e_tau_u.csv,best_by_method_LOW_1_methodologie_1_LOW_1_poly_rank_4
92,0.0091304987408552,0.0053430895263302,0.9910242315126268,True,best_by_method,LOW_1,methodologie_1,LOW_1_poly_rank_4,LOW_1_poly_rank_4,polynomial,log,/Users/hariderarako/Desktop/python/results/methodologie_1/reconstructed_parameters/tau_u/low/LOW_1_poly_rank_4/LOW_1_poly_rank_4_comparison_d_b_e_tau_u.csv,best_by_method_LOW_1_methodologie_1_LOW_1_poly_rank_4
95,0.0044421338345233,0.0028793672168168,0.9993182675710586,True,best_by_method,LOW_1,methodologie_1,LOW_1_poly_rank_4,LOW_1_poly_rank_4,polynomial,log,/Users/hariderarako/Desktop/python/results/methodologie_1/reconstructed_parameters/tau_u/low/LOW_1_poly_rank_4/LOW_1_poly_rank_4_comparison_d_b_e_tau_u.csv,best_by_method_LOW_1_methodologie_1_LOW_1_poly_rank_4
98,0.023910465337985,0.0147635072631075,0.9893860496341004,True,best_by_method,LOW_1,methodologie_1,LOW_1_poly_rank_4,LOW_1_poly_rank_4,polynomial,log,/Users/hariderarako/Desktop/python/results/methodologie_1/reconstructed_parameters/tau_u/low/LOW_1_poly_rank_4/LOW_1_poly_rank_4_comparison_d_b_e_tau_u.csv,best_by_method_LOW_1_methodologie_1_LOW_1_poly_rank_4
101,0.0041803174897664,0.0019824948147088,0.9995793209206336,True,best_by_method,LOW_1,methodologie_1,LOW_1_poly_rank_4,LOW_1_poly_rank_4,polynomial,log,/Users/hariderarako/Desktop/python/results/methodologie_1/reconstructed_parameters/tau_u/low/LOW_1_poly_rank_4/LOW_1_poly_rank_4_comparison_d_b_e_tau_u.csv,best_by_method_LOW_1_methodologie_1_LOW_1_poly_rank_4
104,0.0458875586503645,0.0306106143657373,0.7387040412539376,True,best_by_method,LOW_1,methodologie_1,LOW_1_poly_rank_4,LOW_1_poly_rank_4,polynomial,log,/Users/hariderarako/Desktop/python/results/methodologie_1/reconstructed_parameters/tau_u/low/LOW_1_poly_rank_4/LOW_1_poly_rank_4_comparison_d_b_e_tau_u.csv,best_by_method_LOW_1_methodologie_1_LOW_1_poly_rank_4
105,0.1305330968645125,0.0848066241953619,0.8989315551873593,True,best_by_method,LOW_1,methodologie_1,LOW_1_poly_rank_4,LOW_1_poly_rank_4,polynomial,log,/Users/hariderarako/Desktop/python/results/methodologie_1/reconstructed_parameters/tau_u/low/LOW_1_poly_rank_4/LOW_1_poly_rank_4_comparison_d_b_e_tau_u.csv,best_by_method_LOW_1_methodologie_1_LOW_1_poly_rank_4
107,0.004806629427817,0.0019919428249616,0.9985557749790268,True,best_by_method,LOW_1,methodologie_1,LOW_1_poly_rank_4,LOW_1_poly_rank_4,polynomial,log,/Users/hariderarako/Desktop/python/results/methodologie_1/reconstructed_parameters/tau_u/low/LOW_1_poly_rank_4/LOW_1_poly_rank_4_comparison_d_b_e_tau_u.csv,best_by_method_LOW_1_methodologie_1_LOW_1_poly_rank_4
110,0.034618919090919,0.0209594267558769,0.9659317250058428,True,best_by_method,LOW_1,methodologie_1,LOW_1_poly_rank_4,LOW_1_poly_rank_4,polynomial,log,/Users/hariderarako/Desktop/python/results/methodologie_1/reconstructed_parameters/tau_u/low/LOW_1_poly_rank_4/LOW_1_poly_rank_4_comparison_d_b_e_tau_u.csv,best_by_method_LOW_1_methodologie_1_LOW_1_poly_rank_4
113,0.0202493707880507,0.0126626186037249,0.9498065962728308,True,best_by_method,LOW_1,methodologie_1,LOW_1_poly_rank_4,LOW_1_poly_rank_4,polynomial,log,/Users/hariderarako/Desktop/python/results/methodologie_1/reconstructed_parameters/tau_u/low/LOW_1_poly_rank_4/LOW_1_poly_rank_4_comparison_d_b_e_tau_u.csv,best_by_method_LOW_1_methodologie_1_LOW_1_poly_rank_4
116,0.012718949318087,0.0076866289415213,0.9950349505667496,True,best_by_method,LOW_1,methodologie_1,LOW_1_poly_rank_4,LOW_1_poly_rank_4,polynomial,log,/Users/hariderarako/Desktop/python/results/methodologie_1/reconstructed_parameters/tau_u/low/LOW_1_poly_rank_4/LOW_1_poly_rank_4_comparison_d_b_e_tau_u.csv,best_by_method_LOW_1_methodologie_1_LOW_1_poly_rank_4
119,0.0356604652994246,0.0204040271222859,0.953622537060974,True,best_by_method,LOW_1,methodologie_1,LOW_1_poly_rank_4,LOW_1_poly_rank_4,polynomial,log,/Users/hariderarako/Desktop/python/results/methodologie_1/reconstructed_parameters/tau_u/low/LOW_1_poly_rank_4/LOW_1_poly_rank_4_comparison_d_b_e_tau_u.csv,best_by_method_LOW_1_methodologie_1_LOW_1_poly_rank_4
122,0.0046602848622163,0.0024088769379854,0.9997449549449048,True,best_by_method,LOW_1,methodologie_1,LOW_1_poly_rank_4,LOW_1_poly_rank_4,polynomial,log,/Users/hariderarako/Desktop/python/results/methodologie_1/reconstructed_parameters/tau_u/low/LOW_1_poly_rank_4/LOW_1_poly_rank_4_comparison_d_b_e_tau_u.csv,best_by_method_LOW_1_methodologie_1_LOW_1_poly_rank_4
125,0.0070829335951121,0.0040330137679567,0.9955301859229172,True,best_by_method,LOW_1,methodologie_1,LOW_1_poly_rank_4,LOW_1_poly_rank_4,polynomial,log,/Users/hariderarako/Desktop/python/results/methodologie_1/reconstructed_parameters/tau_u/low/LOW_1_poly_rank_4/LOW_1_poly_rank_4_comparison_d_b_e_tau_u.csv,best_by_method_LOW_1_methodologie_1_LOW_1_poly_rank_4
128,0.0585997270034372,0.0405366678747773,0.9424035363024972,True,best_by_method,LOW_1,methodologie_1,LOW_1_poly_rank_4,LOW_1_poly_rank_4,polynomial,log,/Users/hariderarako/Desktop/python/results/methodologie_1/reconstructed_parameters/tau_u/low/LOW_1_poly_rank_4/LOW_1_poly_rank_4_comparison_d_b_e_tau_u.csv,best_by_method_LOW_1_methodologie_1_LOW_1_poly_rank_4
131,0.0283473620643222,0.0167236868337004,0.9290075837523428,True,best_by_method,LOW_1,methodologie_1,LOW_1_poly_rank_4,LOW_1_poly_rank_4,polynomial,log,/Users/hariderarako/Desktop/python/results/methodologie_1/reconstructed_parameters/tau_u/low/LOW_1_poly_rank_4/LOW_1_poly_rank_4_comparison_d_b_e_tau_u.csv,best_by_method_LOW_1_methodologie_1_LOW_1_poly_rank_4
134,0.0320232779844983,0.0211412794188882,0.9071183271587434,True,best_by_method,LOW_1,methodologie_1,LOW_1_poly_rank_4,LOW_1_poly_rank_4,polynomial,log,/Users/hariderarako/Desktop/python/results/methodologie_1/reconstructed_parameters/tau_u/low/LOW_1_poly_rank_4/LOW_1_poly_rank_4_comparison_d_b_e_tau_u.csv,best_by_method_LOW_1_methodologie_1_LOW_1_poly_rank_4
137,0.0823089612077205,0.0612064147003786,0.5099713068627876,True,best_by_method,LOW_1,methodologie_1,LOW_1_poly_rank_4,LOW_1_poly_rank_4,polynomial,log,/Users/hariderarako/Desktop/python/results/methodologie_1/reconstructed_parameters/tau_u/low/LOW_1_poly_rank_4/LOW_1_poly_rank_4_comparison_d_b_e_tau_u.csv,best_by_method_LOW_1_methodologie_1_LOW_1_poly_rank_4
140,0.0841671871243872,0.0546816695529261,0.6944991898240324,True,best_by_method,LOW_1,methodologie_1,LOW_1_poly_rank_4,LOW_1_poly_rank_4,polynomial,log,/Users/hariderarako/Desktop/python/results/methodologie_1/reconstructed_parameters/tau_u/low/LOW_1_poly_rank_4/LOW_1_poly_rank_4_comparison_d_b_e_tau_u.csv,best_by_method_LOW_1_methodologie_1_LOW_1_poly_rank_4
143,0.0252251552129706,0.0170217034365086,0.8988938464865612,True,best_by_method,LOW_1,methodologie_1,LOW_1_poly_rank_4,LOW_1_poly_rank_4,polynomial,log,/Users/hariderarako/Desktop/python/results/methodologie_1/reconstructed_parameters/tau_u/low/LOW_1_poly_rank_4/LOW_1_poly_rank_4_comparison_d_b_e_tau_u.csv,best_by_method_LOW_1_methodologie_1_LOW_1_poly_rank_4
146,0.0310165396689394,0.0185318844275651,0.8106099643089175,True,best_by_method,LOW_1,methodologie_1,LOW_1_poly_rank_4,LOW_1_poly_rank_4,polynomial,log,/Users/hariderarako/Desktop/python/results/methodologie_1/reconstructed_parameters/tau_u/low/LOW_1_poly_rank_4/LOW_1_poly_rank_4_comparison_d_b_e_tau_u.csv,best_by_method_LOW_1_methodologie_1_LOW_1_poly_rank_4
149,0.0062327906315452,0.0041765559359165,0.9981773093174092,True,best_by_method,LOW_1,methodologie_1,LOW_1_poly_rank_4,LOW_1_poly_rank_4,polynomial,log,/Users/hariderarako/Desktop/python/results/methodologie_1/reconstructed_parameters/tau_u/low/LOW_1_poly_rank_4/LOW_1_poly_rank_4_comparison_d_b_e_tau_u.csv,best_by_method_LOW_1_methodologie_1_LOW_1_poly_rank_4
152,0.1357379199277259,0.1036306247487445,-0.1966352236372492,True,best_by_method,LOW_1,methodologie_1,LOW_1_poly_rank_4,LOW_1_poly_rank_4,polynomial,log,/Users/hariderarako/Desktop/python/results/methodologie_1/reconstructed_parameters/tau_u/low/LOW_1_poly_rank_4/LOW_1_poly_rank_4_comparison_d_b_e_tau_u.csv,best_by_method_LOW_1_methodologie_1_LOW_1_poly_rank_4
155,0.0465898092885426,0.0323788299164595,0.7543103986560054,True,best_by_method,LOW_1,methodologie_1,LOW_1_poly_rank_4,LOW_1_poly_rank_4,polynomial,log,/Users/hariderarako/Desktop/python/results/methodologie_1/reconstructed_parameters/tau_u/low/LOW_1_poly_rank_4/LOW_1_poly_rank_4_comparison_d_b_e_tau_u.csv,best_by_method_LOW_1_methodologie_1_LOW_1_poly_rank_4
158,0.0100483273262711,0.0065273306890592,0.995378345088529,True,best_by_method,LOW_1,methodologie_1,LOW_1_poly_rank_4,LOW_1_poly_rank_4,polynomial,log,/Users/hariderarako/Desktop/python/results/methodologie_1/reconstructed_parameters/tau_u/low/LOW_1_poly_rank_4/LOW_1_poly_rank_4_comparison_d_b_e_tau_u.csv,best_by_method_LOW_1_methodologie_1_LOW_1_poly_rank_4
161,0.008371932239376,0.0048876924044522,0.9926583570125544,True,best_by_method,LOW_1,methodologie_1,LOW_1_poly_rank_4,LOW_1_poly_rank_4,polynomial,log,/Users/hariderarako/Desktop/python/results/methodologie_1/reconstructed_parameters/tau_u/low/LOW_1_poly_rank_4/LOW_1_poly_rank_4_comparison_d_b_e_tau_u.csv,best_by_method_LOW_1_methodologie_1_LOW_1_poly_rank_4
164,0.008580103550918,0.0049562116403377,0.9917168799803938,True,best_by_method,LOW_1,methodologie_1,LOW_1_poly_rank_4,LOW_1_poly_rank_4,polynomial,log,/Users/hariderarako/Desktop/python/results/methodologie_1/reconstructed_parameters/tau_u/low/LOW_1_poly_rank_4/LOW_1_poly_rank_4_comparison_d_b_e_tau_u.csv,best_by_method_LOW_1_methodologie_1_LOW_1_poly_rank_4
167,0.0128750809143668,0.0076672066328626,0.983397500696772,True,best_by_method,LOW_1,methodologie_1,LOW_1_poly_rank_4,LOW_1_poly_rank_4,polynomial,log,/Users/hariderarako/Desktop/python/results/methodologie_1/reconstructed_parameters/tau_u/low/LOW_1_poly_rank_4/LOW_1_poly_rank_4_comparison_d_b_e_tau_u.csv,best_by_method_LOW_1_methodologie_1_LOW_1_poly_rank_4
170,0.0165693846994595,0.0101141503152054,0.9699208472023432,True,best_by_method,LOW_1,methodologie_1,LOW_1_poly_rank_4,LOW_1_poly_rank_4,polynomial,log,/Users/hariderarako/Desktop/python/results/methodologie_1/reconstructed_parameters/tau_u/low/LOW_1_poly_rank_4/LOW_1_poly_rank_4_comparison_d_b_e_tau_u.csv,best_by_method_LOW_1_methodologie_1_LOW_1_poly_rank_4
173,0.017964793225962,0.0107750758902504,0.9714317465928506,True,best_by_method,LOW_1,methodologie_1,LOW_1_poly_rank_4,LOW_1_poly_rank_4,polynomial,log,/Users/hariderarako/Desktop/python/results/methodologie_1/reconstructed_parameters/tau_u/low/LOW_1_poly_rank_4/LOW_1_poly_rank_4_comparison_d_b_e_tau_u.csv,best_by_method_LOW_1_methodologie_1_LOW_1_poly_rank_4
176,0.0540855278278489,0.0384381639682085,0.6822114520559914,True,best_by_method,LOW_1,methodologie_1,LOW_1_poly_rank_4,LOW_1_poly_rank_4,polynomial,log,/Users/hariderarako/Desktop/python/results/methodologie_1/reconstructed_parameters/tau_u/low/LOW_1_poly_rank_4/LOW_1_poly_rank_4_comparison_d_b_e_tau_u.csv,best_by_method_LOW_1_methodologie_1_LOW_1_poly_rank_4
179,0.0799269351970593,0.053396525687776,0.6822007192072945,True,best_by_method,LOW_1,methodologie_1,LOW_1_poly_rank_4,LOW_1_poly_rank_4,polynomial,log,/Users/hariderarako/Desktop/python/results/methodologie_1/reconstructed_parameters/tau_u/low/LOW_1_poly_rank_4/LOW_1_poly_rank_4_comparison_d_b_e_tau_u.csv,best_by_method_LOW_1_methodologie_1_LOW_1_poly_rank_4
182,0.0180579630615887,0.0110410896544089,0.9590382745887523,True,best_by_method,LOW_1,methodologie_1,LOW_1_poly_rank_4,LOW_1_poly_rank_4,polynomial,log,/Users/hariderarako/Desktop/python/results/methodologie_1/reconstructed_parameters/tau_u/low/LOW_1_poly_rank_4/LOW_1_poly_rank_4_comparison_d_b_e_tau_u.csv,best_by_method_LOW_1_methodologie_1_LOW_1_poly_rank_4
185,0.0097787192912072,0.0060891093224924,0.9967946403133828,True,best_by_method,LOW_1,methodologie_1,LOW_1_poly_rank_4,LOW_1_poly_rank_4,polynomial,log,/Users/hariderarako/Desktop/python/results/methodologie_1/reconstructed_parameters/tau_u/low/LOW_1_poly_rank_4/LOW_1_poly_rank_4_comparison_d_b_e_tau_u.csv,best_by_method_LOW_1_methodologie_1_LOW_1_poly_rank_4
188,0.0465122169194717,0.0329481085854253,0.8420168753133238,True,best_by_method,LOW_1,methodologie_1,LOW_1_poly_rank_4,LOW_1_poly_rank_4,polynomial,log,/Users/hariderarako/Desktop/python/results/methodologie_1/reconstructed_parameters/tau_u/low/LOW_1_poly_rank_4/LOW_1_poly_rank_4_comparison_d_b_e_tau_u.csv,best_by_method_LOW_1_methodologie_1_LOW_1_poly_rank_4
191,0.0164964205071788,0.0098903005486424,0.9908249958624364,True,best_by_method,LOW_1,methodologie_1,LOW_1_poly_rank_4,LOW_1_poly_rank_4,polynomial,log,/Users/hariderarako/Desktop/python/results/methodologie_1/reconstructed_parameters/tau_u/low/LOW_1_poly_rank_4/LOW_1_poly_rank_4_comparison_d_b_e_tau_u.csv,best_by_method_LOW_1_methodologie_1_LOW_1_poly_rank_4
194,0.0762120132130405,0.0504017943106405,0.7187179649218189,True,best_by_method,LOW_1,methodologie_1,LOW_1_poly_rank_4,LOW_1_poly_rank_4,polynomial,log,/Users/hariderarako/Desktop/python/results/methodologie_1/reconstructed_parameters/tau_u/low/LOW_1_poly_rank_4/LOW_1_poly_rank_4_comparison_d_b_e_tau_u.csv,best_by_method_LOW_1_methodologie_1_LOW_1_poly_rank_4
197,0.0065390536412539,0.0039288630497941,0.996965320909938,True,best_by_method,LOW_1,methodologie_1,LOW_1_poly_rank_4,LOW_1_poly_rank_4,polynomial,log,/Users/hariderarako/Desktop/python/results/methodologie_1/reconstructed_parameters/tau_u/low/LOW_1_poly_rank_4/LOW_1_poly_rank_4_comparison_d_b_e_tau_u.csv,best_by_method_LOW_1_methodologie_1_LOW_1_poly_rank_4
200,0.0723489767529158,0.0542371091521419,0.4117825388313363,True,best_by_method,LOW_1,methodologie_1,LOW_1_poly_rank_4,LOW_1_poly_rank_4,polynomial,log,/Users/hariderarako/Desktop/python/results/methodologie_1/reconstructed_parameters/tau_u/low/LOW_1_poly_rank_4/LOW_1_poly_rank_4_comparison_d_b_e_tau_u.csv,best_by_method_LOW_1_methodologie_1_LOW_1_poly_rank_4
203,0.1683128506556102,0.1288403384985712,-0.6625735948615796,True,best_by_method,LOW_1,methodologie_1,LOW_1_poly_rank_4,LOW_1_poly_rank_4,polynomial,log,/Users/hariderarako/Desktop/python/results/methodologie_1/reconstructed_parameters/tau_u/low/LOW_1_poly_rank_4/LOW_1_poly_rank_4_comparison_d_b_e_tau_u.csv,best_by_method_LOW_1_methodologie_1_LOW_1_poly_rank_4
204,0.3369520991076761,0.2569758301856754,-0.8467245625743773,True,best_by_method,LOW_1,methodologie_1,LOW_1_poly_rank_4,LOW_1_poly_rank_4,polynomial,log,/Users/hariderarako/Desktop/python/results/methodologie_1/reconstructed_parameters/tau_u/low/LOW_1_poly_rank_4/LOW_1_poly_rank_4_comparison_d_b_e_tau_u.csv,best_by_method_LOW_1_methodologie_1_LOW_1_poly_rank_4
205,0.2943421301248622,0.2211800707486895,0.0891873240058093,True,best_by_method,LOW_1,methodologie_1,LOW_1_poly_rank_4,LOW_1_poly_rank_4,polynomial,log,/Users/hariderarako/Desktop/python/results/methodologie_1/reconstructed_parameters/tau_u/low/LOW_1_poly_rank_4/LOW_1_poly_rank_4_comparison_d_b_e_tau_u.csv,best_by_method_LOW_1_methodologie_1_LOW_1_poly_rank_4
206,0.3357550402052482,0.2475692565168716,0.3694508581247961,True,best_by_method,LOW_1,methodologie_1,LOW_1_poly_rank_4,LOW_1_poly_rank_4,polynomial,log,/Users/hariderarako/Desktop/python/results/methodologie_1/reconstructed_parameters/tau_u/low/LOW_1_poly_rank_4/LOW_1_poly_rank_4_comparison_d_b_e_tau_u.csv,best_by_method_LOW_1_methodologie_1_LOW_1_poly_rank_4
207,0.7515660771365962,0.5441351941498792,-0.6245021364662686,True,best_by_method,LOW_1,methodologie_1,LOW_1_poly_rank_4,LOW_1_poly_rank_4,polynomial,log,/Users/hariderarako/Desktop/python/results/methodologie_1/reconstructed_parameters/tau_u/low/LOW_1_poly_rank_4/LOW_1_poly_rank_4_comparison_d_b_e_tau_u.csv,best_by_method_LOW_1_methodologie_1_LOW_1_poly_rank_4
209,0.0001718914010225,0.0001120571500548,0.9908963099330744,True,best_by_method,LOW_1,methodologie_1,LOW_1_poly_rank_4,LOW_1_poly_rank_4,polynomial,log,/Users/hariderarako/Desktop/python/results/methodologie_1/reconstructed_parameters/tau_u/low/LOW_1_poly_rank_4/LOW_1_poly_rank_4_comparison_d_b_e_tau_u.csv,best_by_method_LOW_1_methodologie_1_LOW_1_poly_rank_4
210,0.0003574298451113,0.0002337028710945,0.9747933289455551,True,best_by_method,LOW_1,methodologie_1,LOW_1_poly_rank_4,LOW_1_poly_rank_4,polynomial,log,/Users/hariderarako/Desktop/python/results/methodologie_1/reconstructed_parameters/tau_u/low/LOW_1_poly_rank_4/LOW_1_poly_rank_4_comparison_d_b_e_tau_u.csv,best_by_method_LOW_1_methodologie_1_LOW_1_poly_rank_4
211,0.0015676932776122,0.0009934081022584,0.8874197458367433,True,best_by_method,LOW_1,methodologie_1,LOW_1_poly_rank_4,LOW_1_poly_rank_4,polynomial,log,/Users/hariderarako/Desktop/python/results/methodologie_1/reconstructed_parameters/tau_u/low/LOW_1_poly_rank_4/LOW_1_poly_rank_4_comparison_d_b_e_tau_u.csv,best_by_method_LOW_1_methodologie_1_LOW_1_poly_rank_4
212,0.0022144465629725,0.0014016511042118,0.6441546592337928,True,best_by_method,LOW_1,methodologie_1,LOW_1_poly_rank_4,LOW_1_poly_rank_4,polynomial,log,/Users/hariderarako/Desktop/python/results/methodologie_1/reconstructed_parameters/tau_u/low/LOW_1_poly_rank_4/LOW_1_poly_rank_4_comparison_d_b_e_tau_u.csv,best_by_method_LOW_1_methodologie_1_LOW_1_poly_rank_4
213,0.0029710682070399,0.0019282547952254,0.5211728071062871,True,best_by_method,LOW_1,methodologie_1,LOW_1_poly_rank_4,LOW_1_poly_rank_4,polynomial,log,/Users/hariderarako/Desktop/python/results/methodologie_1/reconstructed_parameters/tau_u/low/LOW_1_poly_rank_4/LOW_1_poly_rank_4_comparison_d_b_e_tau_u.csv,best_by_method_LOW_1_methodologie_1_LOW_1_poly_rank_4
214,0.0012823797792071,0.0008832315730989,0.9427912967634638,True,best_by_method,LOW_1,methodologie_1,LOW_1_poly_rank_4,LOW_1_poly_rank_4,polynomial,log,/Users/hariderarako/Desktop/python/results/methodologie_1/reconstructed_parameters/tau_u/low/LOW_1_poly_rank_4/LOW_1_poly_rank_4_comparison_d_b_e_tau_u.csv,best_by_method_LOW_1_methodologie_1_LOW_1_poly_rank_4
215,0.0014340873767508,0.0010593587026772,0.9610550183172388,True,best_by_method,LOW_1,methodologie_1,LOW_1_poly_rank_4,LOW_1_poly_rank_4,polynomial,log,/Users/hariderarako/Desktop/python/results/methodologie_1/reconstructed_parameters/tau_u/low/LOW_1_poly_rank_4/LOW_1_poly_rank_4_comparison_d_b_e_tau_u.csv,best_by_method_LOW_1_methodologie_1_LOW_1_poly_rank_4
216,0.0005620906166503,0.0003226403047028,0.9970859808260816,True,best_by_method,LOW_1,methodologie_1,LOW_1_poly_rank_4,LOW_1_poly_rank_4,polynomial,log,/Users/hariderarako/Desktop/python/results/methodologie_1/reconstructed_parameters/tau_u/low/LOW_1_poly_rank_4/LOW_1_poly_rank_4_comparison_d_b_e_tau_u.csv,best_by_method_LOW_1_methodologie_1_LOW_1_poly_rank_4
217,0.0008706893514548,0.0003903781924898,0.9942111201566723,True,best_by_method,LOW_1,methodologie_1,LOW_1_poly_rank_4,LOW_1_poly_rank_4,polynomial,log,/Users/hariderarako/Desktop/python/results/methodologie_1/reconstructed_parameters/tau_u/low/LOW_1_poly_rank_4/LOW_1_poly_rank_4_comparison_d_b_e_tau_u.csv,best_by_method_LOW_1_methodologie_1_LOW_1_poly_rank_4
218,0.0009563043922775,0.0004304083017353,0.9939953719833547,True,best_by_method,LOW_1,methodologie_1,LOW_1_poly_rank_4,LOW_1_poly_rank_4,polynomial,log,/Users/hariderarako/Desktop/python/results/methodologie_1/reconstructed_parameters/tau_u/low/LOW_1_poly_rank_4/LOW_1_poly_rank_4_comparison_d_b_e_tau_u.csv,best_by_method_LOW_1_methodologie_1_LOW_1_poly_rank_4
219,0.0042049348474231,0.0029023776976775,0.9483333412394602,True,best_by_method,LOW_1,methodologie_1,LOW_1_poly_rank_4,LOW_1_poly_rank_4,polynomial,log,/Users/hariderarako/Desktop/python/results/methodologie_1/reconstructed_parameters/tau_u/low/LOW_1_poly_rank_4/LOW_1_poly_rank_4_comparison_d_b_e_tau_u.csv,best_by_method_LOW_1_methodologie_1_LOW_1_poly_rank_4
220,0.0006860086510849,0.0004206536716343,0.9919474809488744,True,best_by_method,LOW_1,methodologie_1,LOW_1_poly_rank_4,LOW_1_poly_rank_4,polynomial,log,/Users/hariderarako/Desktop/python/results/methodologie_1/reconstructed_parameters/tau_u/low/LOW_1_poly_rank_4/LOW_1_poly_rank_4_comparison_d_b_e_tau_u.csv,best_by_method_LOW_1_methodologie_1_LOW_1_poly_rank_4
221,0.0011668523859558,0.0006076998567669,0.9758331309773433,True,best_by_method,LOW_1,methodologie_1,LOW_1_poly_rank_4,LOW_1_poly_rank_4,polynomial,log,/Users/hariderarako/Desktop/python/results/methodologie_1/reconstructed_parameters/tau_u/low/LOW_1_poly_rank_4/LOW_1_poly_rank_4_comparison_d_b_e_tau_u.csv,best_by_method_LOW_1_methodologie_1_LOW_1_poly_rank_4
222,0.0014087168809404,0.000837368697894,0.9536404021006905,True,best_by_method,LOW_1,methodologie_1,LOW_1_poly_rank_4,LOW_1_poly_rank_4,polynomial,log,/Users/hariderarako/Desktop/python/results/methodologie_1/reconstructed_parameters/tau_u/low/LOW_1_poly_rank_4/LOW_1_poly_rank_4_comparison_d_b_e_tau_u.csv,best_by_method_LOW_1_methodologie_1_LOW_1_poly_rank_4
223,0.0011158339520441,0.0006407619472298,0.9742540497933402,True,best_by_method,LOW_1,methodologie_1,LOW_1_poly_rank_4,LOW_1_poly_rank_4,polynomial,log,/Users/hariderarako/Desktop/python/results/methodologie_1/reconstructed_parameters/tau_u/low/LOW_1_poly_rank_4/LOW_1_poly_rank_4_comparison_d_b_e_tau_u.csv,best_by_method_LOW_1_methodologie_1_LOW_1_poly_rank_4
224,0.0007067728523964,0.0004941689331469,0.9443590711167704,True,best_by_method,LOW_1,methodologie_1,LOW_1_poly_rank_4,LOW_1_poly_rank_4,polynomial,log,/Users/hariderarako/Desktop/python/results/methodologie_1/reconstructed_parameters/tau_u/low/LOW_1_poly_rank_4/LOW_1_poly_rank_4_comparison_d_b_e_tau_u.csv,best_by_method_LOW_1_methodologie_1_LOW_1_poly_rank_4
225,0.0003262052047944,0.0001591433712983,0.9906316776866334,True,best_by_method,LOW_1,methodologie_1,LOW_1_poly_rank_4,LOW_1_poly_rank_4,polynomial,log,/Users/hariderarako/Desktop/python/results/methodologie_1/reconstructed_parameters/tau_u/low/LOW_1_poly_rank_4/LOW_1_poly_rank_4_comparison_d_b_e_tau_u.csv,best_by_method_LOW_1_methodologie_1_LOW_1_poly_rank_4
226,0.000239035277113,0.000110154266767,0.9942459994773366,True,best_by_method,LOW_1,methodologie_1,LOW_1_poly_rank_4,LOW_1_poly_rank_4,polynomial,log,/Users/hariderarako/Desktop/python/results/methodologie_1/reconstructed_parameters/tau_u/low/LOW_1_poly_rank_4/LOW_1_poly_rank_4_comparison_d_b_e_tau_u.csv,best_by_method_LOW_1_methodologie_1_LOW_1_poly_rank_4
227,0.0003598553006947,0.0001778125079292,0.9860780698853668,True,best_by_method,LOW_1,methodologie_1,LOW_1_poly_rank_4,LOW_1_poly_rank_4,polynomial,log,/Users/hariderarako/Desktop/python/results/methodologie_1/reconstructed_parameters/tau_u/low/LOW_1_poly_rank_4/LOW_1_poly_rank_4_comparison_d_b_e_tau_u.csv,best_by_method_LOW_1_methodologie_1_LOW_1_poly_rank_4
228,0.0036218103661395,0.0027634336268418,0.8187795668534631,True,best_by_method,LOW_1,methodologie_1,LOW_1_poly_rank_4,LOW_1_poly_rank_4,polynomial,log,/Users/hariderarako/Desktop/python/results/methodologie_1/reconstructed_parameters/tau_u/low/LOW_1_poly_rank_4/LOW_1_poly_rank_4_comparison_d_b_e_tau_u.csv,best_by_method_LOW_1_methodologie_1_LOW_1_poly_rank_4
229,0.0017948471375422,0.0012556100743502,0.8851356120858326,True,best_by_method,LOW_1,methodologie_1,LOW_1_poly_rank_4,LOW_1_poly_rank_4,polynomial,log,/Users/hariderarako/Desktop/python/results/methodologie_1/reconstructed_parameters/tau_u/low/LOW_1_poly_rank_4/LOW_1_poly_rank_4_comparison_d_b_e_tau_u.csv,best_by_method_LOW_1_methodologie_1_LOW_1_poly_rank_4
230,0.0007346697549941,0.0005121963353993,0.9756917063366324,True,best_by_method,LOW_1,methodologie_1,LOW_1_poly_rank_4,LOW_1_poly_rank_4,polynomial,log,/Users/hariderarako/Desktop/python/results/methodologie_1/reconstructed_parameters/tau_u/low/LOW_1_poly_rank_4/LOW_1_poly_rank_4_comparison_d_b_e_tau_u.csv,best_by_method_LOW_1_methodologie_1_LOW_1_poly_rank_4
234,0.0187133014472055,0.0134714102755525,0.9499813001410232,True,best_by_method,LOW_1,methodologie_1,LOW_1_poly_rank_4,LOW_1_poly_rank_4,polynomial,log,/Users/hariderarako/Desktop/python/results/methodologie_1/reconstructed_parameters/tau_u/low/LOW_1_poly_rank_4/LOW_1_poly_rank_4_comparison_d_b_e_tau_u.csv,best_by_method_LOW_1_methodologie_1_LOW_1_poly_rank_4
235,0.0489357410065546,0.034376867852918,0.9153736208576444,True,best_by_method,LOW_1,methodologie_1,LOW_1_poly_rank_4,LOW_1_poly_rank_4,polynomial,log,/Users/hariderarako/Desktop/python/results/methodologie_1/reconstructed_parameters/tau_u/low/LOW_1_poly_rank_4/LOW_1_poly_rank_4_comparison_d_b_e_tau_u.csv,best_by_method_LOW_1_methodologie_1_LOW_1_poly_rank_4
236,0.1042263348155081,0.0723969498653023,0.8061840565120786,True,best_by_method,LOW_1,methodologie_1,LOW_1_poly_rank_4,LOW_1_poly_rank_4,polynomial,log,/Users/hariderarako/Desktop/python/results/methodologie_1/reconstructed_parameters/tau_u/low/LOW_1_poly_rank_4/LOW_1_poly_rank_4_comparison_d_b_e_tau_u.csv,best_by_method_LOW_1_methodologie_1_LOW_1_poly_rank_4
238,0.0396761024892976,0.028380649629334,0.8443125386716299,True,best_by_method,LOW_1,methodologie_1,LOW_1_poly_rank_4,LOW_1_poly_rank_4,polynomial,log,/Users/hariderarako/Desktop/python/results/methodologie_1/reconstructed_parameters/tau_u/low/LOW_1_poly_rank_4/LOW_1_poly_rank_4_comparison_d_b_e_tau_u.csv,best_by_method_LOW_1_methodologie_1_LOW_1_poly_rank_4
239,0.0470003592066616,0.0331737249226713,0.8984214029237001,True,best_by_method,LOW_1,methodologie_1,LOW_1_poly_rank_4,LOW_1_poly_rank_4,polynomial,log,/Users/hariderarako/Desktop/python/results/methodologie_1/reconstructed_parameters/tau_u/low/LOW_1_poly_rank_4/LOW_1_poly_rank_4_comparison_d_b_e_tau_u.csv,best_by_method_LOW_1_methodologie_1_LOW_1_poly_rank_4
240,0.1922482084933981,0.1461109072704858,0.0944238892396378,True,best_by_method,LOW_1,methodologie_1,LOW_1_poly_rank_4,LOW_1_poly_rank_4,polynomial,log,/Users/hariderarako/Desktop/python/results/methodologie_1/reconstructed_parameters/tau_u/low/LOW_1_poly_rank_4/LOW_1_poly_rank_4_comparison_d_b_e_tau_u.csv,best_by_method_LOW_1_methodologie_1_LOW_1_poly_rank_4
241,0.1818607864899388,0.1291329738555287,0.5750574192415652,True,best_by_method,LOW_1,methodologie_1,LOW_1_poly_rank_4,LOW_1_poly_rank_4,polynomial,log,/Users/hariderarako/Desktop/python/results/methodologie_1/reconstructed_parameters/tau_u/low/LOW_1_poly_rank_4/LOW_1_poly_rank_4_comparison_d_b_e_tau_u.csv,best_by_method_LOW_1_methodologie_1_LOW_1_poly_rank_4
242,0.0124200129040815,0.0075864879799641,0.9425580994263774,True,best_by_method,LOW_1,methodologie_1,LOW_1_poly_rank_4,LOW_1_poly_rank_4,polynomial,log,/Users/hariderarako/Desktop/python/results/methodologie_1/reconstructed_parameters/tau_u/low/LOW_1_poly_rank_4/LOW_1_poly_rank_4_comparison_d_b_e_tau_u.csv,best_by_method_LOW_1_methodologie_1_LOW_1_poly_rank_4
243,0.022273942289469,0.0152197491900775,0.9857303385020012,True,best_by_method,LOW_1,methodologie_1,LOW_1_poly_rank_4,LOW_1_poly_rank_4,polynomial,log,/Users/hariderarako/Desktop/python/results/methodologie_1/reconstructed_parameters/tau_u/low/LOW_1_poly_rank_4/LOW_1_poly_rank_4_comparison_d_b_e_tau_u.csv,best_by_method_LOW_1_methodologie_1_LOW_1_poly_rank_4
246,0.021534457005413,0.0122457360779558,0.8381597609083732,True,best_by_method,LOW_1,methodologie_1,LOW_1_poly_rank_4,LOW_1_poly_rank_4,polynomial,log,/Users/hariderarako/Desktop/python/results/methodologie_1/reconstructed_parameters/tau_u/low/LOW_1_poly_rank_4/LOW_1_poly_rank_4_comparison_d_b_e_tau_u.csv,best_by_method_LOW_1_methodologie_1_LOW_1_poly_rank_4
247,0.0829488977449171,0.0481459785273187,0.8178970496101228,True,best_by_method,LOW_1,methodologie_1,LOW_1_poly_rank_4,LOW_1_poly_rank_4,polynomial,log,/Users/hariderarako/Desktop/python/results/methodologie_1/reconstructed_parameters/tau_u/low/LOW_1_poly_rank_4/LOW_1_poly_rank_4_comparison_d_b_e_tau_u.csv,best_by_method_LOW_1_methodologie_1_LOW_1_poly_rank_4
248,0.1291220387539047,0.07919681946107,0.8249817733917619,True,best_by_method,LOW_1,methodologie_1,LOW_1_poly_rank_4,LOW_1_poly_rank_4,polynomial,log,/Users/hariderarako/Desktop/python/results/methodologie_1/reconstructed_parameters/tau_u/low/LOW_1_poly_rank_4/LOW_1_poly_rank_4_comparison_d_b_e_tau_u.csv,best_by_method_LOW_1_methodologie_1_LOW_1_poly_rank_4
250,0.0247124062832884,0.0138848988247568,0.8102357185270977,True,best_by_method,LOW_1,methodologie_1,LOW_1_poly_rank_4,LOW_1_poly_rank_4,polynomial,log,/Users/hariderarako/Desktop/python/results/methodologie_1/reconstructed_parameters/tau_u/low/LOW_1_poly_rank_4/LOW_1_poly_rank_4_comparison_d_b_e_tau_u.csv,best_by_method_LOW_1_methodologie_1_LOW_1_poly_rank_4
251,0.0821174025013318,0.0477778156551804,0.7055535176444727,True,best_by_method,LOW_1,methodologie_1,LOW_1_poly_rank_4,LOW_1_poly_rank_4,polynomial,log,/Users/hariderarako/Desktop/python/results/methodologie_1/reconstructed_parameters/tau_u/low/LOW_1_poly_rank_4/LOW_1_poly_rank_4_comparison_d_b_e_tau_u.csv,best_by_method_LOW_1_methodologie_1_LOW_1_poly_rank_4
252,0.2486687260089169,0.1454408333466567,0.527406835846443,True,best_by_method,LOW_1,methodologie_1,LOW_1_poly_rank_4,LOW_1_poly_rank_4,polynomial,log,/Users/hariderarako/Desktop/python/results/methodologie_1/reconstructed_parameters/tau_u/low/LOW_1_poly_rank_4/LOW_1_poly_rank_4_comparison_d_b_e_tau_u.csv,best_by_method_LOW_1_methodologie_1_LOW_1_poly_rank_4
254,0.0215420733485934,0.0122727644150022,0.8971243942060164,True,best_by_method,LOW_1,methodologie_1,LOW_1_poly_rank_4,LOW_1_poly_rank_4,polynomial,log,/Users/hariderarako/Desktop/python/results/methodologie_1/reconstructed_parameters/tau_u/low/LOW_1_poly_rank_4/LOW_1_poly_rank_4_comparison_d_b_e_tau_u.csv,best_by_method_LOW_1_methodologie_1_LOW_1_poly_rank_4
255,0.0879876234034097,0.0548774463424065,0.8592867597896829,True,best_by_method,LOW_1,methodologie_1,LOW_1_poly_rank_4,LOW_1_poly_rank_4,polynomial,log,/Users/hariderarako/Desktop/python/results/methodologie_1/reconstructed_parameters/tau_u/low/LOW_1_poly_rank_4/LOW_1_poly_rank_4_comparison_d_b_e_tau_u.csv,best_by_method_LOW_1_methodologie_1_LOW_1_poly_rank_4
256,0.0642519141576362,0.0388450653449863,0.9713661412436144,True,best_by_method,LOW_1,methodologie_1,LOW_1_poly_rank_4,LOW_1_poly_rank_4,polynomial,log,/Users/hariderarako/Desktop/python/results/methodologie_1/reconstructed_parameters/tau_u/low/LOW_1_poly_rank_4/LOW_1_poly_rank_4_comparison_d_b_e_tau_u.csv,best_by_method_LOW_1_methodologie_1_LOW_1_poly_rank_4
284,0.1234185582706811,0.0889941483960223,0.9349872511388424,True,best_by_method,LOW_1,methodologie_1,LOW_1_poly_rank_4,LOW_1_poly_rank_4,polynomial,log,/Users/hariderarako/Desktop/python/results/methodologie_1/reconstructed_parameters/tau_u/low/LOW_1_poly_rank_4/LOW_1_poly_rank_4_comparison_d_b_e_tau_u.csv,best_by_method_LOW_1_methodologie_1_LOW_1_poly_rank_4
285,0.173555249716466,0.1090411904675701,0.9160316627941524,True,best_by_method,LOW_1,methodologie_1,LOW_1_poly_rank_4,LOW_1_poly_rank_4,polynomial,log,/Users/hariderarako/Desktop/python/results/methodologie_1/reconstructed_parameters/tau_u/low/LOW_1_poly_rank_4/LOW_1_poly_rank_4_comparison_d_b_e_tau_u.csv,best_by_method_LOW_1_methodologie_1_LOW_1_poly_rank_4
287,0.0663328313424063,0.0307792783378003,0.9819932271556336,True,best_by_method,LOW_1,methodologie_1,LOW_1_poly_rank_4,LOW_1_poly_rank_4,polynomial,log,/Users/hariderarako/Desktop/python/results/methodologie_1/reconstructed_parameters/tau_u/low/LOW_1_poly_rank_4/LOW_1_poly_rank_4_comparison_d_b_e_tau_u.csv,best_by_method_LOW_1_methodologie_1_LOW_1_poly_rank_4
288,0.0488832027928898,0.023607614516839,0.9898206691542316,True,best_by_method,LOW_1,methodologie_1,LOW_1_poly_rank_4,LOW_1_poly_rank_4,polynomial,log,/Users/hariderarako/Desktop/python/results/methodologie_1/reconstructed_parameters/tau_u/low/LOW_1_poly_rank_4/LOW_1_poly_rank_4_comparison_d_b_e_tau_u.csv,best_by_method_LOW_1_methodologie_1_LOW_1_poly_rank_4
292,0.0353052653054122,0.0275073680114901,0.9921671595460888,True,best_by_method,LOW_1,methodologie_1,LOW_1_poly_rank_4,LOW_1_poly_rank_4,polynomial,log,/Users/hariderarako/Desktop/python/results/methodologie_1/reconstructed_parameters/tau_u/low/LOW_1_poly_rank_4/LOW_1_poly_rank_4_comparison_d_b_e_tau_u.csv,best_by_method_LOW_1_methodologie_1_LOW_1_poly_rank_4
295,0.0003661338521686,0.0001671276665417,0.9923217577432668,True,best_by_method,LOW_1,methodologie_1,LOW_1_poly_rank_4,LOW_1_poly_rank_4,polynomial,log,/Users/hariderarako/Desktop/python/results/methodologie_1/reconstructed_parameters/tau_u/low/LOW_1_poly_rank_4/LOW_1_poly_rank_4_comparison_d_b_e_tau_u.csv,best_by_method_LOW_1_methodologie_1_LOW_1_poly_rank_4
296,0.0166599806342967,0.0111833161850022,0.6383009065042309,True,best_by_method,LOW_1,methodologie_1,LOW_1_poly_rank_4,LOW_1_poly_rank_4,polynomial,log,/Users/hariderarako/Desktop/python/results/methodologie_1/reconstructed_parameters/tau_u/low/LOW_1_poly_rank_4/LOW_1_poly_rank_4_comparison_d_b_e_tau_u.csv,best_by_method_LOW_1_methodologie_1_LOW_1_poly_rank_4
297,0.0030481029202546,0.0018948520101533,0.9195516667670932,True,best_by_method,LOW_1,methodologie_1,LOW_1_poly_rank_4,LOW_1_poly_rank_4,polynomial,log,/Users/hariderarako/Desktop/python/results/methodologie_1/reconstructed_parameters/tau_u/low/LOW_1_poly_rank_4/LOW_1_poly_rank_4_comparison_d_b_e_tau_u.csv,best_by_method_LOW_1_methodologie_1_LOW_1_poly_rank_4
302,0.0018497053534819,0.0009585093626624,0.9812370361779872,True,best_by_method,LOW_1,methodologie_1,LOW_1_poly_rank_4,LOW_1_poly_rank_4,polynomial,log,/Users/hariderarako/Desktop/python/results/methodologie_1/reconstructed_parameters/tau_u/low/LOW_1_poly_rank_4/LOW_1_poly_rank_4_comparison_d_b_e_tau_u.csv,best_by_method_LOW_1_methodologie_1_LOW_1_poly_rank_4
303,0.0013630213775689,0.0010186663166699,0.9762922336543488,True,best_by_method,LOW_1,methodologie_1,LOW_1_poly_rank_4,LOW_1_poly_rank_4,polynomial,log,/Users/hariderarako/Desktop/python/results/methodologie_1/reconstructed_parameters/tau_u/low/LOW_1_poly_rank_4/LOW_1_poly_rank_4_comparison_d_b_e_tau_u.csv,best_by_method_LOW_1_methodologie_1_LOW_1_poly_rank_4
304,0.0025852366904336,0.0015541019281217,0.9394211361566046,True,best_by_method,LOW_1,methodologie_1,LOW_1_poly_rank_4,LOW_1_poly_rank_4,polynomial,log,/Users/hariderarako/Desktop/python/results/methodologie_1/reconstructed_parameters/tau_u/low/LOW_1_poly_rank_4/LOW_1_poly_rank_4_comparison_d_b_e_tau_u.csv,best_by_method_LOW_1_methodologie_1_LOW_1_poly_rank_4
305,0.0014240594067324,0.000722265221705,0.9759426504550972,True,best_by_method,LOW_1,methodologie_1,LOW_1_poly_rank_4,LOW_1_poly_rank_4,polynomial,log,/Users/hariderarako/Desktop/python/results/methodologie_1/reconstructed_parameters/tau_u/low/LOW_1_poly_rank_4/LOW_1_poly_rank_4_comparison_d_b_e_tau_u.csv,best_by_method_LOW_1_methodologie_1_LOW_1_poly_rank_4
311,0.024914912020625,0.0175903234578935,0.9749588414909308,True,best_by_method,LOW_1,methodologie_1,LOW_1_poly_rank_4,LOW_1_poly_rank_4,polynomial,log,/Users/hariderarako/Desktop/python/results/methodologie_1/reconstructed_parameters/tau_u/low/LOW_1_poly_rank_4/LOW_1_poly_rank_4_comparison_d_b_e_tau_u.csv,best_by_method_LOW_1_methodologie_1_LOW_1_poly_rank_4
316,0.0213086604901415,0.0161020732960145,0.9912450122942082,True,best_by_method,LOW_1,methodologie_1,LOW_1_poly_rank_4,LOW_1_poly_rank_4,polynomial,log,/Users/hariderarako/Desktop/python/results/methodologie_1/reconstructed_parameters/tau_u/low/LOW_1_poly_rank_4/LOW_1_poly_rank_4_comparison_d_b_e_tau_u.csv,best_by_method_LOW_1_methodologie_1_LOW_1_poly_rank_4
317,0.0157821520258757,0.0095573524626674,0.9821561006527328,True,best_by_method,LOW_1,methodologie_1,LOW_1_poly_rank_4,LOW_1_poly_rank_4,polynomial,log,/Users/hariderarako/Desktop/python/results/methodologie_1/reconstructed_parameters/tau_u/low/LOW_1_poly_rank_4/LOW_1_poly_rank_4_comparison_d_b_e_tau_u.csv,best_by_method_LOW_1_methodologie_1_LOW_1_poly_rank_4
321,0.4841751711971553,0.3314783115515039,0.6406821326507955,True,best_by_method,LOW_1,methodologie_1,LOW_1_poly_rank_4,LOW_1_poly_rank_4,polynomial,log,/Users/hariderarako/Desktop/python/results/methodologie_1/reconstructed_parameters/tau_u/low/LOW_1_poly_rank_4/LOW_1_poly_rank_4_comparison_d_b_e_tau_u.csv,best_by_method_LOW_1_methodologie_1_LOW_1_poly_rank_4
322,0.0808046686250881,0.0551741833440245,0.8228426475107505,True,best_by_method,LOW_1,methodologie_1,LOW_1_poly_rank_4,LOW_1_poly_rank_4,polynomial,log,/Users/hariderarako/Desktop/python/results/methodologie_1/reconstructed_parameters/tau_u/low/LOW_1_poly_rank_4/LOW_1_poly_rank_4_comparison_d_b_e_tau_u.csv,best_by_method_LOW_1_methodologie_1_LOW_1_poly_rank_4
327,0.0045023590117673,0.0029113357310849,0.7669705829850498,True,best_by_method,LOW_1,methodologie_1,LOW_1_poly_rank_4,LOW_1_poly_rank_4,polynomial,log,/Users/hariderarako/Desktop/python/results/methodologie_1/reconstructed_parameters/tau_u/low/LOW_1_poly_rank_4/LOW_1_poly_rank_4_comparison_d_b_e_tau_u.csv,best_by_method_LOW_1_methodologie_1_LOW_1_poly_rank_4
329,0.0008725321512086,0.000565654872781,0.915307796369606,True,best_by_method,LOW_1,methodologie_1,LOW_1_poly_rank_4,LOW_1_poly_rank_4,polynomial,log,/Users/hariderarako/Desktop/python/results/methodologie_1/reconstructed_parameters/tau_u/low/LOW_1_poly_rank_4/LOW_1_poly_rank_4_comparison_d_b_e_tau_u.csv,best_by_method_LOW_1_methodologie_1_LOW_1_poly_rank_4
330,0.0002243014986059,8.89350610963259e-05,0.994961870069714,True,best_by_method,LOW_1,methodologie_1,LOW_1_poly_rank_4,LOW_1_poly_rank_4,polynomial,log,/Users/hariderarako/Desktop/python/results/methodologie_1/reconstructed_parameters/tau_u/low/LOW_1_poly_rank_4/LOW_1_poly_rank_4_comparison_d_b_e_tau_u.csv,best_by_method_LOW_1_methodologie_1_LOW_1_poly_rank_4
331,0.0003245366489173,0.0001352832032018,0.9969368451127442,True,best_by_method,LOW_1,methodologie_1,LOW_1_poly_rank_4,LOW_1_poly_rank_4,polynomial,log,/Users/hariderarako/Desktop/python/results/methodologie_1/reconstructed_parameters/tau_u/low/LOW_1_poly_rank_4/LOW_1_poly_rank_4_comparison_d_b_e_tau_u.csv,best_by_method_LOW_1_methodologie_1_LOW_1_poly_rank_4
332,0.0009365503225541,0.0006455063346003,0.978288356461314,True,best_by_method,LOW_1,methodologie_1,LOW_1_poly_rank_4,LOW_1_poly_rank_4,polynomial,log,/Users/hariderarako/Desktop/python/results/methodologie_1/reconstructed_parameters/tau_u/low/LOW_1_poly_rank_4/LOW_1_poly_rank_4_comparison_d_b_e_tau_u.csv,best_by_method_LOW_1_methodologie_1_LOW_1_poly_rank_4
333,0.0030298722074668,0.0019572260776662,0.9315723221710388,True,best_by_method,LOW_1,methodologie_1,LOW_1_poly_rank_4,LOW_1_poly_rank_4,polynomial,log,/Users/hariderarako/Desktop/python/results/methodologie_1/reconstructed_parameters/tau_u/low/LOW_1_poly_rank_4/LOW_1_poly_rank_4_comparison_d_b_e_tau_u.csv,best_by_method_LOW_1_methodologie_1_LOW_1_poly_rank_4
334,0.0073618764013791,0.0047498262669767,0.6646120022150332,True,best_by_method,LOW_1,methodologie_1,LOW_1_poly_rank_4,LOW_1_poly_rank_4,polynomial,log,/Users/hariderarako/Desktop/python/results/methodologie_1/reconstructed_parameters/tau_u/low/LOW_1_poly_rank_4/LOW_1_poly_rank_4_comparison_d_b_e_tau_u.csv,best_by_method_LOW_1_methodologie_1_LOW_1_poly_rank_4
335,0.0130833174314138,0.0085031015550526,0.7968581681918815,True,best_by_method,LOW_1,methodologie_1,LOW_1_poly_rank_4,LOW_1_poly_rank_4,polynomial,log,/Users/hariderarako/Desktop/python/results/methodologie_1/reconstructed_parameters/tau_u/low/LOW_1_poly_rank_4/LOW_1_poly_rank_4_comparison_d_b_e_tau_u.csv,best_by_method_LOW_1_methodologie_1_LOW_1_poly_rank_4
337,0.0015380437479416,0.0007834387097535,0.9771384060541676,True,best_by_method,LOW_1,methodologie_1,LOW_1_poly_rank_4,LOW_1_poly_rank_4,polynomial,log,/Users/hariderarako/Desktop/python/results/methodologie_1/reconstructed_parameters/tau_u/low/LOW_1_poly_rank_4/LOW_1_poly_rank_4_comparison_d_b_e_tau_u.csv,best_by_method_LOW_1_methodologie_1_LOW_1_poly_rank_4
338,0.001727467174912,0.0010600503999627,0.9238305674468016,True,best_by_method,LOW_1,methodologie_1,LOW_1_poly_rank_4,LOW_1_poly_rank_4,polynomial,log,/Users/hariderarako/Desktop/python/results/methodologie_1/reconstructed_parameters/tau_u/low/LOW_1_poly_rank_4/LOW_1_poly_rank_4_comparison_d_b_e_tau_u.csv,best_by_method_LOW_1_methodologie_1_LOW_1_poly_rank_4
339,0.0016926914541876,0.0010104614313506,0.939800999825,True,best_by_method,LOW_1,methodologie_1,LOW_1_poly_rank_4,LOW_1_poly_rank_4,polynomial,log,/Users/hariderarako/Desktop/python/results/methodologie_1/reconstructed_parameters/tau_u/low/LOW_1_poly_rank_4/LOW_1_poly_rank_4_comparison_d_b_e_tau_u.csv,best_by_method_LOW_1_methodologie_1_LOW_1_poly_rank_4
340,0.0006681625405934,0.0004824172749611,0.9736410680575877,True,best_by_method,LOW_1,methodologie_1,LOW_1_poly_rank_4,LOW_1_poly_rank_4,polynomial,log,/Users/hariderarako/Desktop/python/results/methodologie_1/reconstructed_parameters/tau_u/low/LOW_1_poly_rank_4/LOW_1_poly_rank_4_comparison_d_b_e_tau_u.csv,best_by_method_LOW_1_methodologie_1_LOW_1_poly_rank_4
341,0.0041983644975569,0.0026661315212532,0.9033378132253232,True,best_by_method,LOW_1,methodologie_1,LOW_1_poly_rank_4,LOW_1_poly_rank_4,polynomial,log,/Users/hariderarako/Desktop/python/results/methodologie_1/reconstructed_parameters/tau_u/low/LOW_1_poly_rank_4/LOW_1_poly_rank_4_comparison_d_b_e_tau_u.csv,best_by_method_LOW_1_methodologie_1_LOW_1_poly_rank_4
342,0.0008983541567184,0.0004800905516456,0.9879883599111184,True,best_by_method,LOW_1,methodologie_1,LOW_1_poly_rank_4,LOW_1_poly_rank_4,polynomial,log,/Users/hariderarako/Desktop/python/results/methodologie_1/reconstructed_parameters/tau_u/low/LOW_1_poly_rank_4/LOW_1_poly_rank_4_comparison_d_b_e_tau_u.csv,best_by_method_LOW_1_methodologie_1_LOW_1_poly_rank_4
343,0.0011427405393115,0.0005979009910351,0.9698220113050472,True,best_by_method,LOW_1,methodologie_1,LOW_1_poly_rank_4,LOW_1_poly_rank_4,polynomial,log,/Users/hariderarako/Desktop/python/results/methodologie_1/reconstructed_parameters/tau_u/low/LOW_1_poly_rank_4/LOW_1_poly_rank_4_comparison_d_b_e_tau_u.csv,best_by_method_LOW_1_methodologie_1_LOW_1_poly_rank_4
344,0.0022718263629688,0.0014941886887565,0.7669634105700944,True,best_by_method,LOW_1,methodologie_1,LOW_1_poly_rank_4,LOW_1_poly_rank_4,polynomial,log,/Users/hariderarako/Desktop/python/results/methodologie_1/reconstructed_parameters/tau_u/low/LOW_1_poly_rank_4/LOW_1_poly_rank_4_comparison_d_b_e_tau_u.csv,best_by_method_LOW_1_methodologie_1_LOW_1_poly_rank_4
345,0.0028312747816178,0.0015687272100998,0.9680947893700956,True,best_by_method,LOW_1,methodologie_1,LOW_1_poly_rank_4,LOW_1_poly_rank_4,polynomial,log,/Users/hariderarako/Desktop/python/results/methodologie_1/reconstructed_parameters/tau_u/low/LOW_1_poly_rank_4/LOW_1_poly_rank_4_comparison_d_b_e_tau_u.csv,best_by_method_LOW_1_methodologie_1_LOW_1_poly_rank_4
346,0.0011913224802371,0.0009344253902305,0.989865139167028,True,best_by_method,LOW_1,methodologie_1,LOW_1_poly_rank_4,LOW_1_poly_rank_4,polynomial,log,/Users/hariderarako/Desktop/python/results/methodologie_1/reconstructed_parameters/tau_u/low/LOW_1_poly_rank_4/LOW_1_poly_rank_4_comparison_d_b_e_tau_u.csv,best_by_method_LOW_1_methodologie_1_LOW_1_poly_rank_4
347,0.0024070910721809,0.0017553077976402,0.8661001541218515,True,best_by_method,LOW_1,methodologie_1,LOW_1_poly_rank_4,LOW_1_poly_rank_4,polynomial,log,/Users/hariderarako/Desktop/python/results/methodologie_1/reconstructed_parameters/tau_u/low/LOW_1_poly_rank_4/LOW_1_poly_rank_4_comparison_d_b_e_tau_u.csv,best_by_method_LOW_1_methodologie_1_LOW_1_poly_rank_4
348,0.0020131627385385,0.0013189887874795,0.7913951220207143,True,best_by_method,LOW_1,methodologie_1,LOW_1_poly_rank_4,LOW_1_poly_rank_4,polynomial,log,/Users/hariderarako/Desktop/python/results/methodologie_1/reconstructed_parameters/tau_u/low/LOW_1_poly_rank_4/LOW_1_poly_rank_4_comparison_d_b_e_tau_u.csv,best_by_method_LOW_1_methodologie_1_LOW_1_poly_rank_4
349,0.0011529786474707,0.0005942570237781,0.9853042614342826,True,best_by_method,LOW_1,methodologie_1,LOW_1_poly_rank_4,LOW_1_poly_rank_4,polynomial,log,/Users/hariderarako/Desktop/python/results/methodologie_1/reconstructed_parameters/tau_u/low/LOW_1_poly_rank_4/LOW_1_poly_rank_4_comparison_d_b_e_tau_u.csv,best_by_method_LOW_1_methodologie_1_LOW_1_poly_rank_4
350,0.0016642904873185,0.0009082884023503,0.9646537320495624,True,best_by_method,LOW_1,methodologie_1,LOW_1_poly_rank_4,LOW_1_poly_rank_4,polynomial,log,/Users/hariderarako/Desktop/python/results/methodologie_1/reconstructed_parameters/tau_u/low/LOW_1_poly_rank_4/LOW_1_poly_rank_4_comparison_d_b_e_tau_u.csv,best_by_method_LOW_1_methodologie_1_LOW_1_poly_rank_4
351,0.0016063292584434,0.0009819041506794,0.9269310578268104,True,best_by_method,LOW_1,methodologie_1,LOW_1_poly_rank_4,LOW_1_poly_rank_4,polynomial,log,/Users/hariderarako/Desktop/python/results/methodologie_1/reconstructed_parameters/tau_u/low/LOW_1_poly_rank_4/LOW_1_poly_rank_4_comparison_d_b_e_tau_u.csv,best_by_method_LOW_1_methodologie_1_LOW_1_poly_rank_4
352,0.0005096971159265,0.0002916960591378,0.990811068396628,True,best_by_method,LOW_1,methodologie_1,LOW_1_poly_rank_4,LOW_1_poly_rank_4,polynomial,log,/Users/hariderarako/Desktop/python/results/methodologie_1/reconstructed_parameters/tau_u/low/LOW_1_poly_rank_4/LOW_1_poly_rank_4_comparison_d_b_e_tau_u.csv,best_by_method_LOW_1_methodologie_1_LOW_1_poly_rank_4
353,0.0020766523778867,0.0015220731771351,0.9242523100270844,True,best_by_method,LOW_1,methodologie_1,LOW_1_poly_rank_4,LOW_1_poly_rank_4,polynomial,log,/Users/hariderarako/Desktop/python/results/methodologie_1/reconstructed_parameters/tau_u/low/LOW_1_poly_rank_4/LOW_1_poly_rank_4_comparison_d_b_e_tau_u.csv,best_by_method_LOW_1_methodologie_1_LOW_1_poly_rank_4
354,0.0013093770709233,0.0009479446033657,0.9514495630075328,True,best_by_method,LOW_1,methodologie_1,LOW_1_poly_rank_4,LOW_1_poly_rank_4,polynomial,log,/Users/hariderarako/Desktop/python/results/methodologie_1/reconstructed_parameters/tau_u/low/LOW_1_poly_rank_4/LOW_1_poly_rank_4_comparison_d_b_e_tau_u.csv,best_by_method_LOW_1_methodologie_1_LOW_1_poly_rank_4
355,0.0006303497028409,0.0004659776053392,0.98205940052531,True,best_by_method,LOW_1,methodologie_1,LOW_1_poly_rank_4,LOW_1_poly_rank_4,polynomial,log,/Users/hariderarako/Desktop/python/results/methodologie_1/reconstructed_parameters/tau_u/low/LOW_1_poly_rank_4/LOW_1_poly_rank_4_comparison_d_b_e_tau_u.csv,best_by_method_LOW_1_methodologie_1_LOW_1_poly_rank_4
356,0.0011592931695948,0.0007403236265392,0.8936426421193209,True,best_by_method,LOW_1,methodologie_1,LOW_1_poly_rank_4,LOW_1_poly_rank_4,polynomial,log,/Users/hariderarako/Desktop/python/results/methodologie_1/reconstructed_parameters/tau_u/low/LOW_1_poly_rank_4/LOW_1_poly_rank_4_comparison_d_b_e_tau_u.csv,best_by_method_LOW_1_methodologie_1_LOW_1_poly_rank_4
357,0.0040222669754004,0.0028759371410676,0.2695077171798452,True,best_by_method,LOW_1,methodologie_1,LOW_1_poly_rank_4,LOW_1_poly_rank_4,polynomial,log,/Users/hariderarako/Desktop/python/results/methodologie_1/reconstructed_parameters/tau_u/low/LOW_1_poly_rank_4/LOW_1_poly_rank_4_comparison_d_b_e_tau_u.csv,best_by_method_LOW_1_methodologie_1_LOW_1_poly_rank_4
358,0.000472161482635,0.0003501355389881,0.9868373094189444,True,best_by_method,LOW_1,methodologie_1,LOW_1_poly_rank_4,LOW_1_poly_rank_4,polynomial,log,/Users/hariderarako/Desktop/python/results/methodologie_1/reconstructed_parameters/tau_u/low/LOW_1_poly_rank_4/LOW_1_poly_rank_4_comparison_d_b_e_tau_u.csv,best_by_method_LOW_1_methodologie_1_LOW_1_poly_rank_4
359,0.000455993455034,0.0003314466247351,0.9835449878097892,True,best_by_method,LOW_1,methodologie_1,LOW_1_poly_rank_4,LOW_1_poly_rank_4,polynomial,log,/Users/hariderarako/Desktop/python/results/methodologie_1/reconstructed_parameters/tau_u/low/LOW_1_poly_rank_4/LOW_1_poly_rank_4_comparison_d_b_e_tau_u.csv,best_by_method_LOW_1_methodologie_1_LOW_1_poly_rank_4
360,0.0005965445153954,0.0003560920659175,0.9614746555875758,True,best_by_method,LOW_1,methodologie_1,LOW_1_poly_rank_4,LOW_1_poly_rank_4,polynomial,log,/Users/hariderarako/Desktop/python/results/methodologie_1/reconstructed_parameters/tau_u/low/LOW_1_poly_rank_4/LOW_1_poly_rank_4_comparison_d_b_e_tau_u.csv,best_by_method_LOW_1_methodologie_1_LOW_1_poly_rank_4
7,0.0004980430564535,0.0003570501140581,0.9946207818036032,True,best_by_method,LOW_1,methodologie_2,LOW_1_direct_poly_rank_3,LOW_1_direct_poly_rank_3,polynomial,log_gap,/Users/hariderarako/Desktop/python/results/methodologie_2/reconstructed_parameters/from_z/low/LOW_1_direct_poly_rank_3_b_d_from_e_predictions.csv,best_by_method_LOW_1_methodologie_2_LOW_1_direct_poly_rank_3
8,9.622409170577064e-05,6.221973324561418e-05,0.999685537977604,True,best_by_method,LOW_1,methodologie_2,LOW_1_direct_poly_rank_3,LOW_1_direct_poly_rank_3,polynomial,log_gap,/Users/hariderarako/Desktop/python/results/methodologie_2/reconstructed_parameters/from_z/low/LOW_1_direct_poly_rank_3_b_d_from_e_predictions.csv,best_by_method_LOW_1_methodologie_2_LOW_1_direct_poly_rank_3
9,1.9878986221143252e-05,1.153887252052059e-05,0.9999810613436586,True,best_by_method,LOW_1,methodologie_2,LOW_1_direct_poly_rank_3,LOW_1_direct_poly_rank_3,polynomial,log_gap,/Users/hariderarako/Desktop/python/results/methodologie_2/reconstructed_parameters/from_z/low/LOW_1_direct_poly_rank_3_b_d_from_e_predictions.csv,best_by_method_LOW_1_methodologie_2_LOW_1_direct_poly_rank_3
11,0.0001035909572132,5.871064405155578e-05,0.9997784119454074,True,best_by_method,LOW_1,methodologie_2,LOW_1_direct_poly_rank_3,LOW_1_direct_poly_rank_3,polynomial,log_gap,/Users/hariderarako/Desktop/python/results/methodologie_2/reconstructed_parameters/from_z/low/LOW_1_direct_poly_rank_3_b_d_from_e_predictions.csv,best_by_method_LOW_1_methodologie_2_LOW_1_direct_poly_rank_3
12,0.0002444562444027,0.0001489639355818,0.9985713147381172,True,best_by_method,LOW_1,methodologie_2,LOW_1_direct_poly_rank_3,LOW_1_direct_poly_rank_3,polynomial,log_gap,/Users/hariderarako/Desktop/python/results/methodologie_2/reconstructed_parameters/from_z/low/LOW_1_direct_poly_rank_3_b_d_from_e_predictions.csv,best_by_method_LOW_1_methodologie_2_LOW_1_direct_poly_rank_3
13,0.0004054634264359,0.0002232877580294,0.9957270029520142,True,best_by_method,LOW_1,methodologie_2,LOW_1_direct_poly_rank_3,LOW_1_direct_poly_rank_3,polynomial,log_gap,/Users/hariderarako/Desktop/python/results/methodologie_2/reconstructed_parameters/from_z/low/LOW_1_direct_poly_rank_3_b_d_from_e_predictions.csv,best_by_method_LOW_1_methodologie_2_LOW_1_direct_poly_rank_3
19,0.0051590095764303,0.0022413435968274,0.9981181294452076,True,best_by_method,LOW_1,methodologie_2,LOW_1_direct_poly_rank_3,LOW_1_direct_poly_rank_3,polynomial,log_gap,/Users/hariderarako/Desktop/python/results/methodologie_2/reconstructed_parameters/from_z/low/LOW_1_direct_poly_rank_3_b_d_from_e_predictions.csv,best_by_method_LOW_1_methodologie_2_LOW_1_direct_poly_rank_3
20,0.0133159025084657,0.0082373237084837,0.9985700020914758,True,best_by_method,LOW_1,methodologie_2,LOW_1_direct_poly_rank_3,LOW_1_direct_poly_rank_3,polynomial,log_gap,/Users/hariderarako/Desktop/python/results/methodologie_2/reconstructed_parameters/from_z/low/LOW_1_direct_poly_rank_3_b_d_from_e_predictions.csv,best_by_method_LOW_1_methodologie_2_LOW_1_direct_poly_rank_3
27,0.0180644491722787,0.0108375076846916,0.997319846908907,True,best_by_method,LOW_1,methodologie_2,LOW_1_direct_poly_rank_3,LOW_1_direct_poly_rank_3,polynomial,log_gap,/Users/hariderarako/Desktop/python/results/methodologie_2/reconstructed_parameters/from_z/low/LOW_1_direct_poly_rank_3_b_d_from_e_predictions.csv,best_by_method_LOW_1_methodologie_2_LOW_1_direct_poly_rank_3
28,0.0197257087014779,0.0091752338160941,0.9776176013801188,True,best_by_method,LOW_1,methodologie_2,LOW_1_direct_poly_rank_3,LOW_1_direct_poly_rank_3,polynomial,log_gap,/Users/hariderarako/Desktop/python/results/methodologie_2/reconstructed_parameters/from_z/low/LOW_1_direct_poly_rank_3_b_d_from_e_predictions.csv,best_by_method_LOW_1_methodologie_2_LOW_1_direct_poly_rank_3
31,0.0026317066930947,0.0016338670927218,0.9991954278927698,True,best_by_method,LOW_1,methodologie_2,LOW_1_direct_poly_rank_3,LOW_1_direct_poly_rank_3,polynomial,log_gap,/Users/hariderarako/Desktop/python/results/methodologie_2/reconstructed_parameters/from_z/low/LOW_1_direct_poly_rank_3_b_d_from_e_predictions.csv,best_by_method_LOW_1_methodologie_2_LOW_1_direct_poly_rank_3
34,0.0014244811218829,0.0010652986183957,0.999940442657174,True,best_by_method,LOW_1,methodologie_2,LOW_1_direct_poly_rank_3,LOW_1_direct_poly_rank_3,polynomial,log_gap,/Users/hariderarako/Desktop/python/results/methodologie_2/reconstructed_parameters/from_z/low/LOW_1_direct_poly_rank_3_b_d_from_e_predictions.csv,best_by_method_LOW_1_methodologie_2_LOW_1_direct_poly_rank_3
37,0.0031978595233026,0.0016051662932642,0.9992288990079954,True,best_by_method,LOW_1,methodologie_2,LOW_1_direct_poly_rank_3,LOW_1_direct_poly_rank_3,polynomial,log_gap,/Users/hariderarako/Desktop/python/results/methodologie_2/reconstructed_parameters/from_z/low/LOW_1_direct_poly_rank_3_b_d_from_e_predictions.csv,best_by_method_LOW_1_methodologie_2_LOW_1_direct_poly_rank_3
40,0.012119067560448,0.0076292863408033,0.991246815774446,True,best_by_method,LOW_1,methodologie_2,LOW_1_direct_poly_rank_3,LOW_1_direct_poly_rank_3,polynomial,log_gap,/Users/hariderarako/Desktop/python/results/methodologie_2/reconstructed_parameters/from_z/low/LOW_1_direct_poly_rank_3_b_d_from_e_predictions.csv,best_by_method_LOW_1_methodologie_2_LOW_1_direct_poly_rank_3
43,0.0022503564419509,0.0013885048776388,0.9995660126519862,True,best_by_method,LOW_1,methodologie_2,LOW_1_direct_poly_rank_3,LOW_1_direct_poly_rank_3,polynomial,log_gap,/Users/hariderarako/Desktop/python/results/methodologie_2/reconstructed_parameters/from_z/low/LOW_1_direct_poly_rank_3_b_d_from_e_predictions.csv,best_by_method_LOW_1_methodologie_2_LOW_1_direct_poly_rank_3
46,0.0031907600960256,0.0020466727675613,0.9995212090178772,True,best_by_method,LOW_1,methodologie_2,LOW_1_direct_poly_rank_3,LOW_1_direct_poly_rank_3,polynomial,log_gap,/Users/hariderarako/Desktop/python/results/methodologie_2/reconstructed_parameters/from_z/low/LOW_1_direct_poly_rank_3_b_d_from_e_predictions.csv,best_by_method_LOW_1_methodologie_2_LOW_1_direct_poly_rank_3
51,0.0002558618153687,0.0001577684621012,0.9999983374844464,True,best_by_method,LOW_1,methodologie_2,LOW_1_direct_poly_rank_3,LOW_1_direct_poly_rank_3,polynomial,log_gap,/Users/hariderarako/Desktop/python/results/methodologie_2/reconstructed_parameters/from_z/low/LOW_1_direct_poly_rank_3_b_d_from_e_predictions.csv,best_by_method_LOW_1_methodologie_2_LOW_1_direct_poly_rank_3
53,0.0015020976419472,0.0009311939754582,0.9998724042867844,True,best_by_method,LOW_1,methodologie_2,LOW_1_direct_poly_rank_3,LOW_1_direct_poly_rank_3,polynomial,log_gap,/Users/hariderarako/Desktop/python/results/methodologie_2/reconstructed_parameters/from_z/low/LOW_1_direct_poly_rank_3_b_d_from_e_predictions.csv,best_by_method_LOW_1_methodologie_2_LOW_1_direct_poly_rank_3
56,0.0035993183974803,0.0024614978283673,0.9993090534752428,True,best_by_method,LOW_1,methodologie_2,LOW_1_direct_poly_rank_3,LOW_1_direct_poly_rank_3,polynomial,log_gap,/Users/hariderarako/Desktop/python/results/methodologie_2/reconstructed_parameters/from_z/low/LOW_1_direct_poly_rank_3_b_d_from_e_predictions.csv,best_by_method_LOW_1_methodologie_2_LOW_1_direct_poly_rank_3
59,0.0159086809501217,0.0049599940761365,0.9754784801124188,True,best_by_method,LOW_1,methodologie_2,LOW_1_direct_poly_rank_3,LOW_1_direct_poly_rank_3,polynomial,log_gap,/Users/hariderarako/Desktop/python/results/methodologie_2/reconstructed_parameters/from_z/low/LOW_1_direct_poly_rank_3_b_d_from_e_predictions.csv,best_by_method_LOW_1_methodologie_2_LOW_1_direct_poly_rank_3
62,0.004723474769748,0.0031167846255974,0.9994319551675408,True,best_by_method,LOW_1,methodologie_2,LOW_1_direct_poly_rank_3,LOW_1_direct_poly_rank_3,polynomial,log_gap,/Users/hariderarako/Desktop/python/results/methodologie_2/reconstructed_parameters/from_z/low/LOW_1_direct_poly_rank_3_b_d_from_e_predictions.csv,best_by_method_LOW_1_methodologie_2_LOW_1_direct_poly_rank_3
65,0.013899592558545,0.0100038366853836,0.9971784952017342,True,best_by_method,LOW_1,methodologie_2,LOW_1_direct_poly_rank_3,LOW_1_direct_poly_rank_3,polynomial,log_gap,/Users/hariderarako/Desktop/python/results/methodologie_2/reconstructed_parameters/from_z/low/LOW_1_direct_poly_rank_3_b_d_from_e_predictions.csv,best_by_method_LOW_1_methodologie_2_LOW_1_direct_poly_rank_3
68,0.0039862285038792,0.0025523678031157,0.9989583264720756,True,best_by_method,LOW_1,methodologie_2,LOW_1_direct_poly_rank_3,LOW_1_direct_poly_rank_3,polynomial,log_gap,/Users/hariderarako/Desktop/python/results/methodologie_2/reconstructed_parameters/from_z/low/LOW_1_direct_poly_rank_3_b_d_from_e_predictions.csv,best_by_method_LOW_1_methodologie_2_LOW_1_direct_poly_rank_3
71,0.0062021045857097,0.0032409085847135,0.9968806604245888,True,best_by_method,LOW_1,methodologie_2,LOW_1_direct_poly_rank_3,LOW_1_direct_poly_rank_3,polynomial,log_gap,/Users/hariderarako/Desktop/python/results/methodologie_2/reconstructed_parameters/from_z/low/LOW_1_direct_poly_rank_3_b_d_from_e_predictions.csv,best_by_method_LOW_1_methodologie_2_LOW_1_direct_poly_rank_3
74,0.0001894552471663,0.0001268783718266,0.9999966202240682,True,best_by_method,LOW_1,methodologie_2,LOW_1_direct_poly_rank_3,LOW_1_direct_poly_rank_3,polynomial,log_gap,/Users/hariderarako/Desktop/python/results/methodologie_2/reconstructed_parameters/from_z/low/LOW_1_direct_poly_rank_3_b_d_from_e_predictions.csv,best_by_method_LOW_1_methodologie_2_LOW_1_direct_poly_rank_3
77,0.0026726285572739,0.0016668315907972,0.9996023706158076,True,best_by_method,LOW_1,methodologie_2,LOW_1_direct_poly_rank_3,LOW_1_direct_poly_rank_3,polynomial,log_gap,/Users/hariderarako/Desktop/python/results/methodologie_2/reconstructed_parameters/from_z/low/LOW_1_direct_poly_rank_3_b_d_from_e_predictions.csv,best_by_method_LOW_1_methodologie_2_LOW_1_direct_poly_rank_3
80,0.0108573645184055,0.0063166296339996,0.9956771010835604,True,best_by_method,LOW_1,methodologie_2,LOW_1_direct_poly_rank_3,LOW_1_direct_poly_rank_3,polynomial,log_gap,/Users/hariderarako/Desktop/python/results/methodologie_2/reconstructed_parameters/from_z/low/LOW_1_direct_poly_rank_3_b_d_from_e_predictions.csv,best_by_method_LOW_1_methodologie_2_LOW_1_direct_poly_rank_3
83,0.0013339040133689,0.0008142288446048,0.9998361145451954,True,best_by_method,LOW_1,methodologie_2,LOW_1_direct_poly_rank_3,LOW_1_direct_poly_rank_3,polynomial,log_gap,/Users/hariderarako/Desktop/python/results/methodologie_2/reconstructed_parameters/from_z/low/LOW_1_direct_poly_rank_3_b_d_from_e_predictions.csv,best_by_method_LOW_1_methodologie_2_LOW_1_direct_poly_rank_3
86,0.0002467185773419,0.0001495497838307,0.9999923751645068,True,best_by_method,LOW_1,methodologie_2,LOW_1_direct_poly_rank_3,LOW_1_direct_poly_rank_3,polynomial,log_gap,/Users/hariderarako/Desktop/python/results/methodologie_2/reconstructed_parameters/from_z/low/LOW_1_direct_poly_rank_3_b_d_from_e_predictions.csv,best_by_method_LOW_1_methodologie_2_LOW_1_direct_poly_rank_3
89,0.0027269401423986,0.0018599950950544,0.9991755461070184,True,best_by_method,LOW_1,methodologie_2,LOW_1_direct_poly_rank_3,LOW_1_direct_poly_rank_3,polynomial,log_gap,/Users/hariderarako/Desktop/python/results/methodologie_2/reconstructed_parameters/from_z/low/LOW_1_direct_poly_rank_3_b_d_from_e_predictions.csv,best_by_method_LOW_1_methodologie_2_LOW_1_direct_poly_rank_3
92,0.008500913211792,0.0041135369290388,0.9922193871667624,True,best_by_method,LOW_1,methodologie_2,LOW_1_direct_poly_rank_3,LOW_1_direct_poly_rank_3,polynomial,log_gap,/Users/hariderarako/Desktop/python/results/methodologie_2/reconstructed_parameters/from_z/low/LOW_1_direct_poly_rank_3_b_d_from_e_predictions.csv,best_by_method_LOW_1_methodologie_2_LOW_1_direct_poly_rank_3
95,0.0014921936396478,0.00091054202785,0.9999230726018026,True,best_by_method,LOW_1,methodologie_2,LOW_1_direct_poly_rank_3,LOW_1_direct_poly_rank_3,polynomial,log_gap,/Users/hariderarako/Desktop/python/results/methodologie_2/reconstructed_parameters/from_z/low/LOW_1_direct_poly_rank_3_b_d_from_e_predictions.csv,best_by_method_LOW_1_methodologie_2_LOW_1_direct_poly_rank_3
98,0.0068766448461198,0.0039202167958543,0.999122081529642,True,best_by_method,LOW_1,methodologie_2,LOW_1_direct_poly_rank_3,LOW_1_direct_poly_rank_3,polynomial,log_gap,/Users/hariderarako/Desktop/python/results/methodologie_2/reconstructed_parameters/from_z/low/LOW_1_direct_poly_rank_3_b_d_from_e_predictions.csv,best_by_method_LOW_1_methodologie_2_LOW_1_direct_poly_rank_3
101,0.0049573607263809,0.0028756767155063,0.999408392836222,True,best_by_method,LOW_1,methodologie_2,LOW_1_direct_poly_rank_3,LOW_1_direct_poly_rank_3,polynomial,log_gap,/Users/hariderarako/Desktop/python/results/methodologie_2/reconstructed_parameters/from_z/low/LOW_1_direct_poly_rank_3_b_d_from_e_predictions.csv,best_by_method_LOW_1_methodologie_2_LOW_1_direct_poly_rank_3
104,0.0024498608076126,0.0017257194073353,0.9992552241125048,True,best_by_method,LOW_1,methodologie_2,LOW_1_direct_poly_rank_3,LOW_1_direct_poly_rank_3,polynomial,log_gap,/Users/hariderarako/Desktop/python/results/methodologie_2/reconstructed_parameters/from_z/low/LOW_1_direct_poly_rank_3_b_d_from_e_predictions.csv,best_by_method_LOW_1_methodologie_2_LOW_1_direct_poly_rank_3
105,0.0032868702270329,0.0015311554320007,0.9999359175046398,True,best_by_method,LOW_1,methodologie_2,LOW_1_direct_poly_rank_3,LOW_1_direct_poly_rank_3,polynomial,log_gap,/Users/hariderarako/Desktop/python/results/methodologie_2/reconstructed_parameters/from_z/low/LOW_1_direct_poly_rank_3_b_d_from_e_predictions.csv,best_by_method_LOW_1_methodologie_2_LOW_1_direct_poly_rank_3
107,0.0044670742983053,0.0026253174648076,0.9987526166737004,True,best_by_method,LOW_1,methodologie_2,LOW_1_direct_poly_rank_3,LOW_1_direct_poly_rank_3,polynomial,log_gap,/Users/hariderarako/Desktop/python/results/methodologie_2/reconstructed_parameters/from_z/low/LOW_1_direct_poly_rank_3_b_d_from_e_predictions.csv,best_by_method_LOW_1_methodologie_2_LOW_1_direct_poly_rank_3
110,0.0130173544021128,0.007454460078147,0.9951830893081924,True,best_by_method,LOW_1,methodologie_2,LOW_1_direct_poly_rank_3,LOW_1_direct_poly_rank_3,polynomial,log_gap,/Users/hariderarako/Desktop/python/results/methodologie_2/reconstructed_parameters/from_z/low/LOW_1_direct_poly_rank_3_b_d_from_e_predictions.csv,best_by_method_LOW_1_methodologie_2_LOW_1_direct_poly_rank_3
113,0.0029011588832493,0.0015403448770666,0.9989696930983568,True,best_by_method,LOW_1,methodologie_2,LOW_1_direct_poly_rank_3,LOW_1_direct_poly_rank_3,polynomial,log_gap,/Users/hariderarako/Desktop/python/results/methodologie_2/reconstructed_parameters/from_z/low/LOW_1_direct_poly_rank_3_b_d_from_e_predictions.csv,best_by_method_LOW_1_methodologie_2_LOW_1_direct_poly_rank_3
116,0.0056853956441245,0.0031211478558104,0.9990079296087586,True,best_by_method,LOW_1,methodologie_2,LOW_1_direct_poly_rank_3,LOW_1_direct_poly_rank_3,polynomial,log_gap,/Users/hariderarako/Desktop/python/results/methodologie_2/reconstructed_parameters/from_z/low/LOW_1_direct_poly_rank_3_b_d_from_e_predictions.csv,best_by_method_LOW_1_methodologie_2_LOW_1_direct_poly_rank_3
119,0.0482682425294558,0.0281907003299135,0.915031891899878,True,best_by_method,LOW_1,methodologie_2,LOW_1_direct_poly_rank_3,LOW_1_direct_poly_rank_3,polynomial,log_gap,/Users/hariderarako/Desktop/python/results/methodologie_2/reconstructed_parameters/from_z/low/LOW_1_direct_poly_rank_3_b_d_from_e_predictions.csv,best_by_method_LOW_1_methodologie_2_LOW_1_direct_poly_rank_3
122,0.0093915096112499,0.0058517935408516,0.9989642312726622,True,best_by_method,LOW_1,methodologie_2,LOW_1_direct_poly_rank_3,LOW_1_direct_poly_rank_3,polynomial,log_gap,/Users/hariderarako/Desktop/python/results/methodologie_2/reconstructed_parameters/from_z/low/LOW_1_direct_poly_rank_3_b_d_from_e_predictions.csv,best_by_method_LOW_1_methodologie_2_LOW_1_direct_poly_rank_3
125,0.0065268180292792,0.0035276922677959,0.9962045250654432,True,best_by_method,LOW_1,methodologie_2,LOW_1_direct_poly_rank_3,LOW_1_direct_poly_rank_3,polynomial,log_gap,/Users/hariderarako/Desktop/python/results/methodologie_2/reconstructed_parameters/from_z/low/LOW_1_direct_poly_rank_3_b_d_from_e_predictions.csv,best_by_method_LOW_1_methodologie_2_LOW_1_direct_poly_rank_3
128,0.0243605057261175,0.0160114995757904,0.9900464676113634,True,best_by_method,LOW_1,methodologie_2,LOW_1_direct_poly_rank_3,LOW_1_direct_poly_rank_3,polynomial,log_gap,/Users/hariderarako/Desktop/python/results/methodologie_2/reconstructed_parameters/from_z/low/LOW_1_direct_poly_rank_3_b_d_from_e_predictions.csv,best_by_method_LOW_1_methodologie_2_LOW_1_direct_poly_rank_3
131,0.0031986548930595,0.002242413041423,0.9990960978313602,True,best_by_method,LOW_1,methodologie_2,LOW_1_direct_poly_rank_3,LOW_1_direct_poly_rank_3,polynomial,log_gap,/Users/hariderarako/Desktop/python/results/methodologie_2/reconstructed_parameters/from_z/low/LOW_1_direct_poly_rank_3_b_d_from_e_predictions.csv,best_by_method_LOW_1_methodologie_2_LOW_1_direct_poly_rank_3
134,0.0170225816223332,0.0077684282792761,0.973754834938307,True,best_by_method,LOW_1,methodologie_2,LOW_1_direct_poly_rank_3,LOW_1_direct_poly_rank_3,polynomial,log_gap,/Users/hariderarako/Desktop/python/results/methodologie_2/reconstructed_parameters/from_z/low/LOW_1_direct_poly_rank_3_b_d_from_e_predictions.csv,best_by_method_LOW_1_methodologie_2_LOW_1_direct_poly_rank_3
137,0.0024198510344594,0.0014929928462273,0.9995764501496772,True,best_by_method,LOW_1,methodologie_2,LOW_1_direct_poly_rank_3,LOW_1_direct_poly_rank_3,polynomial,log_gap,/Users/hariderarako/Desktop/python/results/methodologie_2/reconstructed_parameters/from_z/low/LOW_1_direct_poly_rank_3_b_d_from_e_predictions.csv,best_by_method_LOW_1_methodologie_2_LOW_1_direct_poly_rank_3
140,0.0042614855587201,0.0033727839068347,0.999216843094109,True,best_by_method,LOW_1,methodologie_2,LOW_1_direct_poly_rank_3,LOW_1_direct_poly_rank_3,polynomial,log_gap,/Users/hariderarako/Desktop/python/results/methodologie_2/reconstructed_parameters/from_z/low/LOW_1_direct_poly_rank_3_b_d_from_e_predictions.csv,best_by_method_LOW_1_methodologie_2_LOW_1_direct_poly_rank_3
143,0.0021661800489978,0.001198040385303,0.9992544118496132,True,best_by_method,LOW_1,methodologie_2,LOW_1_direct_poly_rank_3,LOW_1_direct_poly_rank_3,polynomial,log_gap,/Users/hariderarako/Desktop/python/results/methodologie_2/reconstructed_parameters/from_z/low/LOW_1_direct_poly_rank_3_b_d_from_e_predictions.csv,best_by_method_LOW_1_methodologie_2_LOW_1_direct_poly_rank_3
146,0.0014446791447314,0.0005597828529765,0.999589121663618,True,best_by_method,LOW_1,methodologie_2,LOW_1_direct_poly_rank_3,LOW_1_direct_poly_rank_3,polynomial,log_gap,/Users/hariderarako/Desktop/python/results/methodologie_2/reconstructed_parameters/from_z/low/LOW_1_direct_poly_rank_3_b_d_from_e_predictions.csv,best_by_method_LOW_1_methodologie_2_LOW_1_direct_poly_rank_3
149,0.0024304872419536,0.0014829612959024,0.999722837424787,True,best_by_method,LOW_1,methodologie_2,LOW_1_direct_poly_rank_3,LOW_1_direct_poly_rank_3,polynomial,log_gap,/Users/hariderarako/Desktop/python/results/methodologie_2/reconstructed_parameters/from_z/low/LOW_1_direct_poly_rank_3_b_d_from_e_predictions.csv,best_by_method_LOW_1_methodologie_2_LOW_1_direct_poly_rank_3
152,0.0025927228396141,0.0016426097249072,0.9995634122057524,True,best_by_method,LOW_1,methodologie_2,LOW_1_direct_poly_rank_3,LOW_1_direct_poly_rank_3,polynomial,log_gap,/Users/hariderarako/Desktop/python/results/methodologie_2/reconstructed_parameters/from_z/low/LOW_1_direct_poly_rank_3_b_d_from_e_predictions.csv,best_by_method_LOW_1_methodologie_2_LOW_1_direct_poly_rank_3
155,0.0005956749689565,0.0003838302832476,0.9999598372342758,True,best_by_method,LOW_1,methodologie_2,LOW_1_direct_poly_rank_3,LOW_1_direct_poly_rank_3,polynomial,log_gap,/Users/hariderarako/Desktop/python/results/methodologie_2/reconstructed_parameters/from_z/low/LOW_1_direct_poly_rank_3_b_d_from_e_predictions.csv,best_by_method_LOW_1_methodologie_2_LOW_1_direct_poly_rank_3
158,0.0023921808380644,0.00140389817999,0.9997380623171308,True,best_by_method,LOW_1,methodologie_2,LOW_1_direct_poly_rank_3,LOW_1_direct_poly_rank_3,polynomial,log_gap,/Users/hariderarako/Desktop/python/results/methodologie_2/reconstructed_parameters/from_z/low/LOW_1_direct_poly_rank_3_b_d_from_e_predictions.csv,best_by_method_LOW_1_methodologie_2_LOW_1_direct_poly_rank_3
161,0.0081204531462754,0.0039136248782221,0.993092794419226,True,best_by_method,LOW_1,methodologie_2,LOW_1_direct_poly_rank_3,LOW_1_direct_poly_rank_3,polynomial,log_gap,/Users/hariderarako/Desktop/python/results/methodologie_2/reconstructed_parameters/from_z/low/LOW_1_direct_poly_rank_3_b_d_from_e_predictions.csv,best_by_method_LOW_1_methodologie_2_LOW_1_direct_poly_rank_3
164,0.0172312018739442,0.0086694343632804,0.96659280311221,True,best_by_method,LOW_1,methodologie_2,LOW_1_direct_poly_rank_3,LOW_1_direct_poly_rank_3,polynomial,log_gap,/Users/hariderarako/Desktop/python/results/methodologie_2/reconstructed_parameters/from_z/low/LOW_1_direct_poly_rank_3_b_d_from_e_predictions.csv,best_by_method_LOW_1_methodologie_2_LOW_1_direct_poly_rank_3
167,0.0017125996439363,0.0008970964819996,0.9997062450217444,True,best_by_method,LOW_1,methodologie_2,LOW_1_direct_poly_rank_3,LOW_1_direct_poly_rank_3,polynomial,log_gap,/Users/hariderarako/Desktop/python/results/methodologie_2/reconstructed_parameters/from_z/low/LOW_1_direct_poly_rank_3_b_d_from_e_predictions.csv,best_by_method_LOW_1_methodologie_2_LOW_1_direct_poly_rank_3
170,0.0024497254068277,0.0013035340404627,0.9993425122735582,True,best_by_method,LOW_1,methodologie_2,LOW_1_direct_poly_rank_3,LOW_1_direct_poly_rank_3,polynomial,log_gap,/Users/hariderarako/Desktop/python/results/methodologie_2/reconstructed_parameters/from_z/low/LOW_1_direct_poly_rank_3_b_d_from_e_predictions.csv,best_by_method_LOW_1_methodologie_2_LOW_1_direct_poly_rank_3
173,0.0073755541479661,0.0040655550539206,0.9951846422794324,True,best_by_method,LOW_1,methodologie_2,LOW_1_direct_poly_rank_3,LOW_1_direct_poly_rank_3,polynomial,log_gap,/Users/hariderarako/Desktop/python/results/methodologie_2/reconstructed_parameters/from_z/low/LOW_1_direct_poly_rank_3_b_d_from_e_predictions.csv,best_by_method_LOW_1_methodologie_2_LOW_1_direct_poly_rank_3
176,0.0008573892179733,0.0005480787685822,0.9999201394800662,True,best_by_method,LOW_1,methodologie_2,LOW_1_direct_poly_rank_3,LOW_1_direct_poly_rank_3,polynomial,log_gap,/Users/hariderarako/Desktop/python/results/methodologie_2/reconstructed_parameters/from_z/low/LOW_1_direct_poly_rank_3_b_d_from_e_predictions.csv,best_by_method_LOW_1_methodologie_2_LOW_1_direct_poly_rank_3
179,0.0018134028781339,0.0012647673628425,0.999836410588184,True,best_by_method,LOW_1,methodologie_2,LOW_1_direct_poly_rank_3,LOW_1_direct_poly_rank_3,polynomial,log_gap,/Users/hariderarako/Desktop/python/results/methodologie_2/reconstructed_parameters/from_z/low/LOW_1_direct_poly_rank_3_b_d_from_e_predictions.csv,best_by_method_LOW_1_methodologie_2_LOW_1_direct_poly_rank_3
182,0.0017438686368233,0.0010580463210661,0.9996179956966345,True,best_by_method,LOW_1,methodologie_2,LOW_1_direct_poly_rank_3,LOW_1_direct_poly_rank_3,polynomial,log_gap,/Users/hariderarako/Desktop/python/results/methodologie_2/reconstructed_parameters/from_z/low/LOW_1_direct_poly_rank_3_b_d_from_e_predictions.csv,best_by_method_LOW_1_methodologie_2_LOW_1_direct_poly_rank_3
185,0.0014891932994118,0.0008643443146264,0.9999256613005892,True,best_by_method,LOW_1,methodologie_2,LOW_1_direct_poly_rank_3,LOW_1_direct_poly_rank_3,polynomial,log_gap,/Users/hariderarako/Desktop/python/results/methodologie_2/reconstructed_parameters/from_z/low/LOW_1_direct_poly_rank_3_b_d_from_e_predictions.csv,best_by_method_LOW_1_methodologie_2_LOW_1_direct_poly_rank_3
188,0.0013714105201998,0.0008220549161007,0.9998626554050468,True,best_by_method,LOW_1,methodologie_2,LOW_1_direct_poly_rank_3,LOW_1_direct_poly_rank_3,polynomial,log_gap,/Users/hariderarako/Desktop/python/results/methodologie_2/reconstructed_parameters/from_z/low/LOW_1_direct_poly_rank_3_b_d_from_e_predictions.csv,best_by_method_LOW_1_methodologie_2_LOW_1_direct_poly_rank_3
191,0.0095467473759454,0.0052114013593223,0.9969271759547198,True,best_by_method,LOW_1,methodologie_2,LOW_1_direct_poly_rank_3,LOW_1_direct_poly_rank_3,polynomial,log_gap,/Users/hariderarako/Desktop/python/results/methodologie_2/reconstructed_parameters/from_z/low/LOW_1_direct_poly_rank_3_b_d_from_e_predictions.csv,best_by_method_LOW_1_methodologie_2_LOW_1_direct_poly_rank_3
194,0.0029917775479806,0.0020637814352031,0.9995665353109712,True,best_by_method,LOW_1,methodologie_2,LOW_1_direct_poly_rank_3,LOW_1_direct_poly_rank_3,polynomial,log_gap,/Users/hariderarako/Desktop/python/results/methodologie_2/reconstructed_parameters/from_z/low/LOW_1_direct_poly_rank_3_b_d_from_e_predictions.csv,best_by_method_LOW_1_methodologie_2_LOW_1_direct_poly_rank_3
197,0.0113213161455155,0.0058043650066766,0.99090344795603,True,best_by_method,LOW_1,methodologie_2,LOW_1_direct_poly_rank_3,LOW_1_direct_poly_rank_3,polynomial,log_gap,/Users/hariderarako/Desktop/python/results/methodologie_2/reconstructed_parameters/from_z/low/LOW_1_direct_poly_rank_3_b_d_from_e_predictions.csv,best_by_method_LOW_1_methodologie_2_LOW_1_direct_poly_rank_3
200,0.0021459736653721,0.0013382918693962,0.9994824862391608,True,best_by_method,LOW_1,methodologie_2,LOW_1_direct_poly_rank_3,LOW_1_direct_poly_rank_3,polynomial,log_gap,/Users/hariderarako/Desktop/python/results/methodologie_2/reconstructed_parameters/from_z/low/LOW_1_direct_poly_rank_3_b_d_from_e_predictions.csv,best_by_method_LOW_1_methodologie_2_LOW_1_direct_poly_rank_3
203,0.0035617580042912,0.0023285948276009,0.999255482096836,True,best_by_method,LOW_1,methodologie_2,LOW_1_direct_poly_rank_3,LOW_1_direct_poly_rank_3,polynomial,log_gap,/Users/hariderarako/Desktop/python/results/methodologie_2/reconstructed_parameters/from_z/low/LOW_1_direct_poly_rank_3_b_d_from_e_predictions.csv,best_by_method_LOW_1_methodologie_2_LOW_1_direct_poly_rank_3
204,0.0046442626689372,0.0029338938098098,0.9996491678846292,True,best_by_method,LOW_1,methodologie_2,LOW_1_direct_poly_rank_3,LOW_1_direct_poly_rank_3,polynomial,log_gap,/Users/hariderarako/Desktop/python/results/methodologie_2/reconstructed_parameters/from_z/low/LOW_1_direct_poly_rank_3_b_d_from_e_predictions.csv,best_by_method_LOW_1_methodologie_2_LOW_1_direct_poly_rank_3
205,0.0123729039222744,0.0079453713651573,0.9983905870545048,True,best_by_method,LOW_1,methodologie_2,LOW_1_direct_poly_rank_3,LOW_1_direct_poly_rank_3,polynomial,log_gap,/Users/hariderarako/Desktop/python/results/methodologie_2/reconstructed_parameters/from_z/low/LOW_1_direct_poly_rank_3_b_d_from_e_predictions.csv,best_by_method_LOW_1_methodologie_2_LOW_1_direct_poly_rank_3
206,0.025730956987084,0.016573363213288,0.9962967269474255,True,best_by_method,LOW_1,methodologie_2,LOW_1_direct_poly_rank_3,LOW_1_direct_poly_rank_3,polynomial,log_gap,/Users/hariderarako/Desktop/python/results/methodologie_2/reconstructed_parameters/from_z/low/LOW_1_direct_poly_rank_3_b_d_from_e_predictions.csv,best_by_method_LOW_1_methodologie_2_LOW_1_direct_poly_rank_3
207,0.0204827849902848,0.0122821109538635,0.9987933982237006,True,best_by_method,LOW_1,methodologie_2,LOW_1_direct_poly_rank_3,LOW_1_direct_poly_rank_3,polynomial,log_gap,/Users/hariderarako/Desktop/python/results/methodologie_2/reconstructed_parameters/from_z/low/LOW_1_direct_poly_rank_3_b_d_from_e_predictions.csv,best_by_method_LOW_1_methodologie_2_LOW_1_direct_poly_rank_3
209,7.846757694002407e-05,2.95009715148703e-05,0.9981029025297328,True,best_by_method,LOW_1,methodologie_2,LOW_1_direct_poly_rank_3,LOW_1_direct_poly_rank_3,polynomial,log_gap,/Users/hariderarako/Desktop/python/results/methodologie_2/reconstructed_parameters/from_z/low/LOW_1_direct_poly_rank_3_b_d_from_e_predictions.csv,best_by_method_LOW_1_methodologie_2_LOW_1_direct_poly_rank_3
210,1.7068535164197733e-06,7.587546597565866e-07,0.9999994251872796,True,best_by_method,LOW_1,methodologie_2,LOW_1_direct_poly_rank_3,LOW_1_direct_poly_rank_3,polynomial,log_gap,/Users/hariderarako/Desktop/python/results/methodologie_2/reconstructed_parameters/from_z/low/LOW_1_direct_poly_rank_3_b_d_from_e_predictions.csv,best_by_method_LOW_1_methodologie_2_LOW_1_direct_poly_rank_3
211,0.000355969132195,0.0002517565366947,0.9941955013791716,True,best_by_method,LOW_1,methodologie_2,LOW_1_direct_poly_rank_3,LOW_1_direct_poly_rank_3,polynomial,log_gap,/Users/hariderarako/Desktop/python/results/methodologie_2/reconstructed_parameters/from_z/low/LOW_1_direct_poly_rank_3_b_d_from_e_predictions.csv,best_by_method_LOW_1_methodologie_2_LOW_1_direct_poly_rank_3
212,9.394805670590534e-05,3.0311174936920315e-05,0.999359518666752,True,best_by_method,LOW_1,methodologie_2,LOW_1_direct_poly_rank_3,LOW_1_direct_poly_rank_3,polynomial,log_gap,/Users/hariderarako/Desktop/python/results/methodologie_2/reconstructed_parameters/from_z/low/LOW_1_direct_poly_rank_3_b_d_from_e_predictions.csv,best_by_method_LOW_1_methodologie_2_LOW_1_direct_poly_rank_3
213,1.9073961750241243e-05,7.938211004809986e-06,0.9999802650796932,True,best_by_method,LOW_1,methodologie_2,LOW_1_direct_poly_rank_3,LOW_1_direct_poly_rank_3,polynomial,log_gap,/Users/hariderarako/Desktop/python/results/methodologie_2/reconstructed_parameters/from_z/low/LOW_1_direct_poly_rank_3_b_d_from_e_predictions.csv,best_by_method_LOW_1_methodologie_2_LOW_1_direct_poly_rank_3
214,0.0001853819799567,8.407745567398174e-05,0.9988044608195482,True,best_by_method,LOW_1,methodologie_2,LOW_1_direct_poly_rank_3,LOW_1_direct_poly_rank_3,polynomial,log_gap,/Users/hariderarako/Desktop/python/results/methodologie_2/reconstructed_parameters/from_z/low/LOW_1_direct_poly_rank_3_b_d_from_e_predictions.csv,best_by_method_LOW_1_methodologie_2_LOW_1_direct_poly_rank_3
215,2.3219891195313253e-07,1.38213614214594e-07,0.999999998979012,True,best_by_method,LOW_1,methodologie_2,LOW_1_direct_poly_rank_3,LOW_1_direct_poly_rank_3,polynomial,log_gap,/Users/hariderarako/Desktop/python/results/methodologie_2/reconstructed_parameters/from_z/low/LOW_1_direct_poly_rank_3_b_d_from_e_predictions.csv,best_by_method_LOW_1_methodologie_2_LOW_1_direct_poly_rank_3
216,0.000570002152655,0.0002373433745938,0.997003372740108,True,best_by_method,LOW_1,methodologie_2,LOW_1_direct_poly_rank_3,LOW_1_direct_poly_rank_3,polynomial,log_gap,/Users/hariderarako/Desktop/python/results/methodologie_2/reconstructed_parameters/from_z/low/LOW_1_direct_poly_rank_3_b_d_from_e_predictions.csv,best_by_method_LOW_1_methodologie_2_LOW_1_direct_poly_rank_3
217,0.0009116824537905,0.0004175247834414,0.993653193438639,True,best_by_method,LOW_1,methodologie_2,LOW_1_direct_poly_rank_3,LOW_1_direct_poly_rank_3,polynomial,log_gap,/Users/hariderarako/Desktop/python/results/methodologie_2/reconstructed_parameters/from_z/low/LOW_1_direct_poly_rank_3_b_d_from_e_predictions.csv,best_by_method_LOW_1_methodologie_2_LOW_1_direct_poly_rank_3
218,0.0009386719516857,0.0004273848818078,0.9942147585488886,True,best_by_method,LOW_1,methodologie_2,LOW_1_direct_poly_rank_3,LOW_1_direct_poly_rank_3,polynomial,log_gap,/Users/hariderarako/Desktop/python/results/methodologie_2/reconstructed_parameters/from_z/low/LOW_1_direct_poly_rank_3_b_d_from_e_predictions.csv,best_by_method_LOW_1_methodologie_2_LOW_1_direct_poly_rank_3
219,0.0015752903479123,0.0008226076310088,0.9927487469885244,True,best_by_method,LOW_1,methodologie_2,LOW_1_direct_poly_rank_3,LOW_1_direct_poly_rank_3,polynomial,log_gap,/Users/hariderarako/Desktop/python/results/methodologie_2/reconstructed_parameters/from_z/low/LOW_1_direct_poly_rank_3_b_d_from_e_predictions.csv,best_by_method_LOW_1_methodologie_2_LOW_1_direct_poly_rank_3
220,0.0007337851664398,0.000449404614244,0.9907868014131088,True,best_by_method,LOW_1,methodologie_2,LOW_1_direct_poly_rank_3,LOW_1_direct_poly_rank_3,polynomial,log_gap,/Users/hariderarako/Desktop/python/results/methodologie_2/reconstructed_parameters/from_z/low/LOW_1_direct_poly_rank_3_b_d_from_e_predictions.csv,best_by_method_LOW_1_methodologie_2_LOW_1_direct_poly_rank_3
221,0.0003246491030523,0.0001984678265346,0.9981292447794812,True,best_by_method,LOW_1,methodologie_2,LOW_1_direct_poly_rank_3,LOW_1_direct_poly_rank_3,polynomial,log_gap,/Users/hariderarako/Desktop/python/results/methodologie_2/reconstructed_parameters/from_z/low/LOW_1_direct_poly_rank_3_b_d_from_e_predictions.csv,best_by_method_LOW_1_methodologie_2_LOW_1_direct_poly_rank_3
222,0.0002676868195141,0.0001498335173755,0.9983260356752248,True,best_by_method,LOW_1,methodologie_2,LOW_1_direct_poly_rank_3,LOW_1_direct_poly_rank_3,polynomial,log_gap,/Users/hariderarako/Desktop/python/results/methodologie_2/reconstructed_parameters/from_z/low/LOW_1_direct_poly_rank_3_b_d_from_e_predictions.csv,best_by_method_LOW_1_methodologie_2_LOW_1_direct_poly_rank_3
223,3.288117410220412e-05,1.816059291963618e-05,0.9999776434690714,True,best_by_method,LOW_1,methodologie_2,LOW_1_direct_poly_rank_3,LOW_1_direct_poly_rank_3,polynomial,log_gap,/Users/hariderarako/Desktop/python/results/methodologie_2/reconstructed_parameters/from_z/low/LOW_1_direct_poly_rank_3_b_d_from_e_predictions.csv,best_by_method_LOW_1_methodologie_2_LOW_1_direct_poly_rank_3
224,0.0001557578430473,6.106706641253255e-05,0.9972976941516376,True,best_by_method,LOW_1,methodologie_2,LOW_1_direct_poly_rank_3,LOW_1_direct_poly_rank_3,polynomial,log_gap,/Users/hariderarako/Desktop/python/results/methodologie_2/reconstructed_parameters/from_z/low/LOW_1_direct_poly_rank_3_b_d_from_e_predictions.csv,best_by_method_LOW_1_methodologie_2_LOW_1_direct_poly_rank_3
225,2.233359513880336e-05,1.0950914287278026e-05,0.9999560865731004,True,best_by_method,LOW_1,methodologie_2,LOW_1_direct_poly_rank_3,LOW_1_direct_poly_rank_3,polynomial,log_gap,/Users/hariderarako/Desktop/python/results/methodologie_2/reconstructed_parameters/from_z/low/LOW_1_direct_poly_rank_3_b_d_from_e_predictions.csv,best_by_method_LOW_1_methodologie_2_LOW_1_direct_poly_rank_3
226,8.448648703594811e-05,3.957669170337552e-05,0.9992811795845876,True,best_by_method,LOW_1,methodologie_2,LOW_1_direct_poly_rank_3,LOW_1_direct_poly_rank_3,polynomial,log_gap,/Users/hariderarako/Desktop/python/results/methodologie_2/reconstructed_parameters/from_z/low/LOW_1_direct_poly_rank_3_b_d_from_e_predictions.csv,best_by_method_LOW_1_methodologie_2_LOW_1_direct_poly_rank_3
227,0.0003548574070109,0.00016146036592,0.9864620972379146,True,best_by_method,LOW_1,methodologie_2,LOW_1_direct_poly_rank_3,LOW_1_direct_poly_rank_3,polynomial,log_gap,/Users/hariderarako/Desktop/python/results/methodologie_2/reconstructed_parameters/from_z/low/LOW_1_direct_poly_rank_3_b_d_from_e_predictions.csv,best_by_method_LOW_1_methodologie_2_LOW_1_direct_poly_rank_3
228,0.00021944113995,0.0001359551851814,0.9993347393272842,True,best_by_method,LOW_1,methodologie_2,LOW_1_direct_poly_rank_3,LOW_1_direct_poly_rank_3,polynomial,log_gap,/Users/hariderarako/Desktop/python/results/methodologie_2/reconstructed_parameters/from_z/low/LOW_1_direct_poly_rank_3_b_d_from_e_predictions.csv,best_by_method_LOW_1_methodologie_2_LOW_1_direct_poly_rank_3
229,0.0001035461299633,3.933064815165591e-05,0.999617705356734,True,best_by_method,LOW_1,methodologie_2,LOW_1_direct_poly_rank_3,LOW_1_direct_poly_rank_3,polynomial,log_gap,/Users/hariderarako/Desktop/python/results/methodologie_2/reconstructed_parameters/from_z/low/LOW_1_direct_poly_rank_3_b_d_from_e_predictions.csv,best_by_method_LOW_1_methodologie_2_LOW_1_direct_poly_rank_3
230,0.0002691983581139,0.0001166536172453,0.9967362644233626,True,best_by_method,LOW_1,methodologie_2,LOW_1_direct_poly_rank_3,LOW_1_direct_poly_rank_3,polynomial,log_gap,/Users/hariderarako/Desktop/python/results/methodologie_2/reconstructed_parameters/from_z/low/LOW_1_direct_poly_rank_3_b_d_from_e_predictions.csv,best_by_method_LOW_1_methodologie_2_LOW_1_direct_poly_rank_3
234,0.0005071969832123,0.0002734054463967,0.99996325613006,True,best_by_method,LOW_1,methodologie_2,LOW_1_direct_poly_rank_3,LOW_1_direct_poly_rank_3,polynomial,log_gap,/Users/hariderarako/Desktop/python/results/methodologie_2/reconstructed_parameters/from_z/low/LOW_1_direct_poly_rank_3_b_d_from_e_predictions.csv,best_by_method_LOW_1_methodologie_2_LOW_1_direct_poly_rank_3
235,0.0075350568927783,0.0044626383921837,0.997993558541496,True,best_by_method,LOW_1,methodologie_2,LOW_1_direct_poly_rank_3,LOW_1_direct_poly_rank_3,polynomial,log_gap,/Users/hariderarako/Desktop/python/results/methodologie_2/reconstructed_parameters/from_z/low/LOW_1_direct_poly_rank_3_b_d_from_e_predictions.csv,best_by_method_LOW_1_methodologie_2_LOW_1_direct_poly_rank_3
236,0.0045353549277517,0.0026651909761527,0.999633007551868,True,best_by_method,LOW_1,methodologie_2,LOW_1_direct_poly_rank_3,LOW_1_direct_poly_rank_3,polynomial,log_gap,/Users/hariderarako/Desktop/python/results/methodologie_2/reconstructed_parameters/from_z/low/LOW_1_direct_poly_rank_3_b_d_from_e_predictions.csv,best_by_method_LOW_1_methodologie_2_LOW_1_direct_poly_rank_3
238,0.0069124157885836,0.0040813606252698,0.9952744176353028,True,best_by_method,LOW_1,methodologie_2,LOW_1_direct_poly_rank_3,LOW_1_direct_poly_rank_3,polynomial,log_gap,/Users/hariderarako/Desktop/python/results/methodologie_2/reconstructed_parameters/from_z/low/LOW_1_direct_poly_rank_3_b_d_from_e_predictions.csv,best_by_method_LOW_1_methodologie_2_LOW_1_direct_poly_rank_3
239,0.0068677745957379,0.0040409859189547,0.9978311379881052,True,best_by_method,LOW_1,methodologie_2,LOW_1_direct_poly_rank_3,LOW_1_direct_poly_rank_3,polynomial,log_gap,/Users/hariderarako/Desktop/python/results/methodologie_2/reconstructed_parameters/from_z/low/LOW_1_direct_poly_rank_3_b_d_from_e_predictions.csv,best_by_method_LOW_1_methodologie_2_LOW_1_direct_poly_rank_3
240,0.0050067871422358,0.0031509999714159,0.9993857875561776,True,best_by_method,LOW_1,methodologie_2,LOW_1_direct_poly_rank_3,LOW_1_direct_poly_rank_3,polynomial,log_gap,/Users/hariderarako/Desktop/python/results/methodologie_2/reconstructed_parameters/from_z/low/LOW_1_direct_poly_rank_3_b_d_from_e_predictions.csv,best_by_method_LOW_1_methodologie_2_LOW_1_direct_poly_rank_3
241,0.00142486079942,0.0008437619154546,0.9999739146301933,True,best_by_method,LOW_1,methodologie_2,LOW_1_direct_poly_rank_3,LOW_1_direct_poly_rank_3,polynomial,log_gap,/Users/hariderarako/Desktop/python/results/methodologie_2/reconstructed_parameters/from_z/low/LOW_1_direct_poly_rank_3_b_d_from_e_predictions.csv,best_by_method_LOW_1_methodologie_2_LOW_1_direct_poly_rank_3
242,0.0068317525154371,0.0033735563300425,0.982620032598028,True,best_by_method,LOW_1,methodologie_2,LOW_1_direct_poly_rank_3,LOW_1_direct_poly_rank_3,polynomial,log_gap,/Users/hariderarako/Desktop/python/results/methodologie_2/reconstructed_parameters/from_z/low/LOW_1_direct_poly_rank_3_b_d_from_e_predictions.csv,best_by_method_LOW_1_methodologie_2_LOW_1_direct_poly_rank_3
243,0.0213676314280553,0.0125769655042002,0.9868679581347226,True,best_by_method,LOW_1,methodologie_2,LOW_1_direct_poly_rank_3,LOW_1_direct_poly_rank_3,polynomial,log_gap,/Users/hariderarako/Desktop/python/results/methodologie_2/reconstructed_parameters/from_z/low/LOW_1_direct_poly_rank_3_b_d_from_e_predictions.csv,best_by_method_LOW_1_methodologie_2_LOW_1_direct_poly_rank_3
246,0.0021842212693234,0.000909327158272,0.9983350088702628,True,best_by_method,LOW_1,methodologie_2,LOW_1_direct_poly_rank_3,LOW_1_direct_poly_rank_3,polynomial,log_gap,/Users/hariderarako/Desktop/python/results/methodologie_2/reconstructed_parameters/from_z/low/LOW_1_direct_poly_rank_3_b_d_from_e_predictions.csv,best_by_method_LOW_1_methodologie_2_LOW_1_direct_poly_rank_3
247,0.0077688938818157,0.0031823305025248,0.9984025983741728,True,best_by_method,LOW_1,methodologie_2,LOW_1_direct_poly_rank_3,LOW_1_direct_poly_rank_3,polynomial,log_gap,/Users/hariderarako/Desktop/python/results/methodologie_2/reconstructed_parameters/from_z/low/LOW_1_direct_poly_rank_3_b_d_from_e_predictions.csv,best_by_method_LOW_1_methodologie_2_LOW_1_direct_poly_rank_3
248,0.0053909587354493,0.002798488777949,0.9996949194330308,True,best_by_method,LOW_1,methodologie_2,LOW_1_direct_poly_rank_3,LOW_1_direct_poly_rank_3,polynomial,log_gap,/Users/hariderarako/Desktop/python/results/methodologie_2/reconstructed_parameters/from_z/low/LOW_1_direct_poly_rank_3_b_d_from_e_predictions.csv,best_by_method_LOW_1_methodologie_2_LOW_1_direct_poly_rank_3
250,0.0068752242411849,0.0038821928229664,0.9853121531705764,True,best_by_method,LOW_1,methodologie_2,LOW_1_direct_poly_rank_3,LOW_1_direct_poly_rank_3,polynomial,log_gap,/Users/hariderarako/Desktop/python/results/methodologie_2/reconstructed_parameters/from_z/low/LOW_1_direct_poly_rank_3_b_d_from_e_predictions.csv,best_by_method_LOW_1_methodologie_2_LOW_1_direct_poly_rank_3
251,0.0012628655201179,0.0005155756624937,0.9999303613769812,True,best_by_method,LOW_1,methodologie_2,LOW_1_direct_poly_rank_3,LOW_1_direct_poly_rank_3,polynomial,log_gap,/Users/hariderarako/Desktop/python/results/methodologie_2/reconstructed_parameters/from_z/low/LOW_1_direct_poly_rank_3_b_d_from_e_predictions.csv,best_by_method_LOW_1_methodologie_2_LOW_1_direct_poly_rank_3
252,0.0088159601191492,0.0033639398056102,0.999406002892017,True,best_by_method,LOW_1,methodologie_2,LOW_1_direct_poly_rank_3,LOW_1_direct_poly_rank_3,polynomial,log_gap,/Users/hariderarako/Desktop/python/results/methodologie_2/reconstructed_parameters/from_z/low/LOW_1_direct_poly_rank_3_b_d_from_e_predictions.csv,best_by_method_LOW_1_methodologie_2_LOW_1_direct_poly_rank_3
254,0.0024331500020297,0.0009533625753797,0.9986875729513128,True,best_by_method,LOW_1,methodologie_2,LOW_1_direct_poly_rank_3,LOW_1_direct_poly_rank_3,polynomial,log_gap,/Users/hariderarako/Desktop/python/results/methodologie_2/reconstructed_parameters/from_z/low/LOW_1_direct_poly_rank_3_b_d_from_e_predictions.csv,best_by_method_LOW_1_methodologie_2_LOW_1_direct_poly_rank_3
255,0.0183542558041078,0.0099201292968514,0.9938769846324268,True,best_by_method,LOW_1,methodologie_2,LOW_1_direct_poly_rank_3,LOW_1_direct_poly_rank_3,polynomial,log_gap,/Users/hariderarako/Desktop/python/results/methodologie_2/reconstructed_parameters/from_z/low/LOW_1_direct_poly_rank_3_b_d_from_e_predictions.csv,best_by_method_LOW_1_methodologie_2_LOW_1_direct_poly_rank_3
256,0.0079183766191747,0.0044829097144456,0.9995651093749406,True,best_by_method,LOW_1,methodologie_2,LOW_1_direct_poly_rank_3,LOW_1_direct_poly_rank_3,polynomial,log_gap,/Users/hariderarako/Desktop/python/results/methodologie_2/reconstructed_parameters/from_z/low/LOW_1_direct_poly_rank_3_b_d_from_e_predictions.csv,best_by_method_LOW_1_methodologie_2_LOW_1_direct_poly_rank_3
284,0.0191301962322873,0.0136369675712552,0.9984380165018832,True,best_by_method,LOW_1,methodologie_2,LOW_1_direct_poly_rank_3,LOW_1_direct_poly_rank_3,polynomial,log_gap,/Users/hariderarako/Desktop/python/results/methodologie_2/reconstructed_parameters/from_z/low/LOW_1_direct_poly_rank_3_b_d_from_e_predictions.csv,best_by_method_LOW_1_methodologie_2_LOW_1_direct_poly_rank_3
285,0.0488483845052975,0.0376022323346656,0.9933481805225166,True,best_by_method,LOW_1,methodologie_2,LOW_1_direct_poly_rank_3,LOW_1_direct_poly_rank_3,polynomial,log_gap,/Users/hariderarako/Desktop/python/results/methodologie_2/reconstructed_parameters/from_z/low/LOW_1_direct_poly_rank_3_b_d_from_e_predictions.csv,best_by_method_LOW_1_methodologie_2_LOW_1_direct_poly_rank_3
287,0.0327688710670183,0.0227090416318371,0.995605577850418,True,best_by_method,LOW_1,methodologie_2,LOW_1_direct_poly_rank_3,LOW_1_direct_poly_rank_3,polynomial,log_gap,/Users/hariderarako/Desktop/python/results/methodologie_2/reconstructed_parameters/from_z/low/LOW_1_direct_poly_rank_3_b_d_from_e_predictions.csv,best_by_method_LOW_1_methodologie_2_LOW_1_direct_poly_rank_3
288,0.0087898832791608,0.0058076729165821,0.9996708710074084,True,best_by_method,LOW_1,methodologie_2,LOW_1_direct_poly_rank_3,LOW_1_direct_poly_rank_3,polynomial,log_gap,/Users/hariderarako/Desktop/python/results/methodologie_2/reconstructed_parameters/from_z/low/LOW_1_direct_poly_rank_3_b_d_from_e_predictions.csv,best_by_method_LOW_1_methodologie_2_LOW_1_direct_poly_rank_3
292,0.0235934711731571,0.0177225164383808,0.9965019661846172,True,best_by_method,LOW_1,methodologie_2,LOW_1_direct_poly_rank_3,LOW_1_direct_poly_rank_3,polynomial,log_gap,/Users/hariderarako/Desktop/python/results/methodologie_2/reconstructed_parameters/from_z/low/LOW_1_direct_poly_rank_3_b_d_from_e_predictions.csv,best_by_method_LOW_1_methodologie_2_LOW_1_direct_poly_rank_3
295,0.0002778184598396,0.0001614833617391,0.9955791656781382,True,best_by_method,LOW_1,methodologie_2,LOW_1_direct_poly_rank_3,LOW_1_direct_poly_rank_3,polynomial,log_gap,/Users/hariderarako/Desktop/python/results/methodologie_2/reconstructed_parameters/from_z/low/LOW_1_direct_poly_rank_3_b_d_from_e_predictions.csv,best_by_method_LOW_1_methodologie_2_LOW_1_direct_poly_rank_3
296,0.0004394136025756,0.0003311674996665,0.9997483798426328,True,best_by_method,LOW_1,methodologie_2,LOW_1_direct_poly_rank_3,LOW_1_direct_poly_rank_3,polynomial,log_gap,/Users/hariderarako/Desktop/python/results/methodologie_2/reconstructed_parameters/from_z/low/LOW_1_direct_poly_rank_3_b_d_from_e_predictions.csv,best_by_method_LOW_1_methodologie_2_LOW_1_direct_poly_rank_3
297,0.0003980792562778,0.0003057268745026,0.9986278648457269,True,best_by_method,LOW_1,methodologie_2,LOW_1_direct_poly_rank_3,LOW_1_direct_poly_rank_3,polynomial,log_gap,/Users/hariderarako/Desktop/python/results/methodologie_2/reconstructed_parameters/from_z/low/LOW_1_direct_poly_rank_3_b_d_from_e_predictions.csv,best_by_method_LOW_1_methodologie_2_LOW_1_direct_poly_rank_3
302,0.0002729710750098,0.0002147498743185,0.9995913706147196,True,best_by_method,LOW_1,methodologie_2,LOW_1_direct_poly_rank_3,LOW_1_direct_poly_rank_3,polynomial,log_gap,/Users/hariderarako/Desktop/python/results/methodologie_2/reconstructed_parameters/from_z/low/LOW_1_direct_poly_rank_3_b_d_from_e_predictions.csv,best_by_method_LOW_1_methodologie_2_LOW_1_direct_poly_rank_3
303,0.000205971857203,0.0001577892916988,0.9994586214138448,True,best_by_method,LOW_1,methodologie_2,LOW_1_direct_poly_rank_3,LOW_1_direct_poly_rank_3,polynomial,log_gap,/Users/hariderarako/Desktop/python/results/methodologie_2/reconstructed_parameters/from_z/low/LOW_1_direct_poly_rank_3_b_d_from_e_predictions.csv,best_by_method_LOW_1_methodologie_2_LOW_1_direct_poly_rank_3
304,0.0003235234661645,0.0002475294597474,0.9990512930638704,True,best_by_method,LOW_1,methodologie_2,LOW_1_direct_poly_rank_3,LOW_1_direct_poly_rank_3,polynomial,log_gap,/Users/hariderarako/Desktop/python/results/methodologie_2/reconstructed_parameters/from_z/low/LOW_1_direct_poly_rank_3_b_d_from_e_predictions.csv,best_by_method_LOW_1_methodologie_2_LOW_1_direct_poly_rank_3
305,9.60060868159805e-05,7.309006648102436e-05,0.9998906574743566,True,best_by_method,LOW_1,methodologie_2,LOW_1_direct_poly_rank_3,LOW_1_direct_poly_rank_3,polynomial,log_gap,/Users/hariderarako/Desktop/python/results/methodologie_2/reconstructed_parameters/from_z/low/LOW_1_direct_poly_rank_3_b_d_from_e_predictions.csv,best_by_method_LOW_1_methodologie_2_LOW_1_direct_poly_rank_3
311,0.0055694620040199,0.0033608011995572,0.9987486978455458,True,best_by_method,LOW_1,methodologie_2,LOW_1_direct_poly_rank_3,LOW_1_direct_poly_rank_3,polynomial,log_gap,/Users/hariderarako/Desktop/python/results/methodologie_2/reconstructed_parameters/from_z/low/LOW_1_direct_poly_rank_3_b_d_from_e_predictions.csv,best_by_method_LOW_1_methodologie_2_LOW_1_direct_poly_rank_3
316,0.0078417440045968,0.0056340604544636,0.9988143170850232,True,best_by_method,LOW_1,methodologie_2,LOW_1_direct_poly_rank_3,LOW_1_direct_poly_rank_3,polynomial,log_gap,/Users/hariderarako/Desktop/python/results/methodologie_2/reconstructed_parameters/from_z/low/LOW_1_direct_poly_rank_3_b_d_from_e_predictions.csv,best_by_method_LOW_1_methodologie_2_LOW_1_direct_poly_rank_3
317,0.0084982172844432,0.0041094324404917,0.9948261601459532,True,best_by_method,LOW_1,methodologie_2,LOW_1_direct_poly_rank_3,LOW_1_direct_poly_rank_3,polynomial,log_gap,/Users/hariderarako/Desktop/python/results/methodologie_2/reconstructed_parameters/from_z/low/LOW_1_direct_poly_rank_3_b_d_from_e_predictions.csv,best_by_method_LOW_1_methodologie_2_LOW_1_direct_poly_rank_3
321,0.1032971147966118,0.0806078516531996,0.9836450143839008,True,best_by_method,LOW_1,methodologie_2,LOW_1_direct_poly_rank_3,LOW_1_direct_poly_rank_3,polynomial,log_gap,/Users/hariderarako/Desktop/python/results/methodologie_2/reconstructed_parameters/from_z/low/LOW_1_direct_poly_rank_3_b_d_from_e_predictions.csv,best_by_method_LOW_1_methodologie_2_LOW_1_direct_poly_rank_3
322,0.0018979670524521,0.0010770994719061,0.9999022619629844,True,best_by_method,LOW_1,methodologie_2,LOW_1_direct_poly_rank_3,LOW_1_direct_poly_rank_3,polynomial,log_gap,/Users/hariderarako/Desktop/python/results/methodologie_2/reconstructed_parameters/from_z/low/LOW_1_direct_poly_rank_3_b_d_from_e_predictions.csv,best_by_method_LOW_1_methodologie_2_LOW_1_direct_poly_rank_3
327,0.0062863114358406,0.0027950016387746,0.5457213876602114,True,best_by_method,LOW_1,methodologie_2,LOW_1_direct_poly_rank_3,LOW_1_direct_poly_rank_3,polynomial,log_gap,/Users/hariderarako/Desktop/python/results/methodologie_2/reconstructed_parameters/from_z/low/LOW_1_direct_poly_rank_3_b_d_from_e_predictions.csv,best_by_method_LOW_1_methodologie_2_LOW_1_direct_poly_rank_3
329,0.0004416249094975,0.0001940285356738,0.9783036000424158,True,best_by_method,LOW_1,methodologie_2,LOW_1_direct_poly_rank_3,LOW_1_direct_poly_rank_3,polynomial,log_gap,/Users/hariderarako/Desktop/python/results/methodologie_2/reconstructed_parameters/from_z/low/LOW_1_direct_poly_rank_3_b_d_from_e_predictions.csv,best_by_method_LOW_1_methodologie_2_LOW_1_direct_poly_rank_3
330,0.0003435641304165,0.0001661506286908,0.9881799138010744,True,best_by_method,LOW_1,methodologie_2,LOW_1_direct_poly_rank_3,LOW_1_direct_poly_rank_3,polynomial,log_gap,/Users/hariderarako/Desktop/python/results/methodologie_2/reconstructed_parameters/from_z/low/LOW_1_direct_poly_rank_3_b_d_from_e_predictions.csv,best_by_method_LOW_1_methodologie_2_LOW_1_direct_poly_rank_3
331,0.000914976371921,0.0003946383047373,0.9756521161863048,True,best_by_method,LOW_1,methodologie_2,LOW_1_direct_poly_rank_3,LOW_1_direct_poly_rank_3,polynomial,log_gap,/Users/hariderarako/Desktop/python/results/methodologie_2/reconstructed_parameters/from_z/low/LOW_1_direct_poly_rank_3_b_d_from_e_predictions.csv,best_by_method_LOW_1_methodologie_2_LOW_1_direct_poly_rank_3
332,0.0007510752581167,0.0003685968291689,0.9860364007571664,True,best_by_method,LOW_1,methodologie_2,LOW_1_direct_poly_rank_3,LOW_1_direct_poly_rank_3,polynomial,log_gap,/Users/hariderarako/Desktop/python/results/methodologie_2/reconstructed_parameters/from_z/low/LOW_1_direct_poly_rank_3_b_d_from_e_predictions.csv,best_by_method_LOW_1_methodologie_2_LOW_1_direct_poly_rank_3
333,0.00215935868976,0.0008936194225538,0.9652437624726744,True,best_by_method,LOW_1,methodologie_2,LOW_1_direct_poly_rank_3,LOW_1_direct_poly_rank_3,polynomial,log_gap,/Users/hariderarako/Desktop/python/results/methodologie_2/reconstructed_parameters/from_z/low/LOW_1_direct_poly_rank_3_b_d_from_e_predictions.csv,best_by_method_LOW_1_methodologie_2_LOW_1_direct_poly_rank_3
334,0.001506996655778,0.0007393708088617,0.9859461585274092,True,best_by_method,LOW_1,methodologie_2,LOW_1_direct_poly_rank_3,LOW_1_direct_poly_rank_3,polynomial,log_gap,/Users/hariderarako/Desktop/python/results/methodologie_2/reconstructed_parameters/from_z/low/LOW_1_direct_poly_rank_3_b_d_from_e_predictions.csv,best_by_method_LOW_1_methodologie_2_LOW_1_direct_poly_rank_3
335,0.0047562883283038,0.0020072002454643,0.9731527408437688,True,best_by_method,LOW_1,methodologie_2,LOW_1_direct_poly_rank_3,LOW_1_direct_poly_rank_3,polynomial,log_gap,/Users/hariderarako/Desktop/python/results/methodologie_2/reconstructed_parameters/from_z/low/LOW_1_direct_poly_rank_3_b_d_from_e_predictions.csv,best_by_method_LOW_1_methodologie_2_LOW_1_direct_poly_rank_3
336,0.0039436891900673,0.0023202877971185,0.984775286033988,True,best_by_method,LOW_1,methodologie_2,LOW_1_direct_poly_rank_3,LOW_1_direct_poly_rank_3,polynomial,log_gap,/Users/hariderarako/Desktop/python/results/methodologie_2/reconstructed_parameters/from_z/low/LOW_1_direct_poly_rank_3_b_d_from_e_predictions.csv,best_by_method_LOW_1_methodologie_2_LOW_1_direct_poly_rank_3
337,0.0001423522719912,0.0001091473974705,0.9998041615624668,True,best_by_method,LOW_1,methodologie_2,LOW_1_direct_poly_rank_3,LOW_1_direct_poly_rank_3,polynomial,log_gap,/Users/hariderarako/Desktop/python/results/methodologie_2/reconstructed_parameters/from_z/low/LOW_1_direct_poly_rank_3_b_d_from_e_predictions.csv,best_by_method_LOW_1_methodologie_2_LOW_1_direct_poly_rank_3
338,0.0001284635849662,9.358878232899638e-05,0.9995787681633188,True,best_by_method,LOW_1,methodologie_2,LOW_1_direct_poly_rank_3,LOW_1_direct_poly_rank_3,polynomial,log_gap,/Users/hariderarako/Desktop/python/results/methodologie_2/reconstructed_parameters/from_z/low/LOW_1_direct_poly_rank_3_b_d_from_e_predictions.csv,best_by_method_LOW_1_methodologie_2_LOW_1_direct_poly_rank_3
339,4.5835399455154125e-05,3.396997382768002e-05,0.999955859655719,True,best_by_method,LOW_1,methodologie_2,LOW_1_direct_poly_rank_3,LOW_1_direct_poly_rank_3,polynomial,log_gap,/Users/hariderarako/Desktop/python/results/methodologie_2/reconstructed_parameters/from_z/low/LOW_1_direct_poly_rank_3_b_d_from_e_predictions.csv,best_by_method_LOW_1_methodologie_2_LOW_1_direct_poly_rank_3
340,0.0004491624049638,0.0003214606398163,0.9880883929578675,True,best_by_method,LOW_1,methodologie_2,LOW_1_direct_poly_rank_3,LOW_1_direct_poly_rank_3,polynomial,log_gap,/Users/hariderarako/Desktop/python/results/methodologie_2/reconstructed_parameters/from_z/low/LOW_1_direct_poly_rank_3_b_d_from_e_predictions.csv,best_by_method_LOW_1_methodologie_2_LOW_1_direct_poly_rank_3
341,0.0004744402620967,0.0003687076092077,0.9987655900649268,True,best_by_method,LOW_1,methodologie_2,LOW_1_direct_poly_rank_3,LOW_1_direct_poly_rank_3,polynomial,log_gap,/Users/hariderarako/Desktop/python/results/methodologie_2/reconstructed_parameters/from_z/low/LOW_1_direct_poly_rank_3_b_d_from_e_predictions.csv,best_by_method_LOW_1_methodologie_2_LOW_1_direct_poly_rank_3
342,8.112507263006634e-05,6.115326158287259e-05,0.9999020470895292,True,best_by_method,LOW_1,methodologie_2,LOW_1_direct_poly_rank_3,LOW_1_direct_poly_rank_3,polynomial,log_gap,/Users/hariderarako/Desktop/python/results/methodologie_2/reconstructed_parameters/from_z/low/LOW_1_direct_poly_rank_3_b_d_from_e_predictions.csv,best_by_method_LOW_1_methodologie_2_LOW_1_direct_poly_rank_3
343,0.0001133075406102,8.318423957382369e-05,0.9997033033458826,True,best_by_method,LOW_1,methodologie_2,LOW_1_direct_poly_rank_3,LOW_1_direct_poly_rank_3,polynomial,log_gap,/Users/hariderarako/Desktop/python/results/methodologie_2/reconstructed_parameters/from_z/low/LOW_1_direct_poly_rank_3_b_d_from_e_predictions.csv,best_by_method_LOW_1_methodologie_2_LOW_1_direct_poly_rank_3
344,8.303449831431553e-05,5.7800317471795904e-05,0.9996886915007172,True,best_by_method,LOW_1,methodologie_2,LOW_1_direct_poly_rank_3,LOW_1_direct_poly_rank_3,polynomial,log_gap,/Users/hariderarako/Desktop/python/results/methodologie_2/reconstructed_parameters/from_z/low/LOW_1_direct_poly_rank_3_b_d_from_e_predictions.csv,best_by_method_LOW_1_methodologie_2_LOW_1_direct_poly_rank_3
345,0.0006919122205998,0.0005509488559679,0.998094541137318,True,best_by_method,LOW_1,methodologie_2,LOW_1_direct_poly_rank_3,LOW_1_direct_poly_rank_3,polynomial,log_gap,/Users/hariderarako/Desktop/python/results/methodologie_2/reconstructed_parameters/from_z/low/LOW_1_direct_poly_rank_3_b_d_from_e_predictions.csv,best_by_method_LOW_1_methodologie_2_LOW_1_direct_poly_rank_3
346,0.0005300586124849,0.0004161651600533,0.9979936490295198,True,best_by_method,LOW_1,methodologie_2,LOW_1_direct_poly_rank_3,LOW_1_direct_poly_rank_3,polynomial,log_gap,/Users/hariderarako/Desktop/python/results/methodologie_2/reconstructed_parameters/from_z/low/LOW_1_direct_poly_rank_3_b_d_from_e_predictions.csv,best_by_method_LOW_1_methodologie_2_LOW_1_direct_poly_rank_3
347,0.0002571695136445,0.0001924322431308,0.9984716106598864,True,best_by_method,LOW_1,methodologie_2,LOW_1_direct_poly_rank_3,LOW_1_direct_poly_rank_3,polynomial,log_gap,/Users/hariderarako/Desktop/python/results/methodologie_2/reconstructed_parameters/from_z/low/LOW_1_direct_poly_rank_3_b_d_from_e_predictions.csv,best_by_method_LOW_1_methodologie_2_LOW_1_direct_poly_rank_3
348,0.0001605862899075,0.00010923885154,0.9986726556003568,True,best_by_method,LOW_1,methodologie_2,LOW_1_direct_poly_rank_3,LOW_1_direct_poly_rank_3,polynomial,log_gap,/Users/hariderarako/Desktop/python/results/methodologie_2/reconstructed_parameters/from_z/low/LOW_1_direct_poly_rank_3_b_d_from_e_predictions.csv,best_by_method_LOW_1_methodologie_2_LOW_1_direct_poly_rank_3
349,9.308027985315313e-05,7.107979149560428e-05,0.999904222334093,True,best_by_method,LOW_1,methodologie_2,LOW_1_direct_poly_rank_3,LOW_1_direct_poly_rank_3,polynomial,log_gap,/Users/hariderarako/Desktop/python/results/methodologie_2/reconstructed_parameters/from_z/low/LOW_1_direct_poly_rank_3_b_d_from_e_predictions.csv,best_by_method_LOW_1_methodologie_2_LOW_1_direct_poly_rank_3
350,0.0001951808511492,0.0001476284087995,0.9995138618334076,True,best_by_method,LOW_1,methodologie_2,LOW_1_direct_poly_rank_3,LOW_1_direct_poly_rank_3,polynomial,log_gap,/Users/hariderarako/Desktop/python/results/methodologie_2/reconstructed_parameters/from_z/low/LOW_1_direct_poly_rank_3_b_d_from_e_predictions.csv,best_by_method_LOW_1_methodologie_2_LOW_1_direct_poly_rank_3
351,0.0001285559038039,9.294040205452502e-05,0.9995319979749444,True,best_by_method,LOW_1,methodologie_2,LOW_1_direct_poly_rank_3,LOW_1_direct_poly_rank_3,polynomial,log_gap,/Users/hariderarako/Desktop/python/results/methodologie_2/reconstructed_parameters/from_z/low/LOW_1_direct_poly_rank_3_b_d_from_e_predictions.csv,best_by_method_LOW_1_methodologie_2_LOW_1_direct_poly_rank_3
352,0.0002864232820405,0.0002096441480253,0.9970982679918252,True,best_by_method,LOW_1,methodologie_2,LOW_1_direct_poly_rank_3,LOW_1_direct_poly_rank_3,polynomial,log_gap,/Users/hariderarako/Desktop/python/results/methodologie_2/reconstructed_parameters/from_z/low/LOW_1_direct_poly_rank_3_b_d_from_e_predictions.csv,best_by_method_LOW_1_methodologie_2_LOW_1_direct_poly_rank_3
353,0.0002553376800867,0.0001934655284783,0.998854825676364,True,best_by_method,LOW_1,methodologie_2,LOW_1_direct_poly_rank_3,LOW_1_direct_poly_rank_3,polynomial,log_gap,/Users/hariderarako/Desktop/python/results/methodologie_2/reconstructed_parameters/from_z/low/LOW_1_direct_poly_rank_3_b_d_from_e_predictions.csv,best_by_method_LOW_1_methodologie_2_LOW_1_direct_poly_rank_3
354,9.510987535503354e-05,6.974535607381619e-05,0.9997438378821168,True,best_by_method,LOW_1,methodologie_2,LOW_1_direct_poly_rank_3,LOW_1_direct_poly_rank_3,polynomial,log_gap,/Users/hariderarako/Desktop/python/results/methodologie_2/reconstructed_parameters/from_z/low/LOW_1_direct_poly_rank_3_b_d_from_e_predictions.csv,best_by_method_LOW_1_methodologie_2_LOW_1_direct_poly_rank_3
355,8.519247413930896e-06,5.9732878700138705e-06,0.9999967230010066,True,best_by_method,LOW_1,methodologie_2,LOW_1_direct_poly_rank_3,LOW_1_direct_poly_rank_3,polynomial,log_gap,/Users/hariderarako/Desktop/python/results/methodologie_2/reconstructed_parameters/from_z/low/LOW_1_direct_poly_rank_3_b_d_from_e_predictions.csv,best_by_method_LOW_1_methodologie_2_LOW_1_direct_poly_rank_3
356,0.0001847140661032,0.0001174039952981,0.9972998933216805,True,best_by_method,LOW_1,methodologie_2,LOW_1_direct_poly_rank_3,LOW_1_direct_poly_rank_3,polynomial,log_gap,/Users/hariderarako/Desktop/python/results/methodologie_2/reconstructed_parameters/from_z/low/LOW_1_direct_poly_rank_3_b_d_from_e_predictions.csv,best_by_method_LOW_1_methodologie_2_LOW_1_direct_poly_rank_3
357,0.0003691354402858,0.0002675079856484,0.9938475891066516,True,best_by_method,LOW_1,methodologie_2,LOW_1_direct_poly_rank_3,LOW_1_direct_poly_rank_3,polynomial,log_gap,/Users/hariderarako/Desktop/python/results/methodologie_2/reconstructed_parameters/from_z/low/LOW_1_direct_poly_rank_3_b_d_from_e_predictions.csv,best_by_method_LOW_1_methodologie_2_LOW_1_direct_poly_rank_3
358,4.319203277224889e-05,2.9291661801160753e-05,0.9998898534627392,True,best_by_method,LOW_1,methodologie_2,LOW_1_direct_poly_rank_3,LOW_1_direct_poly_rank_3,polynomial,log_gap,/Users/hariderarako/Desktop/python/results/methodologie_2/reconstructed_parameters/from_z/low/LOW_1_direct_poly_rank_3_b_d_from_e_predictions.csv,best_by_method_LOW_1_methodologie_2_LOW_1_direct_poly_rank_3
359,6.579475421337567e-05,4.263890641352734e-05,0.9996574187988436,True,best_by_method,LOW_1,methodologie_2,LOW_1_direct_poly_rank_3,LOW_1_direct_poly_rank_3,polynomial,log_gap,/Users/hariderarako/Desktop/python/results/methodologie_2/reconstructed_parameters/from_z/low/LOW_1_direct_poly_rank_3_b_d_from_e_predictions.csv,best_by_method_LOW_1_methodologie_2_LOW_1_direct_poly_rank_3
360,0.0001797539991391,0.0001068446419162,0.9965020150374678,True,best_by_method,LOW_1,methodologie_2,LOW_1_direct_poly_rank_3,LOW_1_direct_poly_rank_3,polynomial,log_gap,/Users/hariderarako/Desktop/python/results/methodologie_2/reconstructed_parameters/from_z/low/LOW_1_direct_poly_rank_3_b_d_from_e_predictions.csv,best_by_method_LOW_1_methodologie_2_LOW_1_direct_poly_rank_3
15,0.0213943296927381,0.0075112678671625,0.9982491189088126,True,best_by_method,LOW_2,methodologie_1,LOW_2_poly_rank_1,LOW_2_poly_rank_1,polynomial,log,/Users/hariderarako/Desktop/python/results/methodologie_1/reconstructed_parameters/tau_u/low/LOW_2_poly_rank_1/LOW_2_poly_rank_1_comparison_d_b_e_tau_u.csv,best_by_method_LOW_2_methodologie_1_LOW_2_poly_rank_1
17,0.0360447539020527,0.0230896197200137,0.9957028486326864,True,best_by_method,LOW_2,methodologie_1,LOW_2_poly_rank_1,LOW_2_poly_rank_1,polynomial,log,/Users/hariderarako/Desktop/python/results/methodologie_1/reconstructed_parameters/tau_u/low/LOW_2_poly_rank_1/LOW_2_poly_rank_1_comparison_d_b_e_tau_u.csv,best_by_method_LOW_2_methodologie_1_LOW_2_poly_rank_1
29,0.0966479758377327,0.049099742892023,0.9814509502646824,True,best_by_method,LOW_2,methodologie_1,LOW_2_poly_rank_1,LOW_2_poly_rank_1,polynomial,log,/Users/hariderarako/Desktop/python/results/methodologie_1/reconstructed_parameters/tau_u/low/LOW_2_poly_rank_1/LOW_2_poly_rank_1_comparison_d_b_e_tau_u.csv,best_by_method_LOW_2_methodologie_1_LOW_2_poly_rank_1
32,0.0270156266609746,0.0174500292214752,0.9976273687639178,True,best_by_method,LOW_2,methodologie_1,LOW_2_poly_rank_1,LOW_2_poly_rank_1,polynomial,log,/Users/hariderarako/Desktop/python/results/methodologie_1/reconstructed_parameters/tau_u/low/LOW_2_poly_rank_1/LOW_2_poly_rank_1_comparison_d_b_e_tau_u.csv,best_by_method_LOW_2_methodologie_1_LOW_2_poly_rank_1
35,0.069074233520799,0.0320946638111248,0.9894183203063218,True,best_by_method,LOW_2,methodologie_1,LOW_2_poly_rank_1,LOW_2_poly_rank_1,polynomial,log,/Users/hariderarako/Desktop/python/results/methodologie_1/reconstructed_parameters/tau_u/low/LOW_2_poly_rank_1/LOW_2_poly_rank_1_comparison_d_b_e_tau_u.csv,best_by_method_LOW_2_methodologie_1_LOW_2_poly_rank_1
38,0.0248983149007707,0.0155920718426169,0.9984210145277812,True,best_by_method,LOW_2,methodologie_1,LOW_2_poly_rank_1,LOW_2_poly_rank_1,polynomial,log,/Users/hariderarako/Desktop/python/results/methodologie_1/reconstructed_parameters/tau_u/low/LOW_2_poly_rank_1/LOW_2_poly_rank_1_comparison_d_b_e_tau_u.csv,best_by_method_LOW_2_methodologie_1_LOW_2_poly_rank_1
41,0.0488438290890341,0.0196498295806834,0.9946100471699812,True,best_by_method,LOW_2,methodologie_1,LOW_2_poly_rank_1,LOW_2_poly_rank_1,polynomial,log,/Users/hariderarako/Desktop/python/results/methodologie_1/reconstructed_parameters/tau_u/low/LOW_2_poly_rank_1/LOW_2_poly_rank_1_comparison_d_b_e_tau_u.csv,best_by_method_LOW_2_methodologie_1_LOW_2_poly_rank_1
44,0.3004623731987594,0.2151355590533969,0.82748050410987,True,best_by_method,LOW_2,methodologie_1,LOW_2_poly_rank_1,LOW_2_poly_rank_1,polynomial,log,/Users/hariderarako/Desktop/python/results/methodologie_1/reconstructed_parameters/tau_u/low/LOW_2_poly_rank_1/LOW_2_poly_rank_1_comparison_d_b_e_tau_u.csv,best_by_method_LOW_2_methodologie_1_LOW_2_poly_rank_1
47,0.08099943430223,0.0448500574600543,0.988591850124438,True,best_by_method,LOW_2,methodologie_1,LOW_2_poly_rank_1,LOW_2_poly_rank_1,polynomial,log,/Users/hariderarako/Desktop/python/results/methodologie_1/reconstructed_parameters/tau_u/low/LOW_2_poly_rank_1/LOW_2_poly_rank_1_comparison_d_b_e_tau_u.csv,best_by_method_LOW_2_methodologie_1_LOW_2_poly_rank_1
49,0.6603793738723758,0.4934102347457514,0.4082304472847269,True,best_by_method,LOW_2,methodologie_1,LOW_2_poly_rank_1,LOW_2_poly_rank_1,polynomial,log,/Users/hariderarako/Desktop/python/results/methodologie_1/reconstructed_parameters/tau_u/low/LOW_2_poly_rank_1/LOW_2_poly_rank_1_comparison_d_b_e_tau_u.csv,best_by_method_LOW_2_methodologie_1_LOW_2_poly_rank_1
54,0.0242649754301534,0.0088709901172259,0.9982473131430288,True,best_by_method,LOW_2,methodologie_1,LOW_2_poly_rank_1,LOW_2_poly_rank_1,polynomial,log,/Users/hariderarako/Desktop/python/results/methodologie_1/reconstructed_parameters/tau_u/low/LOW_2_poly_rank_1/LOW_2_poly_rank_1_comparison_d_b_e_tau_u.csv,best_by_method_LOW_2_methodologie_1_LOW_2_poly_rank_1
57,0.1745781171534148,0.0953265775119339,0.9513184153693912,True,best_by_method,LOW_2,methodologie_1,LOW_2_poly_rank_1,LOW_2_poly_rank_1,polynomial,log,/Users/hariderarako/Desktop/python/results/methodologie_1/reconstructed_parameters/tau_u/low/LOW_2_poly_rank_1/LOW_2_poly_rank_1_comparison_d_b_e_tau_u.csv,best_by_method_LOW_2_methodologie_1_LOW_2_poly_rank_1
60,1.0477299962773945,0.7082359477266863,-0.1741273737320621,True,best_by_method,LOW_2,methodologie_1,LOW_2_poly_rank_1,LOW_2_poly_rank_1,polynomial,log,/Users/hariderarako/Desktop/python/results/methodologie_1/reconstructed_parameters/tau_u/low/LOW_2_poly_rank_1/LOW_2_poly_rank_1_comparison_d_b_e_tau_u.csv,best_by_method_LOW_2_methodologie_1_LOW_2_poly_rank_1
63,0.1216069865762142,0.0672858998584775,0.977973909880872,True,best_by_method,LOW_2,methodologie_1,LOW_2_poly_rank_1,LOW_2_poly_rank_1,polynomial,log,/Users/hariderarako/Desktop/python/results/methodologie_1/reconstructed_parameters/tau_u/low/LOW_2_poly_rank_1/LOW_2_poly_rank_1_comparison_d_b_e_tau_u.csv,best_by_method_LOW_2_methodologie_1_LOW_2_poly_rank_1
66,0.0310234249785304,0.0132909274017678,0.997466467969558,True,best_by_method,LOW_2,methodologie_1,LOW_2_poly_rank_1,LOW_2_poly_rank_1,polynomial,log,/Users/hariderarako/Desktop/python/results/methodologie_1/reconstructed_parameters/tau_u/low/LOW_2_poly_rank_1/LOW_2_poly_rank_1_comparison_d_b_e_tau_u.csv,best_by_method_LOW_2_methodologie_1_LOW_2_poly_rank_1
69,0.9711132711805964,0.7252901882237015,-0.0265569720755489,True,best_by_method,LOW_2,methodologie_1,LOW_2_poly_rank_1,LOW_2_poly_rank_1,polynomial,log,/Users/hariderarako/Desktop/python/results/methodologie_1/reconstructed_parameters/tau_u/low/LOW_2_poly_rank_1/LOW_2_poly_rank_1_comparison_d_b_e_tau_u.csv,best_by_method_LOW_2_methodologie_1_LOW_2_poly_rank_1
72,0.0823779677884617,0.0389089781191318,0.9861090549677314,True,best_by_method,LOW_2,methodologie_1,LOW_2_poly_rank_1,LOW_2_poly_rank_1,polynomial,log,/Users/hariderarako/Desktop/python/results/methodologie_1/reconstructed_parameters/tau_u/low/LOW_2_poly_rank_1/LOW_2_poly_rank_1_comparison_d_b_e_tau_u.csv,best_by_method_LOW_2_methodologie_1_LOW_2_poly_rank_1
75,0.0445248113602865,0.026309767475716,0.9949501559765568,True,best_by_method,LOW_2,methodologie_1,LOW_2_poly_rank_1,LOW_2_poly_rank_1,polynomial,log,/Users/hariderarako/Desktop/python/results/methodologie_1/reconstructed_parameters/tau_u/low/LOW_2_poly_rank_1/LOW_2_poly_rank_1_comparison_d_b_e_tau_u.csv,best_by_method_LOW_2_methodologie_1_LOW_2_poly_rank_1
78,0.4911981781733715,0.3561756309172189,0.5920775287021056,True,best_by_method,LOW_2,methodologie_1,LOW_2_poly_rank_1,LOW_2_poly_rank_1,polynomial,log,/Users/hariderarako/Desktop/python/results/methodologie_1/reconstructed_parameters/tau_u/low/LOW_2_poly_rank_1/LOW_2_poly_rank_1_comparison_d_b_e_tau_u.csv,best_by_method_LOW_2_methodologie_1_LOW_2_poly_rank_1
81,0.0167811819783089,0.0065832165029468,0.9991202110099626,True,best_by_method,LOW_2,methodologie_1,LOW_2_poly_rank_1,LOW_2_poly_rank_1,polynomial,log,/Users/hariderarako/Desktop/python/results/methodologie_1/reconstructed_parameters/tau_u/low/LOW_2_poly_rank_1/LOW_2_poly_rank_1_comparison_d_b_e_tau_u.csv,best_by_method_LOW_2_methodologie_1_LOW_2_poly_rank_1
84,0.9685482452646776,0.7103473989826249,-0.2302439445090067,True,best_by_method,LOW_2,methodologie_1,LOW_2_poly_rank_1,LOW_2_poly_rank_1,polynomial,log,/Users/hariderarako/Desktop/python/results/methodologie_1/reconstructed_parameters/tau_u/low/LOW_2_poly_rank_1/LOW_2_poly_rank_1_comparison_d_b_e_tau_u.csv,best_by_method_LOW_2_methodologie_1_LOW_2_poly_rank_1
87,0.417368696682825,0.302743792607243,0.6562723759008489,True,best_by_method,LOW_2,methodologie_1,LOW_2_poly_rank_1,LOW_2_poly_rank_1,polynomial,log,/Users/hariderarako/Desktop/python/results/methodologie_1/reconstructed_parameters/tau_u/low/LOW_2_poly_rank_1/LOW_2_poly_rank_1_comparison_d_b_e_tau_u.csv,best_by_method_LOW_2_methodologie_1_LOW_2_poly_rank_1
90,0.0324727851842826,0.0210379906957941,0.9967038129233624,True,best_by_method,LOW_2,methodologie_1,LOW_2_poly_rank_1,LOW_2_poly_rank_1,polynomial,log,/Users/hariderarako/Desktop/python/results/methodologie_1/reconstructed_parameters/tau_u/low/LOW_2_poly_rank_1/LOW_2_poly_rank_1_comparison_d_b_e_tau_u.csv,best_by_method_LOW_2_methodologie_1_LOW_2_poly_rank_1
93,0.0372317613978277,0.0240560380658121,0.9954139500209872,True,best_by_method,LOW_2,methodologie_1,LOW_2_poly_rank_1,LOW_2_poly_rank_1,polynomial,log,/Users/hariderarako/Desktop/python/results/methodologie_1/reconstructed_parameters/tau_u/low/LOW_2_poly_rank_1/LOW_2_poly_rank_1_comparison_d_b_e_tau_u.csv,best_by_method_LOW_2_methodologie_1_LOW_2_poly_rank_1
96,0.0803428448705416,0.0407364986023768,0.989063443287842,True,best_by_method,LOW_2,methodologie_1,LOW_2_poly_rank_1,LOW_2_poly_rank_1,polynomial,log,/Users/hariderarako/Desktop/python/results/methodologie_1/reconstructed_parameters/tau_u/low/LOW_2_poly_rank_1/LOW_2_poly_rank_1_comparison_d_b_e_tau_u.csv,best_by_method_LOW_2_methodologie_1_LOW_2_poly_rank_1
99,0.0759331195028252,0.0351508110628634,0.9891226974949212,True,best_by_method,LOW_2,methodologie_1,LOW_2_poly_rank_1,LOW_2_poly_rank_1,polynomial,log,/Users/hariderarako/Desktop/python/results/methodologie_1/reconstructed_parameters/tau_u/low/LOW_2_poly_rank_1/LOW_2_poly_rank_1_comparison_d_b_e_tau_u.csv,best_by_method_LOW_2_methodologie_1_LOW_2_poly_rank_1
102,0.0466737138309955,0.0185194649928616,0.9952985700828048,True,best_by_method,LOW_2,methodologie_1,LOW_2_poly_rank_1,LOW_2_poly_rank_1,polynomial,log,/Users/hariderarako/Desktop/python/results/methodologie_1/reconstructed_parameters/tau_u/low/LOW_2_poly_rank_1/LOW_2_poly_rank_1_comparison_d_b_e_tau_u.csv,best_by_method_LOW_2_methodologie_1_LOW_2_poly_rank_1
108,0.026041112576382,0.0096749696487446,0.9982285303364412,True,best_by_method,LOW_2,methodologie_1,LOW_2_poly_rank_1,LOW_2_poly_rank_1,polynomial,log,/Users/hariderarako/Desktop/python/results/methodologie_1/reconstructed_parameters/tau_u/low/LOW_2_poly_rank_1/LOW_2_poly_rank_1_comparison_d_b_e_tau_u.csv,best_by_method_LOW_2_methodologie_1_LOW_2_poly_rank_1
111,0.0644155978386192,0.0359560335822713,0.9927779078627306,True,best_by_method,LOW_2,methodologie_1,LOW_2_poly_rank_1,LOW_2_poly_rank_1,polynomial,log,/Users/hariderarako/Desktop/python/results/methodologie_1/reconstructed_parameters/tau_u/low/LOW_2_poly_rank_1/LOW_2_poly_rank_1_comparison_d_b_e_tau_u.csv,best_by_method_LOW_2_methodologie_1_LOW_2_poly_rank_1
114,0.0685427529284818,0.0309807756529892,0.9877025699639844,True,best_by_method,LOW_2,methodologie_1,LOW_2_poly_rank_1,LOW_2_poly_rank_1,polynomial,log,/Users/hariderarako/Desktop/python/results/methodologie_1/reconstructed_parameters/tau_u/low/LOW_2_poly_rank_1/LOW_2_poly_rank_1_comparison_d_b_e_tau_u.csv,best_by_method_LOW_2_methodologie_1_LOW_2_poly_rank_1
117,0.0261791650675712,0.0121417979185037,0.9981330228731652,True,best_by_method,LOW_2,methodologie_1,LOW_2_poly_rank_1,LOW_2_poly_rank_1,polynomial,log,/Users/hariderarako/Desktop/python/results/methodologie_1/reconstructed_parameters/tau_u/low/LOW_2_poly_rank_1/LOW_2_poly_rank_1_comparison_d_b_e_tau_u.csv,best_by_method_LOW_2_methodologie_1_LOW_2_poly_rank_1
120,0.067724764530125,0.0387590774876745,0.9901894147198328,True,best_by_method,LOW_2,methodologie_1,LOW_2_poly_rank_1,LOW_2_poly_rank_1,polynomial,log,/Users/hariderarako/Desktop/python/results/methodologie_1/reconstructed_parameters/tau_u/low/LOW_2_poly_rank_1/LOW_2_poly_rank_1_comparison_d_b_e_tau_u.csv,best_by_method_LOW_2_methodologie_1_LOW_2_poly_rank_1
123,0.1191150776982688,0.0612349630122362,0.9810590957245748,True,best_by_method,LOW_2,methodologie_1,LOW_2_poly_rank_1,LOW_2_poly_rank_1,polynomial,log,/Users/hariderarako/Desktop/python/results/methodologie_1/reconstructed_parameters/tau_u/low/LOW_2_poly_rank_1/LOW_2_poly_rank_1_comparison_d_b_e_tau_u.csv,best_by_method_LOW_2_methodologie_1_LOW_2_poly_rank_1
126,0.0247648132515865,0.012237236680434,0.998270758494628,True,best_by_method,LOW_2,methodologie_1,LOW_2_poly_rank_1,LOW_2_poly_rank_1,polynomial,log,/Users/hariderarako/Desktop/python/results/methodologie_1/reconstructed_parameters/tau_u/low/LOW_2_poly_rank_1/LOW_2_poly_rank_1_comparison_d_b_e_tau_u.csv,best_by_method_LOW_2_methodologie_1_LOW_2_poly_rank_1
129,0.1245465354705489,0.0673227244352501,0.9771488401346682,True,best_by_method,LOW_2,methodologie_1,LOW_2_poly_rank_1,LOW_2_poly_rank_1,polynomial,log,/Users/hariderarako/Desktop/python/results/methodologie_1/reconstructed_parameters/tau_u/low/LOW_2_poly_rank_1/LOW_2_poly_rank_1_comparison_d_b_e_tau_u.csv,best_by_method_LOW_2_methodologie_1_LOW_2_poly_rank_1
132,0.0523851444130467,0.025532890489425,0.9926787407093396,True,best_by_method,LOW_2,methodologie_1,LOW_2_poly_rank_1,LOW_2_poly_rank_1,polynomial,log,/Users/hariderarako/Desktop/python/results/methodologie_1/reconstructed_parameters/tau_u/low/LOW_2_poly_rank_1/LOW_2_poly_rank_1_comparison_d_b_e_tau_u.csv,best_by_method_LOW_2_methodologie_1_LOW_2_poly_rank_1
135,0.0427230767858745,0.020792907463965,0.9953091652148144,True,best_by_method,LOW_2,methodologie_1,LOW_2_poly_rank_1,LOW_2_poly_rank_1,polynomial,log,/Users/hariderarako/Desktop/python/results/methodologie_1/reconstructed_parameters/tau_u/low/LOW_2_poly_rank_1/LOW_2_poly_rank_1_comparison_d_b_e_tau_u.csv,best_by_method_LOW_2_methodologie_1_LOW_2_poly_rank_1
138,0.18983072117102,0.1155908681395924,0.9468207144529552,True,best_by_method,LOW_2,methodologie_1,LOW_2_poly_rank_1,LOW_2_poly_rank_1,polynomial,log,/Users/hariderarako/Desktop/python/results/methodologie_1/reconstructed_parameters/tau_u/low/LOW_2_poly_rank_1/LOW_2_poly_rank_1_comparison_d_b_e_tau_u.csv,best_by_method_LOW_2_methodologie_1_LOW_2_poly_rank_1
141,0.1532101529453565,0.0925818722078841,0.9597409057868846,True,best_by_method,LOW_2,methodologie_1,LOW_2_poly_rank_1,LOW_2_poly_rank_1,polynomial,log,/Users/hariderarako/Desktop/python/results/methodologie_1/reconstructed_parameters/tau_u/low/LOW_2_poly_rank_1/LOW_2_poly_rank_1_comparison_d_b_e_tau_u.csv,best_by_method_LOW_2_methodologie_1_LOW_2_poly_rank_1
144,0.0522172382919078,0.0221428225485871,0.9925130445308082,True,best_by_method,LOW_2,methodologie_1,LOW_2_poly_rank_1,LOW_2_poly_rank_1,polynomial,log,/Users/hariderarako/Desktop/python/results/methodologie_1/reconstructed_parameters/tau_u/low/LOW_2_poly_rank_1/LOW_2_poly_rank_1_comparison_d_b_e_tau_u.csv,best_by_method_LOW_2_methodologie_1_LOW_2_poly_rank_1
147,0.843583370036318,0.6400833191607187,-0.0348472586749626,True,best_by_method,LOW_2,methodologie_1,LOW_2_poly_rank_1,LOW_2_poly_rank_1,polynomial,log,/Users/hariderarako/Desktop/python/results/methodologie_1/reconstructed_parameters/tau_u/low/LOW_2_poly_rank_1/LOW_2_poly_rank_1_comparison_d_b_e_tau_u.csv,best_by_method_LOW_2_methodologie_1_LOW_2_poly_rank_1
150,0.0678646097648559,0.0290322606965431,0.9905351078183472,True,best_by_method,LOW_2,methodologie_1,LOW_2_poly_rank_1,LOW_2_poly_rank_1,polynomial,log,/Users/hariderarako/Desktop/python/results/methodologie_1/reconstructed_parameters/tau_u/low/LOW_2_poly_rank_1/LOW_2_poly_rank_1_comparison_d_b_e_tau_u.csv,best_by_method_LOW_2_methodologie_1_LOW_2_poly_rank_1
153,0.2337876730751111,0.1576530485125688,0.9063289072723548,True,best_by_method,LOW_2,methodologie_1,LOW_2_poly_rank_1,LOW_2_poly_rank_1,polynomial,log,/Users/hariderarako/Desktop/python/results/methodologie_1/reconstructed_parameters/tau_u/low/LOW_2_poly_rank_1/LOW_2_poly_rank_1_comparison_d_b_e_tau_u.csv,best_by_method_LOW_2_methodologie_1_LOW_2_poly_rank_1
156,0.0840322119869142,0.0468187510332143,0.9824787162383224,True,best_by_method,LOW_2,methodologie_1,LOW_2_poly_rank_1,LOW_2_poly_rank_1,polynomial,log,/Users/hariderarako/Desktop/python/results/methodologie_1/reconstructed_parameters/tau_u/low/LOW_2_poly_rank_1/LOW_2_poly_rank_1_comparison_d_b_e_tau_u.csv,best_by_method_LOW_2_methodologie_1_LOW_2_poly_rank_1
159,0.030173854234845,0.0145486598686362,0.997618116592532,True,best_by_method,LOW_2,methodologie_1,LOW_2_poly_rank_1,LOW_2_poly_rank_1,polynomial,log,/Users/hariderarako/Desktop/python/results/methodologie_1/reconstructed_parameters/tau_u/low/LOW_2_poly_rank_1/LOW_2_poly_rank_1_comparison_d_b_e_tau_u.csv,best_by_method_LOW_2_methodologie_1_LOW_2_poly_rank_1
162,0.0476003636066549,0.0248219207361418,0.99585974150006,True,best_by_method,LOW_2,methodologie_1,LOW_2_poly_rank_1,LOW_2_poly_rank_1,polynomial,log,/Users/hariderarako/Desktop/python/results/methodologie_1/reconstructed_parameters/tau_u/low/LOW_2_poly_rank_1/LOW_2_poly_rank_1_comparison_d_b_e_tau_u.csv,best_by_method_LOW_2_methodologie_1_LOW_2_poly_rank_1
165,0.0340672395499707,0.0220367330959859,0.9974936243491528,True,best_by_method,LOW_2,methodologie_1,LOW_2_poly_rank_1,LOW_2_poly_rank_1,polynomial,log,/Users/hariderarako/Desktop/python/results/methodologie_1/reconstructed_parameters/tau_u/low/LOW_2_poly_rank_1/LOW_2_poly_rank_1_comparison_d_b_e_tau_u.csv,best_by_method_LOW_2_methodologie_1_LOW_2_poly_rank_1
168,0.1896996562961337,0.1182598820806872,0.9444074850980424,True,best_by_method,LOW_2,methodologie_1,LOW_2_poly_rank_1,LOW_2_poly_rank_1,polynomial,log,/Users/hariderarako/Desktop/python/results/methodologie_1/reconstructed_parameters/tau_u/low/LOW_2_poly_rank_1/LOW_2_poly_rank_1_comparison_d_b_e_tau_u.csv,best_by_method_LOW_2_methodologie_1_LOW_2_poly_rank_1
171,0.0245055879925687,0.0129233778178154,0.99816916394423,True,best_by_method,LOW_2,methodologie_1,LOW_2_poly_rank_1,LOW_2_poly_rank_1,polynomial,log,/Users/hariderarako/Desktop/python/results/methodologie_1/reconstructed_parameters/tau_u/low/LOW_2_poly_rank_1/LOW_2_poly_rank_1_comparison_d_b_e_tau_u.csv,best_by_method_LOW_2_methodologie_1_LOW_2_poly_rank_1
174,0.0525013263544453,0.0337523305026309,0.9921489416830752,True,best_by_method,LOW_2,methodologie_1,LOW_2_poly_rank_1,LOW_2_poly_rank_1,polynomial,log,/Users/hariderarako/Desktop/python/results/methodologie_1/reconstructed_parameters/tau_u/low/LOW_2_poly_rank_1/LOW_2_poly_rank_1_comparison_d_b_e_tau_u.csv,best_by_method_LOW_2_methodologie_1_LOW_2_poly_rank_1
177,0.2080131948550969,0.1416023338233727,0.9146246619117112,True,best_by_method,LOW_2,methodologie_1,LOW_2_poly_rank_1,LOW_2_poly_rank_1,polynomial,log,/Users/hariderarako/Desktop/python/results/methodologie_1/reconstructed_parameters/tau_u/low/LOW_2_poly_rank_1/LOW_2_poly_rank_1_comparison_d_b_e_tau_u.csv,best_by_method_LOW_2_methodologie_1_LOW_2_poly_rank_1
180,0.0615140263971218,0.0311544881614048,0.992539864016976,True,best_by_method,LOW_2,methodologie_1,LOW_2_poly_rank_1,LOW_2_poly_rank_1,polynomial,log,/Users/hariderarako/Desktop/python/results/methodologie_1/reconstructed_parameters/tau_u/low/LOW_2_poly_rank_1/LOW_2_poly_rank_1_comparison_d_b_e_tau_u.csv,best_by_method_LOW_2_methodologie_1_LOW_2_poly_rank_1
183,0.3025604774858788,0.2161478875321023,0.8589531237619962,True,best_by_method,LOW_2,methodologie_1,LOW_2_poly_rank_1,LOW_2_poly_rank_1,polynomial,log,/Users/hariderarako/Desktop/python/results/methodologie_1/reconstructed_parameters/tau_u/low/LOW_2_poly_rank_1/LOW_2_poly_rank_1_comparison_d_b_e_tau_u.csv,best_by_method_LOW_2_methodologie_1_LOW_2_poly_rank_1
186,0.0333180959683633,0.0121083097269807,0.99729727296064,True,best_by_method,LOW_2,methodologie_1,LOW_2_poly_rank_1,LOW_2_poly_rank_1,polynomial,log,/Users/hariderarako/Desktop/python/results/methodologie_1/reconstructed_parameters/tau_u/low/LOW_2_poly_rank_1/LOW_2_poly_rank_1_comparison_d_b_e_tau_u.csv,best_by_method_LOW_2_methodologie_1_LOW_2_poly_rank_1
189,0.9134193431522756,0.6260519427022827,-0.0741330355919733,True,best_by_method,LOW_2,methodologie_1,LOW_2_poly_rank_1,LOW_2_poly_rank_1,polynomial,log,/Users/hariderarako/Desktop/python/results/methodologie_1/reconstructed_parameters/tau_u/low/LOW_2_poly_rank_1/LOW_2_poly_rank_1_comparison_d_b_e_tau_u.csv,best_by_method_LOW_2_methodologie_1_LOW_2_poly_rank_1
192,0.1597387015426782,0.0971715357093602,0.9603414913380356,True,best_by_method,LOW_2,methodologie_1,LOW_2_poly_rank_1,LOW_2_poly_rank_1,polynomial,log,/Users/hariderarako/Desktop/python/results/methodologie_1/reconstructed_parameters/tau_u/low/LOW_2_poly_rank_1/LOW_2_poly_rank_1_comparison_d_b_e_tau_u.csv,best_by_method_LOW_2_methodologie_1_LOW_2_poly_rank_1
195,0.1856088018229467,0.0953774918924516,0.9518476382831068,True,best_by_method,LOW_2,methodologie_1,LOW_2_poly_rank_1,LOW_2_poly_rank_1,polynomial,log,/Users/hariderarako/Desktop/python/results/methodologie_1/reconstructed_parameters/tau_u/low/LOW_2_poly_rank_1/LOW_2_poly_rank_1_comparison_d_b_e_tau_u.csv,best_by_method_LOW_2_methodologie_1_LOW_2_poly_rank_1
198,0.0276996302088889,0.0134448442733373,0.998205773882113,True,best_by_method,LOW_2,methodologie_1,LOW_2_poly_rank_1,LOW_2_poly_rank_1,polynomial,log,/Users/hariderarako/Desktop/python/results/methodologie_1/reconstructed_parameters/tau_u/low/LOW_2_poly_rank_1/LOW_2_poly_rank_1_comparison_d_b_e_tau_u.csv,best_by_method_LOW_2_methodologie_1_LOW_2_poly_rank_1
201,0.0250844961045897,0.0135630120765171,0.9970666149503876,True,best_by_method,LOW_2,methodologie_1,LOW_2_poly_rank_1,LOW_2_poly_rank_1,polynomial,log,/Users/hariderarako/Desktop/python/results/methodologie_1/reconstructed_parameters/tau_u/low/LOW_2_poly_rank_1/LOW_2_poly_rank_1_comparison_d_b_e_tau_u.csv,best_by_method_LOW_2_methodologie_1_LOW_2_poly_rank_1
245,0.3800964771762303,0.2378827982295799,0.8062164864626726,True,best_by_method,LOW_2,methodologie_1,LOW_2_poly_rank_1,LOW_2_poly_rank_1,polynomial,log,/Users/hariderarako/Desktop/python/results/methodologie_1/reconstructed_parameters/tau_u/low/LOW_2_poly_rank_1/LOW_2_poly_rank_1_comparison_d_b_e_tau_u.csv,best_by_method_LOW_2_methodologie_1_LOW_2_poly_rank_1
249,0.0372241275042907,0.0227513916557876,0.9945438334680032,True,best_by_method,LOW_2,methodologie_1,LOW_2_poly_rank_1,LOW_2_poly_rank_1,polynomial,log,/Users/hariderarako/Desktop/python/results/methodologie_1/reconstructed_parameters/tau_u/low/LOW_2_poly_rank_1/LOW_2_poly_rank_1_comparison_d_b_e_tau_u.csv,best_by_method_LOW_2_methodologie_1_LOW_2_poly_rank_1
253,0.0246855174681351,0.0098782748628731,0.9976785088174784,True,best_by_method,LOW_2,methodologie_1,LOW_2_poly_rank_1,LOW_2_poly_rank_1,polynomial,log,/Users/hariderarako/Desktop/python/results/methodologie_1/reconstructed_parameters/tau_u/low/LOW_2_poly_rank_1/LOW_2_poly_rank_1_comparison_d_b_e_tau_u.csv,best_by_method_LOW_2_methodologie_1_LOW_2_poly_rank_1
257,0.0584504914203499,0.0322219514399892,0.9895071317798556,True,best_by_method,LOW_2,methodologie_1,LOW_2_poly_rank_1,LOW_2_poly_rank_1,polynomial,log,/Users/hariderarako/Desktop/python/results/methodologie_1/reconstructed_parameters/tau_u/low/LOW_2_poly_rank_1/LOW_2_poly_rank_1_comparison_d_b_e_tau_u.csv,best_by_method_LOW_2_methodologie_1_LOW_2_poly_rank_1
286,0.1390533738254693,0.0664052111829853,0.9788869449316508,True,best_by_method,LOW_2,methodologie_1,LOW_2_poly_rank_1,LOW_2_poly_rank_1,polynomial,log,/Users/hariderarako/Desktop/python/results/methodologie_1/reconstructed_parameters/tau_u/low/LOW_2_poly_rank_1/LOW_2_poly_rank_1_comparison_d_b_e_tau_u.csv,best_by_method_LOW_2_methodologie_1_LOW_2_poly_rank_1
289,0.1942377160997024,0.1041572073091097,0.967342492793014,True,best_by_method,LOW_2,methodologie_1,LOW_2_poly_rank_1,LOW_2_poly_rank_1,polynomial,log,/Users/hariderarako/Desktop/python/results/methodologie_1/reconstructed_parameters/tau_u/low/LOW_2_poly_rank_1/LOW_2_poly_rank_1_comparison_d_b_e_tau_u.csv,best_by_method_LOW_2_methodologie_1_LOW_2_poly_rank_1
291,0.1211428719771639,0.0589550623196411,0.9783462662719788,True,best_by_method,LOW_2,methodologie_1,LOW_2_poly_rank_1,LOW_2_poly_rank_1,polynomial,log,/Users/hariderarako/Desktop/python/results/methodologie_1/reconstructed_parameters/tau_u/low/LOW_2_poly_rank_1/LOW_2_poly_rank_1_comparison_d_b_e_tau_u.csv,best_by_method_LOW_2_methodologie_1_LOW_2_poly_rank_1
293,0.1651993396767105,0.0926960666213899,0.9599914908690032,True,best_by_method,LOW_2,methodologie_1,LOW_2_poly_rank_1,LOW_2_poly_rank_1,polynomial,log,/Users/hariderarako/Desktop/python/results/methodologie_1/reconstructed_parameters/tau_u/low/LOW_2_poly_rank_1/LOW_2_poly_rank_1_comparison_d_b_e_tau_u.csv,best_by_method_LOW_2_methodologie_1_LOW_2_poly_rank_1
314,0.0648172420692588,0.029111336169901,0.9872002026914044,True,best_by_method,LOW_2,methodologie_1,LOW_2_poly_rank_1,LOW_2_poly_rank_1,polynomial,log,/Users/hariderarako/Desktop/python/results/methodologie_1/reconstructed_parameters/tau_u/low/LOW_2_poly_rank_1/LOW_2_poly_rank_1_comparison_d_b_e_tau_u.csv,best_by_method_LOW_2_methodologie_1_LOW_2_poly_rank_1
320,0.0871505601832079,0.0408868543865209,0.9810017111291748,True,best_by_method,LOW_2,methodologie_1,LOW_2_poly_rank_1,LOW_2_poly_rank_1,polynomial,log,/Users/hariderarako/Desktop/python/results/methodologie_1/reconstructed_parameters/tau_u/low/LOW_2_poly_rank_1/LOW_2_poly_rank_1_comparison_d_b_e_tau_u.csv,best_by_method_LOW_2_methodologie_1_LOW_2_poly_rank_1
15,0.0121893652816823,0.0050861640365544,0.9994316426665808,True,best_by_method,LOW_2,methodologie_2,LOW_2_direct_poly_rank_1,LOW_2_direct_poly_rank_1,polynomial,log_gap,/Users/hariderarako/Desktop/python/results/methodologie_2/reconstructed_parameters/from_z/low/LOW_2_direct_poly_rank_1_b_d_from_e_predictions.csv,best_by_method_LOW_2_methodologie_2_LOW_2_direct_poly_rank_1
17,0.0042584010294654,0.0018828328672074,0.9999400223232962,True,best_by_method,LOW_2,methodologie_2,LOW_2_direct_poly_rank_1,LOW_2_direct_poly_rank_1,polynomial,log_gap,/Users/hariderarako/Desktop/python/results/methodologie_2/reconstructed_parameters/from_z/low/LOW_2_direct_poly_rank_1_b_d_from_e_predictions.csv,best_by_method_LOW_2_methodologie_2_LOW_2_direct_poly_rank_1
29,0.0095288527708038,0.0051106626202724,0.999819691012888,True,best_by_method,LOW_2,methodologie_2,LOW_2_direct_poly_rank_1,LOW_2_direct_poly_rank_1,polynomial,log_gap,/Users/hariderarako/Desktop/python/results/methodologie_2/reconstructed_parameters/from_z/low/LOW_2_direct_poly_rank_1_b_d_from_e_predictions.csv,best_by_method_LOW_2_methodologie_2_LOW_2_direct_poly_rank_1
32,0.0116470943266909,0.0048099373821312,0.9995590033025524,True,best_by_method,LOW_2,methodologie_2,LOW_2_direct_poly_rank_1,LOW_2_direct_poly_rank_1,polynomial,log_gap,/Users/hariderarako/Desktop/python/results/methodologie_2/reconstructed_parameters/from_z/low/LOW_2_direct_poly_rank_1_b_d_from_e_predictions.csv,best_by_method_LOW_2_methodologie_2_LOW_2_direct_poly_rank_1
35,0.0047216372613359,0.0024394057901353,0.9999505566713028,True,best_by_method,LOW_2,methodologie_2,LOW_2_direct_poly_rank_1,LOW_2_direct_poly_rank_1,polynomial,log_gap,/Users/hariderarako/Desktop/python/results/methodologie_2/reconstructed_parameters/from_z/low/LOW_2_direct_poly_rank_1_b_d_from_e_predictions.csv,best_by_method_LOW_2_methodologie_2_LOW_2_direct_poly_rank_1
38,0.004238495893342,0.0021031262686983,0.999954242555998,True,best_by_method,LOW_2,methodologie_2,LOW_2_direct_poly_rank_1,LOW_2_direct_poly_rank_1,polynomial,log_gap,/Users/hariderarako/Desktop/python/results/methodologie_2/reconstructed_parameters/from_z/low/LOW_2_direct_poly_rank_1_b_d_from_e_predictions.csv,best_by_method_LOW_2_methodologie_2_LOW_2_direct_poly_rank_1
41,0.0056618337911621,0.0028196767503756,0.9999275764530224,True,best_by_method,LOW_2,methodologie_2,LOW_2_direct_poly_rank_1,LOW_2_direct_poly_rank_1,polynomial,log_gap,/Users/hariderarako/Desktop/python/results/methodologie_2/reconstructed_parameters/from_z/low/LOW_2_direct_poly_rank_1_b_d_from_e_predictions.csv,best_by_method_LOW_2_methodologie_2_LOW_2_direct_poly_rank_1
44,0.0033038158169578,0.0019952767828442,0.9999791411841448,True,best_by_method,LOW_2,methodologie_2,LOW_2_direct_poly_rank_1,LOW_2_direct_poly_rank_1,polynomial,log_gap,/Users/hariderarako/Desktop/python/results/methodologie_2/reconstructed_parameters/from_z/low/LOW_2_direct_poly_rank_1_b_d_from_e_predictions.csv,best_by_method_LOW_2_methodologie_2_LOW_2_direct_poly_rank_1
47,0.0045870427929052,0.002269512577601,0.9999634138399436,True,best_by_method,LOW_2,methodologie_2,LOW_2_direct_poly_rank_1,LOW_2_direct_poly_rank_1,polynomial,log_gap,/Users/hariderarako/Desktop/python/results/methodologie_2/reconstructed_parameters/from_z/low/LOW_2_direct_poly_rank_1_b_d_from_e_predictions.csv,best_by_method_LOW_2_methodologie_2_LOW_2_direct_poly_rank_1
49,0.0143284760102175,0.008955047309716,0.999721409939356,True,best_by_method,LOW_2,methodologie_2,LOW_2_direct_poly_rank_1,LOW_2_direct_poly_rank_1,polynomial,log_gap,/Users/hariderarako/Desktop/python/results/methodologie_2/reconstructed_parameters/from_z/low/LOW_2_direct_poly_rank_1_b_d_from_e_predictions.csv,best_by_method_LOW_2_methodologie_2_LOW_2_direct_poly_rank_1
54,0.0060104516396058,0.0025730922281472,0.9998924627732232,True,best_by_method,LOW_2,methodologie_2,LOW_2_direct_poly_rank_1,LOW_2_direct_poly_rank_1,polynomial,log_gap,/Users/hariderarako/Desktop/python/results/methodologie_2/reconstructed_parameters/from_z/low/LOW_2_direct_poly_rank_1_b_d_from_e_predictions.csv,best_by_method_LOW_2_methodologie_2_LOW_2_direct_poly_rank_1
57,0.0068615265429675,0.0041163821420361,0.9999247984847544,True,best_by_method,LOW_2,methodologie_2,LOW_2_direct_poly_rank_1,LOW_2_direct_poly_rank_1,polynomial,log_gap,/Users/hariderarako/Desktop/python/results/methodologie_2/reconstructed_parameters/from_z/low/LOW_2_direct_poly_rank_1_b_d_from_e_predictions.csv,best_by_method_LOW_2_methodologie_2_LOW_2_direct_poly_rank_1
60,0.0097694684138999,0.0055509258321068,0.9998979158483858,True,best_by_method,LOW_2,methodologie_2,LOW_2_direct_poly_rank_1,LOW_2_direct_poly_rank_1,polynomial,log_gap,/Users/hariderarako/Desktop/python/results/methodologie_2/reconstructed_parameters/from_z/low/LOW_2_direct_poly_rank_1_b_d_from_e_predictions.csv,best_by_method_LOW_2_methodologie_2_LOW_2_direct_poly_rank_1
63,0.0017275262495862,0.0009174047136481,0.9999955550214604,True,best_by_method,LOW_2,methodologie_2,LOW_2_direct_poly_rank_1,LOW_2_direct_poly_rank_1,polynomial,log_gap,/Users/hariderarako/Desktop/python/results/methodologie_2/reconstructed_parameters/from_z/low/LOW_2_direct_poly_rank_1_b_d_from_e_predictions.csv,best_by_method_LOW_2_methodologie_2_LOW_2_direct_poly_rank_1
66,0.0007322707210825,0.0003493929818002,0.9999985884695396,True,best_by_method,LOW_2,methodologie_2,LOW_2_direct_poly_rank_1,LOW_2_direct_poly_rank_1,polynomial,log_gap,/Users/hariderarako/Desktop/python/results/methodologie_2/reconstructed_parameters/from_z/low/LOW_2_direct_poly_rank_1_b_d_from_e_predictions.csv,best_by_method_LOW_2_methodologie_2_LOW_2_direct_poly_rank_1
69,0.008375075086492,0.0051828784033301,0.9999236479508382,True,best_by_method,LOW_2,methodologie_2,LOW_2_direct_poly_rank_1,LOW_2_direct_poly_rank_1,polynomial,log_gap,/Users/hariderarako/Desktop/python/results/methodologie_2/reconstructed_parameters/from_z/low/LOW_2_direct_poly_rank_1_b_d_from_e_predictions.csv,best_by_method_LOW_2_methodologie_2_LOW_2_direct_poly_rank_1
72,0.010259647839463,0.0062478570973464,0.9997845360820466,True,best_by_method,LOW_2,methodologie_2,LOW_2_direct_poly_rank_1,LOW_2_direct_poly_rank_1,polynomial,log_gap,/Users/hariderarako/Desktop/python/results/methodologie_2/reconstructed_parameters/from_z/low/LOW_2_direct_poly_rank_1_b_d_from_e_predictions.csv,best_by_method_LOW_2_methodologie_2_LOW_2_direct_poly_rank_1
75,0.0122225958806803,0.00559558253348,0.9996194596674391,True,best_by_method,LOW_2,methodologie_2,LOW_2_direct_poly_rank_1,LOW_2_direct_poly_rank_1,polynomial,log_gap,/Users/hariderarako/Desktop/python/results/methodologie_2/reconstructed_parameters/from_z/low/LOW_2_direct_poly_rank_1_b_d_from_e_predictions.csv,best_by_method_LOW_2_methodologie_2_LOW_2_direct_poly_rank_1
78,0.0191492957424269,0.011950751749605,0.9993800313226212,True,best_by_method,LOW_2,methodologie_2,LOW_2_direct_poly_rank_1,LOW_2_direct_poly_rank_1,polynomial,log_gap,/Users/hariderarako/Desktop/python/results/methodologie_2/reconstructed_parameters/from_z/low/LOW_2_direct_poly_rank_1_b_d_from_e_predictions.csv,best_by_method_LOW_2_methodologie_2_LOW_2_direct_poly_rank_1
81,0.0143852489873038,0.0072765136495071,0.9993535004969883,True,best_by_method,LOW_2,methodologie_2,LOW_2_direct_poly_rank_1,LOW_2_direct_poly_rank_1,polynomial,log_gap,/Users/hariderarako/Desktop/python/results/methodologie_2/reconstructed_parameters/from_z/low/LOW_2_direct_poly_rank_1_b_d_from_e_predictions.csv,best_by_method_LOW_2_methodologie_2_LOW_2_direct_poly_rank_1
84,0.0080870274270512,0.0049159439082753,0.9999142317496288,True,best_by_method,LOW_2,methodologie_2,LOW_2_direct_poly_rank_1,LOW_2_direct_poly_rank_1,polynomial,log_gap,/Users/hariderarako/Desktop/python/results/methodologie_2/reconstructed_parameters/from_z/low/LOW_2_direct_poly_rank_1_b_d_from_e_predictions.csv,best_by_method_LOW_2_methodologie_2_LOW_2_direct_poly_rank_1
87,0.0023125561356057,0.0013981018265311,0.999989447405324,True,best_by_method,LOW_2,methodologie_2,LOW_2_direct_poly_rank_1,LOW_2_direct_poly_rank_1,polynomial,log_gap,/Users/hariderarako/Desktop/python/results/methodologie_2/reconstructed_parameters/from_z/low/LOW_2_direct_poly_rank_1_b_d_from_e_predictions.csv,best_by_method_LOW_2_methodologie_2_LOW_2_direct_poly_rank_1
90,0.0226394350302937,0.009608613716489,0.9983978471645444,True,best_by_method,LOW_2,methodologie_2,LOW_2_direct_poly_rank_1,LOW_2_direct_poly_rank_1,polynomial,log_gap,/Users/hariderarako/Desktop/python/results/methodologie_2/reconstructed_parameters/from_z/low/LOW_2_direct_poly_rank_1_b_d_from_e_predictions.csv,best_by_method_LOW_2_methodologie_2_LOW_2_direct_poly_rank_1
93,0.016565901961816,0.0063145153065364,0.999092092107258,True,best_by_method,LOW_2,methodologie_2,LOW_2_direct_poly_rank_1,LOW_2_direct_poly_rank_1,polynomial,log_gap,/Users/hariderarako/Desktop/python/results/methodologie_2/reconstructed_parameters/from_z/low/LOW_2_direct_poly_rank_1_b_d_from_e_predictions.csv,best_by_method_LOW_2_methodologie_2_LOW_2_direct_poly_rank_1
96,0.0088720316210572,0.0051970387051839,0.9998666379200978,True,best_by_method,LOW_2,methodologie_2,LOW_2_direct_poly_rank_1,LOW_2_direct_poly_rank_1,polynomial,log_gap,/Users/hariderarako/Desktop/python/results/methodologie_2/reconstructed_parameters/from_z/low/LOW_2_direct_poly_rank_1_b_d_from_e_predictions.csv,best_by_method_LOW_2_methodologie_2_LOW_2_direct_poly_rank_1
99,0.0107934562927786,0.0067103053776994,0.9997802242366858,True,best_by_method,LOW_2,methodologie_2,LOW_2_direct_poly_rank_1,LOW_2_direct_poly_rank_1,polynomial,log_gap,/Users/hariderarako/Desktop/python/results/methodologie_2/reconstructed_parameters/from_z/low/LOW_2_direct_poly_rank_1_b_d_from_e_predictions.csv,best_by_method_LOW_2_methodologie_2_LOW_2_direct_poly_rank_1
102,0.0006720428810256,0.0003647317783856,0.9999990252814792,True,best_by_method,LOW_2,methodologie_2,LOW_2_direct_poly_rank_1,LOW_2_direct_poly_rank_1,polynomial,log_gap,/Users/hariderarako/Desktop/python/results/methodologie_2/reconstructed_parameters/from_z/low/LOW_2_direct_poly_rank_1_b_d_from_e_predictions.csv,best_by_method_LOW_2_methodologie_2_LOW_2_direct_poly_rank_1
108,0.005875584148738,0.0030482963030582,0.999909818646246,True,best_by_method,LOW_2,methodologie_2,LOW_2_direct_poly_rank_1,LOW_2_direct_poly_rank_1,polynomial,log_gap,/Users/hariderarako/Desktop/python/results/methodologie_2/reconstructed_parameters/from_z/low/LOW_2_direct_poly_rank_1_b_d_from_e_predictions.csv,best_by_method_LOW_2_methodologie_2_LOW_2_direct_poly_rank_1
111,0.0056248643592248,0.0029019014237242,0.9999449312714626,True,best_by_method,LOW_2,methodologie_2,LOW_2_direct_poly_rank_1,LOW_2_direct_poly_rank_1,polynomial,log_gap,/Users/hariderarako/Desktop/python/results/methodologie_2/reconstructed_parameters/from_z/low/LOW_2_direct_poly_rank_1_b_d_from_e_predictions.csv,best_by_method_LOW_2_methodologie_2_LOW_2_direct_poly_rank_1
114,0.0074728763489446,0.004186609654251,0.9998538270990088,True,best_by_method,LOW_2,methodologie_2,LOW_2_direct_poly_rank_1,LOW_2_direct_poly_rank_1,polynomial,log_gap,/Users/hariderarako/Desktop/python/results/methodologie_2/reconstructed_parameters/from_z/low/LOW_2_direct_poly_rank_1_b_d_from_e_predictions.csv,best_by_method_LOW_2_methodologie_2_LOW_2_direct_poly_rank_1
117,0.0095067703785169,0.0049771911054189,0.9997537969532893,True,best_by_method,LOW_2,methodologie_2,LOW_2_direct_poly_rank_1,LOW_2_direct_poly_rank_1,polynomial,log_gap,/Users/hariderarako/Desktop/python/results/methodologie_2/reconstructed_parameters/from_z/low/LOW_2_direct_poly_rank_1_b_d_from_e_predictions.csv,best_by_method_LOW_2_methodologie_2_LOW_2_direct_poly_rank_1
120,0.0052666786473682,0.0028562160257459,0.9999406701090348,True,best_by_method,LOW_2,methodologie_2,LOW_2_direct_poly_rank_1,LOW_2_direct_poly_rank_1,polynomial,log_gap,/Users/hariderarako/Desktop/python/results/methodologie_2/reconstructed_parameters/from_z/low/LOW_2_direct_poly_rank_1_b_d_from_e_predictions.csv,best_by_method_LOW_2_methodologie_2_LOW_2_direct_poly_rank_1
123,0.006805678073551,0.0043958694735775,0.9999381684638292,True,best_by_method,LOW_2,methodologie_2,LOW_2_direct_poly_rank_1,LOW_2_direct_poly_rank_1,polynomial,log_gap,/Users/hariderarako/Desktop/python/results/methodologie_2/reconstructed_parameters/from_z/low/LOW_2_direct_poly_rank_1_b_d_from_e_predictions.csv,best_by_method_LOW_2_methodologie_2_LOW_2_direct_poly_rank_1
126,0.0024399590089745,0.0010943766029847,0.999983213869434,True,best_by_method,LOW_2,methodologie_2,LOW_2_direct_poly_rank_1,LOW_2_direct_poly_rank_1,polynomial,log_gap,/Users/hariderarako/Desktop/python/results/methodologie_2/reconstructed_parameters/from_z/low/LOW_2_direct_poly_rank_1_b_d_from_e_predictions.csv,best_by_method_LOW_2_methodologie_2_LOW_2_direct_poly_rank_1
129,0.0121991779788151,0.007193147644123,0.9997807669221086,True,best_by_method,LOW_2,methodologie_2,LOW_2_direct_poly_rank_1,LOW_2_direct_poly_rank_1,polynomial,log_gap,/Users/hariderarako/Desktop/python/results/methodologie_2/reconstructed_parameters/from_z/low/LOW_2_direct_poly_rank_1_b_d_from_e_predictions.csv,best_by_method_LOW_2_methodologie_2_LOW_2_direct_poly_rank_1
132,0.0198178011550894,0.0118069169222056,0.998952195087514,True,best_by_method,LOW_2,methodologie_2,LOW_2_direct_poly_rank_1,LOW_2_direct_poly_rank_1,polynomial,log_gap,/Users/hariderarako/Desktop/python/results/methodologie_2/reconstructed_parameters/from_z/low/LOW_2_direct_poly_rank_1_b_d_from_e_predictions.csv,best_by_method_LOW_2_methodologie_2_LOW_2_direct_poly_rank_1
135,0.0008245263197039,0.0003782081001123,0.9999982528341186,True,best_by_method,LOW_2,methodologie_2,LOW_2_direct_poly_rank_1,LOW_2_direct_poly_rank_1,polynomial,log_gap,/Users/hariderarako/Desktop/python/results/methodologie_2/reconstructed_parameters/from_z/low/LOW_2_direct_poly_rank_1_b_d_from_e_predictions.csv,best_by_method_LOW_2_methodologie_2_LOW_2_direct_poly_rank_1
138,0.0064404712220773,0.0036521135971947,0.9999387868411946,True,best_by_method,LOW_2,methodologie_2,LOW_2_direct_poly_rank_1,LOW_2_direct_poly_rank_1,polynomial,log_gap,/Users/hariderarako/Desktop/python/results/methodologie_2/reconstructed_parameters/from_z/low/LOW_2_direct_poly_rank_1_b_d_from_e_predictions.csv,best_by_method_LOW_2_methodologie_2_LOW_2_direct_poly_rank_1
141,0.018841397102684,0.0106277850218311,0.9993911432669706,True,best_by_method,LOW_2,methodologie_2,LOW_2_direct_poly_rank_1,LOW_2_direct_poly_rank_1,polynomial,log_gap,/Users/hariderarako/Desktop/python/results/methodologie_2/reconstructed_parameters/from_z/low/LOW_2_direct_poly_rank_1_b_d_from_e_predictions.csv,best_by_method_LOW_2_methodologie_2_LOW_2_direct_poly_rank_1
144,0.0047280513874963,0.0024252020356217,0.9999386178878056,True,best_by_method,LOW_2,methodologie_2,LOW_2_direct_poly_rank_1,LOW_2_direct_poly_rank_1,polynomial,log_gap,/Users/hariderarako/Desktop/python/results/methodologie_2/reconstructed_parameters/from_z/low/LOW_2_direct_poly_rank_1_b_d_from_e_predictions.csv,best_by_method_LOW_2_methodologie_2_LOW_2_direct_poly_rank_1
147,0.0208625463762884,0.0132068634150571,0.999367071190317,True,best_by_method,LOW_2,methodologie_2,LOW_2_direct_poly_rank_1,LOW_2_direct_poly_rank_1,polynomial,log_gap,/Users/hariderarako/Desktop/python/results/methodologie_2/reconstructed_parameters/from_z/low/LOW_2_direct_poly_rank_1_b_d_from_e_predictions.csv,best_by_method_LOW_2_methodologie_2_LOW_2_direct_poly_rank_1
150,0.0016405263943775,0.0009088104239978,0.9999944691051368,True,best_by_method,LOW_2,methodologie_2,LOW_2_direct_poly_rank_1,LOW_2_direct_poly_rank_1,polynomial,log_gap,/Users/hariderarako/Desktop/python/results/methodologie_2/reconstructed_parameters/from_z/low/LOW_2_direct_poly_rank_1_b_d_from_e_predictions.csv,best_by_method_LOW_2_methodologie_2_LOW_2_direct_poly_rank_1
153,0.0016733319978979,0.0009829280228378,0.9999952012668358,True,best_by_method,LOW_2,methodologie_2,LOW_2_direct_poly_rank_1,LOW_2_direct_poly_rank_1,polynomial,log_gap,/Users/hariderarako/Desktop/python/results/methodologie_2/reconstructed_parameters/from_z/low/LOW_2_direct_poly_rank_1_b_d_from_e_predictions.csv,best_by_method_LOW_2_methodologie_2_LOW_2_direct_poly_rank_1
156,0.0006334165449861,0.0003287485921537,0.9999990044727828,True,best_by_method,LOW_2,methodologie_2,LOW_2_direct_poly_rank_1,LOW_2_direct_poly_rank_1,polynomial,log_gap,/Users/hariderarako/Desktop/python/results/methodologie_2/reconstructed_parameters/from_z/low/LOW_2_direct_poly_rank_1_b_d_from_e_predictions.csv,best_by_method_LOW_2_methodologie_2_LOW_2_direct_poly_rank_1
159,0.0030874270315884,0.0015439984446553,0.9999750625336176,True,best_by_method,LOW_2,methodologie_2,LOW_2_direct_poly_rank_1,LOW_2_direct_poly_rank_1,polynomial,log_gap,/Users/hariderarako/Desktop/python/results/methodologie_2/reconstructed_parameters/from_z/low/LOW_2_direct_poly_rank_1_b_d_from_e_predictions.csv,best_by_method_LOW_2_methodologie_2_LOW_2_direct_poly_rank_1
162,0.0031896533810479,0.001637818845194,0.9999814093789244,True,best_by_method,LOW_2,methodologie_2,LOW_2_direct_poly_rank_1,LOW_2_direct_poly_rank_1,polynomial,log_gap,/Users/hariderarako/Desktop/python/results/methodologie_2/reconstructed_parameters/from_z/low/LOW_2_direct_poly_rank_1_b_d_from_e_predictions.csv,best_by_method_LOW_2_methodologie_2_LOW_2_direct_poly_rank_1
165,0.0088087922202746,0.0042995399796504,0.9998324266290146,True,best_by_method,LOW_2,methodologie_2,LOW_2_direct_poly_rank_1,LOW_2_direct_poly_rank_1,polynomial,log_gap,/Users/hariderarako/Desktop/python/results/methodologie_2/reconstructed_parameters/from_z/low/LOW_2_direct_poly_rank_1_b_d_from_e_predictions.csv,best_by_method_LOW_2_methodologie_2_LOW_2_direct_poly_rank_1
168,0.0015029855609957,0.0008553971994569,0.9999965102617802,True,best_by_method,LOW_2,methodologie_2,LOW_2_direct_poly_rank_1,LOW_2_direct_poly_rank_1,polynomial,log_gap,/Users/hariderarako/Desktop/python/results/methodologie_2/reconstructed_parameters/from_z/low/LOW_2_direct_poly_rank_1_b_d_from_e_predictions.csv,best_by_method_LOW_2_methodologie_2_LOW_2_direct_poly_rank_1
171,0.0080919024787702,0.0037589681419479,0.9998003724476492,True,best_by_method,LOW_2,methodologie_2,LOW_2_direct_poly_rank_1,LOW_2_direct_poly_rank_1,polynomial,log_gap,/Users/hariderarako/Desktop/python/results/methodologie_2/reconstructed_parameters/from_z/low/LOW_2_direct_poly_rank_1_b_d_from_e_predictions.csv,best_by_method_LOW_2_methodologie_2_LOW_2_direct_poly_rank_1
174,0.0075057133750704,0.0031833131935042,0.9998395382204548,True,best_by_method,LOW_2,methodologie_2,LOW_2_direct_poly_rank_1,LOW_2_direct_poly_rank_1,polynomial,log_gap,/Users/hariderarako/Desktop/python/results/methodologie_2/reconstructed_parameters/from_z/low/LOW_2_direct_poly_rank_1_b_d_from_e_predictions.csv,best_by_method_LOW_2_methodologie_2_LOW_2_direct_poly_rank_1
177,0.0102234333484462,0.0060386409879992,0.9997937736250851,True,best_by_method,LOW_2,methodologie_2,LOW_2_direct_poly_rank_1,LOW_2_direct_poly_rank_1,polynomial,log_gap,/Users/hariderarako/Desktop/python/results/methodologie_2/reconstructed_parameters/from_z/low/LOW_2_direct_poly_rank_1_b_d_from_e_predictions.csv,best_by_method_LOW_2_methodologie_2_LOW_2_direct_poly_rank_1
180,0.0199688463902945,0.0097122451269561,0.999213851867861,True,best_by_method,LOW_2,methodologie_2,LOW_2_direct_poly_rank_1,LOW_2_direct_poly_rank_1,polynomial,log_gap,/Users/hariderarako/Desktop/python/results/methodologie_2/reconstructed_parameters/from_z/low/LOW_2_direct_poly_rank_1_b_d_from_e_predictions.csv,best_by_method_LOW_2_methodologie_2_LOW_2_direct_poly_rank_1
183,0.017248852085078,0.0104797865612802,0.999541584309105,True,best_by_method,LOW_2,methodologie_2,LOW_2_direct_poly_rank_1,LOW_2_direct_poly_rank_1,polynomial,log_gap,/Users/hariderarako/Desktop/python/results/methodologie_2/reconstructed_parameters/from_z/low/LOW_2_direct_poly_rank_1_b_d_from_e_predictions.csv,best_by_method_LOW_2_methodologie_2_LOW_2_direct_poly_rank_1
186,0.004701950907034,0.0025327090102342,0.9999461732674384,True,best_by_method,LOW_2,methodologie_2,LOW_2_direct_poly_rank_1,LOW_2_direct_poly_rank_1,polynomial,log_gap,/Users/hariderarako/Desktop/python/results/methodologie_2/reconstructed_parameters/from_z/low/LOW_2_direct_poly_rank_1_b_d_from_e_predictions.csv,best_by_method_LOW_2_methodologie_2_LOW_2_direct_poly_rank_1
189,0.0048565262422906,0.0027865187357413,0.9999696352895034,True,best_by_method,LOW_2,methodologie_2,LOW_2_direct_poly_rank_1,LOW_2_direct_poly_rank_1,polynomial,log_gap,/Users/hariderarako/Desktop/python/results/methodologie_2/reconstructed_parameters/from_z/low/LOW_2_direct_poly_rank_1_b_d_from_e_predictions.csv,best_by_method_LOW_2_methodologie_2_LOW_2_direct_poly_rank_1
192,0.0137457147894282,0.0087481598903085,0.9997063359824984,True,best_by_method,LOW_2,methodologie_2,LOW_2_direct_poly_rank_1,LOW_2_direct_poly_rank_1,polynomial,log_gap,/Users/hariderarako/Desktop/python/results/methodologie_2/reconstructed_parameters/from_z/low/LOW_2_direct_poly_rank_1_b_d_from_e_predictions.csv,best_by_method_LOW_2_methodologie_2_LOW_2_direct_poly_rank_1
195,0.0046872879555849,0.0030804515634937,0.999969291137683,True,best_by_method,LOW_2,methodologie_2,LOW_2_direct_poly_rank_1,LOW_2_direct_poly_rank_1,polynomial,log_gap,/Users/hariderarako/Desktop/python/results/methodologie_2/reconstructed_parameters/from_z/low/LOW_2_direct_poly_rank_1_b_d_from_e_predictions.csv,best_by_method_LOW_2_methodologie_2_LOW_2_direct_poly_rank_1
198,0.0190157666720113,0.0089820495359499,0.9991544156987512,True,best_by_method,LOW_2,methodologie_2,LOW_2_direct_poly_rank_1,LOW_2_direct_poly_rank_1,polynomial,log_gap,/Users/hariderarako/Desktop/python/results/methodologie_2/reconstructed_parameters/from_z/low/LOW_2_direct_poly_rank_1_b_d_from_e_predictions.csv,best_by_method_LOW_2_methodologie_2_LOW_2_direct_poly_rank_1
201,0.0020328557743863,0.0008544520281277,0.9999807348920496,True,best_by_method,LOW_2,methodologie_2,LOW_2_direct_poly_rank_1,LOW_2_direct_poly_rank_1,polynomial,log_gap,/Users/hariderarako/Desktop/python/results/methodologie_2/reconstructed_parameters/from_z/low/LOW_2_direct_poly_rank_1_b_d_from_e_predictions.csv,best_by_method_LOW_2_methodologie_2_LOW_2_direct_poly_rank_1
245,0.0007020582097309,0.0004751455652635,0.9999993388874804,True,best_by_method,LOW_2,methodologie_2,LOW_2_direct_poly_rank_1,LOW_2_direct_poly_rank_1,polynomial,log_gap,/Users/hariderarako/Desktop/python/results/methodologie_2/reconstructed_parameters/from_z/low/LOW_2_direct_poly_rank_1_b_d_from_e_predictions.csv,best_by_method_LOW_2_methodologie_2_LOW_2_direct_poly_rank_1
249,0.0016388668179936,0.0007374621613501,0.9999894238917468,True,best_by_method,LOW_2,methodologie_2,LOW_2_direct_poly_rank_1,LOW_2_direct_poly_rank_1,polynomial,log_gap,/Users/hariderarako/Desktop/python/results/methodologie_2/reconstructed_parameters/from_z/low/LOW_2_direct_poly_rank_1_b_d_from_e_predictions.csv,best_by_method_LOW_2_methodologie_2_LOW_2_direct_poly_rank_1
253,8.059109041259337e-05,4.025904252476398e-05,0.9999999752567564,True,best_by_method,LOW_2,methodologie_2,LOW_2_direct_poly_rank_1,LOW_2_direct_poly_rank_1,polynomial,log_gap,/Users/hariderarako/Desktop/python/results/methodologie_2/reconstructed_parameters/from_z/low/LOW_2_direct_poly_rank_1_b_d_from_e_predictions.csv,best_by_method_LOW_2_methodologie_2_LOW_2_direct_poly_rank_1
257,0.0010039025147801,0.0005688507105831,0.9999969047126755,True,best_by_method,LOW_2,methodologie_2,LOW_2_direct_poly_rank_1,LOW_2_direct_poly_rank_1,polynomial,log_gap,/Users/hariderarako/Desktop/python/results/methodologie_2/reconstructed_parameters/from_z/low/LOW_2_direct_poly_rank_1_b_d_from_e_predictions.csv,best_by_method_LOW_2_methodologie_2_LOW_2_direct_poly_rank_1
286,0.0071653706525339,0.0051253961737963,0.9999439384190684,True,best_by_method,LOW_2,methodologie_2,LOW_2_direct_poly_rank_1,LOW_2_direct_poly_rank_1,polynomial,log_gap,/Users/hariderarako/Desktop/python/results/methodologie_2/reconstructed_parameters/from_z/low/LOW_2_direct_poly_rank_1_b_d_from_e_predictions.csv,best_by_method_LOW_2_methodologie_2_LOW_2_direct_poly_rank_1
289,0.0298191218965027,0.0214151430662831,0.9992303281440408,True,best_by_method,LOW_2,methodologie_2,LOW_2_direct_poly_rank_1,LOW_2_direct_poly_rank_1,polynomial,log_gap,/Users/hariderarako/Desktop/python/results/methodologie_2/reconstructed_parameters/from_z/low/LOW_2_direct_poly_rank_1_b_d_from_e_predictions.csv,best_by_method_LOW_2_methodologie_2_LOW_2_direct_poly_rank_1
291,0.0196332259573982,0.0145812877480879,0.99943125133411,True,best_by_method,LOW_2,methodologie_2,LOW_2_direct_poly_rank_1,LOW_2_direct_poly_rank_1,polynomial,log_gap,/Users/hariderarako/Desktop/python/results/methodologie_2/reconstructed_parameters/from_z/low/LOW_2_direct_poly_rank_1_b_d_from_e_predictions.csv,best_by_method_LOW_2_methodologie_2_LOW_2_direct_poly_rank_1
293,0.0041475753553187,0.0031677260339628,0.9999747812053909,True,best_by_method,LOW_2,methodologie_2,LOW_2_direct_poly_rank_1,LOW_2_direct_poly_rank_1,polynomial,log_gap,/Users/hariderarako/Desktop/python/results/methodologie_2/reconstructed_parameters/from_z/low/LOW_2_direct_poly_rank_1_b_d_from_e_predictions.csv,best_by_method_LOW_2_methodologie_2_LOW_2_direct_poly_rank_1
314,0.0095053227413008,0.0062420396243469,0.9997247319978204,True,best_by_method,LOW_2,methodologie_2,LOW_2_direct_poly_rank_1,LOW_2_direct_poly_rank_1,polynomial,log_gap,/Users/hariderarako/Desktop/python/results/methodologie_2/reconstructed_parameters/from_z/low/LOW_2_direct_poly_rank_1_b_d_from_e_predictions.csv,best_by_method_LOW_2_methodologie_2_LOW_2_direct_poly_rank_1
320,0.0082400013190186,0.005789908808072,0.999830164418201,True,best_by_method,LOW_2,methodologie_2,LOW_2_direct_poly_rank_1,LOW_2_direct_poly_rank_1,polynomial,log_gap,/Users/hariderarako/Desktop/python/results/methodologie_2/reconstructed_parameters/from_z/low/LOW_2_direct_poly_rank_1_b_d_from_e_predictions.csv,best_by_method_LOW_2_methodologie_2_LOW_2_direct_poly_rank_1
1,0.3333035877844227,0.1885705839341873,0.9554913128751122,True,pca_final_calibration_test,CALIBRATION_TEST,methodologie_2,top5_pca_full,PCA 5 composantes FULL,pca_ridge,calibration_test,/Users/hariderarako/Desktop/python/results/final-results/independent-dataset/top5_pca_full_on_calibration_test/top5_pca_full_calibration_test_detailed.csv,pca_final_calibration_test_CALIBRATION_TEST_methodologie_2_top5_pca_full
2,0.3786254031186446,0.255842613287877,0.98111120371433,True,pca_final_calibration_test,CALIBRATION_TEST,methodologie_2,top5_pca_full,PCA 5 composantes FULL,pca_ridge,calibration_test,/Users/hariderarako/Desktop/python/results/final-results/independent-dataset/top5_pca_full_on_calibration_test/top5_pca_full_calibration_test_detailed.csv,pca_final_calibration_test_CALIBRATION_TEST_methodologie_2_top5_pca_full
3,1.1845051408408762,0.8405146476996735,0.901253570701292,True,pca_final_calibration_test,CALIBRATION_TEST,methodologie_2,top5_pca_full,PCA 5 composantes FULL,pca_ridge,calibration_test,/Users/hariderarako/Desktop/python/results/final-results/independent-dataset/top5_pca_full_on_calibration_test/top5_pca_full_calibration_test_detailed.csv,pca_final_calibration_test_CALIBRATION_TEST_methodologie_2_top5_pca_full
4,0.0245344897579492,0.0142556107403258,0.9110115540409778,True,pca_final_calibration_test,CALIBRATION_TEST,methodologie_2,top5_pca_full,PCA 5 composantes FULL,pca_ridge,calibration_test,/Users/hariderarako/Desktop/python/results/final-results/independent-dataset/top5_pca_full_on_calibration_test/top5_pca_full_calibration_test_detailed.csv,pca_final_calibration_test_CALIBRATION_TEST_methodologie_2_top5_pca_full
5,0.003808153565125,0.0020032014507207,0.9998145838517624,True,pca_final_calibration_test,CALIBRATION_TEST,methodologie_2,top5_pca_full,PCA 5 composantes FULL,pca_ridge,calibration_test,/Users/hariderarako/Desktop/python/results/final-results/independent-dataset/top5_pca_full_on_calibration_test/top5_pca_full_calibration_test_detailed.csv,pca_final_calibration_test_CALIBRATION_TEST_methodologie_2_top5_pca_full
6,0.0152799651168338,0.0061745435323865,0.9994193064145738,True,pca_final_calibration_test,CALIBRATION_TEST,methodologie_2,top5_pca_full,PCA 5 composantes FULL,pca_ridge,calibration_test,/Users/hariderarako/Desktop/python/results/final-results/independent-dataset/top5_pca_full_on_calibration_test/top5_pca_full_calibration_test_detailed.csv,pca_final_calibration_test_CALIBRATION_TEST_methodologie_2_top5_pca_full
