sample_id,u_peak,u_r,tau_peak,tau_r,true_a,true_b,true_c,true_d,true_e,estimated_a,estimated_b,estimated_c,estimated_d,estimated_e,error_b,abs_error_b,error_d,abs_error_d,error_e,abs_error_e,curve_rmse_tau_u,curve_mae_tau_u,curve_r2_tau_u,curve_valid,dataset,model_name
7,0.72,2.75,0.044,0.03175,0.03175,0.0801325410005739,1.818181818181818,0.1118825410005739,3.441242286799551,0.03175,0.3947130433209667,1.818181818181818,0.4264630433209667,2.1736514400731393,0.3145805023203928,0.3145805023203928,0.3145805023203928,0.3145805023203928,-1.2675908467264119,1.2675908467264119,0.0034421931727809615,0.0028062837652901907,0.7430457180586397,True,FULL,FULL_exp_log_rank_5
8,0.92,3.0,0.035,0.02825,0.02825,0.0557241852265918,1.6666666666666667,0.0839741852265918,3.007954906577982,0.02825,0.1979377738954659,1.6666666666666667,0.2261877738954659,2.0214537371960555,0.1422135886688741,0.1422135886688741,0.14221358866887412,0.14221358866887412,-0.9865011693819263,0.9865011693819263,0.0013353528804273924,0.0010954153722909264,0.939439053005795,True,FULL,FULL_exp_log_rank_5
9,0.97,3.0,0.029,0.0255,0.0255,0.0288872445152351,1.6666666666666667,0.0543872445152351,3.290221199159674,0.0255,0.1075664816040866,1.6666666666666667,0.1330664816040866,2.14712362363501,0.07867923708885151,0.07867923708885151,0.0786792370888515,0.0786792370888515,-1.143097575524664,1.143097575524664,0.001046641341558744,0.0008758933220041745,0.9475003427354317,True,FULL,FULL_exp_log_rank_5
11,0.78,3.5,0.05,0.0417499999999999,0.0417499999999999,0.0354980845491272,1.4285714285714286,0.0772480845491271,4.004659571873231,0.0417499999999999,0.4355951258599692,1.4285714285714286,0.4773451258599691,1.9347897182509992,0.400097041310842,0.400097041310842,0.400097041310842,0.400097041310842,-2.0698698536222313,2.0698698536222313,0.015409210773572045,0.011803009865320015,-3.9030175049126035,True,FULL,FULL_exp_log_rank_5
12,1.25,3.5,0.04,0.034,0.034,0.0670624339164287,1.4285714285714286,0.1010624339164287,2.366794324621144,0.034,0.1991781276182092,1.4285714285714286,0.2331781276182092,1.688284136748755,0.1321156937017805,0.1321156937017805,0.1321156937017805,0.1321156937017805,-0.6785101878723887,0.6785101878723887,0.0018446849423157088,0.0011418032890587967,0.9186460396673016,True,FULL,FULL_exp_log_rank_5
13,1.8,4.0,0.035,0.033,0.033,0.0334302203204883,1.25,0.0664302203204883,2.0972939397426664,0.033,0.0516813695172403,1.25,0.0846813695172403,1.6927989012207247,0.018251149196751998,0.018251149196751998,0.018251149196751998,0.018251149196751998,-0.4044950385219417,0.4044950385219417,0.001330360906488715,0.0007747921142625675,0.9539989050411379,True,FULL,FULL_exp_log_rank_5
19,1.55,12.0,1.02,0.8525,0.8525,0.3782821788444106,0.4166666666666667,1.2307821788444109,2.3791759662313843,0.8525,0.7457319720423081,0.4166666666666667,1.5982319720423082,1.880845486650356,0.3674497931978975,0.3674497931978975,0.3674497931978973,0.3674497931978973,-0.4983304795810284,0.4983304795810284,0.056404375228070694,0.03616425420791926,0.77505172609459,True,FULL,FULL_exp_log_rank_5
20,1.71,12.0,2.57,1.7327500000000002,1.7327500000000002,2.210315622373947,0.4166666666666667,3.9430656223739473,1.6207235717983703,1.7327500000000002,0.1194182599028965,0.4166666666666667,1.8521682599028968,3.2147328268436333,-2.0908973624710505,2.0908973624710505,-2.0908973624710505,2.0908973624710505,1.594009255045263,1.594009255045263,0.3244798611706681,0.20808569998347579,0.15087880084110228,True,FULL,FULL_exp_log_rank_5
28,0.13,1.325,1.02,0.6675,0.6675,0.6738254010838505,3.7735849056603774,1.3413254010838505,23.891608655167115,0.6675,0.5766831750599577,3.7735849056603774,1.2441831750599577,23.881399791414477,-0.09714222602389277,0.09714222602389277,-0.09714222602389277,0.09714222602389277,-0.010208863752637853,0.010208863752637853,0.02142169923452093,0.012914154646646282,0.9736033247125573,True,FULL,FULL_exp_log_rank_5
29,0.6,2.425,4.93,4.2975,4.2975,3.110870023650559,2.061855670103093,7.408370023650559,5.517814597970529,4.2975,0.569798869735318,2.061855670103093,4.867298869735318,7.869103570303881,-2.541071153915241,2.541071153915241,-2.541071153915241,2.541071153915241,2.3512889723333528,2.3512889723333528,0.24302511143869399,0.16701990681560855,0.8827160883561473,True,FULL,FULL_exp_log_rank_5
30,2.17,3.85,16.37,14.955,14.955,60.674147880173095,1.2987012987012987,75.6291478801731,1.6284330431129306,14.955,126.04380442992677,1.2987012987012987,140.99880442992676,1.3775237016677453,65.36965654975367,65.36965654975367,65.36965654975367,65.36965654975367,-0.2509093414451853,0.2509093414451853,1.593642723949095,1.1432533034880548,0.7188983791521321,True,FULL,FULL_exp_log_rank_5
31,0.24,1.275,0.66,0.475,0.475,0.6758571313827281,3.9215686274509807,1.150857131382728,11.17767536247715,0.475,0.4872795192957556,3.9215686274509807,0.9622795192957556,11.08730063377106,-0.1885776120869725,0.1885776120869725,-0.18857761208697243,0.18857761208697243,-0.09037472870608987,0.09037472870608987,0.030470163263209265,0.01975140734385872,0.8921451783673037,True,FULL,FULL_exp_log_rank_5
33,2.26,4.125,16.14,11.3475,11.3475,422.7987490320256,1.2121212121212122,434.1462490320256,1.3091974223177918,11.3475,88.60457573490966,1.2121212121212122,99.95207573490966,1.2945563988404163,-334.194173297116,334.194173297116,-334.1941732971159,334.1941732971159,-0.014641023477375503,0.014641023477375503,5.2404495563565705,4.0444235917774,-1.0664333292641457,True,FULL,FULL_exp_log_rank_5
34,0.47,1.525,1.07,0.6975,0.6975,4.0455139668571585,3.278688524590164,4.743013966857158,4.812842755740618,0.6975,2.0853203516954704,3.278688524590164,2.78282035169547,4.624247000646038,-1.960193615161688,1.960193615161688,-1.960193615161688,1.960193615161688,-0.18859575509458004,0.18859575509458004,0.15387755257473865,0.11059000972005417,0.3050197585504145,True,FULL,FULL_exp_log_rank_5
35,0.47,2.2,4.91,4.25,4.25,2.5915991927768687,2.2727272727272725,6.841599192776869,7.213346651196478,4.25,0.7309001400345663,2.2727272727272725,4.980900140034566,9.369734151685693,-1.8606990527423024,1.8606990527423024,-1.8606990527423024,1.8606990527423024,2.156387500489215,2.156387500489215,0.21494201423028225,0.1444058742974639,0.897537466266101,True,FULL,FULL_exp_log_rank_5
36,1.48,3.625,14.91,14.235,14.235,8.232456046268986,1.3793103448275863,22.467456046268985,2.7321098339023515,14.235,49.65952709978958,1.3793103448275863,63.89452709978958,1.6847796956947945,41.42707105352059,41.42707105352059,41.42707105352059,41.42707105352059,-1.047330138207557,1.047330138207557,0.4899615502574726,0.3826103967217178,0.9638338947274072,True,FULL,FULL_exp_log_rank_5
37,0.11,1.325,0.89,0.5625,0.5625,0.5639971811696873,3.7735849056603774,1.1264971811696871,29.2958502513531,0.5625,0.3819224768586999,3.7735849056603774,0.9444224768587,31.21081324547774,-0.18207470431098743,0.18207470431098743,-0.18207470431098716,0.18207470431098716,1.9149629941246396,1.9149629941246396,0.039417421001635755,0.02384985951804251,0.8828428199730267,True,FULL,FULL_exp_log_rank_5
38,0.26,2.175,5.3,4.1,4.1,2.5910971306331803,2.298850574712644,6.69109713063318,13.042743993933716,4.1,0.2382094019122478,2.298850574712644,4.3382094019122475,22.178835429134462,-2.3528877287209324,2.3528877287209324,-2.3528877287209324,2.3528877287209324,9.136091435200747,9.136091435200747,0.41719426015343397,0.25890674083359094,0.5566825026683244,True,FULL,FULL_exp_log_rank_5
39,0.54,3.35,15.9,14.4675,14.4675,3.852469877296928,1.4925373134328357,18.319969877296927,7.688914610134782,14.4675,29.148429118138033,1.4925373134328357,43.615929118138034,4.118543778377476,25.295959240841103,25.295959240841103,25.295959240841107,25.295959240841107,-3.570370831757306,3.570370831757306,3.0550117732046025,2.0589481729167547,-1.403688826624291,True,FULL,FULL_exp_log_rank_5
40,0.3,1.35,0.88,0.635,0.635,1.1651130574348498,3.7037037037037033,1.8001130574348498,8.547982610717572,0.635,0.9222748998979172,3.7037037037037033,1.5572748998979171,8.028926799084763,-0.2428381575369326,0.2428381575369326,-0.24283815753693272,0.24283815753693272,-0.5190558116328088,0.5190558116328088,0.04477185762165542,0.028608416720491466,0.8805357711845129,True,FULL,FULL_exp_log_rank_5
41,0.38,2.175,5.2,4.3975,4.3975,2.452688320111813,2.298850574712644,6.850188320111813,9.031706106944794,4.3975,0.6941667502333404,2.298850574712644,5.09166675023334,11.860587348229643,-1.7585215698784724,1.7585215698784724,-1.7585215698784724,1.7585215698784724,2.828881241284849,2.828881241284849,0.24345251831872508,0.15859005315015992,0.8660958301756094,True,FULL,FULL_exp_log_rank_5
42,0.71,3.35,16.28,14.8375,14.8375,5.373344828404187,1.4925373134328357,20.210844828404188,5.457009220110153,14.8375,44.59997096273689,1.4925373134328357,59.43747096273689,2.7658789040070264,39.226626134332705,39.226626134332705,39.226626134332705,39.226626134332705,-2.691130316103127,2.691130316103127,2.7718437180507207,1.9972403932585754,-0.5544597434667506,True,FULL,FULL_exp_log_rank_5
43,0.88,1.475,0.58,0.535,0.535,2.3643732180319175,3.389830508474576,2.8993732180319176,4.157276354583812,0.535,3.135066752270955,3.389830508474576,3.670066752270955,3.6542189659860314,0.7706935342390375,0.7706935342390375,0.7706935342390375,0.7706935342390375,-0.5030573885977803,0.5030573885977803,0.05812318246120052,0.04248002979951828,0.7104835707338039,True,FULL,FULL_exp_log_rank_5
44,1.5,2.625,3.89,3.6325,3.6325,10.486129835864666,1.9047619047619049,14.118629835864668,2.474961892115721,3.6325,5.738304226784662,1.9047619047619049,9.370804226784662,2.38029773831067,-4.747825609080005,4.747825609080005,-4.747825609080007,4.747825609080007,-0.09466415380505078,0.09466415380505078,0.29557487820016526,0.21721803472124065,0.8330474592717206,True,FULL,FULL_exp_log_rank_5
45,2.87,4.1,13.67,13.42,13.42,16.705556614946417,1.2195121951219514,30.12555661494642,1.6634039681803665,13.42,85.4931190287308,1.2195121951219514,98.9131190287308,1.2898554802492896,68.78756241378439,68.78756241378439,68.78756241378439,68.78756241378439,-0.37354848793107687,0.37354848793107687,0.6110503361655598,0.37715926105655256,0.9452222784008528,True,FULL,FULL_exp_log_rank_5
46,0.79,1.5,0.8,0.665,0.665,6.166849946093346,3.3333333333333335,6.831849946093346,3.9230290740544778,0.665,3.437223401792626,3.3333333333333335,4.102223401792626,3.683739217931809,-2.7296265443007197,2.7296265443007197,-2.7296265443007197,2.7296265443007197,-0.23928985612266862,0.23928985612266862,0.13297074778586085,0.10000577090274511,0.16848539819633657,True,FULL,FULL_exp_log_rank_5
47,0.6,2.175,5.04,4.655,4.655,2.141531174694559,2.298850574712644,6.796531174694559,6.310564627174357,4.655,2.256698550600813,2.298850574712644,6.911698550600813,5.668589994449651,0.11516737590625414,0.11516737590625414,0.11516737590625414,0.11516737590625414,-0.6419746327247058,0.6419746327247058,0.07557792149931288,0.03546743449488424,0.990067898832187,True,FULL,FULL_exp_log_rank_5
48,2.37,4.125,16.38,14.3675,14.3675,112.7264689844744,1.2121212121212122,127.0939689844744,1.4228254925840296,14.3675,103.20260393240736,1.2121212121212122,117.57010393240736,1.295035533316904,-9.523865052067038,9.523865052067038,-9.523865052067038,9.523865052067038,-0.12778995926712566,0.12778995926712566,2.3716121679476005,1.7749244894644851,0.38081328296927464,True,FULL,FULL_exp_log_rank_5
49,1.46,2.566666666666667,4.68,4.1066666666666665,4.1066666666666665,30.593215473314466,1.948051948051948,34.69988213998113,2.300589855794831,4.1066666666666665,9.575816311958846,1.948051948051948,13.682482978625512,2.308879361615664,-21.01739916135562,21.01739916135562,-21.017399161355616,21.017399161355616,0.00828950582083321,0.00828950582083321,0.6579401757702538,0.4988658197565609,0.41259393122517407,True,FULL,FULL_exp_log_rank_5
50,4.16,4.75,15.04,14.775,14.775,58.5314735148253,1.0526315789473684,73.3064735148253,1.2144266984360343,14.775,172.48532628916269,1.0526315789473684,187.2603262891627,1.0781451379555798,113.95385277433738,113.95385277433738,113.95385277433739,113.95385277433739,-0.1362815604804546,0.1362815604804546,0.9517174632879255,0.6022892156036539,0.8746097612757968,True,FULL,FULL_exp_log_rank_5
51,1.26,1.85,0.94,0.785,0.785,27.151829140946248,2.702702702702702,27.936829140946248,2.8751003676389564,0.785,7.754173394189651,2.702702702702702,8.539173394189651,2.810188715642147,-19.397655746756598,19.397655746756598,-19.397655746756598,19.397655746756598,-0.06491165199680937,0.06491165199680937,0.26135732917389504,0.19459462625146862,-0.7346990074460475,True,FULL,FULL_exp_log_rank_5
52,3.13,4.466666666666667,15.58,14.793333333333337,14.793333333333337,75.02328336156236,1.1194029850746268,89.8166166948957,1.313812712287742,14.793333333333337,110.7043499010465,1.1194029850746268,125.49768323437983,1.1749465366224594,35.681066539484135,35.681066539484135,35.681066539484135,35.681066539484135,-0.1388661756652827,0.1388661756652827,1.469472353298077,1.0357235377756,0.7385233667666673,True,FULL,FULL_exp_log_rank_5
53,1.15,1.85,0.71,0.65,0.65,3.9933470021604136,2.702702702702702,4.6433470021604135,3.19021506632708,0.65,4.091731015551968,2.702702702702702,4.741731015551968,2.8888139036255107,0.09838401339155434,0.09838401339155434,0.09838401339155478,0.09838401339155478,-0.30140116270156936,0.30140116270156936,0.0852243749791544,0.06353232403723184,0.5892596159398293,True,FULL,FULL_exp_log_rank_5
55,0.63,3.85,16.18,14.365,14.365,5.024596391351091,1.2987012987012987,19.38959639135109,6.152370825583352,14.365,14.28468686263835,1.2987012987012987,28.64968686263835,4.3060021409791425,9.26009047128726,9.26009047128726,9.26009047128726,9.26009047128726,-1.8463686846042098,1.8463686846042098,1.1265085868385476,0.747888218293908,0.6876250127798784,True,FULL,FULL_exp_log_rank_5
56,0.45,1.5666666666666669,0.87,0.6366666666666667,0.6366666666666667,1.8543711063769357,3.191489361702127,2.4910377730436024,5.520751658815112,0.6366666666666667,1.207630272190583,3.191489361702127,1.8442969388572497,5.230123470133725,-0.6467408341863528,0.6467408341863528,-0.6467408341863528,0.6467408341863528,-0.29062818868138773,0.29062818868138773,0.07612431305635457,0.05237957398341417,0.6909343942242476,True,FULL,FULL_exp_log_rank_5
57,0.58,2.175,5.35,4.42,4.42,5.5363451785319135,2.298850574712644,9.956345178531912,5.059116621676996,4.42,3.4228212463358823,2.298850574712644,7.842821246335882,5.10338061551653,-2.1135239321960313,2.1135239321960313,-2.1135239321960295,2.1135239321960295,0.044263993839534166,0.044263993839534166,0.26053701332638374,0.1770104139362432,0.8915763666905202,True,FULL,FULL_exp_log_rank_5
58,0.94,3.875,16.28,13.935,13.935,11.349260923481204,1.2903225806451613,25.28426092348121,3.405427164282276,13.935,25.08910714240208,1.2903225806451613,39.02410714240208,2.4365176989449577,13.739846218920878,13.739846218920878,13.73984621892087,13.73984621892087,-0.9689094653373185,0.9689094653373185,0.6319388473509817,0.4801788809816173,0.9262640286930712,True,FULL,FULL_exp_log_rank_5
59,0.13,1.5666666666666669,0.97,0.8033333333333333,0.8033333333333333,0.2782264175865835,3.191489361702127,1.0815597509199169,31.910981063129015,0.8033333333333333,0.1992655186041475,3.191489361702127,1.0025988519374809,33.76592891032097,-0.078960898982436,0.078960898982436,-0.07896089898243597,0.07896089898243597,1.8549478471919585,1.8549478471919585,0.017231917483668535,0.010353486928689,0.9712295765880952,True,FULL,FULL_exp_log_rank_5
60,2.38,2.85,5.22,4.84,4.84,137.35939252357494,1.7543859649122806,142.19939252357494,1.8523237169572588,4.84,37.02574311990123,1.7543859649122806,41.86574311990123,1.821862900297034,-100.33364940367372,100.33364940367372,-100.33364940367372,100.33364940367372,-0.030460816660224932,0.030460816660224932,1.042361709687991,0.7058387363148871,-0.16212637216649184,True,FULL,FULL_exp_log_rank_5
61,2.68,4.125,16.95,15.5375,15.5375,116.71406105996982,1.2121212121212122,132.25156105996982,1.3981039630569712,15.5375,165.41529507287578,1.2121212121212122,180.95279507287577,1.2601068827573312,48.70123401290596,48.70123401290596,48.70123401290596,48.70123401290596,-0.13799708029963997,0.13799708029963997,2.1981110087653195,1.6203378923906717,0.5136059058269862,True,FULL,FULL_exp_log_rank_5
62,0.71,1.6,1.14,0.9133333333333334,0.9133333333333334,5.696830896813862,3.125,6.610164230147195,3.976020028848459,0.9133333333333334,4.162760302081952,3.125,5.076093635415285,3.6060426396790097,-1.5340705947319098,1.5340705947319098,-1.5340705947319098,1.5340705947319098,-0.3699773891694491,0.3699773891694491,0.15867230247735495,0.11612338724269376,0.35899463992116865,True,FULL,FULL_exp_log_rank_5
63,0.76,2.2,5.03,4.68,4.68,3.0326428857358856,2.2727272727272725,7.712642885735885,4.87933520201715,4.68,4.118201031990614,2.2727272727272725,8.798201031990613,4.02294313033699,1.0855581462547281,1.0855581462547281,1.0855581462547281,1.0855581462547281,-0.8563920716801601,0.8563920716801601,0.11682325361810232,0.062331460542085465,0.979672734799235,True,FULL,FULL_exp_log_rank_5
64,2.73,4.125,15.88,13.97,13.97,220.02903798852773,1.2121212121212122,233.99903798852773,1.3339956390040135,13.97,131.47030516981985,1.2121212121212122,145.44030516981985,1.2646523922733697,-88.55873281870788,88.55873281870788,-88.55873281870788,88.55873281870788,-0.06934324673064385,0.06934324673064385,3.0516591336579184,2.2770093820338726,-0.023065134374713914,True,FULL,FULL_exp_log_rank_5
65,0.63,1.5666666666666669,1.42,0.9733333333333332,0.9733333333333332,10.644929502666052,3.191489361702127,11.618262835999383,3.927118476960182,0.9733333333333332,5.869438961689665,3.191489361702127,6.842772295022999,3.646661094573992,-4.775490540976387,4.775490540976387,-4.775490540976384,4.775490540976384,-0.28045738238619,0.28045738238619,0.27950816090710684,0.2078703336750359,-0.14094744131734616,True,FULL,FULL_exp_log_rank_5
66,0.34,2.175,5.0,4.24,4.24,2.0482757543105174,2.298850574712644,6.288275754310518,10.49368724913285,4.24,0.0342808796060056,2.298850574712644,4.274280879606006,23.304835997524016,-2.0139948747045118,2.0139948747045118,-2.0139948747045118,2.0139948747045118,12.811148748391165,12.811148748391165,0.3076845137743034,0.19957913590505544,0.7507941739648402,True,FULL,FULL_exp_log_rank_5
67,3.13,4.533333333333333,14.91,14.596666666666666,14.596666666666666,20.35467702287054,1.1029411764705883,34.951343689537204,1.4882877719989878,14.596666666666666,84.97471394598054,1.1029411764705883,99.5713806126472,1.173360506095381,64.62003692311,64.62003692311,64.62003692311,64.62003692311,-0.31492726590360687,0.31492726590360687,0.702575445231134,0.4424469886031015,0.9391985156506742,True,FULL,FULL_exp_log_rank_5
68,0.49,1.5666666666666669,0.79,0.63,0.63,1.4068332196782207,3.191489361702127,2.0368332196782206,5.5461514668738845,0.63,1.154193298390028,3.191489361702127,1.784193298390028,4.994289921011482,-0.2526399212881927,0.2526399212881927,-0.2526399212881927,0.2526399212881927,-0.5518615458624021,0.5518615458624021,0.05275329847162894,0.03485310740174345,0.81756570348154,True,FULL,FULL_exp_log_rank_5
69,1.69,2.566666666666667,5.04,4.426666666666667,4.426666666666667,69.19774278410341,1.948051948051948,73.62440945077007,2.1459242646578933,4.426666666666667,18.35344498662976,1.948051948051948,22.780111653296427,2.128254942549115,-50.84429779747365,50.84429779747365,-50.844297797473644,50.844297797473644,-0.017669322108778474,0.017669322108778474,0.9654484544040847,0.7247911988700771,-0.014615427881524923,True,FULL,FULL_exp_log_rank_5
70,3.12,4.466666666666667,16.37,15.163333333333334,15.163333333333334,137.96164146287623,1.1194029850746268,153.12497479620956,1.2614658876838951,15.163333333333334,134.1632190657006,1.1194029850746268,149.32655239903391,1.1670957060044669,-3.798422397175642,3.798422397175642,-3.798422397175642,3.798422397175642,-0.09437018167942823,0.09437018167942823,2.1818562506106187,1.5715805441099289,0.47056225123768314,True,FULL,FULL_exp_log_rank_5
71,0.18,1.5666666666666669,0.87,0.6,0.6,0.5778652142592701,3.191489361702127,1.17786521425927,16.988625203858206,0.6,0.365484114604225,3.191489361702127,0.965484114604225,18.286342859264384,-0.2123810996550451,0.2123810996550451,-0.21238109965504504,0.21238109965504504,1.2977176554061778,1.2977176554061778,0.04029285364427195,0.02519187958393104,0.868344036118563,True,FULL,FULL_exp_log_rank_5
72,0.42,2.175,5.1,3.8825,3.8825,4.482035276937978,2.298850574712644,8.364535276937978,6.759501195047857,3.8825,1.3047965377761428,2.298850574712644,5.187296537776143,8.773955365045806,-3.1772387391618353,3.1772387391618353,-3.1772387391618357,3.1772387391618357,2.014454169997949,2.014454169997949,0.39428816820383034,0.26692988015845226,0.6817729193267421,True,FULL,FULL_exp_log_rank_5
73,1.09,3.85,15.19,13.3025,13.3025,11.821633061680007,1.2987012987012987,25.12413306168001,2.9737453064844868,13.3025,21.699524615597426,1.2987012987012987,35.00202461559743,2.235663564186716,9.877891553917419,9.877891553917419,9.877891553917419,9.877891553917419,-0.7380817422977706,0.7380817422977706,0.35276166876253906,0.26710314021970166,0.976272727886038,True,FULL,FULL_exp_log_rank_5
74,0.47,1.5666666666666669,0.66,0.5066666666666667,0.5066666666666667,1.2794449424210406,3.191489361702127,1.7861116090877074,5.540134014051035,0.5066666666666667,0.8703318240135508,3.191489361702127,1.3769984906802175,5.210643787779597,-0.40911311840748976,0.40911311840748976,-0.4091131184074899,0.4091131184074899,-0.32949022627143787,0.32949022627143787,0.05159254821278043,0.03527148509474381,0.7493610339924031,True,FULL,FULL_exp_log_rank_5
75,0.57,2.175,4.24,4.0125,4.0125,1.1193350008113887,2.298850574712644,5.131835000811389,7.4273022742503985,4.0125,0.3041457662164282,2.298850574712644,4.316645766216428,9.428832915354503,-0.8151892345949605,0.8151892345949605,-0.8151892345949605,0.8151892345949605,2.0015306411041047,2.0015306411041047,0.07868486906301847,0.05512857777256274,0.9842291086156747,True,FULL,FULL_exp_log_rank_5
76,4.13,4.7,14.9,13.285,13.285,1213.8760619263403,1.0638297872340423,1227.1610619263406,1.0940505167399543,13.285,174.94349618391007,1.0638297872340423,188.22849618391007,1.08670304876599,-1038.9325657424301,1038.9325657424301,-1038.9325657424306,1038.9325657424306,-0.007347467973964239,0.007347467973964239,5.0601744352117555,3.366059752924209,-0.9755566987003972,True,FULL,FULL_exp_log_rank_5
77,0.18,1.5666666666666669,0.88,0.4966666666666666,0.4966666666666666,0.8494890683979475,3.191489361702127,1.346155735064614,14.732448429095294,0.4966666666666666,0.4842043391219733,3.191489361702127,0.98087100578864,16.106222357418886,-0.36528472927597416,0.36528472927597416,-0.3652847292759741,0.3652847292759741,1.3737739283235921,1.3737739283235921,0.06709670849077615,0.04230035744286461,0.749386943534892,True,FULL,FULL_exp_log_rank_5
78,1.25,2.566666666666667,4.37,3.77,3.77,17.6011784506471,1.948051948051948,21.3711784506471,2.4976694597033373,3.77,4.896805005306382,1.948051948051948,8.666805005306381,2.651388685064114,-12.70437344534072,12.70437344534072,-12.70437344534072,12.70437344534072,0.15371922536077687,0.15371922536077687,0.5010243795962949,0.3774771821200148,0.5755936695906777,True,FULL,FULL_exp_log_rank_5
79,3.62,4.5,14.62,13.843333333333334,13.843333333333334,173.78668847200146,1.1111111111111112,187.6300218053348,1.2115644521301927,13.843333333333334,133.3796330618882,1.1111111111111112,147.22296639522153,1.1472257128265395,-40.40705541011326,40.40705541011326,-40.40705541011326,40.40705541011326,-0.06433873930365319,0.06433873930365319,1.9680185249488724,1.3407862619065383,0.4247222788046151,True,FULL,FULL_exp_log_rank_5
80,0.11,1.5633333333333332,1.04,0.5006666666666667,0.5006666666666667,0.863642983300683,3.1982942430703627,1.3643096499673495,27.24084861115649,0.5006666666666667,0.5676146590013981,3.1982942430703627,1.0682813256680648,28.984825561599617,-0.29602832429928494,0.29602832429928494,-0.2960283242992847,0.2960283242992847,1.7439769504431268,1.7439769504431268,0.06685639807054423,0.040016179164678416,0.8360874552360208,True,FULL,FULL_exp_log_rank_5
83,0.21,1.5566666666666666,0.75,0.4896666666666667,0.4896666666666667,0.6541837303857423,3.211991434689508,1.143850397052409,13.109251845364824,0.4896666666666667,0.3721276505587328,3.211991434689508,0.8617943172253996,14.333294739544568,-0.2820560798270095,0.2820560798270095,-0.2820560798270094,0.2820560798270094,1.2240428941797443,1.2240428941797443,0.04799007630347367,0.030762574401887694,0.7878738874349251,True,FULL,FULL_exp_log_rank_5
84,1.52,2.19,4.53,3.98,3.98,84.48453784563569,2.2831050228310503,88.46453784563569,2.4678705594788535,3.98,22.138561204028,2.2831050228310503,26.118561204028,2.4339680301232867,-62.345976641607685,62.345976641607685,-62.34597664160769,62.34597664160769,-0.03390252935556681,0.03390252935556681,0.9642157229648929,0.7093228438588788,-0.2192622755931557,True,FULL,FULL_exp_log_rank_5
85,0.46,3.86,15.2,13.9425,13.9425,2.582793456166362,1.2953367875647668,16.525293456166363,10.00333623780827,13.9425,4.551340944447867,1.2953367875647668,18.493840944447868,8.409769913986285,1.968547488281505,1.968547488281505,1.968547488281505,1.968547488281505,-1.5935663238219853,1.5935663238219853,0.33303397459663076,0.20862361970729473,0.9621582017788184,True,FULL,FULL_exp_log_rank_5
86,1.14,1.85,0.47,0.4455,0.4455,1.2635859558868447,2.702702702702702,1.7090859558868448,3.448989911906233,0.4455,2.644028432013467,2.702702702702702,3.089528432013467,2.9015772551841144,1.380442476126622,1.380442476126622,1.380442476126622,1.380442476126622,-0.5474126567221185,0.5474126567221185,0.03529757741407595,0.024964667890642844,0.843931026930977,True,FULL,FULL_exp_log_rank_5
87,1.53,2.29,3.84,3.5879999999999996,3.5879999999999996,21.229112109709114,2.1834061135371177,24.817112109709115,2.5522940611621228,3.5879999999999996,11.949161305225136,2.1834061135371177,15.537161305225135,2.423103165461593,-9.279950804483978,9.279950804483978,-9.27995080448398,9.27995080448398,-0.12919089570052966,0.12919089570052966,0.41344309604772456,0.30196382580443715,0.6627078931313244,True,FULL,FULL_exp_log_rank_5
89,0.31,1.5733333333333333,0.64,0.434,0.434,0.831446191232911,3.1779661016949152,1.265446191232911,8.046929532076042,0.434,0.4744239364925588,3.1779661016949152,0.9084239364925588,8.4144966283456,-0.35702225474035215,0.35702225474035215,-0.3570222547403521,0.3570222547403521,0.36756709626955697,0.36756709626955697,0.04696149307876617,0.03160677960791483,0.755488688316077,True,FULL,FULL_exp_log_rank_5
91,2.56,4.125,14.35,13.695,13.695,33.24347166872315,1.2121212121212122,46.93847166872315,1.5724619149710894,13.695,71.20031918281893,1.2121212121212122,84.89531918281892,1.3116733389043953,37.95684751409578,37.95684751409578,37.95684751409577,37.95684751409577,-0.26078857606669414,0.26078857606669414,0.9763554622677731,0.6818355982435425,0.8734724593274773,True,FULL,FULL_exp_log_rank_5
92,0.1,1.5666666666666669,0.84,0.5786666666666667,0.5786666666666667,0.3913124802400913,3.191489361702127,0.969979146906758,37.39184550372476,0.5786666666666667,0.1815629802460192,3.191489361702127,0.7602296469126859,43.67441717676905,-0.2097494999940721,0.2097494999940721,-0.2097494999940721,0.2097494999940721,6.282571673044288,6.282571673044288,0.04862053346142669,0.028807059935835468,0.7454799032775022,True,FULL,FULL_exp_log_rank_5
94,2.24,4.125,16.29,15.185,15.185,36.934910613682646,1.2121212121212122,52.11991061368265,1.6343524111032697,15.185,86.62967232841362,1.2121212121212122,101.81467232841362,1.3234536479942094,49.69476171473097,49.69476171473097,49.69476171473097,49.69476171473097,-0.3108987631090603,0.3108987631090603,1.14698444581928,0.7762108958209136,0.853623689962682,True,FULL,FULL_exp_log_rank_5
95,0.15,1.5666666666666669,1.04,0.515,0.515,1.0180921290257392,3.191489361702127,1.533092129025739,17.824332391452327,0.515,0.6596544153993148,3.191489361702127,1.1746544153993148,18.893931053204955,-0.3584377136264244,0.3584377136264244,-0.3584377136264243,0.3584377136264243,1.0695986617526287,1.0695986617526287,0.07221679440231073,0.044552700588010585,0.8198197899802965,True,FULL,FULL_exp_log_rank_5
96,0.32,2.225,5.75,4.01075,4.01075,4.5926707536336835,2.2471910112359548,8.603420753633683,8.90252129065327,4.01075,1.7265952776883422,2.2471910112359548,5.737345277688342,10.948271600985844,-2.8660754759453413,2.8660754759453413,-2.8660754759453413,2.8660754759453413,2.045750310332574,2.045750310332574,0.45602962123114504,0.29550427024971837,0.6476515997225238,True,FULL,FULL_exp_log_rank_5
97,0.98,3.925,16.9,13.655,13.655,17.423005323734152,1.2738853503184715,31.07800532373415,2.9328424113361327,13.655,31.45656914265075,1.2738853503184715,45.11156914265075,2.198713818421132,14.033563818916598,14.033563818916598,14.033563818916601,14.033563818916601,-0.7341285929150008,0.7341285929150008,0.4638743921911402,0.3696238181083305,0.9643426328943262,True,FULL,FULL_exp_log_rank_5
98,0.12,1.5666666666666669,1.33,0.569,0.569,1.2856106349233354,3.191489361702127,1.854610634923335,23.13000566043724,0.569,1.1545263661319132,3.191489361702127,1.7235263661319131,22.98258243556984,-0.1310842687914222,0.1310842687914222,-0.131084268791422,0.131084268791422,-0.14742322486740278,0.14742322486740278,0.030368565213814768,0.018054502592586924,0.9828781951227875,True,FULL,FULL_exp_log_rank_5
99,0.38,2.1775,5.29,3.8055,3.8055,4.8847712477868654,2.296211251435132,8.690271247786866,7.231167894086396,3.8055,1.5146003637330063,2.296211251435132,5.320100363733006,9.27670082164362,-3.3701708840538593,3.3701708840538593,-3.3701708840538593,3.3701708840538593,2.0455329275572245,2.0455329275572245,0.4552111328110094,0.3041834396685213,0.6090830765149668,True,FULL,FULL_exp_log_rank_5
100,1.12,3.865,15.69,14.2025,14.2025,9.330787016774106,1.2936610608020698,23.533287016774107,3.133851414322128,14.2025,26.25193776377359,1.2936610608020698,40.45443776377359,2.121352124007915,16.921150746999484,16.921150746999484,16.921150746999484,16.921150746999484,-1.0124992903142132,1.0124992903142132,0.5403255984034511,0.4308840441453741,0.9491100277551429,True,FULL,FULL_exp_log_rank_5
101,0.11,1.5599999999999998,1.19,0.5136666666666666,0.5136666666666666,1.0901897584596147,3.2051282051282053,1.6038564251262817,26.190812099681132,0.5136666666666666,0.8410793088597003,3.2051282051282053,1.3547459755263669,26.867330645637978,-0.24911044959991446,0.24911044959991446,-0.2491104495999148,0.2491104495999148,0.6765185459568457,0.6765185459568457,0.05656219132405493,0.03381652839430731,0.9229833128718427,True,FULL,FULL_exp_log_rank_5
102,0.33,2.175,5.38,4.15275,4.15275,3.3230952595070686,2.298850574712644,7.475845259507069,9.464816530487427,4.15275,0.9663292006703416,2.298850574712644,5.119079200670342,12.476654538004537,-2.356766058836727,2.356766058836727,-2.356766058836727,2.356766058836727,3.0118380075171096,3.0118380075171096,0.36201364622922144,0.23436534839399997,0.7171637100548542,True,FULL,FULL_exp_log_rank_5
103,0.94,4.6125,15.17,14.2325,14.2325,3.230539541690666,1.0840108401084012,17.463039541690666,4.61254903129243,14.2325,1.276818973561852,1.0840108401084012,15.509318973561852,5.460555368744957,-1.953720568128814,1.953720568128814,-1.953720568128814,1.953720568128814,0.8480063374525262,0.8480063374525262,0.24503013430804702,0.16303122527676805,0.9856177492854299,True,FULL,FULL_exp_log_rank_5
104,0.46,1.61,0.57,0.4153333333333333,0.4153333333333333,1.2195408766373736,3.105590062111801,1.634874209970707,5.380408458094788,0.4153333333333333,0.7052685791362208,3.105590062111801,1.120601912469554,5.256076089287696,-0.5142722975011529,0.5142722975011529,-0.5142722975011529,0.5142722975011529,-0.12433236880709231,0.12433236880709231,0.05260611632000583,0.03669066416723208,0.656588156018852,True,FULL,FULL_exp_log_rank_5
106,6.69,7.0,11.06,11.03,11.03,6.769176332863529,0.7142857142857143,17.799176332863528,0.9707346090728766,11.03,59.08929794625119,0.7142857142857143,70.1192979462512,0.7464527559698801,52.32012161338766,52.32012161338766,52.32012161338767,52.32012161338767,-0.22428185310299642,0.22428185310299642,0.32808524135806044,0.17524988662083363,0.973076609463403,True,FULL,FULL_exp_log_rank_5
107,0.15,1.5566666666666666,0.88,0.5103333333333334,0.5103333333333334,0.7081291518031402,3.211991434689508,1.2184624851364736,19.26598627033951,0.5103333333333334,0.4065081686959649,3.211991434689508,0.9168415020292984,21.22177210616853,-0.3016209831071753,0.3016209831071753,-0.3016209831071752,0.3016209831071752,1.955785835829019,1.955785835829019,0.06073012854443365,0.037440835476706534,0.7694516685189869,True,FULL,FULL_exp_log_rank_5
108,0.24,2.175,5.1,3.69825,3.69825,2.8769666070220197,2.298850574712644,6.5752166070220195,13.53664985652516,3.69825,0.0748481858549672,2.298850574712644,3.773098185854967,29.227571950338383,-2.8021184211670525,2.8021184211670525,-2.8021184211670525,2.8021184211670525,15.690922093813223,15.690922093813223,0.5160949680069173,0.31801630958320526,0.30421686341807197,True,FULL,FULL_exp_log_rank_5
109,0.47,3.8575,14.84,13.285,13.285,3.275885261750222,1.2961762799740766,16.560885261750222,9.133208341560495,13.285,3.748091102904734,1.2961762799740766,17.033091102904734,8.52485422017975,0.47220584115451203,0.47220584115451203,0.47220584115451203,0.47220584115451203,-0.6083541213807457,0.6083541213807457,0.07751649152151466,0.04935416366640496,0.9978766107480811,True,FULL,FULL_exp_log_rank_5
110,0.15,2.1675,1.23,0.6225,0.6225,0.9619833022068238,2.306805074971165,1.584483302206824,20.507804388385548,0.6225,0.6400454627297008,2.306805074971165,1.2625454627297008,21.813569932054847,-0.32193783947712307,0.32193783947712307,-0.3219378394771233,0.3219378394771233,1.305765543669299,1.305765543669299,0.07318732216151443,0.043720999273479964,0.847736835719538,True,FULL,FULL_exp_log_rank_5
111,0.25,2.165,6.22,4.547499999999999,4.547499999999999,3.553532108811563,2.3094688221709005,8.101032108811562,12.896286747191096,4.547499999999999,2.424361470779089,2.3094688221709005,6.971861470779088,13.638134415998394,-1.1291706380324742,1.1291706380324742,-1.1291706380324742,1.1291706380324742,0.7418476688072975,0.7418476688072975,0.217686158292085,0.135583661685375,0.917521154899247,True,FULL,FULL_exp_log_rank_5
112,0.46,4.1075,18.37,16.2525,16.2525,4.204330792736471,1.217285453438831,20.456830792736472,9.296747223836368,16.2525,16.531800254202988,1.217285453438831,32.78430025420299,6.268563215201462,12.327469461466517,12.327469461466517,12.327469461466517,12.327469461466517,-3.0281840086349057,3.0281840086349057,2.1724701810854663,1.364842193937219,-0.14049426881531457,True,FULL,FULL_exp_log_rank_5
113,0.21,1.5599999999999998,0.72,0.5333333333333333,0.5333333333333333,0.4530839141628877,3.2051282051282053,0.9864172474962212,14.758619332850811,0.5333333333333333,0.2868776412803474,3.2051282051282053,0.8202109746136808,15.805729113012308,-0.1662062728825403,0.1662062728825403,-0.16620627288254042,0.16620627288254042,1.047109780161497,1.047109780161497,0.02939448121078394,0.018673749417501814,0.894231783613263,True,FULL,FULL_exp_log_rank_5
114,0.46,2.215,4.54,3.755,3.755,3.0550946555112306,2.2573363431151243,6.8100946555112305,6.812602552841997,3.755,0.2216825890519902,2.2573363431151243,3.97668258905199,12.20153902875717,-2.8334120664592404,2.8334120664592404,-2.8334120664592404,2.8334120664592404,5.388936475915172,5.388936475915172,0.3193183094062626,0.2144533937605413,0.7331059350038465,True,FULL,FULL_exp_log_rank_5
115,3.02,4.84,14.29,13.226666666666668,13.226666666666668,67.62238227774218,1.0330578512396695,80.84904894440885,1.2379494369579531,13.226666666666668,44.61329810111118,1.0330578512396695,57.83996476777784,1.1563736644473377,-23.009084176631,23.009084176631,-23.009084176631006,23.009084176631006,-0.08157577251061543,0.08157577251061543,1.5197213332698962,1.1337883740412598,0.6799098366921923,True,FULL,FULL_exp_log_rank_5
116,0.1,1.5533333333333337,1.16,0.5640000000000001,0.5640000000000001,0.912890584776652,3.218884120171673,1.476890584776652,31.1344826944979,0.5640000000000001,0.7012894514515438,3.218884120171673,1.2652894514515438,32.126795762973344,-0.21160113332510821,0.21160113332510821,-0.21160113332510821,0.21160113332510821,0.9923130684754433,0.9923130684754433,0.04934928724170728,0.029273904138722013,0.9252548750523276,True,FULL,FULL_exp_log_rank_5
117,0.28,2.16,4.98,3.80875,3.80875,2.7207253448886286,2.314814814814815,6.5294753448886285,11.627647012732409,3.80875,0.0574787620846937,2.314814814814815,3.8662287620846936,25.98151039293199,-2.663246582803935,2.663246582803935,-2.663246582803935,2.663246582803935,14.353863380199583,14.353863380199583,0.4464701952881129,0.28100451147743555,0.4569843343711656,True,FULL,FULL_exp_log_rank_5
118,0.84,3.88,14.83,12.9825,12.9825,7.331910697776193,1.288659793814433,20.314410697776193,4.123242699657944,12.9825,11.063833341616084,1.288659793814433,24.046333341616084,3.350245257593005,3.7319226438398907,3.7319226438398907,3.7319226438398907,3.7319226438398907,-0.7729974420649395,0.7729974420649395,0.2649822972946821,0.19490131109102898,0.9830834975823608,True,FULL,FULL_exp_log_rank_5
119,0.05,1.5533333333333337,1.06,0.4603333333333333,0.4603333333333333,0.7347138188950575,3.218884120171673,1.1950471522283908,76.69251608229672,0.4603333333333333,0.4967184885166558,3.218884120171673,0.9570518218499892,80.79257146385083,-0.2379953303784017,0.2379953303784017,-0.2379953303784016,0.2379953303784016,4.100055381554114,4.100055381554114,0.0620247427041313,0.03550483943013569,0.8596983047323243,True,FULL,FULL_exp_log_rank_5
120,0.24,2.1675,5.34,3.634,3.634,3.551284821064535,2.306805074971165,7.185284821064535,12.76758648025316,3.634,0.6773705346974839,2.306805074971165,4.311370534697484,18.7486937435574,-2.873914286367051,2.873914286367051,-2.873914286367051,2.873914286367051,5.98110726330424,5.98110726330424,0.5335641731915971,0.3326637043425504,0.39106178310985273,True,FULL,FULL_exp_log_rank_5
121,0.58,3.8475,15.72,12.52,12.52,8.509190021060213,1.299545159194282,21.029190021060213,5.626700720273117,12.52,11.681667051408368,1.299545159194282,24.201667051408368,4.812740156154122,3.172477030348155,3.172477030348155,3.172477030348155,3.172477030348155,-0.8139605641189949,0.8139605641189949,0.3681263458837773,0.24573031679142282,0.9645249276878606,True,FULL,FULL_exp_log_rank_5
122,0.16,1.7866666666666664,1.46,0.5153333333333333,0.5153333333333333,1.791622665699797,2.7985074626865676,2.3069559990331303,15.27471027903135,0.5153333333333333,1.5374973587793908,2.7985074626865676,2.052830692112724,15.168495114542369,-0.25412530692040614,0.25412530692040614,-0.25412530692040614,0.25412530692040614,-0.10621516448898127,0.10621516448898127,0.05462247925728317,0.03315688900848848,0.9649623639915809,True,FULL,FULL_exp_log_rank_5
123,0.34,2.19,5.86,3.70375,3.70375,6.4076526447249105,2.2831050228310503,10.11140264472491,7.4904783908875965,3.70375,2.8600433983982048,2.2831050228310503,6.563793398398205,8.64113178020392,-3.5476092463267057,3.5476092463267057,-3.5476092463267053,3.5476092463267053,1.1506533893163242,1.1506533893163242,0.527032199056879,0.3471596536693093,0.6291984584226332,True,FULL,FULL_exp_log_rank_5
124,0.72,3.9025,15.23,13.1975,13.1975,6.547895084347095,1.2812299807815504,19.745395084347095,4.922489465268678,13.1975,9.980227818010484,1.2812299807815504,23.177727818010485,4.049931979277467,3.4323327336633884,3.4323327336633884,3.43233273366339,3.43233273366339,-0.8725574859912113,0.8725574859912113,0.32277049217701187,0.22546557744222667,0.9734046252004661,True,FULL,FULL_exp_log_rank_5
125,0.13,1.5766666666666669,0.83,0.5316666666666667,0.5316666666666667,0.5110542316499418,3.1712473572938684,1.0427208983166083,25.070549134255213,0.5316666666666667,0.2692944752255445,3.1712473572938684,0.8009611418922112,28.426720583993532,-0.2417597564243973,0.2417597564243973,-0.24175975642439707,0.24175975642439707,3.3561714497383193,3.3561714497383193,0.05191110721202646,0.03144092300097112,0.7599046756099697,True,FULL,FULL_exp_log_rank_5
127,2.99,4.513333333333333,16.39,14.923333333333332,14.923333333333332,140.10135047238424,1.1078286558345645,155.0246838057176,1.2549920885699382,14.923333333333332,111.8930360250232,1.1078286558345645,126.81636935835652,1.1671447858705573,-28.208314447361033,28.208314447361033,-28.20831444736106,28.20831444736106,-0.0878473026993809,0.0878473026993809,2.3604146229212697,1.7419391927577883,0.39696599501757146,True,FULL,FULL_exp_log_rank_5
128,0.22,1.5666666666666669,1.38,0.6789999999999999,0.6789999999999999,1.9691572578488556,3.191489361702127,2.6481572578488555,10.298464829923804,0.6789999999999999,1.696927656815542,3.191489361702127,2.375927656815542,9.838853377542028,-0.2722296010333136,0.2722296010333136,-0.2722296010333136,0.2722296010333136,-0.45961145238177536,0.45961145238177536,0.05715588789412176,0.03507570121919208,0.9452068099962485,True,FULL,FULL_exp_log_rank_5
129,0.39,2.18,6.11,4.593,4.593,5.057943521426855,2.293577981651376,9.650943521426855,7.34235077378404,4.593,3.6772614619918502,2.293577981651376,8.27026146199185,7.362125228769525,-1.380682059435005,1.380682059435005,-1.3806820594350047,1.3806820594350047,0.019774454985484802,0.019774454985484802,0.23107539650381792,0.14871913870813128,0.9213402865386991,True,FULL,FULL_exp_log_rank_5
130,2.78,4.13,17.18,15.5675,15.5675,173.2142161184181,1.2106537530266344,188.7817161184181,1.354578535378103,15.5675,193.2827008359887,1.2106537530266344,208.8502008359887,1.2500322440209324,20.068484717570584,20.068484717570584,20.068484717570584,20.068484717570584,-0.10454629135717064,0.10454629135717064,2.6820182439078915,1.970220295447108,0.29157602975667996,True,FULL,FULL_exp_log_rank_5
131,0.3,1.57,0.69,0.4403333333333333,0.4403333333333333,0.989606450202688,3.184713375796178,1.4299397835360212,7.9675990689291964,0.4403333333333333,0.5231163735062732,3.184713375796178,0.9634497068396064,8.488117781281558,-0.46649007669641485,0.46649007669641485,-0.46649007669641485,0.46649007669641485,0.5205187123523611,0.5205187123523611,0.05984144662673276,0.04044935815035448,0.683633256743209,True,FULL,FULL_exp_log_rank_5
132,0.38,2.2025,4.61,3.49275,3.49275,3.5417527605950667,2.270147559591374,7.034502760595067,7.697329513236288,3.49275,0.1425573948480361,2.270147559591374,3.635307394848036,15.918397396105352,-3.3991953657470306,3.3991953657470306,-3.3991953657470306,3.3991953657470306,8.221067882869065,8.221067882869065,0.45251321818927687,0.2960126162028084,0.45369894823361356,True,FULL,FULL_exp_log_rank_5
133,0.58,3.89,14.25,12.71,12.71,3.870375185655917,1.2853470437017995,16.580375185655917,6.937928600833182,12.71,3.1050568432669916,1.2853470437017995,15.815056843266992,7.019008495601207,-0.7653183423889254,0.7653183423889254,-0.7653183423889249,0.7653183423889249,0.08107989476802491,0.08107989476802491,0.14978868132872558,0.0930552730346847,0.9924208347756734,True,FULL,FULL_exp_log_rank_5
134,0.29,1.5933333333333335,0.81,0.6846666666666668,0.6846666666666668,0.4027161872827163,3.1380753138075312,1.087382853949383,11.679447292728767,0.6846666666666668,0.4387904921969161,3.1380753138075312,1.1234571588635829,10.566396111419932,0.03607430491419983,0.03607430491419983,0.03607430491419983,0.03607430491419983,-1.113051181308835,1.113051181308835,0.0071029326905151765,0.0036343847188952507,0.9954304455536888,True,FULL,FULL_exp_log_rank_5
136,2.48,4.18,15.4,14.19,14.19,62.34454554337887,1.1961722488038278,76.53454554337887,1.469660738779334,14.19,81.21930545856014,1.1961722488038278,95.40930545856014,1.2922550057279767,18.874759915181272,18.874759915181272,18.874759915181272,18.874759915181272,-0.1774057330513572,0.1774057330513572,1.5413948804297992,1.1259627518930615,0.7103661967319517,True,FULL,FULL_exp_log_rank_5
137,1.18,1.85,0.63,0.575,0.575,4.239497230710774,2.702702702702702,4.814497230710774,3.1309195303367727,0.575,3.837450409831259,2.702702702702702,4.412450409831259,2.8727303682271583,-0.40204682087951493,0.40204682087951493,-0.40204682087951493,0.40204682087951493,-0.2581891621096144,0.2581891621096144,0.08221775131344307,0.06121676732415274,0.5110567464117901,True,FULL,FULL_exp_log_rank_5
138,0.99,2.6033333333333335,4.93,4.496666666666667,4.496666666666667,4.9592094785200045,1.9206145966709345,9.455876145186672,3.460965956174455,4.496666666666667,2.7946207046444336,1.9206145966709345,7.291287371311101,3.4936222642775423,-2.164588773875571,2.164588773875571,-2.164588773875571,2.164588773875571,0.032656308103087284,0.032656308103087284,0.2076660758710607,0.14588572009944709,0.9363584694166689,True,FULL,FULL_exp_log_rank_5
139,1.92,4.2125,17.14,16.56,16.56,9.158812659704571,1.1869436201780414,25.71881265970457,2.22655990128023,16.56,67.26366471398046,1.1869436201780414,83.82366471398046,1.3801077516565807,58.10485205427589,58.10485205427589,58.104852054275895,58.104852054275895,-0.8464521496236492,0.8464521496236492,0.5773846399745342,0.41230396867721864,0.9645646288416423,True,FULL,FULL_exp_log_rank_5
140,0.42,1.7400000000000002,0.83,0.4525,0.4525,2.5886372580129136,2.8735632183908044,3.0411372580129137,4.84879553279124,0.4525,0.960888156386649,2.8735632183908044,1.413388156386649,5.208292493321168,-1.6277491016262644,1.6277491016262644,-1.6277491016262646,1.6277491016262646,0.35949696052992763,0.35949696052992763,0.1332356863475715,0.09534920107304869,0.23446003710087882,True,FULL,FULL_exp_log_rank_5
141,1.23,2.5733333333333337,4.22,4.026666666666666,4.026666666666666,3.714553371745124,1.94300518134715,7.74122003841179,3.22230726876678,4.026666666666666,3.7621372516447247,1.94300518134715,7.788803918311391,2.844514724578914,0.04758387989960067,0.04758387989960067,0.04758387989960067,0.04758387989960067,-0.37779254418786623,0.37779254418786623,0.15065829198208472,0.09568517060452876,0.9610708441659671,True,FULL,FULL_exp_log_rank_5
142,1.79,4.84,15.01,14.9025,14.9025,0.8901040923931092,1.0330578512396695,15.792604092393107,3.4546415460563873,14.9025,10.46410808690624,1.0330578512396695,25.36660808690624,1.8546543202493957,9.57400399451313,9.57400399451313,9.574003994513133,9.574003994513133,-1.5999872258069916,1.5999872258069916,0.6011271917773178,0.3963197455369555,0.9362399363615994,True,FULL,FULL_exp_log_rank_5
143,0.33,1.5733333333333333,0.58,0.4766666666666666,0.4766666666666666,0.4098600862261488,3.1779661016949152,0.8865267528928155,9.368454028225154,0.4766666666666666,0.3873451388815441,3.1779661016949152,0.8640118055482108,8.639814709808553,-0.022514947344604685,0.022514947344604685,-0.022514947344604685,0.022514947344604685,-0.7286393184166009,0.7286393184166009,0.011639308748204562,0.00625249676938592,0.9784739536433705,True,FULL,FULL_exp_log_rank_5
144,0.43,2.1725,4.53,3.8975,3.8975,2.2412867147074325,2.3014959723820483,6.138786714707432,7.955893974394428,3.8975,0.0353512299462273,2.3014959723820483,3.9328512299462273,18.04870895465597,-2.205935484761205,2.205935484761205,-2.205935484761205,2.205935484761205,10.092814980261544,10.092814980261544,0.2762387430832731,0.18618367757574789,0.7904697983182656,True,FULL,FULL_exp_log_rank_5
145,3.33,4.496666666666667,14.77,14.159999999999998,14.159999999999998,71.68575820940592,1.111934766493699,85.84575820940591,1.2931877819034847,14.159999999999998,105.17791889372472,1.111934766493699,119.33791889372472,1.1634695152203451,33.492160684318804,33.492160684318804,33.492160684318804,33.492160684318804,-0.12971826668313957,0.12971826668313957,1.3055155110720602,0.8993488840857311,0.7659062957475732,True,FULL,FULL_exp_log_rank_5
146,0.13,1.5599999999999998,0.68,0.5633333333333334,0.5633333333333334,0.1951982739754749,3.2051282051282053,0.7585316073088083,31.88575510060682,0.5633333333333334,0.0724044940368051,3.2051282051282053,0.6357378273701385,39.17233184875313,-0.1227937799386698,0.1227937799386698,-0.1227937799386698,0.1227937799386698,7.286576748146313,7.286576748146313,0.02604372293272459,0.015592928391924575,0.8664707007962051,True,FULL,FULL_exp_log_rank_5
147,1.84,3.1775,4.39,3.69,3.69,48.191526905344915,1.5735641227380015,51.88152690534491,1.779339325853626,3.69,6.201543188898972,1.5735641227380015,9.891543188898972,1.941498244365263,-41.98998371644594,41.98998371644594,-41.98998371644594,41.98998371644594,0.162158918511637,0.162158918511637,0.8382990879660899,0.6462185326254932,-0.021923112335106243,True,FULL,FULL_exp_log_rank_5
148,2.23,4.3774999999999995,15.49,14.875,14.875,14.10295307840756,1.142204454597373,28.97795307840756,1.8301286904573817,14.875,47.15845620692719,1.142204454597373,62.03345620692719,1.3351334353026707,33.05550312851963,33.05550312851963,33.05550312851963,33.05550312851963,-0.494995255154711,0.494995255154711,0.6158703767631486,0.36503088406180384,0.9535118233721669,True,FULL,FULL_exp_log_rank_5
149,0.18,1.5599999999999998,0.96,0.5433333333333333,0.5433333333333333,0.9264981470545324,3.2051282051282053,1.4698314803878656,14.731251978605432,0.5433333333333333,0.5735304948229712,3.2051282051282053,1.1168638281563046,15.754120676820866,-0.3529676522315611,0.3529676522315611,-0.352967652231561,0.352967652231561,1.0228686982154347,1.0228686982154347,0.0652669010365719,0.04109385999917938,0.8001363193837517,True,FULL,FULL_exp_log_rank_5
150,0.4,2.175,5.29,4.25,4.25,3.4798658017251105,2.298850574712644,7.7298658017251105,7.755705088302538,4.25,1.2783892562855792,2.298850574712644,5.528389256285579,9.509221504798536,-2.2014765454395313,2.2014765454395313,-2.2014765454395313,2.2014765454395313,1.753516416495998,1.753516416495998,0.295186310785967,0.1967829481488133,0.820930597143943,True,FULL,FULL_exp_log_rank_5
151,0.99,3.6125,15.85,14.965,14.965,4.712295648967803,1.384083044982699,19.677295648967803,4.185634509215309,14.965,35.09306081336821,1.384083044982699,50.058060813368215,2.2201699254418217,30.380765164400408,30.380765164400408,30.38076516440041,30.38076516440041,-1.9654645837734877,1.9654645837734877,1.260433267937002,0.9534029798677983,0.7199588402857529,True,FULL,FULL_exp_log_rank_5
152,1.16,1.9,0.64,0.54,0.54,8.918859589233094,2.6315789473684212,9.458859589233091,2.9158636476035604,0.54,3.496304919528181,2.6315789473684212,4.036304919528181,2.8128036759404065,-5.422554669704913,5.422554669704913,-5.42255466970491,5.42255466970491,-0.10305997166315395,0.10305997166315395,0.1355514618967692,0.10379570416014236,-0.19334993680792056,True,FULL,FULL_exp_log_rank_5
153,1.3,2.566666666666667,4.2,3.9333333333333336,3.9333333333333336,6.732843008196392,1.948051948051948,10.666176341529724,2.832743127876559,3.9333333333333336,4.702542427972473,1.948051948051948,8.635875761305806,2.6532714338769123,-2.030300580223919,2.030300580223919,-2.0303005802239174,2.0303005802239174,-0.17947169399964658,0.17947169399964658,0.231632069360989,0.1633098204067423,0.9080483039946495,True,FULL,FULL_exp_log_rank_5
154,5.1,31.453947067343865,14.28,13.490170336848536,13.490170336848536,2.087839211051561,0.1589625616554528,15.578009547900097,0.9263059984631752,13.490170336848536,14.443158679229152,0.1589625616554528,27.93332901607769,0.5210912048023066,12.35531946817759,12.35531946817759,12.355319468177592,12.355319468177592,-0.40521479366086854,0.40521479366086854,1.572917261627222,1.0365299036683806,0.2124541854945281,True,FULL,FULL_exp_log_rank_5
155,0.56,1.5599999999999998,0.58,0.4766666666666666,0.4766666666666666,1.2430840918042927,3.2051282051282053,1.7197507584709593,5.0236277196711585,0.4766666666666666,1.0256658157610092,3.2051282051282053,1.5023324824276758,4.487773954732499,-0.21741827604328345,0.21741827604328345,-0.21741827604328345,0.21741827604328345,-0.5358537649386594,0.5358537649386594,0.044882115876100116,0.03049455318543683,0.7719912280221132,True,FULL,FULL_exp_log_rank_5
156,0.67,2.1775,4.06,3.745,3.745,2.1627193549790276,2.296211251435132,5.907719354979028,5.4890381882934465,3.745,0.9285052846761266,2.296211251435132,4.673505284676127,6.187885092342088,-1.234214070302901,1.234214070302901,-1.234214070302901,1.234214070302901,0.6988469040486418,0.6988469040486418,0.11022914812792779,0.07836119236645947,0.9698513941458404,True,FULL,FULL_exp_log_rank_5
157,1.32,3.9,14.36,13.5925,13.5925,6.126023681195667,1.2820512820512822,19.718523681195663,3.032176279008363,13.5925,19.93952719733845,1.2820512820512822,33.53202719733845,2.020413101624358,13.813503516142783,13.813503516142783,13.813503516142788,13.813503516142788,-1.011763177384005,1.011763177384005,0.4081776468632658,0.32124287396022105,0.9692825242655554,True,FULL,FULL_exp_log_rank_5
158,0.17,1.6233333333333333,1.0,0.5720000000000001,0.5720000000000001,0.8749487231528226,3.080082135523614,1.4469487231528226,16.31818533574024,0.5720000000000001,0.5533901961108436,3.080082135523614,1.1253901961108437,17.461703141454404,-0.32155852704197896,0.32155852704197896,-0.32155852704197896,0.32155852704197896,1.1435178057141648,1.1435178057141648,0.06267843507660369,0.0389714276513632,0.8201765787044243,True,FULL,FULL_exp_log_rank_5
159,0.32,2.1825,5.06,4.11975,4.11975,2.410582651104151,2.290950744558992,6.530332651104151,10.626543938716322,4.11975,0.1016554344258535,2.290950744558992,4.221405434425853,20.834654385142976,-2.3089272166782973,2.3089272166782973,-2.3089272166782973,2.3089272166782973,10.208110446426653,10.208110446426653,0.3582062422267765,0.22885432863934413,0.6643201885576537,True,FULL,FULL_exp_log_rank_5
160,1.07,3.895,14.3,13.0025,13.0025,7.31537030166651,1.2836970474967908,20.31787030166651,3.3651116062820727,13.0025,12.909802416504151,1.2836970474967908,25.91230241650415,2.591316431432822,5.594432114837641,5.594432114837641,5.594432114837641,5.594432114837641,-0.7737951748492509,0.7737951748492509,0.2810695838274604,0.20909856727043433,0.9828152546155536,True,FULL,FULL_exp_log_rank_5
161,0.1,1.5666666666666669,0.85,0.5843333333333334,0.5843333333333334,0.3978559436075378,3.191489361702127,0.9821892769408712,37.33548887229885,0.5843333333333334,0.1879635538271949,3.191489361702127,0.7722968871605284,43.42912508195877,-0.2098923897803429,0.2098923897803429,-0.20989238978034286,0.20989238978034286,6.09363620965992,6.09363620965992,0.04866427779369519,0.028833705410080374,0.7519367566961841,True,FULL,FULL_exp_log_rank_5
162,0.24,2.175,6.09,4.409,4.409,3.4511384121172206,2.298850574712644,7.86013841211722,13.515323404054092,4.409,1.9099093233874171,2.298850574712644,6.318909323387417,15.137389906610032,-1.5412290887298035,1.5412290887298035,-1.5412290887298035,1.5412290887298035,1.6220665025559402,1.6220665025559402,0.2951822818932259,0.18374450821505806,0.8407837141937413,True,FULL,FULL_exp_log_rank_5
163,0.5,3.8625,16.89,15.2325,15.2325,3.655467066441505,1.2944983818770228,18.887967066441504,8.601598077321363,15.2325,14.691483133801052,1.2944983818770228,29.923983133801052,5.672185460102641,11.036016067359547,11.036016067359547,11.036016067359547,11.036016067359547,-2.9294126172187216,2.9294126172187216,1.7443944271776424,1.1136228525045084,0.1992475213437761,True,FULL,FULL_exp_log_rank_5
164,0.07,1.5566666666666666,0.85,0.5843333333333334,0.5843333333333334,0.3510048045966245,3.211991434689508,0.935338137929958,59.36701870371923,0.5843333333333334,0.1366083334970758,3.211991434689508,0.7209416668304092,71.25148961520341,-0.21439647109954868,0.21439647109954868,-0.21439647109954885,0.21439647109954885,11.88447091148418,11.88447091148418,0.05332924977614709,0.03096579870963112,0.6800074671557848,True,FULL,FULL_exp_log_rank_5
165,0.23,2.1675,5.85,4.43275,4.43275,2.80147060168731,2.306805074971165,7.23422060168731,14.978792929839672,4.43275,1.09552199501341,2.306805074971165,5.5282719950134105,18.364103914881067,-1.7059486066738998,1.7059486066738998,-1.7059486066738998,1.7059486066738998,3.3853109850413947,3.3853109850413947,0.32861408094557537,0.20317202456043146,0.7667913732194079,True,FULL,FULL_exp_log_rank_5
166,0.75,3.8625,16.87,15.795,15.795,3.4935563581594646,1.2944983818770228,19.288556358159465,5.80409010742513,15.795,22.41925212008337,1.2944983818770228,38.21425212008337,3.2209564661856698,18.925695761923905,18.925695761923905,18.925695761923908,18.925695761923908,-2.58313364123946,2.58313364123946,1.8259407856064684,1.2542094242812223,0.33117092295900485,True,FULL,FULL_exp_log_rank_5
167,0.17,1.5599999999999998,0.8,0.5579999999999999,0.5579999999999999,0.4953159279041487,3.2051282051282053,1.0533159279041486,18.51576110820791,0.5579999999999999,0.2883180419127148,3.2051282051282053,0.8463180419127148,20.437063841363837,-0.20699788599143387,0.20699788599143387,-0.20699788599143387,0.20699788599143387,1.921302733155926,1.921302733155926,0.03993637645453752,0.024844411895347567,0.8402610403848239,True,FULL,FULL_exp_log_rank_5
168,1.11,2.563333333333333,4.61,4.293333333333333,4.293333333333333,4.918051194692046,1.950585175552666,9.21138452802538,3.258019017990617,4.293333333333333,3.5877900126773676,1.950585175552666,7.881123346010701,3.0673623173720017,-1.3302611820146781,1.3302611820146781,-1.33026118201468,1.33026118201468,-0.19065670061861528,0.19065670061861528,0.19215958043432352,0.13051673004171385,0.9429563486601893,True,FULL,FULL_exp_log_rank_5
169,3.93,4.553333333333334,16.61,16.513333333333332,16.513333333333332,14.198414912137522,1.0980966325036603,30.711748245470854,1.4757256498343354,16.513333333333332,265.5128095173298,1.0980966325036603,282.0261428506631,1.118026182685674,251.31439460519226,251.31439460519226,251.31439460519226,251.31439460519226,-0.3576994671486613,0.3576994671486613,0.5842918931990929,0.32800113582173196,0.9636909904449702,True,FULL,FULL_exp_log_rank_5
170,0.19,1.5533333333333337,0.76,0.5436666666666666,0.5436666666666666,0.4848535368761771,3.218884120171673,1.0285202035428438,16.275028887164293,0.5436666666666666,0.2921999880312687,3.218884120171673,0.8358666546979353,17.73106278362943,-0.19265354884490843,0.19265354884490843,-0.19265354884490848,0.19265354884490848,1.4560338964651365,1.4560338964651365,0.0353327119311851,0.02225210760208585,0.8632249814054306,True,FULL,FULL_exp_log_rank_5
172,1.88,4.13,15.76,14.8875,14.8875,14.997831291761866,1.2106537530266344,29.885331291761865,2.0220034481788933,14.8875,48.51096035120477,1.2106537530266344,63.39846035120477,1.4483881189764665,33.5131290594429,33.5131290594429,33.5131290594429,33.5131290594429,-0.5736153292024269,0.5736153292024269,0.6017030250794233,0.36084881456930973,0.9539455749605108,True,FULL,FULL_exp_log_rank_5
173,0.23,1.5666666666666669,0.81,0.5826666666666666,0.5826666666666666,0.6080845262035995,3.191489361702127,1.190751192870266,12.675105003139644,0.5826666666666666,0.4068891093904018,3.191489361702127,0.9895557760570683,13.242025238174962,-0.20119541681319775,0.20119541681319775,-0.20119541681319775,0.20119541681319775,0.5669202350353189,0.5669202350353189,0.03446799272446729,0.022073432746643563,0.8948349993175949,True,FULL,FULL_exp_log_rank_5
175,1.85,4.1125,17.29,16.4125,16.4125,14.29966321375646,1.21580547112462,30.71216321375646,2.100213453400296,16.4125,75.55877983724099,1.21580547112462,91.97127983724098,1.3972432141773017,61.25911662348453,61.25911662348453,61.25911662348452,61.25911662348452,-0.7029702392229944,0.7029702392229944,0.6195635763070244,0.40619416968326805,0.9593116888053879,True,FULL,FULL_exp_log_rank_5
176,0.65,1.5766666666666669,0.57,0.478,0.478,1.612273609680621,3.1712473572938684,2.090273609680621,4.48569879514461,0.478,1.316644683059634,3.1712473572938684,1.794644683059634,4.007996524134738,-0.29562892662098705,0.29562892662098705,-0.29562892662098683,0.29562892662098683,-0.47770227100987217,0.47770227100987217,0.053361282529522915,0.03751915147541193,0.690665317088745,True,FULL,FULL_exp_log_rank_5
177,1.47,2.6333333333333333,3.8,3.616,3.616,6.14964024424423,1.89873417721519,9.76564024424423,2.66832825839853,3.616,4.908141078673516,1.89873417721519,8.524141078673516,2.446747084680736,-1.2414991655707137,1.2414991655707137,-1.2414991655707137,1.2414991655707137,-0.22158117371779396,0.22158117371779396,0.20346326989575741,0.14312457329245246,0.9183186875193975,True,FULL,FULL_exp_log_rank_5
178,2.12,4.1575,13.69,12.965,12.965,17.833183532648366,1.2026458208057729,30.79818353264837,1.8070468059221405,12.965,33.15467197203941,1.2026458208057729,46.11967197203941,1.4448952494623155,15.321488439391043,15.321488439391043,15.321488439391043,15.321488439391043,-0.362151556459825,0.362151556459825,0.6619112236088948,0.41183166651810654,0.9303779568000001,True,FULL,FULL_exp_log_rank_5
179,0.48,1.5666666666666669,0.88,0.6386666666666666,0.6386666666666666,2.2710172374402005,3.191489361702127,2.909683904106867,5.11752583659357,0.6386666666666666,1.3752515186078793,3.191489361702127,2.013918185274546,4.864050579069959,-0.8957657188323211,0.8957657188323211,-0.8957657188323211,0.8957657188323211,-0.2534752575236112,0.2534752575236112,0.0905030503642641,0.06346431360458069,0.5925324539034746,True,FULL,FULL_exp_log_rank_5
181,0.9,3.925,17.84,14.94,14.94,13.029435602700998,1.2738853503184715,27.969435602700997,3.4621547532157915,14.94,38.24193566863372,1.2738853503184715,53.18193566863372,2.293802505737063,25.212500065932723,25.212500065932723,25.212500065932723,25.212500065932723,-1.1683522474787287,1.1683522474787287,1.292171796984268,0.9554643192749122,0.7341170853025227,True,FULL,FULL_exp_log_rank_5
182,0.22,1.49,0.66,0.4575,0.4575,0.5513217275318822,3.3557046979865772,1.0088217275318825,12.75282127395527,0.4575,0.3329756569344686,3.3557046979865772,0.7904756569344686,13.669743735438106,-0.21834607059741362,0.21834607059741362,-0.21834607059741384,0.21834607059741384,0.9169224614828355,0.9169224614828355,0.03591062742116057,0.02318976463339401,0.8380105587363593,True,FULL,FULL_exp_log_rank_5
183,1.93,3.1,4.22,4.0145,4.0145,10.822557992923612,1.6129032258064515,14.837057992923611,2.064879723343122,4.0145,7.1487871442559445,1.6129032258064515,11.163287144255944,1.9393235135754392,-3.673770848667667,3.673770848667667,-3.673770848667667,3.673770848667667,-0.125556209767683,0.125556209767683,0.2944242533090849,0.21543007470727338,0.8664369760647798,True,FULL,FULL_exp_log_rank_5
184,3.98,4.75,15.12,14.85,14.85,45.661479023586836,1.0526315789473684,60.51147902358684,1.247654255784918,14.85,149.8280928239398,1.0526315789473684,164.6780928239398,1.0836802201349691,104.16661380035298,104.16661380035298,104.16661380035296,104.16661380035296,-0.16397403564994883,0.16397403564994883,0.8791870281698811,0.5593921890349108,0.8974884037773525,True,FULL,FULL_exp_log_rank_5
185,0.13,1.5666666666666669,1.09,0.5446666666666667,0.5446666666666667,0.9576325699215577,3.191489361702127,1.5022992365882244,21.905585532286455,0.5446666666666667,0.6663276132788946,3.191489361702127,1.2109942799455613,22.968964887291268,-0.2913049566426631,0.2913049566426631,-0.2913049566426631,0.2913049566426631,1.0633793550048125,1.0633793550048125,0.06256929306227074,0.03797138062228123,0.8687693415163849,True,FULL,FULL_exp_log_rank_5
186,0.28,2.1775,5.16,3.81425,3.81425,3.130431077528114,2.296211251435132,6.944681077528114,11.220553160809676,3.81425,0.3525047150124156,2.296211251435132,4.166754715012416,18.585275159814,-2.7779263625156982,2.7779263625156982,-2.7779263625156982,2.7779263625156982,7.364721999004324,7.364721999004324,0.4706353344505468,0.29576026428455754,0.4607242429236391,True,FULL,FULL_exp_log_rank_5
187,0.7,3.88,16.09,11.71,11.71,14.993697153202367,1.288659793814433,26.70369715320237,3.931657649182005,11.71,17.376194961599865,1.288659793814433,29.086194961599865,3.418189425442113,2.3824978083974973,2.3824978083974973,2.3824978083974955,2.3824978083974955,-0.513468223739892,0.513468223739892,0.20885940072851497,0.13773163317091153,0.9911357508854374,True,FULL,FULL_exp_log_rank_5
188,1.1,2.06,0.64,0.593,0.593,1.513280437089641,2.4271844660194173,2.1062804370896413,3.268679989536249,0.593,2.414629842504416,2.4271844660194173,3.007629842504416,2.735556583688368,0.901349405414775,0.901349405414775,0.9013494054147748,0.9013494054147748,-0.5331234058478809,0.5331234058478809,0.04662284902480257,0.03213263646807337,0.8412644367888398,True,FULL,FULL_exp_log_rank_5
189,3.11,3.85,4.79,4.4285,4.4285,105.61771145632456,1.2987012987012987,110.04621145632456,1.3813754414682702,4.4285,19.156729448740737,1.2987012987012987,23.585229448740737,1.3866383312410744,-86.46098200758382,86.46098200758382,-86.46098200758382,86.46098200758382,0.005262889772804202,0.005262889772804202,0.9044236861740848,0.6221308511060726,-0.053080377804870515,True,FULL,FULL_exp_log_rank_5
190,2.95,4.833333333333333,17.57,15.660000000000002,15.660000000000002,133.5433516563727,1.0344827586206895,149.2033516563727,1.194201194728314,15.660000000000002,95.89000633973542,1.0344827586206895,111.55000633973542,1.10948938837232,-37.65334531663727,37.65334531663727,-37.65334531663727,37.65334531663727,-0.08471180635599396,0.08471180635599396,2.585172429217282,1.9493991981598249,0.3786468732000684,True,FULL,FULL_exp_log_rank_5
191,0.1,1.64,1.15,0.5823333333333333,0.5823333333333333,0.8468851223123651,3.048780487804878,1.4292184556456984,32.276683117014976,0.5823333333333333,0.616538765584362,3.048780487804878,1.1988720989176953,33.7376653225006,-0.23034635672800308,0.23034635672800308,-0.23034635672800308,0.23034635672800308,1.460982205485621,1.460982205485621,0.05431333408570882,0.03210968680623591,0.9005419916742881,True,FULL,FULL_exp_log_rank_5
192,0.26,2.06,5.06,2.78625,2.78625,5.537602820988881,2.4271844660194173,8.323852820988881,9.67711986223781,2.78625,1.576311137453799,2.4271844660194173,4.362561137453799,12.710535089573195,-3.961291683535082,3.961291683535082,-3.961291683535082,3.961291683535082,3.033415227335386,3.033415227335386,0.6655337228491366,0.427215553058947,0.31157566862440644,True,FULL,FULL_exp_log_rank_5
193,0.48,3.91,15.79,12.4225,12.4225,7.40432598861948,1.278772378516624,19.82682598861948,7.151633571136485,12.4225,8.57672811806319,1.278772378516624,20.99922811806319,6.546359240472426,1.1724021294437108,1.1724021294437108,1.1724021294437108,1.1724021294437108,-0.6052743306640593,0.6052743306640593,0.16457383653773985,0.10735157594932045,0.9921866709133825,True,FULL,FULL_exp_log_rank_5
194,0.47,1.5599999999999998,0.9,0.6583333333333333,0.6583333333333333,2.1587521490528645,3.2051282051282053,2.8170854823861977,5.267358968714256,0.6583333333333333,1.3849910332504225,3.2051282051282053,2.0433243665837555,4.962787599166599,-0.773761115802442,0.773761115802442,-0.7737611158024422,0.7737611158024422,-0.3045713695476575,0.3045713695476575,0.08610854755562024,0.05980265944804496,0.640922944736128,True,FULL,FULL_exp_log_rank_5
195,0.49,2.1875,5.79,4.2505,4.2505,7.336962282580967,2.2857142857142856,11.587462282580969,5.320972461121309,4.2505,4.01769394558342,2.2857142857142856,8.26819394558342,5.580058591022086,-3.3192683369975473,3.3192683369975473,-3.319268336997549,3.319268336997549,0.2590861299007763,0.2590861299007763,0.3993853300813176,0.2726304564527366,0.7770514379625848,True,FULL,FULL_exp_log_rank_5
196,1.09,3.86,17.51,14.9375,14.9375,16.553387035413166,1.2953367875647668,31.490887035413166,2.8169440230151195,14.9375,48.75621039706278,1.2953367875647668,63.69371039706278,1.8844233762820355,32.202823361649614,32.202823361649614,32.202823361649614,32.202823361649614,-0.932520646733084,0.932520646733084,0.7247322077468348,0.5895875874132407,0.924274400117171,True,FULL,FULL_exp_log_rank_5
197,0.14,2.0725,0.99,0.65575,0.65575,0.5146811885872504,2.4125452352231607,1.1704311885872505,25.510159206488257,0.65575,0.2454136877535079,2.4125452352231607,0.901163687753508,29.614968227907436,-0.2692675008337425,0.2692675008337425,-0.2692675008337425,0.2692675008337425,4.104809021419179,4.104809021419179,0.06150733126488788,0.03661148222659376,0.7315046677070633,True,FULL,FULL_exp_log_rank_5
199,2.66,4.3725000000000005,17.29,16.490000000000002,16.490000000000002,37.39926722177272,1.1435105774728416,53.88926722177272,1.504191322919805,16.490000000000002,122.67849960594988,1.1435105774728416,139.16849960594988,1.2131471408966787,85.27923238417716,85.27923238417716,85.27923238417716,85.27923238417716,-0.2910441820231262,0.2910441820231262,1.1437752536822552,0.7814124300899469,0.8795086207461402,True,FULL,FULL_exp_log_rank_5
200,1.09,1.85,0.51,0.452,0.452,3.5013968656521643,2.702702702702702,3.953396865652164,3.161464776235545,0.452,2.556329009318249,2.702702702702702,3.008329009318249,2.924399376606054,-0.9450678563339152,0.9450678563339152,-0.9450678563339148,0.9450678563339148,-0.2370653996294907,0.2370653996294907,0.07231118834780614,0.05429673278904985,0.41239683901471313,True,FULL,FULL_exp_log_rank_5
201,4.54,28.00018033053748,3.73,3.372542584212134,3.372542584212134,0.9705608512144872,0.178570278511632,4.343103435426621,0.8969826858645201,3.372542584212134,9.463603404613362,0.178570278511632,12.836145988825496,0.4486113905545979,8.493042553398876,8.493042553398876,8.493042553398876,8.493042553398876,-0.4483712953099222,0.4483712953099222,0.9836900154842473,0.6702990129006686,-3.51102088771478,True,FULL,FULL_exp_log_rank_5
202,5.68,6.0,13.66,13.51,13.51,45.684267603740025,0.8333333333333334,59.19426760374002,0.9611956816495174,13.51,108.59306824671448,0.8333333333333334,122.10306824671449,0.8594000033409607,62.908800642974455,62.908800642974455,62.90880064297446,62.90880064297446,-0.10179567830855674,0.10179567830855674,0.7156240034647158,0.43564488177767374,0.9124336416642778,True,FULL,FULL_exp_log_rank_5
203,8.16,15.0,0.64,0.4826666666666666,0.4826666666666666,11.163229285157737,0.3333333333333333,11.645895951824402,0.3680224492093827,0.4826666666666666,6.605109072098011,0.3333333333333333,7.087775738764678,0.3468465019867449,-4.558120213059726,4.558120213059726,-4.558120213059724,4.558120213059724,-0.021175947222637825,0.021175947222637825,0.1682953264669088,0.128800397517066,-0.6622274093319689,True,FULL,FULL_exp_log_rank_5
204,9.63,15.0,1.15,0.9263333333333332,0.9263333333333332,31.67109901569681,0.3333333333333333,32.59743234903014,0.356302565715436,0.9263333333333332,12.25882192032319,0.3333333333333333,13.185155253656523,0.3442415848837903,-19.41227709537362,19.41227709537362,-19.412277095373618,19.412277095373618,-0.012060980831645696,0.012060980831645696,0.3367083360993208,0.2570433933863924,-0.8440535579761559,True,FULL,FULL_exp_log_rank_5
205,8.17,15.0,1.67,1.391,1.391,14.757831874738754,0.3333333333333333,16.148831874738754,0.3859250855203011,1.391,10.100540960084116,0.3333333333333333,11.491540960084116,0.3577926936050737,-4.657290914654638,4.657290914654638,-4.657290914654638,4.657290914654638,-0.028132391915227373,0.028132391915227373,0.29469442079082864,0.22221459040455507,0.08700576185469222,True,FULL,FULL_exp_log_rank_5
206,7.68,15.0,2.36,1.9943333333333333,1.9943333333333333,14.016889640854824,0.3333333333333333,16.011222974188158,0.404258783461519,1.9943333333333333,9.3227240587,0.3333333333333333,11.317057392033334,0.3733303161131472,-4.694165582154824,4.694165582154824,-4.694165582154824,4.694165582154824,-0.03092846734837179,0.03092846734837179,0.33747989521886174,0.25102823115856754,0.3629556496213433,True,FULL,FULL_exp_log_rank_5
207,12.65,17.5,2.87,2.478,2.478,85.54466261294648,0.2857142857142857,88.02266261294648,0.3027127732951231,2.478,28.497797913247133,0.2857142857142857,30.975797913247135,0.2947729882702438,-57.04686469969935,57.04686469969935,-57.04686469969934,57.04686469969934,-0.007939785024879298,0.007939785024879298,0.7502132995388967,0.5437362113948742,-0.6186593705571293,True,FULL,FULL_exp_log_rank_5
209,0.55,3.75,0.015,0.014,0.014,0.0024195869070291,1.3333333333333333,0.0164195869070291,8.395940887010124,0.014,0.0552822949924079,1.3333333333333333,0.0692822949924079,3.496785687300406,0.0528627080853788,0.0528627080853788,0.052862708085378796,0.052862708085378796,-4.899155199709718,4.899155199709718,0.006831017939142237,0.004584945250684937,-13.37738865148722,True,FULL,FULL_exp_log_rank_5
210,0.73,3.75,0.017,0.0155,0.0155,0.0049950016940742,1.3333333333333333,0.0204950016940742,5.436911505105911,0.0155,0.0453186857853923,1.3333333333333333,0.0608186857853923,2.7057792317207245,0.0403236840913181,0.0403236840913181,0.0403236840913181,0.0403236840913181,-2.7311322733851866,2.7311322733851866,0.0034246946288762296,0.0024242906357411858,-1.3140757611349883,True,FULL,FULL_exp_log_rank_5
211,0.73,3.75,0.031,0.0205,0.0205,0.0421170527109933,1.3333333333333333,0.0626170527109933,3.3538139443417307,0.0205,0.4158092505960478,1.3333333333333333,0.4363092505960478,1.841828197851851,0.3736921978850545,0.3736921978850545,0.3736921978850545,0.3736921978850545,-1.5119857464898798,1.5119857464898798,0.0171795708986796,0.012999089865919234,-12.519625351241936,True,FULL,FULL_exp_log_rank_5
212,0.56,4.25,0.032,0.0305,0.0305,0.0032729190185453,1.1764705882352942,0.0337729190185453,9.217143579218789,0.0305,0.1581831706374918,1.1764705882352942,0.1886831706374918,3.3712643847932826,0.1549102516189465,0.1549102516189465,0.1549102516189465,0.1549102516189465,-5.845879194425506,5.845879194425506,0.022351106656286597,0.014738486398507495,-35.251746650063325,True,FULL,FULL_exp_log_rank_5
213,0.61,4.25,0.036,0.032,0.032,0.0097117896904809,1.1764705882352942,0.0417117896904809,6.613265489413038,0.032,0.1852020036141733,1.1764705882352942,0.2172020036141733,2.938214649144133,0.1754902139236924,0.1754902139236924,0.1754902139236924,0.1754902139236924,-3.6750508402689053,3.6750508402689053,0.022445163052327285,0.015138271685348387,-26.327448940785175,True,FULL,FULL_exp_log_rank_5
214,0.8,4.25,0.041,0.0365,0.0365,0.0146135447707714,1.1764705882352942,0.0511135447707714,4.687843076991533,0.0365,0.1979912893559164,1.1764705882352942,0.2344912893559164,2.129924134468589,0.183377744585145,0.183377744585145,0.183377744585145,0.183377744585145,-2.557918942522944,2.557918942522944,0.014629031893343658,0.010506564311233282,-6.444918611235412,True,FULL,FULL_exp_log_rank_5
215,0.85,4.25,0.053,0.0412499999999999,0.0412499999999999,0.0449535990108785,1.1764705882352942,0.0862035990108784,3.4008265344224067,0.0412499999999999,0.3267206145631876,1.1764705882352942,0.3679706145631875,1.8469722565121576,0.2817670155523091,0.2817670155523091,0.2817670155523091,0.2817670155523091,-1.553854277910249,1.553854277910249,0.016313423191873157,0.012144615603124145,-4.039535198362563,True,FULL,FULL_exp_log_rank_5
216,1.18,4.75,0.072,0.06875,0.06875,0.0144953537063408,1.0526315789473684,0.0832453537063408,3.803418428356459,0.06875,0.2507169018045523,1.0526315789473684,0.3194669018045523,1.6270336949566906,0.2362215480982115,0.2362215480982115,0.2362215480982115,0.2362215480982115,-2.176384733399768,2.176384733399768,0.011257256530964195,0.008353245903688536,-0.16881253381901984,True,FULL,FULL_exp_log_rank_5
217,1.07,4.75,0.082,0.07425,0.07425,0.0316745022212473,1.0526315789473684,0.1059245022212473,3.494012368300583,0.07425,0.3110415821026015,1.0526315789473684,0.3852915821026015,1.7015031227305937,0.27936707988135423,0.27936707988135423,0.27936707988135423,0.27936707988135423,-1.7925092455699894,1.7925092455699894,0.015508529716103971,0.011469467429757749,-0.8365777653446371,True,FULL,FULL_exp_log_rank_5
218,0.99,4.75,0.091,0.0815,0.0815,0.0350845623553453,1.0526315789473684,0.1165845623553453,3.740061038065954,0.0815,0.3567685159381327,1.0526315789473684,0.4382685159381327,1.8053833951112068,0.3216839535827874,0.3216839535827874,0.3216839535827874,0.3216839535827874,-1.934677642954747,1.934677642954747,0.021335857016626124,0.015580495617729551,-1.9889179402693893,True,FULL,FULL_exp_log_rank_5
219,1.33,4.75,0.123,0.109,0.109,0.0845437839006371,1.0526315789473684,0.1935437839006371,2.512415047002486,0.109,0.5866111778182812,1.0526315789473684,0.6956111778182812,1.3895726090141989,0.5020673939176441,0.5020673939176441,0.5020673939176441,0.5020673939176441,-1.1228424379882873,1.1228424379882873,0.01153593248836974,0.009022515529040319,0.6111364412785927,True,FULL,FULL_exp_log_rank_5
220,0.57,3.0,0.057,0.045,0.045,0.0423378142666348,1.6666666666666667,0.0873378142666348,5.252909248352316,0.045,0.6148284155821563,1.6666666666666667,0.6598284155821563,2.5064609958699844,0.5724906013155215,0.5724906013155215,0.5724906013155215,0.5724906013155215,-2.746448252482332,2.746448252482332,0.03431575048573382,0.025401939805188616,-19.14928216450486,True,FULL,FULL_exp_log_rank_5
221,0.74,3.0,0.052,0.0426666666666666,0.0426666666666666,0.0483380999196384,1.6666666666666667,0.091004766586305,3.990648101805694,0.0426666666666666,0.5187643021192,1.6666666666666667,0.5614309687858666,2.0594219011886175,0.4704262021995616,0.4704262021995616,0.4704262021995616,0.4704262021995616,-1.9312262006170764,1.9312262006170764,0.010733535750828374,0.00845631067446653,-1.0449098435521655,True,FULL,FULL_exp_log_rank_5
222,1.17,3.75,0.042,0.037,0.037,0.0379972465016185,1.3333333333333333,0.0749972465016185,2.7555455668379523,0.037,0.2260927194946493,1.3333333333333333,0.2630927194946493,1.6395992402423163,0.18809547299303078,0.18809547299303078,0.1880954729930308,0.1880954729930308,-1.115946326595636,1.115946326595636,0.002349111470068324,0.001944061270017562,0.8710861812357675,True,FULL,FULL_exp_log_rank_5
223,2.7,4.333333333333333,0.036,0.0356666666666666,0.0356666666666666,0.012315781767816,1.153846153846154,0.0479824484344826,2.0063850757344786,0.0356666666666666,0.0014265887747885,1.153846153846154,0.0370932554414551,2.671509855569014,-0.0108891929930275,0.0108891929930275,-0.0108891929930275,0.0108891929930275,0.6651247798345357,0.6651247798345357,0.0006348925756017242,0.00038802992017330953,0.9916649102911508,True,FULL,FULL_exp_log_rank_5
224,0.75,3.5,0.022,0.02125,0.02125,0.0026705992767688,1.4285714285714286,0.0239205992767688,6.637578410976577,0.02125,0.055930491320673,1.4285714285714286,0.077180491320673,2.71325087687243,0.0532598920439042,0.0532598920439042,0.0532598920439042,0.0532598920439042,-3.9243275341041466,3.9243275341041466,0.0039720786242387635,0.0028221039625640353,-0.7573987987987671,True,FULL,FULL_exp_log_rank_5
225,1.15,3.5,0.021,0.02,0.02,0.0073958891535081,1.4285714285714286,0.0273958891535081,3.6113543932907137,0.02,0.0100418979046131,1.4285714285714286,0.0300418979046131,3.0374011679966215,0.002646008751105001,0.002646008751105001,0.0026460087511049994,0.0026460087511049994,-0.5739532252940922,0.5739532252940922,0.0003449503459667943,0.00018150916412904485,0.9895240547168103,True,FULL,FULL_exp_log_rank_5
226,1.1,3.5,0.02,0.01925,0.01925,0.004956977641193,1.4285714285714286,0.024206977641193,4.054827267846036,0.01925,0.0081697330478468,1.4285714285714286,0.0274197330478468,3.2868185727381194,0.0032127554066537995,0.0032127554066537995,0.003212755406653802,0.003212755406653802,-0.768008695107917,0.768008695107917,0.0003105595220182477,0.00018426403462343922,0.990287397893203,True,FULL,FULL_exp_log_rank_5
228,0.7,3.0,0.059,0.0456666666666666,0.0456666666666666,0.0656740182268081,1.6666666666666667,0.1113406848934747,3.9285722676402535,0.0456666666666666,0.1773287050810538,1.6666666666666667,0.2229953717477204,2.664048397431567,0.1116546868542457,0.1116546868542457,0.1116546868542457,0.1116546868542457,-1.2645238702086865,1.2645238702086865,0.004100009547661164,0.003122425279608784,0.7677661695802305,True,FULL,FULL_exp_log_rank_5
229,0.8,3.75,0.039,0.03775,0.03775,0.0044128695173391,1.3333333333333333,0.0421628695173391,6.31959788609588,0.03775,0.0892353970408952,1.3333333333333333,0.1269853970408953,2.6174965671288826,0.0848225275235561,0.0848225275235561,0.08482252752355618,0.08482252752355618,-3.7021013189669976,3.7021013189669976,0.006545111122161827,0.004628514994923001,-0.5274412601852667,True,FULL,FULL_exp_log_rank_5
230,1.1,3.75,0.031,0.03025,0.03025,0.004226216061608,1.3333333333333333,0.034476216061608,4.574641618565765,0.03025,0.0339820465728208,1.3333333333333333,0.0642320465728208,2.4741304657328698,0.029755830511212798,0.029755830511212798,0.029755830511212805,0.029755830511212805,-2.100511152832895,2.100511152832895,0.001503787725651841,0.0011485906612280878,0.8981541766581578,True,FULL,FULL_exp_log_rank_5
234,0.99,3.0,0.523,0.4803333333333333,0.4803333333333333,0.3422582854093307,1.6666666666666667,0.822591618742664,3.6102895519762694,0.4803333333333333,0.3579938177119499,1.6666666666666667,0.8383271510452832,3.1781468087435263,0.015735532302619204,0.015735532302619204,0.01573553230261926,0.01573553230261926,-0.43214274323274315,0.43214274323274315,0.01303752853870679,0.007023469585959337,0.9757214852007711,True,FULL,FULL_exp_log_rank_5
235,1.49,3.0,0.929,0.87,0.87,1.3911680147990315,1.6666666666666667,2.261168014799032,2.4688599946843404,0.87,1.2892676629653632,1.6666666666666667,2.1592676629653633,2.1987055559383677,-0.1019003518336683,0.1019003518336683,-0.10190035183366852,0.10190035183366852,-0.27015443874597267,0.27015443874597267,0.049256348830898536,0.033520135685145204,0.9142611105546772,True,FULL,FULL_exp_log_rank_5
236,2.48,3.5,1.278,1.2245,1.2245,4.974718816480315,1.4285714285714286,6.199218816480315,1.7047169871616714,1.2245,5.070219809907176,1.4285714285714286,6.294719809907176,1.5482360665906445,0.09550099342686114,0.09550099342686114,0.09550099342686114,0.09550099342686114,-0.15648092057102692,0.15648092057102692,0.10318299981288602,0.07208708249049334,0.8100449395391445,True,FULL,FULL_exp_log_rank_5
238,1.16,3.0,0.606,0.5299999999999999,0.5299999999999999,0.9995028593983644,1.6666666666666667,1.5295028593983642,2.6762963684092975,0.5299999999999999,0.4749217019504951,1.6666666666666667,1.004921701950495,2.741987737019961,-0.5245811574478693,0.5245811574478693,-0.5245811574478692,0.5245811574478692,0.06569136861066349,0.06569136861066349,0.04001608873132568,0.028805195025050224,0.8416329215651954,True,FULL,FULL_exp_log_rank_5
239,2.0,3.5,0.785,0.745,0.745,1.4880839300345443,1.4285714285714286,2.2330839300345446,1.9471028822830023,0.745,1.5373374748288722,1.4285714285714286,2.2823374748288723,1.7185478447462668,0.049253544794327864,0.049253544794327864,0.04925354479432764,0.04925354479432764,-0.22855503753673556,0.22855503753673556,0.047305724116541346,0.03308708632646138,0.8970971873401753,True,FULL,FULL_exp_log_rank_5
240,1.84,3.0,1.067,0.9266666666666667,0.9266666666666667,11.34965538746409,1.6666666666666667,12.276322054130755,1.8769974838423913,0.9266666666666667,2.585234936072359,1.6666666666666667,3.5119016027390257,1.9061133668808143,-8.76442045139173,8.76442045139173,-8.764420451391729,8.764420451391729,0.02911588303842305,0.02911588303842305,0.19105794851655714,0.1464632701905514,0.10560250375571889,True,FULL,FULL_exp_log_rank_5
241,2.5,3.5,1.53,1.435,1.435,11.191062390354295,1.4285714285714286,12.626062390354296,1.6206039521105755,1.435,5.582070638539564,1.4285714285714286,7.017070638539564,1.5536616799204084,-5.608991751814731,5.608991751814731,-5.608991751814732,5.608991751814732,-0.06694227219016713,0.06694227219016713,0.17980689629959876,0.12848426847206582,0.5846016085629036,True,FULL,FULL_exp_log_rank_5
242,1.28,13.0,0.381,0.236,0.236,0.2798827945510767,0.3846153846153846,0.5158827945510767,2.332154177278262,0.236,0.6610258062813473,0.3846153846153846,0.8970258062813473,1.8504009736615716,0.38114301173027065,0.38114301173027065,0.38114301173027065,0.38114301173027065,-0.4817532036166903,0.4817532036166903,0.0701867132380233,0.04416021455156688,-0.834402009910665,True,FULL,FULL_exp_log_rank_5
243,1.94,13.0,1.479,1.139,1.139,0.9051763320711632,0.3846153846153846,2.0441763320711632,1.6142343389282214,1.139,0.7716245028920472,0.3846153846153846,1.9106245028920472,1.5804418178833952,-0.133551829179116,0.133551829179116,-0.133551829179116,0.133551829179116,-0.03379252104482622,0.03379252104482622,0.029036034073744162,0.017585233025590404,0.9757509859274103,True,FULL,FULL_exp_log_rank_5
244,2.29,13.0,30.401,2.493,2.493,191.4872115140508,0.3846153846153846,193.9802115140508,0.5794840127037909,2.493,25.00532718141306,0.3846153846153846,27.49832718141306,0.6656337338720856,-166.48188433263775,166.48188433263775,-166.48188433263775,166.48188433263775,0.08614972116829467,0.08614972116829467,11.635874326217872,8.441874895220355,-0.4993078365126207,True,FULL,FULL_exp_log_rank_5
245,3.95,13.0,5.488,4.171,4.171,11.473466241634494,0.3846153846153846,15.644466241634497,0.6512771868667829,4.171,13.42051910968657,0.3846153846153846,17.59151910968657,0.5381805337391095,1.9470528680520758,1.9470528680520758,1.9470528680520722,1.9470528680520722,-0.11309665312767347,0.11309665312767347,0.36295537195516614,0.2201551503548855,0.8233003886848055,True,FULL,FULL_exp_log_rank_5
246,0.34,13.0,0.306,0.104,0.104,0.238125551076079,0.3846153846153846,0.342125551076079,11.465962069935722,0.104,0.6799690204264122,0.3846153846153846,0.7839690204264121,10.540736291949234,0.44184346935033314,0.44184346935033314,0.44184346935033314,0.44184346935033314,-0.9252257779864888,0.9252257779864888,0.11707214387170074,0.06659671753167785,-3.7832799920066096,True,FULL,FULL_exp_log_rank_5
247,0.55,13.0,1.422,0.768,0.768,0.854926430267495,0.3846153846153846,1.622926430267495,6.829794290098721,0.768,0.5666453350457059,0.3846153846153846,1.334645335045706,7.2917942061761005,-0.28828109522178913,0.28828109522178913,-0.28828109522178913,0.28828109522178913,0.4619999160773798,0.4619999160773798,0.07269427559065351,0.04208279046847187,0.8601391479421439,True,FULL,FULL_exp_log_rank_5
248,1.07,13.0,2.417,1.547,1.547,1.4889207977309928,0.3846153846153846,3.0359207977309928,3.0462519251595546,1.547,1.016995697462458,0.3846153846153846,2.563995697462458,3.240705564537047,-0.47192510026853474,0.47192510026853474,-0.47192510026853496,0.47192510026853496,0.1944536393774925,0.1944536393774925,0.10257421076391662,0.06199436123081746,0.8895517350670606,True,FULL,FULL_exp_log_rank_5
249,1.08,13.0,4.482,3.316,3.316,1.9761134955053168,0.3846153846153846,5.292113495505316,3.3738748448845737,3.316,3.856831040002593,0.3846153846153846,7.172831040002593,2.795806785259648,1.8807175444972761,1.8807175444972761,1.8807175444972764,1.8807175444972764,-0.5780680596249255,0.5780680596249255,0.3869619446115585,0.23640289845681464,0.4103761030752161,True,FULL,FULL_exp_log_rank_5
250,0.1,15.0,0.367,0.136,0.136,0.2402542971419538,0.3333333333333333,0.3762542971419538,56.09759499434641,0.136,0.8512936208157418,0.3333333333333333,0.9872936208157418,52.38841481527175,0.611039323673788,0.611039323673788,0.611039323673788,0.611039323673788,-3.7091801790746572,3.7091801790746572,0.166561413651807,0.09358417328452415,-7.620514684464846,True,FULL,FULL_exp_log_rank_5
251,0.67,15.0,1.297,0.843,0.843,0.5998183417647385,0.3333333333333333,1.4428183417647384,6.0080454699914485,0.843,0.8436030303763091,0.3333333333333333,1.686603030376309,5.570469706560153,0.24378468861157065,0.24378468861157065,0.24378468861157065,0.24378468861157065,-0.4375757634312958,0.4375757634312958,0.060368381983708155,0.035132812037288026,0.8408689109218251,True,FULL,FULL_exp_log_rank_5
252,0.78,15.0,3.232,2.23,2.23,1.3862854300913423,0.3333333333333333,3.6162854300913425,5.115435733153055,2.23,0.8385663726707704,0.3333333333333333,3.0685663726707704,5.617701052338609,-0.5477190574205719,0.5477190574205719,-0.5477190574205721,0.5477190574205721,0.502265319185554,0.502265319185554,0.13326931606266923,0.07793581049315275,0.8642607533306899,True,FULL,FULL_exp_log_rank_5
253,2.08,15.0,4.233,3.386,3.386,2.0681407318693763,0.3333333333333333,5.454140731869376,1.6219591173534793,3.386,7.264292716566746,0.3333333333333333,10.650292716566746,1.0844318697119426,5.196151984697369,5.196151984697369,5.196151984697369,5.196151984697369,-0.5375272476415367,0.5375272476415367,0.7253062617713666,0.48037382900295206,-1.004127840757869,True,FULL,FULL_exp_log_rank_5
254,0.42,15.0,0.464,0.223,0.223,0.286841251907236,0.3333333333333333,0.509841251907236,9.785018691865965,0.223,0.8126944333663321,0.3333333333333333,1.035694433366332,8.66853379975467,0.5258531814590961,0.5258531814590961,0.5258531814590961,0.5258531814590961,-1.1164848921112949,1.1164848921112949,0.13858103158581211,0.07899827935366552,-3.2574051852806383,True,FULL,FULL_exp_log_rank_5
255,1.34,15.0,1.532,0.812,0.812,1.3202731944591186,0.3333333333333333,2.1322731944591187,2.118955632610797,0.812,1.173682042384048,0.3333333333333333,1.985682042384048,2.0988802614277584,-0.14659115207507067,0.14659115207507067,-0.14659115207507067,0.14659115207507067,-0.02007537118303837,0.02007537118303837,0.0333966395551829,0.019949698457172704,0.9797279659177461,True,FULL,FULL_exp_log_rank_5
256,1.56,15.0,2.845,1.821,1.821,2.049502462074934,0.3333333333333333,3.870502462074933,1.917214666999875,1.821,1.7661836604399384,0.3333333333333333,3.5871836604399383,1.9048459983080597,-0.28331880163499545,0.28331880163499545,-0.2833188016349948,0.2833188016349948,-0.01236866869181541,0.01236866869181541,0.062230143111099645,0.03755506414956859,0.9731397941347135,True,FULL,FULL_exp_log_rank_5
257,1.9,15.0,4.37,3.015,3.015,3.1599174946212627,0.3333333333333333,6.174917494621263,1.5540138559861083,3.015,3.662487656656381,0.3333333333333333,6.677487656656381,1.4075924021455253,0.5025701620351182,0.5025701620351182,0.5025701620351182,0.5025701620351182,-0.14642145384058303,0.14642145384058303,0.062474002066552306,0.04138415761739271,0.9880128334305859,True,FULL,FULL_exp_log_rank_5
258,2.09,15.0,55.263,3.813,3.813,190.18212243089908,0.3333333333333333,193.99512243089907,0.7174733228095233,3.813,247.93405238281713,0.3333333333333333,251.74705238281712,0.6858787210687899,57.751929951918044,57.751929951918044,57.751929951918044,57.751929951918044,-0.031594601740733363,0.031594601740733363,5.737244377541342,4.025113429053853,0.8878289047546389,True,FULL,FULL_exp_log_rank_5
284,0.27,1.6652089623887931,2.655,1.3036485066778338,1.3036485066778338,4.61028992899217,3.002626164602998,5.913938435670004,7.913618795998358,1.3036485066778338,1.4748934993650056,3.002626164602998,2.7785420060428394,9.686143098671977,-3.1353964296271646,3.1353964296271646,-3.1353964296271646,3.1353964296271646,1.7725243026736184,1.7725243026736184,0.4102787875486765,0.27653522601921876,0.2815513742852025,True,FULL,FULL_exp_log_rank_5
285,0.5,3.083720300719987,2.417,0.6555920235894309,0.6555920235894309,7.127781251237852,1.621418128885619,7.783373274827283,3.420782268328867,0.6555920235894309,2.225436353699099,1.621418128885619,2.88102837728853,3.885928115834419,-4.902344897538752,4.902344897538752,-4.902344897538753,4.902344897538753,0.4651458475055521,0.4651458475055521,0.5528503472845896,0.38087698304097456,0.14796935171448344,True,FULL,FULL_exp_log_rank_5
287,0.29,1.7885577744175924,3.214,1.959240530267265,1.959240530267265,3.9894927128527247,2.7955484980786536,5.94873324311999,8.412171305906568,1.959240530267265,0.9811643664574934,2.7955484980786536,2.9404048967247585,11.438811823666516,-3.0083283463952313,3.0083283463952313,-3.0083283463952313,3.0083283463952313,3.0266405177599474,3.0266405177599474,0.4139762914312357,0.27616518932793194,0.2986581491752348,True,FULL,FULL_exp_log_rank_5
289,0.44,2.7136738646335887,5.856,2.848434309388562,2.848434309388562,10.290924987900752,1.8425206010063853,13.139359297289314,4.832563228905287,2.848434309388562,2.5272218797991908,1.8425206010063853,5.375656189187753,6.381068423467382,-7.763703108101561,7.763703108101561,-7.763703108101561,7.763703108101561,1.548505194562095,1.548505194562095,1.0065494558901582,0.6793841776504624,0.12302716192772478,True,FULL,FULL_exp_log_rank_5
291,0.42,2.590325052604789,4.293,1.959240530267265,1.959240530267265,8.144262348078403,1.9302596772447849,10.103502878345669,4.906645401620717,1.959240530267265,1.5462455421469086,1.9302596772447849,3.5054860724141736,6.918438048172339,-6.598016805931494,6.598016805931494,-6.598016805931495,6.598016805931495,2.011792646551622,2.011792646551622,0.8392314825895106,0.5681590694014129,-0.03920348878025792,True,FULL,FULL_exp_log_rank_5
292,0.27,1.6652089623887931,1.816,0.6555920235894309,0.6555920235894309,4.340373544875488,3.002626164602998,4.99596556846492,6.93036783035678,0.6555920235894309,1.62901287524994,3.002626164602998,2.284604898839371,7.782805698166982,-2.7113606696255483,2.7113606696255483,-2.711360669625549,2.711360669625549,0.8524378678102016,0.8524378678102016,0.33069687466953473,0.22527667154708564,0.31277254277496325,True,FULL,FULL_exp_log_rank_5
293,0.55,3.392092330791986,3.752,1.3488617496840016,1.3488617496840016,8.999404803617814,1.4740164808051082,10.348266553301816,3.397073578572742,1.3488617496840016,1.5480671524302825,1.4740164808051082,2.896928902114284,4.735276962876354,-7.451337651187532,7.451337651187532,-7.451337651187531,7.451337651187531,1.3382033843036116,1.3382033843036116,0.8912405883947213,0.609305425761375,-0.1644629297172202,True,FULL,FULL_exp_log_rank_5
295,1.2,7.400928721727968,0.0307,0.0217962758401608,0.0217962758401608,0.0268208917452208,0.6755908870356747,0.0486171675853816,2.3157906832156443,0.0217962758401608,0.056994587174114,0.6755908870356747,0.0787908630142748,1.7281320655215178,0.0301736954288932,0.0301736954288932,0.030173695428893206,0.030173695428893206,-0.5876586176941265,0.5876586176941265,0.0030773798459656472,0.0021378637297329727,0.4575693128922611,True,FULL,FULL_exp_log_rank_5
296,2.0,12.334881202879949,0.131,0.0508579769603752,0.0508579769603752,0.2935284290129898,0.4053545322214048,0.344386405973365,0.9614433155844516,0.0508579769603752,1.0309898954948369,0.4053545322214048,1.081847872455212,0.7089214337132245,0.7374614664818471,0.7374614664818471,0.7374614664818471,0.7374614664818471,-0.25252188187122715,0.25252188187122715,0.057513424045504885,0.04159380253942204,-3.310591654461482,True,FULL,FULL_exp_log_rank_5
297,1.8,11.101393082591954,0.046,0.0145308505601072,0.0145308505601072,0.1222071066849876,0.4503939246904497,0.1367379572450948,0.9937795159488002,0.0145308505601072,0.2198955054613598,0.4503939246904497,0.234426356021467,0.8163303387601085,0.0976883987763722,0.0976883987763722,0.0976883987763722,0.0976883987763722,-0.1774491771886917,0.1774491771886917,0.006460581334152974,0.0047725969587407826,0.6385893108452634,True,FULL,FULL_exp_log_rank_5
302,0.75,4.625580451079981,0.055,0.0153092991217785,0.0153092991217785,0.1595143577214117,1.080945419257079,0.1748236568431902,2.2969478423570417,0.0153092991217785,0.530833139697997,1.080945419257079,0.5461424388197754,1.7953116152859083,0.37131878197658524,0.37131878197658524,0.3713187819765852,0.3713187819765852,-0.5016362270711334,0.5016362270711334,0.027005732594017895,0.019645196161276884,-2.9995235673373752,True,FULL,FULL_exp_log_rank_5
303,0.91,5.612370947310377,0.041,0.0153092991217785,0.0153092991217785,0.0951653865132687,0.8908890818052851,0.1104746856350472,2.0818876302589207,0.0153092991217785,0.2492653268923258,0.8908890818052851,0.2645746260141043,1.5994857580622854,0.1540999403790571,0.1540999403790571,0.1540999403790571,0.1540999403790571,-0.4824018721966352,0.4824018721966352,0.011711142863870727,0.008506629976912006,-0.7501846138612998,True,FULL,FULL_exp_log_rank_5
304,1.87,11.533113924692753,0.046,0.0153092991217785,0.0153092991217785,0.1174680513670647,0.4335342590603259,0.1327773504888432,0.9728764088168116,0.0153092991217785,0.16673195006163,0.4335342590603259,0.1820412491834085,0.8238089864770689,0.049263898694565295,0.049263898694565295,0.049263898694565295,0.049263898694565295,-0.14906742233974268,0.14906742233974268,0.002666969538820393,0.0019864789909534598,0.935530156978209,True,FULL,FULL_exp_log_rank_5
305,2.17,13.383346105124744,0.042,0.0153092991217785,0.0153092991217785,0.0995579974430193,0.373598647208668,0.1148672965647978,0.8653228395367738,0.0153092991217785,0.0871709513553389,0.373598647208668,0.1024802504771175,0.7977540341404479,-0.012387046087680403,0.012387046087680403,-0.012387046087680306,0.012387046087680306,-0.06756880539632593,0.06756880539632593,0.0027285037122629424,0.0017030776628562405,0.9116837413813402,True,FULL,FULL_exp_log_rank_5
311,1.45,8.942788872087963,1.14,0.7935883525311068,0.7935883525311068,1.051107361858608,0.5591096996157306,1.844695714389715,1.879665749713435,0.7935883525311068,0.6049341940224487,0.5591096996157306,1.3985225465535556,2.024466901173344,-0.44617316783615923,0.44617316783615923,-0.44617316783615935,0.44617316783615935,0.1448011514599088,0.1448011514599088,0.0683401814464724,0.0447701827132794,0.811596938147038,True,FULL,FULL_exp_log_rank_5
314,1.8,11.101393082591954,3.8,2.3726672172613705,2.3726672172613705,4.501119428750482,0.4503939246904497,6.873786646011853,1.379736428464202,2.3726672172613705,0.1484081770413343,0.4503939246904497,2.521075394302705,3.094731911417161,-4.352711251709148,4.352711251709148,-4.352711251709148,4.352711251709148,1.7149954829529592,1.7149954829529592,0.5930728895788379,0.39090367173802754,-0.07161341170328517,True,FULL,FULL_exp_log_rank_5
316,1.1,6.784184661583972,1.23,0.5909609098097346,0.5909609098097346,2.195000047586552,0.7370082404025541,2.7859609573962865,1.920963652491806,0.5909609098097346,0.6663113973679591,0.7370082404025541,1.2572723071776937,2.3798653332151263,-1.5286886502185928,1.5286886502185928,-1.5286886502185928,1.5286886502185928,0.4589016807233204,0.4589016807233204,0.19850661693023444,0.13396748505816947,0.24021062384371816,True,FULL,FULL_exp_log_rank_5
321,1.5,9.25116090215996,2.94,0.5553062574145964,0.5553062574145964,10.568278952724356,0.5404727096285398,11.123585210138952,1.04691166819964,0.5553062574145964,17.77629409140235,0.5404727096285398,18.331600348816945,0.903631252813902,7.208015138677993,7.208015138677993,7.208015138677993,7.208015138677993,-0.143280415385738,0.143280415385738,0.41797348535401846,0.3124322666802407,0.7322242470840508,True,FULL,FULL_exp_log_rank_5
322,1.7,10.484649022447956,1.47,1.1106125148291928,1.1106125148291928,1.0572811334663703,0.4768876849663586,2.1678936482955633,1.7502458150213789,1.1106125148291928,0.9030934660045578,0.4768876849663586,2.0137059808337505,1.6943441870744749,-0.15418766746181256,0.15418766746181256,-0.15418766746181278,0.15418766746181278,-0.05590162794690401,0.05590162794690401,0.03398254904091629,0.020556451302579725,0.9686672741477593,True,FULL,FULL_exp_log_rank_5
323,1.7,10.484649022447956,7.35,2.2212250296583855,2.2212250296583855,20.160376750419932,0.4768876849663586,22.381601780078316,1.0379375597762583,2.2212250296583855,8.329563250153637,0.4768876849663586,10.550788279812023,1.1161539260820894,-11.830813500266295,11.830813500266295,-11.830813500266293,11.830813500266293,0.07821636630583106,0.07821636630583106,1.3957882373660262,0.9550245678208633,0.3629632545564304,True,FULL,FULL_exp_log_rank_5
327,0.1,0.6167440601439975,0.08,0.0796743371481683,0.0796743371481683,0.0008090983306987,8.107090644428094,0.080483435478867,77.68977402204777,0.0796743371481683,0.2880692620221726,8.107090644428094,0.3677435991703409,19.13864702001637,0.2872601636914739,0.2872601636914739,0.2872601636914739,0.2872601636914739,-58.5511270020314,58.5511270020314,0.0327870074475791,0.022146000938733465,-11.357597997996992,True,FULL,FULL_exp_log_rank_5
329,1.2,7.400928721727968,0.024,0.0202072594216368,0.0202072594216368,0.010665146237602,0.6755908870356747,0.0308724056592388,2.9023919692701785,0.0202072594216368,0.0122369705819875,0.6755908870356747,0.0324442300036243,2.6164695094264556,0.0015718243443855005,0.0015718243443855005,0.0015718243443854987,0.0015718243443854987,-0.2859224598437229,0.2859224598437229,0.00018908747057079566,0.0001252121956391388,0.9960225378099969,True,FULL,FULL_exp_log_rank_5
330,1.1,6.784184661583972,0.025,0.0202072594216368,0.0202072594216368,0.0137190748784508,0.7370082404025541,0.0339263343000876,2.9611290302817843,0.0202072594216368,0.0250526121654423,0.7370082404025541,0.0452598715870791,2.315325807612378,0.011333537286991501,0.011333537286991501,0.011333537286991498,0.011333537286991498,-0.6458032226694064,0.6458032226694064,0.0012637585795321517,0.0008511320230036732,0.8400687811458195,True,FULL,FULL_exp_log_rank_5
331,1.25,7.709300751799968,0.047,0.0398371685740841,0.0398371685740841,0.0200809505252075,0.6485672515542477,0.0599181190992916,2.820311710406355,0.0398371685740841,0.1186516176484546,0.6485672515542477,0.1584887862225387,1.6051030727853184,0.0985706671232471,0.0985706671232471,0.09857066712324711,0.09857066712324711,-1.2152086376210365,1.2152086376210365,0.0111085775282642,0.007621310236868243,-2.5888752561104575,True,FULL,FULL_exp_log_rank_5
332,1.2,7.400928721727968,0.05,0.0398371685740841,0.0398371685740841,0.0292663957131568,0.6755908870356747,0.0691035642872409,2.6576864448773354,0.0398371685740841,0.1451174892436693,0.6755908870356747,0.1849546578177534,1.592060768725713,0.1158510935305125,0.1158510935305125,0.11585109353051248,0.11585109353051248,-1.0656256761516225,1.0656256761516225,0.012522243040967763,0.00866435905022638,-2.8814564869735535,True,FULL,FULL_exp_log_rank_5
333,1.6,9.86790496230396,0.093,0.0796743371481683,0.0796743371481683,0.0371742575975103,0.5066931652767559,0.1168485947456786,2.2486028629786348,0.0796743371481683,0.3075357050330517,0.5066931652767559,0.38721004218122,1.1779372916855797,0.2703614474355414,0.2703614474355414,0.2703614474355414,0.2703614474355414,-1.070665571293055,1.070665571293055,0.029774440100714693,0.020526992205472508,-5.608005351760907,True,FULL,FULL_exp_log_rank_5
334,2.5,15.418601503599936,0.1,0.0796743371481683,0.0796743371481683,0.0585327914263222,0.3242836257771238,0.1382071285744905,1.275689493540873,0.0796743371481683,0.3976143487717951,0.3242836257771238,0.4772886859199634,0.7118241735155567,0.33908155734547285,0.33908155734547285,0.33908155734547285,0.33908155734547285,-0.5638653200253162,0.5638653200253162,0.035532699751586364,0.024724405217214154,-6.813163014836268,True,FULL,FULL_exp_log_rank_5
335,1.8,11.101393082591954,0.233,0.1991858428704208,0.1991858428704208,0.0944249962521731,0.4503939246904497,0.2936108391225939,1.9904398436807709,0.1991858428704208,0.657323952449756,0.4503939246904497,0.8565097953201768,1.086831973454886,0.562898956197583,0.562898956197583,0.5628989561975829,0.5628989561975829,-0.903607870225885,0.903607870225885,0.06298997299598504,0.043285842620565784,-3.7087588738333883,True,FULL,FULL_exp_log_rank_5
336,4.0,24.669762405759897,0.251,0.1991858428704208,0.1991858428704208,0.1494580982300445,0.2026772661107024,0.3486439411004653,0.792806515114832,0.1991858428704208,2.6148569147761673,0.2026772661107024,2.8140427576465883,0.3745742459082083,2.4653988165461227,2.4653988165461227,2.465398816546123,2.465398816546123,-0.4182322692066237,0.4182322692066237,0.23020513599092962,0.16265041809691502,-50.87687412639715,True,FULL,FULL_exp_log_rank_5
337,1.13,6.96920787962717,0.045,0.0153092991217785,0.0153092991217785,0.1129415099906837,0.7174416499493891,0.1282508091124622,1.6219045254507285,0.0153092991217785,0.2650901466376225,0.7174416499493891,0.280399445759401,1.278213794936803,0.15214863664693878,0.15214863664693878,0.1521486366469388,0.1521486366469388,-0.3436907305139254,0.3436907305139254,0.011111672926556987,0.008109190343594967,-0.19324061780190993,True,FULL,FULL_exp_log_rank_5
338,1.74,10.731346646505555,0.033,0.0153092991217785,0.0153092991217785,0.0614267591501006,0.4659247496797756,0.0767360582718792,1.1936384711708052,0.0153092991217785,0.0417545709920225,0.4659247496797756,0.057063870113801,1.17901016334605,-0.019672188158078106,0.019672188158078106,-0.019672188158078197,0.019672188158078197,-0.014628307824755327,0.014628307824755327,0.0029430055817543685,0.0019359852576946001,0.7789231416507948,True,FULL,FULL_exp_log_rank_5
339,2.13,13.136648481067144,0.035,0.0153092991217785,0.0153092991217785,0.0696089127687665,0.3806145842454505,0.084918211890545,0.9488333573269884,0.0153092991217785,0.0317198222827279,0.3806145842454505,0.0470291214045065,1.035303891530028,-0.037889090486038605,0.037889090486038605,-0.03788909048603851,0.03788909048603851,0.08647053420303974,0.08647053420303974,0.0049418380882144805,0.003330919561020527,0.48688973894764165,True,FULL,FULL_exp_log_rank_5
341,1.13,6.96920787962717,0.055,0.0153092991217785,0.0153092991217785,0.1595143577209842,0.7174416499493891,0.1748236568427627,1.524522904222498,0.0153092991217785,0.448322888461018,0.7174416499493891,0.4636321875827965,1.2089145675539816,0.28880853074003376,0.28880853074003376,0.2888085307400338,0.2888085307400338,-0.3156083366685163,0.3156083366685163,0.02071004169630229,0.01510508264271921,-1.3521135332816763,True,FULL,FULL_exp_log_rank_5
342,1.22,7.524277533756768,0.039,0.0153092991217785,0.0153092991217785,0.0864894320112215,0.6645156265924669,0.101798731133,1.5829859963913084,0.0153092991217785,0.1619383267974357,0.6645156265924669,0.1772476259192142,1.2685075443717586,0.0754488947862142,0.0754488947862142,0.0754488947862142,0.0754488947862142,-0.3144784520195498,0.3144784520195498,0.005453484207471833,0.003988986265241434,0.5573553015181638,True,FULL,FULL_exp_log_rank_5
343,1.45,8.942788872087963,0.034,0.0153092991217785,0.0153092991217785,0.0654950286258003,0.5591096996157306,0.0808043277475788,1.4123161332544465,0.0153092991217785,0.0751348094529212,0.5591096996157306,0.0904441085746997,1.2316954421582238,0.0096397808271209,0.0096397808271209,0.0096397808271209,0.0096397808271209,-0.1806206910962227,0.1806206910962227,0.0005723505148233135,0.00040276551799946415,0.9924295938802522,True,FULL,FULL_exp_log_rank_5
345,0.6,3.700464360863984,0.062,0.0153092991217785,0.0153092991217785,0.1936315334445874,1.3511817740713494,0.2089408325663659,2.78103428223211,0.0153092991217785,0.713802011405494,1.3511817740713494,0.7291113105272725,2.195915440040374,0.5201704779609067,0.5201704779609067,0.5201704779609067,0.5201704779609067,-0.5851188421917359,0.5851188421917359,0.03746943910718662,0.027247544780572498,-4.587942889020545,True,FULL,FULL_exp_log_rank_5
346,0.7,4.317208421007981,0.05,0.0153092991217785,0.0153092991217785,0.1358772828198478,1.1581558063468709,0.1511865819416263,2.530764500816095,0.0153092991217785,0.4485774938259805,1.1581558063468709,0.463886792947759,1.9514335958309377,0.3127002110061327,0.3127002110061327,0.31270021100613266,0.31270021100613266,-0.5793309049851572,0.5793309049851572,0.023092972450301803,0.01678277762223626,-2.8081915975626397,True,FULL,FULL_exp_log_rank_5
347,0.9,5.550696541295977,0.034,0.0153092991217785,0.0153092991217785,0.0654950141480271,0.9007878493808994,0.0808043132698056,2.275398701589776,0.0153092991217785,0.1565718833718472,0.9007878493808994,0.1718811824936257,1.7287698857480356,0.09107686922382009,0.09107686922382009,0.09107686922382009,0.09107686922382009,-0.5466288158417405,0.5466288158417405,0.007305964179218048,0.005278607147296454,-0.23353111867619636,True,FULL,FULL_exp_log_rank_5
348,1.8,11.101393082591954,0.027,0.0153092991217785,0.0153092991217785,0.038082793731829,0.4503939246904497,0.0533920928536075,1.2897687725693818,0.0153092991217785,0.0057906872386004,0.4503939246904497,0.021099986360379,1.9957754749458367,-0.0322921064932286,0.0322921064932286,-0.0322921064932285,0.0322921064932285,0.7060067023764549,0.7060067023764549,0.004339974664392692,0.002904995020885224,0.030515028660127008,True,FULL,FULL_exp_log_rank_5
349,1.13,6.96920787962717,0.043,0.0153092991217785,0.0153092991217785,0.1039855497101338,0.7174416499493891,0.1192948488319123,1.6477168177591195,0.0153092991217785,0.2340260606929649,0.7174416499493891,0.2493353598147434,1.2986217297258291,0.1300405109828311,0.1300405109828311,0.1300405109828311,0.1300405109828311,-0.34909508803329037,0.34909508803329037,0.00954610605478075,0.006965990921912676,-0.007398728374290897,True,FULL,FULL_exp_log_rank_5
350,1.37,8.449393623972766,0.041,0.0153092991217785,0.0153092991217785,0.0951653865075495,0.591758441199131,0.110474685629328,1.3828596668882291,0.0153092991217785,0.1647537622461847,0.591758441199131,0.1800630613679632,1.1265651692760164,0.06958837573863522,0.06958837573863522,0.06958837573863522,0.06958837573863522,-0.2562944976122128,0.2562944976122128,0.004768960794040195,0.003507866822332782,0.7097763445738667,True,FULL,FULL_exp_log_rank_5
351,1.67,10.299625804404757,0.032,0.0153092991217785,0.0153092991217785,0.057405854043788,0.4854545296064728,0.0727151531655665,1.2626030593869657,0.0153092991217785,0.0395775239085446,0.4854545296064728,0.0548868230303231,1.2454339117118476,-0.017828330135243403,0.017828330135243403,-0.017828330135243396,0.017828330135243396,-0.017169147675118124,0.017169147675118124,0.0027098154429529356,0.0017774115576584158,0.7920575736399355,True,FULL,FULL_exp_log_rank_5
353,0.9,5.550696541295977,0.037,0.0153092991217785,0.0153092991217785,0.0779670989319231,0.9007878493808994,0.0932763980537016,2.192227389199339,0.0153092991217785,0.1951072978909375,0.9007878493808994,0.210416597012716,1.6718502670664652,0.1171401989590144,0.1171401989590144,0.11714019895901441,0.11714019895901441,-0.5203771221328737,0.5203771221328737,0.009152041898578187,0.006630973621984033,-0.4712205582343787,True,FULL,FULL_exp_log_rank_5
354,1.05,6.475812631511974,0.032,0.0153092991217785,0.0153092991217785,0.0574058541682785,0.7721038708979138,0.0727151532900571,2.0081400996379837,0.0153092991217785,0.1066470439489452,0.7721038708979138,0.1219563430707237,1.584565802449134,0.049241189780666696,0.049241189780666696,0.049241189780666605,0.049241189780666605,-0.42357429718884965,0.42357429718884965,0.00387069829178439,0.0028002312575283227,0.5757300021589237,True,FULL,FULL_exp_log_rank_5
355,1.15,7.09255669165597,0.028,0.0153092991217785,0.0153092991217785,0.0418356081862674,0.7049644038633127,0.0571449073080459,1.9734344433232216,0.0153092991217785,0.0551495240063421,0.7049644038633127,0.0704588231281207,1.6656778834200094,0.013313915820074698,0.013313915820074698,0.013313915820074795,0.013313915820074795,-0.30775655990321216,0.30775655990321216,0.0008959737317663124,0.0006450856560243088,0.9637536399541372,True,FULL,FULL_exp_log_rank_5
356,1.4,8.634416842015963,0.024,0.0153092991217785,0.0153092991217785,0.0272042150777216,0.5790779031734354,0.0425135141995001,1.8037445140554815,0.0153092991217785,0.0099269186865975,0.5790779031734354,0.025236217808376,2.1984287803182925,-0.017277296391124103,0.017277296391124103,-0.0172772963911241,0.0172772963911241,0.39468426626281095,0.39468426626281095,0.002439873539994726,0.0016215862880992048,0.5288972706400499,True,FULL,FULL_exp_log_rank_5
357,0.75,4.625580451079981,0.028,0.0153092991217785,0.0153092991217785,0.0418356081843982,1.080945419257079,0.0571449073061767,3.0259328132395527,0.0153092991217785,0.1175087900166204,1.080945419257079,0.132818089138399,2.1788501182987186,0.0756731818322222,0.0756731818322222,0.0756731818322223,0.0756731818322223,-0.8470826949408341,0.8470826949408341,0.006664982384219787,0.004758776266609323,-1.0057271699367871,True,FULL,FULL_exp_log_rank_5
358,1.15,7.09255669165597,0.026,0.0153092991217785,0.0153092991217785,0.0343911653190034,0.7049644038633127,0.0497004644407819,2.0699745048837284,0.0153092991217785,0.0396179611740467,0.7049644038633127,0.0549272602958252,1.8081097036285327,0.005226795855043299,0.005226795855043299,0.005226795855043306,0.005226795855043306,-0.2618648012551956,0.2618648012551956,0.0003684871262034888,0.00026541283648905307,0.9919830680041426,True,FULL,FULL_exp_log_rank_5
359,1.1,6.784184661583972,0.024,0.0153092991217785,0.0153092991217785,0.0272042141314279,0.7370082404025541,0.0425135132532064,2.2956749282231264,0.0153092991217785,0.0303407407584977,0.7370082404025541,0.0456500398802763,2.029035284352885,0.0031365266270697995,0.0031365266270697995,0.0031365266270698966,0.0031365266270698966,-0.2666396438702412,0.2666396438702412,0.00029575242440838776,0.00019136140801033908,0.9930779040202267,True,FULL,FULL_exp_log_rank_5
360,1.2,7.400928721727968,0.022,0.0153092991217785,0.0153092991217785,0.0203041095024898,0.6755908870356747,0.0356134086242683,2.2704692840433656,0.0153092991217785,0.0113403848246572,0.6755908870356747,0.0266496839464357,2.4668572218018476,-0.0089637246778326,0.0089637246778326,-0.008963724677832602,0.008963724677832602,0.19638793775848207,0.19638793775848207,0.0013628307259020752,0.0008940107453139284,0.7989312173616323,True,FULL,FULL_exp_log_rank_5
