sample_id,u_peak,u_r,tau_peak,tau_r,true_a,true_b,true_c,true_d,true_e,estimated_a,estimated_b,estimated_c,estimated_d,estimated_e,error_b,abs_error_b,error_d,abs_error_d,error_e,abs_error_e,curve_rmse_tau_u,curve_mae_tau_u,curve_r2_tau_u,curve_valid,dataset,model_name
7,0.72,2.75,0.044,0.03175,0.03175,0.0801325410005739,1.818181818181818,0.1118825410005739,3.441242286799551,0.03175,0.3829464775572799,1.818181818181818,0.4146964775572799,2.1824104516251204,0.30281393655670596,0.30281393655670596,0.30281393655670596,0.30281393655670596,-1.2588318351744308,1.2588318351744308,0.0033520483746326654,0.0027350999573835873,0.7563278269013829,True,FULL,FULL_exp_log_rank_4
8,0.92,3.0,0.035,0.02825,0.02825,0.0557241852265918,1.6666666666666667,0.0839741852265918,3.007954906577982,0.02825,0.23472807970599,1.6666666666666667,0.2629780797059901,1.974320701024688,0.17900389447939818,0.17900389447939818,0.1790038944793983,0.1790038944793983,-1.0336342055532939,1.0336342055532939,0.0014228440468533954,0.001203627725582661,0.9312432777744325,True,FULL,FULL_exp_log_rank_4
9,0.97,3.0,0.029,0.0255,0.0255,0.0288872445152351,1.6666666666666667,0.0543872445152351,3.290221199159674,0.0255,0.1529024184579088,1.6666666666666667,0.1784024184579088,2.027943331514386,0.12401517394267371,0.12401517394267371,0.1240151739426737,0.1240151739426737,-1.2622778676452877,1.2622778676452877,0.001302147861821181,0.001102927126624184,0.9187391609292512,True,FULL,FULL_exp_log_rank_4
11,0.78,3.5,0.05,0.0417499999999999,0.0417499999999999,0.0354980845491272,1.4285714285714286,0.0772480845491271,4.004659571873231,0.0417499999999999,0.3448519773683309,1.4285714285714286,0.3866019773683308,2.017852693749281,0.30935389281920367,0.30935389281920367,0.30935389281920367,0.30935389281920367,-1.9868068781239496,1.9868068781239496,0.013029206579151497,0.00992571845291949,-2.5054081517978046,True,FULL,FULL_exp_log_rank_4
12,1.25,3.5,0.04,0.034,0.034,0.0670624339164287,1.4285714285714286,0.1010624339164287,2.366794324621144,0.034,0.2020635471954066,1.4285714285714286,0.2360635471954066,1.6851122600888917,0.1350011132789779,0.1350011132789779,0.1350011132789779,0.1350011132789779,-0.6816820645322521,0.6816820645322521,0.0018403500118529988,0.001142401372720897,0.9190279470385552,True,FULL,FULL_exp_log_rank_4
13,1.8,4.0,0.035,0.033,0.033,0.0334302203204883,1.25,0.0664302203204883,2.0972939397426664,0.033,0.0641392086123385,1.25,0.0971392086123385,1.6270704506740354,0.030708988291850203,0.030708988291850203,0.030708988291850203,0.030708988291850203,-0.470223489068631,0.470223489068631,0.0013295888297409871,0.0007683241859657733,0.9540522831427136,True,FULL,FULL_exp_log_rank_4
19,1.55,12.0,1.02,0.8525,0.8525,0.3782821788444106,0.4166666666666667,1.2307821788444109,2.3791759662313843,0.8525,0.1429024318179491,0.4166666666666667,0.9954024318179492,2.9265159294621896,-0.23537974702646153,0.23537974702646153,-0.2353797470264617,0.2353797470264617,0.5473399632308054,0.5473399632308054,0.04080746043055838,0.02553046058611444,0.882256696844146,True,FULL,FULL_exp_log_rank_4
27,0.87,3.25,2.35,1.9075,1.9075,2.7034029995062916,1.5384615384615383,4.610902999506291,3.276941309100947,1.9075,0.2727541385511671,1.5384615384615383,2.180254138551167,5.3630264369548435,-2.4306488609551247,2.4306488609551247,-2.4306488609551242,2.4306488609551242,2.0860851278538965,2.0860851278538965,0.19810000965344277,0.1404819906187298,0.6776860160419955,True,FULL,FULL_exp_log_rank_4
28,0.13,1.325,1.02,0.6675,0.6675,0.6738254010838505,3.7735849056603774,1.3413254010838505,23.891608655167115,0.6675,0.7449042086577575,3.7735849056603774,1.4124042086577575,22.39290634830405,0.07107880757390705,0.07107880757390705,0.07107880757390705,0.07107880757390705,-1.4987023068630663,1.4987023068630663,0.011486508854224508,0.007242754626794975,0.9924104242731254,True,FULL,FULL_exp_log_rank_4
29,0.6,2.425,4.93,4.2975,4.2975,3.110870023650559,2.061855670103093,7.408370023650559,5.517814597970529,4.2975,1.4340387868515831,2.061855670103093,5.7315387868515835,6.208079857491793,-1.676831236798976,1.676831236798976,-1.676831236798976,1.676831236798976,0.6902652595212642,0.6902652595212642,0.18524198110703757,0.1280947982686361,0.931857984620104,True,FULL,FULL_exp_log_rank_4
30,2.17,3.85,16.37,14.955,14.955,60.674147880173095,1.2987012987012987,75.6291478801731,1.6284330431129306,14.955,84.44680888715754,1.2987012987012987,99.40180888715754,1.4125695557021505,23.77266100698445,23.77266100698445,23.77266100698445,23.77266100698445,-0.2158634874107801,0.2158634874107801,1.592635576104433,1.1509631863941967,0.7192535672094358,True,FULL,FULL_exp_log_rank_4
31,0.24,1.275,0.66,0.475,0.475,0.6758571313827281,3.9215686274509807,1.150857131382728,11.17767536247715,0.475,0.916443520099217,3.9215686274509807,1.391443520099217,9.226508101420611,0.24058638871648896,0.24058638871648896,0.24058638871648896,0.24058638871648896,-1.951167261056538,1.951167261056538,0.014473725383742229,0.010826900398154116,0.975663918054477,True,FULL,FULL_exp_log_rank_4
32,0.3,2.175,4.71,4.1925,4.1925,1.211168346774408,2.298850574712644,5.403668346774408,13.642584509493682,4.1925,0.0227790768458886,2.298850574712644,4.2152790768458885,28.038133556983343,-1.1883892699285195,1.1883892699285195,-1.1883892699285195,1.1883892699285195,14.395549047489661,14.395549047489661,0.21365570651432414,0.13337466971428869,0.85160162498647,True,FULL,FULL_exp_log_rank_4
33,2.26,4.125,16.14,11.3475,11.3475,422.7987490320256,1.2121212121212122,434.1462490320256,1.3091974223177918,11.3475,161.87246236246256,1.2121212121212122,173.21996236246255,1.2588316748683843,-260.92628666956307,260.92628666956307,-260.92628666956307,260.92628666956307,-0.05036574744940747,0.05036574744940747,5.2368176536972255,4.035479814647015,-1.063570031404967,True,FULL,FULL_exp_log_rank_4
34,0.47,1.525,1.07,0.6975,0.6975,4.0455139668571585,3.278688524590164,4.743013966857158,4.812842755740618,0.6975,1.924989565079062,3.278688524590164,2.622489565079062,4.7050753995819585,-2.1205244017780966,2.1205244017780966,-2.120524401778096,2.120524401778096,-0.10776735615865984,0.10776735615865984,0.15639731768135706,0.11288173349041865,0.28207261790836724,True,FULL,FULL_exp_log_rank_4
35,0.47,2.2,4.91,4.25,4.25,2.5915991927768687,2.2727272727272725,6.841599192776869,7.213346651196478,4.25,1.840619033485777,2.2727272727272725,6.090619033485777,7.302172126304169,-0.7509801592910916,0.7509801592910916,-0.7509801592910916,0.7509801592910916,0.0888254751076909,0.0888254751076909,0.11907452813943625,0.07748241469271983,0.9685543771896236,True,FULL,FULL_exp_log_rank_4
36,1.48,3.625,14.91,14.235,14.235,8.232456046268986,1.3793103448275863,22.467456046268985,2.7321098339023515,14.235,27.82039014964605,1.3793103448275863,42.05539014964605,1.860838766116796,19.587934103377066,19.587934103377066,19.587934103377066,19.587934103377066,-0.8712710677855555,0.8712710677855555,0.431182276820079,0.2969813376692013,0.971990874803406,True,FULL,FULL_exp_log_rank_4
37,0.11,1.325,0.89,0.5625,0.5625,0.5639971811696873,3.7735849056603774,1.1264971811696871,29.2958502513531,0.5625,0.6669946356738965,3.7735849056603774,1.2294946356738965,27.334500305870648,0.10299745450420916,0.10299745450420916,0.10299745450420938,0.10299745450420938,-1.9613499454824534,1.9613499454824534,0.02010214285860363,0.012379542971374936,0.9695296664791971,True,FULL,FULL_exp_log_rank_4
38,0.26,2.175,5.3,4.1,4.1,2.5910971306331803,2.298850574712644,6.69109713063318,13.042743993933716,4.1,2.5386763431219164,2.298850574712644,6.638676343121916,12.512721142231246,-0.05242078751126389,0.05242078751126389,-0.05242078751126389,0.05242078751126389,-0.5300228517024692,0.5300228517024692,0.0324809865114214,0.014582443824315536,0.9973128206975141,True,FULL,FULL_exp_log_rank_4
39,0.54,3.35,15.9,14.4675,14.4675,3.852469877296928,1.4925373134328357,18.319969877296927,7.688914610134782,14.4675,20.15801312639197,1.4925373134328357,34.62551312639197,4.564376797606672,16.30554324909504,16.30554324909504,16.305543249095045,16.305543249095045,-3.1245378125281107,3.1245378125281107,2.02419240873068,1.3481333870497638,-0.055251678968720075,True,FULL,FULL_exp_log_rank_4
40,0.3,1.35,0.88,0.635,0.635,1.1651130574348498,3.7037037037037033,1.8001130574348498,8.547982610717572,0.635,1.1480807526733012,3.7037037037037033,1.7830807526733012,7.541499301519403,-0.0170323047615486,0.0170323047615486,-0.0170323047615486,0.0170323047615486,-1.0064833091981686,1.0064833091981686,0.03234071551064592,0.01782925639977668,0.9376657262303255,True,FULL,FULL_exp_log_rank_4
41,0.38,2.175,5.2,4.3975,4.3975,2.452688320111813,2.298850574712644,6.850188320111813,9.031706106944794,4.3975,2.0113957273106937,2.298850574712644,6.408895727310694,8.91517672246182,-0.4412925928011191,0.4412925928011191,-0.4412925928011191,0.4412925928011191,-0.11652938448297334,0.11652938448297334,0.0897254487257659,0.05527057873746441,0.9818115020033982,True,FULL,FULL_exp_log_rank_4
42,0.71,3.35,16.28,14.8375,14.8375,5.373344828404187,1.4925373134328357,20.210844828404188,5.457009220110153,14.8375,30.156289359062953,1.4925373134328357,44.99378935906295,3.073465852405662,24.782944530658767,24.782944530658767,24.782944530658764,24.782944530658764,-2.3835433677044913,2.3835433677044913,1.8857853348236158,1.3393521196456855,0.2805071094190209,True,FULL,FULL_exp_log_rank_4
43,0.88,1.475,0.58,0.535,0.535,2.3643732180319175,3.389830508474576,2.8993732180319176,4.157276354583812,0.535,3.637492044541985,3.389830508474576,4.172492044541985,3.62060282751052,1.2731188265100677,1.2731188265100677,1.2731188265100677,1.2731188265100677,-0.5366735270732916,0.5366735270732916,0.05818224239847996,0.042426503015096234,0.7098949068434619,True,FULL,FULL_exp_log_rank_4
44,1.5,2.625,3.89,3.6325,3.6325,10.486129835864666,1.9047619047619049,14.118629835864668,2.474961892115721,3.6325,6.3503397740822916,1.9047619047619049,9.982839774082292,2.3449352802506045,-4.135790061782375,4.135790061782375,-4.135790061782377,4.135790061782377,-0.13002661186511633,0.13002661186511633,0.296616920662689,0.2170123592532134,0.8318682095043769,True,FULL,FULL_exp_log_rank_4
45,2.87,4.1,13.67,13.42,13.42,16.705556614946417,1.2195121951219514,30.12555661494642,1.6634039681803665,13.42,50.35750827804228,1.2195121951219514,63.77750827804228,1.3327754291395817,33.651951663095865,33.651951663095865,33.651951663095865,33.651951663095865,-0.3306285390407848,0.3306285390407848,0.5946005902132818,0.3714637210229902,0.9481318615246097,True,FULL,FULL_exp_log_rank_4
46,0.79,1.5,0.8,0.665,0.665,6.166849946093346,3.3333333333333335,6.831849946093346,3.9230290740544778,0.665,3.3368618523730245,3.3333333333333335,4.0018618523730245,3.693112823959317,-2.8299880937203215,2.8299880937203215,-2.8299880937203215,2.8299880937203215,-0.2299162500951608,0.2299162500951608,0.13299159883831654,0.10005738363819645,0.16822459927258748,True,FULL,FULL_exp_log_rank_4
47,0.6,2.175,5.04,4.655,4.655,2.141531174694559,2.298850574712644,6.796531174694559,6.310564627174357,4.655,2.3687019533341163,2.298850574712644,7.0237019533341165,5.59196775335318,0.22717077863955737,0.22717077863955737,0.22717077863955737,0.22717077863955737,-0.718596873821177,0.718596873821177,0.0742960725696502,0.035087171882653125,0.9904019510603111,True,FULL,FULL_exp_log_rank_4
48,2.37,4.125,16.38,14.3675,14.3675,112.7264689844744,1.2121212121212122,127.0939689844744,1.4228254925840296,14.3675,84.32362376760764,1.2121212121212122,98.69112376760764,1.311876239257526,-28.40284521686675,28.40284521686675,-28.402845216866766,28.402845216866766,-0.11094925332650352,0.11094925332650352,2.37099692649622,1.7780713208292946,0.3811344989984772,True,FULL,FULL_exp_log_rank_4
49,1.46,2.566666666666667,4.68,4.1066666666666665,4.1066666666666665,30.593215473314466,1.948051948051948,34.69988213998113,2.300589855794831,4.1066666666666665,10.220773578062827,1.948051948051948,14.327440244729496,2.290226817746897,-20.37244189525164,20.37244189525164,-20.372441895251633,20.372441895251633,-0.010363038047934037,0.010363038047934037,0.6582813071348222,0.4985559024660365,0.4119846521789645,True,FULL,FULL_exp_log_rank_4
50,4.16,4.75,15.04,14.775,14.775,58.5314735148253,1.0526315789473684,73.3064735148253,1.2144266984360343,14.775,103.67710672291548,1.0526315789473684,118.45210672291547,1.0939020814402345,45.14563320809018,45.14563320809018,45.145633208090175,45.145633208090175,-0.12052461699579986,0.12052461699579986,0.942295135989939,0.5980213824380634,0.8770802831423491,True,FULL,FULL_exp_log_rank_4
51,1.26,1.85,0.94,0.785,0.785,27.151829140946248,2.702702702702702,27.936829140946248,2.8751003676389564,0.785,5.746872160992784,2.702702702702702,6.531872160992784,2.8450595134628576,-21.404956979953464,21.404956979953464,-21.404956979953464,21.404956979953464,-0.030040854176098808,0.030040854176098808,0.26112201021293485,0.19455074240845063,-0.7315766630307656,True,FULL,FULL_exp_log_rank_4
52,3.13,4.466666666666667,15.58,14.793333333333337,14.793333333333337,75.02328336156236,1.1194029850746268,89.8166166948957,1.313812712287742,14.793333333333337,69.21186372722086,1.1194029850746268,84.0051970605542,1.204770349621309,-5.8114196343415045,5.8114196343415045,-5.8114196343415045,5.8114196343415045,-0.10904236266643319,0.10904236266643319,1.4579384121165337,1.0325989866952896,0.7426119368169493,True,FULL,FULL_exp_log_rank_4
53,1.15,1.85,0.71,0.65,0.65,3.9933470021604136,2.702702702702702,4.6433470021604135,3.19021506632708,0.65,3.910607690048197,2.702702702702702,4.560607690048196,2.8966827175193286,-0.08273931211221663,0.08273931211221663,-0.08273931211221708,0.08273931211221708,-0.2935323488077515,0.2935323488077515,0.08519444167706582,0.0635407076604271,0.5895480934287853,True,FULL,FULL_exp_log_rank_4
54,0.35,2.175,4.68,4.205,4.205,1.283914851902833,2.298850574712644,5.488914851902833,11.46515887900422,4.205,0.2169738316648208,2.298850574712644,4.421973831664821,16.552207478063217,-1.066941020238012,1.066941020238012,-1.066941020238012,1.066941020238012,5.087048599058997,5.087048599058997,0.15862451414306553,0.10256847067921356,0.9250994118506793,True,FULL,FULL_exp_log_rank_4
55,0.63,3.85,16.18,14.365,14.365,5.024596391351091,1.2987012987012987,19.38959639135109,6.152370825583352,14.365,10.914922630783694,1.2987012987012987,25.279922630783695,4.659788420639994,5.8903262394326035,5.8903262394326035,5.8903262394326035,5.8903262394326035,-1.4925824049433585,1.4925824049433585,0.7157124541872325,0.4739450697675127,0.8739089133884381,True,FULL,FULL_exp_log_rank_4
56,0.45,1.5666666666666669,0.87,0.6366666666666667,0.6366666666666667,1.8543711063769357,3.191489361702127,2.4910377730436024,5.520751658815112,0.6366666666666667,1.3529542260422045,3.191489361702127,1.989620892708871,5.082556798776629,-0.5014168803347312,0.5014168803347312,-0.5014168803347314,0.5014168803347314,-0.4381948600384833,0.4381948600384833,0.07244332023481435,0.04903070288864037,0.7201014827533185,True,FULL,FULL_exp_log_rank_4
57,0.58,2.175,5.35,4.42,4.42,5.5363451785319135,2.298850574712644,9.956345178531912,5.059116621676996,4.42,5.345202628911162,2.298850574712644,9.765202628911162,4.4933653094130035,-0.19114254962075172,0.19114254962075172,-0.19114254962074995,0.19114254962074995,-0.5657513122639921,0.5657513122639921,0.1833415609316377,0.10481775594987677,0.9463083259531531,True,FULL,FULL_exp_log_rank_4
58,0.94,3.875,16.28,13.935,13.935,11.349260923481204,1.2903225806451613,25.28426092348121,3.405427164282276,13.935,24.686275076168712,1.2903225806451613,38.621275076168715,2.4474697784537387,13.337014152687509,13.337014152687509,13.337014152687505,13.337014152687505,-0.9579573858285375,0.9579573858285375,0.6136944087814523,0.46689301188236476,0.930460168950306,True,FULL,FULL_exp_log_rank_4
59,0.13,1.5666666666666669,0.97,0.8033333333333333,0.8033333333333333,0.2782264175865835,3.191489361702127,1.0815597509199169,31.910981063129015,0.8033333333333333,0.2207922274821284,3.191489361702127,1.0241255608154618,32.95270429957067,-0.05743419010445511,0.05743419010445511,-0.05743419010445505,0.05743419010445505,1.0417232364416549,1.0417232364416549,0.012756532981691658,0.007648042518027919,0.9842331711525716,True,FULL,FULL_exp_log_rank_4
60,2.38,2.85,5.22,4.84,4.84,137.35939252357494,1.7543859649122806,142.19939252357494,1.8523237169572588,4.84,28.64177650631467,1.7543859649122806,33.481776506314674,1.840010991897324,-108.71761601726027,108.71761601726027,-108.71761601726027,108.71761601726027,-0.01231272505993486,0.01231272505993486,1.040397038465656,0.7049431644355206,-0.15774968698274217,True,FULL,FULL_exp_log_rank_4
61,2.68,4.125,16.95,15.5375,15.5375,116.71406105996982,1.2121212121212122,132.25156105996982,1.3981039630569712,15.5375,107.45332974448311,1.2121212121212122,122.99082974448312,1.284013858380333,-9.260731315486709,9.260731315486709,-9.260731315486694,9.260731315486694,-0.11409010467663805,0.11409010467663805,2.192045590297579,1.6204990669074582,0.516286492361592,True,FULL,FULL_exp_log_rank_4
62,0.71,1.6,1.14,0.9133333333333334,0.9133333333333334,5.696830896813862,3.125,6.610164230147195,3.976020028848459,0.9133333333333334,2.801021020196892,3.125,3.7143543535302257,3.7967265396891134,-2.8958098766169695,2.8958098766169695,-2.895809876616969,2.895809876616969,-0.1792934891593454,0.1792934891593454,0.16101069288312947,0.11914854818932293,0.3399621341649439,True,FULL,FULL_exp_log_rank_4
63,0.76,2.2,5.03,4.68,4.68,3.0326428857358856,2.2727272727272725,7.712642885735885,4.87933520201715,4.68,3.866791143076352,2.2727272727272725,8.546791143076351,4.089162040331806,0.8341482573404666,0.8341482573404666,0.8341482573404662,0.8341482573404662,-0.7901731616853436,0.7901731616853436,0.11751008967384502,0.06159836263590461,0.9794330129978447,True,FULL,FULL_exp_log_rank_4
64,2.73,4.125,15.88,13.97,13.97,220.02903798852773,1.2121212121212122,233.99903798852773,1.3339956390040135,13.97,107.48714136638844,1.2121212121212122,121.45714136638844,1.2755680901461497,-112.54189662213929,112.54189662213929,-112.54189662213929,112.54189662213929,-0.05842754885786383,0.05842754885786383,3.049053234965826,2.2768260106949483,-0.021318631446016978,True,FULL,FULL_exp_log_rank_4
65,0.63,1.5666666666666669,1.42,0.9733333333333332,0.9733333333333332,10.644929502666052,3.191489361702127,11.618262835999383,3.927118476960182,0.9733333333333332,3.362566895590876,3.191489361702127,4.335900228924209,3.922311829233223,-7.282362607075177,7.282362607075177,-7.282362607075174,7.282362607075174,-0.004806647726959046,0.004806647726959046,0.28607346750926654,0.21492644410085748,-0.19517586243982898,True,FULL,FULL_exp_log_rank_4
66,0.34,2.175,5.0,4.24,4.24,2.0482757543105174,2.298850574712644,6.288275754310518,10.49368724913285,4.24,1.2917834524081968,2.298850574712644,5.531783452408197,11.246234749733398,-0.7564923019023206,0.7564923019023206,-0.7564923019023206,0.7564923019023206,0.7525475006005475,0.7525475006005475,0.12527716736837183,0.08046184706484777,0.958686616441296,True,FULL,FULL_exp_log_rank_4
67,3.13,4.533333333333333,14.91,14.596666666666666,14.596666666666666,20.35467702287054,1.1029411764705883,34.951343689537204,1.4882877719989878,14.596666666666666,48.82246382638728,1.1029411764705883,63.41913049305394,1.2182904493571414,28.467786803516738,28.467786803516738,28.467786803516738,28.467786803516738,-0.2699973226418464,0.2699973226418464,0.6825902679019981,0.43675519505138555,0.942608386941336,True,FULL,FULL_exp_log_rank_4
68,0.49,1.5666666666666669,0.79,0.63,0.63,1.4068332196782207,3.191489361702127,2.0368332196782206,5.5461514668738845,0.63,1.3501821983340123,3.191489361702127,1.9801821983340124,4.810313688993785,-0.05665102134420841,0.05665102134420841,-0.056651021344208186,0.056651021344208186,-0.7358377778800991,0.7358377778800991,0.04938161277694428,0.03136435419322585,0.8401407444001973,True,FULL,FULL_exp_log_rank_4
69,1.69,2.566666666666667,5.04,4.426666666666667,4.426666666666667,69.19774278410341,1.948051948051948,73.62440945077007,2.1459242646578933,4.426666666666667,17.431620618329163,1.948051948051948,21.85828728499583,2.13662782149086,-51.76612216577425,51.76612216577425,-51.76612216577425,51.76612216577425,-0.009296443167033264,0.009296443167033264,0.9650175820941425,0.7247149234247949,-0.013709999656197569,True,FULL,FULL_exp_log_rank_4
70,3.12,4.466666666666667,16.37,15.163333333333334,15.163333333333334,137.96164146287623,1.1194029850746268,153.12497479620956,1.2614658876838951,15.163333333333334,88.87106473119391,1.1194029850746268,104.03439806452724,1.1893112780649902,-49.09057673168232,49.09057673168232,-49.09057673168232,49.09057673168232,-0.07215460961890496,0.07215460961890496,2.173604329701823,1.5694538253205235,0.47455941350522746,True,FULL,FULL_exp_log_rank_4
71,0.18,1.5666666666666669,0.87,0.6,0.6,0.5778652142592701,3.191489361702127,1.17786521425927,16.988625203858206,0.6,0.5627383594109877,3.191489361702127,1.1627383594109877,16.27355713251778,-0.015126854848282356,0.015126854848282356,-0.015126854848282356,0.015126854848282356,-0.7150680713404256,0.7150680713404256,0.007082677199039144,0.0034447451929349336,0.9959320146344462,True,FULL,FULL_exp_log_rank_4
72,0.42,2.175,5.1,3.8825,3.8825,4.482035276937978,2.298850574712644,8.364535276937978,6.759501195047857,3.8825,4.171374797791573,2.298850574712644,8.053874797791574,6.244602815109359,-0.3106604791464047,0.3106604791464047,-0.3106604791464047,0.3106604791464047,-0.5148983799384981,0.5148983799384981,0.1223680844361351,0.0680291347785353,0.9693489068465986,True,FULL,FULL_exp_log_rank_4
73,1.09,3.85,15.19,13.3025,13.3025,11.821633061680007,1.2987012987012987,25.12413306168001,2.9737453064844868,13.3025,19.821486526021516,1.2987012987012987,33.12398652602152,2.290248919990888,7.999853464341509,7.999853464341509,7.999853464341509,7.999853464341509,-0.6834963864935988,0.6834963864935988,0.33217657979985177,0.2366281872237999,0.9789610988821705,True,FULL,FULL_exp_log_rank_4
74,0.47,1.5666666666666669,0.66,0.5066666666666667,0.5066666666666667,1.2794449424210406,3.191489361702127,1.7861116090877074,5.540134014051035,0.5066666666666667,1.2651108471963295,3.191489361702127,1.771777513862996,4.757627674893451,-0.014334095224711074,0.014334095224711074,-0.014334095224711296,0.014334095224711296,-0.7825063391575844,0.7825063391575844,0.04364925866611234,0.027512775859239412,0.8205975469499703,True,FULL,FULL_exp_log_rank_4
75,0.57,2.175,4.24,4.0125,4.0125,1.1193350008113887,2.298850574712644,5.131835000811389,7.4273022742503985,4.0125,0.7870398065306814,2.298850574712644,4.799539806530682,7.559093618159793,-0.3322951942807073,0.3322951942807073,-0.3322951942807073,0.3322951942807073,0.13179134390939495,0.13179134390939495,0.04859651938116285,0.03211865915242482,0.9939843284276253,True,FULL,FULL_exp_log_rank_4
76,4.13,4.7,14.9,13.285,13.285,1213.8760619263403,1.0638297872340423,1227.1610619263406,1.0940505167399543,13.285,147.3478622495013,1.0638297872340423,160.6328622495013,1.090791967844556,-1066.528199676839,1066.528199676839,-1066.5281996768392,1066.5281996768392,-0.00325854889539845,0.00325854889539845,5.058093971976891,3.365082070041956,-0.9739325538352204,True,FULL,FULL_exp_log_rank_4
77,0.18,1.5666666666666669,0.88,0.4966666666666666,0.4966666666666666,0.8494890683979475,3.191489361702127,1.346155735064614,14.732448429095294,0.4966666666666666,0.7626994946520886,3.191489361702127,1.2593661613187552,14.315799413188817,-0.08678957374585883,0.08678957374585883,-0.08678957374585883,0.08678957374585883,-0.4166490159064775,0.4166490159064775,0.020128794637027093,0.011976259334623611,0.9774453132656166,True,FULL,FULL_exp_log_rank_4
78,1.25,2.566666666666667,4.37,3.77,3.77,17.6011784506471,1.948051948051948,21.3711784506471,2.4976694597033373,3.77,6.279117063759676,1.948051948051948,10.049117063759676,2.5349229711180055,-11.322061386887425,11.322061386887425,-11.322061386887425,11.322061386887425,0.03725351141466815,0.03725351141466815,0.49965329593309177,0.37338185454233014,0.5779133187421491,True,FULL,FULL_exp_log_rank_4
79,3.62,4.5,14.62,13.843333333333334,13.843333333333334,173.78668847200146,1.1111111111111112,187.6300218053348,1.2115644521301927,13.843333333333334,90.54785866822576,1.1111111111111112,104.3911920015591,1.1630258492575882,-83.2388298037757,83.2388298037757,-83.23882980377569,83.23882980377569,-0.048538602872604475,0.048538602872604475,1.9606572006570109,1.337631663032254,0.42901785399059167,True,FULL,FULL_exp_log_rank_4
80,0.11,1.5633333333333332,1.04,0.5006666666666667,0.5006666666666667,0.863642983300683,3.1982942430703627,1.3643096499673495,27.24084861115649,0.5006666666666667,0.8007053031511523,3.1982942430703627,1.301371969817819,27.00977110505069,-0.06293768014953072,0.06293768014953072,-0.0629376801495305,0.0629376801495305,-0.2310775061058017,0.2310775061058017,0.015283124132068825,0.008957630349498487,0.9914345433019586,True,FULL,FULL_exp_log_rank_4
81,0.23,2.1775,4.79,3.54875,3.54875,2.4552355004571034,2.296211251435132,6.003985500457103,14.649101403235154,3.54875,1.9177682641064857,2.296211251435132,5.466518264106486,15.014679056191932,-0.5374672363506177,0.5374672363506177,-0.5374672363506177,0.5374672363506177,0.36557765295677846,0.36557765295677846,0.11140075341733433,0.06822000872393921,0.9612287605514975,True,FULL,FULL_exp_log_rank_4
83,0.21,1.5566666666666666,0.75,0.4896666666666667,0.4896666666666667,0.6541837303857423,3.211991434689508,1.143850397052409,13.109251845364824,0.4896666666666667,0.6801330141334079,3.211991434689508,1.1697996808000746,12.116732559060472,0.025949283747665586,0.025949283747665586,0.025949283747665586,0.025949283747665586,-0.9925192863043524,0.9925192863043524,0.005813665899525417,0.002895115970942218,0.9968869120361087,True,FULL,FULL_exp_log_rank_4
84,1.52,2.19,4.53,3.98,3.98,84.48453784563569,2.2831050228310503,88.46453784563569,2.4678705594788535,3.98,22.288253164056066,2.2831050228310503,26.268253164056063,2.433044779707424,-62.19628468157962,62.19628468157962,-62.19628468157963,62.19628468157963,-0.03482577977142931,0.03482577977142931,0.9642584186318469,0.7093345433046604,-0.21937025634343899,True,FULL,FULL_exp_log_rank_4
85,0.46,3.86,15.2,13.9425,13.9425,2.582793456166362,1.2953367875647668,16.525293456166363,10.00333623780827,13.9425,1.4361500759715913,1.2953367875647668,15.378650075971592,11.124441342761177,-1.1466433801947709,1.1466433801947709,-1.1466433801947709,1.1466433801947709,1.1211051049529068,1.1211051049529068,0.21023374748745613,0.12931162479577857,0.9849200622661145,True,FULL,FULL_exp_log_rank_4
86,1.14,1.85,0.47,0.4455,0.4455,1.2635859558868447,2.702702702702702,1.7090859558868448,3.448989911906233,0.4455,3.36765299262648,2.702702702702702,3.81315299262648,2.861885948691485,2.1040670367396355,2.1040670367396355,2.1040670367396355,2.1040670367396355,-0.5871039632147479,0.5871039632147479,0.03541307323197663,0.02492550390702177,0.8429080216724282,True,FULL,FULL_exp_log_rank_4
87,1.53,2.29,3.84,3.5879999999999996,3.5879999999999996,21.229112109709114,2.1834061135371177,24.817112109709115,2.5522940611621228,3.5879999999999996,12.229408236688618,2.1834061135371177,15.817408236688618,2.4183525137669677,-8.999703873020495,8.999703873020495,-8.999703873020497,8.999703873020497,-0.13394154739515507,0.13394154739515507,0.41364845589354104,0.302012661748684,0.6623727395964305,True,FULL,FULL_exp_log_rank_4
89,0.31,1.5733333333333333,0.64,0.434,0.434,0.831446191232911,3.1779661016949152,1.265446191232911,8.046929532076042,0.434,0.8674078713875841,3.1779661016949152,1.301407871387584,7.062766112173766,0.03596168015467316,0.03596168015467316,0.03596168015467316,0.03596168015467316,-0.9841634199022762,0.9841634199022762,0.01717470841402315,0.008371234530633494,0.967296524579888,True,FULL,FULL_exp_log_rank_4
90,0.44,2.0033333333333334,4.09,3.8813333333333335,3.8813333333333335,0.7845727106922662,2.4958402662229617,4.6659060440256,10.177837650659969,3.8813333333333335,0.5383739894135693,2.4958402662229617,4.419707322746903,10.558531212506372,-0.2461987212786969,0.2461987212786969,-0.2461987212786969,0.2461987212786969,0.38069356184640313,0.38069356184640313,0.03526543065331636,0.02316742645728128,0.996112493245686,True,FULL,FULL_exp_log_rank_4
91,2.56,4.125,14.35,13.695,13.695,33.24347166872315,1.2121212121212122,46.93847166872315,1.5724619149710894,13.695,44.98931661466517,1.2121212121212122,58.68431661466517,1.3612550757232245,11.745844945942018,11.745844945942018,11.745844945942018,11.745844945942018,-0.21120683924786499,0.21120683924786499,0.9644581412740848,0.6830400947209061,0.8765372594255335,True,FULL,FULL_exp_log_rank_4
92,0.1,1.5666666666666669,0.84,0.5786666666666667,0.5786666666666667,0.3913124802400913,3.191489361702127,0.969979146906758,37.39184550372476,0.5786666666666667,0.3869386104601925,3.191489361702127,0.9656052771268592,36.78143584764666,-0.004373869779898787,0.004373869779898787,-0.004373869779898842,0.004373869779898842,-0.6104096560780974,0.6104096560780974,0.0017734296038595877,0.0008371422095338498,0.999661381604005,True,FULL,FULL_exp_log_rank_4
94,2.24,4.125,16.29,15.185,15.185,36.934910613682646,1.2121212121212122,52.11991061368265,1.6343524111032697,15.185,53.73139887619362,1.2121212121212122,68.91639887619363,1.3816887006865586,16.796488262510977,16.796488262510977,16.796488262510977,16.796488262510977,-0.2526637104167111,0.2526637104167111,1.1448322327740674,0.7915314758755403,0.8541724985181692,True,FULL,FULL_exp_log_rank_4
95,0.15,1.5666666666666669,1.04,0.515,0.515,1.0180921290257392,3.191489361702127,1.533092129025739,17.824332391452327,0.515,0.8833794905051119,3.191489361702127,1.398379490505112,17.658418836564152,-0.13471263852062731,0.13471263852062731,-0.1347126385206272,0.1347126385206272,-0.16591355488817427,0.16591355488817427,0.029493055533540837,0.017814296049810878,0.969948219207248,True,FULL,FULL_exp_log_rank_4
96,0.32,2.225,5.75,4.01075,4.01075,4.5926707536336835,2.2471910112359548,8.603420753633683,8.90252129065327,4.01075,6.148767151898728,2.2471910112359548,10.159517151898728,7.64093617729663,1.5560963982650442,1.5560963982650442,1.5560963982650442,1.5560963982650442,-1.2615851133566407,1.2615851133566407,0.17599491848988538,0.11801318444491674,0.9475208907200108,True,FULL,FULL_exp_log_rank_4
97,0.98,3.925,16.9,13.655,13.655,17.423005323734152,1.2738853503184715,31.07800532373415,2.9328424113361327,13.655,40.13052674592283,1.2738853503184715,53.78552674592283,2.066277323689524,22.707521422188677,22.707521422188677,22.70752142218868,22.70752142218868,-0.8665650876466087,0.8665650876466087,0.7158961389806368,0.5635536530448069,0.9150724655874304,True,FULL,FULL_exp_log_rank_4
98,0.12,1.5666666666666669,1.33,0.569,0.569,1.2856106349233354,3.191489361702127,1.854610634923335,23.13000566043724,0.569,1.1822097273319805,3.191489361702127,1.7512097273319802,22.88099196822115,-0.1034009075913549,0.1034009075913549,-0.1034009075913549,0.1034009075913549,-0.24901369221609215,0.24901369221609215,0.024490844369091568,0.014463711015736671,0.988864531009749,True,FULL,FULL_exp_log_rank_4
99,0.38,2.1775,5.29,3.8055,3.8055,4.8847712477868654,2.296211251435132,8.690271247786866,7.231167894086396,3.8055,5.304228395050552,2.296211251435132,9.109728395050553,6.428721017801859,0.419457147263687,0.419457147263687,0.419457147263687,0.419457147263687,-0.8024468762845371,0.8024468762845371,0.06845846615773427,0.0358544924103393,0.9911587626164713,True,FULL,FULL_exp_log_rank_4
100,1.12,3.865,15.69,14.2025,14.2025,9.330787016774106,1.2936610608020698,23.533287016774107,3.133851414322128,14.2025,18.75834484782092,1.2936610608020698,32.96084484782092,2.317492449432329,9.427557831046812,9.427557831046812,9.427557831046816,9.427557831046816,-0.8163589648897993,0.8163589648897993,0.3632612443978721,0.27947496511860753,0.9769983357179304,True,FULL,FULL_exp_log_rank_4
101,0.11,1.5599999999999998,1.19,0.5136666666666666,0.5136666666666666,1.0901897584596147,3.2051282051282053,1.6038564251262817,26.190812099681132,0.5136666666666666,1.0160808011307032,3.2051282051282053,1.52974746779737,25.93087357856147,-0.07410895732891154,0.07410895732891154,-0.07410895732891176,0.07410895732891176,-0.2599385211196612,0.2599385211196612,0.01798662817427261,0.010543339899268296,0.9922118932751058,True,FULL,FULL_exp_log_rank_4
102,0.33,2.175,5.38,4.15275,4.15275,3.3230952595070686,2.298850574712644,7.475845259507069,9.464816530487427,4.15275,3.544463247236952,2.298850574712644,7.697213247236952,8.67210478771352,0.22136798772988353,0.22136798772988353,0.22136798772988353,0.22136798772988353,-0.792711742773907,0.792711742773907,0.03982180375630642,0.02160938617750653,0.9965776288674572,True,FULL,FULL_exp_log_rank_4
104,0.46,1.61,0.57,0.4153333333333333,0.4153333333333333,1.2195408766373736,3.105590062111801,1.634874209970707,5.380408458094788,0.4153333333333333,1.1843887927445054,3.105590062111801,1.5997221260778387,4.6247832224619705,-0.03515208389286828,0.03515208389286828,-0.03515208389286828,0.03515208389286828,-0.7556252356328175,0.7556252356328175,0.041275122338001916,0.026207030036497058,0.7885929208026562,True,FULL,FULL_exp_log_rank_4
106,6.69,7.0,11.06,11.03,11.03,6.769176332863529,0.7142857142857143,17.799176332863528,0.9707346090728766,11.03,70.92244354276232,0.7142857142857143,81.95244354276232,0.7414776713294556,64.1532672098988,64.1532672098988,64.1532672098988,64.1532672098988,-0.22925693774342093,0.22925693774342093,0.33178029989888724,0.17707962659159798,0.9724667452708353,True,FULL,FULL_exp_log_rank_4
107,0.15,1.5566666666666666,0.88,0.5103333333333334,0.5103333333333334,0.7081291518031402,3.211991434689508,1.2184624851364736,19.26598627033951,0.5103333333333334,0.6693399041152507,3.211991434689508,1.179673237448584,18.753124934541187,-0.038789247687889494,0.038789247687889494,-0.038789247687889494,0.038789247687889494,-0.5128613357983234,0.5128613357983234,0.010475469762649653,0.005940335846934235,0.9931403714699262,True,FULL,FULL_exp_log_rank_4
108,0.24,2.175,5.1,3.69825,3.69825,2.8769666070220197,2.298850574712644,6.5752166070220195,13.53664985652516,3.69825,2.945803127716512,2.298850574712644,6.644053127716512,12.862325523254269,0.06883652069449253,0.06883652069449253,0.06883652069449209,0.06883652069449209,-0.6743243332708921,0.6743243332708921,0.019856732407760973,0.009417359375271835,0.9989700166224972,True,FULL,FULL_exp_log_rank_4
109,0.47,3.8575,14.84,13.285,13.285,3.275885261750222,1.2961762799740766,16.560885261750222,9.133208341560495,13.285,2.505388231834118,1.2961762799740766,15.790388231834118,9.436972769886191,-0.770497029916104,0.770497029916104,-0.770497029916104,0.770497029916104,0.30376442832569595,0.30376442832569595,0.15069758372550748,0.0930203165024167,0.9919748348806909,True,FULL,FULL_exp_log_rank_4
110,0.15,2.1675,1.23,0.6225,0.6225,0.9619833022068238,2.306805074971165,1.584483302206824,20.507804388385548,0.6225,0.5117543382175027,2.306805074971165,1.1342543382175028,22.92050025062084,-0.4502289639893211,0.4502289639893211,-0.45022896398932133,0.45022896398932133,2.4126958622352923,2.4126958622352923,0.1018553067180242,0.0609091347201477,0.7050893485526439,True,FULL,FULL_exp_log_rank_4
111,0.25,2.165,6.22,4.547499999999999,4.547499999999999,3.553532108811563,2.3094688221709005,8.101032108811562,12.896286747191096,4.547499999999999,6.634492049707841,2.3094688221709005,11.18199204970784,10.4271348078682,3.0809599408962782,3.0809599408962782,3.0809599408962782,3.0809599408962782,-2.469151939322897,2.469151939322897,0.5062084643389952,0.32448936589534383,0.5539949803623103,True,FULL,FULL_exp_log_rank_4
112,0.46,4.1075,18.37,16.2525,16.2525,4.204330792736471,1.217285453438831,20.456830792736472,9.296747223836368,16.2525,10.406148121933676,1.217285453438831,26.658648121933677,7.094169672035646,6.201817329197205,6.201817329197205,6.201817329197205,6.201817329197205,-2.2025775518007222,2.2025775518007222,1.0934214297760716,0.6805954637392714,0.7110912990098823,True,FULL,FULL_exp_log_rank_4
113,0.21,1.5599999999999998,0.72,0.5333333333333333,0.5333333333333333,0.4530839141628877,3.2051282051282053,0.9864172474962212,14.758619332850811,0.5333333333333333,0.562500987149419,3.2051282051282053,1.0958343204827523,13.076162669754153,0.1094170729865313,0.1094170729865313,0.10941707298653114,0.10941707298653114,-1.6824566630966586,1.6824566630966586,0.013673727678023311,0.009024910244330065,0.9771125486491806,True,FULL,FULL_exp_log_rank_4
114,0.46,2.215,4.54,3.755,3.755,3.0550946555112306,2.2573363431151243,6.8100946555112305,6.812602552841997,3.755,1.8038631612855571,2.2573363431151243,5.558863161285557,7.236499773580125,-1.2512314942256735,1.2512314942256735,-1.2512314942256735,1.2512314942256735,0.4238972207381275,0.4238972207381275,0.17205039758737753,0.11498457236237952,0.9225176766305875,True,FULL,FULL_exp_log_rank_4
115,3.02,4.84,14.29,13.226666666666668,13.226666666666668,67.62238227774218,1.0330578512396695,80.84904894440885,1.2379494369579531,13.226666666666668,34.18047821996369,1.0330578512396695,47.407144886630356,1.1875138025184415,-33.44190405777849,33.44190405777849,-33.441904057778494,33.441904057778494,-0.0504356344395116,0.0504356344395116,1.5116424289582562,1.1334751890852712,0.6833040171371252,True,FULL,FULL_exp_log_rank_4
116,0.1,1.5533333333333337,1.16,0.5640000000000001,0.5640000000000001,0.912890584776652,3.218884120171673,1.476890584776652,31.1344826944979,0.5640000000000001,0.843375644311499,3.218884120171673,1.407375644311499,30.98391350762559,-0.06951494046515294,0.06951494046515294,-0.06951494046515294,0.06951494046515294,-0.15056918687231047,0.15056918687231047,0.016965684198380897,0.009929272310257859,0.9911658684783101,True,FULL,FULL_exp_log_rank_4
117,0.28,2.16,4.98,3.80875,3.80875,2.7207253448886286,2.314814814814815,6.5294753448886285,11.627647012732409,3.80875,2.3944877699503717,2.314814814814815,6.203237769950372,11.412134811911397,-0.3262375749382569,0.3262375749382569,-0.3262375749382569,0.3262375749382569,-0.21551220082101175,0.21551220082101175,0.07543398687917548,0.04488671212252273,0.9844989349746851,True,FULL,FULL_exp_log_rank_4
118,0.84,3.88,14.83,12.9825,12.9825,7.331910697776193,1.288659793814433,20.314410697776193,4.123242699657944,12.9825,10.588711899380751,1.288659793814433,23.571211899380753,3.394290165360895,3.256801201604558,3.256801201604558,3.25680120160456,3.25680120160456,-0.7289525342970493,0.7289525342970493,0.2365546867502833,0.1730354606201076,0.9865184456411845,True,FULL,FULL_exp_log_rank_4
119,0.05,1.5533333333333337,1.06,0.4603333333333333,0.4603333333333333,0.7347138188950575,3.218884120171673,1.1950471522283908,76.69251608229672,0.4603333333333333,0.7526806550458016,3.218884120171673,1.2130139883791349,75.99634092952633,0.017966836150744125,0.017966836150744125,0.017966836150744125,0.017966836150744125,-0.6961751527703939,0.6961751527703939,0.004576527726203217,0.0026389138394151464,0.9992361551207022,True,FULL,FULL_exp_log_rank_4
120,0.24,2.1675,5.34,3.634,3.634,3.551284821064535,2.306805074971165,7.185284821064535,12.76758648025316,3.634,4.751656815301738,2.306805074971165,8.385656815301738,11.29076918742384,1.2003719942372029,1.2003719942372029,1.2003719942372033,1.2003719942372033,-1.4768172928293204,1.4768172928293204,0.19402686837066183,0.12403445112355677,0.9194763118702269,True,FULL,FULL_exp_log_rank_4
121,0.58,3.8475,15.72,12.52,12.52,8.509190021060213,1.299545159194282,21.029190021060213,5.626700720273117,12.52,19.818488693041996,1.299545159194282,32.338488693041995,4.142541889426978,11.309298671981782,11.309298671981782,11.309298671981782,11.309298671981782,-1.4841588308461393,1.4841588308461393,1.4185050817213234,0.9503979966994639,0.47326608603352194,True,FULL,FULL_exp_log_rank_4
122,0.16,1.7866666666666664,1.46,0.5153333333333333,0.5153333333333333,1.791622665699797,2.7985074626865676,2.3069559990331303,15.27471027903135,0.5153333333333333,1.3558503409216225,2.7985074626865676,1.8711836742549557,15.517351223282953,-0.4357723247781744,0.4357723247781744,-0.4357723247781746,0.4357723247781746,0.24264094425160287,0.24264094425160287,0.09023572240199908,0.055308203231714675,0.9043799472798089,True,FULL,FULL_exp_log_rank_4
123,0.34,2.19,5.86,3.70375,3.70375,6.4076526447249105,2.2831050228310503,10.11140264472491,7.4904783908875965,3.70375,10.196465429316437,2.2831050228310503,13.900215429316434,6.070805340632163,3.788812784591526,3.788812784591526,3.7888127845915243,3.7888127845915243,-1.4196730502554331,1.4196730502554331,0.37302541264060735,0.2591591772128344,0.8142434778192449,True,FULL,FULL_exp_log_rank_4
124,0.72,3.9025,15.23,13.1975,13.1975,6.547895084347095,1.2812299807815504,19.745395084347095,4.922489465268678,13.1975,10.091704653826612,1.2812299807815504,23.289204653826612,4.036582995339512,3.5438095694795173,3.5438095694795173,3.5438095694795173,3.5438095694795173,-0.8859064699291661,0.8859064699291661,0.33373007825263734,0.2327457588626742,0.9715678850237411,True,FULL,FULL_exp_log_rank_4
125,0.13,1.5766666666666669,0.83,0.5316666666666667,0.5316666666666667,0.5110542316499418,3.1712473572938684,1.0427208983166083,25.070549134255213,0.5316666666666667,0.5111844965282304,3.1712473572938684,1.0428511631948971,24.32921802119071,0.00013026487828859956,0.00013026487828859956,0.0001302648782888216,0.0001302648782888216,-0.7413311130645042,0.7413311130645042,0.002208085927988824,0.0006174402822076375,0.9995655947566255,True,FULL,FULL_exp_log_rank_4
126,0.33,2.195,4.91,4.2615,4.2615,1.6629195649406574,2.277904328018223,5.924419564940657,11.444353107108954,4.2615,0.6467479575197048,2.277904328018223,4.908247957519705,13.900221132850126,-1.0161716074209526,1.0161716074209526,-1.0161716074209526,1.0161716074209526,2.4558680257411716,2.4558680257411716,0.16024386156797024,0.10176689197185589,0.9275983705595319,True,FULL,FULL_exp_log_rank_4
127,2.99,4.513333333333333,16.39,14.923333333333332,14.923333333333332,140.10135047238424,1.1078286558345645,155.0246838057176,1.2549920885699382,14.923333333333332,79.73147936343106,1.1078286558345645,94.6548126967644,1.1888048329019083,-60.36987110895318,60.36987110895318,-60.36987110895319,60.36987110895319,-0.06618725566802985,0.06618725566802985,2.353881219201108,1.741174509092768,0.4002996568137789,True,FULL,FULL_exp_log_rank_4
128,0.22,1.5666666666666669,1.38,0.6789999999999999,0.6789999999999999,1.9691572578488556,3.191489361702127,2.6481572578488555,10.298464829923804,0.6789999999999999,1.4456750596904642,3.191489361702127,2.124675059690464,10.241504545946407,-0.5234821981583915,0.5234821981583915,-0.5234821981583915,0.5234821981583915,-0.056960283977396386,0.056960283977396386,0.08996820414241223,0.05758457528921295,0.8642365901952611,True,FULL,FULL_exp_log_rank_4
129,0.39,2.18,6.11,4.593,4.593,5.057943521426855,2.293577981651376,9.650943521426855,7.34235077378404,4.593,7.599729988253626,2.293577981651376,12.192729988253626,5.950003377081431,2.5417864668267702,2.5417864668267702,2.541786466826771,2.541786466826771,-1.3923473967026094,1.3923473967026094,0.20104870233165242,0.14190669822513308,0.9404546990205525,True,FULL,FULL_exp_log_rank_4
130,2.78,4.13,17.18,15.5675,15.5675,173.2142161184181,1.2106537530266344,188.7817161184181,1.354578535378103,15.5675,130.45100030519598,1.2106537530266344,146.01850030519597,1.2677958273326104,-42.76321581322213,42.76321581322213,-42.76321581322213,42.76321581322213,-0.0867827080454926,0.0867827080454926,2.6768400500592957,1.9695986418912685,0.2943089085434918,True,FULL,FULL_exp_log_rank_4
131,0.3,1.57,0.69,0.4403333333333333,0.4403333333333333,0.989606450202688,3.184713375796178,1.4299397835360212,7.9675990689291964,0.4403333333333333,0.9075341742661364,3.184713375796178,1.3478675075994695,7.241363268674916,-0.08207227593655164,0.08207227593655164,-0.08207227593655175,0.08207227593655175,-0.7262358002542806,0.7262358002542806,0.02784596192231392,0.016315551702706387,0.9314967610504749,True,FULL,FULL_exp_log_rank_4
132,0.38,2.2025,4.61,3.49275,3.49275,3.5417527605950667,2.270147559591374,7.034502760595067,7.697329513236288,3.49275,2.469937225000171,2.270147559591374,5.962687225000171,7.856543425971704,-1.0718155355948955,1.0718155355948955,-1.0718155355948955,1.0718155355948955,0.1592139127354164,0.1592139127354164,0.17580406700947426,0.11362906019618092,0.917543037475721,True,FULL,FULL_exp_log_rank_4
133,0.58,3.89,14.25,12.71,12.71,3.870375185655917,1.2853470437017995,16.580375185655917,6.937928600833182,12.71,2.5037711484436027,1.2853470437017995,15.213771148443604,7.418774863831731,-1.3666040372123143,1.3666040372123143,-1.3666040372123138,1.3666040372123138,0.4808462629985488,0.4808462629985488,0.23188419350592554,0.14700610024299532,0.9818362434954276,True,FULL,FULL_exp_log_rank_4
134,0.29,1.5933333333333335,0.81,0.6846666666666668,0.6846666666666668,0.4027161872827163,3.1380753138075312,1.087382853949383,11.679447292728767,0.6846666666666668,0.5835566250646449,3.1380753138075312,1.2682232917313117,9.70956791308729,0.1808404377819286,0.1808404377819286,0.1808404377819286,0.1808404377819286,-1.969879379641478,1.969879379641478,0.01646280129986281,0.011563765009518688,0.9754525756205464,True,FULL,FULL_exp_log_rank_4
135,0.42,2.1925,4.74,4.255,4.255,1.6007301765706998,2.280501710376283,5.8557301765707,9.079561652406012,4.255,0.7018160207395834,2.280501710376283,4.956816020739583,10.591145666985708,-0.8989141558311164,0.8989141558311164,-0.8989141558311164,0.8989141558311164,1.5115840145796966,1.5115840145796966,0.11994562240149031,0.07850803301415435,0.9630262161228156,True,FULL,FULL_exp_log_rank_4
136,2.48,4.18,15.4,14.19,14.19,62.34454554337887,1.1961722488038278,76.53454554337887,1.469660738779334,14.19,56.500428400825896,1.1961722488038278,70.6904284008259,1.3289706235748602,-5.8441171425529745,5.8441171425529745,-5.8441171425529745,5.8441171425529745,-0.14069011520447372,0.14069011520447372,1.536302506456199,1.129837514615771,0.7122767872955007,True,FULL,FULL_exp_log_rank_4
137,1.18,1.85,0.63,0.575,0.575,4.239497230710774,2.702702702702702,4.814497230710774,3.1309195303367727,0.575,4.01393705281655,2.702702702702702,4.58893705281655,2.865819624552356,-0.22556017789422445,0.22556017789422445,-0.22556017789422445,0.22556017789422445,-0.26509990578441656,0.26509990578441656,0.08224457374094084,0.061214105715162594,0.5107376721486785,True,FULL,FULL_exp_log_rank_4
138,0.99,2.6033333333333335,4.93,4.496666666666667,4.496666666666667,4.9592094785200045,1.9206145966709345,9.455876145186672,3.460965956174455,4.496666666666667,2.9620042784299345,1.9206145966709345,7.458670945096602,3.4430678690611516,-1.99720520009007,1.99720520009007,-1.99720520009007,1.99720520009007,-0.01789808711330343,0.01789808711330343,0.20615860064861363,0.1435294905463512,0.9372790802262354,True,FULL,FULL_exp_log_rank_4
139,1.92,4.2125,17.14,16.56,16.56,9.158812659704571,1.1869436201780414,25.71881265970457,2.22655990128023,16.56,31.375406189979184,1.1869436201780414,47.93540618997918,1.5450032221087997,22.216593530274615,22.216593530274615,22.21659353027461,22.21659353027461,-0.6815566791714303,0.6815566791714303,0.5253357164168238,0.329095219017037,0.9706653851466346,True,FULL,FULL_exp_log_rank_4
140,0.42,1.7400000000000002,0.83,0.4525,0.4525,2.5886372580129136,2.8735632183908044,3.0411372580129137,4.84879553279124,0.4525,1.2857130488296038,2.8735632183908044,1.738213048829604,4.825933527840884,-1.3029242091833098,1.3029242091833098,-1.3029242091833098,1.3029242091833098,-0.022862004950356507,0.022862004950356507,0.11958560042538072,0.08441542612929337,0.38328499292651774,True,FULL,FULL_exp_log_rank_4
141,1.23,2.5733333333333337,4.22,4.026666666666666,4.026666666666666,3.714553371745124,1.94300518134715,7.74122003841179,3.22230726876678,4.026666666666666,3.878012168605113,1.94300518134715,7.904678835271779,2.8267703425757196,0.163458796859989,0.163458796859989,0.163458796859989,0.163458796859989,-0.3955369261910606,0.3955369261910606,0.15103292967370663,0.09526323514078121,0.9608769953959514,True,FULL,FULL_exp_log_rank_4
142,1.79,4.84,15.01,14.9025,14.9025,0.8901040923931092,1.0330578512396695,15.792604092393107,3.4546415460563873,14.9025,1.5182907635948908,1.0330578512396695,16.42079076359489,2.9492547002089684,0.6281866712017816,0.6281866712017816,0.6281866712017834,0.6281866712017834,-0.5053868458474189,0.5053868458474189,0.20315155889670436,0.09245856676798535,0.9927179054539487,True,FULL,FULL_exp_log_rank_4
143,0.33,1.5733333333333333,0.58,0.4766666666666666,0.4766666666666666,0.4098600862261488,3.1779661016949152,0.8865267528928155,9.368454028225154,0.4766666666666666,0.7527094057108479,3.1779661016949152,1.2293760723775145,7.100872364614714,0.3428493194846991,0.3428493194846991,0.342849319484699,0.342849319484699,-2.2675816636104393,2.2675816636104393,0.02184837428314561,0.015897086130038488,0.9241512988608138,True,FULL,FULL_exp_log_rank_4
144,0.43,2.1725,4.53,3.8975,3.8975,2.2412867147074325,2.3014959723820483,6.138786714707432,7.955893974394428,3.8975,1.261653047858614,2.3014959723820483,5.159153047858614,8.657927844105648,-0.9796336668488184,0.9796336668488184,-0.9796336668488186,0.9796336668488186,0.7020338697112205,0.7020338697112205,0.13653074939816656,0.09078187286552258,0.9488155076220608,True,FULL,FULL_exp_log_rank_4
145,3.33,4.496666666666667,14.77,14.159999999999998,14.159999999999998,71.68575820940592,1.111934766493699,85.84575820940591,1.2931877819034847,14.159999999999998,67.06838363258716,1.111934766493699,81.22838363258715,1.189777688589052,-4.6173745768187615,4.6173745768187615,-4.6173745768187615,4.6173745768187615,-0.10341009331443263,0.10341009331443263,1.2942521348325757,0.8953557265985448,0.7699281727770256,True,FULL,FULL_exp_log_rank_4
146,0.13,1.5599999999999998,0.68,0.5633333333333334,0.5633333333333334,0.1951982739754749,3.2051282051282053,0.7585316073088083,31.88575510060682,0.5633333333333334,0.306337687411833,3.2051282051282053,0.8696710207451663,27.86779396374575,0.11113941343635808,0.11113941343635808,0.11113941343635803,0.11113941343635803,-4.017961136861068,4.017961136861068,0.02279029535388506,0.013809938773137236,0.8977483455096213,True,FULL,FULL_exp_log_rank_4
147,1.84,3.1775,4.39,3.69,3.69,48.191526905344915,1.5735641227380015,51.88152690534491,1.779339325853626,3.69,7.554023221288231,1.5735641227380015,11.24402322128823,1.8890448685999703,-40.63750368405668,40.63750368405668,-40.63750368405668,40.63750368405668,0.10970554274634425,0.10970554274634425,0.8398342677578217,0.6458585391804399,-0.025669441635044032,True,FULL,FULL_exp_log_rank_4
148,2.23,4.3774999999999995,15.49,14.875,14.875,14.10295307840756,1.142204454597373,28.97795307840756,1.8301286904573817,14.875,26.05131136667378,1.142204454597373,40.92631136667378,1.4525467550059816,11.948358288266219,11.948358288266219,11.94835828826622,11.94835828826622,-0.37758193545140006,0.37758193545140006,0.5973182304866452,0.35465728074334085,0.9562704083409432,True,FULL,FULL_exp_log_rank_4
149,0.18,1.5599999999999998,0.96,0.5433333333333333,0.5433333333333333,0.9264981470545324,3.2051282051282053,1.4698314803878656,14.731251978605432,0.5433333333333333,0.7986430274460169,3.2051282051282053,1.3419763607793502,14.457670776121269,-0.12785511960851548,0.12785511960851548,-0.12785511960851537,0.12785511960851537,-0.27358120248416284,0.27358120248416284,0.027412402378229055,0.016653050328753874,0.9647432649053155,True,FULL,FULL_exp_log_rank_4
150,0.4,2.175,5.29,4.25,4.25,3.4798658017251105,2.298850574712644,7.7298658017251105,7.755705088302538,4.25,3.3750440987411077,2.298850574712644,7.625044098741108,7.185598929347662,-0.10482170298400284,0.10482170298400284,-0.10482170298400284,0.10482170298400284,-0.5701061589548759,0.5701061589548759,0.08069538351627777,0.03994288922667862,0.9866178362820096,True,FULL,FULL_exp_log_rank_4
151,0.99,3.6125,15.85,14.965,14.965,4.712295648967803,1.384083044982699,19.677295648967803,4.185634509215309,14.965,18.566018687064417,1.384083044982699,33.53101868706442,2.6293869156815965,13.853723038096614,13.853723038096614,13.853723038096614,13.853723038096614,-1.5562475935337128,1.5562475935337128,0.6878436025369595,0.5221924545648602,0.9166008628672648,True,FULL,FULL_exp_log_rank_4
152,1.16,1.9,0.64,0.54,0.54,8.918859589233094,2.6315789473684212,9.458859589233091,2.9158636476035604,0.54,3.7589965706907504,2.6315789473684212,4.2989965706907505,2.801116609480818,-5.159863018542343,5.159863018542343,-5.159863018542341,5.159863018542341,-0.11474703812274223,0.11474703812274223,0.13557758411108475,0.10377826694872852,-0.1938099236800055,True,FULL,FULL_exp_log_rank_4
153,1.3,2.566666666666667,4.2,3.9333333333333336,3.9333333333333336,6.732843008196392,1.948051948051948,10.666176341529724,2.832743127876559,3.9333333333333336,5.019068182376831,1.948051948051948,8.952401515710164,2.621621779057818,-1.713774825819561,1.713774825819561,-1.7137748258195593,1.7137748258195593,-0.2111213488187409,0.2111213488187409,0.23207898952030592,0.1626138015285678,0.9076931311382096,True,FULL,FULL_exp_log_rank_4
154,5.1,31.453947067343865,14.28,13.490170336848536,13.490170336848536,2.087839211051561,0.1589625616554528,15.578009547900097,0.9263059984631752,13.490170336848536,14.443387656516345,0.1589625616554528,27.93355799336488,0.5210887978721983,12.355548445464784,12.355548445464784,12.355548445464782,12.355548445464782,-0.4052172005909769,0.4052172005909769,1.5729448869420708,1.03654835693341,0.21242652174810273,True,FULL,FULL_exp_log_rank_4
155,0.56,1.5599999999999998,0.58,0.4766666666666666,0.4766666666666666,1.2430840918042927,3.2051282051282053,1.7197507584709593,5.0236277196711585,0.4766666666666666,1.5117393579829126,3.2051282051282053,1.9884060246495792,4.160335463331369,0.2686552661786199,0.2686552661786199,0.2686552661786199,0.2686552661786199,-0.8632922563397898,0.8632922563397898,0.04126624292445406,0.026293291114353964,0.8072498294059386,True,FULL,FULL_exp_log_rank_4
156,0.67,2.1775,4.06,3.745,3.745,2.1627193549790276,2.296211251435132,5.907719354979028,5.4890381882934465,3.745,1.755182997090281,2.296211251435132,5.500182997090281,5.229416385753925,-0.40753635788874654,0.40753635788874654,-0.40753635788874654,0.40753635788874654,-0.25962180253952116,0.25962180253952116,0.08927945080071532,0.0554599326182625,0.9802222286386586,True,FULL,FULL_exp_log_rank_4
157,1.32,3.9,14.36,13.5925,13.5925,6.126023681195667,1.2820512820512822,19.718523681195663,3.032176279008363,13.5925,11.25137063691614,1.2820512820512822,24.84387063691614,2.3369949564120165,5.125346955720474,5.125346955720474,5.125346955720477,5.125346955720477,-0.6951813225963464,0.6951813225963464,0.29100475984110663,0.1853531968975526,0.9843869671383209,True,FULL,FULL_exp_log_rank_4
158,0.17,1.6233333333333333,1.0,0.5720000000000001,0.5720000000000001,0.8749487231528226,3.080082135523614,1.4469487231528226,16.31818533574024,0.5720000000000001,0.7205292980096363,3.080082135523614,1.2925292980096363,16.329372958283727,-0.1544194251431863,0.1544194251431863,-0.1544194251431863,0.1544194251431863,0.011187622543488374,0.011187622543488374,0.03227620336483747,0.01973635648241868,0.9523157613086902,True,FULL,FULL_exp_log_rank_4
159,0.32,2.1825,5.06,4.11975,4.11975,2.410582651104151,2.290950744558992,6.530332651104151,10.626543938716322,4.11975,1.787027608854915,2.290950744558992,5.906777608854915,10.90195770940142,-0.6235550422492357,0.6235550422492357,-0.6235550422492357,0.6235550422492357,0.2754137706850983,0.2754137706850983,0.11431859707322217,0.07211484495994687,0.9658105042706919,True,FULL,FULL_exp_log_rank_4
160,1.07,3.895,14.3,13.0025,13.0025,7.31537030166651,1.2836970474967908,20.31787030166651,3.3651116062820727,13.0025,9.561975517682564,1.2836970474967908,22.564475517682563,2.822419050836899,2.2466052160160537,2.2466052160160537,2.2466052160160537,2.2466052160160537,-0.5426925554451736,0.5426925554451736,0.2294974959939437,0.12983980977783324,0.9885429897036759,True,FULL,FULL_exp_log_rank_4
161,0.1,1.5666666666666669,0.85,0.5843333333333334,0.5843333333333334,0.3978559436075378,3.191489361702127,0.9821892769408712,37.33548887229885,0.5843333333333334,0.3884728451713722,3.191489361702127,0.9728061785047056,36.829115498479304,-0.009383098436165582,0.009383098436165582,-0.009383098436165582,0.009383098436165582,-0.5063733738195495,0.5063733738195495,0.00282641802760813,0.001524423892188554,0.9991632135455817,True,FULL,FULL_exp_log_rank_4
162,0.24,2.175,6.09,4.409,4.409,3.4511384121172206,2.298850574712644,7.86013841211722,13.515323404054092,4.409,6.037154175264896,2.298850574712644,10.446154175264896,11.17031669160598,2.5860157631476755,2.5860157631476755,2.5860157631476755,2.5860157631476755,-2.3450067124481127,2.3450067124481127,0.4400324354683332,0.2799956215993523,0.6461849539487272,True,FULL,FULL_exp_log_rank_4
163,0.5,3.8625,16.89,15.2325,15.2325,3.655467066441505,1.2944983818770228,18.887967066441504,8.601598077321363,15.2325,8.866875113462475,1.2944983818770228,24.099375113462475,6.531142603222106,5.211408047020971,5.211408047020971,5.211408047020971,5.211408047020971,-2.0704554740992567,2.0704554740992567,0.8258703661629626,0.5223929243939314,0.8205131330930826,True,FULL,FULL_exp_log_rank_4
164,0.07,1.5566666666666666,0.85,0.5843333333333334,0.5843333333333334,0.3510048045966245,3.211991434689508,0.935338137929958,59.36701870371923,0.5843333333333334,0.3338127769600066,3.211991434689508,0.91814611029334,59.32510020069169,-0.017192027636617868,0.017192027636617868,-0.01719202763661798,0.01719202763661798,-0.041918503027538634,0.041918503027538634,0.0044676116896654764,0.0025603123464802736,0.9977542586638496,True,FULL,FULL_exp_log_rank_4
165,0.23,2.1675,5.85,4.43275,4.43275,2.80147060168731,2.306805074971165,7.23422060168731,14.978792929839672,4.43275,4.043442581073629,2.306805074971165,8.47619258107363,13.064045276776753,1.241971979386319,1.241971979386319,1.241971979386319,1.241971979386319,-1.9147476530629195,1.9147476530629195,0.21593569133407864,0.13576735020203892,0.8993019322934144,True,FULL,FULL_exp_log_rank_4
166,0.75,3.8625,16.87,15.795,15.795,3.4935563581594646,1.2944983818770228,19.288556358159465,5.80409010742513,15.795,10.133382146559825,1.2944983818770228,25.928382146559823,4.0767325368047995,6.63982578840036,6.63982578840036,6.639825788400358,6.639825788400358,-1.7273575706203301,1.7273575706203301,0.6839434758471569,0.4684680920792826,0.906161255409216,True,FULL,FULL_exp_log_rank_4
167,0.17,1.5599999999999998,0.8,0.5579999999999999,0.5579999999999999,0.4953159279041487,3.2051282051282053,1.0533159279041486,18.51576110820791,0.5579999999999999,0.5283245034665046,3.2051282051282053,1.0863245034665046,17.394974131509674,0.033008575562355924,0.033008575562355924,0.033008575562355924,0.033008575562355924,-1.1207869766982377,1.1207869766982377,0.0047227496844613505,0.003105308149316748,0.9977661017295302,True,FULL,FULL_exp_log_rank_4
168,1.11,2.563333333333333,4.61,4.293333333333333,4.293333333333333,4.918051194692046,1.950585175552666,9.21138452802538,3.258019017990617,4.293333333333333,3.6804174707016664,1.950585175552666,7.973750804034999,3.0497321709777827,-1.2376337239903794,1.2376337239903794,-1.2376337239903812,1.2376337239903812,-0.2082868470128343,0.2082868470128343,0.1920530358565585,0.12984126631466164,0.9430195878368933,True,FULL,FULL_exp_log_rank_4
169,3.93,4.553333333333334,16.61,16.513333333333332,16.513333333333332,14.198414912137522,1.0980966325036603,30.711748245470854,1.4757256498343354,16.513333333333332,131.60670074426884,1.0980966325036603,148.12003407760216,1.137042512432615,117.40828583213131,117.40828583213131,117.4082858321313,117.4082858321313,-0.3386831374017205,0.3386831374017205,0.5715786278579849,0.32182938977670406,0.9652538536983264,True,FULL,FULL_exp_log_rank_4
170,0.19,1.5533333333333337,0.76,0.5436666666666666,0.5436666666666666,0.4848535368761771,3.218884120171673,1.0285202035428438,16.275028887164293,0.5436666666666666,0.553149783182444,3.218884120171673,1.0968164498491106,14.879263522336563,0.0682962463062669,0.0682962463062669,0.06829624630626685,0.06829624630626685,-1.3957653648277297,1.3957653648277297,0.008977908366626035,0.00591012328663086,0.991169136453029,True,FULL,FULL_exp_log_rank_4
171,0.32,2.17,4.74,4.0465,4.0465,1.7565900119017304,2.3041474654377883,5.80309001190173,11.4900793995,4.0465,0.7555961320067492,2.3041474654377883,4.802096132006749,13.640502156244834,-1.0009938798949811,1.0009938798949811,-1.0009938798949811,1.0009938798949811,2.150422756744833,2.150422756744833,0.16108555484956322,0.1024423494544083,0.9208898156996441,True,FULL,FULL_exp_log_rank_4
172,1.88,4.13,15.76,14.8875,14.8875,14.997831291761866,1.2106537530266344,29.885331291761865,2.0220034481788933,14.8875,28.07981050241108,1.2106537530266344,42.96731050241108,1.5778198979056346,13.081979210649212,13.081979210649212,13.081979210649216,13.081979210649216,-0.44418355027325873,0.44418355027325873,0.6006912970145377,0.3477582785069011,0.9541003203395098,True,FULL,FULL_exp_log_rank_4
173,0.23,1.5666666666666669,0.81,0.5826666666666666,0.5826666666666666,0.6080845262035995,3.191489361702127,1.190751192870266,12.675105003139644,0.5826666666666666,0.6368163058670092,3.191489361702127,1.2194829725336758,11.643492783157145,0.028731779663409673,0.028731779663409673,0.028731779663409673,0.028731779663409673,-1.0316122199824989,1.0316122199824989,0.006686162915874946,0.003275480025837064,0.9960427530531105,True,FULL,FULL_exp_log_rank_4
174,0.27,2.18,5.18,4.452999999999999,4.452999999999999,1.5717255574854088,2.293577981651376,6.024725557485408,14.53141002624948,4.452999999999999,0.6926809697435967,2.293577981651376,5.145680969743596,17.1783115298731,-0.879044587741812,0.879044587741812,-0.879044587741812,0.879044587741812,2.646901503623619,2.646901503623619,0.1569391740208147,0.09737108581603103,0.9298463328426062,True,FULL,FULL_exp_log_rank_4
175,1.85,4.1125,17.29,16.4125,16.4125,14.29966321375646,1.21580547112462,30.71216321375646,2.100213453400296,16.4125,38.96423322405211,1.21580547112462,55.37673322405212,1.5300973397114623,24.664570010295648,24.664570010295648,24.664570010295655,24.664570010295655,-0.5701161136888337,0.5701161136888337,0.6065358360907747,0.359828926961821,0.9610048280749467,True,FULL,FULL_exp_log_rank_4
176,0.65,1.5766666666666669,0.57,0.478,0.478,1.612273609680621,3.1712473572938684,2.090273609680621,4.48569879514461,0.478,1.840884706159078,3.1712473572938684,2.318884706159078,3.807819214998645,0.22861109647845712,0.22861109647845712,0.22861109647845712,0.22861109647845712,-0.6778795801459649,0.6778795801459649,0.05182128566507037,0.03553423415375231,0.70826236048115,True,FULL,FULL_exp_log_rank_4
177,1.47,2.6333333333333333,3.8,3.616,3.616,6.14964024424423,1.89873417721519,9.76564024424423,2.66832825839853,3.616,5.400632936627181,1.89873417721519,9.01663293662718,2.4094629133141834,-0.7490073076170489,0.7490073076170489,-0.7490073076170489,0.7490073076170489,-0.25886534508434655,0.25886534508434655,0.20467942824006474,0.1428778900337249,0.9173393039294366,True,FULL,FULL_exp_log_rank_4
178,2.12,4.1575,13.69,12.965,12.965,17.833183532648366,1.2026458208057729,30.79818353264837,1.8070468059221405,12.965,22.084908666485344,1.2026458208057729,35.049908666485344,1.5358810651511066,4.2517251338369775,4.2517251338369775,4.251725133836974,4.251725133836974,-0.27116574077103395,0.27116574077103395,0.6556614975741256,0.42689313870309425,0.9316864842829378,True,FULL,FULL_exp_log_rank_4
179,0.48,1.5666666666666669,0.88,0.6386666666666666,0.6386666666666666,2.2710172374402005,3.191489361702127,2.909683904106867,5.11752583659357,0.6386666666666666,1.5006750347351518,3.191489361702127,2.1393417014018183,4.765399318008289,-0.7703422027050486,0.7703422027050486,-0.7703422027050486,0.7703422027050486,-0.35212651858528066,0.35212651858528066,0.08814366693629197,0.06126823454552797,0.6135006058214816,True,FULL,FULL_exp_log_rank_4
181,0.9,3.925,17.84,14.94,14.94,13.029435602700998,1.2738853503184715,27.969435602700997,3.4621547532157915,14.94,38.98690798780521,1.2738853503184715,53.92690798780521,2.282175793488302,25.95747238510421,25.95747238510421,25.95747238510421,25.95747238510421,-1.1799789597274897,1.1799789597274897,1.3281481771732848,0.9821900089453056,0.7191056676999518,True,FULL,FULL_exp_log_rank_4
182,0.22,1.49,0.66,0.4575,0.4575,0.5513217275318822,3.3557046979865772,1.0088217275318825,12.75282127395527,0.4575,0.6882978533951103,3.3557046979865772,1.1457978533951103,11.11671954013444,0.13697612586322805,0.13697612586322805,0.13697612586322783,0.13697612586322783,-1.63610173382083,1.63610173382083,0.013863779749567356,0.009473180053772415,0.9758562891224167,True,FULL,FULL_exp_log_rank_4
183,1.93,3.1,4.22,4.0145,4.0145,10.822557992923612,1.6129032258064515,14.837057992923611,2.064879723343122,4.0145,6.9027290937300805,1.6129032258064515,10.91722909373008,1.9483218532201023,-3.919828899193531,3.919828899193531,-3.919828899193531,3.919828899193531,-0.11655787012301988,0.11655787012301988,0.29386212262818884,0.21532191678752766,0.8669465006672541,True,FULL,FULL_exp_log_rank_4
184,3.98,4.75,15.12,14.85,14.85,45.661479023586836,1.0526315789473684,60.51147902358684,1.247654255784918,14.85,89.21683143652405,1.0526315789473684,104.06683143652404,1.1030773465075323,43.55535241293721,43.55535241293721,43.555352412937204,43.555352412937204,-0.14457690927738565,0.14457690927738565,0.8678868353179365,0.5545056641481324,0.9001066324497736,True,FULL,FULL_exp_log_rank_4
185,0.13,1.5666666666666669,1.09,0.5446666666666667,0.5446666666666667,0.9576325699215577,3.191489361702127,1.5022992365882244,21.905585532286455,0.5446666666666667,0.845847477271806,3.191489361702127,1.3905141439384727,21.792934980431728,-0.11178509264975167,0.11178509264975167,-0.11178509264975167,0.11178509264975167,-0.11265055185472761,0.11265055185472761,0.025488234453669444,0.015222854286701209,0.978223287455702,True,FULL,FULL_exp_log_rank_4
186,0.28,2.1775,5.16,3.81425,3.81425,3.130431077528114,2.296211251435132,6.944681077528114,11.220553160809676,3.81425,3.1829563422649083,2.296211251435132,6.997206342264908,10.558124549578816,0.05252526473679442,0.05252526473679442,0.05252526473679442,0.05252526473679442,-0.6624286112308599,0.6624286112308599,0.031169053208255276,0.012174866189319929,0.99763468460942,True,FULL,FULL_exp_log_rank_4
187,0.7,3.88,16.09,11.71,11.71,14.993697153202367,1.288659793814433,26.70369715320237,3.931657649182005,11.71,39.500378221699506,1.288659793814433,51.21037822169951,2.734169932002223,24.506681068497137,24.506681068497137,24.506681068497137,24.506681068497137,-1.197487717179782,1.197487717179782,2.00872077428814,1.4376744947241655,0.18007705561556975,True,FULL,FULL_exp_log_rank_4
188,1.1,2.06,0.64,0.593,0.593,1.513280437089641,2.4271844660194173,2.1062804370896413,3.268679989536249,0.593,2.603398693697101,2.4271844660194173,3.196398693697101,2.7159155229960468,1.0901182566074599,1.0901182566074599,1.0901182566074596,1.0901182566074596,-0.5527644665402023,0.5527644665402023,0.046623678586560156,0.032021652247272006,0.8412587879652667,True,FULL,FULL_exp_log_rank_4
189,3.11,3.85,4.79,4.4285,4.4285,105.61771145632456,1.2987012987012987,110.04621145632456,1.3813754414682702,4.4285,16.938118154036612,1.2987012987012987,21.366618154036612,1.3967980750638336,-88.67959330228794,88.67959330228794,-88.67959330228794,88.67959330228794,0.015422633595563395,0.015422633595563395,0.9030922764586009,0.6215282691450272,-0.04998216297554259,True,FULL,FULL_exp_log_rank_4
190,2.95,4.833333333333333,17.57,15.660000000000002,15.660000000000002,133.5433516563727,1.0344827586206895,149.2033516563727,1.194201194728314,15.660000000000002,71.62457466338721,1.0344827586206895,87.2845746633872,1.132069718747719,-61.918776992985485,61.918776992985485,-61.918776992985485,61.918776992985485,-0.0621314759805951,0.0621314759805951,2.5806924238975095,1.9514135463748483,0.38079856976709425,True,FULL,FULL_exp_log_rank_4
191,0.1,1.64,1.15,0.5823333333333333,0.5823333333333333,0.8468851223123651,3.048780487804878,1.4292184556456984,32.276683117014976,0.5823333333333333,0.7141178914741598,3.048780487804878,1.296451224807493,32.755430702944274,-0.1327672308382053,0.1327672308382053,-0.1327672308382053,0.1327672308382053,0.4787475859292982,0.4787475859292982,0.03167237644641305,0.01866506539741335,0.9661788685116542,True,FULL,FULL_exp_log_rank_4
192,0.26,2.06,5.06,2.78625,2.78625,5.537602820988881,2.4271844660194173,8.323852820988881,9.67711986223781,2.78625,9.420374917749117,2.4271844660194173,12.206624917749116,8.021318306489624,3.8827720967602355,3.8827720967602355,3.8827720967602346,3.8827720967602346,-1.6558015557481855,1.6558015557481855,0.5403489148594315,0.3593400977421981,0.5461998383372497,True,FULL,FULL_exp_log_rank_4
193,0.48,3.91,15.79,12.4225,12.4225,7.40432598861948,1.278772378516624,19.82682598861948,7.151633571136485,12.4225,16.775118226206818,1.278772378516624,29.197618226206817,5.455786094052198,9.370792237587338,9.370792237587338,9.370792237587338,9.370792237587338,-1.6958474770842873,1.6958474770842873,1.488252108247179,0.9588635153737202,0.36104901726073024,True,FULL,FULL_exp_log_rank_4
194,0.47,1.5599999999999998,0.9,0.6583333333333333,0.6583333333333333,2.1587521490528645,3.2051282051282053,2.8170854823861977,5.267358968714256,0.6583333333333333,1.4717909238929845,3.2051282051282053,2.1301242572263175,4.89094459145,-0.68696122515988,0.68696122515988,-0.6869612251598802,0.6869612251598802,-0.37641437726425586,0.37641437726425586,0.08433560994428262,0.058157056586885865,0.6555572024793205,True,FULL,FULL_exp_log_rank_4
195,0.49,2.1875,5.79,4.2505,4.2505,7.336962282580967,2.2857142857142856,11.587462282580969,5.320972461121309,4.2505,8.593780326851071,2.2857142857142856,12.844280326851072,4.478516772605133,1.256818044270104,1.256818044270104,1.2568180442701031,1.2568180442701031,-0.8424556885161767,0.8424556885161767,0.14926907191662456,0.0789903120812798,0.9688570231104884,True,FULL,FULL_exp_log_rank_4
196,1.09,3.86,17.51,14.9375,14.9375,16.553387035413166,1.2953367875647668,31.490887035413166,2.8169440230151195,14.9375,45.11975660602561,1.2953367875647668,60.05725660602561,1.9176262872371543,28.566369570612444,28.566369570612444,28.566369570612444,28.566369570612444,-0.8993177357779651,0.8993177357779651,0.6599648584759136,0.5387297331352129,0.9372043991734331,True,FULL,FULL_exp_log_rank_4
197,0.14,2.0725,0.99,0.65575,0.65575,0.5146811885872504,2.4125452352231607,1.1704311885872505,25.510159206488257,0.65575,0.2785125382833188,2.4125452352231607,0.9342625382833188,28.75956258563278,-0.23616865030393164,0.23616865030393164,-0.23616865030393164,0.23616865030393164,3.249403379144521,3.249403379144521,0.05404731609923005,0.032166598118436654,0.7926847559727495,True,FULL,FULL_exp_log_rank_4
199,2.66,4.3725000000000005,17.29,16.490000000000002,16.490000000000002,37.39926722177272,1.1435105774728416,53.88926722177272,1.504191322919805,16.490000000000002,65.99774901535363,1.1435105774728416,82.48774901535363,1.2654473748675443,28.598481793580916,28.598481793580916,28.59848179358091,28.59848179358091,-0.23874394805226062,0.23874394805226062,1.1300088697947726,0.7861943739445719,0.8823916144198085,True,FULL,FULL_exp_log_rank_4
200,1.09,1.85,0.51,0.452,0.452,3.5013968656521643,2.702702702702702,3.953396865652164,3.161464776235545,0.452,3.212444224168201,2.702702702702702,3.664444224168201,2.8825958672825447,-0.2889526414839634,0.2889526414839634,-0.28895264148396294,0.28895264148396294,-0.2788689089530001,0.2788689089530001,0.07236189403492109,0.054213702676290276,0.4115724778336245,True,FULL,FULL_exp_log_rank_4
201,4.54,28.00018033053748,3.73,3.372542584212134,3.372542584212134,0.9705608512144872,0.178570278511632,4.343103435426621,0.8969826858645201,3.372542584212134,7.243138358222382,0.178570278511632,10.615680942434516,0.4810535320551675,6.272577507007894,6.272577507007894,6.272577507007894,6.272577507007894,-0.41592915380935264,0.41592915380935264,0.7457193319987353,0.5044530975071242,-1.5924423962456196,True,FULL,FULL_exp_log_rank_4
202,5.68,6.0,13.66,13.51,13.51,45.684267603740025,0.8333333333333334,59.19426760374002,0.9611956816495174,13.51,89.79582694555592,0.8333333333333334,103.30582694555592,0.8644659967370076,44.11155934181589,44.11155934181589,44.1115593418159,44.1115593418159,-0.09672968491250977,0.09672968491250977,0.7118775827092253,0.43387631895775824,0.9133480930885487,True,FULL,FULL_exp_log_rank_4
203,8.16,15.0,0.64,0.4826666666666666,0.4826666666666666,11.163229285157737,0.3333333333333333,11.645895951824402,0.3680224492093827,0.4826666666666666,15.216294720625664,0.3333333333333333,15.69896138729233,0.3393539734820954,4.053065435467927,4.053065435467927,4.0530654354679285,4.0530654354679285,-0.028668475727287313,0.028668475727287313,0.168138690441671,0.12845985660976905,-0.6591347087034445,True,FULL,FULL_exp_log_rank_4
204,9.63,15.0,1.15,0.9263333333333332,0.9263333333333332,31.67109901569681,0.3333333333333333,32.59743234903014,0.356302565715436,0.9263333333333332,44.98902031528196,0.3333333333333333,45.915353648615294,0.3364010565915857,13.317921299585151,13.317921299585151,13.317921299585151,13.317921299585151,-0.019901509123850303,0.019901509123850303,0.33702128041980445,0.25695044485834745,-0.8474829608399901,True,FULL,FULL_exp_log_rank_4
205,8.17,15.0,1.67,1.391,1.391,14.757831874738754,0.3333333333333333,16.148831874738754,0.3859250855203011,1.391,25.784407110364384,0.3333333333333333,27.175407110364382,0.3434096561303693,11.02657523562563,11.02657523562563,11.026575235625629,11.026575235625629,-0.0425154293899318,0.0425154293899318,0.29409350968613807,0.22052835565169165,0.0907253370061798,True,FULL,FULL_exp_log_rank_4
206,7.68,15.0,2.36,1.9943333333333333,1.9943333333333333,14.016889640854824,0.3333333333333333,16.011222974188158,0.404258783461519,1.9943333333333333,22.152413048514777,0.3333333333333333,24.14674638184811,0.3514482784939268,8.135523407659953,8.135523407659953,8.135523407659953,8.135523407659953,-0.05281050496759221,0.05281050496759221,0.33509492493680454,0.2463198609942207,0.371927818373869,True,FULL,FULL_exp_log_rank_4
207,12.65,17.5,2.87,2.478,2.478,85.54466261294648,0.2857142857142857,88.02266261294648,0.3027127732951231,2.478,390.5239289545923,0.2857142857142857,393.0019289545923,0.2864052535191172,304.9792663416458,304.9792663416458,304.9792663416458,304.9792663416458,-0.016307519776005863,0.016307519776005863,0.752224361145275,0.5443143841285698,-0.62734913059925,True,FULL,FULL_exp_log_rank_4
209,0.55,3.75,0.015,0.014,0.014,0.0024195869070291,1.3333333333333333,0.0164195869070291,8.395940887010124,0.014,0.065516279826924,1.3333333333333333,0.079516279826924,3.3728695839300653,0.06309669291989489,0.06309669291989489,0.06309669291989489,0.06309669291989489,-5.023071303080059,5.023071303080059,0.008028946594495831,0.0054079319415889105,-18.862151923034872,True,FULL,FULL_exp_log_rank_4
210,0.73,3.75,0.017,0.0155,0.0155,0.0049950016940742,1.3333333333333333,0.0204950016940742,5.436911505105911,0.0155,0.0486163313434543,1.3333333333333333,0.0641163313434543,2.6569392812695436,0.0436213296493801,0.0436213296493801,0.043621329649380106,0.043621329649380106,-2.7799722238363676,2.7799722238363676,0.003658306676679747,0.0025962175117207314,-1.6405481268545268,True,FULL,FULL_exp_log_rank_4
211,0.73,3.75,0.031,0.0205,0.0205,0.0421170527109933,1.3333333333333333,0.0626170527109933,3.3538139443417307,0.0205,0.1938538033506027,1.3333333333333333,0.2143538033506027,2.080572839448883,0.1517367506396094,0.1517367506396094,0.1517367506396094,0.1517367506396094,-1.2732411048928478,1.2732411048928478,0.008226286436756174,0.00617405179192162,-2.099900024579626,True,FULL,FULL_exp_log_rank_4
212,0.56,4.25,0.032,0.0305,0.0305,0.0032729190185453,1.1764705882352942,0.0337729190185453,9.217143579218789,0.0305,0.2199632122081402,1.1764705882352942,0.2504632122081403,3.1890962764380615,0.2166902931895949,0.2166902931895949,0.21669029318959498,0.21669029318959498,-6.0280473027807275,6.0280473027807275,0.030626570974522115,0.02029626900340788,-67.06559166885668,True,FULL,FULL_exp_log_rank_4
213,0.61,4.25,0.036,0.032,0.032,0.0097117896904809,1.1764705882352942,0.0417117896904809,6.613265489413038,0.032,0.2390729739428203,1.1764705882352942,0.2710729739428203,2.8093381703185125,0.2293611842523394,0.2293611842523394,0.22936118425233942,0.22936118425233942,-3.8039273190945257,3.8039273190945257,0.028719417953158775,0.019447397983290492,-43.74091175108064,True,FULL,FULL_exp_log_rank_4
214,0.8,4.25,0.041,0.0365,0.0365,0.0146135447707714,1.1764705882352942,0.0511135447707714,4.687843076991533,0.0365,0.2363806235288713,1.1764705882352942,0.2728806235288713,2.050283253598703,0.2217670787580999,0.2217670787580999,0.22176707875809992,0.22176707875809992,-2.6375598233928303,2.6375598233928303,0.01703250926942124,0.01228940963520399,-9.092204655593532,True,FULL,FULL_exp_log_rank_4
215,0.85,4.25,0.053,0.0412499999999999,0.0412499999999999,0.0449535990108785,1.1764705882352942,0.0862035990108784,3.4008265344224067,0.0412499999999999,0.3135242840779677,1.1764705882352942,0.3547742840779676,1.8621188613332404,0.26857068506708914,0.26857068506708914,0.26857068506708925,0.26857068506708925,-1.5387076730891662,1.5387076730891662,0.01570328594878934,0.011680778764676982,-3.6696180165167087,True,FULL,FULL_exp_log_rank_4
216,1.18,4.75,0.072,0.06875,0.06875,0.0144953537063408,1.0526315789473684,0.0832453537063408,3.803418428356459,0.06875,0.355656912925932,1.0526315789473684,0.4244069129259321,1.505835750660356,0.3411615592195912,0.3411615592195912,0.3411615592195913,0.3411615592195913,-2.297582677696103,2.297582677696103,0.014182698782761608,0.010643251757112842,-0.8552288654481013,True,FULL,FULL_exp_log_rank_4
217,1.07,4.75,0.082,0.07425,0.07425,0.0316745022212473,1.0526315789473684,0.1059245022212473,3.494012368300583,0.07425,0.4052022234164689,1.0526315789473684,0.4794522234164689,1.6028820122850824,0.3735277211952216,0.3735277211952216,0.3735277211952216,0.3735277211952216,-1.8911303560155006,1.8911303560155006,0.019069715474332654,0.014240029168712483,-1.7768760557860883,True,FULL,FULL_exp_log_rank_4
218,0.99,4.75,0.091,0.0815,0.0815,0.0350845623553453,1.0526315789473684,0.1165845623553453,3.740061038065954,0.0815,0.4340194020324152,1.0526315789473684,0.5155194020324152,1.7259129669048872,0.3989348396770699,0.3989348396770699,0.3989348396770699,0.3989348396770699,-2.014148071161067,2.014148071161067,0.025131084564539666,0.01846731829933008,-3.1468303688626413,True,FULL,FULL_exp_log_rank_4
219,1.33,4.75,0.123,0.109,0.109,0.0845437839006371,1.0526315789473684,0.1935437839006371,2.512415047002486,0.109,0.5732744795023005,1.0526315789473684,0.6822744795023005,1.3955193918300404,0.4887306956016634,0.4887306956016634,0.4887306956016634,0.4887306956016634,-1.1168956551724458,1.1168956551724458,0.01134518548591291,0.008869955633505365,0.6238898652348666,True,FULL,FULL_exp_log_rank_4
220,0.57,3.0,0.057,0.045,0.045,0.0423378142666348,1.6666666666666667,0.0873378142666348,5.252909248352316,0.045,0.4378151310964566,1.6666666666666667,0.4828151310964566,2.6555487006151317,0.3954773168298218,0.3954773168298218,0.3954773168298218,0.3954773168298218,-2.5973605477371846,2.5973605477371846,0.02570645724536837,0.01891402039014541,-10.307250984836678,True,FULL,FULL_exp_log_rank_4
221,0.74,3.0,0.052,0.0426666666666666,0.0426666666666666,0.0483380999196384,1.6666666666666667,0.091004766586305,3.990648101805694,0.0426666666666666,0.4094053958918692,1.6666666666666667,0.4520720625585358,2.1357732797552207,0.3610672959722308,0.3610672959722308,0.3610672959722308,0.3610672959722308,-1.8548748220504732,1.8548748220504732,0.009248470695901576,0.007244294698964961,-0.5181979505092862,True,FULL,FULL_exp_log_rank_4
222,1.17,3.75,0.042,0.037,0.037,0.0379972465016185,1.3333333333333333,0.0749972465016185,2.7555455668379523,0.037,0.2136852376155517,1.3333333333333333,0.2506852376155517,1.6540505168084436,0.17568799111393318,0.17568799111393318,0.17568799111393324,0.17568799111393324,-1.1014950500295086,1.1014950500295086,0.002262604029545382,0.0018747066827573,0.8804060155794357,True,FULL,FULL_exp_log_rank_4
223,2.7,4.333333333333333,0.036,0.0356666666666666,0.0356666666666666,0.012315781767816,1.153846153846154,0.0479824484344826,2.0063850757344786,0.0356666666666666,0.0081791211437005,1.153846153846154,0.0438457878103671,1.9747475062786577,-0.004136660624115499,0.004136660624115499,-0.004136660624115503,0.004136660624115503,-0.03163756945582086,0.03163756945582086,0.000497340287024153,0.000340954875925208,0.9948853365408442,True,FULL,FULL_exp_log_rank_4
224,0.75,3.5,0.022,0.02125,0.02125,0.0026705992767688,1.4285714285714286,0.0239205992767688,6.637578410976577,0.02125,0.0970294587236305,1.4285714285714286,0.1182794587236305,2.364440987849719,0.0943588594468617,0.0943588594468617,0.0943588594468617,0.0943588594468617,-4.273137423126858,4.273137423126858,0.006090889252576194,0.004417430620845808,-3.132340107299541,True,FULL,FULL_exp_log_rank_4
225,1.15,3.5,0.021,0.02,0.02,0.0073958891535081,1.4285714285714286,0.0273958891535081,3.6113543932907137,0.02,0.029390448750768,1.4285714285714286,0.049390448750768,2.290450441495247,0.021994559597259898,0.021994559597259898,0.021994559597259898,0.021994559597259898,-1.3209039517954668,1.3209039517954668,0.0006941274666792403,0.0005530880884200399,0.9575811870235236,True,FULL,FULL_exp_log_rank_4
226,1.1,3.5,0.02,0.01925,0.01925,0.004956977641193,1.4285714285714286,0.024206977641193,4.054827267846036,0.01925,0.0269853239671547,1.4285714285714286,0.0462353239671547,2.3833891240677065,0.0220283463259617,0.0220283463259617,0.0220283463259617,0.0220283463259617,-1.6714381437783299,1.6714381437783299,0.0008240463211039329,0.0006484745253536793,0.9316168428067786,True,FULL,FULL_exp_log_rank_4
227,1.25,3.5,0.019,0.01875,0.01875,0.0019847706438796,1.4285714285714286,0.0207347706438796,4.418502888206739,0.01875,0.0088466529454418,1.4285714285714286,0.0275966529454418,2.9070731444611435,0.006861882301562199,0.006861882301562199,0.006861882301562202,0.006861882301562202,-1.511429743745596,1.511429743745596,0.0005230877501033749,0.00033276747336333646,0.9705833820481604,True,FULL,FULL_exp_log_rank_4
228,0.7,3.0,0.059,0.0456666666666666,0.0456666666666666,0.0656740182268081,1.6666666666666667,0.1113406848934747,3.9285722676402535,0.0456666666666666,0.4554339394100126,1.6666666666666667,0.5011006060766792,2.1994075522687035,0.38975992118320446,0.38975992118320446,0.38975992118320446,0.38975992118320446,-1.72916471537155,1.72916471537155,0.011497140479583477,0.008970953742623959,-0.8261457002745629,True,FULL,FULL_exp_log_rank_4
229,0.8,3.75,0.039,0.03775,0.03775,0.0044128695173391,1.3333333333333333,0.0421628695173391,6.31959788609588,0.03775,0.2386872987857659,1.3333333333333333,0.2764372987857659,2.061652962504498,0.2342744292684268,0.2342744292684268,0.2342744292684268,0.2342744292684268,-4.257944923591382,4.257944923591382,0.013816052888149433,0.01013198790872676,-5.806101841214562,True,FULL,FULL_exp_log_rank_4
230,1.1,3.75,0.031,0.03025,0.03025,0.004226216061608,1.3333333333333333,0.034476216061608,4.574641618565765,0.03025,0.1153718162282484,1.3333333333333333,0.1456218162282485,1.8356880020686752,0.1111456001666404,0.1111456001666404,0.11114560016664049,0.11114560016664049,-2.7389536164970893,2.7389536164970893,0.0033934435759918843,0.0026235764692138434,0.4813774252356344,True,FULL,FULL_exp_log_rank_4
234,0.99,3.0,0.523,0.4803333333333333,0.4803333333333333,0.3422582854093307,1.6666666666666667,0.822591618742664,3.6102895519762694,0.4803333333333333,0.9878358092180202,1.6666666666666667,1.4681691425513534,2.460326721526428,0.6455775238086895,0.6455775238086895,0.6455775238086895,0.6455775238086895,-1.1499628304498413,1.1499628304498413,0.015051610432933163,0.012004726697286236,0.9676408198049048,True,FULL,FULL_exp_log_rank_4
235,1.49,3.0,0.929,0.87,0.87,1.3911680147990315,1.6666666666666667,2.261168014799032,2.4688599946843404,0.87,2.0926779620017784,1.6666666666666667,2.9626779620017785,2.0335001651256186,0.7015099472027468,0.7015099472027468,0.7015099472027466,0.7015099472027466,-0.43535982955872177,0.43535982955872177,0.0494027767502836,0.03176198545925014,0.9137505884219428,True,FULL,FULL_exp_log_rank_4
236,2.48,3.5,1.278,1.2245,1.2245,4.974718816480315,1.4285714285714286,6.199218816480315,1.7047169871616714,1.2245,5.385394584709164,1.4285714285714286,6.609894584709164,1.541988860015408,0.41067576822884977,0.41067576822884977,0.41067576822884977,0.41067576822884977,-0.1627281271462635,0.1627281271462635,0.10335169126180563,0.07213966059418113,0.8094233257411712,True,FULL,FULL_exp_log_rank_4
238,1.16,3.0,0.606,0.5299999999999999,0.5299999999999999,0.9995028593983644,1.6666666666666667,1.5295028593983642,2.6762963684092975,0.5299999999999999,1.3143059536360462,1.6666666666666667,1.844305953636046,2.196822362598077,0.3148030942376818,0.3148030942376818,0.3148030942376818,0.3148030942376818,-0.47947400581122057,0.47947400581122057,0.03414875192538765,0.020998910238744353,0.88466920083698,True,FULL,FULL_exp_log_rank_4
239,2.0,3.5,0.785,0.745,0.745,1.4880839300345443,1.4285714285714286,2.2330839300345446,1.9471028822830023,0.745,2.776579707283206,1.4285714285714286,3.5215797072832062,1.6059305529161407,1.2884957772486618,1.2884957772486618,1.2884957772486616,1.2884957772486616,-0.3411723293668616,0.3411723293668616,0.048160950513450713,0.03257978878399371,0.8933428547068399,True,FULL,FULL_exp_log_rank_4
240,1.84,3.0,1.067,0.9266666666666667,0.9266666666666667,11.34965538746409,1.6666666666666667,12.276322054130755,1.8769974838423913,0.9266666666666667,3.7737808223446185,1.6666666666666667,4.700447489011285,1.8396814126480356,-7.575874565119471,7.575874565119471,-7.57587456511947,7.57587456511947,-0.03731607119435565,0.03731607119435565,0.1916337445089748,0.14638494382696504,0.10020344532693037,True,FULL,FULL_exp_log_rank_4
241,2.5,3.5,1.53,1.435,1.435,11.191062390354295,1.4285714285714286,12.626062390354296,1.6206039521105755,1.435,5.885469174526856,1.4285714285714286,7.320469174526856,1.54794895461117,-5.3055932158274395,5.3055932158274395,-5.3055932158274395,5.3055932158274395,-0.07265499749940552,0.07265499749940552,0.1799851615753278,0.12854527093504173,0.5837775265235832,True,FULL,FULL_exp_log_rank_4
242,1.28,13.0,0.381,0.236,0.236,0.2798827945510767,0.3846153846153846,0.5158827945510767,2.332154177278262,0.236,0.5031102834092811,0.3846153846153846,0.7391102834092811,1.955581701311732,0.22322748885820443,0.22322748885820443,0.22322748885820443,0.22322748885820443,-0.3765724759665299,0.3765724759665299,0.04087814352926016,0.025722282213335865,0.37774694828306776,True,FULL,FULL_exp_log_rank_4
243,1.94,13.0,1.479,1.139,1.139,0.9051763320711632,0.3846153846153846,2.0441763320711632,1.6142343389282214,1.139,0.1351555485019053,0.3846153846153846,1.2741555485019054,2.507509167563099,-0.7700207835692578,0.7700207835692578,-0.7700207835692578,0.7700207835692578,0.8932748286348777,0.8932748286348777,0.11799406121283564,0.0756002363242671,0.5995578454867327,True,FULL,FULL_exp_log_rank_4
244,2.29,13.0,30.401,2.493,2.493,191.4872115140508,0.3846153846153846,193.9802115140508,0.5794840127037909,2.493,68.5082569926378,0.3846153846153846,71.00125699263779,0.5783970960420847,-122.97895452141302,122.97895452141302,-122.97895452141302,122.97895452141302,-0.0010869166617062387,0.0010869166617062387,9.044096881474502,6.5259815064538405,0.09421905779125683,True,FULL,FULL_exp_log_rank_4
245,3.95,13.0,5.488,4.171,4.171,11.473466241634494,0.3846153846153846,15.644466241634497,0.6512771868667829,4.171,0.8691658358682659,0.3846153846153846,5.040165835868266,1.0943106798135749,-10.604300405766228,10.604300405766228,-10.604300405766232,10.604300405766232,0.44303349294679195,0.44303349294679195,0.668144569049493,0.493686323694311,0.40121622730283546,True,FULL,FULL_exp_log_rank_4
246,0.34,13.0,0.306,0.104,0.104,0.238125551076079,0.3846153846153846,0.342125551076079,11.465962069935722,0.104,0.4175646426682083,0.3846153846153846,0.5215646426682083,10.865488565950518,0.1794390915921293,0.1794390915921293,0.17943909159212934,0.17943909159212934,-0.6004735039852047,0.6004735039852047,0.047537300525940775,0.027043255610811435,0.2113438531422347,True,FULL,FULL_exp_log_rank_4
250,0.1,15.0,0.367,0.136,0.136,0.2402542971419538,0.3333333333333333,0.3762542971419538,56.09759499434641,0.136,0.3495362909958387,0.3333333333333333,0.4855362909958387,54.60766525714146,0.10928199385388493,0.10928199385388493,0.10928199385388493,0.10928199385388493,-1.489929737204946,1.489929737204946,0.029788875654968554,0.016737168725741516,0.7242645385722009,True,FULL,FULL_exp_log_rank_4
254,0.42,15.0,0.464,0.223,0.223,0.286841251907236,0.3333333333333333,0.509841251907236,9.785018691865965,0.223,0.3323892782848147,0.3333333333333333,0.5553892782848147,9.542120110584415,0.04554802637757871,0.04554802637757871,0.04554802637757871,0.04554802637757871,-0.2428985812815494,0.2428985812815494,0.011977586866866716,0.006833176766654256,0.9681964160438453,True,FULL,FULL_exp_log_rank_4
255,1.34,15.0,1.532,0.812,0.812,1.3202731944591186,0.3333333333333333,2.1322731944591187,2.118955632610797,0.812,0.1691819181227477,0.3333333333333333,0.9811819181227478,3.372084628211955,-1.151091276336371,1.151091276336371,-1.1510912763363708,1.1510912763363708,1.2531289956011582,1.2531289956011582,0.23533839514751465,0.14409137955483614,-0.006647372032785315,True,FULL,FULL_exp_log_rank_4
258,2.09,15.0,55.263,3.813,3.813,190.18212243089908,0.3333333333333333,193.99512243089907,0.7174733228095233,3.813,629.4627627774908,0.3333333333333333,633.2757627774907,0.6709034102089918,439.28064034659167,439.28064034659167,439.28064034659167,439.28064034659167,-0.04656991260053145,0.04656991260053145,49.15144433696943,33.86779635405327,-7.232786080479903,True,FULL,FULL_exp_log_rank_4
284,0.27,1.6652089623887931,2.655,1.3036485066778338,1.3036485066778338,4.61028992899217,3.002626164602998,5.913938435670004,7.913618795998358,1.3036485066778338,4.221625015274917,3.002626164602998,5.525273521952751,7.278984047586991,-0.3886649137172533,0.3886649137172533,-0.3886649137172533,0.3886649137172533,-0.6346347484113677,0.6346347484113677,0.11331466784757581,0.0669480533120807,0.9451963036046985,True,FULL,FULL_exp_log_rank_4
285,0.5,3.083720300719987,2.417,0.6555920235894309,0.6555920235894309,7.127781251237852,1.621418128885619,7.783373274827283,3.420782268328867,0.6555920235894309,1.823418316967869,1.621418128885619,2.4790103405573,4.082554672702949,-5.3043629342699825,5.3043629342699825,-5.304362934269983,5.304362934269983,0.6617724043740822,0.6617724043740822,0.5943411717188984,0.4099620664177872,0.015282455384618476,True,FULL,FULL_exp_log_rank_4
287,0.29,1.7885577744175924,3.214,1.959240530267265,1.959240530267265,3.9894927128527247,2.7955484980786536,5.94873324311999,8.412171305906568,1.959240530267265,3.731687318927822,2.7955484980786536,5.690927849195087,7.780308906507052,-0.25780539392490276,0.25780539392490276,-0.25780539392490276,0.25780539392490276,-0.631862399399516,0.631862399399516,0.09151593342831811,0.05142331431452801,0.9657254119810522,True,FULL,FULL_exp_log_rank_4
288,0.44,2.7136738646335887,3.179,1.959240530267265,1.959240530267265,3.8637545585443656,1.8425206010063853,5.822995088811631,5.589277438658442,1.959240530267265,0.8978028535543867,1.8425206010063853,2.857043383821652,7.733461899248605,-2.965951704989979,2.965951704989979,-2.965951704989979,2.965951704989979,2.1441844605901625,2.1441844605901625,0.40884347692304346,0.2725490305116887,0.28794413124563234,True,FULL,FULL_exp_log_rank_4
289,0.44,2.7136738646335887,5.856,2.848434309388562,2.848434309388562,10.290924987900752,1.8425206010063853,13.139359297289314,4.832563228905287,2.848434309388562,8.500151777794215,1.8425206010063853,11.348586087182778,4.557762520392382,-1.7907732101065363,1.7907732101065363,-1.7907732101065363,1.7907732101065363,-0.27480070851290517,0.27480070851290517,0.34298256620037226,0.21605877326101378,0.8981736922393142,True,FULL,FULL_exp_log_rank_4
291,0.42,2.590325052604789,4.293,1.959240530267265,1.959240530267265,8.144262348078403,1.9302596772447849,10.103502878345669,4.906645401620717,1.959240530267265,4.461771476469238,1.9302596772447849,6.421012006736503,5.119282610459301,-3.682490871609165,3.682490871609165,-3.6824908716091658,3.6824908716091658,0.21263720883858372,0.21263720883858372,0.5022030855913934,0.3358637262217708,0.6278690302709508,True,FULL,FULL_exp_log_rank_4
292,0.27,1.6652089623887931,1.816,0.6555920235894309,0.6555920235894309,4.340373544875488,3.002626164602998,4.99596556846492,6.93036783035678,0.6555920235894309,2.78139313864718,3.002626164602998,3.4369851622366108,6.830721661834185,-1.5589804062283084,1.5589804062283084,-1.5589804062283088,1.5589804062283088,-0.09964616852259489,0.09964616852259489,0.21381405103826745,0.14281896235295613,0.7127150959715127,True,FULL,FULL_exp_log_rank_4
293,0.55,3.392092330791986,3.752,1.3488617496840016,1.3488617496840016,8.999404803617814,1.4740164808051082,10.348266553301816,3.397073578572742,1.3488617496840016,2.27106379460084,1.4740164808051082,3.619925544284842,4.24472970509395,-6.728341009016974,6.728341009016974,-6.728341009016974,6.728341009016974,0.8476561265212079,0.8476561265212079,0.8067575003296571,0.5512941401002567,0.0458387450102713,True,FULL,FULL_exp_log_rank_4
295,1.2,7.400928721727968,0.0307,0.0217962758401608,0.0217962758401608,0.0268208917452208,0.6755908870356747,0.0486171675853816,2.3157906832156443,0.0217962758401608,0.0610496540055172,0.6755908870356747,0.082845929845678,1.698037340389396,0.0342287622602964,0.0342287622602964,0.0342287622602964,0.0342287622602964,-0.6177533428262483,0.6177533428262483,0.00350410864934156,0.002436815789594908,0.2967055864712731,True,FULL,FULL_exp_log_rank_4
296,2.0,12.334881202879949,0.131,0.0508579769603752,0.0508579769603752,0.2935284290129898,0.4053545322214048,0.344386405973365,0.9614433155844516,0.0508579769603752,0.4539779679834338,0.4053545322214048,0.504835944943809,0.7956381983512778,0.160449538970444,0.160449538970444,0.160449538970444,0.160449538970444,-0.16580511723317382,0.16580511723317382,0.01034140868601641,0.007625958884317366,0.860633677974744,True,FULL,FULL_exp_log_rank_4
297,1.8,11.101393082591954,0.046,0.0145308505601072,0.0145308505601072,0.1222071066849876,0.4503939246904497,0.1367379572450948,0.9937795159488002,0.0145308505601072,0.0891931950757913,0.4503939246904497,0.1037240456358985,0.947288616113752,-0.0330139116091963,0.0330139116091963,-0.0330139116091963,0.0330139116091963,-0.04649089983504817,0.04649089983504817,0.004855771846036717,0.0032123730438565895,0.7958382676989824,True,FULL,FULL_exp_log_rank_4
302,0.75,4.625580451079981,0.055,0.0153092991217785,0.0153092991217785,0.1595143577214117,1.080945419257079,0.1748236568431902,2.2969478423570417,0.0153092991217785,0.3487611075115913,1.080945419257079,0.3640704066333698,1.866607951787113,0.18924674979017958,0.18924674979017958,0.1892467497901796,0.1892467497901796,-0.4303398905699287,0.4303398905699287,0.013013432685069729,0.009553835400122812,0.07129010237564393,True,FULL,FULL_exp_log_rank_4
303,0.91,5.612370947310377,0.041,0.0153092991217785,0.0153092991217785,0.0951653865132687,0.8908890818052851,0.1104746856350472,2.0818876302589207,0.0153092991217785,0.2045240892408042,0.8908890818052851,0.2198333883625828,1.6424105175330506,0.1093587027275355,0.1093587027275355,0.10935870272753559,0.10935870272753559,-0.4394771127258701,0.4394771127258701,0.008070886300799244,0.00588832013374861,0.16875745748599458,True,FULL,FULL_exp_log_rank_4
304,1.87,11.533113924692753,0.046,0.0153092991217785,0.0153092991217785,0.1174680513670647,0.4335342590603259,0.1327773504888432,0.9728764088168116,0.0153092991217785,0.0821417272633047,0.4335342590603259,0.0974510263850832,0.9371685802257936,-0.03532632410376001,0.03532632410376001,-0.03532632410376001,0.03532632410376001,-0.035707828591017954,0.035707828591017954,0.005046381774577602,0.0033510244093320155,0.7691761352085034,True,FULL,FULL_exp_log_rank_4
305,2.17,13.383346105124744,0.042,0.0153092991217785,0.0153092991217785,0.0995579974430193,0.373598647208668,0.1148672965647978,0.8653228395367738,0.0153092991217785,0.0419408712987182,0.373598647208668,0.0572501704204967,0.944308740071166,-0.057617126144301097,0.057617126144301097,-0.057617126144301097,0.057617126144301097,0.07898590053439225,0.07898590053439225,0.007118113137342497,0.004838307431098206,0.3989351413532134,True,FULL,FULL_exp_log_rank_4
311,1.45,8.942788872087963,1.14,0.7935883525311068,0.7935883525311068,1.051107361858608,0.5591096996157306,1.844695714389715,1.879665749713435,0.7935883525311068,0.2695061726549487,0.5591096996157306,1.0630945251860555,2.5528920797015817,-0.7816011892036593,0.7816011892036593,-0.7816011892036594,0.7816011892036594,0.6732263299881467,0.6732263299881467,0.11118873298743744,0.07350894996639473,0.5012794495912198,True,FULL,FULL_exp_log_rank_4
316,1.1,6.784184661583972,1.23,0.5909609098097346,0.5909609098097346,2.195000047586552,0.7370082404025541,2.7859609573962865,1.920963652491806,0.5909609098097346,0.4794209185261697,0.7370082404025541,1.0703818283359043,2.620322053084144,-1.7155791290603821,1.7155791290603821,-1.7155791290603821,1.7155791290603821,0.6993584005923381,0.6993584005923381,0.22138119464517006,0.1495259428326597,0.055015480039290354,True,FULL,FULL_exp_log_rank_4
317,0.75,4.625580451079981,0.94,0.7727950359050375,0.7727950359050375,0.4751593936736535,1.080945419257079,1.247954429578691,4.459377299507828,0.7727950359050375,0.1763296748851762,1.080945419257079,0.9491247107902138,5.492616827531701,-0.2988297187884773,0.2988297187884773,-0.2988297187884773,0.2988297187884773,1.0332395280238726,1.0332395280238726,0.04449954436750637,0.028915384145631762,0.858137225856414,True,FULL,FULL_exp_log_rank_4
321,1.5,9.25116090215996,2.94,0.5553062574145964,0.5553062574145964,10.568278952724356,0.5404727096285398,11.123585210138952,1.04691166819964,0.5553062574145964,1.0734616832186472,0.5404727096285398,1.6287679406332436,1.498103672275361,-9.494817269505708,9.494817269505708,-9.494817269505708,9.494817269505708,0.4511920040757209,0.4511920040757209,0.9811799150176252,0.6842248016949323,-0.47560827769904224,True,FULL,FULL_exp_log_rank_4
322,1.7,10.484649022447956,1.47,1.1106125148291928,1.1106125148291928,1.0572811334663703,0.4768876849663586,2.1678936482955633,1.7502458150213789,1.1106125148291928,0.0762943259839339,0.4768876849663586,1.1869068408131267,3.213572986652686,-0.9809868074824364,0.9809868074824364,-0.9809868074824366,0.9809868074824366,1.463327171631307,1.463327171631307,0.13885130231753542,0.08994458435161988,0.47689823051306524,True,FULL,FULL_exp_log_rank_4
323,1.7,10.484649022447956,7.35,2.2212250296583855,2.2212250296583855,20.160376750419932,0.4768876849663586,22.381601780078316,1.0379375597762583,2.2212250296583855,0.7654095614387284,0.4768876849663586,2.986634591097114,2.1687102219297927,-19.394967188981205,19.394967188981205,-19.3949671889812,19.3949671889812,1.1307726621535343,1.1307726621535343,2.245310949333154,1.5407315350786412,-0.6484599649300651,True,FULL,FULL_exp_log_rank_4
327,0.1,0.6167440601439975,0.08,0.0796743371481683,0.0796743371481683,0.0008090983306987,8.107090644428094,0.080483435478867,77.68977402204777,0.0796743371481683,0.7085395167837192,8.107090644428094,0.7882138539318875,15.922951899980731,0.7077304184530204,0.7077304184530204,0.7077304184530204,0.7077304184530204,-61.76682212206704,61.76682212206704,0.07154370855471184,0.04965328801238732,-57.84009993523563,True,FULL,FULL_exp_log_rank_4
329,1.2,7.400928721727968,0.024,0.0202072594216368,0.0202072594216368,0.010665146237602,0.6755908870356747,0.0308724056592388,2.9023919692701785,0.0202072594216368,0.0218647758690083,0.6755908870356747,0.0420720352906451,2.207826146180242,0.0111996296314063,0.0111996296314063,0.011199629631406298,0.011199629631406298,-0.6945658230899365,0.6945658230899365,0.0013079117068254356,0.0008741966777410595,0.8097006041948664,True,FULL,FULL_exp_log_rank_4
330,1.1,6.784184661583972,0.025,0.0202072594216368,0.0202072594216368,0.0137190748784508,0.7370082404025541,0.0339263343000876,2.9611290302817843,0.0202072594216368,0.0391094758654342,0.7370082404025541,0.059316735287071,2.042199379742273,0.0253904009869834,0.0253904009869834,0.025390400986983398,0.025390400986983398,-0.9189296505395115,0.9189296505395115,0.0028742755257228038,0.0019608809698205064,0.17270231910108325,True,FULL,FULL_exp_log_rank_4
331,1.25,7.709300751799968,0.047,0.0398371685740841,0.0398371685740841,0.0200809505252075,0.6485672515542477,0.0599181190992916,2.820311710406355,0.0398371685740841,0.14281700058634,0.6485672515542477,0.1826541691604241,1.5341802717208954,0.1227360500611325,0.1227360500611325,0.1227360500611325,0.1227360500611325,-1.2861314386854594,1.2861314386854594,0.013579608961054526,0.009354006299918536,-4.363101184145073,True,FULL,FULL_exp_log_rank_4
332,1.2,7.400928721727968,0.05,0.0398371685740841,0.0398371685740841,0.0292663957131568,0.6755908870356747,0.0691035642872409,2.6576864448773354,0.0398371685740841,0.1716201470083352,0.6755908870356747,0.2114573155824193,1.5316167457771444,0.14235375129517838,0.14235375129517838,0.14235375129517838,0.14235375129517838,-1.126069699100191,1.126069699100191,0.015145533591739634,0.010511282459279219,-4.6780553494621495,True,FULL,FULL_exp_log_rank_4
333,1.6,9.86790496230396,0.093,0.0796743371481683,0.0796743371481683,0.0371742575975103,0.5066931652767559,0.1168485947456786,2.2486028629786348,0.0796743371481683,0.2917866209239711,0.5066931652767559,0.3714609580721394,1.1925415588718042,0.2546123633264608,0.2546123633264608,0.2546123633264608,0.2546123633264608,-1.0560613041068305,1.0560613041068305,0.028201317305025366,0.01942057177579679,-4.928188017001699,True,FULL,FULL_exp_log_rank_4
334,2.5,15.418601503599936,0.1,0.0796743371481683,0.0796743371481683,0.0585327914263222,0.3242836257771238,0.1382071285744905,1.275689493540873,0.0796743371481683,0.283506471016663,0.3242836257771238,0.3631808081648313,0.7684557550144089,0.22497367959034079,0.22497367959034079,0.22497367959034079,0.22497367959034079,-0.507233738526464,0.507233738526464,0.024367369233134338,0.016852952746985717,-2.674411244863195,True,FULL,FULL_exp_log_rank_4
335,1.8,11.101393082591954,0.233,0.1991858428704208,0.1991858428704208,0.0944249962521731,0.4503939246904497,0.2936108391225939,1.9904398436807709,0.1991858428704208,0.5359071225179664,0.4503939246904497,0.7350929653883871,1.1436853979373574,0.44148212626579325,0.44148212626579325,0.4414821262657932,0.4414821262657932,-0.8467544457434135,0.8467544457434135,0.05038096156695972,0.03446233702746654,-2.0122881381360775,True,FULL,FULL_exp_log_rank_4
336,4.0,24.669762405759897,0.251,0.1991858428704208,0.1991858428704208,0.1494580982300445,0.2026772661107024,0.3486439411004653,0.792806515114832,0.1991858428704208,1.9708340342404185,0.2026772661107024,2.170019877110839,0.3910563129604822,1.821375936010374,1.821375936010374,1.8213759360103736,1.8213759360103736,-0.4017502021543498,0.4017502021543498,0.176042202258051,0.12388319389134708,-29.33733084522064,True,FULL,FULL_exp_log_rank_4
337,1.13,6.96920787962717,0.045,0.0153092991217785,0.0153092991217785,0.1129415099906837,0.7174416499493891,0.1282508091124622,1.6219045254507285,0.0153092991217785,0.1786226629536704,0.7174416499493891,0.1939319620754489,1.3489952005326644,0.06568115296298671,0.06568115296298671,0.06568115296298671,0.06568115296298671,-0.2729093249180641,0.2729093249180641,0.004085936822513687,0.003032969713007201,0.838656147031428,True,FULL,FULL_exp_log_rank_4
338,1.74,10.731346646505555,0.033,0.0153092991217785,0.0153092991217785,0.0614267591501006,0.4659247496797756,0.0767360582718792,1.1936384711708052,0.0153092991217785,0.0280920488667155,0.4659247496797756,0.0434013479884941,1.3100729662236807,-0.033334710283385104,0.033334710283385104,-0.0333347102833851,0.0333347102833851,0.11643449505287551,0.11643449505287551,0.004414913004923292,0.0029685967597121664,0.5024858773117657,True,FULL,FULL_exp_log_rank_4
339,2.13,13.136648481067144,0.035,0.0153092991217785,0.0153092991217785,0.0696089127687665,0.3806145842454505,0.084918211890545,0.9488333573269884,0.0153092991217785,0.0163635725353189,0.3806145842454505,0.0316728716570975,1.248287620815865,-0.053245340233447604,0.053245340233447604,-0.053245340233447506,0.053245340233447506,0.2994542634888767,0.2994542634888767,0.006708124655845634,0.004549398313629684,0.05455575218029329,True,FULL,FULL_exp_log_rank_4
341,1.13,6.96920787962717,0.055,0.0153092991217785,0.0153092991217785,0.1595143577209842,0.7174416499493891,0.1748236568427627,1.524522904222498,0.0153092991217785,0.2426879464455774,0.7174416499493891,0.257997245567356,1.2924958246358262,0.08317358872459318,0.08317358872459318,0.0831735887245933,0.0831735887245933,-0.23202707958667168,0.23202707958667168,0.004660351710895526,0.003497267112419992,0.8808939776261968,True,FULL,FULL_exp_log_rank_4
342,1.22,7.524277533756768,0.039,0.0153092991217785,0.0153092991217785,0.0864894320112215,0.6645156265924669,0.101798731133,1.5829859963913084,0.0153092991217785,0.1202690681010804,0.6645156265924669,0.135578367222859,1.3338432142670538,0.0337796360898589,0.0337796360898589,0.03377963608985898,0.03377963608985898,-0.24914278212425467,0.24914278212425467,0.0019254658654108208,0.0014157173322092425,0.9448203685848786,True,FULL,FULL_exp_log_rank_4
343,1.45,8.942788872087963,0.034,0.0153092991217785,0.0153092991217785,0.0654950286258003,0.5591096996157306,0.0808043277475788,1.4123161332544465,0.0153092991217785,0.0569428612789413,0.5591096996157306,0.0722521604007199,1.3111058540168294,-0.008552167346859,0.008552167346859,-0.008552167346858902,0.008552167346858902,-0.10121027923761705,0.10121027923761705,0.0018837296825780685,0.0011642193542962204,0.9179965385322009,True,FULL,FULL_exp_log_rank_4
345,0.6,3.700464360863984,0.062,0.0153092991217785,0.0153092991217785,0.1936315334445874,1.3511817740713494,0.2089408325663659,2.78103428223211,0.0153092991217785,0.4417917349024502,1.3511817740713494,0.4571010340242287,2.2798189071408816,0.24816020145786283,0.24816020145786283,0.2481602014578628,0.2481602014578628,-0.5012153750912285,0.5012153750912285,0.01689153384447864,0.012398991967699708,-0.13562710619177043,True,FULL,FULL_exp_log_rank_4
346,0.7,4.317208421007981,0.05,0.0153092991217785,0.0153092991217785,0.1358772828198478,1.1581558063468709,0.1511865819416263,2.530764500816095,0.0153092991217785,0.3371511435445935,1.1581558063468709,0.352460442666372,2.007140195164529,0.20127386072474573,0.20127386072474573,0.2012738607247457,0.2012738607247457,-0.5236243056515657,0.5236243056515657,0.014463171814653791,0.010563146501571046,-0.49377850710128524,True,FULL,FULL_exp_log_rank_4
347,0.9,5.550696541295977,0.034,0.0153092991217785,0.0153092991217785,0.0654950141480271,0.9007878493808994,0.0808043132698056,2.275398701589776,0.0153092991217785,0.1526219717391619,0.9007878493808994,0.1679312708609404,1.7359039772465894,0.0871269575911348,0.0871269575911348,0.0871269575911348,0.0871269575911348,-0.5394947243431867,0.5394947243431867,0.0069691068275728055,0.005037195827791172,-0.1224041826945308,True,FULL,FULL_exp_log_rank_4
348,1.8,11.101393082591954,0.027,0.0153092991217785,0.0153092991217785,0.038082793731829,0.4503939246904497,0.0533920928536075,1.2897687725693818,0.0153092991217785,0.0034594482486419,0.4503939246904497,0.0187687473704205,2.294383234168551,-0.034623345483187094,0.034623345483187094,-0.034623345483187004,0.034623345483187004,1.0046144615991692,1.0046144615991692,0.0046445969507520465,0.0031031516154863704,-0.11035731531608928,True,FULL,FULL_exp_log_rank_4
349,1.13,6.96920787962717,0.043,0.0153092991217785,0.0153092991217785,0.1039855497101338,0.7174416499493891,0.1192948488319123,1.6477168177591195,0.0153092991217785,0.1649915393897446,0.7174416499493891,0.1803008385115231,1.3655275849098163,0.061005989679610795,0.061005989679610795,0.061005989679610795,0.061005989679610795,-0.2821892328493032,0.2821892328493032,0.003872620773609341,0.0028675783068060033,0.8342098097306989,True,FULL,FULL_exp_log_rank_4
350,1.37,8.449393623972766,0.041,0.0153092991217785,0.0153092991217785,0.0951653865075495,0.591758441199131,0.110474685629328,1.3828596668882291,0.0153092991217785,0.109371395480911,0.591758441199131,0.1246806946026895,1.2086979170265943,0.014206008973361509,0.014206008973361509,0.014206008973361509,0.014206008973361509,-0.1741617498616348,0.1741617498616348,0.0007530003769729643,0.0005244114960876976,0.9927643809932672,True,FULL,FULL_exp_log_rank_4
351,1.67,10.299625804404757,0.032,0.0153092991217785,0.0153092991217785,0.057405854043788,0.4854545296064728,0.0727151531655665,1.2626030593869657,0.0153092991217785,0.0282448781387106,0.4854545296064728,0.0435541772604892,1.362946973463497,-0.0291609759050774,0.0291609759050774,-0.029160975905077297,0.029160975905077297,0.1003439140765312,0.1003439140765312,0.003934713026285784,0.0026372060467077935,0.5615805564805435,True,FULL,FULL_exp_log_rank_4
353,0.9,5.550696541295977,0.037,0.0153092991217785,0.0153092991217785,0.0779670989319231,0.9007878493808994,0.0932763980537016,2.192227389199339,0.0153092991217785,0.1766924451246809,0.9007878493808994,0.1920017442464594,1.6965183982052228,0.0987253461927578,0.0987253461927578,0.09872534619275782,0.09872534619275782,-0.49570899099411614,0.49570899099411614,0.007618509812884557,0.005529921143242951,-0.019487365896744935,True,FULL,FULL_exp_log_rank_4
354,1.05,6.475812631511974,0.032,0.0153092991217785,0.0153092991217785,0.0574058541682785,0.7721038708979138,0.0727151532900571,2.0081400996379837,0.0153092991217785,0.102086989269223,0.7721038708979138,0.1173962883910015,1.5978305172457048,0.04468113510094449,0.04468113510094449,0.0446811351009444,0.0446811351009444,-0.4103095823922789,0.4103095823922789,0.0034615261868037573,0.0025065917539611998,0.6606882312300619,True,FULL,FULL_exp_log_rank_4
355,1.15,7.09255669165597,0.028,0.0153092991217785,0.0153092991217785,0.0418356081862674,0.7049644038633127,0.0571449073080459,1.9734344433232216,0.0153092991217785,0.0569165509738518,0.7049644038633127,0.0722258500956303,1.6533131389372708,0.0150809427875844,0.0150809427875844,0.0150809427875844,0.0150809427875844,-0.32012130438595077,0.32012130438595077,0.0010569632792722173,0.000755885647680661,0.9495578435686851,True,FULL,FULL_exp_log_rank_4
356,1.4,8.634416842015963,0.024,0.0153092991217785,0.0153092991217785,0.0272042150777216,0.5790779031734354,0.0425135141995001,1.8037445140554815,0.0153092991217785,0.0114888933366594,0.5790779031734354,0.0267981924584379,2.1064014310564114,-0.015715321741062202,0.015715321741062202,-0.0157153217410622,0.0157153217410622,0.3026569170009299,0.3026569170009299,0.002243238667323224,0.0014886587867563724,0.6017718550133816,True,FULL,FULL_exp_log_rank_4
357,0.75,4.625580451079981,0.028,0.0153092991217785,0.0153092991217785,0.0418356081843982,1.080945419257079,0.0571449073061767,3.0259328132395527,0.0153092991217785,0.1442306249212208,1.080945419257079,0.1595399240429993,2.1025209524219473,0.1023950167368226,0.1023950167368226,0.10239501673682261,0.10239501673682261,-0.9234118608176054,0.9234118608176054,0.009002955938908552,0.006427752296480887,-2.659688279381941,True,FULL,FULL_exp_log_rank_4
358,1.15,7.09255669165597,0.026,0.0153092991217785,0.0153092991217785,0.0343911653190034,0.7049644038633127,0.0497004644407819,2.0699745048837284,0.0153092991217785,0.044044436649391,0.7049644038633127,0.0593537357711696,1.7599086591895277,0.009653271330387597,0.009653271330387597,0.009653271330387701,0.009653271330387701,-0.3100658456942007,0.3100658456942007,0.0006715585989703979,0.00048469532089071834,0.9733724389329681,True,FULL,FULL_exp_log_rank_4
359,1.1,6.784184661583972,0.024,0.0153092991217785,0.0153092991217785,0.0272042141314279,0.7370082404025541,0.0425135132532064,2.2956749282231264,0.0153092991217785,0.037663014741825,0.7370082404025541,0.0529723138636036,1.915300630159764,0.010458800610397098,0.010458800610397098,0.010458800610397195,0.010458800610397195,-0.3803742980633624,0.3803742980633624,0.0008548856167415094,0.0005994023692312535,0.9421641649471645,True,FULL,FULL_exp_log_rank_4
360,1.2,7.400928721727968,0.022,0.0153092991217785,0.0153092991217785,0.0203041095024898,0.6755908870356747,0.0356134086242683,2.2704692840433656,0.0153092991217785,0.0164411818199144,0.6755908870356747,0.031750480941693,2.2126582060722915,-0.003862927682575401,0.003862927682575401,-0.003862927682575304,0.003862927682575304,-0.0578110779710741,0.0578110779710741,0.0007491418971476152,0.00046715032252389236,0.9392440258646328,True,FULL,FULL_exp_log_rank_4
