sample_id,u_peak,u_r,tau_peak,tau_r,true_a,true_b,true_c,true_d,true_e,estimated_a,estimated_b,estimated_c,estimated_d,estimated_e,error_b,abs_error_b,error_d,abs_error_d,error_e,abs_error_e,curve_rmse_tau_u,curve_mae_tau_u,curve_r2_tau_u,curve_valid,dataset,model_name
7,0.72,2.75,0.044,0.03175,0.03175,0.0801325410005739,1.818181818181818,0.1118825410005739,3.441242286799551,0.03175,0.3096117305084174,1.818181818181818,0.3413617305084174,2.24930233506704,0.2294791895078435,0.2294791895078435,0.2294791895078435,0.2294791895078435,-1.191939951732511,1.191939951732511,0.0027301928770847193,0.002253421269257576,0.8383513656151409,True,FULL,FULL_exp_d_rank_5
8,0.92,3.0,0.035,0.02825,0.02825,0.0557241852265918,1.6666666666666667,0.0839741852265918,3.007954906577982,0.02825,0.1641747243704018,1.6666666666666667,0.1924247243704018,2.080112432209471,0.10845053914380998,0.10845053914380998,0.10845053914381002,0.10845053914381002,-0.9278424743685108,0.9278424743685108,0.0012818457384349312,0.0009895821470046612,0.9441951313439346,True,FULL,FULL_exp_d_rank_5
9,0.97,3.0,0.029,0.0255,0.0255,0.0288872445152351,1.6666666666666667,0.0543872445152351,3.290221199159674,0.0255,0.0919047442551005,1.6666666666666667,0.1174047442551005,2.210015891210709,0.06301749973986541,0.06301749973986541,0.0630174997398654,0.0630174997398654,-1.0802053079489649,1.0802053079489649,0.0009539425810395247,0.0007807446434157957,0.956388083927902,True,FULL,FULL_exp_d_rank_5
11,0.78,3.5,0.05,0.0417499999999999,0.0417499999999999,0.0354980845491272,1.4285714285714286,0.0772480845491271,4.004659571873231,0.0417499999999999,0.2996288041652976,1.4285714285714286,0.3413788041652975,2.073389508017211,0.2641307196161704,0.2641307196161704,0.2641307196161704,0.2641307196161704,-1.9312700638560196,1.9312700638560196,0.011686258174503307,0.00887089795374021,-1.8200292023336546,True,FULL,FULL_exp_d_rank_5
12,1.25,3.5,0.04,0.034,0.034,0.0670624339164287,1.4285714285714286,0.1010624339164287,2.366794324621144,0.034,0.1309013978226676,1.4285714285714286,0.1649013978226676,1.7967278985397177,0.0638389639062389,0.0638389639062389,0.0638389639062389,0.0638389639062389,-0.5700664260814261,0.5700664260814261,0.0020091574789365915,0.0011701584198138106,0.9034922366607853,True,FULL,FULL_exp_d_rank_5
13,1.8,4.0,0.035,0.033,0.033,0.0334302203204883,1.25,0.0664302203204883,2.0972939397426664,0.033,0.0176691199358502,1.25,0.0506691199358503,2.131861095513676,-0.0157611003846381,0.0157611003846381,-0.015761100384638002,0.015761100384638002,0.03456715577100944,0.03456715577100944,0.0012955551527120803,0.0009259355590719654,0.956374438234908,True,FULL,FULL_exp_d_rank_5
19,1.55,12.0,1.02,0.8525,0.8525,0.3782821788444106,0.4166666666666667,1.2307821788444109,2.3791759662313843,0.8525,1.07622575498486,0.4166666666666667,1.92872575498486,1.7003427101480004,0.6979435761404493,0.6979435761404493,0.6979435761404491,0.6979435761404491,-0.6788332560833839,0.6788332560833839,0.10770500414746478,0.06961744094712578,0.17978285613457157,True,FULL,FULL_exp_d_rank_5
20,1.71,12.0,2.57,1.7327500000000002,1.7327500000000002,2.210315622373947,0.4166666666666667,3.9430656223739473,1.6207235717983703,1.7327500000000002,0.6610239990459377,0.4166666666666667,2.393773999045938,2.120824582957427,-1.5492916233280094,1.5492916233280094,-1.5492916233280094,1.5492916233280094,0.5001010111590567,0.5001010111590567,0.24489256750040617,0.15878664626087885,0.5163341799271577,True,FULL,FULL_exp_d_rank_5
27,0.87,3.25,2.35,1.9075,1.9075,2.7034029995062916,1.5384615384615383,4.610902999506291,3.276941309100947,1.9075,0.2374975853094281,1.5384615384615383,2.144997585309428,5.54088377740081,-2.4659054141968637,2.4659054141968637,-2.4659054141968633,2.4659054141968633,2.2639424682998635,2.2639424682998635,0.19992619602418285,0.1414730340512247,0.6717161179362285,True,FULL,FULL_exp_d_rank_5
28,0.13,1.325,1.02,0.6675,0.6675,0.6738254010838505,3.7735849056603774,1.3413254010838505,23.891608655167115,0.6675,0.3131599920377522,3.7735849056603774,0.9806599920377522,27.96028749192776,-0.3606654090460983,0.3606654090460983,-0.36066540904609823,0.36066540904609823,4.068678836760647,4.068678836760647,0.07197646288532539,0.04438324979724814,0.7019957923282725,True,FULL,FULL_exp_d_rank_5
29,0.6,2.425,4.93,4.2975,4.2975,3.110870023650559,2.061855670103093,7.408370023650559,5.517814597970529,4.2975,1.2123285954393532,2.061855670103093,5.5098285954393535,6.498430378396689,-1.8985414282112059,1.8985414282112059,-1.8985414282112059,1.8985414282112059,0.9806157804261604,0.9806157804261604,0.1996201425015781,0.1385503251497989,0.9208693263848484,True,FULL,FULL_exp_d_rank_5
30,2.17,3.85,16.37,14.955,14.955,60.674147880173095,1.2987012987012987,75.6291478801731,1.6284330431129306,14.955,116.38946928720476,1.2987012987012987,131.34446928720476,1.383582863646142,55.71532140703167,55.71532140703167,55.71532140703167,55.71532140703167,-0.24485017946678855,0.24485017946678855,1.5935248339946706,1.1446722632320643,0.71893996668118,True,FULL,FULL_exp_d_rank_5
31,0.24,1.275,0.66,0.475,0.475,0.6758571313827281,3.9215686274509807,1.150857131382728,11.17767536247715,0.475,0.603132598829519,3.9215686274509807,1.078132598829519,10.409307304630024,-0.0727245325532091,0.0727245325532091,-0.0727245325532091,0.0727245325532091,-0.768368057847125,0.768368057847125,0.02015731774270263,0.011860988313659289,0.9527985341556691,True,FULL,FULL_exp_d_rank_5
33,2.26,4.125,16.14,11.3475,11.3475,422.7987490320256,1.2121212121212122,434.1462490320256,1.3091974223177918,11.3475,85.0210637850174,1.2121212121212122,96.3685637850174,1.2977634641677511,-337.7776852470082,337.7776852470082,-337.7776852470082,337.7776852470082,-0.011433958150040668,0.011433958150040668,5.240724656549211,4.04516582570867,-1.0666502919968557,True,FULL,FULL_exp_d_rank_5
34,0.47,1.525,1.07,0.6975,0.6975,4.0455139668571585,3.278688524590164,4.743013966857158,4.812842755740618,0.6975,1.2946596996401547,3.278688524590164,1.9921596996401547,5.160898309805681,-2.7508542672170035,2.7508542672170035,-2.7508542672170035,2.7508542672170035,0.3480555540650627,0.3480555540650627,0.1683693950204358,0.12356733255478407,0.16795230855839904,True,FULL,FULL_exp_d_rank_5
35,0.47,2.2,4.91,4.25,4.25,2.5915991927768687,2.2727272727272725,6.841599192776869,7.213346651196478,4.25,1.364256968757977,2.2727272727272725,5.614256968757977,7.945852500222101,-1.2273422240188916,1.2273422240188916,-1.2273422240188916,1.2273422240188916,0.7325058490256238,0.7325058490256238,0.15871100393932994,0.10691836737072141,0.9441354197424378,True,FULL,FULL_exp_d_rank_5
36,1.48,3.625,14.91,14.235,14.235,8.232456046268986,1.3793103448275863,22.467456046268985,2.7321098339023515,14.235,50.562840265798016,1.3793103448275863,64.79784026579802,1.6802767018295466,42.33038421952903,42.33038421952903,42.33038421952903,42.33038421952903,-1.051833132072805,1.051833132072805,0.4920154740444057,0.3852310645775649,0.9635300418222228,True,FULL,FULL_exp_d_rank_5
37,0.11,1.325,0.89,0.5625,0.5625,0.5639971811696873,3.7735849056603774,1.1264971811696871,29.2958502513531,0.5625,0.2931669997036212,3.7735849056603774,0.8556669997036213,33.30956749459822,-0.27083018146606613,0.27083018146606613,-0.27083018146606586,0.27083018146606586,4.013717243245118,4.013717243245118,0.05796540132418065,0.03514100095416689,0.7466445844132302,True,FULL,FULL_exp_d_rank_5
38,0.26,2.175,5.3,4.1,4.1,2.5910971306331803,2.298850574712644,6.69109713063318,13.042743993933716,4.1,0.6293298965481515,2.298850574712644,4.729329896548151,17.963534387365605,-1.9617672340850287,1.9617672340850287,-1.9617672340850287,1.9617672340850287,4.92079039343189,4.92079039343189,0.3515044990003085,0.21926995911359942,0.685297640145455,True,FULL,FULL_exp_d_rank_5
39,0.54,3.35,15.9,14.4675,14.4675,3.852469877296928,1.4925373134328357,18.319969877296927,7.688914610134782,14.4675,28.97589947967328,1.4925373134328357,43.44339947967328,4.1251784383395655,25.12342960237635,25.12342960237635,25.123429602376355,25.123429602376355,-3.5637361717952167,3.5637361717952167,3.035725163122982,2.0455910148292973,-1.3734351464808143,True,FULL,FULL_exp_d_rank_5
40,0.3,1.35,0.88,0.635,0.635,1.1651130574348498,3.7037037037037033,1.8001130574348498,8.547982610717572,0.635,0.743841510668904,3.7037037037037033,1.378841510668904,8.549344533809531,-0.4212715467659458,0.4212715467659458,-0.4212715467659458,0.4212715467659458,0.0013619230919594827,0.0013619230919594827,0.05609341421375315,0.037647829273879246,0.8124783543717953,True,FULL,FULL_exp_d_rank_5
41,0.38,2.175,5.2,4.3975,4.3975,2.452688320111813,2.298850574712644,6.850188320111813,9.031706106944794,4.3975,1.1585101245948142,2.298850574712644,5.556010124594814,10.39543810387974,-1.2941781955169986,1.2941781955169986,-1.2941781955169986,1.2941781955169986,1.3637319969349466,1.3637319969349466,0.18759397157010393,0.12302342393111917,0.9204933756823427,True,FULL,FULL_exp_d_rank_5
42,0.71,3.35,16.28,14.8375,14.8375,5.373344828404187,1.4925373134328357,20.210844828404188,5.457009220110153,14.8375,42.60163620285187,1.4925373134328357,57.43913620285187,2.79908324040889,37.228291374447686,37.228291374447686,37.22829137444768,37.22829137444768,-2.6579259797012633,2.6579259797012633,2.656500628050122,1.9108967394630434,-0.42778181000506565,True,FULL,FULL_exp_d_rank_5
43,0.88,1.475,0.58,0.535,0.535,2.3643732180319175,3.389830508474576,2.8993732180319176,4.157276354583812,0.535,3.4970887534673594,3.389830508474576,4.0320887534673595,3.629102173242504,1.132715535435442,1.132715535435442,1.132715535435442,1.132715535435442,-0.5281741813413077,0.5281741813413077,0.058167619853660035,0.04244049337829948,0.7100407087749967,True,FULL,FULL_exp_d_rank_5
44,1.5,2.625,3.89,3.6325,3.6325,10.486129835864666,1.9047619047619049,14.118629835864668,2.474961892115721,3.6325,7.744270471170598,1.9047619047619049,11.376770471170598,2.281489907392816,-2.7418593646940685,2.7418593646940685,-2.7418593646940703,2.7418593646940703,-0.19347198472290472,0.19347198472290472,0.2983552858050245,0.21643259446243335,0.8298917146976428,True,FULL,FULL_exp_d_rank_5
45,2.87,4.1,13.67,13.42,13.42,16.705556614946417,1.2195121951219514,30.12555661494642,1.6634039681803665,13.42,89.27984486486152,1.2195121951219514,102.69984486486152,1.2870992987831735,72.5742882499151,72.5742882499151,72.5742882499151,72.5742882499151,-0.376304669397193,0.376304669397193,0.6120866587906463,0.3775340460988582,0.9450363181721806,True,FULL,FULL_exp_d_rank_5
46,0.79,1.5,0.8,0.665,0.665,6.166849946093346,3.3333333333333335,6.831849946093346,3.9230290740544778,0.665,3.0048331662846848,3.3333333333333335,3.669833166284685,3.728070109235037,-3.162016779808661,3.162016779808661,-3.162016779808661,3.162016779808661,-0.19495896481944097,0.19495896481944097,0.13306495337333532,0.10024422027143423,0.16730677701525565,True,FULL,FULL_exp_d_rank_5
47,0.6,2.175,5.04,4.655,4.655,2.141531174694559,2.298850574712644,6.796531174694559,6.310564627174357,4.655,2.8763655375593578,2.298850574712644,7.531365537559358,5.293085460291435,0.7348343628647989,0.7348343628647989,0.7348343628647989,0.7348343628647989,-1.0174791668829224,1.0174791668829224,0.07424460637766893,0.04304456818792472,0.9904152439281496,True,FULL,FULL_exp_d_rank_5
48,2.37,4.125,16.38,14.3675,14.3675,112.7264689844744,1.2121212121212122,127.0939689844744,1.4228254925840296,14.3675,97.0951937725662,1.2121212121212122,111.4626937725662,1.29982365284238,-15.63127521190819,15.63127521190819,-15.631275211908203,15.631275211908203,-0.12300183974164947,0.12300183974164947,2.3714589080829622,1.7758482104916338,0.3808933073573173,True,FULL,FULL_exp_d_rank_5
49,1.46,2.566666666666667,4.68,4.1066666666666665,4.1066666666666665,30.593215473314466,1.948051948051948,34.69988213998113,2.300589855794831,4.1066666666666665,10.86732964146892,1.948051948051948,14.973996308135588,2.273392735869644,-19.725885831845545,19.725885831845545,-19.725885831845538,19.725885831845538,-0.027197119925186808,0.027197119925186808,0.6585698883882873,0.49825084139418785,0.4114689838797452,True,FULL,FULL_exp_d_rank_5
50,4.16,4.75,15.04,14.775,14.775,58.5314735148253,1.0526315789473684,73.3064735148253,1.2144266984360343,14.775,167.0744219971035,1.0526315789473684,181.84942199710352,1.0789345535880286,108.5429484822782,108.5429484822782,108.54294848227822,108.54294848227822,-0.13549214484800576,0.13549214484800576,0.9512481434854095,0.6020779045680361,0.8747333979946282,True,FULL,FULL_exp_d_rank_5
51,1.26,1.85,0.94,0.785,0.785,27.151829140946248,2.702702702702702,27.936829140946248,2.8751003676389564,0.785,5.609591844311763,2.702702702702702,6.394591844311763,2.848291312791106,-21.542237296634486,21.542237296634486,-21.542237296634486,21.542237296634486,-0.026809054847850344,0.026809054847850344,0.2610998423575252,0.1945462566477688,-0.7312826724038481,True,FULL,FULL_exp_d_rank_5
52,3.13,4.466666666666667,15.58,14.793333333333337,14.793333333333337,75.02328336156236,1.1194029850746268,89.8166166948957,1.313812712287742,14.793333333333337,107.46212741430878,1.1194029850746268,122.25546074764212,1.1765039876803016,32.43884405274642,32.43884405274642,32.43884405274642,32.43884405274642,-0.13730872460744048,0.13730872460744048,1.4688810397537129,1.0355748605251798,0.7387337600633608,True,FULL,FULL_exp_d_rank_5
53,1.15,1.85,0.71,0.65,0.65,3.9933470021604136,2.702702702702702,4.6433470021604135,3.19021506632708,0.65,3.890241604661545,2.702702702702702,4.540241604661545,2.8976094492358695,-0.10310539749886871,0.10310539749886871,-0.10310539749886871,0.10310539749886871,-0.2926056170912106,0.2926056170912106,0.08519089492066083,0.06354166552164242,0.5895822680203913,True,FULL,FULL_exp_d_rank_5
54,0.35,2.175,4.68,4.205,4.205,1.283914851902833,2.298850574712644,5.488914851902833,11.46515887900422,4.205,0.1212364082708079,2.298850574712644,4.326236408270808,18.46508899302361,-1.162678443632025,1.162678443632025,-1.162678443632025,1.162678443632025,6.99993011401939,6.99993011401939,0.17598572460577827,0.11430027146199048,0.9078066704936982,True,FULL,FULL_exp_d_rank_5
55,0.63,3.85,16.18,14.365,14.365,5.024596391351091,1.2987012987012987,19.38959639135109,6.152370825583352,14.365,15.110354828338709,1.2987012987012987,29.47535482833871,4.235824096218059,10.085758436987618,10.085758436987618,10.085758436987618,10.085758436987618,-1.916546729365293,1.916546729365293,1.2256138400657708,0.8146196695172105,0.6302445777204251,True,FULL,FULL_exp_d_rank_5
56,0.45,1.5666666666666669,0.87,0.6366666666666667,0.6366666666666667,1.8543711063769357,3.191489361702127,2.4910377730436024,5.520751658815112,0.6366666666666667,0.9946819966215852,3.191489361702127,1.631348663288252,5.50063342765702,-0.8596891097553505,0.8596891097553505,-0.8596891097553505,0.8596891097553505,-0.020118231158092748,0.020118231158092748,0.08213099721562087,0.05771306448149856,0.6402356744651921,True,FULL,FULL_exp_d_rank_5
57,0.58,2.175,5.35,4.42,4.42,5.5363451785319135,2.298850574712644,9.956345178531912,5.059116621676996,4.42,3.790639307741983,2.298850574712644,8.210639307741983,4.955839118952305,-1.7457058707899304,1.7457058707899304,-1.7457058707899282,1.7457058707899282,-0.1032775027246906,0.1032775027246906,0.2438825435525451,0.16253867611994072,0.9049949857191719,True,FULL,FULL_exp_d_rank_5
58,0.94,3.875,16.28,13.935,13.935,11.349260923481204,1.2903225806451613,25.28426092348121,3.405427164282276,13.935,25.39975502366473,1.2903225806451613,39.334755023664734,2.428241972532573,14.050494100183528,14.050494100183528,14.050494100183524,14.050494100183524,-0.9771851917497032,0.9771851917497032,0.6460005535495209,0.49036122599965887,0.9229460195524788,True,FULL,FULL_exp_d_rank_5
59,0.13,1.5666666666666669,0.97,0.8033333333333333,0.8033333333333333,0.2782264175865835,3.191489361702127,1.0815597509199169,31.910981063129015,0.8033333333333333,0.0375331136694414,3.191489361702127,0.8408664470027748,47.9525103758223,-0.2406933039171421,0.2406933039171421,-0.24069330391714205,0.24069330391714205,16.041529312693285,16.041529312693285,0.05067424752714379,0.030361264959250765,0.7511981199391154,True,FULL,FULL_exp_d_rank_5
60,2.38,2.85,5.22,4.84,4.84,137.35939252357494,1.7543859649122806,142.19939252357494,1.8523237169572588,4.84,35.873891466591644,1.7543859649122806,40.71389146659164,1.8238859793739,-101.4855010569833,101.4855010569833,-101.48550105698331,101.48550105698331,-0.02843773758335888,0.02843773758335888,1.042143636668399,0.7057397851698586,-0.16164016494144118,True,FULL,FULL_exp_d_rank_5
61,2.68,4.125,16.95,15.5375,15.5375,116.71406105996982,1.2121212121212122,132.25156105996982,1.3981039630569712,15.5375,148.8820481266883,1.2121212121212122,164.41954812668828,1.265133414448079,32.16798706671847,32.16798706671847,32.16798706671847,32.16798706671847,-0.13297054860889213,0.13297054860889213,2.196864038969145,1.6204093220592746,0.5141576038127338,True,FULL,FULL_exp_d_rank_5
62,0.71,1.6,1.14,0.9133333333333334,0.9133333333333334,5.696830896813862,3.125,6.610164230147195,3.976020028848459,0.9133333333333334,2.3634588953826774,3.125,3.276792228716011,3.895657826890851,-3.3333720014311843,3.3333720014311843,-3.333372001431184,3.333372001431184,-0.08036220195760801,0.08036220195760801,0.16205046076947457,0.12050201316139951,0.33140988090861523,True,FULL,FULL_exp_d_rank_5
63,0.76,2.2,5.03,4.68,4.68,3.0326428857358856,2.2727272727272725,7.712642885735885,4.87933520201715,4.68,4.786214317938676,2.2727272727272725,9.466214317938675,3.8706697951804943,1.75357143220279,1.75357143220279,1.75357143220279,1.75357143220279,-1.0086654068366556,1.0086654068366556,0.11631632116165277,0.06673460836248588,0.9798487647048721,True,FULL,FULL_exp_d_rank_5
64,2.73,4.125,15.88,13.97,13.97,220.02903798852773,1.2121212121212122,233.99903798852773,1.3339956390040135,13.97,124.2628490148024,1.2121212121212122,138.2328490148024,1.267515958190342,-95.76618897372533,95.76618897372533,-95.76618897372532,95.76618897372532,-0.06647968081367162,0.06647968081367162,3.050981761659234,2.2769689731812504,-0.02261100844981545,True,FULL,FULL_exp_d_rank_5
65,0.63,1.5666666666666669,1.42,0.9733333333333332,0.9733333333333332,10.644929502666052,3.191489361702127,11.618262835999383,3.927118476960182,0.9733333333333332,2.370135420309093,3.191489361702127,3.3434687536424263,4.157246476243383,-8.274794082356959,8.274794082356959,-8.274794082356957,8.274794082356957,0.23012799928320105,0.23012799928320105,0.29055930462926066,0.21970564164892917,-0.23295216734348378,True,FULL,FULL_exp_d_rank_5
66,0.34,2.175,5.0,4.24,4.24,2.0482757543105174,2.298850574712644,6.288275754310518,10.49368724913285,4.24,0.573105682935946,2.298850574712644,4.813105682935946,13.836976843925704,-1.4751700713745715,1.4751700713745715,-1.4751700713745715,1.4751700713745715,3.3432895947928536,3.3432895947928536,0.22285964645163822,0.14252419181447729,0.8692596059957909,True,FULL,FULL_exp_d_rank_5
67,3.13,4.533333333333333,14.91,14.596666666666666,14.596666666666666,20.35467702287054,1.1029411764705883,34.951343689537204,1.4882877719989878,14.596666666666666,85.8039004705843,1.1029411764705883,100.40056713725096,1.1727380484501615,65.44922344771376,65.44922344771376,65.44922344771376,65.44922344771376,-0.31554972354882627,0.31554972354882627,0.7028463390539984,0.44252764663644373,0.9391516198418978,True,FULL,FULL_exp_d_rank_5
68,0.49,1.5666666666666669,0.79,0.63,0.63,1.4068332196782207,3.191489361702127,2.0368332196782206,5.5461514668738845,0.63,1.0720925291495678,3.191489361702127,1.7020925291495677,5.085794742689769,-0.33474069052865296,0.33474069052865296,-0.33474069052865296,0.33474069052865296,-0.46035672418411533,0.46035672418411533,0.05432185125264895,0.036425519435397596,0.8065555068678302,True,FULL,FULL_exp_d_rank_5
69,1.69,2.566666666666667,5.04,4.426666666666667,4.426666666666667,69.19774278410341,1.948051948051948,73.62440945077007,2.1459242646578933,4.426666666666667,18.880530439154803,1.948051948051948,23.30719710582147,2.1237949168267294,-50.31721234494861,50.31721234494861,-50.3172123449486,50.3172123449486,-0.022129347831163937,0.022129347831163937,0.9656762719455411,0.724829746153773,-0.015094323390095754,True,FULL,FULL_exp_d_rank_5
70,3.12,4.466666666666667,16.37,15.163333333333334,15.163333333333334,137.96164146287623,1.1194029850746268,153.12497479620956,1.2614658876838951,15.163333333333334,125.5165511662519,1.1194029850746268,140.67988449958523,1.1701743310192458,-12.445090296624329,12.445090296624329,-12.445090296624329,12.445090296624329,-0.09129155666464928,0.09129155666464928,2.180729281706678,1.571306443199262,0.47110903866820886,True,FULL,FULL_exp_d_rank_5
71,0.18,1.5666666666666669,0.87,0.6,0.6,0.5778652142592701,3.191489361702127,1.17786521425927,16.988625203858206,0.6,0.2912516980462313,3.191489361702127,0.8912516980462313,19.444295353633834,-0.28661351621303877,0.28661351621303877,-0.28661351621303877,0.28661351621303877,2.455670149775628,2.455670149775628,0.05326391196568793,0.033407290797701675,0.7699349733733725,True,FULL,FULL_exp_d_rank_5
72,0.42,2.175,5.1,3.8825,3.8825,4.482035276937978,2.298850574712644,8.364535276937978,6.759501195047857,3.8825,1.8317470830599247,2.298850574712644,5.714247083059925,7.966892512163341,-2.6502881938780534,2.6502881938780534,-2.650288193878054,2.650288193878054,1.2073913171154835,1.2073913171154835,0.3396883507686808,0.22948345619159954,0.7638048629749041,True,FULL,FULL_exp_d_rank_5
73,1.09,3.85,15.19,13.3025,13.3025,11.821633061680007,1.2987012987012987,25.12413306168001,2.9737453064844868,13.3025,23.384572962418773,1.2987012987012987,36.687072962418775,2.1921608494272844,11.562939900738765,11.562939900738765,11.562939900738765,11.562939900738765,-0.7815844570572024,0.7815844570572024,0.3785967990355555,0.2961048907639761,0.972670045434988,True,FULL,FULL_exp_d_rank_5
74,0.47,1.5666666666666669,0.66,0.5066666666666667,0.5066666666666667,1.2794449424210406,3.191489361702127,1.7861116090877074,5.540134014051035,0.5066666666666667,0.9991811422881935,3.191489361702127,1.5058478089548604,5.033714258000995,-0.280263800132847,0.280263800132847,-0.280263800132847,0.280263800132847,-0.5064197560500405,0.5064197560500405,0.048705824162370466,0.03253294322639491,0.7766240431084669,True,FULL,FULL_exp_d_rank_5
75,0.57,2.175,4.24,4.0125,4.0125,1.1193350008113887,2.298850574712644,5.131835000811389,7.4273022742503985,4.0125,1.2485711707339275,2.298850574712644,5.261071170733928,6.698521432574754,0.12923616992253883,0.12923616992253883,0.12923616992253883,0.12923616992253883,-0.7287808416756443,0.7287808416756443,0.04342663894287274,0.019706509464102323,0.9951961855561481,True,FULL,FULL_exp_d_rank_5
76,4.13,4.7,14.9,13.285,13.285,1213.8760619263403,1.0638297872340423,1227.1610619263406,1.0940505167399543,13.285,170.05988706903668,1.0638297872340423,183.34488706903667,1.0873338075841292,-1043.8161748573036,1043.8161748573036,-1043.8161748573038,1043.8161748573038,-0.006716709155825118,0.006716709155825118,5.059853990010823,3.3659093464076664,-0.9753064948283447,True,FULL,FULL_exp_d_rank_5
77,0.18,1.5666666666666669,0.88,0.4966666666666666,0.4966666666666666,0.8494890683979475,3.191489361702127,1.346155735064614,14.732448429095294,0.4966666666666666,0.4000679156386245,3.191489361702127,0.8967345823052911,16.953089276380986,-0.449421152759323,0.449421152759323,-0.44942115275932293,0.44942115275932293,2.2206408472856918,2.2206408472856918,0.08159957601076435,0.05155040008436766,0.6293388525821244,True,FULL,FULL_exp_d_rank_5
78,1.25,2.566666666666667,4.37,3.77,3.77,17.6011784506471,1.948051948051948,21.3711784506471,2.4976694597033373,3.77,6.292410089512513,1.948051948051948,10.062410089512513,2.5339961336035333,-11.308768361134588,11.308768361134588,-11.308768361134588,11.308768361134588,0.03632667390019595,0.03632667390019595,0.4996388418706312,0.3733446681414537,0.5779377387912545,True,FULL,FULL_exp_d_rank_5
79,3.62,4.5,14.62,13.843333333333334,13.843333333333334,173.78668847200146,1.1111111111111112,187.6300218053348,1.2115644521301927,13.843333333333334,132.37795464164927,1.1111111111111112,146.2212879749826,1.147484497521832,-41.40873383035219,41.40873383035219,-41.40873383035219,41.40873383035219,-0.0640799546083608,0.0640799546083608,1.9678988021330959,1.340735465417397,0.42479226978571505,True,FULL,FULL_exp_d_rank_5
80,0.11,1.5633333333333332,1.04,0.5006666666666667,0.5006666666666667,0.863642983300683,3.1982942430703627,1.3643096499673495,27.24084861115649,0.5006666666666667,0.3365236721337603,3.1982942430703627,0.837190338800427,32.58600570254994,-0.5271193111669228,0.5271193111669228,-0.5271193111669225,0.5271193111669225,5.34515709139345,5.34515709139345,0.11821496559642491,0.0708475709544499,0.4875267947579981,True,FULL,FULL_exp_d_rank_5
81,0.23,2.1775,4.79,3.54875,3.54875,2.4552355004571034,2.296211251435132,6.003985500457103,14.649101403235154,3.54875,0.1406383264369921,2.296211251435132,3.689388326436992,27.257480557922364,-2.3145971740201112,2.3145971740201112,-2.3145971740201112,2.3145971740201112,12.60837915468721,12.60837915468721,0.4378381939777239,0.2684350239531767,0.4010911698440579,True,FULL,FULL_exp_d_rank_5
82,0.39,3.9275,14.13,12.93,12.93,2.178980729198466,1.273074474856779,15.108980729198466,12.268593789286898,12.93,1.2700355392578755,1.273074474856779,14.200035539257875,13.52200568333629,-0.9089451899405907,0.9089451899405907,-0.9089451899405905,0.9089451899405905,1.2534118940493926,1.2534118940493926,0.181123557154205,0.10958420822503787,0.985717041592748,True,FULL,FULL_exp_d_rank_5
83,0.21,1.5566666666666666,0.75,0.4896666666666667,0.4896666666666667,0.6541837303857423,3.211991434689508,1.143850397052409,13.109251845364824,0.4896666666666667,0.4063712501024058,3.211991434689508,0.8960379167690725,13.981230481167806,-0.24781248028333647,0.24781248028333647,-0.24781248028333647,0.24781248028333647,0.8719786358029822,0.8719786358029822,0.04281664740557572,0.027366049841569283,0.831143971959541,True,FULL,FULL_exp_d_rank_5
84,1.52,2.19,4.53,3.98,3.98,84.48453784563569,2.2831050228310503,88.46453784563569,2.4678705594788535,3.98,23.761056901915957,2.2831050228310503,27.741056901915957,2.4245308088191018,-60.72348094371973,60.72348094371973,-60.723480943719736,60.723480943719736,-0.04333975065975171,0.04333975065975171,0.9646506698460948,0.7094406949557995,-0.22036251472205626,True,FULL,FULL_exp_d_rank_5
85,0.46,3.86,15.2,13.9425,13.9425,2.582793456166362,1.2953367875647668,16.525293456166363,10.00333623780827,13.9425,6.180827411755198,1.2953367875647668,20.1233274117552,7.750618173470201,3.5980339555888357,3.5980339555888357,3.5980339555888357,3.5980339555888357,-2.252718064338069,2.252718064338069,0.612011645476952,0.381961499122317,0.8722049427731804,True,FULL,FULL_exp_d_rank_5
86,1.14,1.85,0.47,0.4455,0.4455,1.2635859558868447,2.702702702702702,1.7090859558868448,3.448989911906233,0.4455,3.307867277443241,2.702702702702702,3.753367277443241,2.864553540964358,2.0442813215563964,2.0442813215563964,2.0442813215563964,2.0442813215563964,-0.5844363709418747,0.5844363709418747,0.035405469006268814,0.024928392864127655,0.8429754789415796,True,FULL,FULL_exp_d_rank_5
87,1.53,2.29,3.84,3.5879999999999996,3.5879999999999996,21.229112109709114,2.1834061135371177,24.817112109709115,2.5522940611621228,3.5879999999999996,14.726838534630568,2.1834061135371177,18.314838534630567,2.3831219928065095,-6.502273575078545,6.502273575078545,-6.502273575078547,6.502273575078547,-0.16917206835561327,0.16917206835561327,0.4151485816065648,0.302344255603901,0.6599194402958257,True,FULL,FULL_exp_d_rank_5
89,0.31,1.5733333333333333,0.64,0.434,0.434,0.831446191232911,3.1779661016949152,1.265446191232911,8.046929532076042,0.434,0.6075179369205868,3.1779661016949152,1.0415179369205867,7.822555273074242,-0.22392825431232422,0.22392825431232422,-0.22392825431232422,0.22392825431232422,-0.22437425900180052,0.22437425900180052,0.03572732967503659,0.02324258141157963,0.8584805025097602,True,FULL,FULL_exp_d_rank_5
90,0.44,2.0033333333333334,4.09,3.8813333333333335,3.8813333333333335,0.7845727106922662,2.4958402662229617,4.6659060440256,10.177837650659969,3.8813333333333335,0.8998291651804355,2.4958402662229617,4.781162498513769,9.2753038688146,0.11525645448816935,0.11525645448816935,0.11525645448816935,0.11525645448816935,-0.9025337818453689,0.9025337818453689,0.029024222692119905,0.013903588746338492,0.9973667386285779,True,FULL,FULL_exp_d_rank_5
91,2.56,4.125,14.35,13.695,13.695,33.24347166872315,1.2121212121212122,46.93847166872315,1.5724619149710894,13.695,73.49844924404175,1.2121212121212122,87.19344924404174,1.308859018465986,40.2549775753186,40.2549775753186,40.25497757531859,40.25497757531859,-0.2636028965051034,0.2636028965051034,0.976999410991432,0.6817148914532545,0.873305503499685,True,FULL,FULL_exp_d_rank_5
92,0.1,1.5666666666666669,0.84,0.5786666666666667,0.5786666666666667,0.3913124802400913,3.191489361702127,0.969979146906758,37.39184550372476,0.5786666666666667,0.1544050389391196,3.191489361702127,0.7330717056057863,45.29528418170081,-0.2369074413009717,0.2369074413009717,-0.23690744130097174,0.23690744130097174,7.903438677976048,7.903438677976048,0.05482904428575803,0.032483803542167775,0.6763288490556074,True,FULL,FULL_exp_d_rank_5
94,2.24,4.125,16.29,15.185,15.185,36.934910613682646,1.2121212121212122,52.11991061368265,1.6343524111032697,15.185,82.42190832687756,1.2121212121212122,97.60690832687756,1.3285585645463245,45.48699771319491,45.48699771319491,45.48699771319491,45.48699771319491,-0.3057938465569452,0.3057938465569452,1.1468800663582182,0.7777090781437831,0.8536503302283,True,FULL,FULL_exp_d_rank_5
95,0.15,1.5666666666666669,1.04,0.515,0.515,1.0180921290257392,3.191489361702127,1.533092129025739,17.824332391452327,0.515,0.399882916658722,3.191489361702127,0.914882916658722,21.392746055349484,-0.6182092123670172,0.6182092123670172,-0.6182092123670171,0.6182092123670171,3.5684136638971573,3.5684136638971573,0.12244076155525452,0.07578406239731647,0.4820561037491985,True,FULL,FULL_exp_d_rank_5
96,0.32,2.225,5.75,4.01075,4.01075,4.5926707536336835,2.2471910112359548,8.603420753633683,8.90252129065327,4.01075,1.8654423970748135,2.2471910112359548,5.876192397074814,10.713568475588902,-2.7272283565588697,2.7272283565588697,-2.7272283565588697,2.7272283565588697,1.8110471849356315,1.8110471849356315,0.4356750794592488,0.28224770192214016,0.6784032611124715,True,FULL,FULL_exp_d_rank_5
97,0.98,3.925,16.9,13.655,13.655,17.423005323734152,1.2738853503184715,31.07800532373415,2.9328424113361327,13.655,30.6473484586552,1.2738853503184715,44.3023484586552,2.2138267239588534,13.224343134921046,13.224343134921046,13.224343134921053,13.224343134921053,-0.7190156873772793,0.7190156873772793,0.44443224723042,0.3524091193123465,0.9672689753040279,True,FULL,FULL_exp_d_rank_5
98,0.12,1.5666666666666669,1.33,0.569,0.569,1.2856106349233354,3.191489361702127,1.854610634923335,23.13000566043724,0.569,0.4306934472560533,3.191489361702127,0.9996934472560532,28.43457460822809,-0.8549171876672821,0.8549171876672821,-0.8549171876672819,0.8549171876672819,5.304568947790848,5.304568947790848,0.18553067444104063,0.11221080888612461,0.3609535266973337,True,FULL,FULL_exp_d_rank_5
99,0.38,2.1775,5.29,3.8055,3.8055,4.8847712477868654,2.296211251435132,8.690271247786866,7.231167894086396,3.8055,1.9310351955817848,2.296211251435132,5.7365351955817845,8.652489649701256,-2.9537360522050804,2.9537360522050804,-2.9537360522050813,2.9537360522050813,1.4213217556148594,1.4213217556148594,0.4058814086023361,0.27088184833767204,0.6892171532494168,True,FULL,FULL_exp_d_rank_5
100,1.12,3.865,15.69,14.2025,14.2025,9.330787016774106,1.2936610608020698,23.533287016774107,3.133851414322128,14.2025,27.21759912889759,1.2936610608020698,41.42009912889759,2.1019625748301505,17.886812112123483,17.886812112123483,17.886812112123483,17.886812112123483,-1.0318888394919776,1.0318888394919776,0.5640086314075408,0.4498232608753952,0.9445511391373107,True,FULL,FULL_exp_d_rank_5
101,0.11,1.5599999999999998,1.19,0.5136666666666666,0.5136666666666666,1.0901897584596147,3.2051282051282053,1.6038564251262817,26.190812099681132,0.5136666666666666,0.3956387407112274,3.2051282051282053,0.909305407377894,31.56360082760264,-0.6945510177483873,0.6945510177483873,-0.6945510177483877,0.6945510177483877,5.37278872792151,5.37278872792151,0.1552803907791487,0.09316550533295627,0.4195489365607734,True,FULL,FULL_exp_d_rank_5
102,0.33,2.175,5.38,4.15275,4.15275,3.3230952595070686,2.298850574712644,7.475845259507069,9.464816530487427,4.15275,1.3268824276727829,2.298850574712644,5.479632427672783,11.466096580476458,-1.9962128318342858,1.9962128318342858,-1.9962128318342858,1.9962128318342858,2.001280049989031,2.001280049989031,0.3114104804825508,0.20193619526663517,0.7907084484376494,True,FULL,FULL_exp_d_rank_5
103,0.94,4.6125,15.17,14.2325,14.2325,3.230539541690666,1.0840108401084012,17.463039541690666,4.61254903129243,14.2325,3.1093924433911173,1.0840108401084012,17.341892443391117,4.403653900453096,-0.12114709829954862,0.12114709829954862,-0.12114709829954862,0.12114709829954862,-0.2088951308393341,0.2088951308393341,0.09853880020265193,0.04507187657694962,0.9976740391573045,True,FULL,FULL_exp_d_rank_5
104,0.46,1.61,0.57,0.4153333333333333,0.4153333333333333,1.2195408766373736,3.105590062111801,1.634874209970707,5.380408458094788,0.4153333333333333,0.93373545151383,3.105590062111801,1.3490687848471632,4.894447239012875,-0.2858054251235437,0.2858054251235437,-0.2858054251235438,0.2858054251235438,-0.48596121908191314,0.48596121908191314,0.04660511727162429,0.03127651562269924,0.730468208501061,True,FULL,FULL_exp_d_rank_5
106,6.69,7.0,11.06,11.03,11.03,6.769176332863529,0.7142857142857143,17.799176332863528,0.9707346090728766,11.03,70.73449433486734,0.7142857142857143,81.76449433486734,0.7415446119746217,63.965318002003805,63.965318002003805,63.96531800200381,63.96531800200381,-0.22918999709825483,0.22918999709825483,0.3317307239402193,0.1770550750268724,0.9724749729173705,True,FULL,FULL_exp_d_rank_5
107,0.15,1.5566666666666666,0.88,0.5103333333333334,0.5103333333333334,0.7081291518031402,3.211991434689508,1.2184624851364736,19.26598627033951,0.5103333333333334,0.3314543898537362,3.211991434689508,0.8417877231870696,22.362079166374336,-0.37667476194940397,0.37667476194940397,-0.37667476194940397,0.37667476194940397,3.0960928960348255,3.0960928960348255,0.07529258044455463,0.04647215904717263,0.6456291861174309,True,FULL,FULL_exp_d_rank_5
108,0.24,2.175,5.1,3.69825,3.69825,2.8769666070220197,2.298850574712644,6.5752166070220195,13.53664985652516,3.69825,0.5377549916185638,2.298850574712644,4.236004991618564,19.889498307569305,-2.339211615403456,2.339211615403456,-2.339211615403456,2.339211615403456,6.352848451044144,6.352848451044144,0.436064067127656,0.27052624487728866,0.5032758770953323,True,FULL,FULL_exp_d_rank_5
109,0.47,3.8575,14.84,13.285,13.285,3.275885261750222,1.2961762799740766,16.560885261750222,9.133208341560495,13.285,5.544350424757049,1.2961762799740766,18.82935042475705,7.684240882673673,2.2684651630068267,2.2684651630068267,2.2684651630068267,2.2684651630068267,-1.4489674588868224,1.4489674588868224,0.3726872437693245,0.23445579741971997,0.9509170727993052,True,FULL,FULL_exp_d_rank_5
110,0.15,2.1675,1.23,0.6225,0.6225,0.9619833022068238,2.306805074971165,1.584483302206824,20.507804388385548,0.6225,0.2005131731280001,2.306805074971165,0.8230131731280002,28.475226743176822,-0.7614701290788237,0.7614701290788237,-0.7614701290788239,0.7614701290788239,7.967422354791275,7.967422354791275,0.1714939537564585,0.10255276092231837,0.16397211592626937,True,FULL,FULL_exp_d_rank_5
111,0.25,2.165,6.22,4.547499999999999,4.547499999999999,3.553532108811563,2.3094688221709005,8.101032108811562,12.896286747191096,4.547499999999999,2.1570845826379603,2.3094688221709005,6.70458458263796,14.075188917814849,-1.3964475261736027,1.3964475261736027,-1.3964475261736027,1.3964475261736027,1.1789021706237524,1.1789021706237524,0.2642010862932878,0.16508512631782124,0.8785073125266576,True,FULL,FULL_exp_d_rank_5
112,0.46,4.1075,18.37,16.2525,16.2525,4.204330792736471,1.217285453438831,20.456830792736472,9.296747223836368,16.2525,15.28161060290445,1.217285453438831,31.534110602904452,6.400150153946852,11.07727981016798,11.07727981016798,11.07727981016798,11.07727981016798,-2.8965970698895163,2.8965970698895163,1.9535478952744487,1.225674351907931,0.07778201906641447,True,FULL,FULL_exp_d_rank_5
113,0.21,1.5599999999999998,0.72,0.5333333333333333,0.5333333333333333,0.4530839141628877,3.2051282051282053,0.9864172474962212,14.758619332850811,0.5333333333333333,0.346014637743632,3.2051282051282053,0.8793479710769654,14.993543382149548,-0.10706927641925568,0.10706927641925568,-0.10706927641925579,0.10706927641925579,0.234924049298737,0.234924049298737,0.020387145806833293,0.01275405411247049,0.9491212492460339,True,FULL,FULL_exp_d_rank_5
114,0.46,2.215,4.54,3.755,3.755,3.0550946555112306,2.2573363431151243,6.8100946555112305,6.812602552841997,3.755,0.9694489825695988,2.2573363431151243,4.724448982569599,8.610848864905895,-2.0856456729416317,2.0856456729416317,-2.0856456729416317,2.0856456729416317,1.798246312063898,1.798246312063898,0.24840886767047943,0.16847516649756436,0.8384803130749738,True,FULL,FULL_exp_d_rank_5
115,3.02,4.84,14.29,13.226666666666668,13.226666666666668,67.62238227774218,1.0330578512396695,80.84904894440885,1.2379494369579531,13.226666666666668,48.37598019914341,1.0330578512396695,61.60264686581008,1.1480345480732268,-19.246402078598763,19.246402078598763,-19.24640207859877,19.24640207859877,-0.08991488888472632,0.08991488888472632,1.5217857075056291,1.133732869798704,0.6790396315115022,True,FULL,FULL_exp_d_rank_5
116,0.1,1.5533333333333337,1.16,0.5640000000000001,0.5640000000000001,0.912890584776652,3.218884120171673,1.476890584776652,31.1344826944979,0.5640000000000001,0.3128058736110038,3.218884120171673,0.8768058736110039,38.286551999066354,-0.6000847111656482,0.6000847111656482,-0.6000847111656481,0.6000847111656481,7.152069304568453,7.152069304568453,0.13818786080644901,0.08219435572812174,0.41391461593265066,True,FULL,FULL_exp_d_rank_5
117,0.28,2.16,4.98,3.80875,3.80875,2.7207253448886286,2.314814814814815,6.5294753448886285,11.627647012732409,3.80875,0.578700011934882,2.314814814814815,4.387450011934882,16.581524209753546,-2.1420253329537466,2.1420253329537466,-2.1420253329537466,2.1420253329537466,4.9538771970211375,4.9538771970211375,0.3643929441417952,0.2298189501249354,0.6382843225776655,True,FULL,FULL_exp_d_rank_5
118,0.84,3.88,14.83,12.9825,12.9825,7.331910697776193,1.288659793814433,20.314410697776193,4.123242699657944,12.9825,13.089345665855836,1.288659793814433,26.071845665855836,3.1868649498229864,5.757434968079643,5.757434968079643,5.757434968079643,5.757434968079643,-0.9363777498349579,0.9363777498349579,0.4016757714935282,0.29287142724083204,0.9611287840461091,True,FULL,FULL_exp_d_rank_5
119,0.05,1.5533333333333337,1.06,0.4603333333333333,0.4603333333333333,0.7347138188950575,3.218884120171673,1.1950471522283908,76.69251608229672,0.4603333333333333,0.2812377952151861,3.218884120171673,0.7415711285485195,89.00300140544205,-0.4534760236798714,0.4534760236798714,-0.4534760236798713,0.4534760236798713,12.310485323145329,12.310485323145329,0.1180701073346471,0.06760668889680514,0.4915913956358239,True,FULL,FULL_exp_d_rank_5
120,0.24,2.1675,5.34,3.634,3.634,3.551284821064535,2.306805074971165,7.185284821064535,12.76758648025316,3.634,1.047401346972856,2.306805074971165,4.681401346972856,16.824562039200455,-2.503883474091679,2.503883474091679,-2.503883474091679,2.503883474091679,4.056975558947295,4.056975558947295,0.4670853654208245,0.2917413763800841,0.533348753229126,True,FULL,FULL_exp_d_rank_5
121,0.58,3.8475,15.72,12.52,12.52,8.509190021060213,1.299545159194282,21.029190021060213,5.626700720273117,12.52,12.983659005432148,1.299545159194282,25.503659005432148,4.6683907933682764,4.474468984371935,4.474468984371935,4.474468984371935,4.474468984371935,-0.9583099269048407,0.9583099269048407,0.5372010786626145,0.35671666861399876,0.9244554320774159,True,FULL,FULL_exp_d_rank_5
122,0.16,1.7866666666666664,1.46,0.5153333333333333,0.5153333333333333,1.791622665699797,2.7985074626865676,2.3069559990331303,15.27471027903135,0.5153333333333333,0.5308146279820153,2.7985074626865676,1.0461479613153486,19.014630739902852,-1.2608080377177817,1.2608080377177817,-1.2608080377177817,1.2608080377177817,3.7399204608715024,3.7399204608715024,0.2537859084569698,0.1565555021845197,0.24364272598225956,True,FULL,FULL_exp_d_rank_5
123,0.34,2.19,5.86,3.70375,3.70375,6.4076526447249105,2.2831050228310503,10.11140264472491,7.4904783908875965,3.70375,2.8820732109435094,2.2831050228310503,6.585823210943509,8.621847581988495,-3.525579433781401,3.525579433781401,-3.5255794337814006,3.5255794337814006,1.131369191100899,1.131369191100899,0.5241416944932645,0.3452154259443735,0.6332546219752553,True,FULL,FULL_exp_d_rank_5
124,0.72,3.9025,15.23,13.1975,13.1975,6.547895084347095,1.2812299807815504,19.745395084347095,4.922489465268678,13.1975,11.69514590668508,1.2812299807815504,24.89264590668508,3.863320224112052,5.147250822337984,5.147250822337984,5.147250822337984,5.147250822337984,-1.0591692411566265,1.0591692411566265,0.49407979858574586,0.3401011212833672,0.9376821214227563,True,FULL,FULL_exp_d_rank_5
125,0.13,1.5766666666666669,0.83,0.5316666666666667,0.5316666666666667,0.5110542316499418,3.1712473572938684,1.0427208983166083,25.070549134255213,0.5316666666666667,0.2454370662014966,3.1712473572938684,0.7771037328681634,29.08335820191558,-0.26561716544844516,0.26561716544844516,-0.26561716544844494,0.26561716544844494,4.012809067660367,4.012809067660367,0.056917285592275324,0.034479638889666014,0.7113633475215206,True,FULL,FULL_exp_d_rank_5
126,0.33,2.195,4.91,4.2615,4.2615,1.6629195649406574,2.277904328018223,5.924419564940657,11.444353107108954,4.2615,0.2207823019756425,2.277904328018223,4.482282301975642,17.596566119733275,-1.4421372629650149,1.4421372629650149,-1.4421372629650149,1.4421372629650149,6.152213012624321,6.152213012624321,0.22252652287096364,0.14235800219317846,0.860379528631621,True,FULL,FULL_exp_d_rank_5
127,2.99,4.513333333333333,16.39,14.923333333333332,14.923333333333332,140.10135047238424,1.1078286558345645,155.0246838057176,1.2549920885699382,14.923333333333332,105.74380741644369,1.1078286558345645,120.66714074977702,1.1703400218798774,-34.35754305594055,34.35754305594055,-34.35754305594057,34.35754305594057,-0.08465206669006076,0.08465206669006076,2.359469636781656,1.7418504695672947,0.3974487447007138,True,FULL,FULL_exp_d_rank_5
128,0.22,1.5666666666666669,1.38,0.6789999999999999,0.6789999999999999,1.9691572578488556,3.191489361702127,2.6481572578488555,10.298464829923804,0.6789999999999999,0.6094365309767259,3.191489361702127,1.2884365309767258,12.966703220072166,-1.3597207268721299,1.3597207268721299,-1.3597207268721296,1.3597207268721296,2.668238390148362,2.668238390148362,0.20585887983510948,0.1351135611753877,0.2892058506243579,True,FULL,FULL_exp_d_rank_5
129,0.39,2.18,6.11,4.593,4.593,5.057943521426855,2.293577981651376,9.650943521426855,7.34235077378404,4.593,3.376046659400047,2.293577981651376,7.969046659400047,7.551123672029708,-1.6818968620268082,1.6818968620268082,-1.6818968620268082,1.6818968620268082,0.2087728982456678,0.2087728982456678,0.26303665615768984,0.17163481763918598,0.8980757566469931,True,FULL,FULL_exp_d_rank_5
130,2.78,4.13,17.18,15.5675,15.5675,173.2142161184181,1.2106537530266344,188.7817161184181,1.354578535378103,15.5675,171.3379815690125,1.2106537530266344,186.9054815690125,1.254827261789872,-1.8762345494056092,1.8762345494056092,-1.8762345494056092,1.8762345494056092,-0.0997512735882311,0.0997512735882311,2.680638315757056,1.9700749050866537,0.2923048262106961,True,FULL,FULL_exp_d_rank_5
131,0.3,1.57,0.69,0.4403333333333333,0.4403333333333333,0.989606450202688,3.184713375796178,1.4299397835360212,7.9675990689291964,0.4403333333333333,0.6106683350198028,3.184713375796178,1.051001668353136,8.110535131561512,-0.3789381151828852,0.3789381151828852,-0.3789381151828852,0.3789381151828852,0.14293606263231595,0.14293606263231595,0.05197597479040152,0.03471939478989601,0.7613332371971253,True,FULL,FULL_exp_d_rank_5
132,0.38,2.2025,4.61,3.49275,3.49275,3.5417527605950667,2.270147559591374,7.034502760595067,7.697329513236288,3.49275,0.8166536124054069,2.270147559591374,4.309403612405407,10.736256538908927,-2.72509914818966,2.72509914818966,-2.72509914818966,2.72509914818966,3.0389270256726393,3.0389270256726393,0.37215674013412414,0.24651767355110124,0.6304941870315484,True,FULL,FULL_exp_d_rank_5
133,0.58,3.89,14.25,12.71,12.71,3.870375185655917,1.2853470437017995,16.580375185655917,6.937928600833182,12.71,5.183798477813625,1.2853470437017995,17.893798477813625,6.108836030894611,1.3134232921577076,1.3134232921577076,1.313423292157708,1.313423292157708,-0.8290925699385712,0.8290925699385712,0.1742504969717749,0.11553254930939943,0.9897432107833485,True,FULL,FULL_exp_d_rank_5
134,0.29,1.5933333333333335,0.81,0.6846666666666668,0.6846666666666668,0.4027161872827163,3.1380753138075312,1.087382853949383,11.679447292728767,0.6846666666666668,0.4002517256057576,3.1380753138075312,1.0849183922724244,10.856386556592463,-0.0024644616769586847,0.0024644616769586847,-0.0024644616769586847,0.0024644616769586847,-0.8230607361363038,0.8230607361363038,0.008714223725385172,0.0037700493363234133,0.9931220998093754,True,FULL,FULL_exp_d_rank_5
135,0.42,2.1925,4.74,4.255,4.255,1.6007301765706998,2.280501710376283,5.8557301765707,9.079561652406012,4.255,0.6292498470948535,2.280501710376283,4.884249847094853,10.879951512288985,-0.9714803294758463,0.9714803294758463,-0.9714803294758463,0.9714803294758463,1.8003898598829728,1.8003898598829728,0.12778452182941788,0.08363663166640543,0.9580355439641031,True,FULL,FULL_exp_d_rank_5
136,2.48,4.18,15.4,14.19,14.19,62.34454554337887,1.1961722488038278,76.53454554337887,1.469660738779334,14.19,80.22896641163652,1.1961722488038278,94.41896641163652,1.293329847821996,17.88442086825765,17.88442086825765,17.88442086825765,17.88442086825765,-0.176330890957338,0.176330890957338,1.5412572426644773,1.1260929855108348,0.7104179197136631,True,FULL,FULL_exp_d_rank_5
137,1.18,1.85,0.63,0.575,0.575,4.239497230710774,2.702702702702702,4.814497230710774,3.1309195303367727,0.575,3.981075596606071,2.702702702702702,4.556075596606071,2.8670634111003372,-0.2584216341047032,0.2584216341047032,-0.2584216341047032,0.2584216341047032,-0.2638561192364355,0.2638561192364355,0.08223976218923401,0.061214605997737495,0.5107949170712391,True,FULL,FULL_exp_d_rank_5
138,0.99,2.6033333333333335,4.93,4.496666666666667,4.496666666666667,4.9592094785200045,1.9206145966709345,9.455876145186672,3.460965956174455,4.496666666666667,3.5852067894122888,1.9206145966709345,8.081873456078956,3.283231112006339,-1.3740026891077157,1.3740026891077157,-1.3740026891077157,1.3740026891077157,-0.1777348441681159,0.1777348441681159,0.20074548913372678,0.13481168759630605,0.9405295679644817,True,FULL,FULL_exp_d_rank_5
139,1.92,4.2125,17.14,16.56,16.56,9.158812659704571,1.1869436201780414,25.71881265970457,2.22655990128023,16.56,62.842499254198216,1.1869436201780414,79.40249925419822,1.3916254355346414,53.68368659449364,53.68368659449364,53.68368659449365,53.68368659449365,-0.8349344657455886,0.8349344657455886,0.5729946877170182,0.40536875254337784,0.9651014225284357,True,FULL,FULL_exp_d_rank_5
140,0.42,1.7400000000000002,0.83,0.4525,0.4525,2.5886372580129136,2.8735632183908044,3.0411372580129137,4.84879553279124,0.4525,0.8693357575842647,2.8735632183908044,1.3218357575842647,5.352091900871041,-1.719301500428649,1.719301500428649,-1.719301500428649,1.719301500428649,0.5032963680798002,0.5032963680798002,0.13750340560210225,0.09871912074820516,0.18463202628369257,True,FULL,FULL_exp_d_rank_5
141,1.23,2.5733333333333337,4.22,4.026666666666666,4.026666666666666,3.714553371745124,1.94300518134715,7.74122003841179,3.22230726876678,4.026666666666666,5.215160733866006,1.94300518134715,9.241827400532673,2.6650986471943643,1.5006073621208822,1.5006073621208822,1.5006073621208822,1.5006073621208822,-0.5572086215724159,0.5572086215724159,0.1541935752376416,0.09164366981574379,0.9592224185308831,True,FULL,FULL_exp_d_rank_5
142,1.79,4.84,15.01,14.9025,14.9025,0.8901040923931092,1.0330578512396695,15.792604092393107,3.4546415460563873,14.9025,12.877848088540588,1.0330578512396695,27.78034808854059,1.7603146046448597,11.98774399614748,11.98774399614748,11.987743996147481,11.987743996147481,-1.6943269414115276,1.6943269414115276,0.6440822117194372,0.4418664892667998,0.926802102860442,True,FULL,FULL_exp_d_rank_5
143,0.33,1.5733333333333333,0.58,0.4766666666666666,0.4766666666666666,0.4098600862261488,3.1779661016949152,0.8865267528928155,9.368454028225154,0.4766666666666666,0.5726942720779957,3.1779661016949152,1.0493609387446623,7.691464224692855,0.16283418585184695,0.16283418585184695,0.16283418585184684,0.16283418585184684,-1.6769898035322983,1.6769898035322983,0.010283934634136595,0.0076648208794116305,0.9831953872414488,True,FULL,FULL_exp_d_rank_5
144,0.43,2.1725,4.53,3.8975,3.8975,2.2412867147074325,2.3014959723820483,6.138786714707432,7.955893974394428,3.8975,0.778212838854591,2.3014959723820483,4.675712838854591,9.853629389683324,-1.4630738758528414,1.4630738758528414,-1.4630738758528414,1.4630738758528414,1.8977354152888957,1.8977354152888957,0.18488629860051717,0.12302620640914062,0.9061386257517707,True,FULL,FULL_exp_d_rank_5
145,3.33,4.496666666666667,14.77,14.159999999999998,14.159999999999998,71.68575820940592,1.111934766493699,85.84575820940591,1.2931877819034847,14.159999999999998,105.30971189462149,1.111934766493699,119.46971189462148,1.1634094034251214,33.62395368521557,33.62395368521557,33.62395368521557,33.62395368521557,-0.12977837847836327,0.12977837847836327,1.3055409001300866,0.8993575795329929,0.7658971905682277,True,FULL,FULL_exp_d_rank_5
146,0.13,1.5599999999999998,0.68,0.5633333333333334,0.5633333333333334,0.1951982739754749,3.2051282051282053,0.7585316073088083,31.88575510060682,0.5633333333333334,0.1559759452537807,3.2051282051282053,0.7193092785871141,32.86964430685799,-0.039222328721694205,0.039222328721694205,-0.03922232872169418,0.03922232872169418,0.9838892062511739,0.9838892062511739,0.008718244334731475,0.005226920468083298,0.9850366612001201,True,FULL,FULL_exp_d_rank_5
147,1.84,3.1775,4.39,3.69,3.69,48.191526905344915,1.5735641227380015,51.88152690534491,1.779339325853626,3.69,7.747784222243549,1.5735641227380015,11.437784222243549,1.8827527933653,-40.44374268310136,40.44374268310136,-40.44374268310136,40.44374268310136,0.10341346751167402,0.10341346751167402,0.8400034594673311,0.6457967881599067,-0.02608274281340095,True,FULL,FULL_exp_d_rank_5
148,2.23,4.3774999999999995,15.49,14.875,14.875,14.10295307840756,1.142204454597373,28.97795307840756,1.8301286904573817,14.875,48.17617918940298,1.142204454597373,63.05117918940298,1.3317021645200218,34.07322611099542,34.07322611099542,34.07322611099542,34.07322611099542,-0.4984265259373599,0.4984265259373599,0.6163715058463303,0.36558739576059784,0.9534361384347634,True,FULL,FULL_exp_d_rank_5
149,0.18,1.5599999999999998,0.96,0.5433333333333333,0.5433333333333333,0.9264981470545324,3.2051282051282053,1.4698314803878656,14.731251978605432,0.5433333333333333,0.3964536246628278,3.2051282051282053,0.9397869579961612,17.39783986129553,-0.5300445223917045,0.5300445223917045,-0.5300445223917044,0.5300445223917044,2.6665878826900986,2.6665878826900986,0.09568830610829139,0.060511388872789354,0.570398657577578,True,FULL,FULL_exp_d_rank_5
150,0.4,2.175,5.29,4.25,4.25,3.4798658017251105,2.298850574712644,7.7298658017251105,7.755705088302538,4.25,1.6967116529791433,2.298850574712644,5.946711652979143,8.78612885057416,-1.7831541487459672,1.7831541487459672,-1.7831541487459672,1.7831541487459672,1.0304237622716226,1.0304237622716226,0.24868038310770588,0.16537537066096214,0.8729098142916587,True,FULL,FULL_exp_d_rank_5
151,0.99,3.6125,15.85,14.965,14.965,4.712295648967803,1.384083044982699,19.677295648967803,4.185634509215309,14.965,35.028348686656216,1.384083044982699,49.99334868665621,2.221192997513799,30.316053037688413,30.316053037688413,30.31605303768841,30.31605303768841,-1.9644415117015104,1.9644415117015104,1.2585062379301402,0.9519278171985854,0.7208144749439,True,FULL,FULL_exp_d_rank_5
152,1.16,1.9,0.64,0.54,0.54,8.918859589233094,2.6315789473684212,9.458859589233091,2.9158636476035604,0.54,3.6159735968090674,2.6315789473684212,4.155973596809067,2.807285443212777,-5.302885992424026,5.302885992424026,-5.302885992424024,5.302885992424024,-0.10857820439078347,0.10857820439078347,0.13556388848842252,0.10378758643763701,-0.19356874598767626,True,FULL,FULL_exp_d_rank_5
153,1.3,2.566666666666667,4.2,3.9333333333333336,3.9333333333333336,6.732843008196392,1.948051948051948,10.666176341529724,2.832743127876559,3.9333333333333336,6.270027229836206,1.948051948051948,10.20336056316954,2.52092222510553,-0.46281577836018606,0.46281577836018606,-0.4628157783601843,0.4628157783601843,-0.31182090277102903,0.31182090277102903,0.233246433427206,0.15989779177461244,0.9067621193639868,True,FULL,FULL_exp_d_rank_5
154,5.1,31.453947067343865,14.28,13.490170336848536,13.490170336848536,2.087839211051561,0.1589625616554528,15.578009547900097,0.9263059984631752,13.490170336848536,16.72072457318057,0.1589625616554528,30.210894910029104,0.4994198230410842,14.632885362129008,14.632885362129008,14.632885362129008,14.632885362129008,-0.426886175422091,0.426886175422091,1.8452573453845975,1.2194430836065817,-0.08387189793015604,True,FULL,FULL_exp_d_rank_5
155,0.56,1.5599999999999998,0.58,0.4766666666666666,0.4766666666666666,1.2430840918042927,3.2051282051282053,1.7197507584709593,5.0236277196711585,0.4766666666666666,1.2788263214337938,3.2051282051282053,1.7554929881004604,4.292487826852327,0.03574222962950113,0.03574222962950113,0.03574222962950113,0.03574222962950113,-0.7311398928188311,0.7311398928188311,0.0428062899556224,0.0281228345207886,0.7925945863411736,True,FULL,FULL_exp_d_rank_5
156,0.67,2.1775,4.06,3.745,3.745,2.1627193549790276,2.296211251435132,5.907719354979028,5.4890381882934465,3.745,2.032120542158407,2.296211251435132,5.777120542158407,5.024367369883494,-0.13059881282062058,0.13059881282062058,-0.13059881282062058,0.13059881282062058,-0.46467081840995217,0.46467081840995217,0.08430389047008521,0.04732648332839446,0.9823652395002712,True,FULL,FULL_exp_d_rank_5
157,1.32,3.9,14.36,13.5925,13.5925,6.126023681195667,1.2820512820512822,19.718523681195663,3.032176279008363,13.5925,22.59221596253969,1.2820512820512822,36.18471596253969,1.9607682523726933,16.46619228134402,16.46619228134402,16.46619228134403,16.46619228134403,-1.0714080266356696,1.0714080266356696,0.4463444047606928,0.35737445845276533,0.963269462939619,True,FULL,FULL_exp_d_rank_5
158,0.17,1.6233333333333333,1.0,0.5720000000000001,0.5720000000000001,0.8749487231528226,3.080082135523614,1.4469487231528226,16.31818533574024,0.5720000000000001,0.3402415705112773,3.080082135523614,0.9122415705112774,19.838384284941764,-0.5347071526415452,0.5347071526415452,-0.5347071526415452,0.5347071526415452,3.520198949201525,3.520198949201525,0.10199208334357414,0.06364658065006398,0.5238509821376156,True,FULL,FULL_exp_d_rank_5
159,0.32,2.1825,5.06,4.11975,4.11975,2.410582651104151,2.290950744558992,6.530332651104151,10.626543938716322,4.11975,0.6084696726290177,2.290950744558992,4.7282196726290175,14.45473948747058,-1.802112978475133,1.802112978475133,-1.802112978475133,1.802112978475133,3.828195548754257,3.828195548754257,0.28388433054089857,0.1808068541389062,0.7891654573145134,True,FULL,FULL_exp_d_rank_5
160,1.07,3.895,14.3,13.0025,13.0025,7.31537030166651,1.2836970474967908,20.31787030166651,3.3651116062820727,13.0025,15.436021926539413,1.2836970474967908,28.438521926539412,2.4642385230612636,8.120651624872902,8.120651624872902,8.120651624872902,8.120651624872902,-0.9008730832208092,0.9008730832208092,0.35695012215959837,0.27700662853301755,0.9722840052460737,True,FULL,FULL_exp_d_rank_5
161,0.1,1.5666666666666669,0.85,0.5843333333333334,0.5843333333333334,0.3978559436075378,3.191489361702127,0.9821892769408712,37.33548887229885,0.5843333333333334,0.1527171801806838,3.191489361702127,0.7370505135140172,45.5056686069146,-0.24513876342685398,0.24513876342685398,-0.24513876342685403,0.24513876342685403,8.170179734615743,8.170179734615743,0.05672204125350319,0.03360570951499472,0.6629878524589072,True,FULL,FULL_exp_d_rank_5
162,0.24,2.175,6.09,4.409,4.409,3.4511384121172206,2.298850574712644,7.86013841211722,13.515323404054092,4.409,1.7896977608324915,2.298850574712644,6.198697760832491,15.3998564757072,-1.661440651284729,1.661440651284729,-1.661440651284729,1.661440651284729,1.8845330716531077,1.8845330716531077,0.31685756755507205,0.1973189655417045,0.8165426631232756,True,FULL,FULL_exp_d_rank_5
163,0.5,3.8625,16.89,15.2325,15.2325,3.655467066441505,1.2944983818770228,18.887967066441504,8.601598077321363,15.2325,14.82424412613483,1.2944983818770228,30.05674412613483,5.658060330410609,11.168777059693326,11.168777059693326,11.168777059693326,11.168777059693326,-2.9435377469107538,2.9435377469107538,1.765080593165539,1.1270946645742885,0.18014322389866255,True,FULL,FULL_exp_d_rank_5
164,0.07,1.5566666666666666,0.85,0.5843333333333334,0.5843333333333334,0.3510048045966245,3.211991434689508,0.935338137929958,59.36701870371923,0.5843333333333334,0.1067894687769858,3.211991434689508,0.6911228021103192,74.87458578807247,-0.24421533581963867,0.24421533581963867,-0.24421533581963883,0.24421533581963883,15.507567084353234,15.507567084353234,0.06067697767653212,0.03523350984978699,0.5857554755970964,True,FULL,FULL_exp_d_rank_5
165,0.23,2.1675,5.85,4.43275,4.43275,2.80147060168731,2.306805074971165,7.23422060168731,14.978792929839672,4.43275,1.1720591435783074,2.306805074971165,5.604809143578308,18.056931032266508,-1.6294114581090025,1.6294114581090025,-1.6294114581090025,1.6294114581090025,3.078138102426836,3.078138102426836,0.31447305766043376,0.19448034216841603,0.7864305344472515,True,FULL,FULL_exp_d_rank_5
166,0.75,3.8625,16.87,15.795,15.795,3.4935563581594646,1.2944983818770228,19.288556358159465,5.80409010742513,15.795,22.065078852003992,1.2944983818770228,37.860078852003994,3.235976251644794,18.571522493844526,18.571522493844526,18.57152249384453,18.57152249384453,-2.568113855780336,2.568113855780336,1.7950036911717742,1.2323341308077065,0.35364299689625156,True,FULL,FULL_exp_d_rank_5
167,0.17,1.5599999999999998,0.8,0.5579999999999999,0.5579999999999999,0.4953159279041487,3.2051282051282053,1.0533159279041486,18.51576110820791,0.5579999999999999,0.2829323999550587,3.2051282051282053,0.8409323999550586,20.539976793341932,-0.21238352794909,0.21238352794909,-0.21238352794909,0.21238352794909,2.0242156851340205,2.0242156851340205,0.04091254991258974,0.025457336158421676,0.8323565333790659,True,FULL,FULL_exp_d_rank_5
168,1.11,2.563333333333333,4.61,4.293333333333333,4.293333333333333,4.918051194692046,1.950585175552666,9.21138452802538,3.258019017990617,4.293333333333333,4.685460443661439,1.950585175552666,8.978793776994772,2.891018255568628,-0.23259075103060667,0.23259075103060667,-0.23259075103060844,0.23259075103060844,-0.3670007624219891,0.3670007624219891,0.19066995714934662,0.12264998598264289,0.9438373267839911,True,FULL,FULL_exp_d_rank_5
169,3.93,4.553333333333334,16.61,16.513333333333332,16.513333333333332,14.198414912137522,1.0980966325036603,30.711748245470854,1.4757256498343354,16.513333333333332,238.0501334675054,1.0980966325036603,254.5634668008387,1.1202433100817075,223.85171855536788,223.85171855536788,223.85171855536785,223.85171855536785,-0.3554823397526279,0.3554823397526279,0.5828193762221406,0.327282657725446,0.963873769847767,True,FULL,FULL_exp_d_rank_5
170,0.19,1.5533333333333337,0.76,0.5436666666666666,0.5436666666666666,0.4848535368761771,3.218884120171673,1.0285202035428438,16.275028887164293,0.5436666666666666,0.3188833670053921,3.218884120171673,0.8625500336720587,17.310040392327647,-0.165970169870785,0.165970169870785,-0.16597016987078506,0.16597016987078506,1.0350115051633537,1.0350115051633537,0.03089162027979712,0.019404357869918402,0.8954475502924519,True,FULL,FULL_exp_d_rank_5
171,0.32,2.17,4.74,4.0465,4.0465,1.7565900119017304,2.3041474654377883,5.80309001190173,11.4900793995,4.0465,0.1861715035708231,2.3041474654377883,4.232671503570823,18.59135445351341,-1.5704185083309072,1.5704185083309072,-1.5704185083309072,1.5704185083309072,7.10127505401341,7.10127505401341,0.24480766873530369,0.15613858327631006,0.8172870885310645,True,FULL,FULL_exp_d_rank_5
172,1.88,4.13,15.76,14.8875,14.8875,14.997831291761866,1.2106537530266344,29.885331291761865,2.0220034481788933,14.8875,48.61760371957364,1.2106537530266344,63.50510371957364,1.4479549670354122,33.61977242781177,33.61977242781177,33.619772427811775,33.619772427811775,-0.5740484811434812,0.5740484811434812,0.6017094084668689,0.3609364873089707,0.9539445977847754,True,FULL,FULL_exp_d_rank_5
173,0.23,1.5666666666666669,0.81,0.5826666666666666,0.5826666666666666,0.6080845262035995,3.191489361702127,1.190751192870266,12.675105003139644,0.5826666666666666,0.3813974137915018,3.191489361702127,0.9640640804581684,13.490765908946772,-0.2266871124120977,0.2266871124120977,-0.2266871124120977,0.2266871124120977,0.8156609058071282,0.8156609058071282,0.03802368491283887,0.024451714179569924,0.8720183665810455,True,FULL,FULL_exp_d_rank_5
174,0.27,2.18,5.18,4.452999999999999,4.452999999999999,1.5717255574854088,2.293577981651376,6.024725557485408,14.53141002624948,4.452999999999999,0.1154247203629585,2.293577981651376,4.568424720362958,24.722922381218975,-1.4563008371224502,1.4563008371224502,-1.4563008371224502,1.4563008371224502,10.191512354969495,10.191512354969495,0.25601646169512887,0.15993742582897025,0.8133089772397581,True,FULL,FULL_exp_d_rank_5
175,1.85,4.1125,17.29,16.4125,16.4125,14.29966321375646,1.21580547112462,30.71216321375646,2.100213453400296,16.4125,69.62816418308654,1.21580547112462,86.04066418308655,1.4105030299271943,55.32850096933008,55.32850096933008,55.328500969330086,55.328500969330086,-0.6897104234731017,0.6897104234731017,0.6177291147719489,0.40031189367563924,0.9595522795774796,True,FULL,FULL_exp_d_rank_5
176,0.65,1.5766666666666669,0.57,0.478,0.478,1.612273609680621,3.1712473572938684,2.090273609680621,4.48569879514461,0.478,1.6113656014379305,3.1712473572938684,2.0893656014379305,3.882037535932321,-0.000908008242690439,0.000908008242690439,-0.000908008242690439,0.000908008242690439,-0.6036612592122887,0.6036612592122887,0.052421143308180894,0.03631303623943733,0.7014692478238483,True,FULL,FULL_exp_d_rank_5
177,1.47,2.6333333333333333,3.8,3.616,3.616,6.14964024424423,1.89873417721519,9.76564024424423,2.66832825839853,3.616,6.888238562327869,1.89873417721519,10.504238562327869,2.3229660419565,0.7385983180836391,0.7385983180836391,0.7385983180836391,0.7385983180836391,-0.3453622164420298,0.3453622164420298,0.20732500112158325,0.14195318211876035,0.9151886413280957,True,FULL,FULL_exp_d_rank_5
178,2.12,4.1575,13.69,12.965,12.965,17.833183532648366,1.2026458208057729,30.79818353264837,1.8070468059221405,12.965,37.14957738367805,1.2026458208057729,50.114577383678046,1.4233189184282036,19.316393851029684,19.316393851029684,19.316393851029677,19.316393851029677,-0.38372788749393694,0.38372788749393694,0.6630066605696238,0.4090962728972602,0.9301473226431716,True,FULL,FULL_exp_d_rank_5
179,0.48,1.5666666666666669,0.88,0.6386666666666666,0.6386666666666666,2.2710172374402005,3.191489361702127,2.909683904106867,5.11752583659357,0.6386666666666666,1.11623958500931,3.191489361702127,1.7549062516759766,5.118002999840739,-1.1547776524308904,1.1547776524308904,-1.1547776524308904,1.1547776524308904,0.0004771632471687326,0.0004771632471687326,0.09596168048209165,0.06845265799246122,0.5418979038356226,True,FULL,FULL_exp_d_rank_5
181,0.9,3.925,17.84,14.94,14.94,13.029435602700998,1.2738853503184715,27.969435602700997,3.4621547532157915,14.94,35.32163900776933,1.2738853503184715,50.261639007769325,2.3427966444795865,22.292203405068328,22.292203405068328,22.292203405068328,22.292203405068328,-1.119358108736205,1.119358108736205,1.148498637796362,0.8486321973768043,0.7899557079354423,True,FULL,FULL_exp_d_rank_5
182,0.22,1.49,0.66,0.4575,0.4575,0.5513217275318822,3.3557046979865772,1.0088217275318825,12.75282127395527,0.4575,0.4405786088303157,3.3557046979865772,0.8980786088303158,12.61037036576612,-0.11074311870156656,0.11074311870156656,-0.11074311870156672,0.11074311870156672,-0.14245090818915074,0.14245090818915074,0.021303932007043294,0.013297632416120676,0.9429887903310662,True,FULL,FULL_exp_d_rank_5
183,1.93,3.1,4.22,4.0145,4.0145,10.822557992923612,1.6129032258064515,14.837057992923611,2.064879723343122,4.0145,9.009087877450233,1.6129032258064515,13.023587877450232,1.8844809140334,-1.813470115473379,1.813470115473379,-1.813470115473379,1.813470115473379,-0.18039880930972219,0.18039880930972219,0.29775632120184264,0.215935283139176,0.8633967416044505,True,FULL,FULL_exp_d_rank_5
184,3.98,4.75,15.12,14.85,14.85,45.661479023586836,1.0526315789473684,60.51147902358684,1.247654255784918,14.85,145.91498777233164,1.0526315789473684,160.76498777233164,1.08447019520795,100.2535087487448,100.2535087487448,100.25350874874479,100.25350874874479,-0.16318406057696788,0.16318406057696788,0.8787301906685177,0.5591966041423321,0.8975949089302516,True,FULL,FULL_exp_d_rank_5
185,0.13,1.5666666666666669,1.09,0.5446666666666667,0.5446666666666667,0.9576325699215577,3.191489361702127,1.5022992365882244,21.905585532286455,0.5446666666666667,0.3537475781571965,3.191489361702127,0.8984142448238632,26.701265794496,-0.6038849917643612,0.6038849917643612,-0.6038849917643612,0.6038849917643612,4.795680262209544,4.795680262209544,0.12764168366197212,0.07770094935470136,0.4538677035711166,True,FULL,FULL_exp_d_rank_5
186,0.28,2.1775,5.16,3.81425,3.81425,3.130431077528114,2.296211251435132,6.944681077528114,11.220553160809676,3.81425,0.8071431081154379,2.296211251435132,4.621393108115438,15.302245505584745,-2.323287969412676,2.323287969412676,-2.323287969412676,2.323287969412676,4.081692344775069,4.081692344775069,0.3977949185521239,0.25200658463498266,0.6147343412446998,True,FULL,FULL_exp_d_rank_5
187,0.7,3.88,16.09,11.71,11.71,14.993697153202367,1.288659793814433,26.70369715320237,3.931657649182005,11.71,18.29780191513461,1.288659793814433,30.007801915134607,3.367639434720112,3.3041047619322423,3.3041047619322423,3.304104761932237,3.304104761932237,-0.564018214461893,0.564018214461893,0.23518408418186995,0.17137811959757848,0.9887604285223498,True,FULL,FULL_exp_d_rank_5
188,1.1,2.06,0.64,0.593,0.593,1.513280437089641,2.4271844660194173,2.1062804370896413,3.268679989536249,0.593,2.562131957476822,2.4271844660194173,3.155131957476822,2.719991091023503,1.048851520387181,1.048851520387181,1.0488515203871809,1.0488515203871809,-0.5486888985127463,0.5486888985127463,0.0466237065707789,0.03204504015451429,0.8412585974075815,True,FULL,FULL_exp_d_rank_5
189,3.11,3.85,4.79,4.4285,4.4285,105.61771145632456,1.2987012987012987,110.04621145632456,1.3813754414682702,4.4285,20.5147689787866,1.2987012987012987,24.9432689787866,1.3813994523069657,-85.10294247753797,85.10294247753797,-85.10294247753795,85.10294247753795,2.4010838695520675e-05,2.4010838695520675e-05,0.905106508435512,0.6224378744493135,-0.054671088390445544,True,FULL,FULL_exp_d_rank_5
190,2.95,4.833333333333333,17.57,15.660000000000002,15.660000000000002,133.5433516563727,1.0344827586206895,149.2033516563727,1.194201194728314,15.660000000000002,88.28330169463581,1.0344827586206895,103.9433016946358,1.1153514301870764,-45.26004996173688,45.26004996173688,-45.26004996173688,45.26004996173688,-0.0788497645412376,0.0788497645412376,2.584054638603146,1.9499818722760782,0.3791840849777587,True,FULL,FULL_exp_d_rank_5
191,0.1,1.64,1.15,0.5823333333333333,0.5823333333333333,0.8468851223123651,3.048780487804878,1.4292184556456984,32.276683117014976,0.5823333333333333,0.2596948764645277,3.048780487804878,0.842028209797861,40.735399982263694,-0.5871902458478374,0.5871902458478374,-0.5871902458478374,0.5871902458478374,8.458716865248718,8.458716865248718,0.13722953958177625,0.08126102272369062,0.36507556077989733,True,FULL,FULL_exp_d_rank_5
192,0.26,2.06,5.06,2.78625,2.78625,5.537602820988881,2.4271844660194173,8.323852820988881,9.67711986223781,2.78625,2.0747733970752087,2.4271844660194173,4.861023397075209,11.776209291903914,-3.4628294239136723,3.4628294239136723,-3.4628294239136723,3.4628294239136723,2.0990894296661047,2.0990894296661047,0.5845858778179629,0.375162903912743,0.4688554638722151,True,FULL,FULL_exp_d_rank_5
193,0.48,3.91,15.79,12.4225,12.4225,7.40432598861948,1.278772378516624,19.82682598861948,7.151633571136485,12.4225,9.881711006907937,1.278772378516624,22.304211006907934,6.295484789760679,2.477385018288457,2.477385018288457,2.477385018288455,2.477385018288455,-0.856148781375806,0.856148781375806,0.37224990517449197,0.2378158201343328,0.9600254373325648,True,FULL,FULL_exp_d_rank_5
194,0.47,1.5599999999999998,0.9,0.6583333333333333,0.6583333333333333,2.1587521490528645,3.2051282051282053,2.8170854823861977,5.267358968714256,0.6583333333333333,1.0879311258628563,3.2051282051282053,1.7462644591961898,5.269962877283275,-1.0708210231900082,1.0708210231900082,-1.070821023190008,1.070821023190008,0.00260390856901882,0.00260390856901882,0.09289575360129602,0.0659742744567748,0.5820860657426985,True,FULL,FULL_exp_d_rank_5
195,0.49,2.1875,5.79,4.2505,4.2505,7.336962282580967,2.2857142857142856,11.587462282580969,5.320972461121309,4.2505,3.991775658970035,2.2857142857142856,8.242275658970035,5.590774722251002,-3.345186623610932,3.345186623610932,-3.3451866236109336,3.3451866236109336,0.2698022611296924,0.2698022611296924,0.40120486078944717,0.27402155540696577,0.7750153801164614,True,FULL,FULL_exp_d_rank_5
196,1.09,3.86,17.51,14.9375,14.9375,16.553387035413166,1.2953367875647668,31.490887035413166,2.8169440230151195,14.9375,45.11052162286256,1.2953367875647668,60.04802162286256,1.9177158449688931,28.55713458744939,28.55713458744939,28.55713458744939,28.55713458744939,-0.8992281780462263,0.8992281780462263,0.6598002020632964,0.5385967625523365,0.9372357293522686,True,FULL,FULL_exp_d_rank_5
197,0.14,2.0725,0.99,0.65575,0.65575,0.5146811885872504,2.4125452352231607,1.1704311885872505,25.510159206488257,0.65575,0.0934988118792029,2.4125452352231607,0.749248811879203,36.726366857243875,-0.42118237670804753,0.42118237670804753,-0.4211823767080475,0.4211823767080475,11.216207650755617,11.216207650755617,0.09555861281280162,0.05682021694661506,0.35192891410931226,True,FULL,FULL_exp_d_rank_5
199,2.66,4.3725000000000005,17.29,16.490000000000002,16.490000000000002,37.39926722177272,1.1435105774728416,53.88926722177272,1.504191322919805,16.490000000000002,111.37822910598052,1.1435105774728416,127.86822910598052,1.2196491734007415,73.9789618842078,73.9789618842078,73.97896188420779,73.97896188420779,-0.2845421495190634,0.2845421495190634,1.1421551051239394,0.7821667178812399,0.8798497291488027,True,FULL,FULL_exp_d_rank_5
200,1.09,1.85,0.51,0.452,0.452,3.5013968656521643,2.702702702702702,3.953396865652164,3.161464776235545,0.452,3.0902316128746117,2.702702702702702,3.5422316128746116,2.889141124539784,-0.41116525277755267,0.41116525277755267,-0.4111652527775522,0.4111652527775522,-0.272323651695761,0.272323651695761,0.07235446316042456,0.05422738491478226,0.4116933233868615,True,FULL,FULL_exp_d_rank_5
201,4.54,28.00018033053748,3.73,3.372542584212134,3.372542584212134,0.9705608512144872,0.178570278511632,4.343103435426621,0.8969826858645201,3.372542584212134,11.221384717165378,0.178570278511632,14.593927301377512,0.4300434531714517,10.250823865950892,10.250823865950892,10.250823865950892,10.250823865950892,-0.4669392326930684,0.4669392326930684,1.1654301699479217,0.7975906805768558,-5.33185301477885,True,FULL,FULL_exp_d_rank_5
202,5.68,6.0,13.66,13.51,13.51,45.684267603740025,0.8333333333333334,59.19426760374002,0.9611956816495174,13.51,114.50333565934903,0.8333333333333334,128.01333565934905,0.8581316175406531,68.81906805560901,68.81906805560901,68.81906805560902,68.81906805560902,-0.10306406410886426,0.10306406410886426,0.7165592585673455,0.4360855682296483,0.9122046096616547,True,FULL,FULL_exp_d_rank_5
203,8.16,15.0,0.64,0.4826666666666666,0.4826666666666666,11.163229285157737,0.3333333333333333,11.645895951824402,0.3680224492093827,0.4826666666666666,4.538313726572059,0.3333333333333333,5.020980393238726,0.3526084475763729,-6.624915558585678,6.624915558585678,-6.624915558585676,6.624915558585676,-0.015414001633009822,0.015414001633009822,0.1683971418894703,0.12903947090939014,-0.6642392486766628,True,FULL,FULL_exp_d_rank_5
204,9.63,15.0,1.15,0.9263333333333332,0.9263333333333332,31.67109901569681,0.3333333333333333,32.59743234903014,0.356302565715436,0.9263333333333332,9.340605823804102,0.3333333333333333,10.266939157137436,0.3474636417298783,-22.330493191892707,22.330493191892707,-22.330493191892707,22.330493191892707,-0.00883892398555769,0.00883892398555769,0.33656949605089254,0.25706929001679607,-0.8425330984460624,True,FULL,FULL_exp_d_rank_5
205,8.17,15.0,1.67,1.391,1.391,14.757831874738754,0.3333333333333333,16.148831874738754,0.3859250855203011,1.391,8.304145692531954,0.3333333333333333,9.695145692531954,0.3625850494511954,-6.4536861822068,6.4536861822068,-6.4536861822068,6.4536861822068,-0.023340036069105674,0.023340036069105674,0.2948383309892852,0.2227037135237168,0.08611384633929142,True,FULL,FULL_exp_d_rank_5
206,7.68,15.0,2.36,1.9943333333333333,1.9943333333333333,14.016889640854824,0.3333333333333333,16.011222974188158,0.404258783461519,1.9943333333333333,8.146540363421595,0.3333333333333333,10.140873696754928,0.378336007020756,-5.870349277433229,5.870349277433229,-5.870349277433229,5.870349277433229,-0.025922776440763018,0.025922776440763018,0.3379011861076929,0.25193988973686743,0.3613641563190829,True,FULL,FULL_exp_d_rank_5
207,12.65,17.5,2.87,2.478,2.478,85.54466261294648,0.2857142857142857,88.02266261294648,0.3027127732951231,2.478,24.32992902270917,0.2857142857142857,26.807929022709168,0.2962419196673382,-61.214733590237316,61.214733590237316,-61.21473359023731,61.21473359023731,-0.006470853627784878,0.006470853627784878,0.7498493966060317,0.543622474067099,-0.6170894382932517,True,FULL,FULL_exp_d_rank_5
209,0.55,3.75,0.015,0.014,0.014,0.0024195869070291,1.3333333333333333,0.0164195869070291,8.395940887010124,0.014,0.0474404394985462,1.3333333333333333,0.0614404394985462,3.6189716040975424,0.0450208525915171,0.0450208525915171,0.0450208525915171,0.0450208525915171,-4.776969282912582,4.776969282912582,0.005896283465004488,0.003944415945851007,-9.711884206779205,True,FULL,FULL_exp_d_rank_5
210,0.73,3.75,0.017,0.0155,0.0155,0.0049950016940742,1.3333333333333333,0.0204950016940742,5.436911505105911,0.0155,0.0278100784183114,1.3333333333333333,0.0433100784183114,3.092728609917745,0.0228150767242372,0.0228150767242372,0.0228150767242372,0.0228150767242372,-2.3441828951881662,2.3441828951881662,0.0020848010822065335,0.0014489447680118995,0.14244276433612968,True,FULL,FULL_exp_d_rank_5
211,0.73,3.75,0.031,0.0205,0.0205,0.0421170527109933,1.3333333333333333,0.0626170527109933,3.3538139443417307,0.0205,0.1677466582007307,1.3333333333333333,0.1882466582007307,2.1383062588733797,0.1256296054897374,0.1256296054897374,0.1256296054897374,0.1256296054897374,-1.215507685468351,1.215507685468351,0.006955970606564465,0.0052124198181582385,-1.2164376000645585,True,FULL,FULL_exp_d_rank_5
212,0.56,4.25,0.032,0.0305,0.0305,0.0032729190185453,1.1764705882352942,0.0337729190185453,9.217143579218789,0.0305,0.2127138265140349,1.1764705882352942,0.2432138265140349,3.205846540456452,0.2094409074954896,0.2094409074954896,0.2094409074954896,0.2094409074954896,-6.011297038762336,6.011297038762336,0.029663096578216346,0.019648454073876272,-62.850432861269084,True,FULL,FULL_exp_d_rank_5
213,0.61,4.25,0.036,0.032,0.032,0.0097117896904809,1.1764705882352942,0.0417117896904809,6.613265489413038,0.032,0.2315394912734648,1.1764705882352942,0.2635394912734649,2.824372115074348,0.2218277015829839,0.2218277015829839,0.22182770158298398,0.22182770158298398,-3.78889337433869,3.78889337433869,0.027849812717071532,0.01884947237198112,-41.072480730314936,True,FULL,FULL_exp_d_rank_5
214,0.8,4.25,0.041,0.0365,0.0365,0.0146135447707714,1.1764705882352942,0.0511135447707714,4.687843076991533,0.0365,0.2123568526088809,1.1764705882352942,0.2488568526088809,2.0975415035749028,0.1977433078381095,0.1977433078381095,0.1977433078381095,0.1977433078381095,-2.5903015734166304,2.5903015734166304,0.015544273688854093,0.011184603018192796,-7.405618004560081,True,FULL,FULL_exp_d_rank_5
215,0.85,4.25,0.053,0.0412499999999999,0.0412499999999999,0.0449535990108785,1.1764705882352942,0.0862035990108784,3.4008265344224067,0.0412499999999999,0.2962872978068107,1.1764705882352942,0.3375372978068106,1.8834506390932704,0.25133369879593215,0.25133369879593215,0.25133369879593215,0.25133369879593215,-1.5173758953291363,1.5173758953291363,0.014889877937231842,0.011063064025366916,-3.1983878153122918,True,FULL,FULL_exp_d_rank_5
216,1.18,4.75,0.072,0.06875,0.06875,0.0144953537063408,1.0526315789473684,0.0832453537063408,3.803418428356459,0.06875,0.3315412813800379,1.0526315789473684,0.4002912813800379,1.5283268791702789,0.3170459276736971,0.3170459276736971,0.3170459276736971,0.3170459276736971,-2.27509154918618,2.27509154918618,0.013570821196085185,0.010158764360375322,-0.6986034081900019,True,FULL,FULL_exp_d_rank_5
217,1.07,4.75,0.082,0.07425,0.07425,0.0316745022212473,1.0526315789473684,0.1059245022212473,3.494012368300583,0.07425,0.402814308587004,1.0526315789473684,0.477064308587004,1.6049370585838425,0.3711398063657567,0.3711398063657567,0.3711398063657567,0.3711398063657567,-1.8890753097167405,1.8890753097167405,0.01898564287587187,0.014174385139243968,-1.7524452182610175,True,FULL,FULL_exp_d_rank_5
218,0.99,4.75,0.091,0.0815,0.0815,0.0350845623553453,1.0526315789473684,0.1165845623553453,3.740061038065954,0.0815,0.4484678678751803,1.0526315789473684,0.5299678678751804,1.713412333615719,0.413383305519835,0.413383305519835,0.41338330551983504,0.41338330551983504,-2.026648704450235,2.026648704450235,0.025806061934226222,0.01898234202099562,-3.372575104663624,True,FULL,FULL_exp_d_rank_5
219,1.33,4.75,0.123,0.109,0.109,0.0845437839006371,1.0526315789473684,0.1935437839006371,2.512415047002486,0.109,0.5752765684422736,1.0526315789473684,0.6842765684422736,1.3946124045493435,0.4907327845416365,0.4907327845416365,0.4907327845416365,0.4907327845416365,-1.1178026424531426,1.1178026424531426,0.011374081615289038,0.008893070060113254,0.6219715241624477,True,FULL,FULL_exp_d_rank_5
220,0.57,3.0,0.057,0.045,0.045,0.0423378142666348,1.6666666666666667,0.0873378142666348,5.252909248352316,0.045,0.3931445627228112,1.6666666666666667,0.4381445627228112,2.7089773911911927,0.3508067484561764,0.3508067484561764,0.35080674845617643,0.35080674845617643,-2.5439318571611236,2.5439318571611236,0.023358283871644955,0.017151488372585365,-8.335862357505256,True,FULL,FULL_exp_d_rank_5
221,0.74,3.0,0.052,0.0426666666666666,0.0426666666666666,0.0483380999196384,1.6666666666666667,0.091004766586305,3.990648101805694,0.0426666666666666,0.3440623843704603,1.6666666666666667,0.3867290510371269,2.1995318965905812,0.2957242844508219,0.2957242844508219,0.2957242844508219,0.2957242844508219,-1.7911162052151126,1.7911162052151126,0.008173904188933604,0.006369967060042456,-0.18589881950847054,True,FULL,FULL_exp_d_rank_5
222,1.17,3.75,0.042,0.037,0.037,0.0379972465016185,1.3333333333333333,0.0749972465016185,2.7555455668379523,0.037,0.1508401203988481,1.3333333333333333,0.1878401203988481,1.7563448830195325,0.11284287389722958,0.11284287389722958,0.11284287389722959,0.11284287389722959,-0.9992006838184198,0.9992006838184198,0.0017453201523519723,0.0014561578094202624,0.9288389366109274,True,FULL,FULL_exp_d_rank_5
224,0.75,3.5,0.022,0.02125,0.02125,0.0026705992767688,1.4285714285714286,0.0239205992767688,6.637578410976577,0.02125,0.0622482606703008,1.4285714285714286,0.0834982606703008,2.6379188211519695,0.059577661393532,0.059577661393532,0.059577661393532,0.059577661393532,-3.9996595898246072,3.9996595898246072,0.004332706744111584,0.00309036860921409,-1.090996195544589,True,FULL,FULL_exp_d_rank_5
225,1.15,3.5,0.021,0.02,0.02,0.0073958891535081,1.4285714285714286,0.0273958891535081,3.6113543932907137,0.02,0.0050129196715295,1.4285714285714286,0.0250129196715295,3.6394742613587177,-0.0023829694819786,0.0023829694819786,-0.0023829694819786015,0.0023829694819786015,0.028119868068003928,0.028119868068003928,0.0003210956353076248,0.00021516572919042076,0.9909228637143951,True,FULL,FULL_exp_d_rank_5
226,1.1,3.5,0.02,0.01925,0.01925,0.004956977641193,1.4285714285714286,0.024206977641193,4.054827267846036,0.01925,0.004224016734882,1.4285714285714286,0.023474016734882,3.9009931113458465,-0.0007329609063110006,0.0007329609063110006,-0.0007329609063109997,0.0007329609063109997,-0.15383415650018994,0.15383415650018994,0.00021758683646657211,0.0001264357116825476,0.9952322756963815,True,FULL,FULL_exp_d_rank_5
228,0.7,3.0,0.059,0.0456666666666666,0.0456666666666666,0.0656740182268081,1.6666666666666667,0.1113406848934747,3.9285722676402535,0.0456666666666666,0.397006102033501,1.6666666666666667,0.4426727687001676,2.2525426804460964,0.3313320838066929,0.3313320838066929,0.3313320838066929,0.3313320838066929,-1.676029587194157,1.676029587194157,0.010281458442436426,0.00799572194240893,-0.46037771859538146,True,FULL,FULL_exp_d_rank_5
229,0.8,3.75,0.039,0.03775,0.03775,0.0044128695173391,1.3333333333333333,0.0421628695173391,6.31959788609588,0.03775,0.1957063028328484,1.3333333333333333,0.2334563028328485,2.152483277009019,0.1912934333155093,0.1912934333155093,0.19129343331550938,0.19129343331550938,-4.167114609086861,4.167114609086861,0.012022176588040868,0.008748376390000983,-4.153433482509981,True,FULL,FULL_exp_d_rank_5
230,1.1,3.75,0.031,0.03025,0.03025,0.004226216061608,1.3333333333333333,0.034476216061608,4.574641618565765,0.03025,0.0680157319460493,1.3333333333333333,0.0982657319460493,2.065894950874542,0.0637895158844413,0.0637895158844413,0.0637895158844413,0.0637895158844413,-2.5087466676912227,2.5087466676912227,0.0024713023620652193,0.0019036625217032474,0.7249434947966595,True,FULL,FULL_exp_d_rank_5
234,0.99,3.0,0.523,0.4803333333333333,0.4803333333333333,0.3422582854093307,1.6666666666666667,0.822591618742664,3.6102895519762694,0.4803333333333333,0.993957029467616,1.6666666666666667,1.4742903628009492,2.456868843091781,0.6516987440582853,0.6516987440582853,0.6516987440582852,0.6516987440582852,-1.1534207088844886,1.1534207088844886,0.015114833110442533,0.01207209870336719,0.9673684063410559,True,FULL,FULL_exp_d_rank_5
235,1.49,3.0,0.929,0.87,0.87,1.3911680147990315,1.6666666666666667,2.261168014799032,2.4688599946843404,0.87,2.223898361385353,1.6666666666666667,3.093898361385353,2.0159530028822883,0.8327303465863214,0.8327303465863214,0.8327303465863212,0.8327303465863212,-0.4529069918020521,0.4529069918020521,0.049397112998329495,0.031552183265064586,0.9137703633133102,True,FULL,FULL_exp_d_rank_5
236,2.48,3.5,1.278,1.2245,1.2245,4.974718816480315,1.4285714285714286,6.199218816480315,1.7047169871616714,1.2245,6.017253170805758,1.4285714285714286,7.241753170805758,1.5312494803901846,1.0425343543254435,1.0425343543254435,1.0425343543254435,1.0425343543254435,-0.1734675067714868,0.1734675067714868,0.10363960746403743,0.07222726617141453,0.8083600332116382,True,FULL,FULL_exp_d_rank_5
238,1.16,3.0,0.606,0.5299999999999999,0.5299999999999999,0.9995028593983644,1.6666666666666667,1.5295028593983642,2.6762963684092975,0.5299999999999999,1.3212143923684936,1.6666666666666667,1.8512143923684936,2.194688097852485,0.3217115329701292,0.3217115329701292,0.32171153297012944,0.32171153297012944,-0.48160827055681255,0.48160827055681255,0.0341177626904772,0.020959047056980564,0.8848784261443421,True,FULL,FULL_exp_d_rank_5
239,2.0,3.5,0.785,0.745,0.745,1.4880839300345443,1.4285714285714286,2.2330839300345446,1.9471028822830023,0.745,2.981803564298678,1.4285714285714286,3.7268035642986783,1.5952652566927037,1.493719634264134,1.493719634264134,1.4937196342641337,1.4937196342641337,-0.35183762559029863,0.35183762559029863,0.048231241103878345,0.03251157338740609,0.8930312967104757,True,FULL,FULL_exp_d_rank_5
240,1.84,3.0,1.067,0.9266666666666667,0.9266666666666667,11.34965538746409,1.6666666666666667,12.276322054130755,1.8769974838423913,0.9266666666666667,3.948003922361565,1.6666666666666667,4.874670589028232,1.832936209604809,-7.401651465102525,7.401651465102525,-7.401651465102524,7.401651465102524,-0.044061274237582326,0.044061274237582326,0.19168737923231036,0.14637087747581576,0.0996997021790017,True,FULL,FULL_exp_d_rank_5
241,2.5,3.5,1.53,1.435,1.435,11.191062390354295,1.4285714285714286,12.626062390354296,1.6206039521105755,1.435,6.606614625962951,1.4285714285714286,8.041614625962952,1.536267053639328,-4.584447764391344,4.584447764391344,-4.584447764391344,4.584447764391344,-0.08433689847124759,0.08433689847124759,0.1803468687141342,0.12866651914908517,0.5821029227318186,True,FULL,FULL_exp_d_rank_5
242,1.28,13.0,0.381,0.236,0.236,0.2798827945510767,0.3846153846153846,0.5158827945510767,2.332154177278262,0.236,1.436920763569858,0.3846153846153846,1.672920763569858,1.633099670544616,1.1570379690187813,1.1570379690187813,1.1570379690187813,1.1570379690187813,-0.699054506733646,0.699054506733646,0.2122900349228467,0.13385168431353034,-15.782007999653644,True,FULL,FULL_exp_d_rank_5
243,1.94,13.0,1.479,1.139,1.139,0.9051763320711632,0.3846153846153846,2.0441763320711632,1.6142343389282214,1.139,1.2789598377449398,0.3846153846153846,2.41795983774494,1.366322075191752,0.3737835056737766,0.3737835056737766,0.3737835056737766,0.3737835056737766,-0.24791226373646946,0.24791226373646946,0.043435825386282455,0.028960233904797263,0.9457355197117517,True,FULL,FULL_exp_d_rank_5
244,2.29,13.0,30.401,2.493,2.493,191.4872115140508,0.3846153846153846,193.9802115140508,0.5794840127037909,2.493,16.241567392383512,0.3846153846153846,18.73456739238351,0.7219635686585736,-175.2456441216673,175.2456441216673,-175.24564412166728,175.24564412166728,0.14247955595478268,0.14247955595478268,12.250653354018553,8.891399226155048,-0.6619244201754004,True,FULL,FULL_exp_d_rank_5
245,3.95,13.0,5.488,4.171,4.171,11.473466241634494,0.3846153846153846,15.644466241634497,0.6512771868667829,4.171,1.5403233392400582,0.3846153846153846,5.711323339240058,0.9435749786349662,-9.933142902394437,9.933142902394437,-9.933142902394438,9.933142902394438,0.29229779176818327,0.29229779176818327,0.6436766843541627,0.475680901141163,0.44426891065992347,True,FULL,FULL_exp_d_rank_5
246,0.34,13.0,0.306,0.104,0.104,0.238125551076079,0.3846153846153846,0.342125551076079,11.465962069935722,0.104,1.549144578855753,0.3846153846153846,1.653144578855753,10.223318540809585,1.311019027779674,1.311019027779674,1.311019027779674,1.311019027779674,-1.2426435291261377,1.2426435291261377,0.3473892133775605,0.1976097058714708,-41.11640748980125,True,FULL,FULL_exp_d_rank_5
247,0.55,13.0,1.422,0.768,0.768,0.854926430267495,0.3846153846153846,1.622926430267495,6.829794290098721,0.768,0.9971450169174552,0.3846153846153846,1.7651450169174552,6.587978992855837,0.14221858664996012,0.14221858664996012,0.14221858664996012,0.14221858664996012,-0.24181529724288353,0.24181529724288353,0.03539509445285502,0.020571062344277146,0.9668424911123765,True,FULL,FULL_exp_d_rank_5
248,1.07,13.0,2.417,1.547,1.547,1.4889207977309928,0.3846153846153846,3.0359207977309928,3.0462519251595546,1.547,0.6001464446300788,0.3846153846153846,2.1471464446300788,3.688870612516458,-0.888774353100914,0.888774353100914,-0.888774353100914,0.888774353100914,0.6426186873569035,0.6426186873569035,0.1900605593553284,0.1151268702797519,0.6208015654062718,True,FULL,FULL_exp_d_rank_5
250,0.1,15.0,0.367,0.136,0.136,0.2402542971419538,0.3333333333333333,0.3762542971419538,56.09759499434641,0.136,1.9034019649247096,0.3333333333333333,2.0394019649247097,51.40741949682825,1.6631476677827557,1.6631476677827557,1.663147667782756,1.663147667782756,-4.690175497518162,4.690175497518162,0.45335238422787033,0.2547205501755278,-62.8640134625066,True,FULL,FULL_exp_d_rank_5
251,0.67,15.0,1.297,0.843,0.843,0.5998183417647385,0.3333333333333333,1.4428183417647384,6.0080454699914485,0.843,1.3365803922205108,0.3333333333333333,2.179580392220511,5.148865726353124,0.7367620504557724,0.7367620504557724,0.7367620504557724,0.7367620504557724,-0.8591797436383244,0.8591797436383244,0.1830110290561756,0.10644823952928953,-0.46248186460540186,True,FULL,FULL_exp_d_rank_5
252,0.78,15.0,3.232,2.23,2.23,1.3862854300913423,0.3333333333333333,3.6162854300913425,5.115435733153055,2.23,0.2865536090402254,0.3333333333333333,2.5165536090402254,7.027050422697435,-1.0997318210511169,1.0997318210511169,-1.099731821051117,1.099731821051117,1.91161468954438,1.91161468954438,0.2656533813728499,0.15534930443694955,0.46064365375729655,True,FULL,FULL_exp_d_rank_5
253,2.08,15.0,4.233,3.386,3.386,2.0681407318693763,0.3333333333333333,5.454140731869376,1.6219591173534793,3.386,0.1844796951380423,0.3333333333333333,3.5704796951380424,2.777042246878618,-1.883661036731334,1.883661036731334,-1.883661036731334,1.883661036731334,1.1550831295251385,1.1550831295251385,0.30395495410405304,0.1919389038790313,0.6480337508631046,True,FULL,FULL_exp_d_rank_5
254,0.42,15.0,0.464,0.223,0.223,0.286841251907236,0.3333333333333333,0.509841251907236,9.785018691865965,0.223,1.7851208737085178,0.3333333333333333,2.008120873708518,8.255149342396011,1.4982796218012817,1.4982796218012817,1.498279621801282,1.498279621801282,-1.5298693494699531,1.5298693494699531,0.3948844819970969,0.22509969192533968,-33.568261588092376,True,FULL,FULL_exp_d_rank_5
255,1.34,15.0,1.532,0.812,0.812,1.3202731944591186,0.3333333333333333,2.1322731944591187,2.118955632610797,0.812,1.7168485281048351,0.3333333333333333,2.5288485281048354,1.9347084359532924,0.3965753336457165,0.3965753336457165,0.39657533364571673,0.39657533364571673,-0.18424719665750433,0.18424719665750433,0.07493601996898692,0.046778850394227245,0.8979358942107206,True,FULL,FULL_exp_d_rank_5
256,1.56,15.0,2.845,1.821,1.821,2.049502462074934,0.3333333333333333,3.870502462074933,1.917214666999875,1.821,1.0904177247143865,0.3333333333333333,2.9114177247143864,2.1610935628124164,-0.9590847373605473,0.9590847373605473,-0.9590847373605467,0.9590847373605467,0.2438788958125413,0.2438788958125413,0.1869035956188266,0.11604554434876878,0.757705782181134,True,FULL,FULL_exp_d_rank_5
257,1.9,15.0,4.37,3.015,3.015,3.1599174946212627,0.3333333333333333,6.174917494621263,1.5540138559861083,3.015,0.4461711810629198,0.3333333333333333,3.46117118106292,2.46452956629115,-2.713746313558343,2.713746313558343,-2.713746313558343,2.713746313558343,0.9105157103050419,0.9105157103050419,0.4632884240778466,0.29337512791393483,0.3407945599624308,True,FULL,FULL_exp_d_rank_5
258,2.09,15.0,55.263,3.813,3.813,190.18212243089908,0.3333333333333333,193.99512243089907,0.7174733228095233,3.813,59.762992870247174,0.3333333333333333,63.57599287024718,0.7525643502562194,-130.41912956065192,130.41912956065192,-130.4191295606519,130.4191295606519,0.03509102744669612,0.03509102744669612,15.85771063769211,10.796310544490465,0.1430504797208747,True,FULL,FULL_exp_d_rank_5
284,0.27,1.6652089623887931,2.655,1.3036485066778338,1.3036485066778338,4.61028992899217,3.002626164602998,5.913938435670004,7.913618795998358,1.3036485066778338,1.265387016451501,3.002626164602998,2.569035523129335,10.128689941288163,-3.344902912540669,3.344902912540669,-3.344902912540669,3.344902912540669,2.215071145289805,2.215071145289805,0.43566613492669914,0.2938553687052911,0.1898877541518561,True,FULL,FULL_exp_d_rank_5
285,0.5,3.083720300719987,2.417,0.6555920235894309,0.6555920235894309,7.127781251237852,1.621418128885619,7.783373274827283,3.420782268328867,0.6555920235894309,0.874926197897126,1.621418128885619,1.530518221486557,4.986881669567598,-6.252855053340726,6.252855053340726,-6.252855053340726,6.252855053340726,1.566099401238731,1.566099401238731,0.6994188178264248,0.4827616185575575,-0.3636869017821127,True,FULL,FULL_exp_d_rank_5
287,0.29,1.7885577744175924,3.214,1.959240530267265,1.959240530267265,3.9894927128527247,2.7955484980786536,5.94873324311999,8.412171305906568,1.959240530267265,1.128620133363155,2.7955484980786536,3.08786066363042,10.985222065968015,-2.8608725794895697,2.8608725794895697,-2.8608725794895697,2.8608725794895697,2.573050760061447,2.573050760061447,0.3950147359775539,0.26349355674599784,0.36143455991805373,True,FULL,FULL_exp_d_rank_5
288,0.44,2.7136738646335887,3.179,1.959240530267265,1.959240530267265,3.8637545585443656,1.8425206010063853,5.822995088811631,5.589277438658442,1.959240530267265,0.0715323985068199,1.8425206010063853,2.030772928774085,14.066857545183067,-3.7922221600375456,3.7922221600375456,-3.7922221600375456,3.7922221600375456,8.477580106524625,8.477580106524625,0.5138365312193469,0.33772251433162814,-0.12473414208360634,True,FULL,FULL_exp_d_rank_5
289,0.44,2.7136738646335887,5.856,2.848434309388562,2.848434309388562,10.290924987900752,1.8425206010063853,13.139359297289314,4.832563228905287,2.848434309388562,1.8020627546598265,1.8425206010063853,4.6504970640483885,7.045452290146532,-8.488862233240926,8.488862233240926,-8.488862233240926,8.488862233240926,2.2128890612412446,2.2128890612412446,1.0975612816733427,0.7408037698727274,-0.042733825472452525,True,FULL,FULL_exp_d_rank_5
291,0.42,2.590325052604789,4.293,1.959240530267265,1.959240530267265,8.144262348078403,1.9302596772447849,10.103502878345669,4.906645401620717,1.959240530267265,1.0544580276361328,1.9302596772447849,3.013698557903398,7.735863947784963,-7.08980432044227,7.08980432044227,-7.089804320442271,7.089804320442271,2.8292185461642454,2.8292185461642454,0.9016914264051482,0.6101051560386898,-0.19964553444449962,True,FULL,FULL_exp_d_rank_5
292,0.27,1.6652089623887931,1.816,0.6555920235894309,0.6555920235894309,4.340373544875488,3.002626164602998,4.99596556846492,6.93036783035678,0.6555920235894309,1.027059477627604,3.002626164602998,1.6826515012170349,8.823285323759224,-3.3133140672478842,3.3133140672478842,-3.3133140672478847,3.3133140672478847,1.892917493402444,1.892917493402444,0.397321698273491,0.27151597846531017,0.007969812444838631,True,FULL,FULL_exp_d_rank_5
293,0.55,3.392092330791986,3.752,1.3488617496840016,1.3488617496840016,8.999404803617814,1.4740164808051082,10.348266553301816,3.397073578572742,1.3488617496840016,0.7318298441186941,1.4740164808051082,2.0806915938026957,5.893633358368175,-8.26757495949912,8.26757495949912,-8.26757495949912,8.26757495949912,2.4965597797954326,2.4965597797954326,0.9928135414533938,0.6779358549657583,-0.4450109505439823,True,FULL,FULL_exp_d_rank_5
295,1.2,7.400928721727968,0.0307,0.0217962758401608,0.0217962758401608,0.0268208917452208,0.6755908870356747,0.0486171675853816,2.3157906832156443,0.0217962758401608,0.0669366800273298,0.6755908870356747,0.0887329558674906,1.6592945407669917,0.040115788282109,0.040115788282109,0.040115788282108995,0.040115788282108995,-0.6564961424486526,0.6564961424486526,0.004115961098644669,0.002865794152730634,0.029658594744149225,True,FULL,FULL_exp_d_rank_5
296,2.0,12.334881202879949,0.131,0.0508579769603752,0.0508579769603752,0.2935284290129898,0.4053545322214048,0.344386405973365,0.9614433155844516,0.0508579769603752,0.8775310107065604,0.4053545322214048,0.9283889876669356,0.7225047574385846,0.5840025816935706,0.5840025816935706,0.5840025816935706,0.5840025816935706,-0.23893855814586706,0.23893855814586706,0.04530810146289357,0.03281511256899899,-1.6751624796451714,True,FULL,FULL_exp_d_rank_5
297,1.8,11.101393082591954,0.046,0.0145308505601072,0.0145308505601072,0.1222071066849876,0.4503939246904497,0.1367379572450948,0.9937795159488002,0.0145308505601072,0.2046361667644457,0.4503939246904497,0.2191670173245529,0.8242684523601198,0.0824290600794581,0.0824290600794581,0.0824290600794581,0.0824290600794581,-0.1695110635886804,0.1695110635886804,0.005227481915879559,0.003878483648495148,0.7633846720979027,True,FULL,FULL_exp_d_rank_5
302,0.75,4.625580451079981,0.055,0.0153092991217785,0.0153092991217785,0.1595143577214117,1.080945419257079,0.1748236568431902,2.2969478423570417,0.0153092991217785,0.4495027839472924,1.080945419257079,0.4648120830690709,1.8209998653067765,0.28998842622588067,0.28998842622588067,0.2899884262258807,0.2899884262258807,-0.47594797705026526,0.47594797705026526,0.02080052967571713,0.015170335134281931,-1.3727125237191484,True,FULL,FULL_exp_d_rank_5
303,0.91,5.612370947310377,0.041,0.0153092991217785,0.0153092991217785,0.0951653865132687,0.8908890818052851,0.1104746856350472,2.0818876302589207,0.0153092991217785,0.2684227676162684,0.8908890818052851,0.2837320667380469,1.5848063246060595,0.17325738110299968,0.17325738110299968,0.1732573811029997,0.1732573811029997,-0.4970813056528611,0.4970813056528611,0.013249318163880667,0.009612938049206515,-1.2401255633346229,True,FULL,FULL_exp_d_rank_5
304,1.87,11.533113924692753,0.046,0.0153092991217785,0.0153092991217785,0.1174680513670647,0.4335342590603259,0.1327773504888432,0.9728764088168116,0.0153092991217785,0.1864645060011553,0.4335342590603259,0.2017738051229338,0.8099667595248627,0.0689964546340906,0.0689964546340906,0.0689964546340906,0.0689964546340906,-0.16290964929194884,0.16290964929194884,0.004271593400275466,0.003173382379460781,0.8346134012952526,True,FULL,FULL_exp_d_rank_5
305,2.17,13.383346105124744,0.042,0.0153092991217785,0.0153092991217785,0.0995579974430193,0.373598647208668,0.1148672965647978,0.8653228395367738,0.0153092991217785,0.1045126135604183,0.373598647208668,0.1198219126821968,0.7696742975308151,0.004954616117399002,0.004954616117399002,0.004954616117399002,0.004954616117399002,-0.09564854200595874,0.09564854200595874,0.0012797772854969403,0.0006420620798252963,0.9805705565765535,True,FULL,FULL_exp_d_rank_5
311,1.45,8.942788872087963,1.14,0.7935883525311068,0.7935883525311068,1.051107361858608,0.5591096996157306,1.844695714389715,1.879665749713435,0.7935883525311068,0.8167982979547724,0.5591096996157306,1.6103866504858793,1.8540016645012591,-0.23430906390383555,0.23430906390383555,-0.23430906390383566,0.23430906390383566,-0.02566408521217589,0.02566408521217589,0.04276829884899106,0.027022704418215616,0.9262130339289555,True,FULL,FULL_exp_d_rank_5
314,1.8,11.101393082591954,3.8,2.3726672172613705,2.3726672172613705,4.501119428750482,0.4503939246904497,6.873786646011853,1.379736428464202,2.3726672172613705,0.2405188840947123,0.4503939246904497,2.613186101356083,2.7885502640346567,-4.26060054465577,4.26060054465577,-4.2606005446557695,4.2606005446557695,1.4088138355704547,1.4088138355704547,0.5821529908647226,0.38501419453591706,-0.032514744530384165,True,FULL,FULL_exp_d_rank_5
316,1.1,6.784184661583972,1.23,0.5909609098097346,0.5909609098097346,2.195000047586552,0.7370082404025541,2.7859609573962865,1.920963652491806,0.5909609098097346,0.7623082310712366,0.7370082404025541,1.3532691408809712,2.289011859834062,-1.4326918165153153,1.4326918165153153,-1.4326918165153153,1.4326918165153153,0.3680482073422562,0.3680482073422562,0.18707801340157224,0.12613637939518754,0.32517876590745975,True,FULL,FULL_exp_d_rank_5
317,0.75,4.625580451079981,0.94,0.7727950359050375,0.7727950359050375,0.4751593936736535,1.080945419257079,1.247954429578691,4.459377299507828,0.7727950359050375,0.3031757874469232,1.080945419257079,1.0759708233519607,4.74106851097782,-0.1719836062267303,0.1719836062267303,-0.17198360622673037,0.17198360622673037,0.2816912114699921,0.2816912114699921,0.028049755268523928,0.01811964474627449,0.943634226305266,True,FULL,FULL_exp_d_rank_5
320,1.3,8.017672781871967,3.7,1.9806931592524069,1.9806931592524069,5.70674005649928,0.6236223572636995,7.687433215751687,1.723838260148718,1.9806931592524069,0.0601428336492926,0.6236223572636995,2.0408359929016995,4.924212479627457,-5.646597222849987,5.646597222849987,-5.646597222849987,5.646597222849987,3.2003742194787383,3.2003742194787383,0.7423720300048711,0.49319629236391016,-0.3785334938739102,True,FULL,FULL_exp_d_rank_5
321,1.5,9.25116090215996,2.94,0.5553062574145964,0.5553062574145964,10.568278952724356,0.5404727096285398,11.123585210138952,1.04691166819964,0.5553062574145964,1.535084757548616,0.5404727096285398,2.0903910149632123,1.3629659306302278,-9.03319419517574,9.03319419517574,-9.033194195175739,9.033194195175739,0.31605426243058776,0.31605426243058776,0.9311966528185279,0.6494801807315324,-0.32909675069319877,True,FULL,FULL_exp_d_rank_5
322,1.7,10.484649022447956,1.47,1.1106125148291928,1.1106125148291928,1.0572811334663703,0.4768876849663586,2.1678936482955633,1.7502458150213789,1.1106125148291928,0.8475869588895548,0.4768876849663586,1.9581994737187476,1.726158111510632,-0.2096941745768155,0.2096941745768155,-0.20969417457681572,0.20969417457681572,-0.02408770351074696,0.02408770351074696,0.040476211660830874,0.02524797239444866,0.955548544000675,True,FULL,FULL_exp_d_rank_5
323,1.7,10.484649022447956,7.35,2.2212250296583855,2.2212250296583855,20.160376750419932,0.4768876849663586,22.381601780078316,1.0379375597762583,2.2212250296583855,1.126530963661709,0.4768876849663586,3.3477559933200944,1.9442347693949016,-19.033845786758224,19.033845786758224,-19.03384578675822,19.03384578675822,0.9062972096186432,0.9062972096186432,2.1983098996399444,1.509662954561252,-0.5801679433599922,True,FULL,FULL_exp_d_rank_5
327,0.1,0.6167440601439975,0.08,0.0796743371481683,0.0796743371481683,0.0008090983306987,8.107090644428094,0.080483435478867,77.68977402204777,0.0796743371481683,0.5364096357931486,8.107090644428094,0.6160839729413169,16.746361926282557,0.5356005374624498,0.5356005374624498,0.53560053746245,0.53560053746245,-60.94341209576521,60.94341209576521,0.05629353735192886,0.03876924978779716,-35.429028006175564,True,FULL,FULL_exp_d_rank_5
329,1.2,7.400928721727968,0.024,0.0202072594216368,0.0202072594216368,0.010665146237602,0.6755908870356747,0.0308724056592388,2.9023919692701785,0.0202072594216368,0.0183626629712325,0.6755908870356747,0.0385699223928693,2.323376118323526,0.0076975167336305,0.0076975167336305,0.007697516733630498,0.007697516733630498,-0.5790158509466523,0.5790158509466523,0.0008843372978528782,0.0005908972473929563,0.9130005634885912,True,FULL,FULL_exp_d_rank_5
330,1.1,6.784184661583972,0.025,0.0202072594216368,0.0202072594216368,0.0137190748784508,0.7370082404025541,0.0339263343000876,2.9611290302817843,0.0202072594216368,0.0355749846366069,0.7370082404025541,0.0557822440582437,2.096174880288218,0.021855909758156104,0.021855909758156104,0.0218559097581561,0.0218559097581561,-0.8649541499935665,0.8649541499935665,0.002477873036500656,0.0016863375357250104,0.3851585858866836,True,FULL,FULL_exp_d_rank_5
331,1.25,7.709300751799968,0.047,0.0398371685740841,0.0398371685740841,0.0200809505252075,0.6485672515542477,0.0599181190992916,2.820311710406355,0.0398371685740841,0.1697217259480395,0.6485672515542477,0.2095588945221236,1.474040353182839,0.149640775422832,0.149640775422832,0.149640775422832,0.149640775422832,-1.3462713572235159,1.3462713572235159,0.016248600587947262,0.011232699095251968,-6.678446965633402,True,FULL,FULL_exp_d_rank_5
332,1.2,7.400928721727968,0.05,0.0398371685740841,0.0398371685740841,0.0292663957131568,0.6755908870356747,0.0691035642872409,2.6576864448773354,0.0398371685740841,0.2064309106448966,0.6755908870356747,0.2462680792189807,1.471142248844855,0.1771645149317398,0.1771645149317398,0.1771645149317398,0.1771645149317398,-1.1865441960324805,1.1865441960324805,0.018490229895896146,0.012874310343073509,-7.462819663350016,True,FULL,FULL_exp_d_rank_5
333,1.6,9.86790496230396,0.093,0.0796743371481683,0.0796743371481683,0.0371742575975103,0.5066931652767559,0.1168485947456786,2.2486028629786348,0.0796743371481683,0.4437127390064773,0.5066931652767559,0.5233870761546456,1.086888611150273,0.406538481408967,0.406538481408967,0.40653848140896703,0.40653848140896703,-1.1617142518283619,1.1617142518283619,0.042882625982527116,0.02978663101033656,-12.707110803977445,True,FULL,FULL_exp_d_rank_5
334,2.5,15.418601503599936,0.1,0.0796743371481683,0.0796743371481683,0.0585327914263222,0.3242836257771238,0.1382071285744905,1.275689493540873,0.0796743371481683,0.4990278049556481,0.3242836257771238,0.5787021421038164,0.6793286928776826,0.44049501352932585,0.44049501352932585,0.44049501352932596,0.44049501352932596,-0.5963608006631903,0.5963608006631903,0.045007791852005145,0.03143921326542784,-11.535621943196455,True,FULL,FULL_exp_d_rank_5
335,1.8,11.101393082591954,0.233,0.1991858428704208,0.1991858428704208,0.0944249962521731,0.4503939246904497,0.2936108391225939,1.9904398436807709,0.1991858428704208,0.9941095374794364,0.4503939246904497,1.1932953803498572,0.9886289975389464,0.8996845412272634,0.8996845412272634,0.8996845412272633,0.8996845412272633,-1.0018108461418245,1.0018108461418245,0.09612736921976014,0.06663337554624695,-9.966239361048613,True,FULL,FULL_exp_d_rank_5
336,4.0,24.669762405759897,0.251,0.1991858428704208,0.1991858428704208,0.1494580982300445,0.2026772661107024,0.3486439411004653,0.792806515114832,0.1991858428704208,2.9936445486352588,0.2026772661107024,3.1928303915056797,0.3676826580949509,2.844186450405214,2.844186450405214,2.8441864504052146,2.8441864504052146,-0.42512385701988115,0.42512385701988115,0.2612761591752766,0.18493358931827847,-65.82567411433708,True,FULL,FULL_exp_d_rank_5
337,1.13,6.96920787962717,0.045,0.0153092991217785,0.0153092991217785,0.1129415099906837,0.7174416499493891,0.1282508091124622,1.6219045254507285,0.0153092991217785,0.2757989267918506,0.7174416499493891,0.2911082259136291,1.2720762589853327,0.1628574168011669,0.1628574168011669,0.16285741680116692,0.16285741680116692,-0.3498282664653958,0.3498282664653958,0.011966955539824053,0.008725049177225103,-0.384001256852023,True,FULL,FULL_exp_d_rank_5
338,1.74,10.731346646505555,0.033,0.0153092991217785,0.0153092991217785,0.0614267591501006,0.4659247496797756,0.0767360582718792,1.1936384711708052,0.0153092991217785,0.051376836628535,0.4659247496797756,0.0666861357503136,1.1197385466128964,-0.010049922521565606,0.010049922521565606,-0.010049922521565599,0.010049922521565599,-0.07389992455790884,0.07389992455790884,0.0019704218807697314,0.0012382841054651467,0.9008986533890847,True,FULL,FULL_exp_d_rank_5
339,2.13,13.136648481067144,0.035,0.0153092991217785,0.0153092991217785,0.0696089127687665,0.3806145842454505,0.084918211890545,0.9488333573269884,0.0153092991217785,0.0399677516323572,0.3806145842454505,0.0552770507541358,0.973998189164352,-0.029641161136409307,0.029641161136409307,-0.02964116113640921,0.02964116113640921,0.02516483183736362,0.02516483183736362,0.004055265543360208,0.0027100840713892168,0.6544807326160369,True,FULL,FULL_exp_d_rank_5
341,1.13,6.96920787962717,0.055,0.0153092991217785,0.0153092991217785,0.1595143577209842,0.7174416499493891,0.1748236568427627,1.524522904222498,0.0153092991217785,0.402835416916829,0.7174416499493891,0.4181447160386075,1.2210399269467276,0.2433210591958448,0.2433210591958448,0.2433210591958448,0.2433210591958448,-0.30348297727577034,0.30348297727577034,0.01720953546044025,0.012580729566829848,-0.6241817608907994,True,FULL,FULL_exp_d_rank_5
342,1.22,7.524277533756768,0.039,0.0153092991217785,0.0153092991217785,0.0864894320112215,0.6645156265924669,0.101798731133,1.5829859963913084,0.0153092991217785,0.1830115344278262,0.6645156265924669,0.1983208335496047,1.2449481474826762,0.0965221024166047,0.0965221024166047,0.0965221024166047,0.0965221024166047,-0.3380378489086322,0.3380378489086322,0.007219712936558111,0.005260089208767324,0.22420494461084506,True,FULL,FULL_exp_d_rank_5
343,1.45,8.942788872087963,0.034,0.0153092991217785,0.0153092991217785,0.0654950286258003,0.5591096996157306,0.0808043277475788,1.4123161332544465,0.0153092991217785,0.0902056992604178,0.5591096996157306,0.1055149983821963,1.18561338763965,0.0247106706346175,0.0247106706346175,0.0247106706346175,0.0247106706346175,-0.22670274561479653,0.22670274561479653,0.0015155931362501973,0.0011024433327478389,0.9469164104913734,True,FULL,FULL_exp_d_rank_5
344,2.17,13.383346105124744,0.028,0.0153092991217785,0.0153092991217785,0.0418356081902535,0.373598647208668,0.057144907312032,1.0458293131757963,0.0153092991217785,0.0002226922869666,0.373598647208668,0.0155319914087452,3.339101478670328,-0.0416129159032869,0.0416129159032869,-0.0416129159032868,0.0416129159032868,2.293272165494532,2.293272165494532,0.005480677002363056,0.0036219384402581558,-0.3562578412683364,True,FULL,FULL_exp_d_rank_5
345,0.6,3.700464360863984,0.062,0.0153092991217785,0.0153092991217785,0.1936315334445874,1.3511817740713494,0.2089408325663659,2.78103428223211,0.0153092991217785,0.5203573657646552,1.3511817740713494,0.5356666648864337,2.247785064250916,0.3267258323200678,0.3267258323200678,0.3267258323200678,0.3267258323200678,-0.5332492179811941,0.5332492179811941,0.022887931459551973,0.016726415722780778,-1.0850221030596243,True,FULL,FULL_exp_d_rank_5
346,0.7,4.317208421007981,0.05,0.0153092991217785,0.0153092991217785,0.1358772828198478,1.1581558063468709,0.1511865819416263,2.530764500816095,0.0153092991217785,0.410607154919619,1.1581558063468709,0.4259164540413975,1.967500665815354,0.27472987209977123,0.27472987209977123,0.2747298720997712,0.2747298720997712,-0.5632638350007408,0.5632638350007408,0.02017127475246364,0.01467691867554243,-1.9055329536992769,True,FULL,FULL_exp_d_rank_5
347,0.9,5.550696541295977,0.034,0.0153092991217785,0.0153092991217785,0.0654950141480271,0.9007878493808994,0.0808043132698056,2.275398701589776,0.0153092991217785,0.18450223221807,0.9007878493808994,0.1998115313398485,1.6855647092405244,0.1190072180700429,0.1190072180700429,0.1190072180700429,0.1190072180700429,-0.5898339923492517,0.5898339923492517,0.009659593724013654,0.006965742217817748,-1.1563177321569142,True,FULL,FULL_exp_d_rank_5
348,1.8,11.101393082591954,0.027,0.0153092991217785,0.0153092991217785,0.038082793731829,0.4503939246904497,0.0533920928536075,1.2897687725693818,0.0153092991217785,0.0084400663236208,0.4503939246904497,0.0237493654453994,1.7925150501199325,-0.029642727408208197,0.029642727408208197,-0.0296427274082081,0.0296427274082081,0.5027462775505507,0.5027462775505507,0.0039965114861562545,0.0026770074847793164,0.17789209594580824,True,FULL,FULL_exp_d_rank_5
349,1.13,6.96920787962717,0.043,0.0153092991217785,0.0153092991217785,0.1039855497101338,0.7174416499493891,0.1192948488319123,1.6477168177591195,0.0153092991217785,0.2500602733024376,0.7174416499493891,0.2653695724242161,1.2875610271960842,0.14607472359230378,0.14607472359230378,0.1460747235923038,0.1460747235923038,-0.36015579056303526,0.36015579056303526,0.0108410235353263,0.007897987964956955,-0.2992402395842406,True,FULL,FULL_exp_d_rank_5
350,1.37,8.449393623972766,0.041,0.0153092991217785,0.0153092991217785,0.0951653865075495,0.591758441199131,0.110474685629328,1.3828596668882291,0.0153092991217785,0.1842627907977529,0.591758441199131,0.1995720899195315,1.1075184719708315,0.08909740429020341,0.08909740429020341,0.08909740429020349,0.08909740429020349,-0.2753411949173976,0.2753411949173976,0.006396782331275675,0.004682969282996819,0.4778341690793081,True,FULL,FULL_exp_d_rank_5
351,1.67,10.299625804404757,0.032,0.0153092991217785,0.0153092991217785,0.057405854043788,0.4854545296064728,0.0727151531655665,1.2626030593869657,0.0153092991217785,0.0488234924353119,0.4854545296064728,0.0641327915570905,1.1812604673060916,-0.0085823616084761,0.0085823616084761,-0.008582361608476002,0.008582361608476002,-0.08134259208087413,0.08134259208087413,0.0017694343708896437,0.00110188777309656,0.9113390054835806,True,FULL,FULL_exp_d_rank_5
353,0.9,5.550696541295977,0.037,0.0153092991217785,0.0153092991217785,0.0779670989319231,0.9007878493808994,0.0932763980537016,2.192227389199339,0.0153092991217785,0.2215572774857285,0.9007878493808994,0.236866576607507,1.6424310197781904,0.1435901785538054,0.1435901785538054,0.1435901785538054,0.1435901785538054,-0.5497963694211485,0.5497963694211485,0.011326759834665542,0.008192609116124879,-1.2534772073344338,True,FULL,FULL_exp_d_rank_5
354,1.05,6.475812631511974,0.032,0.0153092991217785,0.0153092991217785,0.0574058541682785,0.7721038708979138,0.0727151532900571,2.0081400996379837,0.0153092991217785,0.1287444794405293,0.7721038708979138,0.1440537785623078,1.5311849539120552,0.0713386252722508,0.0713386252722508,0.07133862527225071,0.07133862527225071,-0.47695514572592845,0.47695514572592845,0.005825823655095969,0.004200081310947254,0.03887837384549464,True,FULL,FULL_exp_d_rank_5
355,1.15,7.09255669165597,0.028,0.0153092991217785,0.0153092991217785,0.0418356081862674,0.7049644038633127,0.0571449073080459,1.9734344433232216,0.0153092991217785,0.0688932008968564,0.7049644038633127,0.0842025000186349,1.5827220043451184,0.027057592710588996,0.027057592710588996,0.027057592710588996,0.027057592710588996,-0.39071243897810315,0.39071243897810315,0.0021931963512066763,0.0015705669900226704,0.7828154760957068,True,FULL,FULL_exp_d_rank_5
356,1.4,8.634416842015963,0.024,0.0153092991217785,0.0153092991217785,0.0272042150777216,0.5790779031734354,0.0425135141995001,1.8037445140554815,0.0153092991217785,0.0134669315507924,0.5790779031734354,0.028776230672571,2.0105258485208206,-0.013737283526929201,0.013737283526929201,-0.0137372835269291,0.0137372835269291,0.20678133446533908,0.20678133446533908,0.001998106542480683,0.0013218400599498653,0.6840500655228827,True,FULL,FULL_exp_d_rank_5
357,0.75,4.625580451079981,0.028,0.0153092991217785,0.0153092991217785,0.0418356081843982,1.080945419257079,0.0571449073061767,3.0259328132395527,0.0153092991217785,0.1482617086897442,1.080945419257079,0.1635710078115227,2.0929619487820603,0.106426100505346,0.106426100505346,0.10642610050534601,0.10642610050534601,-0.9329708644574923,0.9329708644574923,0.009350109348671531,0.0066758480600306435,-2.9473644510492787,True,FULL,FULL_exp_d_rank_5
358,1.15,7.09255669165597,0.026,0.0153092991217785,0.0153092991217785,0.0343911653190034,0.7049644038633127,0.0497004644407819,2.0699745048837284,0.0153092991217785,0.0502680422103876,0.7049644038633127,0.0655773413321662,1.703211664751192,0.0158768768913842,0.0158768768913842,0.015876876891384298,0.015876876891384298,-0.36676284013253646,0.36676284013253646,0.0012654881463783816,0.0008949458539024288,0.9054460396785403,True,FULL,FULL_exp_d_rank_5
359,1.1,6.784184661583972,0.024,0.0153092991217785,0.0153092991217785,0.0272042141314279,0.7370082404025541,0.0425135132532064,2.2956749282231264,0.0153092991217785,0.0391824249549883,0.7370082404025541,0.0544917240767669,1.8957069325353,0.011978210823560397,0.011978210823560397,0.011978210823560494,0.011978210823560494,-0.39996799568782637,0.39996799568782637,0.0010091640111675705,0.0007060096675061588,0.9194056682675563,True,FULL,FULL_exp_d_rank_5
360,1.2,7.400928721727968,0.022,0.0153092991217785,0.0153092991217785,0.0203041095024898,0.6755908870356747,0.0356134086242683,2.2704692840433656,0.0153092991217785,0.0154323402613444,0.6755908870356747,0.030741639383123,2.2539151247048563,-0.0048717692411454,0.0048717692411454,-0.004871769241145303,0.004871769241145303,-0.016554159338509233,0.016554159338509233,0.0008666329829782713,0.0005506228481023076,0.9186923810725536,True,FULL,FULL_exp_d_rank_5
