sample_id,u_peak,u_r,tau_peak,tau_r,true_a,true_b,true_c,true_d,true_e,estimated_a,estimated_b,estimated_c,estimated_d,estimated_e,error_b,abs_error_b,error_d,abs_error_d,error_e,abs_error_e,curve_rmse_tau_u,curve_mae_tau_u,curve_r2_tau_u,curve_valid,e_constraint_respected,d_positive,b_positive,dataset,model_name
7,0.72,2.75,0.044,0.03175,0.03175,0.0801325410005739,1.818181818181818,0.1118825410005739,3.441242286799551,0.03175,0.0726027915215538,1.818181818181818,0.1043527915215538,3.68341158308256,-0.007529749479020104,0.007529749479020104,-0.007529749479020104,0.007529749479020104,0.24216929628300887,0.24216929628300887,0.000345208948995,0.0002319678851689,0.9974156610528332,True,True,True,True,FULL,FULL_direct_poly_rank_1
8,0.92,3.0,0.035,0.02825,0.02825,0.0557241852265918,1.6666666666666667,0.0839741852265918,3.007954906577982,0.02825,0.0495948090194202,1.6666666666666667,0.0778448090194202,3.2393093035864156,-0.006129376207171605,0.006129376207171605,-0.006129376207171591,0.006129376207171591,0.23135439700843374,0.23135439700843374,0.0003056268487358,0.000190278668845,0.9968276319334394,True,True,True,True,FULL,FULL_direct_poly_rank_1
9,0.97,3.0,0.029,0.0255,0.0255,0.0288872445152351,1.6666666666666667,0.0543872445152351,3.290221199159674,0.0255,0.0257015308243045,1.6666666666666667,0.0512015308243045,3.5708418227191747,-0.0031857136909306007,0.0031857136909306007,-0.003185713690930597,0.003185713690930597,0.2806206235595008,0.2806206235595008,0.0002689744126204,0.0001513139007582,0.9965327701440182,True,True,True,True,FULL,FULL_direct_poly_rank_1
11,0.78,3.5,0.05,0.0417499999999999,0.0417499999999999,0.0354980845491272,1.4285714285714286,0.0772480845491271,4.004659571873231,0.0417499999999999,0.0316018756891127,1.4285714285714286,0.0733518756891126,4.543313823052762,-0.0038962088600145023,0.0038962088600145023,-0.0038962088600145023,0.0038962088600145023,0.5386542511795316,0.5386542511795316,0.0006105227932653,0.000324371170866,0.992303267063734,True,True,True,True,FULL,FULL_direct_poly_rank_1
12,1.25,3.5,0.04,0.034,0.034,0.0670624339164287,1.4285714285714286,0.1010624339164287,2.366794324621144,0.034,0.0594957794735123,1.4285714285714286,0.0934957794735123,2.5260941760556435,-0.007566654442916404,0.007566654442916404,-0.007566654442916404,0.007566654442916404,0.15929985143449965,0.15929985143449965,0.0003260922909322,0.0001976222534239,0.997457766966335,True,True,True,True,FULL,FULL_direct_poly_rank_1
13,1.8,4.0,0.035,0.033,0.033,0.0334302203204883,1.25,0.0664302203204883,2.0972939397426664,0.033,0.0318200460421196,1.25,0.0648200460421196,2.1492741188359172,-0.001610174278368702,0.001610174278368702,-0.001610174278368695,0.001610174278368695,0.05198017909325081,0.05198017909325081,0.0001072765129087,5.9984270599986246e-05,0.9997008847767976,True,True,True,True,FULL,FULL_direct_poly_rank_1
15,1.64,10.5,4.17,3.725,3.725,1.1700588885069725,0.4761904761904761,4.895058888506973,2.4309486751406535,3.725,1.2921827239853907,0.4761904761904761,5.017182723985391,2.1534669800640027,0.12212383547841821,0.12212383547841821,0.12212383547841821,0.12212383547841821,-0.27748169507665077,0.27748169507665077,0.0384563099704494,0.0174209023753141,0.9943428915606354,True,True,True,True,FULL,FULL_direct_poly_rank_1
16,1.61,10.5,13.41,12.8475,12.8475,1.3946189571869354,0.4761904761904761,14.242118957186936,3.178145408783804,12.8475,1.8372292482365005,0.4761904761904761,14.6847292482365,2.4355498510394646,0.44261029104956506,0.44261029104956506,0.44261029104956506,0.44261029104956506,-0.7425955577443393,0.7425955577443393,0.254631218243713,0.09660941353796,0.9755937562911188,True,True,True,True,FULL,FULL_direct_poly_rank_1
17,2.76,10.5,3.72,3.5425,3.5425,0.8694826394566157,0.4761904761904761,4.411982639456616,1.5814976920825412,3.5425,0.9314017314000682,0.4761904761904761,4.473901731400068,1.4924557973288697,0.061919091943452464,0.061919091943452464,0.061919091943452464,0.061919091943452464,-0.08904189475367152,0.08904189475367152,0.0200734942112717,0.0090901603739484,0.9986672690704106,True,True,True,True,FULL,FULL_direct_poly_rank_1
18,3.07,10.5,12.57,12.4375,12.4375,0.7124450836759753,0.4761904761904761,13.149945083675975,1.9539451798171723,12.4375,1.1125822057076444,0.4761904761904761,13.550082205707644,1.5253149662661558,0.4001371220316692,0.4001371220316692,0.4001371220316692,0.4001371220316692,-0.4286302135510165,0.4286302135510165,0.2867143911329157,0.1178594455099304,0.9760160725287552,True,True,True,True,FULL,FULL_direct_poly_rank_1
19,1.55,12.0,1.02,0.8525,0.8525,0.3782821788444106,0.4166666666666667,1.2307821788444109,2.3791759662313843,0.8525,0.4010693652205599,0.4166666666666667,1.25356936522056,2.179588749773053,0.022787186376149293,0.022787186376149293,0.02278718637614907,0.02278718637614907,-0.19958721645833144,0.19958721645833144,0.0064924562311161,0.0030790508071714,0.9970195959837308,True,True,True,True,FULL,FULL_direct_poly_rank_1
20,1.71,12.0,2.57,1.7327500000000002,1.7327500000000002,2.210315622373947,0.4166666666666667,3.9430656223739473,1.6207235717983703,1.7327500000000002,2.240861483511588,0.4166666666666667,3.973611483511588,1.590766076077112,0.030545861137640795,0.030545861137640795,0.030545861137640795,0.030545861137640795,-0.029957495721258276,0.029957495721258276,0.004203185909208,0.0025581788082093,0.9998575208263546,True,True,True,True,FULL,FULL_direct_poly_rank_1
21,1.67,12.0,7.53,5.32,5.32,5.617172562155661,0.4166666666666667,10.93717256215566,1.7473164085592403,5.32,5.7101494488278295,0.4166666666666667,11.03014944882783,1.7071649074012276,0.09297688667216875,0.09297688667216875,0.09297688667217052,0.09297688667217052,-0.04015150115801269,0.04015150115801269,0.0147042078364428,0.008560694562595,0.9997783207142468,True,True,True,True,FULL,FULL_direct_poly_rank_1
22,1.67,12.0,19.67,18.994999999999997,18.994999999999997,1.5273740416856256,0.4166666666666667,20.522374041685623,3.2739688179792332,18.994999999999997,2.0766865064742177,0.4166666666666667,21.071686506474215,2.4359479872122707,0.5493124647885921,0.5493124647885921,0.5493124647885921,0.5493124647885921,-0.8380208307669625,0.8380208307669625,0.3928446599662789,0.1386500451158989,0.9711578429265112,True,True,True,True,FULL,FULL_direct_poly_rank_1
23,0.84,16.0,8.44,7.47,7.47,1.3255582927799532,0.3125,8.795558292779953,6.166176834932969,7.47,1.3220447048326838,0.3125,8.792044704832684,6.232504923653787,-0.0035135879472694143,0.0035135879472694143,-0.0035135879472694143,0.0035135879472694143,0.06632808872081775,0.06632808872081775,0.003651552221092,0.0009376883119473,0.9999799034964554,True,True,True,True,FULL,FULL_direct_poly_rank_1
24,1.81,16.0,7.62,7.29,7.29,0.6419185077225471,0.3125,7.931918507722547,3.0024433868829834,7.29,0.6349737947200618,0.3125,7.924973794720062,3.068809052762202,-0.0069447130024853365,0.0069447130024853365,-0.0069447130024853365,0.0069447130024853365,0.06636566587921866,0.06636566587921866,0.0100922536440445,0.00284973374382,0.9998578587477376,True,True,True,True,FULL,FULL_direct_poly_rank_1
27,0.87,3.25,2.35,1.9075,1.9075,2.7034029995062916,1.5384615384615383,4.610902999506291,3.276941309100947,1.9075,2.3771533783326,1.5384615384615383,4.2846533783325995,3.6377232577933345,-0.3262496211736914,0.3262496211736914,-0.32624962117369183,0.32624962117369183,0.36078194869238756,0.36078194869238756,0.0266335741638008,0.0157663604531338,0.9941740190771554,True,True,True,True,FULL,FULL_direct_poly_rank_1
28,0.13,1.325,1.02,0.6675,0.6675,0.6738254010838505,3.7735849056603774,1.3413254010838505,23.891608655167115,0.6675,0.7192496504785015,3.7735849056603774,1.3867496504785015,21.22094745073676,0.04542424939465106,0.04542424939465106,0.04542424939465106,0.04542424939465106,-2.670661204430356,2.670661204430356,0.0090331816452769,0.0051222091949912,0.9953062183581072,True,True,True,True,FULL,FULL_direct_poly_rank_1
29,0.6,2.425,4.93,4.2975,4.2975,3.110870023650559,2.061855670103093,7.408370023650559,5.517814597970529,4.2975,2.7970171337985583,2.061855670103093,7.094517133798559,6.130470730093197,-0.31385288985200077,0.31385288985200077,-0.31385288985200077,0.31385288985200077,0.6126561321226687,0.6126561321226687,0.051371496123035,0.0266095790055312,0.9947594053583918,True,True,True,True,FULL,FULL_direct_poly_rank_1
30,2.17,3.85,16.37,14.955,14.955,60.674147880173095,1.2987012987012987,75.6291478801731,1.6284330431129306,14.955,54.807452318372086,1.2987012987012987,69.76245231837208,1.67083209023306,-5.866695561801009,5.866695561801009,-5.866695561801009,5.866695561801009,0.04239904712012943,0.04239904712012943,0.0740774019754165,0.0452233414998509,0.9993926306022316,True,True,True,True,FULL,FULL_direct_poly_rank_1
31,0.24,1.275,0.66,0.475,0.475,0.6758571313827281,3.9215686274509807,1.150857131382728,11.17767536247715,0.475,0.6896170831327165,3.9215686274509807,1.1646170831327165,10.952228344283483,0.013759951749988453,0.013759951749988453,0.013759951749988453,0.013759951749988453,-0.22544701819366608,0.22544701819366608,0.0012915568260287,0.000822605702359,0.9998062163906928,True,True,True,True,FULL,FULL_direct_poly_rank_1
32,0.3,2.175,4.71,4.1925,4.1925,1.211168346774408,2.298850574712644,5.403668346774408,13.642584509493682,4.1925,1.1987139267251914,2.298850574712644,5.391213926725191,13.874206046417315,-0.012454420049216708,0.012454420049216708,-0.012454420049216708,0.012454420049216708,0.2316215369236332,0.2316215369236332,0.0057335713127027,0.0023030594170241,0.9998931312846798,True,True,True,True,FULL,FULL_direct_poly_rank_1
33,2.26,4.125,16.14,11.3475,11.3475,422.7987490320256,1.2121212121212122,434.1462490320256,1.3091974223177918,11.3475,585.3926686379574,1.2121212121212122,596.7401686379574,1.2805677063983902,162.59391960593177,162.59391960593177,162.59391960593177,162.59391960593177,-0.028629715919401555,0.028629715919401555,0.1125704192886552,0.0741819356616508,0.999046473262363,True,True,True,True,FULL,FULL_direct_poly_rank_1
34,0.47,1.525,1.07,0.6975,0.6975,4.0455139668571585,3.278688524590164,4.743013966857158,4.812842755740618,0.6975,4.644774728238303,3.278688524590164,5.342274728238303,4.574527566911827,0.5992607613811449,0.5992607613811449,0.5992607613811449,0.5992607613811449,-0.23831518882879177,0.23831518882879177,0.0073830273923305,0.0056001481491941,0.9984001072269976,True,True,True,True,FULL,FULL_direct_poly_rank_1
35,0.47,2.2,4.91,4.25,4.25,2.5915991927768687,2.2727272727272725,6.841599192776869,7.213346651196478,4.25,2.368642585692381,2.2727272727272725,6.618642585692381,8.00226022992142,-0.2229566070844875,0.2229566070844875,-0.2229566070844875,0.2229566070844875,0.7889135787249426,0.7889135787249426,0.0470150895743821,0.0233177128847222,0.9950977325835838,True,True,True,True,FULL,FULL_direct_poly_rank_1
36,1.48,3.625,14.91,14.235,14.235,8.232456046268986,1.3793103448275863,22.467456046268985,2.7321098339023515,14.235,8.221010964286798,1.3793103448275863,22.456010964286797,2.7343190968158764,-0.011445081982188299,0.011445081982188299,-0.011445081982188299,0.011445081982188299,0.0022092629135248565,0.0022092629135248565,0.0013822715344376,0.0007311041826027,0.9999997121511685,True,True,True,True,FULL,FULL_direct_poly_rank_1
37,0.11,1.325,0.89,0.5625,0.5625,0.5639971811696873,3.7735849056603774,1.1264971811696871,29.2958502513531,0.5625,0.6183070719651322,3.7735849056603774,1.1808070719651322,24.38671952049476,0.054309890795444904,0.054309890795444904,0.054309890795445126,0.054309890795445126,-4.90913073085834,4.90913073085834,0.0115759929510658,0.006519011617064,0.9898956354810932,True,True,True,True,FULL,FULL_direct_poly_rank_1
38,0.26,2.175,5.3,4.1,4.1,2.5910971306331803,2.298850574712644,6.69109713063318,13.042743993933716,4.1,2.5344108495194506,2.298850574712644,6.63441084951945,13.582971519186083,-0.05668628111372964,0.05668628111372964,-0.05668628111372964,0.05668628111372964,0.5402275252523676,0.5402275252523676,0.0157474303003386,0.0075972827479462,0.9993683774697708,True,True,True,True,FULL,FULL_direct_poly_rank_1
39,0.54,3.35,15.9,14.4675,14.4675,3.852469877296928,1.4925373134328357,18.319969877296927,7.688914610134782,14.4675,3.736056341599811,1.4925373134328357,18.20355634159981,8.045524720813914,-0.11641353569711699,0.11641353569711699,-0.11641353569711654,0.11641353569711654,0.3566101106791315,0.3566101106791315,0.0556295143897466,0.0223447532074669,0.9992029914031476,True,True,True,True,FULL,FULL_direct_poly_rank_1
40,0.3,1.35,0.88,0.635,0.635,1.1651130574348498,3.7037037037037033,1.8001130574348498,8.547982610717572,0.635,1.1852012758801511,3.7037037037037033,1.8202012758801511,8.429553776611424,0.020088218445301287,0.020088218445301287,0.020088218445301287,0.020088218445301287,-0.11842883410614746,0.11842883410614746,0.0012764671115206,0.0008517089244154,0.999902893809922,True,True,True,True,FULL,FULL_direct_poly_rank_1
41,0.38,2.175,5.2,4.3975,4.3975,2.452688320111813,2.298850574712644,6.850188320111813,9.031706106944794,4.3975,2.283802468603998,2.298850574712644,6.681302468603998,9.974881978723213,-0.16888585150781488,0.16888585150781488,-0.16888585150781488,0.16888585150781488,0.9431758717784184,0.9431758717784184,0.043662071479878,0.0208579761183028,0.9956930063521656,True,True,True,True,FULL,FULL_direct_poly_rank_1
42,0.71,3.35,16.28,14.8375,14.8375,5.373344828404187,1.4925373134328357,20.210844828404188,5.457009220110153,14.8375,4.97761295377329,1.4925373134328357,19.81511295377329,5.986461827122115,-0.3957318746308971,0.3957318746308971,-0.3957318746308971,0.3957318746308971,0.5294526070119616,0.5294526070119616,0.1337383497460136,0.0593538373912515,0.9963812888481258,True,True,True,True,FULL,FULL_direct_poly_rank_1
43,0.88,1.475,0.58,0.535,0.535,2.3643732180319175,3.389830508474576,2.8993732180319176,4.157276354583812,0.535,3.1501000795866556,3.389830508474576,3.685100079586656,3.944711566072814,0.7857268615547381,0.7857268615547381,0.7857268615547386,0.7857268615547386,-0.2125647885109978,0.2125647885109978,0.0053782287353162,0.0033361330422758,0.9975211344023018,True,True,True,True,FULL,FULL_direct_poly_rank_1
44,1.5,2.625,3.89,3.6325,3.6325,10.486129835864666,1.9047619047619049,14.118629835864668,2.474961892115721,3.6325,11.058088161711868,1.9047619047619049,14.690588161711869,2.440760133840131,0.5719583258472021,0.5719583258472021,0.5719583258472003,0.5719583258472003,-0.0342017582755898,0.0342017582755898,0.008654055378324,0.0052446011047657,0.9998568809865094,True,True,True,True,FULL,FULL_direct_poly_rank_1
45,2.87,4.1,13.67,13.42,13.42,16.705556614946417,1.2195121951219514,30.12555661494642,1.6634039681803665,13.42,21.17344090639486,1.2195121951219514,34.59344090639486,1.563364874019915,4.467884291448442,4.467884291448442,4.467884291448442,4.467884291448442,-0.10003909416045142,0.10003909416045142,0.114575319499375,0.0655408959210802,0.9980741070487172,True,True,True,True,FULL,FULL_direct_poly_rank_1
46,0.79,1.5,0.8,0.665,0.665,6.166849946093346,3.3333333333333335,6.831849946093346,3.9230290740544778,0.665,8.119067292684644,3.3333333333333335,8.784067292684643,3.766222753448373,1.952217346591298,1.952217346591298,1.952217346591297,1.952217346591297,-0.15680632060610478,0.15680632060610478,0.0066181746428158,0.0042657085696894,0.9979401570736252,True,True,True,True,FULL,FULL_direct_poly_rank_1
47,0.6,2.175,5.04,4.655,4.655,2.141531174694559,2.298850574712644,6.796531174694559,6.310564627174357,4.655,2.0231671652018894,2.298850574712644,6.67816716520189,6.639343898901274,-0.11836400949266945,0.11836400949266945,-0.11836400949266945,0.11836400949266945,0.32877927172691646,0.32877927172691646,0.0253926545830395,0.0123790693552041,0.9988788403572032,True,True,True,True,FULL,FULL_direct_poly_rank_1
48,2.37,4.125,16.38,14.3675,14.3675,112.7264689844744,1.2121212121212122,127.0939689844744,1.4228254925840296,14.3675,100.0245961955438,1.2121212121212122,114.3920961955438,1.4543168039146348,-12.7018727889306,12.7018727889306,-12.7018727889306,12.7018727889306,0.03149131133060523,0.03149131133060523,0.0762300629878969,0.0476180493898897,0.999360284536793,True,True,True,True,FULL,FULL_direct_poly_rank_1
49,1.46,2.566666666666667,4.68,4.1066666666666665,4.1066666666666665,30.593215473314466,1.948051948051948,34.69988213998113,2.300589855794831,4.1066666666666665,31.60094234749673,1.948051948051948,35.707609014163395,2.2877000848988485,1.0077268741822643,1.0077268741822643,1.0077268741822678,1.0077268741822678,-0.012889770895982533,0.012889770895982533,0.0053821109552097,0.0033769434305935,0.9999606929085112,True,True,True,True,FULL,FULL_direct_poly_rank_1
50,4.16,4.75,15.04,14.775,14.775,58.5314735148253,1.0526315789473684,73.3064735148253,1.2144266984360343,14.775,54.66390168761699,1.0526315789473684,69.43890168761699,1.2276397712580849,-3.867571827208309,3.867571827208309,-3.867571827208309,3.867571827208309,0.013213072822050531,0.013213072822050531,0.0284753880619274,0.0155144940611447,0.9998877498434948,True,True,True,True,FULL,FULL_direct_poly_rank_1
51,1.26,1.85,0.94,0.785,0.785,27.151829140946248,2.702702702702702,27.936829140946248,2.8751003676389564,0.785,39.33953081408017,2.702702702702702,40.12453081408017,2.818667282387557,12.187701673133922,12.187701673133922,12.187701673133919,12.187701673133919,-0.05643308525139945,0.05643308525139945,0.0068246539470542,0.0042205320614419,0.9988171871533758,True,True,True,True,FULL,FULL_direct_poly_rank_1
52,3.13,4.466666666666667,15.58,14.793333333333337,14.793333333333337,75.02328336156236,1.1194029850746268,89.8166166948957,1.313812712287742,14.793333333333337,63.81018626542081,1.1194029850746268,78.60351959875415,1.354471814068259,-11.213097096141553,11.213097096141553,-11.213097096141553,11.213097096141553,0.040659101780516904,0.040659101780516904,0.0934712432045754,0.0550434701066971,0.9989420477096784,True,True,True,True,FULL,FULL_direct_poly_rank_1
53,1.15,1.85,0.71,0.65,0.65,3.9933470021604136,2.702702702702702,4.6433470021604135,3.19021506632708,0.65,4.804558451798467,2.702702702702702,5.4545584517984675,3.0980521580410887,0.8112114496380536,0.8112114496380536,0.811211449638054,0.811211449638054,-0.09216290828599139,0.09216290828599139,0.0041730478742103,0.0026035491201847,0.9990152035162684,True,True,True,True,FULL,FULL_direct_poly_rank_1
54,0.35,2.175,4.68,4.205,4.205,1.283914851902833,2.298850574712644,5.488914851902833,11.46515887900422,4.205,1.2409554730692332,2.298850574712644,5.445955473069233,12.057453660328504,-0.04295937883359979,0.04295937883359979,-0.04295937883359979,0.04295937883359979,0.5922947813242843,0.5922947813242843,0.0183420497924798,0.0075968423257318,0.9989985244420784,True,True,True,True,FULL,FULL_direct_poly_rank_1
55,0.63,3.85,16.18,14.365,14.365,5.024596391351091,1.2987012987012987,19.38959639135109,6.152370825583352,14.365,4.827009974912597,1.2987012987012987,19.192009974912597,6.524118398141788,-0.19758641643849373,0.19758641643849373,-0.19758641643849373,0.19758641643849373,0.3717475725584354,0.3717475725584354,0.0751134401889275,0.0321373154858968,0.9986111909286264,True,True,True,True,FULL,FULL_direct_poly_rank_1
56,0.45,1.5666666666666669,0.87,0.6366666666666667,0.6366666666666667,1.8543711063769357,3.191489361702127,2.4910377730436024,5.520751658815112,0.6366666666666667,1.9060158140646513,3.191489361702127,2.542682480731318,5.438675696182556,0.05164470768771556,0.05164470768771556,0.05164470768771556,0.05164470768771556,-0.08207596263255645,0.08207596263255645,0.001550050513728,0.0010802655290442,0.9998718567875968,True,True,True,True,FULL,FULL_direct_poly_rank_1
57,0.58,2.175,5.35,4.42,4.42,5.5363451785319135,2.298850574712644,9.956345178531912,5.059116621676996,4.42,5.015372165304015,2.298850574712644,9.435372165304017,5.484246151151259,-0.5209730132278985,0.5209730132278985,-0.5209730132278949,0.5209730132278949,0.42512952947426363,0.42512952947426363,0.0458761155818092,0.0267659206054333,0.9966383045027832,True,True,True,True,FULL,FULL_direct_poly_rank_1
58,0.94,3.875,16.28,13.935,13.935,11.349260923481204,1.2903225806451613,25.28426092348121,3.405427164282276,13.935,10.105889549176494,1.2903225806451613,24.040889549176494,3.825059330065415,-1.2433713743047097,1.2433713743047097,-1.243371374304715,1.243371374304715,0.4196321657831388,0.4196321657831388,0.1879811474273268,0.0993496947715557,0.9934753399255044,True,True,True,True,FULL,FULL_direct_poly_rank_1
59,0.13,1.5666666666666669,0.97,0.8033333333333333,0.8033333333333333,0.2782264175865835,3.191489361702127,1.0815597509199169,31.910981063129015,0.8033333333333333,0.3149197226423273,3.191489361702127,1.1182530559756607,25.372516931234102,0.03669330505574381,0.03669330505574381,0.03669330505574386,0.03669330505574386,-6.538464131894912,6.538464131894912,0.0131205227712969,0.0058006464463887,0.9833205656067552,True,True,True,True,FULL,FULL_direct_poly_rank_1
60,2.38,2.85,5.22,4.84,4.84,137.35939252357494,1.7543859649122806,142.19939252357494,1.8523237169572588,4.84,133.40890674788255,1.7543859649122806,138.24890674788256,1.8554872386559904,-3.9504857756923855,3.9504857756923855,-3.9504857756923855,3.9504857756923855,0.003163521698731575,0.003163521698731575,0.0032006475208378,0.0018169589473719,0.9999890429875344,True,True,True,True,FULL,FULL_direct_poly_rank_1
61,2.68,4.125,16.95,15.5375,15.5375,116.71406105996982,1.2121212121212122,132.25156105996982,1.3981039630569712,15.5375,99.8842049686428,1.2121212121212122,115.4217049686428,1.4350268549860985,-16.829856091327017,16.829856091327017,-16.829856091327017,16.829856091327017,0.036922891929127344,0.036922891929127344,0.0979989018068822,0.0599623114583001,0.999033211516776,True,True,True,True,FULL,FULL_direct_poly_rank_1
62,0.71,1.6,1.14,0.9133333333333334,0.9133333333333334,5.696830896813862,3.125,6.610164230147195,3.976020028848459,0.9133333333333334,6.78484586298387,3.125,7.698179196317203,3.8198223749576456,1.0880149661700083,1.0880149661700083,1.0880149661700083,1.0880149661700083,-0.1561976538908132,0.1561976538908132,0.0075093736214145,0.0049769946466355,0.9985642896241332,True,True,True,True,FULL,FULL_direct_poly_rank_1
63,0.76,2.2,5.03,4.68,4.68,3.0326428857358856,2.2727272727272725,7.712642885735885,4.87933520201715,4.68,2.9646126018470493,2.2727272727272725,7.644612601847049,4.9546345322494245,-0.06803028388883625,0.06803028388883625,-0.06803028388883625,0.06803028388883625,0.07529933023227464,0.07529933023227464,0.0084010702568193,0.0044360666009388,0.9998948789738732,True,True,True,True,FULL,FULL_direct_poly_rank_1
64,2.73,4.125,15.88,13.97,13.97,220.02903798852773,1.2121212121212122,233.99903798852773,1.3339956390040135,13.97,191.28774293201624,1.2121212121212122,205.25774293201624,1.3548241500724494,-28.74129505651149,28.74129505651149,-28.74129505651149,28.74129505651149,0.020828511068435862,0.020828511068435862,0.0694659037758307,0.0428369555035631,0.9994698794725096,True,True,True,True,FULL,FULL_direct_poly_rank_1
65,0.63,1.5666666666666669,1.42,0.9733333333333332,0.9733333333333332,10.644929502666052,3.191489361702127,11.618262835999383,3.927118476960182,0.9733333333333332,14.409123346711825,3.191489361702127,15.382456680045156,3.7132094831662688,3.7641938440457725,3.7641938440457725,3.7641938440457725,3.7641938440457725,-0.21390899379391337,0.21390899379391337,0.0137899439727104,0.0099234601430006,0.9972228351696796,True,True,True,True,FULL,FULL_direct_poly_rank_1
66,0.34,2.175,5.0,4.24,4.24,2.0482757543105174,2.298850574712644,6.288275754310518,10.49368724913285,4.24,1.9421650880035992,2.298850574712644,6.182165088003599,11.384206656767134,-0.10611066630691823,0.10611066630691823,-0.10611066630691823,0.10611066630691823,0.8905194076342831,0.8905194076342831,0.0324451220826622,0.0148383709646866,0.9972289412065511,True,True,True,True,FULL,FULL_direct_poly_rank_1
67,3.13,4.533333333333333,14.91,14.596666666666666,14.596666666666666,20.35467702287054,1.1029411764705883,34.951343689537204,1.4882877719989878,14.596666666666666,22.88832091768503,1.1029411764705883,37.48498758435169,1.4413654576371904,2.533643894814489,2.533643894814489,2.533643894814489,2.533643894814489,-0.04692231436179739,0.04692231436179739,0.0669843850098469,0.038479847975727,0.9994473179037476,True,True,True,True,FULL,FULL_direct_poly_rank_1
68,0.49,1.5666666666666669,0.79,0.63,0.63,1.4068332196782207,3.191489361702127,2.0368332196782206,5.5461514668738845,0.63,1.428219093892403,3.191489361702127,2.058219093892403,5.500644120948739,0.021385874214182365,0.021385874214182365,0.021385874214182365,0.021385874214182365,-0.04550734592514516,0.04550734592514516,0.0007655886726703,0.000499762859364,0.9999615763829404,True,True,True,True,FULL,FULL_direct_poly_rank_1
69,1.69,2.566666666666667,5.04,4.426666666666667,4.426666666666667,69.19774278410341,1.948051948051948,73.62440945077007,2.1459242646578933,4.426666666666667,74.74128124679979,1.948051948051948,79.16794791346645,2.1296953282025495,5.543538462696375,5.543538462696375,5.543538462696375,5.543538462696375,-0.016228936455343845,0.016228936455343845,0.0105973074955397,0.006571974149171,0.9998777540863146,True,True,True,True,FULL,FULL_direct_poly_rank_1
70,3.12,4.466666666666667,16.37,15.163333333333334,15.163333333333334,137.96164146287623,1.1194029850746268,153.12497479620956,1.2614658876838951,15.163333333333334,110.21152556368529,1.1194029850746268,125.37485889701864,1.3036966579910516,-27.750115899190945,27.750115899190945,-27.750115899190916,27.750115899190916,0.042230770307156495,0.042230770307156495,0.1282725968900013,0.0765024134753193,0.9981700871402248,True,True,True,True,FULL,FULL_direct_poly_rank_1
71,0.18,1.5666666666666669,0.87,0.6,0.6,0.5778652142592701,3.191489361702127,1.17786521425927,16.988625203858206,0.6,0.584454200715416,3.191489361702127,1.184454200715416,16.65916306411755,0.006588986456145918,0.006588986456145918,0.006588986456145918,0.006588986456145918,-0.32946213974065586,0.32946213974065586,0.0013165857494213,0.0007269971163568,0.9998594331915454,True,True,True,True,FULL,FULL_direct_poly_rank_1
72,0.42,2.175,5.1,3.8825,3.8825,4.482035276937978,2.298850574712644,8.364535276937978,6.759501195047857,3.8825,4.087172863171595,2.298850574712644,7.969672863171595,7.518746912810075,-0.39486241376638276,0.39486241376638276,-0.39486241376638365,0.39486241376638365,0.7592457177622176,0.7592457177622176,0.0514479366862553,0.0296158999140675,0.994581918056724,True,True,True,True,FULL,FULL_direct_poly_rank_1
73,1.09,3.85,15.19,13.3025,13.3025,11.821633061680007,1.2987012987012987,25.12413306168001,2.9737453064844868,13.3025,10.458143888589474,1.2987012987012987,23.76064388858947,3.2994551174804214,-1.3634891730905334,1.3634891730905334,-1.3634891730905387,1.3634891730905387,0.32570981099593466,0.32570981099593466,0.1672478883677368,0.0901653137813402,0.9946665734255408,True,True,True,True,FULL,FULL_direct_poly_rank_1
74,0.47,1.5666666666666669,0.66,0.5066666666666667,0.5066666666666667,1.2794449424210406,3.191489361702127,1.7861116090877074,5.540134014051035,0.5066666666666667,1.3041098305927692,3.191489361702127,1.810776497259436,5.482501536855836,0.024664888171728627,0.024664888171728627,0.024664888171728627,0.024664888171728627,-0.05763247719519882,0.05763247719519882,0.000814354961818,0.0005480941378773,0.9999375543592026,True,True,True,True,FULL,FULL_direct_poly_rank_1
75,0.57,2.175,4.24,4.0125,4.0125,1.1193350008113887,2.298850574712644,5.131835000811389,7.4273022742503985,4.0125,1.099816086279593,2.298850574712644,5.112316086279593,7.549347232638237,-0.019518914531795772,0.019518914531795772,-0.019518914531795772,0.019518914531795772,0.12204495838783824,0.12204495838783824,0.0065308618605363,0.0029414967901166,0.9998913537394044,True,True,True,True,FULL,FULL_direct_poly_rank_1
76,4.13,4.7,14.9,13.285,13.285,1213.8760619263403,1.0638297872340423,1227.1610619263406,1.0940505167399543,13.285,776.3770209760647,1.0638297872340423,789.6620209760647,1.1125743895669604,-437.49904095027557,437.49904095027557,-437.4990409502759,437.4990409502759,0.01852387282700607,0.01852387282700607,0.1483813993340862,0.0830337960780252,0.9983012970263208,True,True,True,True,FULL,FULL_direct_poly_rank_1
77,0.18,1.5666666666666669,0.88,0.4966666666666666,0.4966666666666666,0.8494890683979475,3.191489361702127,1.346155735064614,14.732448429095294,0.4966666666666666,0.8507392181132163,3.191489361702127,1.3474058847798829,14.696567895360428,0.0012501497152688223,0.0012501497152688223,0.0012501497152688223,0.0012501497152688223,-0.03588053373486666,0.03588053373486666,0.0001871083749908,0.0001154026394956,0.9999980511082576,True,True,True,True,FULL,FULL_direct_poly_rank_1
78,1.25,2.566666666666667,4.37,3.77,3.77,17.6011784506471,1.948051948051948,21.3711784506471,2.4976694597033373,3.77,17.472689681855933,1.948051948051948,21.242689681855932,2.502463586698469,-0.12848876879116844,0.12848876879116844,-0.12848876879116844,0.12848876879116844,0.004794126995131709,0.004794126995131709,0.0013917371291914,0.0008737829319851,0.9999967252468952,True,True,True,True,FULL,FULL_direct_poly_rank_1
79,3.62,4.5,14.62,13.843333333333334,13.843333333333334,173.78668847200146,1.1111111111111112,187.6300218053348,1.2115644521301927,13.843333333333334,128.3445822141329,1.1111111111111112,142.18791554746625,1.2532794803666296,-45.442106257868545,45.442106257868545,-45.442106257868545,45.442106257868545,0.04171502823643691,0.04171502823643691,0.1323801953311248,0.0752771124001285,0.9973970535933768,True,True,True,True,FULL,FULL_direct_poly_rank_1
80,0.11,1.5633333333333332,1.04,0.5006666666666667,0.5006666666666667,0.863642983300683,3.1982942430703627,1.3643096499673495,27.24084861115649,0.5006666666666667,0.9182890818884524,3.1982942430703627,1.418955748555119,23.532466302481417,0.054646098587769365,0.054646098587769365,0.054646098587769476,0.054646098587769476,-3.7083823086750733,3.7083823086750733,0.0112733873888532,0.0065698449476625,0.995339472179821,True,True,True,True,FULL,FULL_direct_poly_rank_1
81,0.23,2.1775,4.79,3.54875,3.54875,2.4552355004571034,2.296211251435132,6.003985500457103,14.649101403235154,3.54875,2.4448341713486377,2.296211251435132,5.993584171348638,14.772586707643192,-0.010401329108465696,0.010401329108465696,-0.010401329108465696,0.010401329108465696,0.12348530440803884,0.12348530440803884,0.0028335153193809,0.0013938936832304,0.999974916706563,True,True,True,True,FULL,FULL_direct_poly_rank_1
82,0.39,3.9275,14.13,12.93,12.93,2.178980729198466,1.273074474856779,15.108980729198466,12.268593789286898,12.93,2.477176963439245,1.273074474856779,15.407176963439245,10.0340789739061,0.2981962342407787,0.2981962342407787,0.2981962342407787,0.2981962342407787,-2.2345148153807983,2.2345148153807983,0.1702067989846014,0.0619591447547626,0.9873868923564662,True,True,True,True,FULL,FULL_direct_poly_rank_1
83,0.21,1.5566666666666666,0.75,0.4896666666666667,0.4896666666666667,0.6541837303857423,3.211991434689508,1.143850397052409,13.109251845364824,0.4896666666666667,0.647127204528742,3.211991434689508,1.1367938711954086,13.32054367088235,-0.00705652585700034,0.00705652585700034,-0.00705652585700034,0.00705652585700034,0.21129182551752557,0.21129182551752557,0.0010402773175839,0.0006257018089793,0.9999003242503752,True,True,True,True,FULL,FULL_direct_poly_rank_1
84,1.52,2.19,4.53,3.98,3.98,84.48453784563569,2.2831050228310503,88.46453784563569,2.4678705594788535,3.98,100.1632387532424,2.2831050228310503,104.1432387532424,2.4365145976576654,15.67870090760671,15.67870090760671,15.67870090760671,15.67870090760671,-0.03135596182118805,0.03135596182118805,0.0179846205181098,0.0109627239676196,0.999575818937392,True,True,True,True,FULL,FULL_direct_poly_rank_1
85,0.46,3.86,15.2,13.9425,13.9425,2.582793456166362,1.2953367875647668,16.525293456166363,10.00333623780827,13.9425,2.7587696344024426,1.2953367875647668,16.701269634402443,9.025474727460429,0.17597617823608047,0.17597617823608047,0.17597617823608047,0.17597617823608047,-0.9778615103478412,0.9778615103478412,0.1025559935781082,0.0378020629890561,0.9964114683774572,True,True,True,True,FULL,FULL_direct_poly_rank_1
86,1.14,1.85,0.47,0.4455,0.4455,1.2635859558868447,2.702702702702702,1.7090859558868448,3.448989911906233,0.4455,1.6410628683704052,2.702702702702702,2.086562868370405,3.2584030140931395,0.3774769124835604,0.3774769124835604,0.3774769124835604,0.3774769124835604,-0.19058689781309335,0.19058689781309335,0.0042818366804877,0.0026176435884431,0.9977033914863598,True,True,True,True,FULL,FULL_direct_poly_rank_1
87,1.53,2.29,3.84,3.5879999999999996,3.5879999999999996,21.229112109709114,2.1834061135371177,24.817112109709115,2.5522940611621228,3.5879999999999996,24.20651655814474,2.1834061135371177,27.794516558144743,2.501242583172088,2.977404448435628,2.977404448435628,2.977404448435628,2.977404448435628,-0.051051477990034844,0.051051477990034844,0.0155099568230281,0.0094011425132551,0.9995253255373322,True,True,True,True,FULL,FULL_direct_poly_rank_1
89,0.31,1.5733333333333333,0.64,0.434,0.434,0.831446191232911,3.1779661016949152,1.265446191232911,8.046929532076042,0.434,0.809654747010679,3.1779661016949152,1.243654747010679,8.25252654553655,-0.021791444222232004,0.021791444222232004,-0.021791444222232004,0.021791444222232004,0.2055970134605083,0.2055970134605083,0.0016543415781027,0.0011004814164509,0.9996965650983802,True,True,True,True,FULL,FULL_direct_poly_rank_1
90,0.44,2.0033333333333334,4.09,3.8813333333333335,3.8813333333333335,0.7845727106922662,2.4958402662229617,4.6659060440256,10.177837650659969,3.8813333333333335,0.7869924954652832,2.4958402662229617,4.668325828798617,10.14465620359026,0.002419784773016964,0.002419784773016964,0.002419784773016964,0.002419784773016964,-0.03318144706970827,0.03318144706970827,0.0011569263801548,0.0004795949237685,0.9999958160718192,True,True,True,True,FULL,FULL_direct_poly_rank_1
91,2.56,4.125,14.35,13.695,13.695,33.24347166872315,1.2121212121212122,46.93847166872315,1.5724619149710894,13.695,31.937260989612895,1.2121212121212122,45.632260989612895,1.58978608826116,-1.306210679110258,1.306210679110258,-1.306210679110258,1.306210679110258,0.017324173290070632,0.017324173290070632,0.0254084867478318,0.0152873581845378,0.9999143106699736,True,True,True,True,FULL,FULL_direct_poly_rank_1
92,0.1,1.5666666666666669,0.84,0.5786666666666667,0.5786666666666667,0.3913124802400913,3.191489361702127,0.969979146906758,37.39184550372476,0.5786666666666667,0.4491226170188052,3.191489361702127,1.0277892836854718,27.596357833123378,0.05781013677871388,0.05781013677871388,0.05781013677871383,0.05781013677871383,-9.795487670601382,9.795487670601382,0.0152835768687768,0.0079403378072611,0.974850309109274,True,True,True,True,FULL,FULL_direct_poly_rank_1
93,0.29,2.175,4.72,4.314,4.314,0.9127902034753363,2.298850574712644,5.226790203475336,15.255568277966066,4.314,0.9280335114630454,2.298850574712644,5.242033511463045,14.859661825856852,0.01524330798770901,0.01524330798770901,0.01524330798770901,0.01524330798770901,-0.39590645210921416,0.39590645210921416,0.0086491207827728,0.0032535957872996,0.9997525112046096,True,True,True,True,FULL,FULL_direct_poly_rank_1
94,2.24,4.125,16.29,15.185,15.185,36.934910613682646,1.2121212121212122,52.11991061368265,1.6343524111032697,15.185,33.72127253805637,1.2121212121212122,48.90627253805637,1.6831202491211326,-3.213638075626278,3.213638075626278,-3.213638075626278,3.213638075626278,0.048767838017862886,0.048767838017862886,0.0739545822539023,0.044074345895749,0.999391464505988,True,True,True,True,FULL,FULL_direct_poly_rank_1
95,0.15,1.5666666666666669,1.04,0.515,0.515,1.0180921290257392,3.191489361702127,1.533092129025739,17.824332391452327,0.515,1.0352567899910778,3.191489361702127,1.550256789991078,17.259923725446757,0.01716466096533864,0.01716466096533864,0.017164660965338863,0.017164660965338863,-0.5644086660055692,0.5644086660055692,0.0028404474034676,0.0017417261780021,0.999721256865852,True,True,True,True,FULL,FULL_direct_poly_rank_1
96,0.32,2.225,5.75,4.01075,4.01075,4.5926707536336835,2.2471910112359548,8.603420753633683,8.90252129065327,4.01075,4.310288922030367,2.2471910112359548,8.321038922030366,9.80797627029322,-0.28238183160331687,0.28238183160331687,-0.28238183160331687,0.28238183160331687,0.9054549796399503,0.9054549796399503,0.0477378812126679,0.026991398990278,0.9961388873108924,True,True,True,True,FULL,FULL_direct_poly_rank_1
97,0.98,3.925,16.9,13.655,13.655,17.423005323734152,1.2738853503184715,31.07800532373415,2.9328424113361327,13.655,15.421521899232475,1.2738853503184715,29.076521899232475,3.2694832892245107,-2.001483424501677,2.001483424501677,-2.001483424501675,2.001483424501675,0.33664087788837804,0.33664087788837804,0.192241987138603,0.1119925756119043,0.993875861983534,True,True,True,True,FULL,FULL_direct_poly_rank_1
98,0.12,1.5666666666666669,1.33,0.569,0.569,1.2856106349233354,3.191489361702127,1.854610634923335,23.13000566043724,0.569,1.334061005586595,3.191489361702127,1.9030610055865944,21.24970943752528,0.04845037066325952,0.04845037066325952,0.0484503706632593,0.0484503706632593,-1.8802962229119622,1.8802962229119622,0.0090816235568647,0.0054465166126368,0.998468813865562,True,True,True,True,FULL,FULL_direct_poly_rank_1
99,0.38,2.1775,5.29,3.8055,3.8055,4.8847712477868654,2.296211251435132,8.690271247786866,7.231167894086396,3.8055,4.494068836626642,2.296211251435132,8.299568836626642,8.023477682933835,-0.3907024111602233,0.3907024111602233,-0.3907024111602233,0.3907024111602233,0.7923097888474393,0.7923097888474393,0.0511932706159752,0.0301538203589934,0.9950559315417276,True,True,True,True,FULL,FULL_direct_poly_rank_1
100,1.12,3.865,15.69,14.2025,14.2025,9.330787016774106,1.2936610608020698,23.533287016774107,3.133851414322128,14.2025,8.378806414093617,1.2936610608020698,22.581306414093618,3.438323192852308,-0.9519806026804893,0.9519806026804893,-0.9519806026804893,0.9519806026804893,0.3044717785301798,0.3044717785301798,0.1516320630599989,0.0777271946491498,0.9959922260732224,True,True,True,True,FULL,FULL_direct_poly_rank_1
101,0.11,1.5599999999999998,1.19,0.5136666666666666,0.5136666666666666,1.0901897584596147,3.2051282051282053,1.6038564251262817,26.190812099681132,0.5136666666666666,1.1472520888611726,3.2051282051282053,1.6609187555278393,23.156342183027657,0.05706233040155784,0.05706233040155784,0.057062330401557615,0.057062330401557615,-3.0344699166534745,3.0344699166534745,0.0113181225778489,0.0067079694633994,0.996916235768168,True,True,True,True,FULL,FULL_direct_poly_rank_1
102,0.33,2.175,5.38,4.15275,4.15275,3.3230952595070686,2.298850574712644,7.475845259507069,9.464816530487427,4.15275,3.118363255709548,2.298850574712644,7.271113255709548,10.424622574517205,-0.20473200379752043,0.20473200379752043,-0.20473200379752043,0.20473200379752043,0.9598060440297775,0.9598060440297775,0.0431302578406359,0.0223429455448107,0.9959853345798468,True,True,True,True,FULL,FULL_direct_poly_rank_1
103,0.94,4.6125,15.17,14.2325,14.2325,3.230539541690666,1.0840108401084012,17.463039541690666,4.61254903129243,14.2325,3.205048729590528,1.0840108401084012,17.437548729590528,4.654697403684953,-0.025490812100137816,0.025490812100137816,-0.025490812100137816,0.025490812100137816,0.042148372392522226,0.042148372392522226,0.011655512508349,0.0048316825578082,0.9999674575228472,True,True,True,True,FULL,FULL_direct_poly_rank_1
104,0.46,1.61,0.57,0.4153333333333333,0.4153333333333333,1.2195408766373736,3.105590062111801,1.634874209970707,5.380408458094788,0.4153333333333333,1.243195509381865,3.105590062111801,1.6585288427151983,5.323870077804929,0.02365463274449131,0.02365463274449131,0.02365463274449131,0.02365463274449131,-0.056538380289858914,0.056538380289858914,0.000716879553149,0.0005000747075097,0.999936227245604,True,True,True,True,FULL,FULL_direct_poly_rank_1
105,0.38,2.1725,3.22,2.8175,2.8175,1.2095551373508462,2.3014959723820483,4.027055137350846,9.674876431868377,2.8175,1.138165922310475,2.3014959723820483,3.955665922310475,10.53678349422156,-0.07138921504037121,0.07138921504037121,-0.07138921504037121,0.07138921504037121,0.8619070623531826,0.8619070623531826,0.0227378677872881,0.0102293492259125,0.9969332824855972,True,True,True,True,FULL,FULL_direct_poly_rank_1
106,6.69,7.0,11.06,11.03,11.03,6.769176332863529,0.7142857142857143,17.799176332863528,0.9707346090728766,11.03,6.467764279502463,0.7142857142857143,17.497764279502462,0.9829634272428684,-0.3014120533610658,0.3014120533610658,-0.3014120533610658,0.3014120533610658,0.012228818169991884,0.012228818169991884,0.0166374299699991,0.008419531786144,0.999930764498404,True,True,True,True,FULL,FULL_direct_poly_rank_1
107,0.15,1.5566666666666666,0.88,0.5103333333333334,0.5103333333333334,0.7081291518031402,3.211991434689508,1.2184624851364736,19.26598627033951,0.5103333333333334,0.7278209859677188,3.211991434689508,1.2381543193010522,18.271716012366316,0.019691834164578648,0.019691834164578648,0.019691834164578648,0.019691834164578648,-0.994270257973195,0.994270257973195,0.0036612686366029,0.002142209033692,0.9991620525697518,True,True,True,True,FULL,FULL_direct_poly_rank_1
108,0.24,2.175,5.1,3.69825,3.69825,2.8769666070220197,2.298850574712644,6.5752166070220195,13.53664985652516,3.69825,2.83345049669109,2.298850574712644,6.53170049669109,13.939609279135858,-0.043516110330929614,0.043516110330929614,-0.043516110330929614,0.043516110330929614,0.4029594226106976,0.4029594226106976,0.0109157272809878,0.005530484775724,0.999688742372508,True,True,True,True,FULL,FULL_direct_poly_rank_1
109,0.47,3.8575,14.84,13.285,13.285,3.275885261750222,1.2961762799740766,16.560885261750222,9.133208341560495,13.285,3.3916033282663243,1.2961762799740766,16.676603328266324,8.626163991469408,0.11571806651610217,0.11571806651610217,0.11571806651610217,0.11571806651610217,-0.5070443500910873,0.5070443500910873,0.0572373317547448,0.0223220209781393,0.9988422890022166,True,True,True,True,FULL,FULL_direct_poly_rank_1
110,0.15,2.1675,1.23,0.6225,0.6225,0.9619833022068238,2.306805074971165,1.584483302206824,20.507804388385548,0.6225,0.9947855702940144,2.306805074971165,1.6172855702940143,18.80631213842362,0.032802268087190556,0.032802268087190556,0.03280226808719022,0.03280226808719022,-1.7014922499619267,1.7014922499619267,0.0074316222403905,0.0041581163085191,0.9984300334903627,True,True,True,True,FULL,FULL_direct_poly_rank_1
111,0.25,2.165,6.22,4.547499999999999,4.547499999999999,3.553532108811563,2.3094688221709005,8.101032108811562,12.896286747191096,4.547499999999999,3.4747149659765633,2.3094688221709005,8.022214965976563,13.447725476795563,-0.07881714283499974,0.07881714283499974,-0.07881714283499974,0.07881714283499974,0.5514387296044667,0.5514387296044667,0.0193602119747245,0.0098339112917165,0.999347619220616,True,True,True,True,FULL,FULL_direct_poly_rank_1
112,0.46,4.1075,18.37,16.2525,16.2525,4.204330792736471,1.217285453438831,20.456830792736472,9.296747223836368,16.2525,4.453996367998382,1.217285453438831,20.706496367998383,8.438951645210494,0.24966557526191124,0.24966557526191124,0.24966557526191124,0.24966557526191124,-0.8577955786258737,0.8577955786258737,0.1159632038885542,0.0459842940203274,0.9967504301960304,True,True,True,True,FULL,FULL_direct_poly_rank_1
113,0.21,1.5599999999999998,0.72,0.5333333333333333,0.5333333333333333,0.4530839141628877,3.2051282051282053,0.9864172474962212,14.758619332850811,0.5333333333333333,0.4500345184745864,3.2051282051282053,0.9833678518079196,14.913443294880391,-0.0030493956883012596,0.0030493956883012596,-0.003049395688301537,0.003049395688301537,0.15482396202957993,0.15482396202957993,0.0006011268451737,0.0003255161143928,0.9999557660392984,True,True,True,True,FULL,FULL_direct_poly_rank_1
114,0.46,2.215,4.54,3.755,3.755,3.0550946555112306,2.2573363431151243,6.8100946555112305,6.812602552841997,3.755,2.772947840193466,2.2573363431151243,6.527947840193466,7.613346649835105,-0.2821468153177644,0.2821468153177644,-0.2821468153177644,0.2821468153177644,0.8007440969931077,0.8007440969931077,0.0472294928807748,0.0249712127068481,0.9941612774481704,True,True,True,True,FULL,FULL_direct_poly_rank_1
115,3.02,4.84,14.29,13.226666666666668,13.226666666666668,67.62238227774218,1.0330578512396695,80.84904894440885,1.2379494369579531,13.226666666666668,55.18562462828188,1.0330578512396695,68.41229129494855,1.2940038151633726,-12.436757649460297,12.436757649460297,-12.436757649460304,12.436757649460304,0.056054378205419475,0.056054378205419475,0.126212258528661,0.0774359861360137,0.9977922622441612,True,True,True,True,FULL,FULL_direct_poly_rank_1
116,0.1,1.5533333333333337,1.16,0.5640000000000001,0.5640000000000001,0.912890584776652,3.218884120171673,1.476890584776652,31.1344826944979,0.5640000000000001,0.9882840334804486,3.218884120171673,1.5522840334804486,25.57597359232153,0.0753934487037966,0.0753934487037966,0.0753934487037966,0.0753934487037966,-5.5585091021763695,5.5585091021763695,0.0162483270613072,0.0093415141320732,0.9918971386437638,True,True,True,True,FULL,FULL_direct_poly_rank_1
117,0.28,2.16,4.98,3.80875,3.80875,2.7207253448886286,2.314814814814815,6.5294753448886285,11.627647012732409,3.80875,2.6191569435801227,2.314814814814815,6.427906943580123,12.41817909035004,-0.10156840130850586,0.10156840130850586,-0.10156840130850586,0.10156840130850586,0.7905320776176321,0.7905320776176321,0.0251808267086328,0.0125781100820587,0.998272701551836,True,True,True,True,FULL,FULL_direct_poly_rank_1
118,0.84,3.88,14.83,12.9825,12.9825,7.331910697776193,1.288659793814433,20.314410697776193,4.123242699657944,12.9825,6.666556365966764,1.288659793814433,19.649056365966764,4.604268145567262,-0.6653543318094286,0.6653543318094286,-0.6653543318094286,0.6653543318094286,0.4810254459093173,0.4810254459093173,0.1510586658502463,0.0734959231017786,0.9945024632319102,True,True,True,True,FULL,FULL_direct_poly_rank_1
119,0.05,1.5533333333333337,1.06,0.4603333333333333,0.4603333333333333,0.7347138188950575,3.218884120171673,1.1950471522283908,76.69251608229672,0.4603333333333333,0.9276486988208724,3.218884120171673,1.3879820321542056,39.76349916808486,0.19293487992581493,0.19293487992581493,0.19293487992581482,0.19293487992581482,-36.92901691421186,36.92901691421186,0.0451670666907838,0.026259578804359,0.9255993466006,True,True,True,True,FULL,FULL_direct_poly_rank_1
120,0.24,2.1675,5.34,3.634,3.634,3.551284821064535,2.306805074971165,7.185284821064535,12.76758648025316,3.634,3.474670165432633,2.306805074971165,7.108670165432633,13.309318568040563,-0.07661465563190184,0.07661465563190184,-0.07661465563190184,0.07661465563190184,0.5417320877874037,0.5417320877874037,0.016828352995305,0.008999968832157,0.9993942643471456,True,True,True,True,FULL,FULL_direct_poly_rank_1
121,0.58,3.8475,15.72,12.52,12.52,8.509190021060213,1.299545159194282,21.029190021060213,5.626700720273117,12.52,8.032577350431563,1.299545159194282,20.55257735043156,6.1507219412103815,-0.47661267062865065,0.47661267062865065,-0.4766126706286542,0.4766126706286542,0.5240212209372643,0.5240212209372643,0.1136500826498588,0.056502465524098,0.9966188144731016,True,True,True,True,FULL,FULL_direct_poly_rank_1
122,0.16,1.7866666666666664,1.46,0.5153333333333333,0.5153333333333333,1.791622665699797,2.7985074626865676,2.3069559990331303,15.27471027903135,0.5153333333333333,1.7644923929174556,2.7985074626865676,2.279825726250789,15.76667826990912,-0.027130272782341258,0.027130272782341258,-0.027130272782341258,0.027130272782341258,0.4919679908777699,0.4919679908777699,0.0042651661757596,0.0026842767500911,0.9997863691873002,True,True,True,True,FULL,FULL_direct_poly_rank_1
123,0.34,2.19,5.86,3.70375,3.70375,6.4076526447249105,2.2831050228310503,10.11140264472491,7.4904783908875965,3.70375,5.962062285694502,2.2831050228310503,9.665812285694502,8.238954017116779,-0.4455903590304082,0.4455903590304082,-0.4455903590304082,0.4455903590304082,0.7484756262291823,0.7484756262291823,0.0528713485821604,0.0330942296733286,0.9962682889497616,True,True,True,True,FULL,FULL_direct_poly_rank_1
124,0.72,3.9025,15.23,13.1975,13.1975,6.547895084347095,1.2812299807815504,19.745395084347095,4.922489465268678,13.1975,6.087562459675864,1.2812299807815504,19.285062459675864,5.426949785325283,-0.46033262467123137,0.46033262467123137,-0.46033262467123137,0.46033262467123137,0.5044603200566042,0.5044603200566042,0.1271907767900134,0.0594347099115644,0.9958701934807824,True,True,True,True,FULL,FULL_direct_poly_rank_1
125,0.13,1.5766666666666669,0.83,0.5316666666666667,0.5316666666666667,0.5110542316499418,3.1712473572938684,1.0427208983166083,25.070549134255213,0.5316666666666667,0.5438876842499145,3.1712473572938684,1.0755543509165812,21.974242794976824,0.03283345259997272,0.03283345259997272,0.032833452599972945,0.032833452599972945,-3.0963063392783887,3.0963063392783887,0.0075481245378952,0.0041131025113294,0.9949237706859622,True,True,True,True,FULL,FULL_direct_poly_rank_1
126,0.33,2.195,4.91,4.2615,4.2615,1.6629195649406574,2.277904328018223,5.924419564940657,11.444353107108954,4.2615,1.5984548269586698,2.277904328018223,5.85995482695867,12.179970264794548,-0.0644647379819876,0.0644647379819876,-0.0644647379819876,0.0644647379819876,0.7356171576855939,0.7356171576855939,0.0235285666920037,0.0101833184080003,0.9984390949716528,True,True,True,True,FULL,FULL_direct_poly_rank_1
127,2.99,4.513333333333333,16.39,14.923333333333332,14.923333333333332,140.10135047238424,1.1078286558345645,155.0246838057176,1.2549920885699382,14.923333333333332,113.4642419643084,1.1078286558345645,128.38757529764172,1.295729352461541,-26.63710850807584,26.63710850807584,-26.63710850807587,26.63710850807587,0.040737263891602815,0.040737263891602815,0.1254410877252612,0.0764413558576075,0.9982968816346348,True,True,True,True,FULL,FULL_direct_poly_rank_1
128,0.22,1.5666666666666669,1.38,0.6789999999999999,0.6789999999999999,1.9691572578488556,3.191489361702127,2.6481572578488555,10.298464829923804,0.6789999999999999,1.9409274106239744,3.191489361702127,2.619927410623974,10.48725462756448,-0.0282298472248812,0.0282298472248812,-0.02822984722488142,0.02822984722488142,0.18878979764067694,0.18878979764067694,0.0026381822611944,0.0018128690666069,0.9998832614685578,True,True,True,True,FULL,FULL_direct_poly_rank_1
129,0.39,2.18,6.11,4.593,4.593,5.057943521426855,2.293577981651376,9.650943521426855,7.34235077378404,4.593,4.641174753627832,2.293577981651376,9.234174753627832,8.178218418789353,-0.4167687677990237,0.4167687677990237,-0.4167687677990237,0.4167687677990237,0.8358676450053126,0.8358676450053126,0.0604878578235285,0.0343171413905534,0.9946100919702208,True,True,True,True,FULL,FULL_direct_poly_rank_1
130,2.78,4.13,17.18,15.5675,15.5675,173.2142161184181,1.2106537530266344,188.7817161184181,1.354578535378103,15.5675,145.90583717530498,1.2106537530266344,161.47333717530498,1.3858273917352066,-27.308378943113127,27.308378943113127,-27.308378943113127,27.308378943113127,0.031248856357103616,0.031248856357103616,0.0989129527245695,0.0601612635719303,0.9990364458525022,True,True,True,True,FULL,FULL_direct_poly_rank_1
131,0.3,1.57,0.69,0.4403333333333333,0.4403333333333333,0.989606450202688,3.184713375796178,1.4299397835360212,7.9675990689291964,0.4403333333333333,0.9704562811101064,3.184713375796178,1.4107896144434395,8.115584538754952,-0.019150169092581604,0.019150169092581604,-0.019150169092581715,0.019150169092581715,0.14798546982575544,0.14798546982575544,0.001334239717191,0.0009154706963842,0.99984272692247,True,True,True,True,FULL,FULL_direct_poly_rank_1
132,0.38,2.2025,4.61,3.49275,3.49275,3.5417527605950667,2.270147559591374,7.034502760595067,7.697329513236288,3.49275,3.2597137927821835,2.270147559591374,6.752463792782184,8.586449081501243,-0.2820389678128832,0.2820389678128832,-0.2820389678128832,0.2820389678128832,0.8891195682649551,0.8891195682649551,0.0452089315143659,0.0250724098550094,0.9945472199110534,True,True,True,True,FULL,FULL_direct_poly_rank_1
133,0.58,3.89,14.25,12.71,12.71,3.870375185655917,1.2853470437017995,16.580375185655917,6.937928600833182,12.71,3.80678996708885,1.2853470437017995,16.51678996708885,7.116342982629733,-0.06358521856706689,0.06358521856706689,-0.06358521856706645,0.06358521856706645,0.1784143817965509,0.1784143817965509,0.0271893599881195,0.0112169830783464,0.99975027538662,True,True,True,True,FULL,FULL_direct_poly_rank_1
134,0.29,1.5933333333333335,0.81,0.6846666666666668,0.6846666666666668,0.4027161872827163,3.1380753138075312,1.087382853949383,11.679447292728767,0.6846666666666668,0.3895672360013784,3.1380753138075312,1.0742339026680452,12.173507046536908,-0.013148951281337917,0.013148951281337917,-0.013148951281337862,0.013148951281337862,0.49405975380814127,0.49405975380814127,0.0028783079721141,0.0014393364208395,0.9992496342908436,True,True,True,True,FULL,FULL_direct_poly_rank_1
135,0.42,2.1925,4.74,4.255,4.255,1.6007301765706998,2.280501710376283,5.8557301765707,9.079561652406012,4.255,1.504687626164026,2.280501710376283,5.759687626164026,9.839393350844786,-0.09604255040667375,0.09604255040667375,-0.09604255040667375,0.09604255040667375,0.7598316984387736,0.7598316984387736,0.0324346355370268,0.0143635017889009,0.9972963956409308,True,True,True,True,FULL,FULL_direct_poly_rank_1
136,2.48,4.18,15.4,14.19,14.19,62.34454554337887,1.1961722488038278,76.53454554337887,1.469660738779334,14.19,54.76123529860564,1.1961722488038278,68.95123529860564,1.5151707350747057,-7.58331024477323,7.58331024477323,-7.58331024477323,7.58331024477323,0.04550999629537178,0.04550999629537178,0.0868564510348834,0.0531001540834769,0.9990803436309288,True,True,True,True,FULL,FULL_direct_poly_rank_1
137,1.18,1.85,0.63,0.575,0.575,4.239497230710774,2.702702702702702,4.814497230710774,3.1309195303367727,0.575,5.135046757524669,2.702702702702702,5.710046757524669,3.047750298796485,0.8955495268138947,0.8955495268138947,0.8955495268138947,0.8955495268138947,-0.08316923154028766,0.08316923154028766,0.0036109204642015,0.0022435152955397,0.9990568883398512,True,True,True,True,FULL,FULL_direct_poly_rank_1
138,0.99,2.6033333333333335,4.93,4.496666666666667,4.496666666666667,4.9592094785200045,1.9206145966709345,9.455876145186672,3.460965956174455,4.496666666666667,4.65993894077977,1.9206145966709345,9.156605607446435,3.587218495895435,-0.2992705377402345,0.2992705377402345,-0.29927053774023626,0.29927053774023626,0.12625253972097994,0.12625253972097994,0.0209682866054863,0.0118024274778294,0.999351163323014,True,True,True,True,FULL,FULL_direct_poly_rank_1
139,1.92,4.2125,17.14,16.56,16.56,9.158812659704571,1.1869436201780414,25.71881265970457,2.22655990128023,16.56,9.653707926387014,1.1869436201780414,26.213707926387013,2.167500820682424,0.4948952666824429,0.4948952666824429,0.4948952666824411,0.4948952666824411,-0.05905908059780618,0.05905908059780618,0.0542780856352196,0.0291397804879997,0.9996868477205876,True,True,True,True,FULL,FULL_direct_poly_rank_1
140,0.42,1.7400000000000002,0.83,0.4525,0.4525,2.5886372580129136,2.8735632183908044,3.0411372580129137,4.84879553279124,0.4525,2.696230770939364,2.8735632183908044,3.148730770939364,4.745904102697717,0.10759351292645025,0.10759351292645025,0.10759351292645025,0.10759351292645025,-0.10289143009352308,0.10289143009352308,0.0023373296661196,0.0018409132297486,0.9997644046673678,True,True,True,True,FULL,FULL_direct_poly_rank_1
141,1.23,2.5733333333333337,4.22,4.026666666666666,4.026666666666666,3.714553371745124,1.94300518134715,7.74122003841179,3.22230726876678,4.026666666666666,4.089432876394414,1.94300518134715,8.11609954306108,3.090078064377715,0.3748795046492903,0.3748795046492903,0.3748795046492903,0.3748795046492903,-0.13222920438906538,0.13222920438906538,0.0218173555547084,0.0123220075110333,0.9991836185539424,True,True,True,True,FULL,FULL_direct_poly_rank_1
142,1.79,4.84,15.01,14.9025,14.9025,0.8901040923931092,1.0330578512396695,15.792604092393107,3.4546415460563873,14.9025,1.601910841145763,1.0330578512396695,16.504410841145763,2.6466443772612607,0.7118067487526538,0.7118067487526538,0.7118067487526556,0.7118067487526556,-0.8079971687951266,0.8079971687951266,0.4019402541943932,0.1795277907336556,0.9714938214936928,True,True,True,True,FULL,FULL_direct_poly_rank_1
143,0.33,1.5733333333333333,0.58,0.4766666666666666,0.4766666666666666,0.4098600862261488,3.1779661016949152,0.8865267528928155,9.368454028225154,0.4766666666666666,0.3926178651524825,3.1779661016949152,0.8692845318191491,9.80143449949514,-0.017242221073666297,0.017242221073666297,-0.017242221073666353,0.017242221073666353,0.4329804712699872,0.4329804712699872,0.002449492519456,0.0013515891986333,0.9990466285790272,True,True,True,True,FULL,FULL_direct_poly_rank_1
144,0.43,2.1725,4.53,3.8975,3.8975,2.2412867147074325,2.3014959723820483,6.138786714707432,7.955893974394428,3.8975,2.0630784925871932,2.3014959723820483,5.960578492587193,8.819441609645791,-0.17820822212023923,0.17820822212023923,-0.17820822212023923,0.17820822212023923,0.8635476352513631,0.8635476352513631,0.0415969341703994,0.0202464498653174,0.9952488351610794,True,True,True,True,FULL,FULL_direct_poly_rank_1
145,3.33,4.496666666666667,14.77,14.159999999999998,14.159999999999998,71.68575820940592,1.111934766493699,85.84575820940591,1.2931877819034847,14.159999999999998,61.38845846689418,1.111934766493699,75.54845846689417,1.329177965062022,-10.29729974251174,10.29729974251174,-10.29729974251174,10.29729974251174,0.03599018315853719,0.03599018315853719,0.0792793908415293,0.0457951522341458,0.9991367307515872,True,True,True,True,FULL,FULL_direct_poly_rank_1
146,0.13,1.5599999999999998,0.68,0.5633333333333334,0.5633333333333334,0.1951982739754749,3.2051282051282053,0.7585316073088083,31.88575510060682,0.5633333333333334,0.2208678367892841,3.2051282051282053,0.7842011701226175,25.3807435294806,0.025669562813809194,0.025669562813809194,0.025669562813809166,0.025669562813809166,-6.505011571126218,6.505011571126218,0.0091702916384956,0.0040552486051609,0.9834447123164732,True,True,True,True,FULL,FULL_direct_poly_rank_1
147,1.84,3.1775,4.39,3.69,3.69,48.191526905344915,1.5735641227380015,51.88152690534491,1.779339325853626,3.69,49.303293076601186,1.5735641227380015,52.993293076601184,1.7741164962474048,1.1117661712562708,1.1117661712562708,1.1117661712562708,1.1117661712562708,-0.005222829606221335,0.005222829606221335,0.0031666681725572,0.0020130327433668,0.9999854177228436,True,True,True,True,FULL,FULL_direct_poly_rank_1
148,2.23,4.3774999999999995,15.49,14.875,14.875,14.10295307840756,1.142204454597373,28.97795307840756,1.8301286904573817,14.875,14.173512912538932,1.142204454597373,29.048512912538932,1.826184456745347,0.07055983413137135,0.07055983413137135,0.07055983413137312,0.07055983413137312,-0.003944233712034784,0.003944233712034784,0.0043024516554619,0.0024272022774957,0.99999773120174,True,True,True,True,FULL,FULL_direct_poly_rank_1
149,0.18,1.5599999999999998,0.96,0.5433333333333333,0.5433333333333333,0.9264981470545324,3.2051282051282053,1.4698314803878656,14.731251978605432,0.5433333333333333,0.9282169990364754,3.2051282051282053,1.4715503323698087,14.686255772796889,0.0017188519819429926,0.0017188519819429926,0.0017188519819431036,0.0017188519819431036,-0.04499620580854291,0.04499620580854291,0.0002563094357437,0.0001582086334801,0.9999969176845336,True,True,True,True,FULL,FULL_direct_poly_rank_1
150,0.4,2.175,5.29,4.25,4.25,3.4798658017251105,2.298850574712644,7.7298658017251105,7.755705088302538,4.25,3.193224691427308,2.298850574712644,7.443224691427308,8.658485819136924,-0.28664111029780237,0.28664111029780237,-0.28664111029780237,0.28664111029780237,0.9027807308343867,0.9027807308343867,0.0521475199121849,0.027489071757461,0.9944114868650002,True,True,True,True,FULL,FULL_direct_poly_rank_1
151,0.99,3.6125,15.85,14.965,14.965,4.712295648967803,1.384083044982699,19.677295648967803,4.185634509215309,14.965,4.469385276120288,1.384083044982699,19.434385276120288,4.395588219797965,-0.24291037284751482,0.24291037284751482,-0.24291037284751482,0.24291037284751482,0.20995371058265544,0.20995371058265544,0.0753762403688133,0.034502066777862,0.99899849967108,True,True,True,True,FULL,FULL_direct_poly_rank_1
152,1.16,1.9,0.64,0.54,0.54,8.918859589233094,2.6315789473684212,9.458859589233091,2.9158636476035604,0.54,11.411195397374154,2.6315789473684212,11.951195397374152,2.848347777241295,2.4923358081410605,2.4923358081410605,2.4923358081410605,2.4923358081410605,-0.06751587036226558,0.06751587036226558,0.0040691776286817,0.0025948911868994,0.998924593395364,True,True,True,True,FULL,FULL_direct_poly_rank_1
153,1.3,2.566666666666667,4.2,3.9333333333333336,3.9333333333333336,6.732843008196392,1.948051948051948,10.666176341529724,2.832743127876559,3.9333333333333336,7.0352583975071,1.948051948051948,10.968591730840432,2.788274974411173,0.302415389310708,0.302415389310708,0.302415389310708,0.302415389310708,-0.04446815346538591,0.04446815346538591,0.0091448747016539,0.0053865860814786,0.999856676340494,True,True,True,True,FULL,FULL_direct_poly_rank_1
154,5.1,31.453947067343865,14.28,13.490170336848536,13.490170336848536,2.087839211051561,0.1589625616554528,15.578009547900097,0.9263059984631752,13.490170336848536,2.368808267093053,0.1589625616554528,15.858978603941589,0.8036374128692962,0.28096905604149214,0.28096905604149214,0.28096905604149214,0.28096905604149214,-0.12266858559387894,0.12266858559387894,0.1512406227099366,0.0588699569702715,0.992718833129696,True,True,True,True,FULL,FULL_direct_poly_rank_1
155,0.56,1.5599999999999998,0.58,0.4766666666666666,0.4766666666666666,1.2430840918042927,3.2051282051282053,1.7197507584709593,5.0236277196711585,0.4766666666666666,1.3085366435148358,3.2051282051282053,1.7852033101815024,4.911431573866697,0.0654525517105431,0.0654525517105431,0.0654525517105431,0.0654525517105431,-0.1121961458044618,0.1121961458044618,0.0016537780859386,0.0010711090065956,0.9996904296373774,True,True,True,True,FULL,FULL_direct_poly_rank_1
156,0.67,2.1775,4.06,3.745,3.745,2.1627193549790276,2.296211251435132,5.907719354979028,5.4890381882934465,3.745,2.056484158393478,2.296211251435132,5.801484158393478,5.709299376098069,-0.10623519658554947,0.10623519658554947,-0.10623519658554947,0.10623519658554947,0.22026118780462234,0.22026118780462234,0.0166790641360251,0.0085467769965172,0.9993097320814768,True,True,True,True,FULL,FULL_direct_poly_rank_1
157,1.32,3.9,14.36,13.5925,13.5925,6.126023681195667,1.2820512820512822,19.718523681195663,3.032176279008363,13.5925,5.839643712691684,1.2820512820512822,19.432143712691683,3.140957529944699,-0.28637996850398295,0.28637996850398295,-0.2863799685039794,0.2863799685039794,0.10878125093633617,0.10878125093633617,0.0540418947457488,0.0269531320796053,0.9994615464766152,True,True,True,True,FULL,FULL_direct_poly_rank_1
158,0.17,1.6233333333333333,1.0,0.5720000000000001,0.5720000000000001,0.8749487231528226,3.080082135523614,1.4469487231528226,16.31818533574024,0.5720000000000001,0.8818080384540858,3.080082135523614,1.453808038454086,16.087090805339816,0.006859315301263269,0.006859315301263269,0.006859315301263269,0.006859315301263269,-0.23109453040042283,0.23109453040042283,0.0011732822583572,0.0007002499598636,0.9999369892028313,True,True,True,True,FULL,FULL_direct_poly_rank_1
159,0.32,2.1825,5.06,4.11975,4.11975,2.410582651104151,2.290950744558992,6.530332651104151,10.626543938716322,4.11975,2.289754981450576,2.290950744558992,6.409504981450576,11.5366185242207,-0.12082766965357461,0.12082766965357461,-0.12082766965357461,0.12082766965357461,0.9100745855043773,0.9100745855043773,0.0328427900011758,0.0156782386343738,0.9971781169565916,True,True,True,True,FULL,FULL_direct_poly_rank_1
160,1.07,3.895,14.3,13.0025,13.0025,7.31537030166651,1.2836970474967908,20.31787030166651,3.3651116062820727,13.0025,6.61654299195043,1.2836970474967908,19.61904299195043,3.691383593881042,-0.69882730971608,0.69882730971608,-0.69882730971608,0.69882730971608,0.32627198759896947,0.32627198759896947,0.133728979742354,0.0665442502552901,0.9961098489649572,True,True,True,True,FULL,FULL_direct_poly_rank_1
161,0.1,1.5666666666666669,0.85,0.5843333333333334,0.5843333333333334,0.3978559436075378,3.191489361702127,0.9821892769408712,37.33548887229885,0.5843333333333334,0.4563834974490479,3.191489361702127,1.0407168307823813,27.5773856416294,0.058527553841510094,0.058527553841510094,0.058527553841510094,0.058527553841510094,-9.758103230669452,9.758103230669452,0.015443044033813,0.0080313356788932,0.9750191235189248,True,True,True,True,FULL,FULL_direct_poly_rank_1
162,0.24,2.175,6.09,4.409,4.409,3.4511384121172206,2.298850574712644,7.86013841211722,13.515323404054092,4.409,3.398318798329398,2.298850574712644,7.807318798329398,13.9224805589266,-0.05281961378782274,0.05281961378782274,-0.05281961378782274,0.05281961378782274,0.4071571548725075,0.4071571548725075,0.0132013651401783,0.0066985528268754,0.999681547542972,True,True,True,True,FULL,FULL_direct_poly_rank_1
163,0.5,3.8625,16.89,15.2325,15.2325,3.655467066441505,1.2944983818770228,18.887967066441504,8.601598077321363,15.2325,3.747550820814743,1.2944983818770228,18.980050820814743,8.266376695952127,0.09208375437323779,0.09208375437323779,0.09208375437323824,0.09208375437323824,-0.3352213813692355,0.3352213813692355,0.046529361415925,0.0180873879690379,0.9994302778626748,True,True,True,True,FULL,FULL_direct_poly_rank_1
164,0.07,1.5566666666666666,0.85,0.5843333333333334,0.5843333333333334,0.3510048045966245,3.211991434689508,0.935338137929958,59.36701870371923,0.5843333333333334,0.4548553866948466,3.211991434689508,1.03918872002818,33.79010180126116,0.10385058209822212,0.10385058209822212,0.10385058209822196,0.10385058209822196,-25.576916902458073,25.576916902458073,0.0265880822587659,0.0144487413663534,0.920460487816044,True,True,True,True,FULL,FULL_direct_poly_rank_1
165,0.23,2.1675,5.85,4.43275,4.43275,2.80147060168731,2.306805074971165,7.23422060168731,14.978792929839672,4.43275,2.7970220892927795,2.306805074971165,7.22977208929278,15.025702955528748,-0.004448512394530368,0.004448512394530368,-0.004448512394530368,0.004448512394530368,0.04691002568907621,0.04691002568907621,0.0012752417061015,0.0006138350069661,0.9999964879775016,True,True,True,True,FULL,FULL_direct_poly_rank_1
166,0.75,3.8625,16.87,15.795,15.795,3.4935563581594646,1.2944983818770228,19.288556358159465,5.80409010742513,15.795,3.4113327308490557,1.2944983818770228,19.206332730849056,5.977163500457097,-0.08222362731040889,0.08222362731040889,-0.08222362731040889,0.08222362731040889,0.17307339303196745,0.17307339303196745,0.0410265076239062,0.0166087481231522,0.9996623468036788,True,True,True,True,FULL,FULL_direct_poly_rank_1
167,0.17,1.5599999999999998,0.8,0.5579999999999999,0.5579999999999999,0.4953159279041487,3.2051282051282053,1.0533159279041486,18.51576110820791,0.5579999999999999,0.5061404029254432,3.2051282051282053,1.064140402925443,17.811601735354717,0.010824475021294466,0.010824475021294466,0.010824475021294466,0.010824475021294466,-0.7041593728531943,0.7041593728531943,0.0023191061034789,0.0012565347675779,0.999461339941028,True,True,True,True,FULL,FULL_direct_poly_rank_1
168,1.11,2.563333333333333,4.61,4.293333333333333,4.293333333333333,4.918051194692046,1.950585175552666,9.21138452802538,3.258019017990617,4.293333333333333,4.895509273417781,1.950585175552666,9.188842606751114,3.2652716625599387,-0.022541921274264354,0.022541921274264354,-0.02254192127426613,0.02254192127426613,0.007252644569321731,0.007252644569321731,0.0012688680019964,0.0007212537409981,0.9999975127689866,True,True,True,True,FULL,FULL_direct_poly_rank_1
169,3.93,4.553333333333334,16.61,16.513333333333332,16.513333333333332,14.198414912137522,1.0980966325036603,30.711748245470854,1.4757256498343354,16.513333333333332,25.489678147017766,1.0980966325036603,42.0030114803511,1.310147692173349,11.291263234880244,11.291263234880244,11.291263234880244,11.291263234880244,-0.16557795766098637,0.16557795766098637,0.2333738205946193,0.1249605754780444,0.9942075945536404,True,True,True,True,FULL,FULL_direct_poly_rank_1
170,0.19,1.5533333333333337,0.76,0.5436666666666666,0.5436666666666666,0.4848535368761771,3.218884120171673,1.0285202035428438,16.275028887164293,0.5436666666666666,0.4876337311184117,3.218884120171673,1.0313003977850783,16.12192431872043,0.0027801942422345793,0.0027801942422345793,0.002780194242234524,0.002780194242234524,-0.15310456844386167,0.15310456844386167,0.0005599041690921,0.0003054917663294,0.9999656536777844,True,True,True,True,FULL,FULL_direct_poly_rank_1
171,0.32,2.17,4.74,4.0465,4.0465,1.7565900119017304,2.3041474654377883,5.80309001190173,11.4900793995,4.0465,1.6862456192225084,2.3041474654377883,5.732745619222508,12.265408598253348,-0.07034439267922199,0.07034439267922199,-0.07034439267922199,0.07034439267922199,0.7753291987533473,0.7753291987533473,0.0238196350221906,0.0105676252543451,0.9982702258327604,True,True,True,True,FULL,FULL_direct_poly_rank_1
172,1.88,4.13,15.76,14.8875,14.8875,14.997831291761866,1.2106537530266344,29.885331291761865,2.0220034481788933,14.8875,14.2854205850413,1.2106537530266344,29.1729205850413,2.070903119037734,-0.7124107067205667,0.7124107067205667,-0.712410706720565,0.712410706720565,0.048899670858840505,0.048899670858840505,0.0473178819060676,0.0264583801585829,0.9997151884698868,True,True,True,True,FULL,FULL_direct_poly_rank_1
173,0.23,1.5666666666666669,0.81,0.5826666666666666,0.5826666666666666,0.6080845262035995,3.191489361702127,1.190751192870266,12.675105003139644,0.5826666666666666,0.596253670957167,3.191489361702127,1.1789203376238335,13.0322008378685,-0.01183085524643257,0.01183085524643257,-0.01183085524643257,0.01183085524643257,0.357095834728856,0.357095834728856,0.0019156603179555,0.0010954580884439,0.9996751549525013,True,True,True,True,FULL,FULL_direct_poly_rank_1
174,0.27,2.18,5.18,4.452999999999999,4.452999999999999,1.5717255574854088,2.293577981651376,6.024725557485408,14.53141002624948,4.452999999999999,1.565024383367434,2.293577981651376,6.018024383367433,14.64118529331707,-0.006701174117974773,0.006701174117974773,-0.006701174117974773,0.006701174117974773,0.10977526706759022,0.10977526706759022,0.0027274773836629,0.0011381244534652,0.999978811024004,True,True,True,True,FULL,FULL_direct_poly_rank_1
175,1.85,4.1125,17.29,16.4125,16.4125,14.29966321375646,1.21580547112462,30.71216321375646,2.100213453400296,16.4125,13.841722751238514,1.21580547112462,30.254222751238515,2.135153859561682,-0.4579404625179464,0.4579404625179464,-0.4579404625179464,0.4579404625179464,0.03494040616138605,0.03494040616138605,0.0350943734944144,0.0193955642681561,0.9998694511964272,True,True,True,True,FULL,FULL_direct_poly_rank_1
176,0.65,1.5766666666666669,0.57,0.478,0.478,1.612273609680621,3.1712473572938684,2.090273609680621,4.48569879514461,0.478,1.7752395073044454,3.1712473572938684,2.2532395073044453,4.342378667802965,0.1629658976238244,0.1629658976238244,0.1629658976238244,0.1629658976238244,-0.1433201273416449,0.1433201273416449,0.0025864912501513,0.0016646952286028,0.9992732281040144,True,True,True,True,FULL,FULL_direct_poly_rank_1
177,1.47,2.6333333333333333,3.8,3.616,3.616,6.14964024424423,1.89873417721519,9.76564024424423,2.66832825839853,3.616,6.884570119238731,1.89873417721519,10.50057011923873,2.575054815054076,0.734929874994501,0.734929874994501,0.734929874994501,0.734929874994501,-0.09327344334445398,0.09327344334445398,0.0191119393612199,0.01132309121162,0.9992792906017216,True,True,True,True,FULL,FULL_direct_poly_rank_1
178,2.12,4.1575,13.69,12.965,12.965,17.833183532648366,1.2026458208057729,30.79818353264837,1.8070468059221405,12.965,17.05250522367609,1.2026458208057729,30.01750522367609,1.8400910993501567,-0.7806783089722771,0.7806783089722771,-0.7806783089722806,0.7806783089722806,0.03304429342801618,0.03304429342801618,0.0337018287856043,0.0194268997540955,0.9998195095574344,True,True,True,True,FULL,FULL_direct_poly_rank_1
179,0.48,1.5666666666666669,0.88,0.6386666666666666,0.6386666666666666,2.2710172374402005,3.191489361702127,2.909683904106867,5.11752583659357,0.6386666666666666,2.405365359001634,3.191489361702127,3.0440320256683004,4.982201705835282,0.1343481215614335,0.1343481215614335,0.1343481215614335,0.1343481215614335,-0.13532413075828842,0.13532413075828842,0.0029463341936546,0.0020883046314842,0.9995681523093292,True,True,True,True,FULL,FULL_direct_poly_rank_1
180,0.52,2.9225,5.54,4.727,4.727,2.527730037291942,1.710863986313088,7.254730037291942,6.676100463922199,4.727,2.324499822548031,1.710863986313088,7.051499822548031,7.511239043699971,-0.20323021474391112,0.20323021474391112,-0.20323021474391112,0.20323021474391112,0.8351385797777722,0.8351385797777722,0.0555117220743095,0.0260543684695071,0.9939246985115772,True,True,True,True,FULL,FULL_direct_poly_rank_1
181,0.9,3.925,17.84,14.94,14.94,13.029435602700998,1.2738853503184715,27.969435602700997,3.4621547532157915,14.94,11.635770754336509,1.2738853503184715,26.575770754336503,3.896218365441582,-1.3936648483644891,1.3936648483644891,-1.3936648483644944,1.3936648483644944,0.4340636122257906,0.4340636122257906,0.20625620967164,0.1105724378992348,0.9932257069430812,True,True,True,True,FULL,FULL_direct_poly_rank_1
182,0.22,1.49,0.66,0.4575,0.4575,0.5513217275318822,3.3557046979865772,1.0088217275318825,12.75282127395527,0.4575,0.5455580650937701,3.3557046979865772,1.0030580650937702,12.93681762620794,-0.005763662438112105,0.005763662438112105,-0.005763662438112327,0.005763662438112327,0.1839963522526702,0.1839963522526702,0.0008268405782539,0.0004922832725837,0.9999141215325976,True,True,True,True,FULL,FULL_direct_poly_rank_1
183,1.93,3.1,4.22,4.0145,4.0145,10.822557992923612,1.6129032258064515,14.837057992923611,2.064879723343122,4.0145,11.50716767991963,1.6129032258064515,15.52166767991963,2.033996872401595,0.6846096869960192,0.6846096869960192,0.6846096869960192,0.6846096869960192,-0.030882850941527096,0.030882850941527096,0.0103717355851751,0.0062915635602729,0.9998342544216644,True,True,True,True,FULL,FULL_direct_poly_rank_1
184,3.98,4.75,15.12,14.85,14.85,45.661479023586836,1.0526315789473684,60.51147902358684,1.247654255784918,14.85,44.943711824624216,1.0526315789473684,59.79371182462422,1.2512178217395742,-0.7177671989626191,0.7177671989626191,-0.7177671989626191,0.7177671989626191,0.0035635659546562337,0.0035635659546562337,0.0070430408378753,0.0038764156768508,0.9999934214396108,True,True,True,True,FULL,FULL_direct_poly_rank_1
185,0.13,1.5666666666666669,1.09,0.5446666666666667,0.5446666666666667,0.9576325699215577,3.191489361702127,1.5022992365882244,21.905585532286455,0.5446666666666667,0.9943503665070766,3.191489361702127,1.5390170331737434,20.201966385004617,0.03671779658551899,0.03671779658551899,0.03671779658551899,0.03671779658551899,-1.703619147281838,1.703619147281838,0.0069378506237393,0.004117540731068,0.9983865232870208,True,True,True,True,FULL,FULL_direct_poly_rank_1
186,0.28,2.1775,5.16,3.81425,3.81425,3.130431077528114,2.296211251435132,6.944681077528114,11.220553160809676,3.81425,3.00537356444956,2.296211251435132,6.81962356444956,12.038982791645886,-0.12505751307855384,0.12505751307855384,-0.12505751307855384,0.12505751307855384,0.81842963083621,0.81842963083621,0.0283723954329826,0.0146657333116943,0.998040100305791,True,True,True,True,FULL,FULL_direct_poly_rank_1
187,0.7,3.88,16.09,11.71,11.71,14.993697153202367,1.288659793814433,26.70369715320237,3.931657649182005,11.71,13.662878394071942,1.288659793814433,25.372878394071943,4.403248198364463,-1.330818759130425,1.330818759130425,-1.3308187591304268,1.3308187591304268,0.47159054918245813,0.47159054918245813,0.1714844402657271,0.1007060700111293,0.994024374966597,True,True,True,True,FULL,FULL_direct_poly_rank_1
188,1.1,2.06,0.64,0.593,0.593,1.513280437089641,2.4271844660194173,2.1062804370896413,3.268679989536249,0.593,1.6856263710082495,2.4271844660194173,2.2786263710082495,3.1695331635837674,0.17234593391860842,0.17234593391860842,0.1723459339186082,0.1723459339186082,-0.0991468259524817,0.0991468259524817,0.0029534651844744,0.0017864703703517,0.9993629986817304,True,True,True,True,FULL,FULL_direct_poly_rank_1
189,3.11,3.85,4.79,4.4285,4.4285,105.61771145632456,1.2987012987012987,110.04621145632456,1.3813754414682702,4.4285,84.08872357661436,1.2987012987012987,88.51722357661436,1.4051635008979697,-21.5289878797102,21.5289878797102,-21.5289878797102,21.5289878797102,0.023788059429699526,0.023788059429699526,0.0276887558873792,0.0158575629365846,0.9990129831880258,True,True,True,True,FULL,FULL_direct_poly_rank_1
190,2.95,4.833333333333333,17.57,15.660000000000002,15.660000000000002,133.5433516563727,1.0344827586206895,149.2033516563727,1.194201194728314,15.660000000000002,109.1084528975916,1.0344827586206895,124.7684528975916,1.2367152997142694,-24.434898758781088,24.434898758781088,-24.434898758781088,24.434898758781088,0.042514104985955425,0.042514104985955425,0.1402479448581174,0.0873277129125215,0.9981712578746608,True,True,True,True,FULL,FULL_direct_poly_rank_1
191,0.1,1.64,1.15,0.5823333333333333,0.5823333333333333,0.8468851223123651,3.048780487804878,1.4292184556456984,32.276683117014976,0.5823333333333333,0.9236198665178112,3.048780487804878,1.5059531998511444,25.876881373633303,0.07673474420544613,0.07673474420544613,0.07673474420544601,0.07673474420544601,-6.399801743381673,6.399801743381673,0.0173230620395869,0.0098050174993659,0.989882431508624,True,True,True,True,FULL,FULL_direct_poly_rank_1
192,0.26,2.06,5.06,2.78625,2.78625,5.537602820988881,2.4271844660194173,8.323852820988881,9.67711986223781,2.78625,5.279084467684375,2.4271844660194173,8.065334467684375,10.435967496203938,-0.2585183533045061,0.2585183533045061,-0.2585183533045061,0.2585183533045061,0.7588476339661288,0.7588476339661288,0.0350860723432787,0.0219813835619288,0.9980866889135436,True,True,True,True,FULL,FULL_direct_poly_rank_1
193,0.48,3.91,15.79,12.4225,12.4225,7.40432598861948,1.278772378516624,19.82682598861948,7.151633571136485,12.4225,7.274646053493562,1.278772378516624,19.69714605349356,7.37984863763933,-0.12967993512591747,0.12967993512591747,-0.12967993512591747,0.12967993512591747,0.22821506650284462,0.22821506650284462,0.0364583854905884,0.0174605444354582,0.999616549423736,True,True,True,True,FULL,FULL_direct_poly_rank_1
194,0.47,1.5599999999999998,0.9,0.6583333333333333,0.6583333333333333,2.1587521490528645,3.2051282051282053,2.8170854823861977,5.267358968714256,0.6583333333333333,2.263118933057122,3.2051282051282053,2.9214522663904554,5.146508927280083,0.1043667840042577,0.1043667840042577,0.1043667840042577,0.1043667840042577,-0.12085004143417333,0.12085004143417333,0.0025637132087812,0.0018021555577864,0.9996817019270554,True,True,True,True,FULL,FULL_direct_poly_rank_1
195,0.49,2.1875,5.79,4.2505,4.2505,7.336962282580967,2.2857142857142856,11.587462282580969,5.320972461121309,4.2505,6.686001506794054,2.2857142857142856,10.936501506794054,5.786248407079478,-0.6509607757869134,0.6509607757869134,-0.6509607757869151,0.6509607757869151,0.4652759459581688,0.4652759459581688,0.0507286640057923,0.0321153117279617,0.9964031087447026,True,True,True,True,FULL,FULL_direct_poly_rank_1
196,1.09,3.86,17.51,14.9375,14.9375,16.553387035413166,1.2953367875647668,31.490887035413166,2.8169440230151195,14.9375,14.572590275505693,1.2953367875647668,29.510090275505693,3.125212050535361,-1.9807967599074736,1.9807967599074736,-1.9807967599074736,1.9807967599074736,0.3082680275202416,0.3082680275202416,0.1962381672062584,0.1102590778833435,0.9944479348177306,True,True,True,True,FULL,FULL_direct_poly_rank_1
197,0.14,2.0725,0.99,0.65575,0.65575,0.5146811885872504,2.4125452352231607,1.1704311885872505,25.510159206488257,0.65575,0.556691525875868,2.4125452352231607,1.212441525875868,21.137274759084473,0.04201033728861758,0.04201033728861758,0.04201033728861758,0.04201033728861758,-4.372884447403784,4.372884447403784,0.0113849874224633,0.0058400873886001,0.9908008419053396,True,True,True,True,FULL,FULL_direct_poly_rank_1
198,0.4,2.9125,5.46,4.44825,4.44825,2.4337808805815433,1.7167381974248928,6.882030880581543,8.688241808193261,4.44825,2.3194792694192667,1.7167381974248928,6.767729269419267,9.43324658518678,-0.11430161116227655,0.11430161116227655,-0.11430161116227655,0.11430161116227655,0.7450047769935182,0.7450047769935182,0.0342912891393876,0.0158852870539333,0.9972502269188576,True,True,True,True,FULL,FULL_direct_poly_rank_1
199,2.66,4.3725000000000005,17.29,16.490000000000002,16.490000000000002,37.39926722177272,1.1435105774728416,53.88926722177272,1.504191322919805,16.490000000000002,35.13101236242923,1.1435105774728416,51.621012362429234,1.5317773256929297,-2.268254859343486,2.268254859343486,-2.268254859343486,2.268254859343486,0.02758600277312473,0.02758600277312473,0.0498621060262457,0.0298368321403805,0.9997710103679246,True,True,True,True,FULL,FULL_direct_poly_rank_1
200,1.09,1.85,0.51,0.452,0.452,3.5013968656521643,2.702702702702702,3.953396865652164,3.161464776235545,0.452,4.140450209754792,2.702702702702702,4.592450209754792,3.08216437807831,0.6390533441026274,0.6390533441026274,0.6390533441026278,0.6390533441026278,-0.07930039815723466,0.07930039815723466,0.0027066813095262,0.0017016935183432,0.9991767203624048,True,True,True,True,FULL,FULL_direct_poly_rank_1
201,4.54,28.00018033053748,3.73,3.372542584212134,3.372542584212134,0.9705608512144872,0.178570278511632,4.343103435426621,0.8969826858645201,3.372542584212134,0.8609730776269133,0.178570278511632,4.233515661839047,1.1279071710240929,-0.10958777358757388,0.10958777358757388,-0.10958777358757388,0.10958777358757388,0.23092448515957276,0.23092448515957276,0.0667548770023131,0.025165493664574,0.9792257998497242,True,True,True,True,FULL,FULL_direct_poly_rank_1
202,5.68,6.0,13.66,13.51,13.51,45.684267603740025,0.8333333333333334,59.19426760374002,0.9611956816495174,13.51,32.75305369061169,0.8333333333333334,46.26305369061168,1.023572248052744,-12.931213913128339,12.931213913128339,-12.931213913128346,12.931213913128346,0.06237656640322664,0.06237656640322664,0.1466190099906326,0.0772026522315254,0.996324232311674,True,True,True,True,FULL,FULL_direct_poly_rank_1
203,8.16,15.0,0.64,0.4826666666666666,0.4826666666666666,11.163229285157737,0.3333333333333333,11.645895951824402,0.3680224492093827,0.4826666666666666,21.082818429253777,0.3333333333333333,21.565485095920444,0.3508416124430124,9.91958914409604,9.91958914409604,9.919589144096042,9.919589144096042,-0.017180836766370333,0.017180836766370333,0.0082307189238267,0.0054134579190704,0.9960242243500936,True,True,True,True,FULL,FULL_direct_poly_rank_1
204,9.63,15.0,1.15,0.9263333333333332,0.9263333333333332,31.67109901569681,0.3333333333333333,32.59743234903014,0.356302565715436,0.9263333333333332,33.15378734103994,0.3333333333333333,34.08012067437327,0.3551901081399455,1.4826883253431262,1.4826883253431262,1.4826883253431262,1.4826883253431262,-0.0011124575754904997,0.0011124575754904997,0.0012969927389401,0.0008212327963882,0.9999726384382436,True,True,True,True,FULL,FULL_direct_poly_rank_1
205,8.17,15.0,1.67,1.391,1.391,14.757831874738754,0.3333333333333333,16.148831874738754,0.3859250855203011,1.391,16.652075238403363,0.3333333333333333,18.04307523840336,0.3792150834624659,1.894243363664609,1.894243363664609,1.8942433636646072,1.8942433636646072,-0.006710002057835174,0.006710002057835174,0.0064041580024582,0.0040978842226905,0.999568830248408,True,True,True,True,FULL,FULL_direct_poly_rank_1
206,7.68,15.0,2.36,1.9943333333333333,1.9943333333333333,14.016889640854824,0.3333333333333333,16.011222974188158,0.404258783461519,1.9943333333333333,15.82449428264016,0.3333333333333333,17.818827615973493,0.3950292225822913,1.8076046417853355,1.8076046417853355,1.8076046417853355,1.8076046417853355,-0.009229560879227716,0.009229560879227716,0.0101754621883655,0.0064978867971823,0.9994208618867128,True,True,True,True,FULL,FULL_direct_poly_rank_1
207,12.65,17.5,2.87,2.478,2.478,85.54466261294648,0.2857142857142857,88.02266261294648,0.3027127732951231,2.478,68.83537679011825,0.2857142857142857,71.31337679011824,0.3072860637316441,-16.709285822828235,16.709285822828235,-16.709285822828235,16.709285822828235,0.004573290436520994,0.004573290436520994,0.0164577261159065,0.0098737470009381,0.9992210212523676,True,True,True,True,FULL,FULL_direct_poly_rank_1
209,0.55,3.75,0.015,0.014,0.014,0.0024195869070291,1.3333333333333333,0.0164195869070291,8.395940887010124,0.014,0.0024890265131126,1.3333333333333333,0.0164890265131126,8.063504917190551,6.943960608349993e-05,6.943960608349993e-05,6.943960608350036e-05,6.943960608350036e-05,-0.33243596981957246,0.33243596981957246,4.359127671812263e-05,1.61203176636804e-05,0.999414525021824,True,True,True,True,FULL,FULL_direct_poly_rank_1
210,0.73,3.75,0.017,0.0155,0.0155,0.0049950016940742,1.3333333333333333,0.0204950016940742,5.436911505105911,0.0155,0.0047189919671618,1.3333333333333333,0.0202189919671618,5.848156414660862,-0.00027600972691239987,0.00027600972691239987,-0.000276009726912399,0.000276009726912399,0.4112449095549504,0.4112449095549504,0.0001051845060433,4.526886730388688e-05,0.9978170820520882,True,True,True,True,FULL,FULL_direct_poly_rank_1
211,0.73,3.75,0.031,0.0205,0.0205,0.0421170527109933,1.3333333333333333,0.0626170527109933,3.3538139443417307,0.0205,0.0381667342974061,1.3333333333333333,0.0586667342974061,3.7064748114147736,-0.0039503184135872005,0.0039503184135872005,-0.0039503184135872005,0.0039503184135872005,0.3526608670730429,0.3526608670730429,0.0003217358594051,0.0002108106078085,0.9952582465444264,True,True,True,True,FULL,FULL_direct_poly_rank_1
212,0.56,4.25,0.032,0.0305,0.0305,0.0032729190185453,1.1764705882352942,0.0337729190185453,9.217143579218789,0.0305,0.0037290603095197,1.1764705882352942,0.0342290603095197,7.817653266314851,0.00045614129097440014,0.00045614129097440014,0.00045614129097439754,0.00045614129097439754,-1.3994903129039376,1.3994903129039376,0.0003517312413808,0.0001209404156389,0.9910225547759938,True,True,True,True,FULL,FULL_direct_poly_rank_1
213,0.61,4.25,0.036,0.032,0.032,0.0097117896904809,1.1764705882352942,0.0417117896904809,6.613265489413038,0.032,0.0097148490433302,1.1764705882352942,0.0417148490433302,6.610075051805201,3.059352849299826e-06,3.059352849299826e-06,3.0593528492980915e-06,3.0593528492980915e-06,-0.0031904376078371044,0.0031904376078371044,1.2821373109992731e-06,5.31702292961185e-07,0.9999999108292048,True,True,True,True,FULL,FULL_direct_poly_rank_1
214,0.8,4.25,0.041,0.0365,0.0365,0.0146135447707714,1.1764705882352942,0.0511135447707714,4.687843076991533,0.0365,0.0138176229812557,1.1764705882352942,0.0503176229812557,5.0419246589762725,-0.0007959217895157009,0.0007959217895157009,-0.0007959217895157009,0.0007959217895157009,0.3540815819847394,0.3540815819847394,0.0002531585508052,0.0001138140036415,0.997770466600358,True,True,True,True,FULL,FULL_direct_poly_rank_1
215,0.85,4.25,0.053,0.0412499999999999,0.0412499999999999,0.0449535990108785,1.1764705882352942,0.0862035990108784,3.4008265344224067,0.0412499999999999,0.0408340252062092,1.1764705882352942,0.0820840252062091,3.790991174788098,-0.004119573804669305,0.004119573804669305,-0.004119573804669305,0.004119573804669305,0.39016464036569154,0.39016464036569154,0.000548178144366,0.0003109614651605,0.9943095880115288,True,True,True,True,FULL,FULL_direct_poly_rank_1
216,1.18,4.75,0.072,0.06875,0.06875,0.0144953537063408,1.0526315789473684,0.0832453537063408,3.803418428356459,0.06875,0.0145700879034667,1.0526315789473684,0.0833200879034667,3.7848589329888336,7.473419712589885e-05,7.473419712589885e-05,7.473419712590579e-05,7.473419712590579e-05,-0.018559495367625356,0.018559495367625356,3.214141312038944e-05,1.3795063954879852e-05,0.9999904718262492,True,True,True,True,FULL,FULL_direct_poly_rank_1
217,1.07,4.75,0.082,0.07425,0.07425,0.0316745022212473,1.0526315789473684,0.1059245022212473,3.494012368300583,0.07425,0.0297342592437721,1.0526315789473684,0.1039842592437721,3.74517892519012,-0.0019402429774751997,0.0019402429774751997,-0.0019402429774752067,0.0019402429774752067,0.25116655688953715,0.25116655688953715,0.0005210441200802,0.0002435313180147,0.9979269151983527,True,True,True,True,FULL,FULL_direct_poly_rank_1
218,0.99,4.75,0.091,0.0815,0.0815,0.0350845623553453,1.0526315789473684,0.1165845623553453,3.740061038065954,0.0815,0.0331165248392226,1.0526315789473684,0.1146165248392226,4.002024007336916,-0.001968037516122699,0.001968037516122699,-0.001968037516122692,0.001968037516122692,0.26196296927096263,0.26196296927096263,0.0005467453013407,0.0002540097730347,0.9980372547897256,True,True,True,True,FULL,FULL_direct_poly_rank_1
219,1.33,4.75,0.123,0.109,0.109,0.0845437839006371,1.0526315789473684,0.1935437839006371,2.512415047002486,0.109,0.0761041683553839,1.0526315789473684,0.1851041683553839,2.751270402157897,-0.008439615545253201,0.008439615545253201,-0.008439615545253187,0.008439615545253187,0.2388553551554109,0.2388553551554109,0.0011618763246596,0.0006137898196709,0.9960553212611548,True,True,True,True,FULL,FULL_direct_poly_rank_1
220,0.57,3.0,0.057,0.045,0.045,0.0423378142666348,1.6666666666666667,0.0873378142666348,5.252909248352316,0.045,0.038081175348002,1.6666666666666667,0.083081175348002,5.9937076761473485,-0.004256638918632802,0.004256638918632802,-0.004256638918632802,0.004256638918632802,0.7407984277950321,0.7407984277950321,0.0006934256610097,0.0003750189356597,0.9917724146861908,True,True,True,True,FULL,FULL_direct_poly_rank_1
221,0.74,3.0,0.052,0.0426666666666666,0.0426666666666666,0.0483380999196384,1.6666666666666667,0.091004766586305,3.990648101805694,0.0426666666666666,0.042599155272201,1.6666666666666667,0.0852658219388677,4.489098674896503,-0.005738944647437405,0.005738944647437405,-0.005738944647437308,0.005738944647437308,0.49845057309080953,0.49845057309080953,0.000631174810586,0.0003576329891282,0.9929288855281672,True,True,True,True,FULL,FULL_direct_poly_rank_1
222,1.17,3.75,0.042,0.037,0.037,0.0379972465016185,1.3333333333333333,0.0749972465016185,2.7555455668379523,0.037,0.0335520153854114,1.3333333333333333,0.0705520153854114,3.024164181727046,-0.0044452311162071,0.0044452311162071,-0.0044452311162070934,0.0044452311162070934,0.2686186148890939,0.2686186148890939,0.0004340260203297,0.0002399231453351,0.9955992798064984,True,True,True,True,FULL,FULL_direct_poly_rank_1
223,2.7,4.333333333333333,0.036,0.0356666666666666,0.0356666666666666,0.012315781767816,1.153846153846154,0.0479824484344826,2.0063850757344786,0.0356666666666666,0.0216166086349109,1.153846153846154,0.0572832753015775,1.6729762446618093,0.009300826867094901,0.009300826867094901,0.009300826867094901,0.009300826867094901,-0.3334088310726693,0.3334088310726693,0.0007834354765083,0.0004441070359373,0.987308403703818,True,True,True,True,FULL,FULL_direct_poly_rank_1
224,0.75,3.5,0.022,0.02125,0.02125,0.0026705992767688,1.4285714285714286,0.0239205992767688,6.637578410976577,0.02125,0.0027616730795354,1.4285714285714286,0.0240116730795354,6.411417225604969,9.107380276659983e-05,9.107380276659983e-05,9.107380276660026e-05,9.107380276660026e-05,-0.22616118537160812,0.22616118537160812,6.396687141058252e-05,2.4622918737490923e-05,0.9995442309054732,True,True,True,True,FULL,FULL_direct_poly_rank_1
225,1.15,3.5,0.021,0.02,0.02,0.0073958891535081,1.4285714285714286,0.0273958891535081,3.6113543932907137,0.02,0.007184212940181,1.4285714285714286,0.027184212940181,3.691500105641758,-0.00021167621332709996,0.00021167621332709996,-0.00021167621332710343,0.00021167621332710343,0.08014571235104428,0.08014571235104428,4.810277064348072e-05,2.3365642729590003e-05,0.9997962863007518,True,True,True,True,FULL,FULL_direct_poly_rank_1
226,1.1,3.5,0.02,0.01925,0.01925,0.004956977641193,1.4285714285714286,0.024206977641193,4.054827267846036,0.01925,0.004999625578576,1.4285714285714286,0.024249625578576,4.0280872887428725,4.264793738300004e-05,4.264793738300004e-05,4.2647937383000906e-05,4.2647937383000906e-05,-0.026739979103163947,0.026739979103163947,1.3328917979386431e-05,6.179501748554087e-06,0.9999821089557752,True,True,True,True,FULL,FULL_direct_poly_rank_1
227,1.25,3.5,0.019,0.01875,0.01875,0.0019847706438796,1.4285714285714286,0.0207347706438796,4.418502888206739,0.01875,0.0027425625407075,1.4285714285714286,0.0214925625407075,3.7031969060233143,0.0007577918968279,0.0007577918968279,0.0007577918968279009,0.0007577918968279009,-0.7153059821834251,0.7153059821834251,0.0003386756063703,0.0001537698955179,0.9876686258524724,True,True,True,True,FULL,FULL_direct_poly_rank_1
228,0.7,3.0,0.059,0.0456666666666666,0.0456666666666666,0.0656740182268081,1.6666666666666667,0.1113406848934747,3.9285722676402535,0.0456666666666666,0.0581182293336063,1.6666666666666667,0.1037848960002729,4.401500084001875,-0.007555788893201798,0.007555788893201798,-0.007555788893201812,0.007555788893201812,0.47292781636162173,0.47292781636162173,0.0006961559325329,0.0004174955646506,0.9933047190425688,True,True,True,True,FULL,FULL_direct_poly_rank_1
229,0.8,3.75,0.039,0.03775,0.03775,0.0044128695173391,1.3333333333333333,0.0421628695173391,6.31959788609588,0.03775,0.0046395009332746,1.3333333333333333,0.0423895009332746,6.007738627865819,0.00022663141593550016,0.00022663141593550016,0.0002266314159354993,0.0002266314159354993,-0.31185925823006144,0.31185925823006144,0.0001646268167185,6.295500128931319e-05,0.9990336562761992,True,True,True,True,FULL,FULL_direct_poly_rank_1
230,1.1,3.75,0.031,0.03025,0.03025,0.004226216061608,1.3333333333333333,0.034476216061608,4.574641618565765,0.03025,0.0046408956914982,1.3333333333333333,0.0348908956914982,4.2633774921826975,0.00041467962989020016,0.00041467962989020016,0.0004146796298901967,0.0004146796298901967,-0.3112641263830671,0.3112641263830671,0.0002086567547459,8.987918646109306e-05,0.9980391920950992,True,True,True,True,FULL,FULL_direct_poly_rank_1
234,0.99,3.0,0.523,0.4803333333333333,0.4803333333333333,0.3422582854093307,1.6666666666666667,0.822591618742664,3.6102895519762694,0.4803333333333333,0.313049477029124,1.6666666666666667,0.7933828103624573,3.8552634571184985,-0.029208808380206674,0.029208808380206674,-0.029208808380206674,0.029208808380206674,0.24497390514222905,0.24497390514222905,0.0037579877754672,0.0019771066739479,0.9979828309418136,True,True,True,True,FULL,FULL_direct_poly_rank_1
235,1.49,3.0,0.929,0.87,0.87,1.3911680147990315,1.6666666666666667,2.261168014799032,2.4688599946843404,0.87,1.388622673228595,1.6666666666666667,2.258622673228595,2.4706052007318053,-0.002545341570436621,0.002545341570436621,-0.002545341570436843,0.002545341570436843,0.0017452060474649755,0.0017452060474649755,8.942696391716921e-05,5.224628643754503e-05,0.9999997173881328,True,True,True,True,FULL,FULL_direct_poly_rank_1
236,2.48,3.5,1.278,1.2245,1.2245,4.974718816480315,1.4285714285714286,6.199218816480315,1.7047169871616714,1.2245,5.090805324325719,1.4285714285714286,6.315305324325719,1.697492707246986,0.11608650784540409,0.11608650784540409,0.11608650784540409,0.11608650784540409,-0.007224279914685328,0.007224279914685328,0.000977933485459,0.0005734094072934,0.9999829370859856,True,True,True,True,FULL,FULL_direct_poly_rank_1
238,1.16,3.0,0.606,0.5299999999999999,0.5299999999999999,0.9995028593983644,1.6666666666666667,1.5295028593983642,2.6762963684092975,0.5299999999999999,0.906151813143292,1.6666666666666667,1.436151813143292,2.8110167633176117,-0.0933510462550724,0.0933510462550724,-0.09335104625507218,0.09335104625507218,0.13472039490831422,0.13472039490831422,0.0038096800832316,0.0022766085162651,0.998564600981156,True,True,True,True,FULL,FULL_direct_poly_rank_1
239,2.0,3.5,0.785,0.745,0.745,1.4880839300345443,1.4285714285714286,2.2330839300345446,1.9471028822830023,0.745,1.4999634961418056,1.4285714285714286,2.2449634961418057,1.9423081093333971,0.011879566107261263,0.011879566107261263,0.011879566107261041,0.011879566107261041,-0.004794772949605175,0.004794772949605175,0.000288944948837,0.0001717902399534,0.9999961608942972,True,True,True,True,FULL,FULL_direct_poly_rank_1
240,1.84,3.0,1.067,0.9266666666666667,0.9266666666666667,11.34965538746409,1.6666666666666667,12.276322054130755,1.8769974838423913,0.9266666666666667,11.45257991358299,1.6666666666666667,12.379246580249658,1.874866301754571,0.10292452611890113,0.10292452611890113,0.1029245261189029,0.1029245261189029,-0.0021311820878202603,0.0021311820878202603,0.0003040148006893,0.0001919651236299,0.9999977354088324,True,True,True,True,FULL,FULL_direct_poly_rank_1
241,2.5,3.5,1.53,1.435,1.435,11.191062390354295,1.4285714285714286,12.626062390354296,1.6206039521105755,1.435,10.398382649068502,1.4285714285714286,11.833382649068502,1.6374654457361877,-0.7926797412857933,0.7926797412857933,-0.7926797412857933,0.7926797412857933,0.01686149362561218,0.01686149362561218,0.0035240411042405,0.0020850034852084,0.9998404363170172,True,True,True,True,FULL,FULL_direct_poly_rank_1
242,1.28,13.0,0.381,0.236,0.236,0.2798827945510767,0.3846153846153846,0.5158827945510767,2.332154177278262,0.236,0.2728471725162705,0.3846153846153846,0.5088471725162705,2.4622678012147587,-0.007035622034806177,0.007035622034806177,-0.007035622034806122,0.007035622034806122,0.13011362393649684,0.13011362393649684,0.0015464175207387,0.0008401163095908,0.9991094911704756,True,True,True,True,FULL,FULL_direct_poly_rank_1
243,1.94,13.0,1.479,1.139,1.139,0.9051763320711632,0.3846153846153846,2.0441763320711632,1.6142343389282214,1.139,0.9058592899099652,0.3846153846153846,2.044859289909965,1.6125389460354709,0.0006829578388020119,0.0006829578388020119,0.0006829578388019009,0.0006829578388019009,-0.001695392892750558,0.001695392892750558,0.0001277303221654,6.921363974244255e-05,0.9999995307465158,True,True,True,True,FULL,FULL_direct_poly_rank_1
244,2.29,13.0,30.401,2.493,2.493,191.4872115140508,0.3846153846153846,193.9802115140508,0.5794840127037909,2.493,183.89694081884295,0.3846153846153846,186.38994081884297,0.5896020839215711,-7.590270695207863,7.590270695207863,-7.590270695207835,7.590270695207835,0.010118071217780189,0.010118071217780189,0.1078966519122896,0.0907794669325503,0.999871083441277,True,True,True,True,FULL,FULL_direct_poly_rank_1
245,3.95,13.0,5.488,4.171,4.171,11.473466241634494,0.3846153846153846,15.644466241634497,0.6512771868667829,4.171,13.389766165886698,0.3846153846153846,17.560766165886697,0.6043300544240666,1.916299924252204,1.916299924252204,1.9162999242522005,1.9162999242522005,-0.04694713244271631,0.04694713244271631,0.0484051509587616,0.0337211282805375,0.9968572322006424,True,True,True,True,FULL,FULL_direct_poly_rank_1
246,0.34,13.0,0.306,0.104,0.104,0.238125551076079,0.3846153846153846,0.342125551076079,11.465962069935722,0.104,0.2420043775352136,0.3846153846153846,0.3460043775352136,10.32493033476378,0.0038788264591345933,0.0038788264591345933,0.003878826459134621,0.003878826459134621,-1.1410317351719428,1.1410317351719428,0.001188121187797,0.0005926539692632,0.9995073481228052,True,True,True,True,FULL,FULL_direct_poly_rank_1
247,0.55,13.0,1.422,0.768,0.768,0.854926430267495,0.3846153846153846,1.622926430267495,6.829794290098721,0.768,0.8828392738423381,0.3846153846153846,1.650839273842338,6.01116263828451,0.027912843574843027,0.027912843574843027,0.027912843574843027,0.027912843574843027,-0.8186316518142105,0.8186316518142105,0.0089060411068424,0.004288853827449,0.9979007453000344,True,True,True,True,FULL,FULL_direct_poly_rank_1
248,1.07,13.0,2.417,1.547,1.547,1.4889207977309928,0.3846153846153846,3.0359207977309928,3.0462519251595546,1.547,1.477971336449395,0.3846153846153846,3.024971336449395,3.102915539261836,-0.010949461281597905,0.010949461281597905,-0.010949461281597905,0.010949461281597905,0.05666361410228138,0.05666361410228138,0.0029631078880627,0.0014971698907147,0.9999078325740042,True,True,True,True,FULL,FULL_direct_poly_rank_1
249,1.08,13.0,4.482,3.316,3.316,1.9761134955053168,0.3846153846153846,5.292113495505316,3.3738748448845737,3.316,2.035065946163747,0.3846153846153846,5.351065946163747,3.154721518227053,0.05895245065843002,0.05895245065843002,0.058952450658430244,0.058952450658430244,-0.21915332665752052,0.21915332665752052,0.0187742514037978,0.0087749951041083,0.9986120819579128,True,True,True,True,FULL,FULL_direct_poly_rank_1
250,0.1,15.0,0.367,0.136,0.136,0.2402542971419538,0.3333333333333333,0.3762542971419538,56.09759499434641,0.136,0.2807310934259562,0.3333333333333333,0.4167310934259562,23.3045710461153,0.040476796284002414,0.040476796284002414,0.040476796284002414,0.040476796284002414,-32.79302394823111,32.79302394823111,0.0108683146337002,0.0061482870781133,0.9632963880331952,True,True,True,True,FULL,FULL_direct_poly_rank_1
251,0.67,15.0,1.297,0.843,0.843,0.5998183417647385,0.3333333333333333,1.4428183417647384,6.0080454699914485,0.843,0.5871256577347614,0.3333333333333333,1.4301256577347614,6.742562035882732,-0.01269268402997703,0.01269268402997703,-0.01269268402997703,0.01269268402997703,0.7345165658912833,0.7345165658912833,0.0063586052279211,0.0023383345028635,0.9982345326557628,True,True,True,True,FULL,FULL_direct_poly_rank_1
252,0.78,15.0,3.232,2.23,2.23,1.3862854300913423,0.3333333333333333,3.6162854300913425,5.115435733153055,2.23,1.3506983155073482,0.3333333333333333,3.580698315507348,5.779582469001867,-0.035587114583994106,0.035587114583994106,-0.03558711458399433,0.03558711458399433,0.6641467358488118,0.6641467358488118,0.0183128058045113,0.0066556234141677,0.997436962993675,True,True,True,True,FULL,FULL_direct_poly_rank_1
253,2.08,15.0,4.233,3.386,3.386,2.0681407318693763,0.3333333333333333,5.454140731869376,1.6219591173534793,3.386,1.9490837169288353,0.3333333333333333,5.335083716928835,1.7956915906498896,-0.119057014940541,0.119057014940541,-0.119057014940541,0.119057014940541,0.17373247329641028,0.17373247329641028,0.0334200524105047,0.0158258959138853,0.995745026881413,True,True,True,True,FULL,FULL_direct_poly_rank_1
254,0.42,15.0,0.464,0.223,0.223,0.286841251907236,0.3333333333333333,0.509841251907236,9.785018691865965,0.223,0.2822183695028627,0.3333333333333333,0.5052183695028627,11.321609895740025,-0.004622882404373252,0.004622882404373252,-0.004622882404373252,0.004622882404373252,1.5365912038740603,1.5365912038740603,0.0019612495983358,0.0007887370436176,0.9991472864967764,True,True,True,True,FULL,FULL_direct_poly_rank_1
255,1.34,15.0,1.532,0.812,0.812,1.3202731944591186,0.3333333333333333,2.1322731944591187,2.118955632610797,0.812,1.185384462539098,0.3333333333333333,1.997384462539098,2.9497213876348427,-0.1348887319200207,0.1348887319200207,-0.1348887319200207,0.1348887319200207,0.8307657550240459,0.8307657550240459,0.0365712079432276,0.01822769311637,0.9756908149522724,True,True,True,True,FULL,FULL_direct_poly_rank_1
256,1.56,15.0,2.845,1.821,1.821,2.049502462074934,0.3333333333333333,3.870502462074933,1.917214666999875,1.821,1.869101610807901,0.3333333333333333,3.690101610807901,2.4006304344493503,-0.18040085126703276,0.18040085126703276,-0.1804008512670321,0.1804008512670321,0.48341576744947523,0.48341576744947523,0.0474309720718473,0.0236742620250828,0.9843961492308406,True,True,True,True,FULL,FULL_direct_poly_rank_1
257,1.9,15.0,4.37,3.015,3.015,3.1599174946212627,0.3333333333333333,6.174917494621263,1.5540138559861083,3.015,2.9205885953636685,0.3333333333333333,5.935588595363669,1.796925179437704,-0.23932889925759415,0.23932889925759415,-0.23932889925759415,0.23932889925759415,0.2429113234515956,0.2429113234515956,0.051015582895464,0.0270244278289837,0.9920067464113904,True,True,True,True,FULL,FULL_direct_poly_rank_1
258,2.09,15.0,55.263,3.813,3.813,190.18212243089908,0.3333333333333333,193.99512243089907,0.7174733228095233,3.813,161.2835252175409,0.3333333333333333,165.0965252175409,0.833682571791224,-28.898597213358187,28.898597213358187,-28.898597213358187,28.898597213358187,0.11620924898170071,0.11620924898170071,1.4069317175387637,1.081513823511647,0.9932544043765336,True,True,True,True,FULL,FULL_direct_poly_rank_1
284,0.27,1.6652089623887931,2.655,1.3036485066778338,1.3036485066778338,4.61028992899217,3.002626164602998,5.913938435670004,7.913618795998358,1.3036485066778338,4.49990899477899,3.002626164602998,5.803557501456824,8.113762940453693,-0.11038093421317985,0.11038093421317985,-0.11038093421317985,0.11038093421317985,0.20014414445533468,0.20014414445533468,0.0075444725439923,0.0054317252940417,0.999757062053432,True,True,True,True,FULL,FULL_direct_poly_rank_1
285,0.5,3.083720300719987,2.417,0.6555920235894309,0.6555920235894309,7.127781251237852,1.621418128885619,7.783373274827283,3.420782268328867,0.6555920235894309,6.278606201836842,1.621418128885619,6.9341982254262735,3.8143942042894103,-0.8491750494010093,0.8491750494010093,-0.8491750494010093,0.8491750494010093,0.3936119359605432,0.3936119359605432,0.0383131731252761,0.0296273669800715,0.9959079937568284,True,True,True,True,FULL,FULL_direct_poly_rank_1
286,0.88,5.4273477292671775,5.477,2.848434309388562,2.848434309388562,8.806082929225237,0.9212603005031926,11.6545172386138,2.5046228694450243,2.848434309388562,8.394342073165424,0.9212603005031926,11.242776382553986,2.638205918910548,-0.41174085605981325,0.41174085605981325,-0.41174085605981325,0.41174085605981325,0.13358304946552346,0.13358304946552346,0.0311666677643386,0.0219124798981267,0.9989393581424104,True,True,True,True,FULL,FULL_direct_poly_rank_1
287,0.29,1.7885577744175924,3.214,1.959240530267265,1.959240530267265,3.9894927128527247,2.7955484980786536,5.94873324311999,8.412171305906568,1.959240530267265,3.807260318905444,2.7955484980786536,5.766500849172709,8.890404657974385,-0.18223239394728052,0.18223239394728052,-0.18223239394728097,0.18223239394728097,0.47823335206781614,0.47823335206781614,0.0176611424291421,0.011623563901744,0.9987235129838576,True,True,True,True,FULL,FULL_direct_poly_rank_1
288,0.44,2.7136738646335887,3.179,1.959240530267265,1.959240530267265,3.8637545585443656,1.8425206010063853,5.822995088811631,5.589277438658442,1.959240530267265,3.5331047674418476,1.8425206010063853,5.492345297709113,6.251665868846188,-0.3306497911025179,0.3306497911025179,-0.3306497911025179,0.3306497911025179,0.6623884301877458,0.6623884301877458,0.0350176891910847,0.0224408129456671,0.9947763401199706,True,True,True,True,FULL,FULL_direct_poly_rank_1
289,0.44,2.7136738646335887,5.856,2.848434309388562,2.848434309388562,10.290924987900752,1.8425206010063853,13.139359297289314,4.832563228905287,2.848434309388562,9.4154542991636,1.8425206010063853,12.26388860855216,5.324626597323329,-0.8754706887371526,0.8754706887371526,-0.8754706887371544,0.8754706887371544,0.49206336841804177,0.49206336841804177,0.0641061094031311,0.0454174435427115,0.9964427470650588,True,True,True,True,FULL,FULL_direct_poly_rank_1
291,0.42,2.590325052604789,4.293,1.959240530267265,1.959240530267265,8.144262348078403,1.9302596772447849,10.103502878345669,4.906645401620717,1.959240530267265,7.466049596290378,1.9302596772447849,9.425290126557645,5.376876512611225,-0.678212751788025,0.678212751788025,-0.6782127517880241,0.6782127517880241,0.4702311109905075,0.4702311109905075,0.0459356881538556,0.0331272948730027,0.9968865814053418,True,True,True,True,FULL,FULL_direct_poly_rank_1
292,0.27,1.6652089623887931,1.816,0.6555920235894309,0.6555920235894309,4.340373544875488,3.002626164602998,4.99596556846492,6.93036783035678,0.6555920235894309,4.237549543973373,3.002626164602998,4.893141567562804,7.080286545062288,-0.10282400090211574,0.10282400090211574,-0.10282400090211574,0.10282400090211574,0.14991871470550766,0.14991871470550766,0.0051828129864435,0.0039476163046072,0.9998312004057563,True,True,True,True,FULL,FULL_direct_poly_rank_1
293,0.55,3.392092330791986,3.752,1.3488617496840016,1.3488617496840016,8.999404803617814,1.4740164808051082,10.348266553301816,3.397073578572742,1.3488617496840016,8.103704431571764,1.4740164808051082,9.452566181255763,3.7537167892277656,-0.8957003720460506,0.8957003720460506,-0.8957003720460524,0.8957003720460524,0.3566432106550237,0.3566432106550237,0.0490015214141881,0.0368268985678251,0.99647990095981,True,True,True,True,FULL,FULL_direct_poly_rank_1
295,1.2,7.400928721727968,0.0307,0.0217962758401608,0.0217962758401608,0.0268208917452208,0.6755908870356747,0.0486171675853816,2.3157906832156443,0.0217962758401608,0.02702796518077,0.6755908870356747,0.0488242410209308,2.2943053869714127,0.00020707343554919946,0.00020707343554919946,0.00020707343554920293,0.00020707343554920293,-0.021485296244231566,0.021485296244231566,2.5821849930814096e-05,1.5739934263061563e-05,0.9999618093767229,True,True,True,True,FULL,FULL_direct_poly_rank_1
296,2.0,12.334881202879949,0.131,0.0508579769603752,0.0508579769603752,0.2935284290129898,0.4053545322214048,0.344386405973365,0.9614433155844516,0.0508579769603752,0.3077867872607701,0.4053545322214048,0.3586447642211453,0.922434664209254,0.014258358247780267,0.014258358247780267,0.014258358247780267,0.014258358247780267,-0.0390086513751976,0.0390086513751976,0.000711549290184,0.0005427584057946,0.9993402059187644,True,True,True,True,FULL,FULL_direct_poly_rank_1
297,1.8,11.101393082591954,0.046,0.0145308505601072,0.0145308505601072,0.1222071066849876,0.4503939246904497,0.1367379572450948,0.9937795159488002,0.0145308505601072,0.1265639820832997,0.4503939246904497,0.1410948326434069,0.9660180785329392,0.004356875398312088,0.004356875398312088,0.004356875398312088,0.004356875398312088,-0.027761437415861012,0.027761437415861012,0.0001868578510938,0.0001454487819037,0.9996976705202778,True,True,True,True,FULL,FULL_direct_poly_rank_1
302,0.75,4.625580451079981,0.055,0.0153092991217785,0.0153092991217785,0.1595143577214117,1.080945419257079,0.1748236568431902,2.2969478423570417,0.0153092991217785,0.1430513049738556,1.080945419257079,0.1583606040956341,2.521232479577736,-0.016463052747556106,0.016463052747556106,-0.016463052747556106,0.016463052747556106,0.22428463722069436,0.22428463722069436,0.0007426197435313,0.0005743280182749,0.9969756690296504,True,True,True,True,FULL,FULL_direct_poly_rank_1
303,0.91,5.612370947310377,0.041,0.0153092991217785,0.0153092991217785,0.0951653865132687,0.8908890818052851,0.1104746856350472,2.0818876302589207,0.0153092991217785,0.0898087413029935,0.8908890818052851,0.105118040424772,2.197265960264409,-0.005356645210275193,0.005356645210275193,-0.005356645210275193,0.005356645210275193,0.11537833000548847,0.11537833000548847,0.0002878599716296,0.0002170366709242,0.9989425791726576,True,True,True,True,FULL,FULL_direct_poly_rank_1
304,1.87,11.533113924692753,0.046,0.0153092991217785,0.0153092991217785,0.1174680513670647,0.4335342590603259,0.1327773504888432,0.9728764088168116,0.0153092991217785,0.122371318396985,0.4335342590603259,0.1376806175187635,0.9406949683086828,0.004903267029920291,0.004903267029920291,0.004903267029920305,0.004903267029920305,-0.03218144050812877,0.03218144050812877,0.0002173879224738,0.0001685261854339,0.9995716573430228,True,True,True,True,FULL,FULL_direct_poly_rank_1
305,2.17,13.383346105124744,0.042,0.0153092991217785,0.0153092991217785,0.0995579974430193,0.373598647208668,0.1148672965647978,0.8653228395367738,0.0153092991217785,0.1045943496581563,0.373598647208668,0.1199036487799348,0.8298182812095821,0.005036352215136999,0.005036352215136999,0.005036352215136999,0.005036352215136999,-0.03550455832719168,0.03550455832719168,0.0002379012035422,0.0001828973501348,0.999328594579964,True,True,True,True,FULL,FULL_direct_poly_rank_1
311,1.45,8.942788872087963,1.14,0.7935883525311068,0.7935883525311068,1.051107361858608,0.5591096996157306,1.844695714389715,1.879665749713435,0.7935883525311068,1.0822855959004904,0.5591096996157306,1.8758739484315972,1.8163458224509808,0.03117823404188247,0.03117823404188247,0.031178234041882247,0.031178234041882247,-0.06331992726245428,0.06331992726245428,0.0035743242545895,0.0022369546022656,0.9994846247033864,True,True,True,True,FULL,FULL_direct_poly_rank_1
314,1.8,11.101393082591954,3.8,2.3726672172613705,2.3726672172613705,4.501119428750482,0.4503939246904497,6.873786646011853,1.379736428464202,2.3726672172613705,4.658460072817711,0.4503939246904497,7.031127290079081,1.3283887413542743,0.15734064406722847,0.15734064406722847,0.15734064406722847,0.15734064406722847,-0.05134768710992765,0.05134768710992765,0.0142180713667187,0.0095455918260197,0.9993841096836108,True,True,True,True,FULL,FULL_direct_poly_rank_1
316,1.1,6.784184661583972,1.23,0.5909609098097346,0.5909609098097346,2.195000047586552,0.7370082404025541,2.7859609573962865,1.920963652491806,0.5909609098097346,2.16453316732111,0.7370082404025541,2.7554940771308445,1.9482877541986376,-0.030466880265441976,0.030466880265441976,-0.030466880265441976,0.030466880265441976,0.02732410170683175,0.02732410170683175,0.0020055747795564,0.0014557194456501,0.9999224430074144,True,True,True,True,FULL,FULL_direct_poly_rank_1
317,0.75,4.625580451079981,0.94,0.7727950359050375,0.7727950359050375,0.4751593936736535,1.080945419257079,1.247954429578691,4.459377299507828,0.7727950359050375,0.4536879918198151,1.080945419257079,1.2264830277248526,4.762084119784789,-0.02147140185383839,0.02147140185383839,-0.021471401853838445,0.021471401853838445,0.3027068202769607,0.3027068202769607,0.0050969461887983,0.0025181331797768,0.9981388669694724,True,True,True,True,FULL,FULL_direct_poly_rank_1
320,1.3,8.017672781871967,3.7,1.9806931592524069,1.9806931592524069,5.70674005649928,0.6236223572636995,7.687433215751687,1.723838260148718,1.9806931592524069,5.7929378226365476,0.6236223572636995,7.773630981888955,1.6971824449812791,0.0861977661372677,0.0861977661372677,0.0861977661372677,0.0861977661372677,-0.02665581516743898,0.02665581516743898,0.0062749209048373,0.0044535067435675,0.9999015103412432,True,True,True,True,FULL,FULL_direct_poly_rank_1
321,1.5,9.25116090215996,2.94,0.5553062574145964,0.5553062574145964,10.568278952724356,0.5404727096285398,11.123585210138952,1.04691166819964,0.5553062574145964,10.14020764391623,0.5404727096285398,10.695513901330829,1.0779766710554797,-0.42807130880812494,0.42807130880812494,-0.42807130880812316,0.42807130880812316,0.031065002855839685,0.031065002855839685,0.0143125350998667,0.0114227988940755,0.9996860164370972,True,True,True,True,FULL,FULL_direct_poly_rank_1
322,1.7,10.484649022447956,1.47,1.1106125148291928,1.1106125148291928,1.0572811334663703,0.4768876849663586,2.1678936482955633,1.7502458150213789,1.1106125148291928,1.0959837794774336,0.4768876849663586,2.2065962943066264,1.6756182101204895,0.038702646011063324,0.038702646011063324,0.0387026460110631,0.0387026460110631,-0.07462760490088938,0.07462760490088938,0.0055421994822117,0.0032307447582724,0.9991666055938858,True,True,True,True,FULL,FULL_direct_poly_rank_1
323,1.7,10.484649022447956,7.35,2.2212250296583855,2.2212250296583855,20.160376750419932,0.4768876849663586,22.381601780078316,1.0379375597762583,2.2212250296583855,20.69243861433897,0.4768876849663586,22.913663643997353,1.0165384351419635,0.5320618639190364,0.5320618639190364,0.5320618639190364,0.5320618639190364,-0.02139912463429483,0.02139912463429483,0.0222944645767356,0.0174014472200189,0.9998374752489922,True,True,True,True,FULL,FULL_direct_poly_rank_1
327,0.1,0.6167440601439975,0.08,0.0796743371481683,0.0796743371481683,0.0008090983306987,8.107090644428094,0.080483435478867,77.68977402204777,0.0796743371481683,0.0088237431853316,8.107090644428094,0.0884980803334999,32.02917348002279,0.008014644854632899,0.008014644854632899,0.008014644854632907,0.008014644854632907,-45.66060054202498,45.66060054202498,0.0047718496847923,0.0017648168641629,0.7382395587761121,True,True,True,True,FULL,FULL_direct_poly_rank_1
329,1.2,7.400928721727968,0.024,0.0202072594216368,0.0202072594216368,0.010665146237602,0.6755908870356747,0.0308724056592388,2.9023919692701785,0.0202072594216368,0.0110529776657914,0.6755908870356747,0.0312602370874282,2.7736013610106984,0.00038783142818940054,0.00038783142818940054,0.0003878314281893988,0.0003878314281893988,-0.12879060825948008,0.12879060825948008,8.791453928650025e-05,4.408757826179003e-05,0.9991401910443504,True,True,True,True,FULL,FULL_direct_poly_rank_1
330,1.1,6.784184661583972,0.025,0.0202072594216368,0.0202072594216368,0.0137190748784508,0.7370082404025541,0.0339263343000876,2.9611290302817843,0.0202072594216368,0.0138514038481777,0.7370082404025541,0.0340586632698145,2.92461468771431,0.00013232896972690047,0.00013232896972690047,0.000132328969726897,0.000132328969726897,-0.03651434256747432,0.03651434256747432,2.5730964470281e-05,1.3565958736013218e-05,0.9999336994481404,True,True,True,True,FULL,FULL_direct_poly_rank_1
331,1.25,7.709300751799968,0.047,0.0398371685740841,0.0398371685740841,0.0200809505252075,0.6485672515542477,0.0599181190992916,2.820311710406355,0.0398371685740841,0.0209930166517826,0.6485672515542477,0.0608301852258667,2.6668856038052104,0.0009120661265751007,0.0009120661265751007,0.0009120661265751007,0.0009120661265751007,-0.15342610660114442,0.15342610660114442,0.0002111414120889,0.000105163786208,0.9987034528767588,True,True,True,True,FULL,FULL_direct_poly_rank_1
332,1.2,7.400928721727968,0.05,0.0398371685740841,0.0398371685740841,0.0292663957131568,0.6755908870356747,0.0691035642872409,2.6576864448773354,0.0398371685740841,0.0298629314397947,0.6755908870356747,0.0697001000138788,2.590641399104828,0.0005965357266378979,0.0005965357266378979,0.0005965357266378979,0.0005965357266378979,-0.06704504577250736,0.06704504577250736,0.0001068437398267,5.787223987989587e-05,0.9997174283244462,True,True,True,True,FULL,FULL_direct_poly_rank_1
333,1.6,9.86790496230396,0.093,0.0796743371481683,0.0796743371481683,0.0371742575975103,0.5066931652767559,0.1168485947456786,2.2486028629786348,0.0796743371481683,0.0397184724052933,0.5066931652767559,0.1193928095534616,2.07290284510845,0.0025442148077829962,0.0025442148077829962,0.0025442148077829962,0.0025442148077829962,-0.17570001787018485,0.17570001787018485,0.0006025081844739,0.0002978674099973,0.9972941165858848,True,True,True,True,FULL,FULL_direct_poly_rank_1
334,2.5,15.418601503599936,0.1,0.0796743371481683,0.0796743371481683,0.0585327914263222,0.3242836257771238,0.1382071285744905,1.275689493540873,0.0796743371481683,0.0555392719376934,0.3242836257771238,0.1352136090858617,1.3733942571417308,-0.002993519488628797,0.002993519488628797,-0.002993519488628804,0.002993519488628804,0.09770476360085789,0.09770476360085789,0.0006210599032426,0.0003204898772033,0.9976130822399624,True,True,True,True,FULL,FULL_direct_poly_rank_1
335,1.8,11.101393082591954,0.233,0.1991858428704208,0.1991858428704208,0.0944249962521731,0.4503939246904497,0.2936108391225939,1.9904398436807709,0.1991858428704208,0.0997281205572291,0.4503939246904497,0.2989139634276499,1.859415758347041,0.005303124305056001,0.005303124305056001,0.005303124305056028,0.005303124305056028,-0.1310240853337299,0.1310240853337299,0.0012663957528804,0.0006244574313442,0.9980967208148684,True,True,True,True,FULL,FULL_direct_poly_rank_1
336,4.0,24.669762405759897,0.251,0.1991858428704208,0.1991858428704208,0.1494580982300445,0.2026772661107024,0.3486439411004653,0.792806515114832,0.1991858428704208,0.1303021369476908,0.2026772661107024,0.3294879798181117,0.9968741233792204,-0.019155961282353695,0.019155961282353695,-0.01915596128235364,0.01915596128235364,0.2040676082643884,0.2040676082643884,0.0048993102648305,0.0023589791788554,0.9765029322584444,True,True,True,True,FULL,FULL_direct_poly_rank_1
337,1.13,6.96920787962717,0.045,0.0153092991217785,0.0153092991217785,0.1129415099906837,0.7174416499493891,0.1282508091124622,1.6219045254507285,0.0153092991217785,0.1097356539197647,0.7174416499493891,0.1250449530415432,1.6632130256024074,-0.003205856070919,0.003205856070919,-0.003205856070919,0.003205856070919,0.04130850015167886,0.04130850015167886,0.0001547618723527,0.0001186236797016,0.9997685287376752,True,True,True,True,FULL,FULL_direct_poly_rank_1
338,1.74,10.731346646505555,0.033,0.0153092991217785,0.0153092991217785,0.0614267591501006,0.4659247496797756,0.0767360582718792,1.1936384711708052,0.0153092991217785,0.0641285106518062,0.4659247496797756,0.0794378097735847,1.1458852777706878,0.002701751501705603,0.002701751501705603,0.002701751501705499,0.002701751501705499,-0.04775319340011741,0.04775319340011741,0.0001606343225513,0.0001189808964289,0.9993413756167804,True,True,True,True,FULL,FULL_direct_poly_rank_1
339,2.13,13.136648481067144,0.035,0.0153092991217785,0.0153092991217785,0.0696089127687665,0.3806145842454505,0.084918211890545,0.9488333573269884,0.0153092991217785,0.0727565652084297,0.3806145842454505,0.0880658643302082,0.9108986746905464,0.0031476524396631955,0.0031476524396631955,0.0031476524396631955,0.0031476524396631955,-0.03793468263644195,0.03793468263644195,0.0001759656870978,0.0001317947069759,0.9993494365585672,True,True,True,True,FULL,FULL_direct_poly_rank_1
340,3.5,21.58604210503991,0.026,0.0153092991217785,0.0153092991217785,0.0343911652377439,0.2316311612693741,0.0497004643595224,0.6801344819537776,0.0153092991217785,0.0336547701539248,0.2316311612693741,0.0489640692757033,0.6969733260241059,-0.0007363950838191052,0.0007363950838191052,-0.0007363950838190983,0.0007363950838190983,0.016838844070328318,0.016838844070328318,6.478257553430723e-05,4.381701530764849e-05,0.9997522121651028,True,True,True,True,FULL,FULL_direct_poly_rank_1
341,1.13,6.96920787962717,0.055,0.0153092991217785,0.0153092991217785,0.1595143577209842,0.7174416499493891,0.1748236568427627,1.524522904222498,0.0153092991217785,0.1520974192847319,0.7174416499493891,0.1674067184065104,1.5849308550517125,-0.007416938436252324,0.007416938436252324,-0.007416938436252296,0.007416938436252296,0.060407950829214574,0.060407950829214574,0.0003149739067349,0.0002454562178469,0.9994559416394112,True,True,True,True,FULL,FULL_direct_poly_rank_1
342,1.22,7.524277533756768,0.039,0.0153092991217785,0.0153092991217785,0.0864894320112215,0.6645156265924669,0.101798731133,1.5829859963913084,0.0153092991217785,0.0860232321710721,0.6645156265924669,0.1013325312928506,1.5908161374235867,-0.00046619984014939497,0.00046619984014939497,-0.00046619984014940885,0.00046619984014940885,0.007830141032278304,0.007830141032278304,2.4781321445258857e-05,1.8719365173893425e-05,0.9999908597921956,True,True,True,True,FULL,FULL_direct_poly_rank_1
343,1.45,8.942788872087963,0.034,0.0153092991217785,0.0153092991217785,0.0654950286258003,0.5591096996157306,0.0808043277475788,1.4123161332544465,0.0153092991217785,0.0672725089350505,0.5591096996157306,0.082581808056829,1.3769342364132346,0.0017774803092502067,0.0017774803092502067,0.0017774803092502067,0.0017774803092502067,-0.035381896841211846,0.035381896841211846,0.0001042097456889,7.739207092631047e-05,0.999749035845764,True,True,True,True,FULL,FULL_direct_poly_rank_1
344,2.17,13.383346105124744,0.028,0.0153092991217785,0.0153092991217785,0.0418356081902535,0.373598647208668,0.057144907312032,1.0458293131757963,0.0153092991217785,0.0429587661440803,0.373598647208668,0.0582680652658588,1.017406088675895,0.0011231579538268019,0.0011231579538268019,0.0011231579538268019,0.0011231579538268019,-0.0284232244999012,0.0284232244999012,8.301354749339461e-05,5.870516876113452e-05,0.9996888485762924,True,True,True,True,FULL,FULL_direct_poly_rank_1
345,0.6,3.700464360863984,0.062,0.0153092991217785,0.0153092991217785,0.1936315334445874,1.3511817740713494,0.2089408325663659,2.78103428223211,0.0153092991217785,0.1688771763163617,1.3511817740713494,0.1841864754381402,3.1169644419616573,-0.024754357128225685,0.024754357128225685,-0.024754357128225685,0.024754357128225685,0.3359301597295472,0.3359301597295472,0.0010597665036065,0.0008248453316154,0.9955298926617592,True,True,True,True,FULL,FULL_direct_poly_rank_1
346,0.7,4.317208421007981,0.05,0.0153092991217785,0.0153092991217785,0.1358772828198478,1.1581558063468709,0.1511865819416263,2.530764500816095,0.0153092991217785,0.1222086182742838,1.1581558063468709,0.1375179173960624,2.780538111568194,-0.013668664545563994,0.013668664545563994,-0.013668664545563897,0.013668664545563897,0.24977361075209936,0.24977361075209936,0.0006583790308941,0.0005046824025858,0.9969046404981045,True,True,True,True,FULL,FULL_direct_poly_rank_1
347,0.9,5.550696541295977,0.034,0.0153092991217785,0.0153092991217785,0.0654950141480271,0.9007878493808994,0.0808043132698056,2.275398701589776,0.0153092991217785,0.0623556929533242,0.9007878493808994,0.0776649920751027,2.3910613640528915,-0.003139321194702893,0.003139321194702893,-0.003139321194702893,0.003139321194702893,0.1156626624631154,0.1156626624631154,0.0002002119046943,0.0001462675628891,0.999073650593794,True,True,True,True,FULL,FULL_direct_poly_rank_1
348,1.8,11.101393082591954,0.027,0.0153092991217785,0.0153092991217785,0.038082793731829,0.4503939246904497,0.0533920928536075,1.2897687725693818,0.0153092991217785,0.0395789768198932,0.4503939246904497,0.0548882759416717,1.2387198606971448,0.0014961830880642,0.0014961830880642,0.0014961830880642,0.0014961830880642,-0.051048911872237035,0.051048911872237035,0.0001148246164937,8.046266169574937e-05,0.9993213643036466,True,True,True,True,FULL,FULL_direct_poly_rank_1
349,1.13,6.96920787962717,0.043,0.0153092991217785,0.0153092991217785,0.1039855497101338,0.7174416499493891,0.1192948488319123,1.6477168177591195,0.0153092991217785,0.1013938647216775,0.7174416499493891,0.116703163843456,1.6850699805845102,-0.0025916849884563,0.0025916849884563,-0.0025916849884563,0.0025916849884563,0.037353162825390696,0.037353162825390696,0.0001293097907054,9.864193673085416e-05,0.9998151532981752,True,True,True,True,FULL,FULL_direct_poly_rank_1
350,1.37,8.449393623972766,0.041,0.0153092991217785,0.0153092991217785,0.0951653865075495,0.591758441199131,0.110474685629328,1.3828596668882291,0.0153092991217785,0.0961808697466663,0.591758441199131,0.1114901688684448,1.36997047146329,0.0010154832391168073,0.0010154832391168073,0.0010154832391168073,0.0010154832391168073,-0.012889195424939048,0.012889195424939048,5.0844533082507136e-05,3.876620143372773e-05,0.9999670106445306,True,True,True,True,FULL,FULL_direct_poly_rank_1
351,1.67,10.299625804404757,0.032,0.0153092991217785,0.0153092991217785,0.057405854043788,0.4854545296064728,0.0727151531655665,1.2626030593869657,0.0153092991217785,0.0598005216034429,0.4854545296064728,0.0751098207252214,1.2138353087210556,0.002394667559654902,0.002394667559654902,0.002394667559654909,0.002394667559654909,-0.0487677506659101,0.0487677506659101,0.0001475688097549,0.0001085551104816,0.9993833299887728,True,True,True,True,FULL,FULL_direct_poly_rank_1
352,2.91,17.947252150190327,0.03,0.0153092991217785,0.0153092991217785,0.0495137718239397,0.2785941802208967,0.0648230709457182,0.7494886652754336,0.0153092991217785,0.0497160599621113,0.2785941802208967,0.0650253590838898,0.7463636305551491,0.00020228813817160102,0.00020228813817160102,0.00020228813817160796,0.00020228813817160796,-0.0031250347202844697,0.0031250347202844697,1.4018852864563074e-05,1.0062377117058836e-05,0.9999930487065648,True,True,True,True,FULL,FULL_direct_poly_rank_1
353,0.9,5.550696541295977,0.037,0.0153092991217785,0.0153092991217785,0.0779670989319231,0.9007878493808994,0.0932763980537016,2.192227389199339,0.0153092991217785,0.0739269412661372,0.9007878493808994,0.0892362403879157,2.308653856977985,-0.004040157665785901,0.004040157665785901,-0.004040157665785901,0.004040157665785901,0.11642646777864618,0.11642646777864618,0.0002374030488364,0.0001762221645606,0.9990100474704812,True,True,True,True,FULL,FULL_direct_poly_rank_1
354,1.05,6.475812631511974,0.032,0.0153092991217785,0.0153092991217785,0.0574058541682785,0.7721038708979138,0.0727151532900571,2.0081400996379837,0.0153092991217785,0.0561592392953778,0.7721038708979138,0.0714685384171563,2.0534105411930383,-0.0012466148729007032,0.0012466148729007032,-0.0012466148729008003,0.0012466148729008003,0.045270441555054663,0.045270441555054663,8.24185616822418e-05,5.976677495653667e-05,0.9998076404543412,True,True,True,True,FULL,FULL_direct_poly_rank_1
355,1.15,7.09255669165597,0.028,0.0153092991217785,0.0153092991217785,0.0418356081862674,0.7049644038633127,0.0571449073080459,1.9734344433232216,0.0153092991217785,0.0416788596746793,0.7049644038633127,0.0569881587964578,1.9813646545130656,-0.00015674851158810343,0.00015674851158810343,-0.00015674851158810343,0.00015674851158810343,0.00793021118984405,0.00793021118984405,1.202105800382528e-05,8.425771091901107e-06,0.9999934753197832,True,True,True,True,FULL,FULL_direct_poly_rank_1
356,1.4,8.634416842015963,0.024,0.0153092991217785,0.0153092991217785,0.0272042150777216,0.5790779031734354,0.0425135141995001,1.8037445140554815,0.0153092991217785,0.0278905306006913,0.5790779031734354,0.0431998297224698,1.753849409139261,0.0006863155229696986,0.0006863155229696986,0.0006863155229697021,0.0006863155229697021,-0.04989510491622062,0.04989510491622062,6.539351411969963e-05,4.32538241761191e-05,0.9996615844283318,True,True,True,True,FULL,FULL_direct_poly_rank_1
357,0.75,4.625580451079981,0.028,0.0153092991217785,0.0153092991217785,0.0418356081843982,1.080945419257079,0.0571449073061767,3.0259328132395527,0.0153092991217785,0.0390847089444951,1.080945419257079,0.0543940080662736,3.269433751156361,-0.0027508992399030985,0.0027508992399030985,-0.0027508992399030985,0.0027508992399030985,0.24350093791680827,0.24350093791680827,0.0002296145116852,0.0001574667837248,0.9976194762978376,True,True,True,True,FULL,FULL_direct_poly_rank_1
358,1.15,7.09255669165597,0.026,0.0153092991217785,0.0153092991217785,0.0343911653190034,0.7049644038633127,0.0497004644407819,2.0699745048837284,0.0153092991217785,0.0342925019419287,0.7049644038633127,0.0496018010637072,2.076581768255167,-9.866337707470363e-05,9.866337707470363e-05,-9.866337707469669e-05,9.866337707469669e-05,0.0066072633714386875,0.0066072633714386875,8.462138557377787e-06,5.7631112936385935e-06,0.9999957721085851,True,True,True,True,FULL,FULL_direct_poly_rank_1
359,1.1,6.784184661583972,0.024,0.0153092991217785,0.0153092991217785,0.0272042141314279,0.7370082404025541,0.0425135132532064,2.2956749282231264,0.0153092991217785,0.0269597500987589,0.7370082404025541,0.0422690492205374,2.3199401297741655,-0.00024446403266899924,0.00024446403266899924,-0.0002444640326690062,0.0002444640326690062,0.024265201551039173,0.024265201551039173,2.4438217392349912e-05,1.5941631495339018e-05,0.9999527371357372,True,True,True,True,FULL,FULL_direct_poly_rank_1
360,1.2,7.400928721727968,0.022,0.0153092991217785,0.0153092991217785,0.0203041095024898,0.6755908870356747,0.0356134086242683,2.2704692840433656,0.0153092991217785,0.0204424137990665,0.6755908870356747,0.035751712920845,2.252044062986893,0.00013830429657669951,0.00013830429657669951,0.00013830429657669951,0.00013830429657669951,-0.018425221056472374,0.018425221056472374,1.6394904748021205e-05,1.0154647135155284e-05,0.9999709009633672,True,True,True,True,FULL,FULL_direct_poly_rank_1
