sample_id,u_peak,u_r,tau_peak,tau_r,true_a,true_b,true_c,true_d,true_e,estimated_a,estimated_b,estimated_c,estimated_d,estimated_e,error_b,abs_error_b,error_d,abs_error_d,error_e,abs_error_e,curve_rmse_tau_u,curve_mae_tau_u,curve_r2_tau_u,curve_valid,dataset,model_name
7,0.72,2.75,0.044,0.03175,0.03175,0.0801325410005739,1.818181818181818,0.1118825410005739,3.441242286799551,0.03175,0.3539314122484597,1.818181818181818,0.3856814122484597,2.206087579041756,0.2737988712478858,0.2737988712478858,0.2737988712478858,0.2737988712478858,-1.2351547077577951,1.2351547077577951,0.0031185513653918385,0.002553982370450215,0.7890929074301899,True,FULL,FULL_exp_log_rank_2
8,0.92,3.0,0.035,0.02825,0.02825,0.0557241852265918,1.6666666666666667,0.0839741852265918,3.007954906577982,0.02825,0.1832030023435054,1.6666666666666667,0.2114530023435054,2.044799111221107,0.12747881711691358,0.12747881711691358,0.1274788171169136,0.1274788171169136,-0.963155795356875,0.963155795356875,0.0013070686856915426,0.0010494407543718508,0.9419773736762629,True,FULL,FULL_exp_log_rank_2
9,0.97,3.0,0.029,0.0255,0.0255,0.0288872445152351,1.6666666666666667,0.0543872445152351,3.290221199159674,0.0255,0.098832893277797,1.6666666666666667,0.124332893277797,2.180191733259831,0.0699456487625619,0.0699456487625619,0.0699456487625619,0.0699456487625619,-1.110029465899843,1.110029465899843,0.0009943751009670516,0.0008241194498570825,0.9526127855683733,True,FULL,FULL_exp_log_rank_2
11,0.78,3.5,0.05,0.0417499999999999,0.0417499999999999,0.0354980845491272,1.4285714285714286,0.0772480845491271,4.004659571873231,0.0417499999999999,0.3821756421860576,1.4285714285714286,0.4239256421860575,1.9799468379147265,0.3466775576369304,0.3466775576369304,0.3466775576369304,0.3466775576369304,-2.0247127339585043,2.0247127339585043,0.0140538636628287,0.010732769119540657,-3.078440442413532,True,FULL,FULL_exp_log_rank_2
12,1.25,3.5,0.04,0.034,0.034,0.0670624339164287,1.4285714285714286,0.1010624339164287,2.366794324621144,0.034,0.1907032308870269,1.4285714285714286,0.2247032308870269,1.698079464304084,0.1236407969705982,0.1236407969705982,0.1236407969705982,0.1236407969705982,-0.6687148603170598,0.6687148603170598,0.0018583239128858715,0.0011399903725113618,0.9174385855500113,True,FULL,FULL_exp_log_rank_2
13,1.8,4.0,0.035,0.033,0.033,0.0334302203204883,1.25,0.0664302203204883,2.0972939397426664,0.033,0.0508672652408961,1.25,0.0838672652408961,1.6979366772479618,0.017437044920407804,0.017437044920407804,0.017437044920407804,0.017437044920407804,-0.3993572624947046,0.3993572624947046,0.0013303782784682737,0.0007759368111060088,0.9539977036599263,True,FULL,FULL_exp_log_rank_2
19,1.55,12.0,1.02,0.8525,0.8525,0.3782821788444106,0.4166666666666667,1.2307821788444109,2.3791759662313843,0.8525,1.3034877797657152,0.4166666666666667,2.155987779765715,1.6156363904204265,0.9252056009213045,0.9252056009213045,0.9252056009213043,0.9252056009213043,-0.7635395758109578,0.7635395758109578,0.14237845652181033,0.09232570301043687,-0.43332818224337455,True,FULL,FULL_exp_log_rank_2
20,1.71,12.0,2.57,1.7327500000000002,1.7327500000000002,2.210315622373947,0.4166666666666667,3.9430656223739473,1.6207235717983703,1.7327500000000002,0.7606058418912456,0.4166666666666667,2.493355841891246,2.039826263256877,-1.4497097804827015,1.4497097804827015,-1.4497097804827015,1.4497097804827015,0.41910269145850654,0.41910269145850654,0.23011967942390357,0.14921847757055884,0.5729273996915875,True,FULL,FULL_exp_log_rank_2
27,0.87,3.25,2.35,1.9075,1.9075,2.7034029995062916,1.5384615384615383,4.610902999506291,3.276941309100947,1.9075,0.1406701558414431,1.5384615384615383,2.048170155841443,6.223288964044328,-2.5627328436648487,2.5627328436648487,-2.562732843664848,2.562732843664848,2.946347654943381,2.946347654943381,0.20473799743000173,0.14417657494661623,0.6557237553665375,True,FULL,FULL_exp_log_rank_2
28,0.13,1.325,1.02,0.6675,0.6675,0.6738254010838505,3.7735849056603774,1.3413254010838505,23.891608655167115,0.6675,0.3649201350934608,3.7735849056603774,1.0324201350934608,26.87467152181482,-0.3089052659903897,0.3089052659903897,-0.3089052659903897,0.3089052659903897,2.983062866647707,2.983062866647707,0.06198496031924843,0.03819979734897923,0.7789889182437746,True,FULL,FULL_exp_log_rank_2
29,0.6,2.425,4.93,4.2975,4.2975,3.110870023650559,2.061855670103093,7.408370023650559,5.517814597970529,4.2975,1.3260370993824502,2.061855670103093,5.6235370993824505,6.342603993102408,-1.784832924268109,1.784832924268109,-1.784832924268109,1.784832924268109,0.8247893951318792,0.8247893951318792,0.19220343336691256,0.13322153650378551,0.9266401520066151,True,FULL,FULL_exp_log_rank_2
30,2.17,3.85,16.37,14.955,14.955,60.674147880173095,1.2987012987012987,75.6291478801731,1.6284330431129306,14.955,118.40709101648773,1.2987012987012987,133.3620910164877,1.3822406446325557,57.73294313631463,57.73294313631463,57.73294313631462,57.73294313631462,-0.24619239848037489,0.24619239848037489,1.5935530156391238,1.1443611119165384,0.7189300254442446,True,FULL,FULL_exp_log_rank_2
31,0.24,1.275,0.66,0.475,0.475,0.6758571313827281,3.9215686274509807,1.150857131382728,11.17767536247715,0.475,0.4173285479035179,3.9215686274509807,0.8923285479035179,11.610728720351371,-0.25852858347921015,0.25852858347921015,-0.25852858347921015,0.25852858347921015,0.43305335787422194,0.43305335787422194,0.03716763391979737,0.024637607306384358,0.8395204003243185,True,FULL,FULL_exp_log_rank_2
33,2.26,4.125,16.14,11.3475,11.3475,422.7987490320256,1.2121212121212122,434.1462490320256,1.3091974223177918,11.3475,98.0074646865277,1.2121212121212122,109.3549646865277,1.287183052756306,-324.79128434549796,324.79128434549796,-324.7912843454979,324.7912843454979,-0.022014369561485836,0.022014369561485836,5.239785969543469,4.042680163353896,-1.0659100264165584,True,FULL,FULL_exp_log_rank_2
34,0.47,1.525,1.07,0.6975,0.6975,4.0455139668571585,3.278688524590164,4.743013966857158,4.812842755740618,0.6975,2.082924875051672,3.278688524590164,2.7804248750516725,4.625382706163108,-1.9625890918054867,1.9625890918054867,-1.9625890918054858,1.9625890918054858,-0.18746004957751072,0.18746004957751072,0.1539139032878121,0.1106231813498312,0.30469136742531133,True,FULL,FULL_exp_log_rank_2
35,0.47,2.2,4.91,4.25,4.25,2.5915991927768687,2.2727272727272725,6.841599192776869,7.213346651196478,4.25,1.4676137485784135,2.2727272727272725,5.7176137485784135,7.786065215437037,-1.1239854441984551,1.1239854441984551,-1.1239854441984551,1.1239854441984551,0.5727185642405592,0.5727185642405592,0.14985930938922104,0.10056867743170386,0.9501930536461096,True,FULL,FULL_exp_log_rank_2
36,1.48,3.625,14.91,14.235,14.235,8.232456046268986,1.3793103448275863,22.467456046268985,2.7321098339023515,14.235,55.09177006532359,1.3793103448275863,69.32677006532359,1.6595943909019608,46.8593140190546,46.8593140190546,46.8593140190546,46.8593140190546,-1.0725154430003907,1.0725154430003907,0.5018874938657504,0.3976388254235315,0.9620518603717866,True,FULL,FULL_exp_log_rank_2
37,0.11,1.325,0.89,0.5625,0.5625,0.5639971811696873,3.7735849056603774,1.1264971811696871,29.2958502513531,0.5625,0.2184185226457685,3.7735849056603774,0.7809185226457686,35.813092738118534,-0.34557865852391884,0.34557865852391884,-0.34557865852391856,0.34557865852391856,6.517242486765433,6.517242486765433,0.07360640700784596,0.04463425330521538,0.5914702056393049,True,FULL,FULL_exp_log_rank_2
38,0.26,2.175,5.3,4.1,4.1,2.5910971306331803,2.298850574712644,6.69109713063318,13.042743993933716,4.1,0.6335397240604488,2.298850574712644,4.733539724060448,17.935253945257923,-1.9575574065727315,1.9575574065727315,-1.9575574065727315,1.9575574065727315,4.892509951324207,4.892509951324207,0.3507891793797981,0.21883948221778365,0.6865771897299856,True,FULL,FULL_exp_log_rank_2
39,0.54,3.35,15.9,14.4675,14.4675,3.852469877296928,1.4925373134328357,18.319969877296927,7.688914610134782,14.4675,41.39679710889587,1.4925373134328357,55.86429710889587,3.757202017344473,37.54432723159894,37.54432723159894,37.54432723159894,37.54432723159894,-3.9317125927903094,3.9317125927903094,4.384122411396409,2.983535594985168,-3.9501437613236146,True,FULL,FULL_exp_log_rank_2
40,0.3,1.35,0.88,0.635,0.635,1.1651130574348498,3.7037037037037033,1.8001130574348498,8.547982610717572,0.635,0.8286008117670485,3.7037037037037033,1.4636008117670485,8.282997161822454,-0.33651224566780136,0.33651224566780136,-0.33651224566780136,0.33651224566780136,-0.26498544889511777,0.26498544889511777,0.05056864628607039,0.03329316885683738,0.8475981245228887,True,FULL,FULL_exp_log_rank_2
41,0.38,2.175,5.2,4.3975,4.3975,2.452688320111813,2.298850574712644,6.850188320111813,9.031706106944794,4.3975,1.3444416067343186,2.298850574712644,5.7419416067343185,9.984130180280772,-1.1082467133774943,1.1082467133774943,-1.1082467133774943,1.1082467133774943,0.9524240733359779,0.9524240733359779,0.1655299185891914,0.10840631800908686,0.9380960214961077,True,FULL,FULL_exp_log_rank_2
42,0.71,3.35,16.28,14.8375,14.8375,5.373344828404187,1.4925373134328357,20.210844828404188,5.457009220110153,14.8375,60.195742752874914,1.4925373134328357,75.03324275287491,2.566130543157177,54.82239792447073,54.82239792447073,54.82239792447072,54.82239792447072,-2.8908786769529766,2.8908786769529766,3.6081719100653356,2.630538459626142,-1.6340040671847245,True,FULL,FULL_exp_log_rank_2
43,0.88,1.475,0.58,0.535,0.535,2.3643732180319175,3.389830508474576,2.8993732180319176,4.157276354583812,0.535,4.4447441721091785,3.389830508474576,4.979744172109179,3.581481419883686,2.080370954077261,2.080370954077261,2.080370954077261,2.080370954077261,-0.5757949347001254,0.5757949347001254,0.05824679199421805,0.04235803176572338,0.7092508424872737,True,FULL,FULL_exp_log_rank_2
44,1.5,2.625,3.89,3.6325,3.6325,10.486129835864666,1.9047619047619049,14.118629835864668,2.474961892115721,3.6325,9.580479831081025,1.9047619047619049,13.212979831081023,2.2216814255829003,-0.9056500047836415,0.9056500047836415,-0.9056500047836451,0.9056500047836451,-0.25328046653282055,0.25328046653282055,0.29982722331357775,0.21561807052195658,0.8282091139541802,True,FULL,FULL_exp_log_rank_2
45,2.87,4.1,13.67,13.42,13.42,16.705556614946417,1.2195121951219514,30.12555661494642,1.6634039681803665,13.42,71.01385788704658,1.2195121951219514,84.43385788704659,1.3028581691626406,54.30830127210017,54.30830127210017,54.30830127210017,54.30830127210017,-0.3605457990177259,0.3605457990177259,0.6061280073897706,0.37540534680361803,0.9461012499631594,True,FULL,FULL_exp_log_rank_2
46,0.79,1.5,0.8,0.665,0.665,6.166849946093346,3.3333333333333335,6.831849946093346,3.9230290740544778,0.665,4.454455127435926,3.3333333333333335,5.119455127435926,3.6106073248009047,-1.7123948186574198,1.7123948186574198,-1.7123948186574198,1.7123948186574198,-0.312421749253573,0.312421749253573,0.13279035344483073,0.09958029370608978,0.17074001106835301,True,FULL,FULL_exp_log_rank_2
47,0.6,2.175,5.04,4.655,4.655,2.141531174694559,2.298850574712644,6.796531174694559,6.310564627174357,4.655,3.628297120966883,2.298850574712644,8.283297120966884,4.954437256910189,1.4867659462723242,1.4867659462723242,1.4867659462723246,1.4867659462723246,-1.3561273702641685,1.3561273702641685,0.08866746057735908,0.06338979381786668,0.986329645162296,True,FULL,FULL_exp_log_rank_2
48,2.37,4.125,16.38,14.3675,14.3675,112.7264689844744,1.2121212121212122,127.0939689844744,1.4228254925840296,14.3675,91.63693589317045,1.2121212121212122,106.00443589317044,1.3045977430759814,-21.08953309130395,21.08953309130395,-21.089533091303963,21.089533091303963,-0.11822774950804815,0.11822774950804815,2.371288865777925,1.7767461276246388,0.3809820886171943,True,FULL,FULL_exp_log_rank_2
49,1.46,2.566666666666667,4.68,4.1066666666666665,4.1066666666666665,30.593215473314466,1.948051948051948,34.69988213998113,2.300589855794831,4.1066666666666665,15.239134978275375,1.948051948051948,19.345801644942043,2.1924273379776915,-15.35408049503909,15.35408049503909,-15.354080495039085,15.354080495039085,-0.10816251781713948,0.10816251781713948,0.6596877314388278,0.49642736664873566,0.40946936726035654,True,FULL,FULL_exp_log_rank_2
50,4.16,4.75,15.04,14.775,14.775,58.5314735148253,1.0526315789473684,73.3064735148253,1.2144266984360343,14.775,88.51610627569927,1.0526315789473684,103.29110627569928,1.1004094035392278,29.98463276087397,29.98463276087397,29.98463276087398,29.98463276087398,-0.11401729489680656,0.11401729489680656,0.9383710458156804,0.5962286963394235,0.8781019242197304,True,FULL,FULL_exp_log_rank_2
51,1.26,1.85,0.94,0.785,0.785,27.151829140946248,2.702702702702702,27.936829140946248,2.8751003676389564,0.785,11.281039054652704,2.702702702702702,12.066039054652704,2.77786204366356,-15.870790086293544,15.870790086293544,-15.870790086293544,15.870790086293544,-0.09723832397539622,0.09723832397539622,0.2615689990582608,0.19462772972075507,-0.7375099653637032,True,FULL,FULL_exp_log_rank_2
52,3.13,4.466666666666667,15.58,14.793333333333337,14.793333333333337,75.02328336156236,1.1194029850746268,89.8166166948957,1.313812712287742,14.793333333333337,74.54283351665971,1.1194029850746268,89.33616684999305,1.1992553191919977,-0.4804498449026511,0.4804498449026511,-0.4804498449026511,0.4804498449026511,-0.11455739309574442,0.11455739309574442,1.4601041383477085,1.03322004724853,0.7418466834973625,True,FULL,FULL_exp_log_rank_2
53,1.15,1.85,0.71,0.65,0.65,3.9933470021604136,2.702702702702702,4.6433470021604135,3.19021506632708,0.65,5.862038585577164,2.702702702702702,6.512038585577164,2.836006988829374,1.8686915834167501,1.8686915834167501,1.8686915834167506,1.8686915834167506,-0.3542080774977059,0.3542080774977059,0.085416651681205,0.06346419709256346,0.5874041632938984,True,FULL,FULL_exp_log_rank_2
55,0.63,3.85,16.18,14.365,14.365,5.024596391351091,1.2987012987012987,19.38959639135109,6.152370825583352,14.365,20.079318436863005,1.2987012987012987,34.44431843686301,3.9011972225506977,15.054722045511914,15.054722045511914,15.054722045511916,15.054722045511916,-2.2511736030326546,2.2511736030326546,1.8093911666921303,1.2124216799875567,0.19411667436272673,True,FULL,FULL_exp_log_rank_2
56,0.45,1.5666666666666669,0.87,0.6366666666666667,0.6366666666666667,1.8543711063769357,3.191489361702127,2.4910377730436024,5.520751658815112,0.6366666666666667,1.2037303927859178,3.191489361702127,1.8403970594525845,5.234441284575034,-0.6506407135910179,0.6506407135910179,-0.6506407135910179,0.6506407135910179,-0.2863103742400783,0.2863103742400783,0.07622753234136297,0.052472536836752647,0.6900956829716138,True,FULL,FULL_exp_log_rank_2
57,0.58,2.175,5.35,4.42,4.42,5.5363451785319135,2.298850574712644,9.956345178531912,5.059116621676996,4.42,5.044826329621973,2.298850574712644,9.464826329621973,4.567387280391847,-0.4915188489099407,0.4915188489099407,-0.4915188489099389,0.4915188489099389,-0.4917293412851489,0.4917293412851489,0.19369371765361704,0.11553711840944558,0.9400738791656673,True,FULL,FULL_exp_log_rank_2
58,0.94,3.875,16.28,13.935,13.935,11.349260923481204,1.2903225806451613,25.28426092348121,3.405427164282276,13.935,31.48659098330223,1.2903225806451613,45.42159098330223,2.290771934496647,20.137330059821025,20.137330059821025,20.13733005982102,20.13733005982102,-1.1146552297856291,1.1146552297856291,0.9157299774679706,0.6873546726406059,0.8451667744817515,True,FULL,FULL_exp_log_rank_2
59,0.13,1.5666666666666669,0.97,0.8033333333333333,0.8033333333333333,0.2782264175865835,3.191489361702127,1.0815597509199169,31.910981063129015,0.8033333333333333,0.0193234611861869,3.191489361702127,0.8226567945195203,53.7721610654348,-0.2589029564003966,0.2589029564003966,-0.2589029564003965,0.2589029564003965,21.861180002305787,21.861180002305787,0.05445562684846542,0.03266359298008087,0.7126808558600364,True,FULL,FULL_exp_log_rank_2
60,2.38,2.85,5.22,4.84,4.84,137.35939252357494,1.7543859649122806,142.19939252357494,1.8523237169572588,4.84,61.24060363517228,1.7543859649122806,66.08060363517228,1.796255853844673,-76.11878888840266,76.11878888840266,-76.11878888840266,76.11878888840266,-0.056067863112585936,0.056067863112585936,1.0451010969646044,0.7070715873178918,-0.16824267018177186,True,FULL,FULL_exp_log_rank_2
61,2.68,4.125,16.95,15.5375,15.5375,116.71406105996982,1.2121212121212122,132.25156105996982,1.3981039630569712,15.5375,129.29173813683144,1.2121212121212122,144.82923813683144,1.2726480414522974,12.577677076861619,12.577677076861619,12.577677076861619,12.577677076861619,-0.12545592160467378,0.12545592160467378,2.19497147395357,1.6204784791698674,0.5149943349378188,True,FULL,FULL_exp_log_rank_2
62,0.71,1.6,1.14,0.9133333333333334,0.9133333333333334,5.696830896813862,3.125,6.610164230147195,3.976020028848459,0.9133333333333334,4.7638098065028025,3.125,5.677143139836136,3.5527163464072595,-0.9330210903110592,0.9330210903110592,-0.9330210903110592,0.9330210903110592,-0.4233036824411993,0.4233036824411993,0.1579319842333353,0.11516744173165826,0.3649621705444085,True,FULL,FULL_exp_log_rank_2
63,0.76,2.2,5.03,4.68,4.68,3.0326428857358856,2.2727272727272725,7.712642885735885,4.87933520201715,4.68,6.3346196087165705,2.2727272727272725,11.01461960871657,3.6091585779421775,3.301976722980685,3.301976722980685,3.301976722980685,3.301976722980685,-1.2701766240749723,1.2701766240749723,0.12115675663607675,0.08194614583763567,0.9781367039413337,True,FULL,FULL_exp_log_rank_2
64,2.73,4.125,15.88,13.97,13.97,220.02903798852773,1.2121212121212122,233.99903798852773,1.3339956390040135,13.97,112.47539799665437,1.2121212121212122,126.44539799665436,1.2729390061242702,-107.55363999187337,107.55363999187337,-107.55363999187337,107.55363999187337,-0.06105663287974328,0.06105663287974328,3.0496867514475534,2.2768774154035194,-0.021743084122771483,True,FULL,FULL_exp_log_rank_2
65,0.63,1.5666666666666669,1.42,0.9733333333333332,0.9733333333333332,10.644929502666052,3.191489361702127,11.618262835999383,3.927118476960182,0.9733333333333332,6.215230659778607,3.191489361702127,7.18856399311194,3.6242756075163185,-4.429698842887445,4.429698842887445,-4.4296988428874435,4.4296988428874435,-0.3028428694438636,0.3028428694438636,0.2789030262443268,0.20721535969625432,-0.13601249089244494,True,FULL,FULL_exp_log_rank_2
66,0.34,2.175,5.0,4.24,4.24,2.0482757543105174,2.298850574712644,6.288275754310518,10.49368724913285,4.24,0.4968748760293993,2.298850574712644,4.7368748760293995,14.30834586441046,-1.5514008782811182,1.5514008782811182,-1.5514008782811182,1.5514008782811182,3.81465861527761,3.81465861527761,0.23333289226118933,0.1490904234012797,0.856682625438856,True,FULL,FULL_exp_log_rank_2
67,3.13,4.533333333333333,14.91,14.596666666666666,14.596666666666666,20.35467702287054,1.1029411764705883,34.951343689537204,1.4882877719989878,14.596666666666666,55.736806279919975,1.1029411764705883,70.33347294658664,1.2057225554071218,35.382129257049435,35.382129257049435,35.382129257049435,35.382129257049435,-0.28256521659186595,0.28256521659186595,0.6882639017668287,0.43833511831674554,0.9416503531870282,True,FULL,FULL_exp_log_rank_2
68,0.49,1.5666666666666669,0.79,0.63,0.63,1.4068332196782207,3.191489361702127,2.0368332196782206,5.5461514668738845,0.63,1.2050686922217717,3.191489361702127,1.8350686922217716,4.94226957805638,-0.20176452745644902,0.20176452745644902,-0.20176452745644902,0.20176452745644902,-0.6038818888175044,0.6038818888175044,0.05182932723841378,0.03391281397961674,0.8239003916104435,True,FULL,FULL_exp_log_rank_2
69,1.69,2.566666666666667,5.04,4.426666666666667,4.426666666666667,69.19774278410341,1.948051948051948,73.62440945077007,2.1459242646578933,4.426666666666667,29.561961016389244,1.948051948051948,33.98862768305591,2.065162305477255,-39.635781767714164,39.635781767714164,-39.635781767714164,39.635781767714164,-0.08076195918063833,0.08076195918063833,0.9685576454348249,0.7251969511130888,-0.021161013745471635,True,FULL,FULL_exp_log_rank_2
70,3.12,4.466666666666667,16.37,15.163333333333334,15.163333333333334,137.96164146287623,1.1194029850746268,153.12497479620956,1.2614658876838951,15.163333333333334,89.63972797859623,1.1194029850746268,104.80306131192955,1.1887625164469344,-48.32191348428,48.32191348428,-48.32191348428,48.32191348428,-0.07270337123696069,0.07270337123696069,2.173811459785028,1.5695104529656247,0.47445926672458427,True,FULL,FULL_exp_log_rank_2
71,0.18,1.5666666666666669,0.87,0.6,0.6,0.5778652142592701,3.191489361702127,1.17786521425927,16.988625203858206,0.6,0.2234674157593661,3.191489361702127,0.8234674157593661,20.869632673001473,-0.35439779849990394,0.35439779849990394,-0.35439779849990394,0.35439779849990394,3.8810074691432668,3.8810074691432668,0.0651729750640277,0.04090081023389116,0.6555552440193804,True,FULL,FULL_exp_log_rank_2
72,0.42,2.175,5.1,3.8825,3.8825,4.482035276937978,2.298850574712644,8.364535276937978,6.759501195047857,3.8825,2.057955915562383,2.298850574712644,5.940455915562383,7.701382049898538,-2.424079361375595,2.424079361375595,-2.424079361375595,2.424079361375595,0.9418808548506812,0.9418808548506812,0.31668227555545275,0.21341220561177857,0.7947150275584458,True,FULL,FULL_exp_log_rank_2
73,1.09,3.85,15.19,13.3025,13.3025,11.821633061680007,1.2987012987012987,25.12413306168001,2.9737453064844868,13.3025,26.571090369736993,1.2987012987012987,39.873590369736995,2.121174182908269,14.749457308056986,14.749457308056986,14.749457308056986,14.749457308056986,-0.8525711235762179,0.8525711235762179,0.43893981304826163,0.3521077141849609,0.9632637363851928,True,FULL,FULL_exp_log_rank_2
74,0.47,1.5666666666666669,0.66,0.5066666666666667,0.5066666666666667,1.2794449424210406,3.191489361702127,1.7861116090877074,5.540134014051035,0.5066666666666667,0.9109268531779046,3.191489361702127,1.4175935198445713,5.150951373076153,-0.368518089243136,0.368518089243136,-0.3685180892431361,0.3685180892431361,-0.389182640974882,0.389182640974882,0.050648848571886236,0.0343847283150804,0.758446248728877,True,FULL,FULL_exp_log_rank_2
75,0.57,2.175,4.24,4.0125,4.0125,1.1193350008113887,2.298850574712644,5.131835000811389,7.4273022742503985,4.0125,1.0368926425153715,2.298850574712644,5.049392642515372,7.039493678984347,-0.0824423582960172,0.0824423582960172,-0.0824423582960172,0.0824423582960172,-0.38780859526605127,0.38780859526605127,0.04319982148430047,0.022576135609051865,0.9952462351822248,True,FULL,FULL_exp_log_rank_2
76,4.13,4.7,14.9,13.285,13.285,1213.8760619263403,1.0638297872340423,1227.1610619263406,1.0940505167399543,13.285,110.63289009597136,1.0638297872340423,123.91789009597136,1.0992093179047022,-1103.243171830369,1103.243171830369,-1103.2431718303692,1103.2431718303692,0.005158801164747873,0.005158801164747873,5.05378783640671,3.363049784027558,-0.9705730262958441,True,FULL,FULL_exp_log_rank_2
77,0.18,1.5666666666666669,0.88,0.4966666666666666,0.4966666666666666,0.8494890683979475,3.191489361702127,1.346155735064614,14.732448429095294,0.4966666666666666,0.3396012812248937,3.191489361702127,0.8362679478915603,17.722032731516443,-0.5098877871730538,0.5098877871730538,-0.5098877871730537,0.5098877871730537,2.9895843024211484,2.9895843024211484,0.09209688648059695,0.058222176117687346,0.5278378627990963,True,FULL,FULL_exp_log_rank_2
78,1.25,2.566666666666667,4.37,3.77,3.77,17.6011784506471,1.948051948051948,21.3711784506471,2.4976694597033373,3.77,7.879709327245157,1.948051948051948,11.649709327245157,2.4414558321494155,-9.721469123401944,9.721469123401944,-9.721469123401944,9.721469123401944,-0.056213627553921786,0.056213627553921786,0.4978880722120587,0.36922861399568907,0.5808904282185798,True,FULL,FULL_exp_log_rank_2
79,3.62,4.5,14.62,13.843333333333334,13.843333333333334,173.78668847200146,1.1111111111111112,187.6300218053348,1.2115644521301927,13.843333333333334,88.66943538806302,1.1111111111111112,102.51276872139636,1.1640420780902432,-85.11725308393844,85.11725308393844,-85.11725308393844,85.11725308393844,-0.04752237403994952,0.04752237403994952,1.9601801933069851,1.3374251148792415,0.4292956481392023,True,FULL,FULL_exp_log_rank_2
80,0.11,1.5633333333333332,1.04,0.5006666666666667,0.5006666666666667,0.863642983300683,3.1982942430703627,1.3643096499673495,27.24084861115649,0.5006666666666667,0.3613176946696415,3.1982942430703627,0.8619843613363082,32.055982712491975,-0.5023252886310415,0.5023252886310415,-0.5023252886310413,0.5023252886310413,4.8151341013354845,4.8151341013354845,0.11269685213451248,0.06753912023986748,0.5342532707725045,True,FULL,FULL_exp_log_rank_2
82,0.39,3.9275,14.13,12.93,12.93,2.178980729198466,1.273074474856779,15.108980729198466,12.268593789286898,12.93,1.820027476220389,1.273074474856779,14.750027476220389,12.494148730329696,-0.35895325297807723,0.35895325297807723,-0.35895325297807723,0.35895325297807723,0.22555494104279816,0.22555494104279816,0.07700379327859828,0.046448040277880756,0.9974183787174631,True,FULL,FULL_exp_log_rank_2
83,0.21,1.5566666666666666,0.75,0.4896666666666667,0.4896666666666667,0.6541837303857423,3.211991434689508,1.143850397052409,13.109251845364824,0.4896666666666667,0.2672158661186641,3.211991434689508,0.7568825327853308,15.73715668301199,-0.3869678642670782,0.3869678642670782,-0.3869678642670782,0.3869678642670782,2.6279048376471668,2.6279048376471668,0.06404616541411223,0.04122710800169384,0.6221864603671292,True,FULL,FULL_exp_log_rank_2
84,1.52,2.19,4.53,3.98,3.98,84.48453784563569,2.2831050228310503,88.46453784563569,2.4678705594788535,3.98,37.93868652580254,2.2831050228310503,41.918686525802535,2.3745823736600884,-46.54585131983315,46.54585131983315,-46.545851319833154,46.545851319833154,-0.09328818581876508,0.09328818581876508,0.9668968797073215,0.709998666676496,-0.22605241234193074,True,FULL,FULL_exp_log_rank_2
85,0.46,3.86,15.2,13.9425,13.9425,2.582793456166362,1.2953367875647668,16.525293456166363,10.00333623780827,13.9425,8.42053214285121,1.2953367875647668,22.36303214285121,7.12478144051487,5.8377386866848475,5.8377386866848475,5.8377386866848475,5.8377386866848475,-2.8785547972933996,2.8785547972933996,0.9940216328255002,0.6219049465314044,0.6628785729114737,True,FULL,FULL_exp_log_rank_2
86,1.14,1.85,0.47,0.4455,0.4455,1.2635859558868447,2.702702702702702,1.7090859558868448,3.448989911906233,0.4455,3.8879497721588088,2.702702702702702,4.333449772158809,2.8419223586662934,2.624363816271964,2.624363816271964,2.624363816271964,2.624363816271964,-0.6070675532399394,0.6070675532399394,0.03546924453257692,0.024902682535536912,0.8424092759732277,True,FULL,FULL_exp_log_rank_2
87,1.53,2.29,3.84,3.5879999999999996,3.5879999999999996,21.229112109709114,2.1834061135371177,24.817112109709115,2.5522940611621228,3.5879999999999996,20.51352720182089,2.1834061135371177,24.10152720182089,2.3317113973364143,-0.7155849078882248,0.7155849078882248,-0.7155849078882248,0.7155849078882248,-0.22058266382570846,0.22058266382570846,0.41726249802647636,0.30272744821927483,0.6564472753027835,True,FULL,FULL_exp_log_rank_2
89,0.31,1.5733333333333333,0.64,0.434,0.434,0.831446191232911,3.1779661016949152,1.265446191232911,8.046929532076042,0.434,0.4192155820802822,3.1779661016949152,0.8532155820802823,8.730104404036195,-0.41223060915262877,0.41223060915262877,-0.41223060915262866,0.41223060915262866,0.6831748719601531,0.6831748719601531,0.05187472078692523,0.03518702336578216,0.7016495431512629,True,FULL,FULL_exp_log_rank_2
90,0.44,2.0033333333333334,4.09,3.8813333333333335,3.8813333333333335,0.7845727106922662,2.4958402662229617,4.6659060440256,10.177837650659969,3.8813333333333335,0.5289908287415952,2.4958402662229617,4.410324162074929,10.603270826867467,-0.255581881950671,0.255581881950671,-0.255581881950671,0.255581881950671,0.4254331762074983,0.4254331762074983,0.03591028858310737,0.02360538662524986,0.9959690207402806,True,FULL,FULL_exp_log_rank_2
91,2.56,4.125,14.35,13.695,13.695,33.24347166872315,1.2121212121212122,46.93847166872315,1.5724619149710894,13.695,60.972330869332886,1.2121212121212122,74.66733086933289,1.3264915813193254,27.728859200609733,27.728859200609733,27.728859200609733,27.728859200609733,-0.24597033365176402,0.24597033365176402,0.9729078949269627,0.6823758085861519,0.8743644337948502,True,FULL,FULL_exp_log_rank_2
92,0.1,1.5666666666666669,0.84,0.5786666666666667,0.5786666666666667,0.3913124802400913,3.191489361702127,0.969979146906758,37.39184550372476,0.5786666666666667,0.0418694077705458,3.191489361702127,0.6205360744372125,59.38778036410228,-0.3494430724695455,0.3494430724695455,-0.34944307246954553,0.34944307246954553,21.995934860377517,21.995934860377517,0.08025665539427934,0.047436388943782604,0.3065027320202012,True,FULL,FULL_exp_log_rank_2
94,2.24,4.125,16.29,15.185,15.185,36.934910613682646,1.2121212121212122,52.11991061368265,1.6343524111032697,15.185,73.83999181756836,1.2121212121212122,89.02499181756836,1.3405796228463231,36.905081203885715,36.905081203885715,36.905081203885715,36.905081203885715,-0.2937727882569465,0.2937727882569465,1.1465688764002215,0.7811151176686247,0.8537297393491947,True,FULL,FULL_exp_log_rank_2
95,0.15,1.5666666666666669,1.04,0.515,0.515,1.0180921290257392,3.191489361702127,1.533092129025739,17.824332391452327,0.515,0.4551360334846456,3.191489361702127,0.9701360334846456,20.70205879551527,-0.5629560955410936,0.5629560955410936,-0.5629560955410935,0.5629560955410935,2.877726404062944,2.877726404062944,0.11170540934890454,0.06912445360682089,0.56889894672015,True,FULL,FULL_exp_log_rank_2
96,0.32,2.225,5.75,4.01075,4.01075,4.5926707536336835,2.2471910112359548,8.603420753633683,8.90252129065327,4.01075,2.4228719687986064,2.2471910112359548,6.433621968798606,9.948071643224772,-2.169798784835077,2.169798784835077,-2.169798784835077,2.169798784835077,1.0455503525715013,1.0455503525715013,0.3546167319927638,0.22908018046875483,0.7869386647331591,True,FULL,FULL_exp_log_rank_2
97,0.98,3.925,16.9,13.655,13.655,17.423005323734152,1.2738853503184715,31.07800532373415,2.9328424113361327,13.655,39.35603202556028,1.2738853503184715,53.01103202556028,2.076300670665622,21.93302670182613,21.93302670182613,21.933026701826133,21.933026701826133,-0.8565417406705107,0.8565417406705107,0.6921284531033977,0.5458207008373446,0.9206180282219493,True,FULL,FULL_exp_log_rank_2
98,0.12,1.5666666666666669,1.33,0.569,0.569,1.2856106349233354,3.191489361702127,1.854610634923335,23.13000566043724,0.569,0.793826803552844,3.191489361702127,1.362826803552844,24.772201700073506,-0.4917838313704914,0.4917838313704914,-0.4917838313704912,0.4917838313704912,1.6421960396362643,1.6421960396362643,0.10743935855914821,0.06490531449450952,0.7856972177500788,True,FULL,FULL_exp_log_rank_2
99,0.38,2.1775,5.29,3.8055,3.8055,4.8847712477868654,2.296211251435132,8.690271247786866,7.231167894086396,3.8055,2.244640329947124,2.296211251435132,6.050140329947124,8.281075970396287,-2.6401309178397416,2.6401309178397416,-2.640130917839742,2.640130917839742,1.0499080763098911,1.0499080763098911,0.36927602347115246,0.24588357208400036,0.7427467064545574,True,FULL,FULL_exp_log_rank_2
100,1.12,3.865,15.69,14.2025,14.2025,9.330787016774106,1.2936610608020698,23.533287016774107,3.133851414322128,14.2025,30.92760645917965,1.2936610608020698,45.13010645917965,2.03598669172543,21.596819442405543,21.596819442405543,21.596819442405543,21.596819442405543,-1.097864722596698,1.097864722596698,0.6533413519564153,0.5193586660687399,0.9255951198383341,True,FULL,FULL_exp_log_rank_2
101,0.11,1.5599999999999998,1.19,0.5136666666666666,0.5136666666666666,1.0901897584596147,3.2051282051282053,1.6038564251262817,26.190812099681132,0.5136666666666666,0.5651430632613746,3.2051282051282053,1.0788097299280412,29.153984650807125,-0.5250466951982401,0.5250466951982401,-0.5250466951982404,0.5250466951982404,2.963172551125993,2.963172551125993,0.11764171991943621,0.07056328808704719,0.6668382680906055,True,FULL,FULL_exp_log_rank_2
102,0.33,2.175,5.38,4.15275,4.15275,3.3230952595070686,2.298850574712644,7.475845259507069,9.464816530487427,4.15275,1.572980176899625,2.298850574712644,5.725730176899625,10.941824392647703,-1.7501150826074436,1.7501150826074436,-1.7501150826074436,1.7501150826074436,1.477007862160276,1.477007862160276,0.2770234571888857,0.17953849649784387,0.8343778804942339,True,FULL,FULL_exp_log_rank_2
103,0.94,4.6125,15.17,14.2325,14.2325,3.230539541690666,1.0840108401084012,17.463039541690666,4.61254903129243,14.2325,2.1404971278033695,1.0840108401084012,16.37299712780337,4.840289562845387,-1.0900424138872964,1.0900424138872964,-1.0900424138872964,1.0900424138872964,0.22774053155295615,0.22774053155295615,0.157776532166996,0.10307791990413522,0.9940368920471268,True,FULL,FULL_exp_log_rank_2
104,0.46,1.61,0.57,0.4153333333333333,0.4153333333333333,1.2195408766373736,3.105590062111801,1.634874209970707,5.380408458094788,0.4153333333333333,0.7340282760435464,3.105590062111801,1.1493616093768797,5.201646160392535,-0.4855126005938273,0.4855126005938273,-0.4855126005938273,0.4855126005938273,-0.17876229770225294,0.17876229770225294,0.051780671426162876,0.03596052805823787,0.6672805857904375,True,FULL,FULL_exp_log_rank_2
106,6.69,7.0,11.06,11.03,11.03,6.769176332863529,0.7142857142857143,17.799176332863528,0.9707346090728766,11.03,17.77514886153748,0.7142857142857143,28.80514886153748,0.8041616600151131,11.005972528673952,11.005972528673952,11.00597252867395,11.00597252867395,-0.16657294905776343,0.16657294905776343,0.28376970938326496,0.1536594673354934,0.9798586566559508,True,FULL,FULL_exp_log_rank_2
107,0.15,1.5566666666666666,0.88,0.5103333333333334,0.5103333333333334,0.7081291518031402,3.211991434689508,1.2184624851364736,19.26598627033951,0.5103333333333334,0.2580583055924161,3.211991434689508,0.7683916389257496,23.852829574255605,-0.4500708462107241,0.4500708462107241,-0.450070846210724,0.450070846210724,4.586843303916094,4.586843303916094,0.08958519997662967,0.05530948188115691,0.4983207740143487,True,FULL,FULL_exp_log_rank_2
108,0.24,2.175,5.1,3.69825,3.69825,2.8769666070220197,2.298850574712644,6.5752166070220195,13.53664985652516,3.69825,0.3773397792129733,2.298850574712644,4.075589779212973,21.53613192964515,-2.4996268278090463,2.4996268278090463,-2.4996268278090463,2.4996268278090463,7.9994820731199905,7.9994820731199905,0.46445622867138203,0.28733343355477053,0.4364866201067261,True,FULL,FULL_exp_log_rank_2
109,0.47,3.8575,14.84,13.285,13.285,3.275885261750222,1.2961762799740766,16.560885261750222,9.133208341560495,13.285,7.295514956954975,1.2961762799740766,20.580514956954975,7.130244006864375,4.0196296952047526,4.0196296952047526,4.0196296952047526,4.0196296952047526,-2.00296433469612,2.00296433469612,0.6667914958698278,0.4186655540778215,0.8428836057915359,True,FULL,FULL_exp_log_rank_2
110,0.15,2.1675,1.23,0.6225,0.6225,0.9619833022068238,2.306805074971165,1.584483302206824,20.507804388385548,0.6225,0.3825516613871613,2.306805074971165,1.0050516613871614,24.49781019440852,-0.5794316408196625,0.5794316408196625,-0.5794316408196627,0.5794316408196627,3.990005806022971,3.990005806022971,0.13076539592884634,0.07822030145580042,0.5139188240536611,True,FULL,FULL_exp_log_rank_2
111,0.25,2.165,6.22,4.547499999999999,4.547499999999999,3.553532108811563,2.3094688221709005,8.101032108811562,12.896286747191096,4.547499999999999,3.239852761755669,2.3094688221709005,7.787352761755669,12.60597444066878,-0.31367934705589384,0.31367934705589384,-0.31367934705589384,0.31367934705589384,-0.290312306522317,0.290312306522317,0.07859638581240823,0.0456565486049384,0.9892480783059432,True,FULL,FULL_exp_log_rank_2
112,0.46,4.1075,18.37,16.2525,16.2525,4.204330792736471,1.217285453438831,20.456830792736472,9.296747223836368,16.2525,24.09406668373894,1.217285453438831,40.34656668373894,5.690629359316118,19.88973589100247,19.88973589100247,19.88973589100247,19.88973589100247,-3.6061178645202503,3.6061178645202503,3.4839000575026327,2.2011701472009833,-1.9330322267712172,True,FULL,FULL_exp_log_rank_2
113,0.21,1.5599999999999998,0.72,0.5333333333333333,0.5333333333333333,0.4530839141628877,3.2051282051282053,0.9864172474962212,14.758619332850811,0.5333333333333333,0.1885744252830153,3.2051282051282053,0.7219077586163487,17.747494190626973,-0.26450948887987236,0.26450948887987236,-0.26450948887987247,0.26450948887987247,2.988874857776162,2.988874857776162,0.04464330594183406,0.028523834535755483,0.7560300839553908,True,FULL,FULL_exp_log_rank_2
114,0.46,2.215,4.54,3.755,3.755,3.0550946555112306,2.2573363431151243,6.8100946555112305,6.812602552841997,3.755,0.7628025235390758,2.2573363431151243,4.517802523539076,9.172018175670647,-2.2922921319721548,2.2922921319721548,-2.2922921319721548,2.2922921319721548,2.3594156228286502,2.3594156228286502,0.26788631722855494,0.1811163009714126,0.8121581583993965,True,FULL,FULL_exp_log_rank_2
115,3.02,4.84,14.29,13.226666666666668,13.226666666666668,67.62238227774218,1.0330578512396695,80.84904894440885,1.2379494369579531,13.226666666666668,30.700798555839995,1.0330578512396695,43.92746522250666,1.201775795151965,-36.92158372190218,36.92158372190218,-36.92158372190219,36.92158372190219,-0.036173641805988144,0.036173641805988144,1.5077569689137214,1.1330709032070605,0.684929968010078,True,FULL,FULL_exp_log_rank_2
116,0.1,1.5533333333333337,1.16,0.5640000000000001,0.5640000000000001,0.912890584776652,3.218884120171673,1.476890584776652,31.1344826944979,0.5640000000000001,0.4404613374087522,3.218884120171673,1.0044613374087523,35.45502741402547,-0.47242924736789976,0.47242924736789976,-0.4724292473678997,0.4724292473678997,4.320544719527572,4.320544719527572,0.10896731028069373,0.06480698787020403,0.6355704663340593,True,FULL,FULL_exp_log_rank_2
117,0.28,2.16,4.98,3.80875,3.80875,2.7207253448886286,2.314814814814815,6.5294753448886285,11.627647012732409,3.80875,0.4123140043755544,2.314814814814815,4.221064004375554,17.934241318380433,-2.308411340513074,2.308411340513074,-2.308411340513074,2.308411340513074,6.306594305648025,6.306594305648025,0.3908707696633644,0.24548019624339656,0.5838079288493754,True,FULL,FULL_exp_log_rank_2
118,0.84,3.88,14.83,12.9825,12.9825,7.331910697776193,1.288659793814433,20.314410697776193,4.123242699657944,12.9825,15.047742995613286,1.288659793814433,28.030242995613285,3.0579387836584684,7.715832297837093,7.715832297837093,7.715832297837093,7.715832297837093,-1.065303915999476,1.065303915999476,0.5409003223254119,0.39018543664936595,0.9295126255979964,True,FULL,FULL_exp_log_rank_2
119,0.05,1.5533333333333337,1.06,0.4603333333333333,0.4603333333333333,0.7347138188950575,3.218884120171673,1.1950471522283908,76.69251608229672,0.4603333333333333,0.2839823213564608,3.218884120171673,0.7443156546897941,88.84773472515936,-0.4507314975385967,0.4507314975385967,-0.45073149753859665,0.45073149753859665,12.155218642862636,12.155218642862636,0.11735659092808884,0.06719796908112796,0.49771761652063884,True,FULL,FULL_exp_log_rank_2
120,0.24,2.1675,5.34,3.634,3.634,3.551284821064535,2.306805074971165,7.185284821064535,12.76758648025316,3.634,1.063502342138131,2.306805074971165,4.697502342138131,16.75904744386866,-2.4877824789264036,2.4877824789264036,-2.4877824789264036,2.4877824789264036,3.9914609636155003,3.9914609636155003,0.46418392911802103,0.2899426168975954,0.5391282261641802,True,FULL,FULL_exp_log_rank_2
121,0.58,3.8475,15.72,12.52,12.52,8.509190021060213,1.299545159194282,21.029190021060213,5.626700720273117,12.52,17.32311645828211,1.299545159194282,29.84311645828211,4.300717424249232,8.813926437221898,8.813926437221898,8.813926437221898,8.813926437221898,-1.3259832960238853,1.3259832960238853,1.1001758799553274,0.7345054510597798,0.6831499877953073,True,FULL,FULL_exp_log_rank_2
122,0.16,1.7866666666666664,1.46,0.5153333333333333,0.5153333333333333,1.791622665699797,2.7985074626865676,2.3069559990331303,15.27471027903135,0.5153333333333333,1.1058518536561204,2.7985074626865676,1.6211851869894536,16.141195001739536,-0.6857708120436765,0.6857708120436765,-0.6857708120436767,0.6857708120436767,0.8664847227081864,0.8664847227081864,0.13946834334361952,0.08586153962295098,0.7715751942805762,True,FULL,FULL_exp_log_rank_2
123,0.34,2.19,5.86,3.70375,3.70375,6.4076526447249105,2.2831050228310503,10.11140264472491,7.4904783908875965,3.70375,3.7853370217743847,2.2831050228310503,7.489087021774385,7.964945233550738,-2.622315622950526,2.622315622950526,-2.6223156229505253,2.6223156229505253,0.47446684266314154,0.47446684266314154,0.4074582515134159,0.26621979037028526,0.7783674889719492,True,FULL,FULL_exp_log_rank_2
124,0.72,3.9025,15.23,13.1975,13.1975,6.547895084347095,1.2812299807815504,19.745395084347095,4.922489465268678,13.1975,14.217739954646346,1.2812299807815504,27.415239954646346,3.645516068179912,7.669844870299251,7.669844870299251,7.669844870299251,7.669844870299251,-1.2769733970887662,1.2769733970887662,0.7469363947609859,0.51176111778636,0.8575751704546266,True,FULL,FULL_exp_log_rank_2
125,0.13,1.5766666666666669,0.83,0.5316666666666667,0.5316666666666667,0.5110542316499418,3.1712473572938684,1.0427208983166083,25.070549134255213,0.5316666666666667,0.1341043198947425,3.1712473572938684,0.6657709865614093,33.6697221796149,-0.3769499117551993,0.3769499117551993,-0.376949911755199,0.376949911755199,8.599173045359688,8.599173045359688,0.08025566534573339,0.0485945834154759,0.42612868415452343,True,FULL,FULL_exp_log_rank_2
126,0.33,2.195,4.91,4.2615,4.2615,1.6629195649406574,2.277904328018223,5.924419564940657,11.444353107108954,4.2615,0.0463098869590767,2.277904328018223,4.307809886959077,23.023648040180493,-1.6166096779815806,1.6166096779815806,-1.6166096779815806,1.6166096779815806,11.57929493307154,11.57929493307154,0.25736790011898325,0.16560264973787092,0.8132355150677637,True,FULL,FULL_exp_log_rank_2
127,2.99,4.513333333333333,16.39,14.923333333333332,14.923333333333332,140.10135047238424,1.1078286558345645,155.0246838057176,1.2549920885699382,14.923333333333332,77.35707702653015,1.1078286558345645,92.28041035986348,1.1910506195163464,-62.74427344585409,62.74427344585409,-62.744273445854105,62.744273445854105,-0.06394146905359177,0.06394146905359177,2.353186999165797,1.7410737105764493,0.4006533387223705,True,FULL,FULL_exp_log_rank_2
128,0.22,1.5666666666666669,1.38,0.6789999999999999,0.6789999999999999,1.9691572578488556,3.191489361702127,2.6481572578488555,10.298464829923804,0.6789999999999999,1.302952545725052,3.191489361702127,1.981952545725052,10.519742194067424,-0.6662047121238037,0.6662047121238037,-0.6662047121238035,0.6662047121238035,0.22127736414362076,0.22127736414362076,0.1090550688935254,0.07050955241828155,0.8005213838170167,True,FULL,FULL_exp_log_rank_2
129,0.39,2.18,6.11,4.593,4.593,5.057943521426855,2.293577981651376,9.650943521426855,7.34235077378404,4.593,5.0014346235091605,2.293577981651376,9.59443462350916,6.72053458267768,-0.05650889791769487,0.05650889791769487,-0.05650889791769487,0.05650889791769487,-0.62181619110636,0.62181619110636,0.1050782994845817,0.04991999008476147,0.9837343651733355,True,FULL,FULL_exp_log_rank_2
130,2.78,4.13,17.18,15.5675,15.5675,173.2142161184181,1.2106537530266344,188.7817161184181,1.354578535378103,15.5675,148.77955793580537,1.2106537530266344,164.34705793580537,1.2611492935910924,-24.434658182612736,24.434658182612736,-24.434658182612736,24.434658182612736,-0.09342924178701062,0.09342924178701062,2.678798661828851,1.969857740751429,0.2932758393186353,True,FULL,FULL_exp_log_rank_2
131,0.3,1.57,0.69,0.4403333333333333,0.4403333333333333,0.989606450202688,3.184713375796178,1.4299397835360212,7.9675990689291964,0.4403333333333333,0.4556806992284822,3.184713375796178,0.8960140325618156,8.842687750849233,-0.5339257509742058,0.5339257509742058,-0.5339257509742057,0.5339257509742057,0.8750886819200367,0.8750886819200367,0.06611589769792424,0.04496751149854855,0.6138122850279029,True,FULL,FULL_exp_log_rank_2
132,0.38,2.2025,4.61,3.49275,3.49275,3.5417527605950667,2.270147559591374,7.034502760595067,7.697329513236288,3.49275,0.5560390713834611,2.270147559591374,4.048789071383461,11.841452990453233,-2.9857136892116056,2.9857136892116056,-2.9857136892116056,2.9857136892116056,4.144123477216945,4.144123477216945,0.4038575547421218,0.2663885872866814,0.5648630934285801,True,FULL,FULL_exp_log_rank_2
133,0.58,3.89,14.25,12.71,12.71,3.870375185655917,1.2853470437017995,16.580375185655917,6.937928600833182,12.71,6.041491992186938,1.2853470437017995,18.75149199218694,5.851311516733185,2.1711168065310207,2.1711168065310207,2.171116806531021,2.171116806531021,-1.0866170840999967,1.0866170840999967,0.2916000747763852,0.19082656068873116,0.9712764151043878,True,FULL,FULL_exp_log_rank_2
134,0.29,1.5933333333333335,0.81,0.6846666666666668,0.6846666666666668,0.4027161872827163,3.1380753138075312,1.087382853949383,11.679447292728767,0.6846666666666668,0.3390492422483544,3.1380753138075312,1.0237159089150212,11.395523274811133,-0.06366694503436188,0.06366694503436188,-0.06366694503436188,0.06366694503436188,-0.28392401791763433,0.28392401791763433,0.013908935433948125,0.008427921188797625,0.9824778965462809,True,FULL,FULL_exp_log_rank_2
135,0.42,2.1925,4.74,4.255,4.255,1.6007301765706998,2.280501710376283,5.8557301765707,9.079561652406012,4.255,0.4879700859067517,2.280501710376283,4.742970085906752,11.559792586060974,-1.112760090663948,1.112760090663948,-1.112760090663948,1.112760090663948,2.480230933654962,2.480230933654962,0.14342933963645385,0.09415173080763693,0.9471310005565702,True,FULL,FULL_exp_log_rank_2
136,2.48,4.18,15.4,14.19,14.19,62.34454554337887,1.1961722488038278,76.53454554337887,1.469660738779334,14.19,68.86896907796165,1.1961722488038278,83.05896907796165,1.30764141257468,6.52442353458278,6.52442353458278,6.52442353458278,6.52442353458278,-0.16201932620465387,0.16201932620465387,1.5393577869616746,1.1277287569319554,0.71113124566211,True,FULL,FULL_exp_log_rank_2
137,1.18,1.85,0.63,0.575,0.575,4.239497230710774,2.702702702702702,4.814497230710774,3.1309195303367727,0.575,5.631300348891956,2.702702702702702,6.206300348891956,2.82157286043348,1.3918031181811816,1.3918031181811816,1.3918031181811816,1.3918031181811816,-0.3093466699032925,0.3093466699032925,0.08241111587750194,0.061190124099345954,0.5087541906984296,True,FULL,FULL_exp_log_rank_2
138,0.99,2.6033333333333335,4.93,4.496666666666667,4.496666666666667,4.9592094785200045,1.9206145966709345,9.455876145186672,3.460965956174455,4.496666666666667,4.5367799939366416,1.9206145966709345,9.033446660603309,3.099822899843762,-0.42242948458336294,0.42242948458336294,-0.42242948458336294,0.42242948458336294,-0.3611430563306932,0.3611430563306932,0.1933189715496682,0.12203439300641286,0.9448483569580115,True,FULL,FULL_exp_log_rank_2
139,1.92,4.2125,17.14,16.56,16.56,9.158812659704571,1.1869436201780414,25.71881265970457,2.22655990128023,16.56,55.949131466212535,1.1869436201780414,72.50913146621254,1.4126492583339452,46.79031880650796,46.79031880650796,46.79031880650797,46.79031880650797,-0.8139106429462848,0.8139106429462848,0.5653558098043416,0.3932759988381362,0.9660257207219066,True,FULL,FULL_exp_log_rank_2
140,0.42,1.7400000000000002,0.83,0.4525,0.4525,2.5886372580129136,2.8735632183908044,3.0411372580129137,4.84879553279124,0.4525,0.9099028798498712,2.8735632183908044,1.362402879849871,5.285796130945405,-1.6787343781630424,1.6787343781630424,-1.6787343781630426,1.6787343781630426,0.4370005981541647,0.4370005981541647,0.13558688346004194,0.09720858705894603,0.2072028203374452,True,FULL,FULL_exp_log_rank_2
141,1.23,2.5733333333333337,4.22,4.026666666666666,4.026666666666666,3.714553371745124,1.94300518134715,7.74122003841179,3.22230726876678,4.026666666666666,6.2494194678098305,1.94300518134715,10.276086134476497,2.576889962571993,2.5348660960647065,2.5348660960647065,2.5348660960647065,2.5348660960647065,-0.645417306194787,0.645417306194787,0.155727102475107,0.09090170247181349,0.9584072808783867,True,FULL,FULL_exp_log_rank_2
142,1.79,4.84,15.01,14.9025,14.9025,0.8901040923931092,1.0330578512396695,15.792604092393107,3.4546415460563873,14.9025,6.923909792641172,1.0330578512396695,21.826409792641172,2.060073917548197,6.033805700248063,6.033805700248063,6.033805700248065,6.033805700248065,-1.3945676285081903,1.3945676285081903,0.5190506594506894,0.31484037638218715,0.9524625929759356,True,FULL,FULL_exp_log_rank_2
143,0.33,1.5733333333333333,0.58,0.4766666666666666,0.4766666666666666,0.4098600862261488,3.1779661016949152,0.8865267528928155,9.368454028225154,0.4766666666666666,0.3482499065583898,3.1779661016949152,0.8249165732250564,8.91791293655398,-0.061610179667759,0.061610179667759,-0.06161017966775906,0.06161017966775906,-0.4505410916711732,0.4505410916711732,0.014331338789861802,0.008657213062540393,0.967365014840081,True,FULL,FULL_exp_log_rank_2
144,0.43,2.1725,4.53,3.8975,3.8975,2.2412867147074325,2.3014959723820483,6.138786714707432,7.955893974394428,3.8975,0.5434786912163769,2.3014959723820483,4.440978691216377,10.77708221979286,-1.6978080234910555,1.6978080234910555,-1.6978080234910555,1.6978080234910555,2.8211882453984316,2.8211882453984316,0.2089913575017645,0.13841496525628574,0.8800682677876657,True,FULL,FULL_exp_log_rank_2
145,3.33,4.496666666666667,14.77,14.159999999999998,14.159999999999998,71.68575820940592,1.111934766493699,85.84575820940591,1.2931877819034847,14.159999999999998,70.71465782895118,1.111934766493699,84.87465782895117,1.186148869428416,-0.9711003804547431,0.9711003804547431,-0.9711003804547431,0.9711003804547431,-0.1070389124750688,0.1070389124750688,1.2958233873687128,0.8959283403325492,0.7693692084645762,True,FULL,FULL_exp_log_rank_2
147,1.84,3.1775,4.39,3.69,3.69,48.191526905344915,1.5735641227380015,51.88152690534491,1.779339325853626,3.69,9.966112932261105,1.5735641227380015,13.656112932261104,1.8254577025508003,-38.22541397308381,38.22541397308381,-38.22541397308381,38.22541397308381,0.046118376697174224,0.046118376697174224,0.841386268806603,0.6450383157485666,-0.029463787635153782,True,FULL,FULL_exp_log_rank_2
148,2.23,4.3774999999999995,15.49,14.875,14.875,14.10295307840756,1.142204454597373,28.97795307840756,1.8301286904573817,14.875,37.45125557863078,1.142204454597373,52.32625557863078,1.3755440022273404,23.34830250022322,23.34830250022322,23.34830250022322,23.34830250022322,-0.4545846882300413,0.4545846882300413,0.609809926312274,0.3594760296988392,0.9544222521859754,True,FULL,FULL_exp_log_rank_2
149,0.18,1.5599999999999998,0.96,0.5433333333333333,0.5433333333333333,0.9264981470545324,3.2051282051282053,1.4698314803878656,14.731251978605432,0.5433333333333333,0.4023720270459339,3.2051282051282053,0.9457053603792672,17.328070627976693,-0.5241261200085985,0.5241261200085985,-0.5241261200085984,0.5241261200085984,2.5968186493712615,2.5968186493712615,0.09466353222812095,0.059859788396300836,0.5795510159936272,True,FULL,FULL_exp_log_rank_2
150,0.4,2.175,5.29,4.25,4.25,3.4798658017251105,2.298850574712644,7.7298658017251105,7.755705088302538,4.25,2.0514435086214577,2.298850574712644,6.301443508621458,8.320101056390712,-1.4284222931036528,1.4284222931036528,-1.4284222931036528,1.4284222931036528,0.5643959680881743,0.5643959680881743,0.21002832105253347,0.13860646185836603,0.9093464783100259,True,FULL,FULL_exp_log_rank_2
151,0.99,3.6125,15.85,14.965,14.965,4.712295648967803,1.384083044982699,19.677295648967803,4.185634509215309,14.965,42.86045509106707,1.384083044982699,57.82545509106707,2.114784667760303,38.148159442099264,38.148159442099264,38.14815944209927,38.14815944209927,-2.0708498414550065,2.0708498414550065,1.4771793474626762,1.1190807687678272,0.6153651714865891,True,FULL,FULL_exp_log_rank_2
152,1.16,1.9,0.64,0.54,0.54,8.918859589233094,2.6315789473684212,9.458859589233091,2.9158636476035604,0.54,5.003649115007147,2.6315789473684212,5.543649115007147,2.7614587188884063,-3.9152104742259466,3.9152104742259466,-3.915210474225944,3.915210474225944,-0.1544049287151541,0.1544049287151541,0.13566059602948646,0.10371206294981578,-0.19527227147750725,True,FULL,FULL_exp_log_rank_2
153,1.3,2.566666666666667,4.2,3.9333333333333336,3.9333333333333336,6.732843008196392,1.948051948051948,10.666176341529724,2.832743127876559,3.9333333333333336,7.717267283237634,1.948051948051948,11.650600616570967,2.437227999305098,0.984424275041242,0.984424275041242,0.9844242750412437,0.9844242750412437,-0.3955151285714611,0.3955151285714611,0.23389802371026933,0.15699813114027916,0.9062404586047379,True,FULL,FULL_exp_log_rank_2
154,5.1,31.453947067343865,14.28,13.490170336848536,13.490170336848536,2.087839211051561,0.1589625616554528,15.578009547900097,0.9263059984631752,13.490170336848536,3.1599637819029063,0.1589625616554528,16.650134118751442,0.8022093449173283,1.0721245708513454,1.0721245708513454,1.0721245708513454,1.0721245708513454,-0.12409665354584687,0.12409665354584687,0.15179815341566028,0.09974780914838051,0.9926650518582768,True,FULL,FULL_exp_log_rank_2
155,0.56,1.5599999999999998,0.58,0.4766666666666666,0.4766666666666666,1.2430840918042927,3.2051282051282053,1.7197507584709593,5.0236277196711585,0.4766666666666666,1.167001244629645,3.2051282051282053,1.6436679112963115,4.370530129512141,-0.07608284717464775,0.07608284717464775,-0.07608284717464775,0.07608284717464775,-0.6530975901590175,0.6530975901590175,0.04366433144808263,0.029115185844367536,0.7841964720679826,True,FULL,FULL_exp_log_rank_2
156,0.67,2.1775,4.06,3.745,3.745,2.1627193549790276,2.296211251435132,5.907719354979028,5.4890381882934465,3.745,1.896980912641899,2.296211251435132,5.641980912641899,5.119846414381469,-0.2657384423371285,0.2657384423371285,-0.2657384423371285,0.2657384423371285,-0.3691917739119779,0.3691917739119779,0.08658742189975635,0.0512969294655743,0.9813969587226491,True,FULL,FULL_exp_log_rank_2
157,1.32,3.9,14.36,13.5925,13.5925,6.126023681195667,1.2820512820512822,19.718523681195663,3.032176279008363,13.5925,22.376803762218252,1.2820512820512822,35.96930376221825,1.965221426145565,16.250780081022583,16.250780081022583,16.25078008102259,16.25078008102259,-1.066954852862798,1.066954852862798,0.44327739131547805,0.35456876221185696,0.9637725094992424,True,FULL,FULL_exp_log_rank_2
158,0.17,1.6233333333333333,1.0,0.5720000000000001,0.5720000000000001,0.8749487231528226,3.080082135523614,1.4469487231528226,16.31818533574024,0.5720000000000001,0.3684547039094578,3.080082135523614,0.9404547039094578,19.425120631607555,-0.5064940192433648,0.5064940192433648,-0.5064940192433648,0.5064940192433648,3.1069352958673164,3.1069352958673164,0.09675820598228169,0.06037334135295251,0.5714657069366638,True,FULL,FULL_exp_log_rank_2
159,0.32,2.1825,5.06,4.11975,4.11975,2.410582651104151,2.290950744558992,6.530332651104151,10.626543938716322,4.11975,0.5375074795318655,2.290950744558992,4.657257479531865,14.887099033148358,-1.8730751715722853,1.8730751715722853,-1.8730751715722853,1.8730751715722853,4.260555094432036,4.260555094432036,0.29415857486369634,0.18723642240755542,0.7736283957210907,True,FULL,FULL_exp_log_rank_2
160,1.07,3.895,14.3,13.0025,13.0025,7.31537030166651,1.2836970474967908,20.31787030166651,3.3651116062820727,13.0025,16.09640793562714,1.2836970474967908,29.09890793562714,2.435626156759664,8.781037633960631,8.781037633960631,8.78103763396063,8.78103763396063,-0.9294854495224087,0.9294854495224087,0.37872483195486906,0.29462454764442436,0.9687993987086527,True,FULL,FULL_exp_log_rank_2
161,0.1,1.5666666666666669,0.85,0.5843333333333334,0.5843333333333334,0.3978559436075378,3.191489361702127,0.9821892769408712,37.33548887229885,0.5843333333333334,0.0454850653265634,3.191489361702127,0.6298183986598969,58.56917213381651,-0.3523708782809744,0.3523708782809744,-0.35237087828097435,0.35237087828097435,21.233683261517655,21.233683261517655,0.08095915591563262,0.04786262881456995,0.3134474326533534,True,FULL,FULL_exp_log_rank_2
162,0.24,2.175,6.09,4.409,4.409,3.4511384121172206,2.298850574712644,7.86013841211722,13.515323404054092,4.409,2.5954767572574955,2.298850574712644,7.004476757257495,13.947466910382726,-0.8556616548597251,0.8556616548597251,-0.8556616548597251,0.8556616548597251,0.4321435063286341,0.4321435063286341,0.17220059140565955,0.1062321287931979,0.9458153597382482,True,FULL,FULL_exp_log_rank_2
163,0.5,3.8625,16.89,15.2325,15.2325,3.655467066441505,1.2944983818770228,18.887967066441504,8.601598077321363,15.2325,21.495745855148876,1.2944983818770228,36.72824585514888,5.113339291474129,17.84027878870737,17.84027878870737,17.840278788707373,17.840278788707373,-3.4882587858472336,3.4882587858472336,2.79149431747525,1.7979432495208656,-1.0506068640192816,True,FULL,FULL_exp_log_rank_2
165,0.23,2.1675,5.85,4.43275,4.43275,2.80147060168731,2.306805074971165,7.23422060168731,14.978792929839672,4.43275,1.6358075293249508,2.306805074971165,6.068557529324951,16.582847446194172,-1.165663072362359,1.165663072362359,-1.165663072362359,1.165663072362359,1.6040545163545001,1.6040545163545001,0.22874554214186563,0.14142457740213188,0.887000231848994,True,FULL,FULL_exp_log_rank_2
166,0.75,3.8625,16.87,15.795,15.795,3.4935563581594646,1.2944983818770228,19.288556358159465,5.80409010742513,15.795,28.74406799300978,1.2944983818770228,44.53906799300978,2.9983151238259396,25.250511634850312,25.250511634850312,25.250511634850316,25.250511634850316,-2.80577498359919,2.80577498359919,2.3612797955256353,1.633755688330243,-0.11850175221272274,True,FULL,FULL_exp_log_rank_2
167,0.17,1.5599999999999998,0.8,0.5579999999999999,0.5579999999999999,0.4953159279041487,3.2051282051282053,1.0533159279041486,18.51576110820791,0.5579999999999999,0.1644631260109881,3.2051282051282053,0.722463126010988,23.67319456194832,-0.3308528018931606,0.3308528018931606,-0.3308528018931606,0.3308528018931606,5.15743345374041,5.15743345374041,0.06245711999103224,0.03889927173434466,0.6093053672442127,True,FULL,FULL_exp_log_rank_2
168,1.11,2.563333333333333,4.61,4.293333333333333,4.293333333333333,4.918051194692046,1.950585175552666,9.21138452802538,3.258019017990617,4.293333333333333,5.818303302719819,1.950585175552666,10.111636636053152,2.7617772443289392,0.9002521080277734,0.9002521080277734,0.9002521080277717,0.9002521080277717,-0.49624177366167777,0.49624177366167777,0.18897967680962136,0.11527275819951895,0.9448286720993595,True,FULL,FULL_exp_log_rank_2
169,3.93,4.553333333333334,16.61,16.513333333333332,16.513333333333332,14.198414912137522,1.0980966325036603,30.711748245470854,1.4757256498343354,16.513333333333332,128.54011078957967,1.0980966325036603,145.053444122913,1.1379131522251618,114.34169587744215,114.34169587744215,114.34169587744213,114.34169587744213,-0.33781249760917365,0.33781249760917365,0.5709920982644529,0.32154664235818914,0.9653251271354858,True,FULL,FULL_exp_log_rank_2
170,0.19,1.5533333333333337,0.76,0.5436666666666666,0.5436666666666666,0.4848535368761771,3.218884120171673,1.0285202035428438,16.275028887164293,0.5436666666666666,0.1811629754136987,3.218884120171673,0.7248296420803654,20.17704400297096,-0.3036905614624784,0.3036905614624784,-0.3036905614624784,0.3036905614624784,3.902015115806666,3.902015115806666,0.05396942876545101,0.03409030126955557,0.6808840732267026,True,FULL,FULL_exp_log_rank_2
172,1.88,4.13,15.76,14.8875,14.8875,14.997831291761866,1.2106537530266344,29.885331291761865,2.0220034481788933,14.8875,44.33703646182032,1.2106537530266344,59.224536461820314,1.4667025768280664,29.339205170058452,29.339205170058452,29.33920517005845,29.33920517005845,-0.555300871350827,0.555300871350827,0.6014707710022501,0.35734659845136735,0.9539811216111989,True,FULL,FULL_exp_log_rank_2
173,0.23,1.5666666666666669,0.81,0.5826666666666666,0.5826666666666666,0.6080845262035995,3.191489361702127,1.190751192870266,12.675105003139644,0.5826666666666666,0.2909740040270542,3.191489361702127,0.8736406706937208,14.575296314965229,-0.31711052217654534,0.31711052217654534,-0.31711052217654534,0.31711052217654534,1.9001913118255853,1.9001913118255853,0.0508176258641624,0.03292388611338997,0.7714043368818967,True,FULL,FULL_exp_log_rank_2
174,0.27,2.18,5.18,4.452999999999999,4.452999999999999,1.5717255574854088,2.293577981651376,6.024725557485408,14.53141002624948,4.452999999999999,0.0322586670790014,2.293577981651376,4.485258667079001,30.106093755156035,-1.5394668904064073,1.5394668904064073,-1.5394668904064073,1.5394668904064073,15.574683728906555,15.574683728906555,0.27757265884764115,0.17398973240552565,0.7805472518392329,True,FULL,FULL_exp_log_rank_2
175,1.85,4.1125,17.29,16.4125,16.4125,14.29966321375646,1.21580547112462,30.71216321375646,2.100213453400296,16.4125,66.46662907721344,1.21580547112462,82.87912907721343,1.4184052995721277,52.16696586345698,52.16696586345698,52.16696586345697,52.16696586345697,-0.6818081538281684,0.6818081538281684,0.6167113023615854,0.3968566055368431,0.9596854585877608,True,FULL,FULL_exp_log_rank_2
176,0.65,1.5766666666666669,0.57,0.478,0.478,1.612273609680621,3.1712473572938684,2.090273609680621,4.48569879514461,0.478,1.5855801489702694,3.1712473572938684,2.0635801489702694,3.89149368201401,-0.026693460710351502,0.026693460710351502,-0.026693460710351502,0.026693460710351502,-0.5942051131306001,0.5942051131306001,0.05249507662878819,0.03640849659515861,0.700626575083783,True,FULL,FULL_exp_log_rank_2
177,1.47,2.6333333333333333,3.8,3.616,3.616,6.14964024424423,1.89873417721519,9.76564024424423,2.66832825839853,3.616,8.270530606075328,1.89873417721519,11.886530606075327,2.2656647791652724,2.1208903618310977,2.1208903618310977,2.1208903618310977,2.1208903618310977,-0.4026634792332575,0.4026634792332575,0.20893005851853821,0.14104431384810698,0.9138703822805123,True,FULL,FULL_exp_log_rank_2
178,2.12,4.1575,13.69,12.965,12.965,17.833183532648366,1.2026458208057729,30.79818353264837,1.8070468059221405,12.965,31.070662782880618,1.2026458208057729,44.035662782880614,1.457948791944946,13.237479250232251,13.237479250232251,13.237479250232244,13.237479250232244,-0.3490980139771944,0.3490980139771944,0.6611756013219557,0.41369721700967227,0.9305326212484828,True,FULL,FULL_exp_log_rank_2
179,0.48,1.5666666666666669,0.88,0.6386666666666666,0.6386666666666666,2.2710172374402005,3.191489361702127,2.909683904106867,5.11752583659357,0.6386666666666666,1.4045811980650953,3.191489361702127,2.043247864731762,4.83979287616469,-0.8664360393751052,0.8664360393751052,-0.8664360393751052,0.8664360393751052,-0.27773296042887985,0.27773296042887985,0.08993599585309422,0.06293883622152015,0.5976225024227773,True,FULL,FULL_exp_log_rank_2
181,0.9,3.925,17.84,14.94,14.94,13.029435602700998,1.2738853503184715,27.969435602700997,3.4621547532157915,14.94,47.51640516343142,1.2738853503184715,62.45640516343142,2.168966417108656,34.48696956073042,34.48696956073042,34.48696956073042,34.48696956073042,-1.2931883361071357,1.2931883361071357,1.721100842652631,1.2783099745309319,0.5283036130090711,True,FULL,FULL_exp_log_rank_2
182,0.22,1.49,0.66,0.4575,0.4575,0.5513217275318822,3.3557046979865772,1.0088217275318825,12.75282127395527,0.4575,0.2498693873184031,3.3557046979865772,0.7073693873184032,14.844810134917822,-0.3014523402134791,0.3014523402134791,-0.30145234021347933,0.30145234021347933,2.0919888609625517,2.0919888609625517,0.04755356856123101,0.030919912376852723,0.7159420504593444,True,FULL,FULL_exp_log_rank_2
183,1.93,3.1,4.22,4.0145,4.0145,10.822557992923612,1.6129032258064515,14.837057992923611,2.064879723343122,4.0145,11.592336718487898,1.6129032258064515,15.606836718487898,1.8333584046362104,0.7697787255642865,0.7697787255642865,0.7697787255642865,0.7697787255642865,-0.23152131870691184,0.23152131870691184,0.30070535436664264,0.21615139807092526,0.8606774543986075,True,FULL,FULL_exp_log_rank_2
184,3.98,4.75,15.12,14.85,14.85,45.661479023586836,1.0526315789473684,60.51147902358684,1.247654255784918,14.85,78.59738583835748,1.0526315789473684,93.44738583835748,1.1092856084839904,32.93590681477065,32.93590681477065,32.93590681477064,32.93590681477064,-0.13836864730092757,0.13836864730092757,0.864234430022336,0.5529054372807143,0.9009456435563844,True,FULL,FULL_exp_log_rank_2
185,0.13,1.5666666666666669,1.09,0.5446666666666667,0.5446666666666667,0.9576325699215577,3.191489361702127,1.5022992365882244,21.905585532286455,0.5446666666666667,0.4393494324448515,3.191489361702127,0.9840160991115182,25.32826089163702,-0.5182831374767062,0.5182831374767062,-0.5182831374767062,0.5182831374767062,3.4226753593505634,3.4226753593505634,0.10976612645351189,0.06680860169058142,0.5961226584036664,True,FULL,FULL_exp_log_rank_2
186,0.28,2.1775,5.16,3.81425,3.81425,3.130431077528114,2.296211251435132,6.944681077528114,11.220553160809676,3.81425,0.7506006260412224,2.296211251435132,4.564850626041222,15.582474551575034,-2.3798304514868915,2.3798304514868915,-2.3798304514868915,2.3798304514868915,4.3619213907653585,4.3619213907653585,0.4069442873513346,0.25766319806013177,0.5968081456434411,True,FULL,FULL_exp_log_rank_2
187,0.7,3.88,16.09,11.71,11.71,14.993697153202367,1.288659793814433,26.70369715320237,3.931657649182005,11.71,24.493796478472937,1.288659793814433,36.20379647847294,3.1016034750918084,9.50009932527057,9.50009932527057,9.500099325270568,9.500099325270568,-0.8300541740901966,0.8300541740901966,0.727609004457234,0.5147082591947405,0.8924203746463135,True,FULL,FULL_exp_log_rank_2
188,1.1,2.06,0.64,0.593,0.593,1.513280437089641,2.4271844660194173,2.1062804370896413,3.268679989536249,0.593,3.266019232377763,2.4271844660194173,3.859019232377763,2.663228396126794,1.7527387952881217,1.7527387952881217,1.7527387952881215,1.7527387952881215,-0.6054515934094549,0.6054515934094549,0.04661369649826841,0.03170188176482378,0.8413267533946243,True,FULL,FULL_exp_log_rank_2
189,3.11,3.85,4.79,4.4285,4.4285,105.61771145632456,1.2987012987012987,110.04621145632456,1.3813754414682702,4.4285,29.4808127921415,1.2987012987012987,33.9093127921415,1.358075561623224,-76.13689866418306,76.13689866418306,-76.13689866418306,76.13689866418306,-0.023299879845046112,0.023299879845046112,0.908114890376876,0.6237733450316874,-0.061693745663432775,True,FULL,FULL_exp_log_rank_2
190,2.95,4.833333333333333,17.57,15.660000000000002,15.660000000000002,133.5433516563727,1.0344827586206895,149.2033516563727,1.194201194728314,15.660000000000002,59.2107809152512,1.0344827586206895,74.8707809152512,1.1498772343337773,-74.33257074112149,74.33257074112149,-74.33257074112149,74.33257074112149,-0.04432396039453668,0.04432396039453668,2.5768373050184934,1.9525779493230968,0.3826471528395452,True,FULL,FULL_exp_log_rank_2
191,0.1,1.64,1.15,0.5823333333333333,0.5823333333333333,0.8468851223123651,3.048780487804878,1.4292184556456984,32.276683117014976,0.5823333333333333,0.3671670480727393,3.048780487804878,0.9495003814060726,37.69884977924935,-0.4797180742396258,0.4797180742396258,-0.47971807423962576,0.47971807423962576,5.422166662234375,5.422166662234375,0.11225332163843528,0.06647091618074699,0.5751601631987293,True,FULL,FULL_exp_log_rank_2
192,0.26,2.06,5.06,2.78625,2.78625,5.537602820988881,2.4271844660194173,8.323852820988881,9.67711986223781,2.78625,2.049578863156694,2.4271844660194173,4.835828863156694,11.816278162476706,-3.488023957832187,3.488023957832187,-3.488023957832187,3.488023957832187,2.139158300238897,2.139158300238897,0.5886558792813947,0.3777874312844349,0.4614338534066825,True,FULL,FULL_exp_log_rank_2
193,0.48,3.91,15.79,12.4225,12.4225,7.40432598861948,1.278772378516624,19.82682598861948,7.151633571136485,12.4225,13.625204658544856,1.278772378516624,26.047704658544856,5.766708110392992,6.220878669925376,6.220878669925376,6.220878669925376,6.220878669925376,-1.384925460743493,1.384925460743493,0.9808925368229784,0.6301475911656764,0.7224396733380444,True,FULL,FULL_exp_log_rank_2
194,0.47,1.5599999999999998,0.9,0.6583333333333333,0.6583333333333333,2.1587521490528645,3.2051282051282053,2.8170854823861977,5.267358968714256,0.6583333333333333,1.4010336207996348,3.2051282051282053,2.059366954132968,4.949007718842721,-0.7577185282532297,0.7577185282532297,-0.7577185282532297,0.7577185282532297,-0.31835124987153485,0.31835124987153485,0.0857742712289695,0.05949353067515146,0.6437054321958479,True,FULL,FULL_exp_log_rank_2
195,0.49,2.1875,5.79,4.2505,4.2505,7.336962282580967,2.2857142857142856,11.587462282580969,5.320972461121309,4.2505,5.579543495643734,2.2857142857142856,9.830043495643734,5.065553567062088,-1.757418786937233,1.757418786937233,-1.7574187869372349,1.7574187869372349,-0.255418894059221,0.255418894059221,0.2966218155195561,0.19181925632931823,0.8770222237090805,True,FULL,FULL_exp_log_rank_2
196,1.09,3.86,17.51,14.9375,14.9375,16.553387035413166,1.2953367875647668,31.490887035413166,2.8169440230151195,14.9375,57.81238185526442,1.2953367875647668,72.74988185526442,1.8163095371557108,41.25899481985125,41.25899481985125,41.25899481985125,41.25899481985125,-1.0006344858594087,1.0006344858594087,0.8808739320093681,0.7108790975284185,0.8881296198267332,True,FULL,FULL_exp_log_rank_2
197,0.14,2.0725,0.99,0.65575,0.65575,0.5146811885872504,2.4125452352231607,1.1704311885872505,25.510159206488257,0.65575,0.0774425436356195,2.4125452352231607,0.7331925436356196,38.19808121617356,-0.4372386449516309,0.4372386449516309,-0.4372386449516309,0.4372386449516309,12.687922009685305,12.687922009685305,0.09910747875974597,0.058908388569021586,0.3028988031048324,True,FULL,FULL_exp_log_rank_2
199,2.66,4.3725000000000005,17.29,16.490000000000002,16.490000000000002,37.39926722177272,1.1435105774728416,53.88926722177272,1.504191322919805,16.490000000000002,83.91544907158882,1.1435105774728416,100.40544907158883,1.2420241966213814,46.51618184981611,46.51618184981611,46.516181849816114,46.516181849816114,-0.26216712629842354,0.26216712629842354,1.1363783648724195,0.7844086365621485,0.8810620367721982,True,FULL,FULL_exp_log_rank_2
200,1.09,1.85,0.51,0.452,0.452,3.5013968656521643,2.702702702702702,3.953396865652164,3.161464776235545,0.452,3.652058261129504,2.702702702702702,4.104058261129504,2.862431721697791,0.1506613954773397,0.1506613954773397,0.15066139547734014,0.15066139547734014,-0.299033054537754,0.299033054537754,0.07238357533149826,0.05416992203601949,0.4112198120260444,True,FULL,FULL_exp_log_rank_2
201,4.54,28.00018033053748,3.73,3.372542584212134,3.372542584212134,0.9705608512144872,0.178570278511632,4.343103435426621,0.8969826858645201,3.372542584212134,22.839991465325273,0.178570278511632,26.212534049537407,0.3684464537567002,21.869430614110787,21.869430614110787,21.869430614110787,21.869430614110787,-0.52853623210782,0.52853623210782,2.2743184792253084,1.58172263384399,-23.113534434761693,True,FULL,FULL_exp_log_rank_2
202,5.68,6.0,13.66,13.51,13.51,45.684267603740025,0.8333333333333334,59.19426760374002,0.9611956816495174,13.51,33.172053423945435,0.8333333333333334,46.68205342394543,0.9087328977034246,-12.51221417979459,12.51221417979459,-12.51221417979459,12.51221417979459,-0.05246278394609283,0.05246278394609283,0.678442555336231,0.4178792897206446,0.9212965712766048,True,FULL,FULL_exp_log_rank_2
203,8.16,15.0,0.64,0.4826666666666666,0.4826666666666666,11.163229285157737,0.3333333333333333,11.645895951824402,0.3680224492093827,0.4826666666666666,13.180136112405092,0.3333333333333333,13.66280277907176,0.3402622216295048,2.0169068272473556,2.0169068272473556,2.0169068272473574,2.0169068272473574,-0.027760227579877894,0.027760227579877894,0.16815919161862056,0.12850299677052757,-0.6595393304812895,True,FULL,FULL_exp_log_rank_2
204,9.63,15.0,1.15,0.9263333333333332,0.9263333333333332,31.67109901569681,0.3333333333333333,32.59743234903014,0.356302565715436,0.9263333333333332,24.42249747755516,0.3333333333333333,25.34883081088849,0.3389273917250847,-7.248601538141649,7.248601538141649,-7.248601538141653,7.248601538141653,-0.017375173990351322,0.017375173990351322,0.3369243937965204,0.2569851495037907,-0.8464208875100523,True,FULL,FULL_exp_log_rank_2
205,8.17,15.0,1.67,1.391,1.391,14.757831874738754,0.3333333333333333,16.148831874738754,0.3859250855203011,1.391,17.942812309607184,0.3333333333333333,19.333812309607183,0.3476031411034938,3.1849804348684305,3.1849804348684305,3.1849804348684287,3.1849804348684287,-0.03832194441680731,0.03832194441680731,0.29429601117671483,0.22105545552869152,0.08947272271328277,True,FULL,FULL_exp_log_rank_2
206,7.68,15.0,2.36,1.9943333333333333,1.9943333333333333,14.016889640854824,0.3333333333333333,16.011222974188158,0.404258783461519,1.9943333333333333,14.934921408523287,0.3333333333333333,16.92925474185662,0.3594902359668347,0.9180317676684631,0.9180317676684631,0.9180317676684631,0.9180317676684631,-0.044768547494684285,0.044768547494684285,0.3360794557405122,0.24819540522214154,0.3682317624239624,True,FULL,FULL_exp_log_rank_2
207,12.65,17.5,2.87,2.478,2.478,85.54466261294648,0.2857142857142857,88.02266261294648,0.3027127732951231,2.478,39.07276761895799,0.2857142857142857,41.55076761895799,0.2924050252549333,-46.47189499398849,46.47189499398849,-46.471894993988485,46.471894993988485,-0.010307748040189801,0.010307748040189801,0.750793217856521,0.5439120214511663,-0.6211627999830733,True,FULL,FULL_exp_log_rank_2
209,0.55,3.75,0.015,0.014,0.014,0.0024195869070291,1.3333333333333333,0.0164195869070291,8.395940887010124,0.014,0.0404426475561231,1.3333333333333333,0.0544426475561231,3.75765166018675,0.038023060649094,0.038023060649094,0.038023060649094,0.038023060649094,-4.638289226823374,4.638289226823374,0.005047043650255785,0.0033640155684277135,-6.848438919966271,True,FULL,FULL_exp_log_rank_2
210,0.73,3.75,0.017,0.0155,0.0155,0.0049950016940742,1.3333333333333333,0.0204950016940742,5.436911505105911,0.0155,0.0322702555188442,1.3333333333333333,0.0477702555188442,2.9658542825280914,0.02727525382477,0.02727525382477,0.02727525382477,0.02727525382477,-2.47105722257782,2.47105722257782,0.0024442015235334206,0.0017081920944585981,-0.178712499520999,True,FULL,FULL_exp_log_rank_2
211,0.73,3.75,0.031,0.0205,0.0205,0.0421170527109933,1.3333333333333333,0.0626170527109933,3.3538139443417307,0.0205,0.3179676743843448,1.3333333333333333,0.3384676743843449,1.914507797060816,0.2758506216733515,0.2758506216733515,0.2758506216733516,0.2758506216733516,-1.4393061472809148,1.4393061472809148,0.013544496636500467,0.010219706007082854,-7.403607733228474,True,FULL,FULL_exp_log_rank_2
212,0.56,4.25,0.032,0.0305,0.0305,0.0032729190185453,1.1764705882352942,0.0337729190185453,9.217143579218789,0.0305,0.1408925881262168,1.1764705882352942,0.1713925881262168,3.4449534808098856,0.1376196691076715,0.1376196691076715,0.13761966910767148,0.13761966910767148,-5.7721900984089025,5.7721900984089025,0.020002227556870582,0.013164335278374597,-28.03271172115591,True,FULL,FULL_exp_log_rank_2
213,0.61,4.25,0.036,0.032,0.032,0.0097117896904809,1.1764705882352942,0.0417117896904809,6.613265489413038,0.032,0.16626183451695,1.1764705882352942,0.19826183451695,2.999150853649714,0.15655004482646911,0.15655004482646911,0.15655004482646911,0.15655004482646911,-3.6141146357633245,3.6141146357633245,0.020202633994440892,0.013601456348906249,-21.139588982589657,True,FULL,FULL_exp_log_rank_2
214,0.8,4.25,0.041,0.0365,0.0365,0.0146135447707714,1.1764705882352942,0.0511135447707714,4.687843076991533,0.0365,0.1815272333198803,1.1764705882352942,0.2180272333198804,2.171765095070196,0.1669136885491089,0.1669136885491089,0.16691368854910899,0.16691368854910899,-2.5160779819213372,2.5160779819213372,0.013554156908857001,0.00971176298729415,-5.3910733024111375,True,FULL,FULL_exp_log_rank_2
215,0.85,4.25,0.053,0.0412499999999999,0.0412499999999999,0.0449535990108785,1.1764705882352942,0.0862035990108784,3.4008265344224067,0.0412499999999999,0.3012876626812424,1.1764705882352942,0.3425376626812423,1.8770691751592328,0.25633406367036393,0.25633406367036393,0.25633406367036393,0.25633406367036393,-1.523757359263174,1.523757359263174,0.015127828804701059,0.011243688665185816,-3.3336464753430244,True,FULL,FULL_exp_log_rank_2
216,1.18,4.75,0.072,0.06875,0.06875,0.0144953537063408,1.0526315789473684,0.0832453537063408,3.803418428356459,0.06875,0.267920106792664,1.0526315789473684,0.336670106792664,1.6022150501538646,0.2534247530863232,0.2534247530863232,0.25342475308632323,0.25342475308632323,-2.201203378202594,2.201203378202594,0.01178798775670981,0.008765152863803173,-0.2816194405598742,True,FULL,FULL_exp_log_rank_2
217,1.07,4.75,0.082,0.07425,0.07425,0.0316745022212473,1.0526315789473684,0.1059245022212473,3.494012368300583,0.07425,0.3261782106591706,1.0526315789473684,0.4004282106591706,1.6827499278560347,0.2945037084379233,0.2945037084379233,0.2945037084379233,0.2945037084379233,-1.8112624404445483,1.8112624404445483,0.016118085236609302,0.011942171206460602,-0.9837866591212647,True,FULL,FULL_exp_log_rank_2
218,0.99,4.75,0.091,0.0815,0.0815,0.0350845623553453,1.0526315789473684,0.1165845623553453,3.740061038065954,0.0815,0.3681560120100537,1.0526315789473684,0.4496560120100538,1.7920934351496702,0.3330714496547084,0.3330714496547084,0.3330714496547085,0.3330714496547085,-1.9479676029162836,1.9479676029162836,0.02191662857609033,0.016021208312486282,-2.1538519503245177,True,FULL,FULL_exp_log_rank_2
219,1.33,4.75,0.123,0.109,0.109,0.0845437839006371,1.0526315789473684,0.1935437839006371,2.512415047002486,0.109,0.6337142124654126,1.0526315789473684,0.7427142124654126,1.370217773001546,0.5491704285647755,0.5491704285647755,0.5491704285647755,0.5491704285647755,-1.1421972740009403,1.1421972740009403,0.012178338163163563,0.009536000292637504,0.5666209699862312,True,FULL,FULL_exp_log_rank_2
220,0.57,3.0,0.057,0.045,0.045,0.0423378142666348,1.6666666666666667,0.0873378142666348,5.252909248352316,0.045,0.5136036114017959,1.6666666666666667,0.5586036114017959,2.5819288627258308,0.4712657971351611,0.4712657971351611,0.47126579713516115,0.47126579713516115,-2.6709803856264855,2.6709803856264855,0.029513776433246312,0.021778708080667106,-13.90466236040233,True,FULL,FULL_exp_log_rank_2
221,0.74,3.0,0.052,0.0426666666666666,0.0426666666666666,0.0483380999196384,1.6666666666666667,0.091004766586305,3.990648101805694,0.0426666666666666,0.4561883253967846,1.6666666666666667,0.4988549920634513,2.0994494430380124,0.4078502254771462,0.4078502254771462,0.4078502254771463,0.4078502254771463,-1.8911986587676815,1.8911986587676815,0.00992539068021443,0.007796216296500399,-0.7485730151308276,True,FULL,FULL_exp_log_rank_2
222,1.17,3.75,0.042,0.037,0.037,0.0379972465016185,1.3333333333333333,0.0749972465016185,2.7555455668379523,0.037,0.2112302258303132,1.3333333333333333,0.2482302258303132,1.657078824466254,0.1732329793286947,0.1732329793286947,0.1732329793286947,0.1732329793286947,-1.0984667423716983,1.0984667423716983,0.0022449152325819655,0.0018604294456928045,0.8822686520876729,True,FULL,FULL_exp_log_rank_2
223,2.7,4.333333333333333,0.036,0.0356666666666666,0.0356666666666666,0.012315781767816,1.153846153846154,0.0479824484344826,2.0063850757344786,0.0356666666666666,0.0033481235147416,1.153846153846154,0.0390147901814082,2.322376060322857,-0.0089676582530744,0.0089676582530744,-0.008967658253074398,0.008967658253074398,0.3159909845883786,0.3159909845883786,0.00025796046016773535,0.00020798122363633212,0.9986240074978481,True,FULL,FULL_exp_log_rank_2
224,0.75,3.5,0.022,0.02125,0.02125,0.0026705992767688,1.4285714285714286,0.0239205992767688,6.637578410976577,0.02125,0.04653905443803,1.4285714285714286,0.0677890544380301,2.851707105949516,0.0438684551612612,0.0438684551612612,0.0438684551612613,0.0438684551612613,-3.7858713050270607,3.7858713050270607,0.0034058342340799208,0.0024068238948901453,-0.2920569765313865,True,FULL,FULL_exp_log_rank_2
225,1.15,3.5,0.021,0.02,0.02,0.0073958891535081,1.4285714285714286,0.0273958891535081,3.6113543932907137,0.02,0.0066639687225266,1.4285714285714286,0.0266639687225266,3.3842792231666614,-0.0007319204309814992,0.0007319204309814992,-0.000731920430981501,0.000731920430981501,-0.22707517012405232,0.22707517012405232,0.00032032196955657694,0.000181678192271739,0.9909665529352036,True,FULL,FULL_exp_log_rank_2
226,1.1,3.5,0.02,0.01925,0.01925,0.004956977641193,1.4285714285714286,0.024206977641193,4.054827267846036,0.01925,0.0048072348062128,1.4285714285714286,0.0240572348062129,3.776158788487595,-0.00014974283498020002,0.00014974283498020002,-0.00014974283498010027,0.00014974283498010027,-0.2786684793584415,0.2786684793584415,0.00022742464935081465,0.00011413314515027205,0.9947914004893904,True,FULL,FULL_exp_log_rank_2
228,0.7,3.0,0.059,0.0456666666666666,0.0456666666666666,0.0656740182268081,1.6666666666666667,0.1113406848934747,3.9285722676402535,0.0456666666666666,0.1854019470798366,1.6666666666666667,0.2310686137465032,2.6362875338627525,0.11972792885302849,0.11972792885302849,0.11972792885302849,0.11972792885302849,-1.292284733777501,1.292284733777501,0.004389547436450371,0.003340476884844791,0.7338078508390169,True,FULL,FULL_exp_log_rank_2
229,0.8,3.75,0.039,0.03775,0.03775,0.0044128695173391,1.3333333333333333,0.0421628695173391,6.31959788609588,0.03775,0.0902382234499931,1.3333333333333333,0.1279882234499931,2.609568094503794,0.085825353932654,0.085825353932654,0.085825353932654,0.085825353932654,-3.710029791592086,3.710029791592086,0.006606515939308881,0.004673201429814769,-0.5562359494839131,True,FULL,FULL_exp_log_rank_2
230,1.1,3.75,0.031,0.03025,0.03025,0.004226216061608,1.3333333333333333,0.034476216061608,4.574641618565765,0.03025,0.034656406971785,1.3333333333333333,0.064906406971785,2.460879033141458,0.030430190910177,0.030430190910177,0.030430190910177,0.030430190910177,-2.1137625854243067,2.1137625854243067,0.001526511899953116,0.001166463111365759,0.8950528762516643,True,FULL,FULL_exp_log_rank_2
234,0.99,3.0,0.523,0.4803333333333333,0.4803333333333333,0.3422582854093307,1.6666666666666667,0.822591618742664,3.6102895519762694,0.4803333333333333,0.3837002972485187,1.6666666666666667,0.864033630581852,3.119936217202788,0.041442011839188,0.041442011839188,0.04144201183918805,0.04144201183918805,-0.49035333477348164,0.49035333477348164,0.01277766624194405,0.006679269924565968,0.9766796721482535,True,FULL,FULL_exp_log_rank_2
235,1.49,3.0,0.929,0.87,0.87,1.3911680147990315,1.6666666666666667,2.261168014799032,2.4688599946843404,0.87,1.342217648373624,1.6666666666666667,2.212217648373624,2.183203552173969,-0.04895036642540762,0.04895036642540762,-0.04895036642540784,0.04895036642540784,-0.28565644251037137,0.28565644251037137,0.049284797667901364,0.033386034069523944,0.9141620420633673,True,FULL,FULL_exp_log_rank_2
236,2.48,3.5,1.278,1.2245,1.2245,4.974718816480315,1.4285714285714286,6.199218816480315,1.7047169871616714,1.2245,5.382324752849286,1.4285714285714286,6.606824752849286,1.5420465471961542,0.407605936368971,0.407605936368971,0.407605936368971,0.407605936368971,-0.16267043996551722,0.16267043996551722,0.10335013758402313,0.07213918048515926,0.8094290555461787,True,FULL,FULL_exp_log_rank_2
238,1.16,3.0,0.606,0.5299999999999999,0.5299999999999999,0.9995028593983644,1.6666666666666667,1.5295028593983642,2.6762963684092975,0.5299999999999999,0.6323755277616173,1.6666666666666667,1.1623755277616172,2.562147545793078,-0.36712733163674705,0.36712733163674705,-0.36712733163674693,0.36712733163674693,-0.11414882261621973,0.11414882261621973,0.038522660887262555,0.026920500892685814,0.8532330782978635,True,FULL,FULL_exp_log_rank_2
239,2.0,3.5,0.785,0.745,0.745,1.4880839300345443,1.4285714285714286,2.2330839300345446,1.9471028822830023,0.745,2.2046152943769486,1.4285714285714286,2.9496152943769487,1.644518700130513,0.7165313643424043,0.7165313643424043,0.716531364342404,0.716531364342404,-0.3025841821524893,0.3025841821524893,0.04789053790632182,0.03279597300138625,0.8945372027178342,True,FULL,FULL_exp_log_rank_2
240,1.84,3.0,1.067,0.9266666666666667,0.9266666666666667,11.34965538746409,1.6666666666666667,12.276322054130755,1.8769974838423913,0.9266666666666667,3.064274059691048,1.6666666666666667,3.9909407263577146,1.8739789554948,-8.285381327773042,8.285381327773042,-8.285381327773042,8.285381327773042,-0.0030185283475911984,0.0030185283475911984,0.19134700867519439,0.1464387086084739,0.10289410812466471,True,FULL,FULL_exp_log_rank_2
241,2.5,3.5,1.53,1.435,1.435,11.191062390354295,1.4285714285714286,12.626062390354296,1.6206039521105755,1.435,5.9259178054730395,1.4285714285714286,7.36091780547304,1.5472267150688082,-5.265144584881256,5.265144584881256,-5.265144584881256,5.265144584881256,-0.07337723704176735,0.07337723704176735,0.18000763487814567,0.12855290390904195,0.5836735793139689,True,FULL,FULL_exp_log_rank_2
242,1.28,13.0,0.381,0.236,0.236,0.2798827945510767,0.3846153846153846,0.5158827945510767,2.332154177278262,0.236,0.9994221486261136,0.3846153846153846,1.2354221486261137,1.7207644956656931,0.7195393540750369,0.7195393540750369,0.719539354075037,0.719539354075037,-0.6113896816125688,0.6113896816125688,0.13244074157281274,0.08341025729811516,-5.531725342172228,True,FULL,FULL_exp_log_rank_2
243,1.94,13.0,1.479,1.139,1.139,0.9051763320711632,0.3846153846153846,2.0441763320711632,1.6142343389282214,1.139,0.7512489350500289,0.3846153846153846,1.8902489350500289,1.5926883573019126,-0.15392739702113434,0.15392739702113434,-0.15392739702113434,0.15392739702113434,-0.02154598162630883,0.02154598162630883,0.03170012169694169,0.019460795032509616,0.9710971046938228,True,FULL,FULL_exp_log_rank_2
244,2.29,13.0,30.401,2.493,2.493,191.4872115140508,0.3846153846153846,193.9802115140508,0.5794840127037909,2.493,18.245580007497033,0.3846153846153846,20.73858000749703,0.7053968927822005,-173.24163150655377,173.24163150655377,-173.24163150655377,173.24163150655377,0.12591288007840962,0.12591288007840962,12.104415791121781,8.784806586982908,-0.622484041626884,True,FULL,FULL_exp_log_rank_2
246,0.34,13.0,0.306,0.104,0.104,0.238125551076079,0.3846153846153846,0.342125551076079,11.465962069935722,0.104,0.9196828913005624,0.3846153846153846,1.0236828913005624,10.396799574301454,0.6815573402244833,0.6815573402244833,0.6815573402244834,0.6815573402244834,-1.0691624956342682,1.0691624956342682,0.18059293156337097,0.10272956278086064,-10.382041280952457,True,FULL,FULL_exp_log_rank_2
247,0.55,13.0,1.422,0.768,0.768,0.854926430267495,0.3846153846153846,1.622926430267495,6.829794290098721,0.768,0.4904046519686633,0.3846153846153846,1.2584046519686634,7.498372995354798,-0.36452177829883176,0.36452177829883176,-0.3645217782988317,0.3645217782988317,0.6685787052560777,0.6685787052560777,0.09182848461381925,0.05317288677175993,0.7768224125699799,True,FULL,FULL_exp_log_rank_2
248,1.07,13.0,2.417,1.547,1.547,1.4889207977309928,0.3846153846153846,3.0359207977309928,3.0462519251595546,1.547,0.0432124048256423,0.3846153846153846,1.5902124048256423,6.379029043190228,-1.4457083929053505,1.4457083929053505,-1.4457083929053505,1.4457083929053505,3.332777118030674,3.332777118030674,0.30478171874904725,0.18322196426209947,0.02487485085889307,True,FULL,FULL_exp_log_rank_2
250,0.1,15.0,0.367,0.136,0.136,0.2402542971419538,0.3333333333333333,0.3762542971419538,56.09759499434641,0.136,1.2616601338164224,0.3333333333333333,1.3976601338164223,51.821150919861935,1.0214058366744685,1.0214058366744685,1.0214058366744685,1.0214058366744685,-4.276444074484473,4.276444074484473,0.2784219631207737,0.15643414066789366,-23.08748084364398,True,FULL,FULL_exp_log_rank_2
251,0.67,15.0,1.297,0.843,0.843,0.5998183417647385,0.3333333333333333,1.4428183417647384,6.0080454699914485,0.843,0.8885954433685019,0.3333333333333333,1.731595443368502,5.518117680065679,0.28877710160376346,0.28877710160376346,0.28877710160376346,0.28877710160376346,-0.4899277899257699,0.4899277899257699,0.07156273730392934,0.04164118114645172,0.7763804075655758,True,FULL,FULL_exp_log_rank_2
254,0.42,15.0,0.464,0.223,0.223,0.286841251907236,0.3333333333333333,0.509841251907236,9.785018691865965,0.223,1.2649007325845862,0.3333333333333333,1.4879007325845863,8.404042015402164,0.9780594806773503,0.9780594806773503,0.9780594806773504,0.9780594806773504,-1.380976676463801,1.380976676463801,0.2577714278203427,0.14694018212487614,-13.730142876203201,True,FULL,FULL_exp_log_rank_2
255,1.34,15.0,1.532,0.812,0.812,1.3202731944591186,0.3333333333333333,2.1322731944591187,2.118955632610797,0.812,1.286279306542487,0.3333333333333333,2.0982793065424867,2.056427731876629,-0.033993887916631715,0.033993887916631715,-0.03399388791663194,0.03399388791663194,-0.06252790073416792,0.06252790073416792,0.011610877693866078,0.00608718326258738,0.997549685163203,True,FULL,FULL_exp_log_rank_2
256,1.56,15.0,2.845,1.821,1.821,2.049502462074934,0.3333333333333333,3.870502462074933,1.917214666999875,1.821,0.58392976887304,0.3333333333333333,2.40492976887304,2.543318856700163,-1.4655726932018938,1.4655726932018938,-1.465572693201893,1.465572693201893,0.6261041897002879,0.6261041897002879,0.2815822061450344,0.1749162454348789,0.45005640048631546,True,FULL,FULL_exp_log_rank_2
258,2.09,15.0,55.263,3.813,3.813,190.18212243089908,0.3333333333333333,193.99512243089907,0.7174733228095233,3.813,87.27425590658619,0.3333333333333333,91.0872559065862,0.7266955037807856,-102.9078665243129,102.9078665243129,-102.90786652431288,102.90786652431288,0.009222180971262373,0.009222180971262373,12.664626508377404,8.605808300335719,0.45341333071913326,True,FULL,FULL_exp_log_rank_2
284,0.27,1.6652089623887931,2.655,1.3036485066778338,1.3036485066778338,4.61028992899217,3.002626164602998,5.913938435670004,7.913618795998358,1.3036485066778338,1.4845288891947193,3.002626164602998,2.788177395872553,9.667843166424849,-3.125761039797451,3.125761039797451,-3.125761039797451,3.125761039797451,1.7542243704264902,1.7542243704264902,0.4091225484233734,0.27574434033680784,0.28559510214672357,True,FULL,FULL_exp_log_rank_2
285,0.5,3.083720300719987,2.417,0.6555920235894309,0.6555920235894309,7.127781251237852,1.621418128885619,7.783373274827283,3.420782268328867,0.6555920235894309,1.931119014233582,1.621418128885619,2.586711037823013,4.0238882923409545,-5.196662237004269,5.196662237004269,-5.19666223700427,5.19666223700427,0.6031060240120873,0.6031060240120873,0.5830835774800871,0.40208579609937234,0.05223282568393883,True,FULL,FULL_exp_log_rank_2
287,0.29,1.7885577744175924,3.214,1.959240530267265,1.959240530267265,3.9894927128527247,2.7955484980786536,5.94873324311999,8.412171305906568,1.959240530267265,1.1203239480985263,2.7955484980786536,3.0795644783657914,11.008769816016798,-2.8691687647541984,2.8691687647541984,-2.8691687647541984,2.8691687647541984,2.59659851011023,2.59659851011023,0.3960771489572234,0.2642053490066254,0.3579950298270439,True,FULL,FULL_exp_log_rank_2
289,0.44,2.7136738646335887,5.856,2.848434309388562,2.848434309388562,10.290924987900752,1.8425206010063853,13.139359297289314,4.832563228905287,2.848434309388562,2.986899972211222,1.8425206010063853,5.835334281599784,6.076641278852489,-7.30402501568953,7.30402501568953,-7.30402501568953,7.30402501568953,1.244078049947202,1.244078049947202,0.9502915343767672,0.6411117151830446,0.21831887304267583,True,FULL,FULL_exp_log_rank_2
291,0.42,2.590325052604789,4.293,1.959240530267265,1.959240530267265,8.144262348078403,1.9302596772447849,10.103502878345669,4.906645401620717,1.959240530267265,1.6538734791058332,1.9302596772447849,3.6131140093730982,6.783234474591864,-6.49038886897257,6.49038886897257,-6.490388868972571,6.490388868972571,1.8765890729711465,1.8765890729711465,0.8258106126103418,0.559083226954775,-0.00623166668615327,True,FULL,FULL_exp_log_rank_2
292,0.27,1.6652089623887931,1.816,0.6555920235894309,0.6555920235894309,4.340373544875488,3.002626164602998,4.99596556846492,6.93036783035678,0.6555920235894309,1.4437599993341013,3.002626164602998,2.099352022923532,8.034702389284078,-2.896613545541387,2.896613545541387,-2.8966135455413875,2.8966135455413875,1.104334558927298,1.104334558927298,0.3506874626217711,0.23921644197406905,0.22717564292419712,True,FULL,FULL_exp_log_rank_2
293,0.55,3.392092330791986,3.752,1.3488617496840016,1.3488617496840016,8.999404803617814,1.4740164808051082,10.348266553301816,3.397073578572742,1.3488617496840016,1.4900069744489086,1.4740164808051082,2.8388687241329102,4.788163309973061,-7.509397829168906,7.509397829168906,-7.509397829168906,7.509397829168906,1.3910897314003194,1.3910897314003194,0.8982322125048805,0.6140746775787423,-0.18280460190157743,True,FULL,FULL_exp_log_rank_2
295,1.2,7.400928721727968,0.0307,0.0217962758401608,0.0217962758401608,0.0268208917452208,0.6755908870356747,0.0486171675853816,2.3157906832156443,0.0217962758401608,0.0542308830465549,0.6755908870356747,0.0760271588867157,1.750528938599381,0.027409991301334098,0.027409991301334098,0.027409991301334098,0.027409991301334098,-0.5652617446162633,0.5652617446162633,0.002783995737335918,0.0019323813325911844,0.5560652185184761,True,FULL,FULL_exp_log_rank_2
296,2.0,12.334881202879949,0.131,0.0508579769603752,0.0508579769603752,0.2935284290129898,0.4053545322214048,0.344386405973365,0.9614433155844516,0.0508579769603752,1.3230618265837162,0.4053545322214048,1.3739198035440914,0.6906488842531309,1.0295333975707264,1.0295333975707264,1.0295333975707264,1.0295333975707264,-0.27079443133132075,0.27079443133132075,0.08033116939266323,0.05801874514826925,-7.409431048868685,True,FULL,FULL_exp_log_rank_2
297,1.8,11.101393082591954,0.046,0.0145308505601072,0.0145308505601072,0.1222071066849876,0.4503939246904497,0.1367379572450948,0.9937795159488002,0.0145308505601072,0.2282639054550965,0.4503939246904497,0.2427947560152037,0.8123531274133883,0.1060567987701089,0.1060567987701089,0.1060567987701089,0.1060567987701089,-0.18142638853541193,0.18142638853541193,0.007134778314859554,0.005260217300608883,0.5592231631889527,True,FULL,FULL_exp_log_rank_2
302,0.75,4.625580451079981,0.055,0.0153092991217785,0.0153092991217785,0.1595143577214117,1.080945419257079,0.1748236568431902,2.2969478423570417,0.0153092991217785,0.463963330357808,1.080945419257079,0.4792726294795865,1.8158664345255084,0.3044489726363963,0.3044489726363963,0.30444897263639625,0.30444897263639625,-0.4810814078315333,0.4810814078315333,0.021908352399256353,0.01596920682624336,-1.6321811227850462,True,FULL,FULL_exp_log_rank_2
303,0.91,5.612370947310377,0.041,0.0153092991217785,0.0153092991217785,0.0951653865132687,0.8908890818052851,0.1104746856350472,2.0818876302589207,0.0153092991217785,0.2279269890978026,0.8908890818052851,0.2432362882195811,1.618216530388591,0.1327616025845339,0.1327616025845339,0.1327616025845339,0.1327616025845339,-0.46367109987032973,0.46367109987032973,0.009984040875912308,0.007264522848839291,-0.27203190521598297,True,FULL,FULL_exp_log_rank_2
304,1.87,11.533113924692753,0.046,0.0153092991217785,0.0153092991217785,0.1174680513670647,0.4335342590603259,0.1327773504888432,0.9728764088168116,0.0153092991217785,0.1818155442824555,0.4335342590603259,0.197124843404234,0.8130061291531011,0.0643474929153908,0.0643474929153908,0.0643474929153908,0.0643474929153908,-0.15987027966371048,0.15987027966371048,0.0038914887300668926,0.002895129761730916,0.8627374520950833,True,FULL,FULL_exp_log_rank_2
305,2.17,13.383346105124744,0.042,0.0153092991217785,0.0153092991217785,0.0995579974430193,0.373598647208668,0.1148672965647978,0.8653228395367738,0.0153092991217785,0.1005375476958581,0.373598647208668,0.1158468468176366,0.7754292722797795,0.0009795502528388011,0.0009795502528388011,0.0009795502528388011,0.0009795502528388011,-0.08989356725699427,0.08989356725699427,0.0015839305528506638,0.0008313894116524832,0.9702378818253258,True,FULL,FULL_exp_log_rank_2
311,1.45,8.942788872087963,1.14,0.7935883525311068,0.7935883525311068,1.051107361858608,0.5591096996157306,1.844695714389715,1.879665749713435,0.7935883525311068,0.897962668789204,0.5591096996157306,1.6915510213203109,1.803550834086577,-0.15314469306940393,0.15314469306940393,-0.15314469306940404,0.15314469306940404,-0.07611491562685813,0.07611491562685813,0.03345548006483796,0.020329587767005712,0.9548487026437393,True,FULL,FULL_exp_log_rank_2
314,1.8,11.101393082591954,3.8,2.3726672172613705,2.3726672172613705,4.501119428750482,0.4503939246904497,6.873786646011853,1.379736428464202,2.3726672172613705,0.7693796405554414,0.4503939246904497,3.142046857816812,2.0828455353167645,-3.731739788195041,3.731739788195041,-3.731739788195041,3.731739788195041,0.7031091068525626,0.7031091068525626,0.5139262547511525,0.3420525110268306,0.19531926134939626,True,FULL,FULL_exp_log_rank_2
316,1.1,6.784184661583972,1.23,0.5909609098097346,0.5909609098097346,2.195000047586552,0.7370082404025541,2.7859609573962865,1.920963652491806,0.5909609098097346,0.7956973703452135,0.7370082404025541,1.386658280154948,2.2610084453194297,-1.3993026772413384,1.3993026772413384,-1.3993026772413384,1.3993026772413384,0.3400447928276238,0.3400447928276238,0.1831504458676101,0.12343714873229959,0.3532160990469565,True,FULL,FULL_exp_log_rank_2
317,0.75,4.625580451079981,0.94,0.7727950359050375,0.7727950359050375,0.4751593936736535,1.080945419257079,1.247954429578691,4.459377299507828,0.7727950359050375,0.0094655067868785,1.080945419257079,0.782260542691916,9.923018246918591,-0.465693886886775,0.465693886886775,-0.46569388688677504,0.46569388688677504,5.463640947410763,5.463640947410763,0.06725821318537253,0.04377493821709764,0.6759231785070087,True,FULL,FULL_exp_log_rank_2
320,1.3,8.017672781871967,3.7,1.9806931592524069,1.9806931592524069,5.70674005649928,0.6236223572636995,7.687433215751687,1.723838260148718,1.9806931592524069,0.1463962082106031,0.6236223572636995,2.12708936746301,4.137929193834629,-5.560343848288677,5.560343848288677,-5.560343848288677,5.560343848288677,2.4140909336859107,2.4140909336859107,0.7335311849790079,0.48928926629051217,-0.3458953255847892,True,FULL,FULL_exp_log_rank_2
321,1.5,9.25116090215996,2.94,0.5553062574145964,0.5553062574145964,10.568278952724356,0.5404727096285398,11.123585210138952,1.04691166819964,0.5553062574145964,15.615076826355269,0.5404727096285398,16.170383083769863,0.914098393801916,5.046797873630913,5.046797873630913,5.046797873630911,5.046797873630911,-0.13281327439772395,0.13281327439772395,0.25447561206339514,0.19308304161572976,0.9007418631307238,True,FULL,FULL_exp_log_rank_2
322,1.7,10.484649022447956,1.47,1.1106125148291928,1.1106125148291928,1.0572811334663703,0.4768876849663586,2.1678936482955633,1.7502458150213789,1.1106125148291928,1.396771793542548,0.4768876849663586,2.5073843083717406,1.4919778904592216,0.3394906600761778,0.3394906600761778,0.33949066007617734,0.33949066007617734,-0.2582679245621573,0.2582679245621573,0.03193087412053463,0.022138311740325413,0.972336451387349,True,FULL,FULL_exp_log_rank_2
323,1.7,10.484649022447956,7.35,2.2212250296583855,2.2212250296583855,20.160376750419932,0.4768876849663586,22.381601780078316,1.0379375597762583,2.2212250296583855,8.988038422604191,0.4768876849663586,11.209263452262576,1.096630106146338,-11.17233832781574,11.17233832781574,-11.17233832781574,11.17233832781574,0.05869254637007959,0.05869254637007959,1.330632661605934,0.9090096554400771,0.4210490451379535,True,FULL,FULL_exp_log_rank_2
327,0.1,0.6167440601439975,0.08,0.0796743371481683,0.0796743371481683,0.0008090983306987,8.107090644428094,0.080483435478867,77.68977402204777,0.0796743371481683,0.2485378336433449,8.107090644428094,0.3282121707915132,19.834661801280507,0.2477287353126462,0.2477287353126462,0.24772873531264622,0.24772873531264622,-57.85511222076727,57.85511222076727,0.02878831393556595,0.01935306737873709,-8.52714915590052,True,FULL,FULL_exp_log_rank_2
329,1.2,7.400928721727968,0.024,0.0202072594216368,0.0202072594216368,0.010665146237602,0.6755908870356747,0.0308724056592388,2.9023919692701785,0.0202072594216368,0.0102542264420889,0.6755908870356747,0.0304614858637258,2.753885549609948,-0.000410919795513099,0.000410919795513099,-0.00041091979551300187,0.00041091979551300187,-0.14850641966023037,0.14850641966023037,0.00022561212221200815,0.00010996144523733771,0.9943375364851607,True,FULL,FULL_exp_log_rank_2
330,1.1,6.784184661583972,0.025,0.0202072594216368,0.0202072594216368,0.0137190748784508,0.7370082404025541,0.0339263343000876,2.9611290302817843,0.0202072594216368,0.0222450313402201,0.7370082404025541,0.0424522907618569,2.396480683022036,0.008525956461769301,0.008525956461769301,0.008525956461769298,0.008525956461769298,-0.5646483472597481,0.5646483472597481,0.0009321477720474484,0.0006275662305846585,0.9129889228805904,True,FULL,FULL_exp_log_rank_2
331,1.25,7.709300751799968,0.047,0.0398371685740841,0.0398371685740841,0.0200809505252075,0.6485672515542477,0.0599181190992916,2.820311710406355,0.0398371685740841,0.1292885773090938,0.6485672515542477,0.1691257458831779,1.5714181558686195,0.10920762678388629,0.10920762678388629,0.10920762678388632,0.10920762678388632,-1.2488935545377353,1.2488935545377353,0.012205851900072383,0.00838984425427653,-3.3328899106423346,True,FULL,FULL_exp_log_rank_2
332,1.2,7.400928721727968,0.05,0.0398371685740841,0.0398371685740841,0.0292663957131568,0.6755908870356747,0.0691035642872409,2.6576864448773354,0.0398371685740841,0.1566200950368435,0.6755908870356747,0.1964572636109276,1.563902091233224,0.12735369932368668,0.12735369932368668,0.1273536993236867,0.1273536993236867,-1.0937843536441114,1.0937843536441114,0.01366997535380597,0.009471638931171183,-3.6255771368293264,True,FULL,FULL_exp_log_rank_2
333,1.6,9.86790496230396,0.093,0.0796743371481683,0.0796743371481683,0.0371742575975103,0.5066931652767559,0.1168485947456786,2.2486028629786348,0.0796743371481683,0.3970301653444693,0.5066931652767559,0.4767045024926376,1.1125755911521211,0.35985590774695897,0.35985590774695897,0.359855907746959,0.359855907746959,-1.1360272718265136,1.1360272718265136,0.03847698478492961,0.026667422527502,-10.035327903833846,True,FULL,FULL_exp_log_rank_2
334,2.5,15.418601503599936,0.1,0.0796743371481683,0.0796743371481683,0.0585327914263222,0.3242836257771238,0.1382071285744905,1.275689493540873,0.0796743371481683,0.6445283557213437,0.3242836257771238,0.724202692869512,0.6475123845152442,0.5859955642950215,0.5859955642950215,0.5859955642950215,0.5859955642950215,-0.6281771090256287,0.6281771090256287,0.058089305871308304,0.04074636858147393,-19.881555519303994,True,FULL,FULL_exp_log_rank_2
335,1.8,11.101393082591954,0.233,0.1991858428704208,0.1991858428704208,0.0944249962521731,0.4503939246904497,0.2936108391225939,1.9904398436807709,0.1991858428704208,0.9629877431739352,0.4503939246904497,1.162173586044356,0.9954223421324284,0.868562746921762,0.868562746921762,0.8685627469217622,0.8685627469217622,-0.9950175015483425,0.9950175015483425,0.09315563531741654,0.06453211708156716,-9.298687290687306,True,FULL,FULL_exp_log_rank_2
336,4.0,24.669762405759897,0.251,0.1991858428704208,0.1991858428704208,0.1494580982300445,0.2026772661107024,0.3486439411004653,0.792806515114832,0.1991858428704208,6.498188348932798,0.2026772661107024,6.697374191803219,0.3383185454987679,6.348730250702753,6.348730250702753,6.348730250702753,6.348730250702753,-0.45448796961606414,0.45448796961606414,0.5354153942797149,0.38217732175956826,-279.6244387878438,True,FULL,FULL_exp_log_rank_2
337,1.13,6.96920787962717,0.045,0.0153092991217785,0.0153092991217785,0.1129415099906837,0.7174416499493891,0.1282508091124622,1.6219045254507285,0.0153092991217785,0.2516539676004926,0.7174416499493891,0.2669632667222711,1.2865259356186418,0.13871245760980888,0.13871245760980888,0.1387124576098089,0.1387124576098089,-0.3353785898320867,0.3353785898320867,0.010034118845835552,0.0073331549294504104,0.02696690768291088,True,FULL,FULL_exp_log_rank_2
338,1.74,10.731346646505555,0.033,0.0153092991217785,0.0153092991217785,0.0614267591501006,0.4659247496797756,0.0767360582718792,1.1936384711708052,0.0153092991217785,0.0431878249932045,0.4659247496797756,0.0584971241149831,1.168941045646278,-0.018238934156896106,0.018238934156896106,-0.0182389341568961,0.0182389341568961,-0.02469742552452714,0.02469742552452714,0.002794723144113873,0.0018306904176096047,0.8006396920907235,True,FULL,FULL_exp_log_rank_2
339,2.13,13.136648481067144,0.035,0.0153092991217785,0.0153092991217785,0.0696089127687665,0.3806145842454505,0.084918211890545,0.9488333573269884,0.0153092991217785,0.0360675758359364,0.3806145842454505,0.0513768749577149,1.0004166952699889,-0.0335413369328301,0.0335413369328301,-0.0335413369328301,0.0335413369328301,0.05158333794300052,0.05158333794300052,0.004469910557751398,0.0030011877548716827,0.5802107227286495,True,FULL,FULL_exp_log_rank_2
341,1.13,6.96920787962717,0.055,0.0153092991217785,0.0153092991217785,0.1595143577209842,0.7174416499493891,0.1748236568427627,1.524522904222498,0.0153092991217785,0.4222120847405386,0.7174416499493891,0.4375213838623171,1.2156010704322129,0.2626977270195544,0.2626977270195544,0.2626977270195544,0.2626977270195544,-0.30892183379028504,0.30892183379028504,0.01870363988322894,0.01365821650329875,-0.9184416665700987,True,FULL,FULL_exp_log_rank_2
342,1.22,7.524277533756768,0.039,0.0153092991217785,0.0153092991217785,0.0864894320112215,0.6645156265924669,0.101798731133,1.5829859963913084,0.0153092991217785,0.1557951511910019,0.6645156265924669,0.1711044503127805,1.2763398533082928,0.0693057191797804,0.0693057191797804,0.06930571917978048,0.06930571917978048,-0.30664614308301563,0.30664614308301563,0.004934537491620811,0.003614785137128621,0.6375900994963095,True,FULL,FULL_exp_log_rank_2
343,1.45,8.942788872087963,0.034,0.0153092991217785,0.0153092991217785,0.0654950286258003,0.5591096996157306,0.0808043277475788,1.4123161332544465,0.0153092991217785,0.0741838324649014,0.5591096996157306,0.0894931315866799,1.235086305098149,0.008688803839101103,0.008688803839101103,0.008688803839101103,0.008688803839101103,-0.1772298281562974,0.1772298281562974,0.0005819730252987209,0.000386371410525284,0.9921729026878301,True,FULL,FULL_exp_log_rank_2
345,0.6,3.700464360863984,0.062,0.0153092991217785,0.0153092991217785,0.1936315334445874,1.3511817740713494,0.2089408325663659,2.78103428223211,0.0153092991217785,0.5968525759431462,1.3511817740713494,0.6121618750649247,2.223756882898041,0.40322104249855883,0.40322104249855883,0.40322104249855883,0.40322104249855883,-0.557277399334069,0.557277399334069,0.028679942758418925,0.02090547446521756,-2.273815006767629,True,FULL,FULL_exp_log_rank_2
346,0.7,4.317208421007981,0.05,0.0153092991217785,0.0153092991217785,0.1358772828198478,1.1581558063468709,0.1511865819416263,2.530764500816095,0.0153092991217785,0.3916901170979075,1.1581558063468709,0.406999416219686,1.9764922281238892,0.25581283427805973,0.25581283427805973,0.2558128342780597,0.2558128342780597,-0.5542722726922056,0.5542722726922056,0.01870891668406362,0.013622991048513071,-1.4995187416512614,True,FULL,FULL_exp_log_rank_2
347,0.9,5.550696541295977,0.034,0.0153092991217785,0.0153092991217785,0.0654950141480271,0.9007878493808994,0.0808043132698056,2.275398701589776,0.0153092991217785,0.1424124490879502,0.9007878493808994,0.1577217482097287,1.7558125370918174,0.0769174349399231,0.0769174349399231,0.0769174349399231,0.0769174349399231,-0.5195861644979587,0.5195861644979587,0.006093304360759011,0.004409512076580342,0.1419733515306918,True,FULL,FULL_exp_log_rank_2
348,1.8,11.101393082591954,0.027,0.0153092991217785,0.0153092991217785,0.038082793731829,0.4503939246904497,0.0533920928536075,1.2897687725693818,0.0153092991217785,0.0056316074905978,0.4503939246904497,0.0209409066123763,2.0113710852092166,-0.032451186241231195,0.032451186241231195,-0.032451186241231195,0.032451186241231195,0.7216023126398348,0.7216023126398348,0.0043607518795144426,0.0029186646903860093,0.02121017497401856,True,FULL,FULL_exp_log_rank_2
349,1.13,6.96920787962717,0.043,0.0153092991217785,0.0153092991217785,0.1039855497101338,0.7174416499493891,0.1192948488319123,1.6477168177591195,0.0153092991217785,0.2222044908916512,0.7174416499493891,0.2375137900134298,1.3076156499107645,0.1182189411815174,0.1182189411815174,0.11821894118151749,0.11821894118151749,-0.340101167848355,0.340101167848355,0.0085859686256581,0.006274741368018774,0.1850565326782212,True,FULL,FULL_exp_log_rank_2
350,1.37,8.449393623972766,0.041,0.0153092991217785,0.0153092991217785,0.0951653865075495,0.591758441199131,0.110474685629328,1.3828596668882291,0.0153092991217785,0.1629931690351618,0.591758441199131,0.1783024681569403,1.128465326190116,0.06782778252761232,0.06782778252761232,0.06782778252761232,0.06782778252761232,-0.25439434069811306,0.25439434069811306,0.004621385001302839,0.003401029632103482,0.7274604059581213,True,FULL,FULL_exp_log_rank_2
351,1.67,10.299625804404757,0.032,0.0153092991217785,0.0153092991217785,0.057405854043788,0.4854545296064728,0.0727151531655665,1.2626030593869657,0.0153092991217785,0.0401795166344507,0.4854545296064728,0.0554888157562292,1.240595374315301,-0.0172263374093373,0.0172263374093373,-0.017226337409337295,0.017226337409337295,-0.022007685071664618,0.022007685071664618,0.0026469179451342672,0.0017327851680576018,0.8015986436042497,True,FULL,FULL_exp_log_rank_2
353,0.9,5.550696541295977,0.037,0.0153092991217785,0.0153092991217785,0.0779670989319231,0.9007878493808994,0.0932763980537016,2.192227389199339,0.0153092991217785,0.1779927181513482,0.9007878493808994,0.1933020172731267,1.6946402764132582,0.1000256192194251,0.1000256192194251,0.10002561921942511,0.10002561921942511,-0.4975871127860807,0.4975871127860807,0.007727369948439081,0.00560808589587177,-0.048830226294146906,True,FULL,FULL_exp_log_rank_2
354,1.05,6.475812631511974,0.032,0.0153092991217785,0.0153092991217785,0.0574058541682785,0.7721038708979138,0.0727151532900571,2.0081400996379837,0.0153092991217785,0.0985595780070495,0.7721038708979138,0.1138688771288281,1.608753739903122,0.04115372383877099,0.04115372383877099,0.041153723838771,0.041153723838771,-0.3993863597348617,0.3993863597348617,0.00314379608717346,0.0022781802223733787,0.7201196435434749,True,FULL,FULL_exp_log_rank_2
355,1.15,7.09255669165597,0.028,0.0153092991217785,0.0153092991217785,0.0418356081862674,0.7049644038633127,0.0571449073080459,1.9734344433232216,0.0153092991217785,0.0504932347677651,0.7049644038633127,0.0658025338895436,1.7013599081009587,0.008657626581497699,0.008657626581497699,0.008657626581497699,0.008657626581497699,-0.2720745352222629,0.2720745352222629,0.0005227314376083073,0.0003919052314749002,0.9876623886479969,True,FULL,FULL_exp_log_rank_2
356,1.4,8.634416842015963,0.024,0.0153092991217785,0.0153092991217785,0.0272042150777216,0.5790779031734354,0.0425135141995001,1.8037445140554815,0.0153092991217785,0.0082235939074308,0.5790779031734354,0.0235328930292093,2.3220495467337465,-0.0189806211702908,0.0189806211702908,-0.0189806211702908,0.0189806211702908,0.518305032678265,0.518305032678265,0.0026572888997425446,0.0017675603506391207,0.441197252620556,True,FULL,FULL_exp_log_rank_2
357,0.75,4.625580451079981,0.028,0.0153092991217785,0.0153092991217785,0.0418356081843982,1.080945419257079,0.0571449073061767,3.0259328132395527,0.0153092991217785,0.1035684983105904,1.080945419257079,0.118877797432369,2.2307871524642255,0.061732890126192194,0.061732890126192194,0.0617328901261923,0.0617328901261923,-0.7951456607753271,0.7951456607753271,0.005415469040178889,0.0038681697480937066,-0.32417687880302104,True,FULL,FULL_exp_log_rank_2
358,1.15,7.09255669165597,0.026,0.0153092991217785,0.0153092991217785,0.0343911653190034,0.7049644038633127,0.0497004644407819,2.0699745048837284,0.0153092991217785,0.0355198545559776,0.7049644038633127,0.0508291536777561,1.8604437708316468,0.0011286892369741994,0.0011286892369741994,0.0011286892369742063,0.0011286892369742063,-0.20953073405208156,0.20953073405208156,0.0004888556070445518,0.00022341455060558696,0.9858900731532901,True,FULL,FULL_exp_log_rank_2
359,1.1,6.784184661583972,0.024,0.0153092991217785,0.0153092991217785,0.0272042141314279,0.7370082404025541,0.0425135132532064,2.2956749282231264,0.0153092991217785,0.0262804918419536,0.7370082404025541,0.0415897909637322,2.1109279205709655,-0.0009237222894743005,0.0009237222894743005,-0.0009237222894742034,0.0009237222894742034,-0.1847470076521609,0.1847470076521609,0.0005430488433168609,0.0002835202793447476,0.9766622611391564,True,FULL,FULL_exp_log_rank_2
360,1.2,7.400928721727968,0.022,0.0153092991217785,0.0153092991217785,0.0203041095024898,0.6755908870356747,0.0356134086242683,2.2704692840433656,0.0153092991217785,0.0087725571674436,0.6755908870356747,0.0240818562892221,2.6588265826464332,-0.011531552335046201,0.011531552335046201,-0.011531552335046203,0.011531552335046203,0.38835729860306767,0.38835729860306767,0.0016863234193808944,0.0011131744381731583,0.6921475894692717,True,FULL,FULL_exp_log_rank_2
