sample_id,u_peak,u_r,tau_peak,tau_r,true_a,true_b,true_c,true_d,true_e,estimated_a,estimated_b,estimated_c,estimated_d,estimated_e,error_b,abs_error_b,error_d,abs_error_d,error_e,abs_error_e,curve_rmse_tau_u,curve_mae_tau_u,curve_r2_tau_u,curve_valid,e_constraint_respected,d_positive,b_positive,dataset,model_name
7,0.72,2.75,0.044,0.03175,0.03175,0.0801325410005739,1.818181818181818,0.1118825410005739,3.441242286799551,0.03175,0.0537224623859156,1.818181818181818,0.0854724623859156,5.046468478847871,-0.026410078614658307,0.026410078614658307,-0.0264100786146583,0.0264100786146583,1.6052261920483195,1.6052261920483195,0.0020856577086147,0.0012373575476299,0.9056653046288996,True,True,True,True,FULL,FULL_direct_exp_rank_5
8,0.92,3.0,0.035,0.02825,0.02825,0.0557241852265918,1.6666666666666667,0.0839741852265918,3.007954906577982,0.02825,0.0401094005785731,1.6666666666666667,0.0683594005785731,3.8909350079038103,-0.0156147846480187,0.0156147846480187,-0.015614784648018687,0.015614784648018687,0.8829801013258285,0.8829801013258285,0.0011234673727436,0.0006529918877217,0.957133157901684,True,True,True,True,FULL,FULL_direct_exp_rank_5
9,0.97,3.0,0.029,0.0255,0.0255,0.0288872445152351,1.6666666666666667,0.0543872445152351,3.290221199159674,0.0255,0.0255667062426067,1.6666666666666667,0.0510667062426067,3.585482771133256,-0.0033205382726284004,0.0033205382726284004,-0.003320538272628397,0.003320538272628397,0.29526157197358227,0.29526157197358227,0.0002827892641676,0.0001588586266579,0.9961674614337376,True,True,True,True,FULL,FULL_direct_exp_rank_5
11,0.78,3.5,0.05,0.0417499999999999,0.0417499999999999,0.0354980845491272,1.4285714285714286,0.0772480845491271,4.004659571873231,0.0417499999999999,0.02774983437152,1.4285714285714286,0.0694998343715199,5.63679012821286,-0.0077482501776072014,0.0077482501776072014,-0.007748250177607205,0.007748250177607205,1.6321305563396296,1.6321305563396296,0.0017110675612172,0.0008321474077465,0.9395443397858364,True,True,True,True,FULL,FULL_direct_exp_rank_5
12,1.25,3.5,0.04,0.034,0.034,0.0670624339164287,1.4285714285714286,0.1010624339164287,2.366794324621144,0.034,0.0482442019288189,1.4285714285714286,0.0822442019288189,2.9382316837340863,-0.018818231987609804,0.018818231987609804,-0.018818231987609804,0.018818231987609804,0.5714373591129425,0.5714373591129425,0.0011449612850077,0.0006598559189874,0.9686587800121202,True,True,True,True,FULL,FULL_direct_exp_rank_5
13,1.8,4.0,0.035,0.033,0.033,0.0334302203204883,1.25,0.0664302203204883,2.0972939397426664,0.033,0.0398772418511483,1.25,0.0728772418511483,1.9438569745815415,0.006447021530659999,0.006447021530659999,0.006447021530659999,0.006447021530659999,-0.15343696516112493,0.15343696516112493,0.0003190621815007,0.000182767448899,0.9973540606750474,True,True,True,True,FULL,FULL_direct_exp_rank_5
15,1.64,10.5,4.17,3.725,3.725,1.1700588885069725,0.4761904761904761,4.895058888506973,2.4309486751406535,3.725,0.9727495542030796,0.4761904761904761,4.69774955420308,5.590651401356763,-0.19730933430389286,0.19730933430389286,-0.19730933430389275,0.19730933430389275,3.1597027262161097,3.1597027262161097,0.2527175834681924,0.0786352274143679,0.7556962099536633,True,True,True,True,FULL,FULL_direct_exp_rank_5
16,1.61,10.5,13.41,12.8475,12.8475,1.3946189571869354,0.4761904761904761,14.242118957186936,3.178145408783804,12.8475,1.2203193292637575,0.4761904761904761,14.067819329263758,5.010987960519195,-0.17429962792317788,0.17429962792317788,-0.17429962792317788,0.17429962792317788,1.832842551735391,1.832842551735391,0.4147823284537926,0.1175605693288664,0.9352383152236836,True,True,True,True,FULL,FULL_direct_exp_rank_5
17,2.76,10.5,3.72,3.5425,3.5425,0.8694826394566157,0.4761904761904761,4.411982639456616,1.5814976920825412,3.5425,0.6682783163490522,0.4761904761904761,4.210778316349052,2.764712821523363,-0.20120432310756353,0.20120432310756353,-0.20120432310756353,0.20120432310756353,1.1832151294408217,1.1832151294408217,0.1969068877999556,0.0749761898626638,0.8717615268157229,True,True,True,True,FULL,FULL_direct_exp_rank_5
18,3.07,10.5,12.57,12.4375,12.4375,0.7124450836759753,0.4761904761904761,13.149945083675975,1.9539451798171723,12.4375,0.5845975128375986,0.4761904761904761,13.0220975128376,2.727576953475586,-0.1278475708383766,0.1278475708383766,-0.12784757083837484,0.12784757083837484,0.7736317736584137,0.7736317736584137,0.3736103822310372,0.1331728597597642,0.9592751784030512,True,True,True,True,FULL,FULL_direct_exp_rank_5
19,1.55,12.0,1.02,0.8525,0.8525,0.3782821788444106,0.4166666666666667,1.2307821788444109,2.3791759662313843,0.8525,0.319596429026252,0.4166666666666667,1.172096429026252,6.626159785494753,-0.058685749818158606,0.058685749818158606,-0.05868574981815877,0.05868574981815877,4.246983819263368,4.246983819263368,0.0693249373679425,0.020594423826257,0.6601900817888551,True,True,True,True,FULL,FULL_direct_exp_rank_5
20,1.71,12.0,2.57,1.7327500000000002,1.7327500000000002,2.210315622373947,0.4166666666666667,3.9430656223739473,1.6207235717983703,1.7327500000000002,1.7076422649392584,0.4166666666666667,3.440392264939258,5.685664186067085,-0.5026733574346887,0.5026733574346887,-0.5026733574346891,0.5026733574346891,4.064940614268715,4.064940614268715,0.2623796599902245,0.0972249598475944,0.4447935299557544,True,True,True,True,FULL,FULL_direct_exp_rank_5
21,1.67,12.0,7.53,5.32,5.32,5.617172562155661,0.4166666666666667,10.93717256215566,1.7473164085592403,5.32,4.435103148872676,0.4166666666666667,9.755103148872676,5.217808708562435,-1.182069413282985,1.182069413282985,-1.1820694132829832,1.1820694132829832,3.470492300003195,3.470492300003195,0.65517801110957,0.2400812257051254,0.5598907718103465,True,True,True,True,FULL,FULL_direct_exp_rank_5
22,1.67,12.0,19.67,18.994999999999997,18.994999999999997,1.5273740416856256,0.4166666666666667,20.522374041685623,3.2739688179792332,18.994999999999997,1.3675782321532424,0.4166666666666667,20.36257823215324,4.779652293513427,-0.15979580953238326,0.15979580953238326,-0.15979580953238326,0.15979580953238326,1.5056834755341941,1.5056834755341941,0.4734378618976272,0.1253271260289191,0.9581098416006382,True,True,True,True,FULL,FULL_direct_exp_rank_5
23,0.84,16.0,8.44,7.47,7.47,1.3255582927799532,0.3125,8.795558292779953,6.166176834932969,7.47,1.267982760086798,0.3125,8.737982760086798,8.832511495304514,-0.057575532693155074,0.057575532693155074,-0.057575532693155296,0.057575532693155296,2.666334660371545,2.666334660371545,0.1110451540806667,0.0223160618633015,0.9814149088974068,True,True,True,True,FULL,FULL_direct_exp_rank_5
24,1.81,16.0,7.62,7.29,7.29,0.6419185077225471,0.3125,7.931918507722547,3.0024433868829834,7.29,0.5815024395532449,0.3125,7.871502439553245,5.62836795575352,-0.06041606816930223,0.06041606816930223,-0.06041606816930223,0.06041606816930223,2.6259245688705364,2.6259245688705364,0.2585571036617012,0.0583463966786448,0.9067053431160108,True,True,True,True,FULL,FULL_direct_exp_rank_5
27,0.87,3.25,2.35,1.9075,1.9075,2.7034029995062916,1.5384615384615383,4.610902999506291,3.276941309100947,1.9075,1.913794264590812,1.5384615384615383,3.821294264590812,4.7864526588404885,-0.7896087349154797,0.7896087349154797,-0.7896087349154794,0.7896087349154794,1.5095113497395416,1.5095113497395416,0.103114762607969,0.0548986006860738,0.9126723351121838,True,True,True,True,FULL,FULL_direct_exp_rank_5
28,0.13,1.325,1.02,0.6675,0.6675,0.6738254010838505,3.7735849056603774,1.3413254010838505,23.891608655167115,0.6675,0.9894095977318988,3.7735849056603774,1.6569095977318988,14.447330207744947,0.3155841966480484,0.3155841966480484,0.3155841966480484,0.3155841966480484,-9.444278447422167,9.444278447422167,0.0432394582961909,0.0280465871711884,0.8924521125087144,True,True,True,True,FULL,FULL_direct_exp_rank_5
29,0.6,2.425,4.93,4.2975,4.2975,3.110870023650559,2.061855670103093,7.408370023650559,5.517814597970529,4.2975,3.166383103413902,2.061855670103093,7.463883103413902,5.43377781117227,0.055513079763342965,0.055513079763342965,0.055513079763342965,0.055513079763342965,-0.08403678679825877,0.08403678679825877,0.0072952078386934,0.0039705449864443,0.9998943154557524,True,True,True,True,FULL,FULL_direct_exp_rank_5
30,2.17,3.85,16.37,14.955,14.955,60.674147880173095,1.2987012987012987,75.6291478801731,1.6284330431129306,14.955,48.86753444111427,1.2987012987012987,63.82253444111427,1.727455840319446,-11.806613439058822,11.806613439058822,-11.806613439058822,11.806613439058822,0.09902279720651541,0.09902279720651541,0.1733851103572568,0.1051877552555361,0.9966725999428084,True,True,True,True,FULL,FULL_direct_exp_rank_5
31,0.24,1.275,0.66,0.475,0.475,0.6758571313827281,3.9215686274509807,1.150857131382728,11.17767536247715,0.475,0.764761580210943,3.9215686274509807,1.239761580210943,9.966155070525396,0.08890444882821491,0.08890444882821491,0.08890444882821491,0.08890444882821491,-1.2115202919517536,1.2115202919517536,0.0072522733837471,0.0047959756524059,0.9938900404299044,True,True,True,True,FULL,FULL_direct_exp_rank_5
32,0.3,2.175,4.71,4.1925,4.1925,1.211168346774408,2.298850574712644,5.403668346774408,13.642584509493682,4.1925,1.8052440272941084,2.298850574712644,5.997744027294108,9.124710916255358,0.5940756805197003,0.5940756805197003,0.5940756805197003,0.5940756805197003,-4.517873593238324,4.517873593238324,0.1348512995421451,0.0685930561621508,0.9408832672228769,True,True,True,True,FULL,FULL_direct_exp_rank_5
33,2.26,4.125,16.14,11.3475,11.3475,422.7987490320256,1.2121212121212122,434.1462490320256,1.3091974223177918,11.3475,133.43724007394275,1.2121212121212122,144.78474007394274,1.607386472751818,-289.3615089580829,289.3615089580829,-289.3615089580828,289.3615089580828,0.2981890504340261,0.2981890504340261,1.199524752820999,0.7527227186627924,0.8917313462381967,True,True,True,True,FULL,FULL_direct_exp_rank_5
34,0.47,1.525,1.07,0.6975,0.6975,4.0455139668571585,3.278688524590164,4.743013966857158,4.812842755740618,0.6975,2.692118061731166,3.278688524590164,3.3896180617311664,5.978724376129579,-1.3533959051259923,1.3533959051259923,-1.3533959051259918,1.3533959051259918,1.1658816203889604,1.1658816203889604,0.0338196068484964,0.0232927626069134,0.9664294059475708,True,True,True,True,FULL,FULL_direct_exp_rank_5
35,0.47,2.2,4.91,4.25,4.25,2.5915991927768687,2.2727272727272725,6.841599192776869,7.213346651196478,4.25,2.9292720790371343,2.2727272727272725,7.179272079037134,6.448510301805431,0.3376728862602656,0.3376728862602656,0.3376728862602656,0.3376728862602656,-0.7648363493910466,0.7648363493910466,0.0489680202614985,0.0267403127569866,0.9946820095296708,True,True,True,True,FULL,FULL_direct_exp_rank_5
36,1.48,3.625,14.91,14.235,14.235,8.232456046268986,1.3793103448275863,22.467456046268985,2.7321098339023515,14.235,10.846003831446096,1.3793103448275863,25.081003831446097,2.386652472267863,2.6135477851771096,2.6135477851771096,2.6135477851771114,2.6135477851771114,-0.3454573616344887,0.3454573616344887,0.2203206775069913,0.1206595537773586,0.9926871231694874,True,True,True,True,FULL,FULL_direct_exp_rank_5
37,0.11,1.325,0.89,0.5625,0.5625,0.5639971811696873,3.7735849056603774,1.1264971811696871,29.2958502513531,0.5625,0.8901227921620452,3.7735849056603774,1.4526227921620452,15.63241806579592,0.3261256109923578,0.3261256109923578,0.32612561099235804,0.32612561099235804,-13.663432185557182,13.663432185557182,0.0475889328161259,0.0308199676831644,0.8292328110100418,True,True,True,True,FULL,FULL_direct_exp_rank_5
38,0.26,2.175,5.3,4.1,4.1,2.5910971306331803,2.298850574712644,6.69109713063318,13.042743993933716,4.1,3.251349239617113,2.298850574712644,7.351349239617113,9.711875580180624,0.6602521089839328,0.6602521089839328,0.6602521089839328,0.6602521089839328,-3.330868413753091,3.330868413753091,0.1171161028117133,0.0672015656054081,0.9650641392415767,True,True,True,True,FULL,FULL_direct_exp_rank_5
39,0.54,3.35,15.9,14.4675,14.4675,3.852469877296928,1.4925373134328357,18.319969877296927,7.688914610134782,14.4675,6.167030448406477,1.4925373134328357,20.634530448406476,5.088512085063689,2.3145605711095487,2.3145605711095487,2.314560571109549,2.314560571109549,-2.600402525071093,2.600402525071093,0.4882879478855484,0.2491193526542321,0.9385948950194734,True,True,True,True,FULL,FULL_direct_exp_rank_5
40,0.3,1.35,0.88,0.635,0.635,1.1651130574348498,3.7037037037037033,1.8001130574348498,8.547982610717572,0.635,1.1744316128437386,3.7037037037037033,1.8094316128437389,8.492194670582908,0.009318555408888818,0.009318555408888818,0.00931855540888904,0.00931855540888904,-0.05578794013466393,0.05578794013466393,0.0005995805198126,0.0003988946113679,0.9999785749085393,True,True,True,True,FULL,FULL_direct_exp_rank_5
41,0.38,2.175,5.2,4.3975,4.3975,2.452688320111813,2.298850574712644,6.850188320111813,9.031706106944794,4.3975,2.910400900263677,2.298850574712644,7.307900900263677,7.564535856654183,0.4577125801518642,0.4577125801518642,0.4577125801518642,0.4577125801518642,-1.4671702502906108,1.4671702502906108,0.0758239115727902,0.0414580447478964,0.987010933854727,True,True,True,True,FULL,FULL_direct_exp_rank_5
42,0.71,3.35,16.28,14.8375,14.8375,5.373344828404187,1.4925373134328357,20.210844828404188,5.457009220110153,14.8375,7.474015422216658,1.4925373134328357,22.311515422216655,4.179369648288558,2.1006705938124703,2.1006705938124703,2.100670593812467,2.100670593812467,-1.2776395718215952,1.2776395718215952,0.3643854389030098,0.1895824694815454,0.9731364114694212,True,True,True,True,FULL,FULL_direct_exp_rank_5
43,0.88,1.475,0.58,0.535,0.535,2.3643732180319175,3.389830508474576,2.8993732180319176,4.157276354583812,0.535,4.0653721433453365,3.389830508474576,4.600372143345337,3.8106146813581607,1.700998925313419,1.700998925313419,1.700998925313419,1.700998925313419,-0.3466616732256509,0.3466616732256509,0.0087349170923576,0.0054506418404719,0.9934612908896726,True,True,True,True,FULL,FULL_direct_exp_rank_5
44,1.5,2.625,3.89,3.6325,3.6325,10.486129835864666,1.9047619047619049,14.118629835864668,2.474961892115721,3.6325,12.973559523248213,1.9047619047619049,16.606059523248213,2.3520108349678233,2.487429687383546,2.487429687383546,2.4874296873835444,2.4874296873835444,-0.12295105714789756,0.12295105714789756,0.0310248046018512,0.0189287437365531,0.9981606003312568,True,True,True,True,FULL,FULL_direct_exp_rank_5
45,2.87,4.1,13.67,13.42,13.42,16.705556614946417,1.2195121951219514,30.12555661494642,1.6634039681803665,13.42,32.060700831304764,1.2195121951219514,45.480700831304766,1.4454236602663617,15.355144216358347,15.355144216358347,15.355144216358347,15.355144216358347,-0.2179803079140048,0.2179803079140048,0.2476795266232078,0.1432172341106399,0.9910002549299172,True,True,True,True,FULL,FULL_direct_exp_rank_5
46,0.79,1.5,0.8,0.665,0.665,6.166849946093346,3.3333333333333335,6.831849946093346,3.9230290740544778,0.665,5.605410461986241,3.3333333333333335,6.270410461986241,3.992135143115601,-0.5614394841071046,0.5614394841071046,-0.5614394841071046,0.5614394841071046,0.06910606906112315,0.06910606906112315,0.0029307209788292,0.0018643135606733,0.9995960695400316,True,True,True,True,FULL,FULL_direct_exp_rank_5
47,0.6,2.175,5.04,4.655,4.655,2.141531174694559,2.298850574712644,6.796531174694559,6.310564627174357,4.655,2.9355632035309,2.298850574712644,7.5905632035309,5.108779036261069,0.7940320288363409,0.7940320288363409,0.7940320288363409,0.7940320288363409,-1.2017855909132882,1.2017855909132882,0.0991533140948396,0.0533506364952521,0.9829051334132816,True,True,True,True,FULL,FULL_direct_exp_rank_5
48,2.37,4.125,16.38,14.3675,14.3675,112.7264689844744,1.2121212121212122,127.0939689844744,1.4228254925840296,14.3675,66.6328556357222,1.2121212121212122,81.00035563572219,1.6168178639046835,-46.0936133487522,46.0936133487522,-46.093613348752214,46.093613348752214,0.19399237132065394,0.19399237132065394,0.4740963311166488,0.2903317640916966,0.9752561382612388,True,True,True,True,FULL,FULL_direct_exp_rank_5
49,1.46,2.566666666666667,4.68,4.1066666666666665,4.1066666666666665,30.593215473314466,1.948051948051948,34.69988213998113,2.300589855794831,4.1066666666666665,25.211398419420004,1.948051948051948,29.31806508608667,2.3909289145312345,-5.381817053894462,5.381817053894462,-5.3818170538944585,5.3818170538944585,0.09033905873640347,0.09033905873640347,0.0378892745673884,0.0235725630712209,0.9980519585355092,True,True,True,True,FULL,FULL_direct_exp_rank_5
50,4.16,4.75,15.04,14.775,14.775,58.5314735148253,1.0526315789473684,73.3064735148253,1.2144266984360343,14.775,87.70368343892265,1.0526315789473684,102.47868343892266,1.156337794718952,29.172209924097352,29.172209924097352,29.17220992409736,29.17220992409736,-0.05808890371708242,0.05808890371708242,0.1232933013089838,0.0676767735089725,0.9978956081296696,True,True,True,True,FULL,FULL_direct_exp_rank_5
51,1.26,1.85,0.94,0.785,0.785,27.151829140946248,2.702702702702702,27.936829140946248,2.8751003676389564,0.785,20.369506837425053,2.702702702702702,21.154506837425053,2.939368367342897,-6.782322303521195,6.782322303521195,-6.782322303521195,6.782322303521195,0.06426799970394059,0.06426799970394059,0.0078396226833753,0.0048171170668945,0.998439207804198,True,True,True,True,FULL,FULL_direct_exp_rank_5
52,3.13,4.466666666666667,15.58,14.793333333333337,14.793333333333337,75.02328336156236,1.1194029850746268,89.8166166948957,1.313812712287742,14.793333333333337,63.488653604175255,1.1194029850746268,78.28198693750859,1.3559015352866124,-11.534629757387108,11.534629757387108,-11.534629757387108,11.534629757387108,0.04208882299887029,0.04208882299887029,0.0967735451188777,0.0569794760132701,0.998865973125072,True,True,True,True,FULL,FULL_direct_exp_rank_5
53,1.15,1.85,0.71,0.65,0.65,3.9933470021604136,2.702702702702702,4.6433470021604135,3.19021506632708,0.65,5.342020197768491,2.702702702702702,5.9920201977684915,3.0542759343296355,1.3486731956080775,1.3486731956080775,1.348673195608078,1.348673195608078,-0.13593913199744456,0.13593913199744456,0.0061430033324728,0.003841391604045,0.9978659663807878,True,True,True,True,FULL,FULL_direct_exp_rank_5
54,0.35,2.175,4.68,4.205,4.205,1.283914851902833,2.298850574712644,5.488914851902833,11.46515887900422,4.205,1.8241091322740397,2.298850574712644,6.02910913227404,8.20819165812593,0.5401942803712068,0.5401942803712068,0.5401942803712068,0.5401942803712068,-3.2569672208782894,3.2569672208782894,0.1179984652011788,0.0596881830014368,0.958552595916011,True,True,True,True,FULL,FULL_direct_exp_rank_5
55,0.63,3.85,16.18,14.365,14.365,5.024596391351091,1.2987012987012987,19.38959639135109,6.152370825583352,14.365,6.317262359183998,1.2987012987012987,20.682262359184,4.852824131411216,1.2926659678329067,1.2926659678329067,1.2926659678329102,1.2926659678329102,-1.299546694172136,1.299546694172136,0.2963054485970706,0.1474834616683686,0.978388420267137,True,True,True,True,FULL,FULL_direct_exp_rank_5
56,0.45,1.5666666666666669,0.87,0.6366666666666667,0.6366666666666667,1.8543711063769357,3.191489361702127,2.4910377730436024,5.520751658815112,0.6366666666666667,1.5059238235613006,3.191489361702127,2.1425904902279673,6.317357610512342,-0.3484472828156351,0.3484472828156351,-0.3484472828156351,0.3484472828156351,0.7966059516972299,0.7966059516972299,0.014493407911152,0.0095332882671505,0.9887967265820256,True,True,True,True,FULL,FULL_direct_exp_rank_5
57,0.58,2.175,5.35,4.42,4.42,5.5363451785319135,2.298850574712644,9.956345178531912,5.059116621676996,4.42,5.324359660194638,2.298850574712644,9.744359660194638,5.21434762262602,-0.21198551833727564,0.21198551833727564,-0.21198551833727386,0.21198551833727386,0.15523100094902453,0.15523100094902453,0.0169651769240165,0.0101033625044454,0.9995402710190668,True,True,True,True,FULL,FULL_direct_exp_rank_5
58,0.94,3.875,16.28,13.935,13.935,11.349260923481204,1.2903225806451613,25.28426092348121,3.405427164282276,13.935,10.73594256257997,1.2903225806451613,24.67094256257997,3.5867086729948854,-0.6133183609012338,0.6133183609012338,-0.6133183609012391,0.6133183609012391,0.18128150871260917,0.18128150871260917,0.0827790620275373,0.0449301755783058,0.998734767613098,True,True,True,True,FULL,FULL_direct_exp_rank_5
59,0.13,1.5666666666666669,0.97,0.8033333333333333,0.8033333333333333,0.2782264175865835,3.191489361702127,1.0815597509199169,31.910981063129015,0.8033333333333333,0.5421656631387785,3.191489361702127,1.3454989964721118,15.001783244844004,0.26393924555219495,0.26393924555219495,0.26393924555219495,0.26393924555219495,-16.90919781828501,16.90919781828501,0.0490112618197791,0.0289649640392759,0.7672601187609935,True,True,True,True,FULL,FULL_direct_exp_rank_5
60,2.38,2.85,5.22,4.84,4.84,137.35939252357494,1.7543859649122806,142.19939252357494,1.8523237169572588,4.84,160.33935368911156,1.7543859649122806,165.17935368911157,1.8372531453427063,22.979961165536622,22.979961165536622,22.979961165536622,22.979961165536622,-0.015070571614552497,0.015070571614552497,0.0152022265016453,0.0086410191259495,0.9997528100239266,True,True,True,True,FULL,FULL_direct_exp_rank_5
61,2.68,4.125,16.95,15.5375,15.5375,116.71406105996982,1.2121212121212122,132.25156105996982,1.3981039630569712,15.5375,81.46924394259217,1.2121212121212122,97.00674394259217,1.4979410259579662,-35.24481711737765,35.24481711737765,-35.24481711737765,35.24481711737765,0.09983706290099503,0.09983706290099503,0.2665558762384525,0.1620146485445336,0.9928473730878488,True,True,True,True,FULL,FULL_direct_exp_rank_5
62,0.71,1.6,1.14,0.9133333333333334,0.9133333333333334,5.696830896813862,3.125,6.610164230147195,3.976020028848459,0.9133333333333334,4.568918409045093,3.125,5.482251742378426,4.239693238870594,-1.1279124877687687,1.1279124877687687,-1.1279124877687687,1.1279124877687687,0.2636732100221355,0.2636732100221355,0.0126736877793023,0.0081479804178807,0.9959105451152376,True,True,True,True,FULL,FULL_direct_exp_rank_5
63,0.76,2.2,5.03,4.68,4.68,3.0326428857358856,2.2727272727272725,7.712642885735885,4.87933520201715,4.68,4.212753963806593,2.2727272727272725,8.892753963806593,4.0845962987154,1.1801110780707074,1.1801110780707074,1.1801110780707074,1.1801110780707074,-0.7947389033017496,0.7947389033017496,0.0915169641639722,0.0514217443536565,0.9875254879049072,True,True,True,True,FULL,FULL_direct_exp_rank_5
64,2.73,4.125,15.88,13.97,13.97,220.02903798852773,1.2121212121212122,233.99903798852773,1.3339956390040135,13.97,118.00398909128457,1.2121212121212122,131.97398909128455,1.4673619108910825,-102.02504889724317,102.02504889724317,-102.02504889724318,102.02504889724318,0.13336627188706895,0.13336627188706895,0.450718716869425,0.2745130081061934,0.9776826601391057,True,True,True,True,FULL,FULL_direct_exp_rank_5
65,0.63,1.5666666666666669,1.42,0.9733333333333332,0.9733333333333332,10.644929502666052,3.191489361702127,11.618262835999383,3.927118476960182,0.9733333333333332,6.247603131032346,3.191489361702127,7.220936464365678,4.6330651675051095,-4.3973263716337065,4.3973263716337065,-4.397326371633705,4.397326371633705,0.7059466905449274,0.7059466905449274,0.0448815080261609,0.0300429919912592,0.9705821089557156,True,True,True,True,FULL,FULL_direct_exp_rank_5
66,0.34,2.175,5.0,4.24,4.24,2.0482757543105174,2.298850574712644,6.288275754310518,10.49368724913285,4.24,2.5507338354997904,2.298850574712644,6.790733835499791,8.275115538887535,0.5024580811892729,0.5024580811892729,0.5024580811892729,0.5024580811892729,-2.2185717102453157,2.2185717102453157,0.092703246923647,0.04995369935677,0.9773776974622364,True,True,True,True,FULL,FULL_direct_exp_rank_5
67,3.13,4.533333333333333,14.91,14.596666666666666,14.596666666666666,20.35467702287054,1.1029411764705883,34.951343689537204,1.4882877719989878,14.596666666666666,29.661739962030907,1.1029411764705883,44.25840662869757,1.3604136259975037,9.307062939160367,9.307062939160367,9.307062939160367,9.307062939160367,-0.12787414600148406,0.12787414600148406,0.1816152005976417,0.1051781005779817,0.9959371327095368,True,True,True,True,FULL,FULL_direct_exp_rank_5
68,0.49,1.5666666666666669,0.79,0.63,0.63,1.4068332196782207,3.191489361702127,2.0368332196782206,5.5461514668738845,0.63,1.2851478046305873,3.191489361702127,1.9151478046305872,5.848949829362029,-0.12168541504763342,0.12168541504763342,-0.12168541504763342,0.12168541504763342,0.3027983624881445,0.3027983624881445,0.0050373375798854,0.0032119360236875,0.9983365515004942,True,True,True,True,FULL,FULL_direct_exp_rank_5
69,1.69,2.566666666666667,5.04,4.426666666666667,4.426666666666667,69.19774278410341,1.948051948051948,73.62440945077007,2.1459242646578933,4.426666666666667,56.47649692343724,1.948051948051948,60.90316359010391,2.197160647873476,-12.721245860666173,12.721245860666173,-12.721245860666166,12.721245860666166,0.05123638321558266,0.05123638321558266,0.0336419002269629,0.0207618221624727,0.9987680181335578,True,True,True,True,FULL,FULL_direct_exp_rank_5
70,3.12,4.466666666666667,16.37,15.163333333333334,15.163333333333334,137.96164146287623,1.1194029850746268,153.12497479620956,1.2614658876838951,15.163333333333334,90.13258510350984,1.1194029850746268,105.29591843684317,1.3551043587915017,-47.82905635936639,47.82905635936639,-47.82905635936639,47.82905635936639,0.09363847110760659,0.09363847110760659,0.2862896144004935,0.1697794116750686,0.9908846400671144,True,True,True,True,FULL,FULL_direct_exp_rank_5
71,0.18,1.5666666666666669,0.87,0.6,0.6,0.5778652142592701,3.191489361702127,1.17786521425927,16.988625203858206,0.6,0.7111474782180512,3.191489361702127,1.3111474782180512,12.823399562656986,0.13328226395878118,0.13328226395878118,0.13328226395878118,0.13328226395878118,-4.16522564120122,4.16522564120122,0.0197754970624356,0.0122064999283776,0.968286855884021,True,True,True,True,FULL,FULL_direct_exp_rank_5
72,0.42,2.175,5.1,3.8825,3.8825,4.482035276937978,2.298850574712644,8.364535276937978,6.759501195047857,3.8825,4.347122040496812,2.298850574712644,8.229622040496812,6.984948264360483,-0.13491323644116626,0.13491323644116626,-0.13491323644116626,0.13491323644116626,0.22544706931262581,0.22544706931262581,0.01573409529271,0.0093569841487874,0.9994932506537998,True,True,True,True,FULL,FULL_direct_exp_rank_5
73,1.09,3.85,15.19,13.3025,13.3025,11.821633061680007,1.2987012987012987,25.12413306168001,2.9737453064844868,13.3025,10.714866789360473,1.2987012987012987,24.017366789360473,3.2255016370212974,-1.1067662723195344,1.1067662723195344,-1.1067662723195362,1.1067662723195362,0.2517563305368107,0.2517563305368107,0.129998436432962,0.0706831911822812,0.9967777347198388,True,True,True,True,FULL,FULL_direct_exp_rank_5
74,0.47,1.5666666666666669,0.66,0.5066666666666667,0.5066666666666667,1.2794449424210406,3.191489361702127,1.7861116090877074,5.540134014051035,0.5066666666666667,1.097201863531725,3.191489361702127,1.603868530198392,6.093602968215606,-0.18224307888931546,0.18224307888931546,-0.18224307888931546,0.18224307888931546,0.553468954164571,0.553468954164571,0.007647132690106,0.0049405516287757,0.9944935476579744,True,True,True,True,FULL,FULL_direct_exp_rank_5
75,0.57,2.175,4.24,4.0125,4.0125,1.1193350008113887,2.298850574712644,5.131835000811389,7.4273022742503985,4.0125,1.7917824063174432,2.298850574712644,5.804282406317443,5.47716855167293,0.6724474055060545,0.6724474055060545,0.6724474055060545,0.6724474055060545,-1.9501337225774682,1.9501337225774682,0.1144422403491214,0.058140492665329,0.9666384292674144,True,True,True,True,FULL,FULL_direct_exp_rank_5
76,4.13,4.7,14.9,13.285,13.285,1213.8760619263403,1.0638297872340423,1227.1610619263406,1.0940505167399543,13.285,464.0358174029942,1.0638297872340423,477.3208174029943,1.150768519623466,-749.8402445233461,749.8402445233461,-749.8402445233463,749.8402445233463,0.0567180028835117,0.0567180028835117,0.4594496515484847,0.2560138471485857,0.9837132520595832,True,True,True,True,FULL,FULL_direct_exp_rank_5
77,0.18,1.5666666666666669,0.88,0.4966666666666666,0.4966666666666666,0.8494890683979475,3.191489361702127,1.346155735064614,14.732448429095294,0.4966666666666666,0.9342491724465024,3.191489361702127,1.4309158391131689,12.80919636926992,0.08476010404855494,0.08476010404855494,0.08476010404855483,0.08476010404855483,-1.9232520598253746,1.9232520598253746,0.0111151416146818,0.0071691164294488,0.9931224895012868,True,True,True,True,FULL,FULL_direct_exp_rank_5
78,1.25,2.566666666666667,4.37,3.77,3.77,17.6011784506471,1.948051948051948,21.3711784506471,2.4976694597033373,3.77,13.691778113445494,1.948051948051948,17.461778113445494,2.697617849183124,-3.909400337201607,3.909400337201607,-3.909400337201607,3.909400337201607,0.19994838947978666,0.19994838947978666,0.0581563987426263,0.03584193044366,0.9942818025638752,True,True,True,True,FULL,FULL_direct_exp_rank_5
79,3.62,4.5,14.62,13.843333333333334,13.843333333333334,173.78668847200146,1.1111111111111112,187.6300218053348,1.2115644521301927,13.843333333333334,134.60695073874015,1.1111111111111112,148.4502840720735,1.2455454840684794,-39.179737733261305,39.179737733261305,-39.179737733261305,39.179737733261305,0.03398103193828672,0.03398103193828672,0.1076714435899049,0.0612766999349794,0.998278051086118,True,True,True,True,FULL,FULL_direct_exp_rank_5
80,0.11,1.5633333333333332,1.04,0.5006666666666667,0.5006666666666667,0.863642983300683,3.1982942430703627,1.3643096499673495,27.24084861115649,0.5006666666666667,1.1799633341591005,3.1982942430703627,1.680630000825767,15.95222927798572,0.3163203508584175,0.3163203508584175,0.3163203508584176,0.3163203508584176,-11.28861933317077,11.28861933317077,0.050306402026385,0.0322119326065501,0.907194704657824,True,True,True,True,FULL,FULL_direct_exp_rank_5
81,0.23,2.1775,4.79,3.54875,3.54875,2.4552355004571034,2.296211251435132,6.003985500457103,14.649101403235154,3.54875,3.0861505592028173,2.296211251435132,6.634900559202817,10.605895096653366,0.630915058745714,0.630915058745714,0.630915058745714,0.630915058745714,-4.043206306581787,4.043206306581787,0.1142008494077081,0.06638551547568,0.9592552087538948,True,True,True,True,FULL,FULL_direct_exp_rank_5
82,0.39,3.9275,14.13,12.93,12.93,2.178980729198466,1.273074474856779,15.108980729198466,12.268593789286898,12.93,3.894142807092756,1.273074474856779,16.824142807092755,6.834973993470377,1.71516207789429,1.71516207789429,1.7151620778942895,1.7151620778942895,-5.433619795816521,5.433619795816521,0.5034762932075448,0.2385868310907921,0.8896362761243266,True,True,True,True,FULL,FULL_direct_exp_rank_5
83,0.21,1.5566666666666666,0.75,0.4896666666666667,0.4896666666666667,0.6541837303857423,3.211991434689508,1.143850397052409,13.109251845364824,0.4896666666666667,0.7128095840263937,3.211991434689508,1.2024762506930604,11.71244841417106,0.058625853640651426,0.058625853640651426,0.058625853640651426,0.058625853640651426,-1.3968034311937636,1.3968034311937636,0.0074515082811685,0.0047123451222979,0.9948857773760192,True,True,True,True,FULL,FULL_direct_exp_rank_5
84,1.52,2.19,4.53,3.98,3.98,84.48453784563569,2.2831050228310503,88.46453784563569,2.4678705594788535,3.98,78.66242437071051,2.2831050228310503,82.64242437071051,2.4830731459311695,-5.822113474925175,5.822113474925175,-5.822113474925175,5.822113474925175,0.01520258645231598,0.01520258645231598,0.0087539600513285,0.0053209880277297,0.9998995019026916,True,True,True,True,FULL,FULL_direct_exp_rank_5
85,0.46,3.86,15.2,13.9425,13.9425,2.582793456166362,1.2953367875647668,16.525293456166363,10.00333623780827,13.9425,4.34471555227894,1.2953367875647668,18.28721555227894,6.039031450359937,1.7619220961125777,1.7619220961125777,1.7619220961125777,1.7619220961125777,-3.9643047874483326,3.9643047874483326,0.501582597113827,0.2377676291585409,0.9141619972001516,True,True,True,True,FULL,FULL_direct_exp_rank_5
86,1.14,1.85,0.47,0.4455,0.4455,1.2635859558868447,2.702702702702702,1.7090859558868448,3.448989911906233,0.4455,2.4308727566211177,2.702702702702702,2.8763727566211177,3.0677403083981387,1.167286800734273,1.167286800734273,1.167286800734273,1.167286800734273,-0.3812496035080941,0.3812496035080941,0.0085064321264278,0.005250261779282,0.9909359632829252,True,True,True,True,FULL,FULL_direct_exp_rank_5
87,1.53,2.29,3.84,3.5879999999999996,3.5879999999999996,21.229112109709114,2.1834061135371177,24.817112109709115,2.5522940611621228,3.5879999999999996,31.03904106979591,2.1834061135371177,34.627041069795915,2.425089007240125,9.809928960086797,9.809928960086797,9.8099289600868,9.8099289600868,-0.12720505392199755,0.12720505392199755,0.0384497770872378,0.0234141600714437,0.9970828259442738,True,True,True,True,FULL,FULL_direct_exp_rank_5
89,0.31,1.5733333333333333,0.64,0.434,0.434,0.831446191232911,3.1779661016949152,1.265446191232911,8.046929532076042,0.434,0.7555761933600778,3.1779661016949152,1.1895761933600777,8.868130858538208,-0.07586999787283322,0.07586999787283322,-0.07586999787283322,0.07586999787283322,0.821201326462166,0.821201326462166,0.00639449814155,0.0041362648413473,0.9954665576866076,True,True,True,True,FULL,FULL_direct_exp_rank_5
90,0.44,2.0033333333333334,4.09,3.8813333333333335,3.8813333333333335,0.7845727106922662,2.4958402662229617,4.6659060440256,10.177837650659969,3.8813333333333335,1.4733093899742618,2.4958402662229617,5.354642723307595,6.685218690720653,0.6887366792819956,0.6887366792819956,0.6887366792819956,0.6887366792819956,-3.492618959939316,3.492618959939316,0.1399354716135326,0.0692958330612344,0.9387891507853836,True,True,True,True,FULL,FULL_direct_exp_rank_5
91,2.56,4.125,14.35,13.695,13.695,33.24347166872315,1.2121212121212122,46.93847166872315,1.5724619149710894,13.695,34.90846007955851,1.2121212121212122,48.60346007955851,1.5526911453097378,1.664988410835356,1.664988410835356,1.664988410835356,1.664988410835356,-0.019770769661351606,0.019770769661351606,0.028944092955237,0.0174787076078189,0.9998888040333324,True,True,True,True,FULL,FULL_direct_exp_rank_5
92,0.1,1.5666666666666669,0.84,0.5786666666666667,0.5786666666666667,0.3913124802400913,3.191489361702127,0.969979146906758,37.39184550372476,0.5786666666666667,0.6893391319244997,3.191489361702127,1.2680057985911664,16.659969561898563,0.2980266516844084,0.2980266516844084,0.29802665168440834,0.29802665168440834,-20.731875941826196,20.731875941826196,0.0522291962517021,0.0324469315518334,0.7062963622672089,True,True,True,True,FULL,FULL_direct_exp_rank_5
93,0.29,2.175,4.72,4.314,4.314,0.9127902034753363,2.298850574712644,5.226790203475336,15.255568277966066,4.314,1.5547279108177283,2.298850574712644,5.868727910817729,9.32951815697052,0.641937707342392,0.641937707342392,0.6419377073423922,0.6419377073423922,-5.926050120995546,5.926050120995546,0.1593344242479192,0.0786544407337275,0.9160093681015596,True,True,True,True,FULL,FULL_direct_exp_rank_5
94,2.24,4.125,16.29,15.185,15.185,36.934910613682646,1.2121212121212122,52.11991061368265,1.6343524111032697,15.185,31.92808839877936,1.2121212121212122,47.11308839877936,1.7161201940555315,-5.006822214903288,5.006822214903288,-5.006822214903288,5.006822214903288,0.08176778295226184,0.08176778295226184,0.1240545402575115,0.073655131048773,0.998287695235448,True,True,True,True,FULL,FULL_direct_exp_rank_5
95,0.15,1.5666666666666669,1.04,0.515,0.515,1.0180921290257392,3.191489361702127,1.533092129025739,17.824332391452327,0.515,1.1832470503899626,3.191489361702127,1.6982470503899625,13.995268692215928,0.16515492136422338,0.16515492136422338,0.16515492136422338,0.16515492136422338,-3.829063699236398,3.829063699236398,0.0230644237100559,0.0149791518569641,0.9816212533674918,True,True,True,True,FULL,FULL_direct_exp_rank_5
96,0.32,2.225,5.75,4.01075,4.01075,4.5926707536336835,2.2471910112359548,8.603420753633683,8.90252129065327,4.01075,4.784069936744917,2.2471910112359548,8.794819936744917,8.435171543521237,0.19139918311123338,0.19139918311123338,0.19139918311123338,0.19139918311123338,-0.46734974713203314,0.46734974713203314,0.0267556055751363,0.0161655909323079,0.9987871257714412,True,True,True,True,FULL,FULL_direct_exp_rank_5
97,0.98,3.925,16.9,13.655,13.655,17.423005323734152,1.2738853503184715,31.07800532373415,2.9328424113361327,13.655,14.866574118887296,1.2738853503184715,28.521574118887298,3.3977024357836836,-2.556431204846856,2.556431204846856,-2.5564312048468523,2.5564312048468523,0.4648600244475509,0.4648600244475509,0.2625364343206655,0.1505343431755365,0.9885783817438702,True,True,True,True,FULL,FULL_direct_exp_rank_5
98,0.12,1.5666666666666669,1.33,0.569,0.569,1.2856106349233354,3.191489361702127,1.854610634923335,23.13000566043724,0.569,1.635385519501476,3.191489361702127,2.204385519501476,15.239700365234652,0.34977488457814054,0.34977488457814054,0.34977488457814077,0.34977488457814077,-7.890305295202589,7.890305295202589,0.0525754439939479,0.0339848242539296,0.9486823342524284,True,True,True,True,FULL,FULL_direct_exp_rank_5
99,0.38,2.1775,5.29,3.8055,3.8055,4.8847712477868654,2.296211251435132,8.690271247786866,7.231167894086396,3.8055,4.729126581516912,2.296211251435132,8.534626581516912,7.510526945550859,-0.15564466626995355,0.15564466626995355,-0.15564466626995355,0.15564466626995355,0.27935905146446327,0.27935905146446327,0.0186101205605726,0.0112802589467114,0.999346633149954,True,True,True,True,FULL,FULL_direct_exp_rank_5
100,1.12,3.865,15.69,14.2025,14.2025,9.330787016774106,1.2936610608020698,23.533287016774107,3.133851414322128,14.2025,9.27238940381422,1.2936610608020698,23.47488940381422,3.1492061290085127,-0.05839761295988666,0.05839761295988666,-0.05839761295988666,0.05839761295988666,0.015354714686384607,0.015354714686384607,0.0078164925968843,0.0041351715956441,0.9999893501137396,True,True,True,True,FULL,FULL_direct_exp_rank_5
101,0.11,1.5599999999999998,1.19,0.5136666666666666,0.5136666666666666,1.0901897584596147,3.2051282051282053,1.6038564251262817,26.190812099681132,0.5136666666666666,1.4519390563157208,3.2051282051282053,1.9656057229823876,15.839107215696163,0.3617492978561061,0.3617492978561061,0.3617492978561059,0.3617492978561059,-10.351704883984969,10.351704883984969,0.0563917054918928,0.0363182455958801,0.9234468898846236,True,True,True,True,FULL,FULL_direct_exp_rank_5
102,0.33,2.175,5.38,4.15275,4.15275,3.3230952595070686,2.298850574712644,7.475845259507069,9.464816530487427,4.15275,3.69863684997016,2.298850574712644,7.85138684997016,8.315614831434084,0.37554159046309143,0.37554159046309143,0.375541590463091,0.375541590463091,-1.149201699053343,1.149201699053343,0.0575383981413676,0.0332380468327112,0.992855023866133,True,True,True,True,FULL,FULL_direct_exp_rank_5
103,0.94,4.6125,15.17,14.2325,14.2325,3.230539541690666,1.0840108401084012,17.463039541690666,4.61254903129243,14.2325,3.5368433510312354,1.0840108401084012,17.769343351031235,4.211376048057792,0.30630380934056944,0.30630380934056944,0.30630380934056944,0.30630380934056944,-0.40117298323463846,0.40117298323463846,0.1154221184082248,0.0498957289580462,0.996808712428512,True,True,True,True,FULL,FULL_direct_exp_rank_5
104,0.46,1.61,0.57,0.4153333333333333,0.4153333333333333,1.2195408766373736,3.105590062111801,1.634874209970707,5.380408458094788,0.4153333333333333,0.9626832389695896,3.105590062111801,1.378016572302923,6.298093375064913,-0.256857637667784,0.256857637667784,-0.256857637667784,0.256857637667784,0.9176849169701251,0.9176849169701251,0.0111528266600612,0.0072906645621593,0.9845647846745784,True,True,True,True,FULL,FULL_direct_exp_rank_5
105,0.38,2.1725,3.22,2.8175,2.8175,1.2095551373508462,2.3014959723820483,4.027055137350846,9.674876431868377,2.8175,1.4355036012641555,2.3014959723820483,4.253003601264155,8.095851299376722,0.22594846391330936,0.22594846391330936,0.22594846391330936,0.22594846391330936,-1.5790251324916547,1.5790251324916547,0.0462064948799451,0.0236616792921689,0.9873357244872278,True,True,True,True,FULL,FULL_direct_exp_rank_5
106,6.69,7.0,11.06,11.03,11.03,6.769176332863529,0.7142857142857143,17.799176332863528,0.9707346090728766,11.03,31.59387440404651,0.7142857142857143,42.62387440404651,0.7769594688108058,24.82469807118298,24.82469807118298,24.824698071182983,24.824698071182983,-0.19377514026207077,0.19377514026207077,0.2552975098530628,0.133120391674769,0.98369767602795,True,True,True,True,FULL,FULL_direct_exp_rank_5
107,0.15,1.5566666666666666,0.88,0.5103333333333334,0.5103333333333334,0.7081291518031402,3.211991434689508,1.2184624851364736,19.26598627033951,0.5103333333333334,0.8690440504159752,3.211991434689508,1.3793773837493086,14.071290175911418,0.16091489861283503,0.16091489861283503,0.16091489861283503,0.16091489861283503,-5.194696094428092,5.194696094428092,0.023632705050268,0.015075265437264,0.9650875399080808,True,True,True,True,FULL,FULL_direct_exp_rank_5
108,0.24,2.175,5.1,3.69825,3.69825,2.8769666070220197,2.298850574712644,6.5752166070220195,13.53664985652516,3.69825,3.5084573921763536,2.298850574712644,7.206707392176353,10.227982387118152,0.6314907851543339,0.6314907851543339,0.6314907851543339,0.6314907851543339,-3.308667469407009,3.308667469407009,0.1087153904061167,0.0640036051261913,0.9691257292072126,True,True,True,True,FULL,FULL_direct_exp_rank_5
109,0.47,3.8575,14.84,13.285,13.285,3.275885261750222,1.2961762799740766,16.560885261750222,9.133208341560495,13.285,4.815358675837739,1.2961762799740766,18.10035867583774,6.030535125448846,1.5394734140875173,1.5394734140875173,1.5394734140875173,1.5394734140875173,-3.102673216111649,3.102673216111649,0.4146882359904428,0.200937352094121,0.9392306166133818,True,True,True,True,FULL,FULL_direct_exp_rank_5
110,0.15,2.1675,1.23,0.6225,0.6225,0.9619833022068238,2.306805074971165,1.584483302206824,20.507804388385548,0.6225,1.1183423059877515,2.306805074971165,1.7408423059877516,14.99123874693861,0.1563590037809277,0.1563590037809277,0.15635900378092749,0.15635900378092749,-5.516565641446938,5.516565641446938,0.0297494580333513,0.0179512932589645,0.97484170221946,True,True,True,True,FULL,FULL_direct_exp_rank_5
111,0.25,2.165,6.22,4.547499999999999,4.547499999999999,3.553532108811563,2.3094688221709005,8.101032108811562,12.896286747191096,4.547499999999999,4.4523513470877365,2.3094688221709005,8.999851347087736,9.548943690693772,0.8988192382761735,0.8988192382761735,0.8988192382761735,0.8988192382761735,-3.3473430564973246,3.3473430564973246,0.1447818995179222,0.0866276772891407,0.9635154090478112,True,True,True,True,FULL,FULL_direct_exp_rank_5
112,0.46,4.1075,18.37,16.2525,16.2525,4.204330792736471,1.217285453438831,20.456830792736472,9.296747223836368,16.2525,6.9893359387620855,1.217285453438831,23.241835938762087,5.472412686575495,2.7850051460256147,2.7850051460256147,2.7850051460256147,2.7850051460256147,-3.8243345372608726,3.8243345372608726,0.6430686942038846,0.3333226427482516,0.900069008917033,True,True,True,True,FULL,FULL_direct_exp_rank_5
113,0.21,1.5599999999999998,0.72,0.5333333333333333,0.5333333333333333,0.4530839141628877,3.2051282051282053,0.9864172474962212,14.758619332850811,0.5333333333333333,0.5456416144007706,3.2051282051282053,1.078974947734104,11.740035712054294,0.09255770023788296,0.09255770023788296,0.09255770023788279,0.09255770023788279,-3.0185836207965178,3.0185836207965178,0.0133868610730171,0.0080941044020528,0.9780628050777672,True,True,True,True,FULL,FULL_direct_exp_rank_5
114,0.46,2.215,4.54,3.755,3.755,3.0550946555112306,2.2573363431151243,6.8100946555112305,6.812602552841997,3.755,3.125116659607815,2.2573363431151243,6.880116659607815,6.660336334192903,0.07002200409658421,0.07002200409658421,0.07002200409658421,0.07002200409658421,-0.1522662186490944,0.1522662186490944,0.0094096764856486,0.0052828153278868,0.999768238838791,True,True,True,True,FULL,FULL_direct_exp_rank_5
115,3.02,4.84,14.29,13.226666666666668,13.226666666666668,67.62238227774218,1.0330578512396695,80.84904894440885,1.2379494369579531,13.226666666666668,43.885236472309934,1.0330578512396695,57.1119031389766,1.383686355433294,-23.73714580543224,23.73714580543224,-23.73714580543225,23.73714580543225,0.14573691847534098,0.14573691847534098,0.3302442505508332,0.2004741252864331,0.9848847637714092,True,True,True,True,FULL,FULL_direct_exp_rank_5
116,0.1,1.5533333333333337,1.16,0.5640000000000001,0.5640000000000001,0.912890584776652,3.218884120171673,1.476890584776652,31.1344826944979,0.5640000000000001,1.3292086643325,3.218884120171673,1.8932086643325,16.396245367829902,0.4163180795558481,0.4163180795558481,0.4163180795558479,0.4163180795558479,-14.738237326668,14.738237326668,0.0677925352672003,0.0432007378013139,0.8589461791767811,True,True,True,True,FULL,FULL_direct_exp_rank_5
117,0.28,2.16,4.98,3.80875,3.80875,2.7207253448886286,2.314814814814815,6.5294753448886285,11.627647012732409,3.80875,3.21028191132549,2.314814814814815,7.01903191132549,9.379824793335676,0.4895565664368613,0.4895565664368613,0.4895565664368613,0.4895565664368613,-2.247822219396733,2.247822219396733,0.0832084353037837,0.0478367613589551,0.981139112481633,True,True,True,True,FULL,FULL_direct_exp_rank_5
118,0.84,3.88,14.83,12.9825,12.9825,7.331910697776193,1.288659793814433,20.314410697776193,4.123242699657944,12.9825,7.372226358465541,1.288659793814433,20.35472635846554,4.100318892584061,0.04031566068934822,0.04031566068934822,0.04031566068934822,0.04031566068934822,-0.02292380707388375,0.02292380707388375,0.0074891364616662,0.0038313182342156,0.9999864873558052,True,True,True,True,FULL,FULL_direct_exp_rank_5
119,0.05,1.5533333333333337,1.06,0.4603333333333333,0.4603333333333333,0.7347138188950575,3.218884120171673,1.1950471522283908,76.69251608229672,0.4603333333333333,1.6251038279497445,3.218884120171673,2.0854371612830778,19.570359725588585,0.890390009054687,0.890390009054687,0.890390009054687,0.890390009054687,-57.12215635670813,57.12215635670813,0.1677325032084804,0.1040784645535725,-0.0260474198522453,True,True,True,True,FULL,FULL_direct_exp_rank_5
120,0.24,2.1675,5.34,3.634,3.634,3.551284821064535,2.306805074971165,7.185284821064535,12.76758648025316,3.634,4.16804515692534,2.306805074971165,7.802045156925339,10.105848351963353,0.6167603358608047,0.6167603358608047,0.6167603358608043,0.6167603358608043,-2.661738128289807,2.661738128289807,0.0990908323508101,0.059891830699166,0.9789976997565611,True,True,True,True,FULL,FULL_direct_exp_rank_5
121,0.58,3.8475,15.72,12.52,12.52,8.509190021060213,1.299545159194282,21.029190021060213,5.626700720273117,12.52,9.195163797980744,1.299545159194282,21.715163797980743,5.100334981498209,0.6859737769205303,0.6859737769205303,0.6859737769205303,0.6859737769205303,-0.5263657387749081,0.5263657387749081,0.1244834363937956,0.0679755244462413,0.9959434892917648,True,True,True,True,FULL,FULL_direct_exp_rank_5
122,0.16,1.7866666666666664,1.46,0.5153333333333333,0.5153333333333333,1.791622665699797,2.7985074626865676,2.3069559990331303,15.27471027903135,0.5153333333333333,1.894886416864169,2.7985074626865676,2.4102197501975025,13.76841422763954,0.10326375116437214,0.10326375116437214,0.10326375116437214,0.10326375116437214,-1.5062960513918107,1.5062960513918107,0.0147930589899763,0.0095947656639308,0.9974301489156092,True,True,True,True,FULL,FULL_direct_exp_rank_5
123,0.34,2.19,5.86,3.70375,3.70375,6.4076526447249105,2.2831050228310503,10.11140264472491,7.4904783908875965,3.70375,6.096566667842303,2.2831050228310503,9.800316667842305,7.984808652659099,-0.3110859768826071,0.3110859768826071,-0.3110859768826053,0.3110859768826053,0.49433026177150285,0.49433026177150285,0.0355464016034855,0.0225201786851709,0.998313219704852,True,True,True,True,FULL,FULL_direct_exp_rank_5
124,0.72,3.9025,15.23,13.1975,13.1975,6.547895084347095,1.2812299807815504,19.745395084347095,4.922489465268678,13.1975,7.00280483524284,1.2812299807815504,20.20030483524284,4.5716906703254425,0.4549097508957445,0.4549097508957445,0.4549097508957445,0.4549097508957445,-0.35079879494323585,0.35079879494323585,0.0944716170199378,0.0478847821811586,0.9977216462072042,True,True,True,True,FULL,FULL_direct_exp_rank_5
125,0.13,1.5766666666666669,0.83,0.5316666666666667,0.5316666666666667,0.5110542316499418,3.1712473572938684,1.0427208983166083,25.070549134255213,0.5316666666666667,0.7149904573377819,3.1712473572938684,1.2466571240044486,15.099036195540831,0.2039362256878401,0.2039362256878401,0.2039362256878403,0.2039362256878403,-9.971512938714381,9.971512938714381,0.0333194549796714,0.0208418891433174,0.9010857422698552,True,True,True,True,FULL,FULL_direct_exp_rank_5
126,0.33,2.195,4.91,4.2615,4.2615,1.6629195649406574,2.277904328018223,5.924419564940657,11.444353107108954,4.2615,2.1990045886787843,2.277904328018223,6.460504588678784,8.518983189489084,0.5360850237381269,0.5360850237381269,0.5360850237381269,0.5360850237381269,-2.9253699176198698,2.9253699176198698,0.1092308303076151,0.0571587677022502,0.9663584493198796,True,True,True,True,FULL,FULL_direct_exp_rank_5
127,2.99,4.513333333333333,16.39,14.923333333333332,14.923333333333332,140.10135047238424,1.1078286558345645,155.0246838057176,1.2549920885699382,14.923333333333332,82.44385824879532,1.1078286558345645,97.36719158212864,1.3875916294972686,-57.65749222358892,57.65749222358892,-57.657492223588946,57.657492223588946,0.1325995409273304,0.1325995409273304,0.4124295661970892,0.2486980299849292,0.9815895335301832,True,True,True,True,FULL,FULL_direct_exp_rank_5
128,0.22,1.5666666666666669,1.38,0.6789999999999999,0.6789999999999999,1.9691572578488556,3.191489361702127,2.6481572578488555,10.298464829923804,0.6789999999999999,1.8585792759354365,3.191489361702127,2.5375792759354363,11.115555737580229,-0.11057798191341917,0.11057798191341917,-0.11057798191341917,0.11057798191341917,0.817090907656425,0.817090907656425,0.0109470573005883,0.0074045122448311,0.9979899844531996,True,True,True,True,FULL,FULL_direct_exp_rank_5
129,0.39,2.18,6.11,4.593,4.593,5.057943521426855,2.293577981651376,9.650943521426855,7.34235077378404,4.593,5.166773713272725,2.293577981651376,9.759773713272724,7.1719114208430925,0.10883019184587006,0.10883019184587006,0.10883019184586828,0.10883019184586828,-0.17043935294094759,0.17043935294094759,0.0130592384771661,0.0078560737008589,0.9997487647050016,True,True,True,True,FULL,FULL_direct_exp_rank_5
130,2.78,4.13,17.18,15.5675,15.5675,173.2142161184181,1.2106537530266344,188.7817161184181,1.354578535378103,15.5675,108.45265029691042,1.2106537530266344,124.02015029691042,1.4613909429013243,-64.76156582150769,64.76156582150769,-64.76156582150769,64.76156582150769,0.1068124075232213,0.1068124075232213,0.3410549260543208,0.2057706942297812,0.9885443840501515,True,True,True,True,FULL,FULL_direct_exp_rank_5
131,0.3,1.57,0.69,0.4403333333333333,0.4403333333333333,0.989606450202688,3.184713375796178,1.4299397835360212,7.9675990689291964,0.4403333333333333,0.8726983608046417,3.184713375796178,1.313031694137975,9.08507618955034,-0.11690808939804631,0.11690808939804631,-0.11690808939804631,0.11690808939804631,1.1174771206211442,1.1174771206211442,0.0095237625732673,0.0062703787916786,0.991986840706352,True,True,True,True,FULL,FULL_direct_exp_rank_5
132,0.38,2.2025,4.61,3.49275,3.49275,3.5417527605950667,2.270147559591374,7.034502760595067,7.697329513236288,3.49275,3.5243507730868293,2.270147559591374,7.017100773086829,7.742512464481766,-0.017401987508237404,0.017401987508237404,-0.017401987508237404,0.017401987508237404,0.04518295124547844,0.04518295124547844,0.0024046885550798,0.0013982304974654,0.9999845727978628,True,True,True,True,FULL,FULL_direct_exp_rank_5
133,0.58,3.89,14.25,12.71,12.71,3.870375185655917,1.2853470437017995,16.580375185655917,6.937928600833182,12.71,4.787781290016877,1.2853470437017995,17.497781290016878,5.473004739203841,0.91740610436096,0.91740610436096,0.9174061043609605,0.9174061043609605,-1.464923861629341,1.464923861629341,0.2500295255102164,0.1187966830674831,0.9788823312544054,True,True,True,True,FULL,FULL_direct_exp_rank_5
134,0.29,1.5933333333333335,0.81,0.6846666666666668,0.6846666666666668,0.4027161872827163,3.1380753138075312,1.087382853949383,11.679447292728767,0.6846666666666668,0.5064836087480333,3.1380753138075312,1.1911502754147,9.376528545726122,0.10376742146531703,0.10376742146531703,0.10376742146531703,0.10376742146531703,-2.3029187470026447,2.3029187470026447,0.0148255729329911,0.0084061951511131,0.9800922843364112,True,True,True,True,FULL,FULL_direct_exp_rank_5
135,0.42,2.1925,4.74,4.255,4.255,1.6007301765706998,2.280501710376283,5.8557301765707,9.079561652406012,4.255,2.0913157245845664,2.280501710376283,6.346315724584566,7.131277307259619,0.49058554801386656,0.49058554801386656,0.49058554801386656,0.49058554801386656,-1.9482843451463925,1.9482843451463925,0.0935218466870125,0.048189042470313,0.9775223325704,True,True,True,True,FULL,FULL_direct_exp_rank_5
136,2.48,4.18,15.4,14.19,14.19,62.34454554337887,1.1961722488038278,76.53454554337887,1.469660738779334,14.19,47.01187628924972,1.1961722488038278,61.20187628924972,1.5819783969082106,-15.33266925412915,15.33266925412915,-15.33266925412915,15.33266925412915,0.11231765812887673,0.11231765812887673,0.2151178424956571,0.1305401502824232,0.9943587637261724,True,True,True,True,FULL,FULL_direct_exp_rank_5
137,1.18,1.85,0.63,0.575,0.575,4.239497230710774,2.702702702702702,4.814497230710774,3.1309195303367727,0.575,5.554951821078759,2.702702702702702,6.129951821078759,3.0190681608199026,1.3154545903679846,1.3154545903679846,1.3154545903679846,1.3154545903679846,-0.11185136951687014,0.11185136951687014,0.0048491337001342,0.0030173248883931,0.9982991908389496,True,True,True,True,FULL,FULL_direct_exp_rank_5
138,0.99,2.6033333333333335,4.93,4.496666666666667,4.496666666666667,4.9592094785200045,1.9206145966709345,9.455876145186672,3.460965956174455,4.496666666666667,5.179190616549593,1.9206145966709345,9.67585728321626,3.3816104805028857,0.2199811380295884,0.2199811380295884,0.2199811380295884,0.2199811380295884,-0.07935547567156931,0.07935547567156931,0.0132740879561157,0.0076060092565199,0.9997399727367372,True,True,True,True,FULL,FULL_direct_exp_rank_5
139,1.92,4.2125,17.14,16.56,16.56,9.158812659704571,1.1869436201780414,25.71881265970457,2.22655990128023,16.56,11.514180000743888,1.1869436201780414,28.074180000743887,2.0038445185019476,2.355367341039317,2.355367341039317,2.355367341039315,2.355367341039315,-0.2227153827782824,0.2227153827782824,0.2066786357569665,0.1128850616116099,0.995459562458446,True,True,True,True,FULL,FULL_direct_exp_rank_5
140,0.42,1.7400000000000002,0.83,0.4525,0.4525,2.5886372580129136,2.8735632183908044,3.0411372580129137,4.84879553279124,0.4525,1.6164732671475446,2.8735632183908044,2.0689732671475447,7.074098798666846,-0.972163990865369,0.972163990865369,-0.972163990865369,0.972163990865369,2.2253032658756053,2.2253032658756053,0.0423573346247899,0.0292975813262127,0.9226279706986386,True,True,True,True,FULL,FULL_direct_exp_rank_5
141,1.23,2.5733333333333337,4.22,4.026666666666666,4.026666666666666,3.714553371745124,1.94300518134715,7.74122003841179,3.22230726876678,4.026666666666666,5.719254264192945,1.94300518134715,9.745920930859612,2.7505426261839574,2.004700892447821,2.004700892447821,2.004700892447821,2.004700892447821,-0.4717646425828228,0.4717646425828228,0.0782162587090408,0.0453348552428826,0.9895074031984474,True,True,True,True,FULL,FULL_direct_exp_rank_5
142,1.79,4.84,15.01,14.9025,14.9025,0.8901040923931092,1.0330578512396695,15.792604092393107,3.4546415460563873,14.9025,2.0825690947994566,1.0330578512396695,16.985069094799456,2.4276126097976745,1.1924650024063475,1.1924650024063475,1.1924650024063492,1.1924650024063492,-1.0270289362587128,1.0270289362587128,0.5257534644756965,0.2397218236331329,0.9512269088732928,True,True,True,True,FULL,FULL_direct_exp_rank_5
143,0.33,1.5733333333333333,0.58,0.4766666666666666,0.4766666666666666,0.4098600862261488,3.1779661016949152,0.8865267528928155,9.368454028225154,0.4766666666666666,0.4601469350625575,3.1779661016949152,0.936813601729224,8.435957345292064,0.050286848836408715,0.050286848836408715,0.05028684883640855,0.05028684883640855,-0.9324966829330901,0.9324966829330901,0.0055542706146205,0.0032780883095623,0.9950981054413636,True,True,True,True,FULL,FULL_direct_exp_rank_5
144,0.43,2.1725,4.53,3.8975,3.8975,2.2412867147074325,2.3014959723820483,6.138786714707432,7.955893974394428,3.8975,2.55899731390586,2.3014959723820483,6.45649731390586,6.996703596906581,0.3177105991984277,0.3177105991984277,0.3177105991984277,0.3177105991984277,-0.9591903774878467,0.9591903774878467,0.0501881762370304,0.0271885464449914,0.9930835971477534,True,True,True,True,FULL,FULL_direct_exp_rank_5
145,3.33,4.496666666666667,14.77,14.159999999999998,14.159999999999998,71.68575820940592,1.111934766493699,85.84575820940591,1.2931877819034847,14.159999999999998,68.26692802083468,1.111934766493699,82.42692802083468,1.3036905189809809,-3.418830188571235,3.418830188571235,-3.418830188571235,3.418830188571235,0.01050273707749616,0.01050273707749616,0.0230558213135721,0.0133536406212452,0.9999269892420726,True,True,True,True,FULL,FULL_direct_exp_rank_5
146,0.13,1.5599999999999998,0.68,0.5633333333333334,0.5633333333333334,0.1951982739754749,3.2051282051282053,0.7585316073088083,31.88575510060682,0.5633333333333334,0.3750752842592438,3.2051282051282053,0.9384086175925772,15.16969265847105,0.1798770102837689,0.1798770102837689,0.1798770102837689,0.1798770102837689,-16.71606244213577,16.71606244213577,0.0337073744432427,0.0198383419138287,0.7763235363780717,True,True,True,True,FULL,FULL_direct_exp_rank_5
147,1.84,3.1775,4.39,3.69,3.69,48.191526905344915,1.5735641227380015,51.88152690534491,1.779339325853626,3.69,27.063189565945205,1.5735641227380015,30.75318956594521,1.9859288992025503,-21.12833733939971,21.12833733939971,-21.128337339399703,21.128337339399703,0.20658957334892425,0.20658957334892425,0.1268711253756188,0.0789519668518897,0.9765929965844466,True,True,True,True,FULL,FULL_direct_exp_rank_5
148,2.23,4.3774999999999995,15.49,14.875,14.875,14.10295307840756,1.142204454597373,28.97795307840756,1.8301286904573817,14.875,15.128958300301658,1.142204454597373,30.003958300301655,1.7775623097419062,1.0260052218940974,1.0260052218940974,1.0260052218940956,1.0260052218940956,-0.05256638071547548,0.05256638071547548,0.0574297902680779,0.0325717110700996,0.99959576087724,True,True,True,True,FULL,FULL_direct_exp_rank_5
149,0.18,1.5599999999999998,0.96,0.5433333333333333,0.5433333333333333,0.9264981470545324,3.2051282051282053,1.4698314803878656,14.731251978605432,0.5433333333333333,1.0227164478096582,3.2051282051282053,1.5660497811429916,12.7528927627426,0.09621830075512583,0.09621830075512583,0.09621830075512605,0.09621830075512605,-1.978359215862831,1.978359215862831,0.0125215931285616,0.0080919227479764,0.9926435705863564,True,True,True,True,FULL,FULL_direct_exp_rank_5
150,0.4,2.175,5.29,4.25,4.25,3.4798658017251105,2.298850574712644,7.7298658017251105,7.755705088302538,4.25,3.715099333061575,2.298850574712644,7.965099333061575,7.233210128397515,0.23523353133646463,0.23523353133646463,0.23523353133646463,0.23523353133646463,-0.5224949599050221,0.5224949599050221,0.0324182195146271,0.0185805027579335,0.9978402311348534,True,True,True,True,FULL,FULL_direct_exp_rank_5
151,0.99,3.6125,15.85,14.965,14.965,4.712295648967803,1.384083044982699,19.677295648967803,4.185634509215309,14.965,6.4088023190078545,1.384083044982699,21.373802319007854,3.392984322577184,1.6965066700400513,1.6965066700400513,1.6965066700400513,1.6965066700400513,-0.7926501866381255,0.7926501866381255,0.3066763796569036,0.1539232036609354,0.9834215925914532,True,True,True,True,FULL,FULL_direct_exp_rank_5
152,1.16,1.9,0.64,0.54,0.54,8.918859589233094,2.6315789473684212,9.458859589233091,2.9158636476035604,0.54,6.9669450282196825,2.6315789473684212,7.506945028219683,3.0082009478360954,-1.9519145610134112,1.9519145610134112,-1.9519145610134085,1.9519145610134085,0.09233730023253495,0.09233730023253495,0.0056107519487195,0.003544545535818,0.9979554320862608,True,True,True,True,FULL,FULL_direct_exp_rank_5
153,1.3,2.566666666666667,4.2,3.9333333333333336,3.9333333333333336,6.732843008196392,1.948051948051948,10.666176341529724,2.832743127876559,3.9333333333333336,8.576146581414594,1.948051948051948,12.509479914747928,2.6203110071508267,1.8433035732182024,1.8433035732182024,1.8433035732182041,1.8433035732182041,-0.21243212072573225,0.21243212072573225,0.043664664205399,0.0260656796978094,0.9967324471618232,True,True,True,True,FULL,FULL_direct_exp_rank_5
154,5.1,31.453947067343865,14.28,13.490170336848536,13.490170336848536,2.087839211051561,0.1589625616554528,15.578009547900097,0.9263059984631752,13.490170336848536,5.636972443101978,0.1589625616554528,19.12714277995051,0.4727619362666384,3.5491332320504174,3.5491332320504174,3.549133232050414,3.549133232050414,-0.45354406219653676,0.45354406219653676,0.6834495748893981,0.3545762928505214,0.8513116212374874,True,True,True,True,FULL,FULL_direct_exp_rank_5
155,0.56,1.5599999999999998,0.58,0.4766666666666666,0.4766666666666666,1.2430840918042927,3.2051282051282053,1.7197507584709593,5.0236277196711585,0.4766666666666666,1.1625780104617354,3.2051282051282053,1.639244677128402,5.185891258849086,-0.08050608134255732,0.08050608134255732,-0.08050608134255732,0.08050608134255732,0.16226353917792746,0.16226353917792746,0.0023774502195635,0.0015105697363673,0.999360224249987,True,True,True,True,FULL,FULL_direct_exp_rank_5
156,0.67,2.1775,4.06,3.745,3.745,2.1627193549790276,2.296211251435132,5.907719354979028,5.4890381882934465,3.745,2.782549414994707,2.296211251435132,6.5275494149947075,4.6870223692384805,0.6198300600156794,0.6198300600156794,0.6198300600156799,0.6198300600156799,-0.802015819054966,0.802015819054966,0.0633099901065381,0.0347691508579032,0.9900546785881362,True,True,True,True,FULL,FULL_direct_exp_rank_5
157,1.32,3.9,14.36,13.5925,13.5925,6.126023681195667,1.2820512820512822,19.718523681195663,3.032176279008363,13.5925,6.953552616843977,1.2820512820512822,20.546052616843976,2.796144930111274,0.82752893564831,0.82752893564831,0.8275289356483135,0.8275289356483135,-0.23603134889708866,0.23603134889708866,0.1204058816835913,0.0621754180325725,0.9973271013417928,True,True,True,True,FULL,FULL_direct_exp_rank_5
158,0.17,1.6233333333333333,1.0,0.5720000000000001,0.5720000000000001,0.8749487231528226,3.080082135523614,1.4469487231528226,16.31818533574024,0.5720000000000001,0.9994272169581268,3.080082135523614,1.571427216958127,13.29206050905908,0.12447849380530418,0.12447849380530418,0.12447849380530429,0.12447849380530429,-3.0261248266811585,3.0261248266811585,0.0178071097511424,0.0113325684800238,0.9854856751923116,True,True,True,True,FULL,FULL_direct_exp_rank_5
159,0.32,2.1825,5.06,4.11975,4.11975,2.410582651104151,2.290950744558992,6.530332651104151,10.626543938716322,4.11975,2.8813212632028096,2.290950744558992,7.001071263202809,8.618864915548553,0.47073861209865875,0.47073861209865875,0.47073861209865875,0.47073861209865875,-2.0076790231677695,2.0076790231677695,0.082956681816895,0.0459855636904755,0.9819963041340244,True,True,True,True,FULL,FULL_direct_exp_rank_5
160,1.07,3.895,14.3,13.0025,13.0025,7.31537030166651,1.2836970474967908,20.31787030166651,3.3651116062820727,13.0025,7.242851896998515,1.2836970474967908,20.24535189699851,3.3932255134312426,-0.07251840466799475,0.07251840466799475,-0.07251840466799919,0.07251840466799919,0.028113907149169837,0.028113907149169837,0.0117954607338477,0.0060532436682586,0.9999697346835612,True,True,True,True,FULL,FULL_direct_exp_rank_5
161,0.1,1.5666666666666669,0.85,0.5843333333333334,0.5843333333333334,0.3978559436075378,3.191489361702127,0.9821892769408712,37.33548887229885,0.5843333333333334,0.6997196487021244,3.191489361702127,1.2840529820354578,16.6526404359776,0.30186370509458665,0.30186370509458665,0.3018637050945866,0.3018637050945866,-20.682848436321255,20.682848436321255,0.0528592443851018,0.032848257716306,0.7073262624037728,True,True,True,True,FULL,FULL_direct_exp_rank_5
162,0.24,2.175,6.09,4.409,4.409,3.4511384121172206,2.298850574712644,7.86013841211722,13.515323404054092,4.409,4.358228983518937,2.298850574712644,8.767228983518937,9.826573457473984,0.9070905714017163,0.9070905714017163,0.9070905714017163,0.9070905714017163,-3.688749946580108,3.688749946580108,0.1490252478764357,0.0892629664233072,0.959418637628054,True,True,True,True,FULL,FULL_direct_exp_rank_5
163,0.5,3.8625,16.89,15.2325,15.2325,3.655467066441505,1.2944983818770228,18.887967066441504,8.601598077321363,15.2325,5.815152309979764,1.2944983818770228,21.047652309979764,5.4398137666491095,2.159685243538259,2.159685243538259,2.1596852435382594,2.1596852435382594,-3.161784310672253,3.161784310672253,0.5310445203077059,0.2641970097645403,0.9257885744412144,True,True,True,True,FULL,FULL_direct_exp_rank_5
164,0.07,1.5566666666666666,0.85,0.5843333333333334,0.5843333333333334,0.3510048045966245,3.211991434689508,0.935338137929958,59.36701870371923,0.5843333333333334,0.8143768994317462,3.211991434689508,1.3987102327650796,18.439451335616585,0.4633720948351217,0.4633720948351217,0.46337209483512154,0.46337209483512154,-40.92756736810264,40.92756736810264,0.0847227344639196,0.0528881336624423,0.1923767287805824,True,True,True,True,FULL,FULL_direct_exp_rank_5
165,0.23,2.1675,5.85,4.43275,4.43275,2.80147060168731,2.306805074971165,7.23422060168731,14.978792929839672,4.43275,3.7589499918751734,2.306805074971165,8.191699991875174,10.146727115529856,0.9574793901878635,0.9574793901878635,0.9574793901878635,0.9574793901878635,-4.832065814309816,4.832065814309816,0.1675987937721474,0.0985269649277238,0.9393383734116418,True,True,True,True,FULL,FULL_direct_exp_rank_5
166,0.75,3.8625,16.87,15.795,15.795,3.4935563581594646,1.2944983818770228,19.288556358159465,5.80409010742513,15.795,5.058687840859308,1.2944983818770228,20.85368784085931,4.280945149451622,1.5651314826998437,1.5651314826998437,1.5651314826998437,1.5651314826998437,-1.523144957973508,1.523144957973508,0.4092797059173831,0.1928527373075197,0.9663966799647856,True,True,True,True,FULL,FULL_direct_exp_rank_5
167,0.17,1.5599999999999998,0.8,0.5579999999999999,0.5579999999999999,0.4953159279041487,3.2051282051282053,1.0533159279041486,18.51576110820791,0.5579999999999999,0.6330936947198144,3.2051282051282053,1.1910936947198143,13.25402464172778,0.13777776681566567,0.13777776681566567,0.13777776681566567,0.13777776681566567,-5.261736466480132,5.261736466480132,0.021155121970084,0.0130243219100733,0.9551766198525288,True,True,True,True,FULL,FULL_direct_exp_rank_5
168,1.11,2.563333333333333,4.61,4.293333333333333,4.293333333333333,4.918051194692046,1.950585175552666,9.21138452802538,3.258019017990617,4.293333333333333,5.908037315750983,1.950585175552666,10.201370649084316,3.0098235083220324,0.9899861210589371,0.9899861210589371,0.9899861210589354,0.9899861210589354,-0.2481955096685846,0.2481955096685846,0.0436670852814425,0.0253536465265191,0.9970542787902488,True,True,True,True,FULL,FULL_direct_exp_rank_5
169,3.93,4.553333333333334,16.61,16.513333333333332,16.513333333333332,14.198414912137522,1.0980966325036603,30.711748245470854,1.4757256498343354,16.513333333333332,47.99090597514427,1.0980966325036603,64.50423930847761,1.2149282939609785,33.79249106300675,33.79249106300675,33.79249106300675,33.79249106300675,-0.26079735587335695,0.26079735587335695,0.3626952926483818,0.1959998842337321,0.9860093298087328,True,True,True,True,FULL,FULL_direct_exp_rank_5
170,0.19,1.5533333333333337,0.76,0.5436666666666666,0.5436666666666666,0.4848535368761771,3.218884120171673,1.0285202035428438,16.275028887164293,0.5436666666666666,0.5961200242298162,3.218884120171673,1.1397866908964829,12.448700839918516,0.11126648735363914,0.11126648735363914,0.11126648735363909,0.11126648735363909,-3.8263280472457772,3.8263280472457772,0.0163996942360825,0.0100386393685578,0.9705337859648948,True,True,True,True,FULL,FULL_direct_exp_rank_5
171,0.32,2.17,4.74,4.0465,4.0465,1.7565900119017304,2.3041474654377883,5.80309001190173,11.4900793995,4.0465,2.2618898337182776,2.3041474654377883,6.3083898337182776,8.709903326793594,0.5052998218165472,0.5052998218165472,0.5052998218165472,0.5052998218165472,-2.780176072706407,2.780176072706407,0.0994175176861347,0.0528907313642228,0.9698668154066076,True,True,True,True,FULL,FULL_direct_exp_rank_5
172,1.88,4.13,15.76,14.8875,14.8875,14.997831291761866,1.2106537530266344,29.885331291761865,2.0220034481788933,14.8875,15.044086566182177,1.2106537530266344,29.931586566182176,2.0190551388690947,0.046255274420310855,0.046255274420310855,0.046255274420310855,0.046255274420310855,-0.0029483093097986135,0.0029483093097986135,0.002859291667405,0.0016082657957528,0.9999989600226226,True,True,True,True,FULL,FULL_direct_exp_rank_5
173,0.23,1.5666666666666669,0.81,0.5826666666666666,0.5826666666666666,0.6080845262035995,3.191489361702127,1.190751192870266,12.675105003139644,0.5826666666666666,0.6817842255783407,3.191489361702127,1.2644508922450073,11.035794476315983,0.07369969937474119,0.07369969937474119,0.07369969937474119,0.07369969937474119,-1.6393105268236603,1.6393105268236603,0.0096195128093481,0.0059155126442671,0.991808840204796,True,True,True,True,FULL,FULL_direct_exp_rank_5
174,0.27,2.18,5.18,4.452999999999999,4.452999999999999,1.5717255574854088,2.293577981651376,6.024725557485408,14.53141002624948,4.452999999999999,2.295615372818105,2.293577981651376,6.748615372818104,9.574066285130884,0.7238898153326963,0.7238898153326963,0.7238898153326963,0.7238898153326963,-4.957343741118596,4.957343741118596,0.1516869795210001,0.0808137790735481,0.9344633467160184,True,True,True,True,FULL,FULL_direct_exp_rank_5
175,1.85,4.1125,17.29,16.4125,16.4125,14.29966321375646,1.21580547112462,30.71216321375646,2.100213453400296,16.4125,15.291839618906486,1.21580547112462,31.704339618906488,2.034429565692046,0.9921764051500261,0.9921764051500261,0.9921764051500261,0.9921764051500261,-0.06578388770825017,0.06578388770825017,0.0663878919323067,0.0371066606484153,0.9995328292265035,True,True,True,True,FULL,FULL_direct_exp_rank_5
176,0.65,1.5766666666666669,0.57,0.478,0.478,1.612273609680621,3.1712473572938684,2.090273609680621,4.48569879514461,0.478,1.5335765482550543,3.1712473572938684,2.0115765482550545,4.569173449536873,-0.07869706142556665,0.07869706142556665,-0.07869706142556643,0.07869706142556643,0.08347465439226287,0.08347465439226287,0.0015032811887733,0.0009523098601297,0.999754497146825,True,True,True,True,FULL,FULL_direct_exp_rank_5
177,1.47,2.6333333333333333,3.8,3.616,3.616,6.14964024424423,1.89873417721519,9.76564024424423,2.66832825839853,3.616,9.291735686747112,1.89873417721519,12.907735686747111,2.3874759112975688,3.1420954425028818,3.1420954425028818,3.1420954425028818,3.1420954425028818,-0.2808523471009612,0.2808523471009612,0.0573533140355007,0.0344530040663164,0.9935096561875244,True,True,True,True,FULL,FULL_direct_exp_rank_5
178,2.12,4.1575,13.69,12.965,12.965,17.833183532648366,1.2026458208057729,30.79818353264837,1.8070468059221405,12.965,17.538153067275005,1.2026458208057729,30.503153067275004,1.8190672288617176,-0.29503046537336175,0.29503046537336175,-0.2950304653733653,0.2950304653733653,0.012020422939577058,0.012020422939577058,0.0122638935487237,0.007085922515978,0.9999760996633488,True,True,True,True,FULL,FULL_direct_exp_rank_5
179,0.48,1.5666666666666669,0.88,0.6386666666666666,0.6386666666666666,2.2710172374402005,3.191489361702127,2.909683904106867,5.11752583659357,0.6386666666666666,1.7535997290739989,3.191489361702127,2.392266395740666,5.948396733161438,-0.5174175083662016,0.5174175083662016,-0.5174175083662012,0.5174175083662012,0.830870896567868,0.830870896567868,0.0174068541438892,0.0115383915034047,0.9849267407044574,True,True,True,True,FULL,FULL_direct_exp_rank_5
180,0.52,2.9225,5.54,4.727,4.727,2.527730037291942,1.710863986313088,7.254730037291942,6.676100463922199,4.727,2.4900343830471785,1.710863986313088,7.217034383047179,6.802964023660241,-0.03769565424476351,0.03769565424476351,-0.03769565424476351,0.03769565424476351,0.12686355973804186,0.12686355973804186,0.0087766438050188,0.0043180716632548,0.999848135809069,True,True,True,True,FULL,FULL_direct_exp_rank_5
181,0.9,3.925,17.84,14.94,14.94,13.029435602700998,1.2738853503184715,27.969435602700997,3.4621547532157915,14.94,12.54539654819965,1.2738853503184715,27.48539654819965,3.58989031739909,-0.48403905450134843,0.48403905450134843,-0.48403905450134843,0.48403905450134843,0.12773556418329868,0.12773556418329868,0.0622829609078352,0.0345822181207255,0.9993822846174382,True,True,True,True,FULL,FULL_direct_exp_rank_5
182,0.22,1.49,0.66,0.4575,0.4575,0.5513217275318822,3.3557046979865772,1.0088217275318825,12.75282127395527,0.4575,0.6136462506496312,3.3557046979865772,1.0711462506496312,11.21786340185198,0.06232452311774894,0.06232452311774894,0.06232452311774872,0.06232452311774872,-1.5349578721032895,1.5349578721032895,0.0074750306249852,0.004718789005515,0.99298113848192,True,True,True,True,FULL,FULL_direct_exp_rank_5
183,1.93,3.1,4.22,4.0145,4.0145,10.822557992923612,1.6129032258064515,14.837057992923611,2.064879723343122,4.0145,14.68366984075414,1.6129032258064515,18.69816984075414,1.9339318539559436,3.8611118478305286,3.8611118478305286,3.8611118478305286,3.8611118478305286,-0.13094786938717862,0.13094786938717862,0.0437556150300915,0.0267514751563253,0.9970501042792784,True,True,True,True,FULL,FULL_direct_exp_rank_5
184,3.98,4.75,15.12,14.85,14.85,45.661479023586836,1.0526315789473684,60.51147902358684,1.247654255784918,14.85,67.85082983750067,1.0526315789473684,82.70082983750066,1.1788943283957622,22.189350813913833,22.189350813913833,22.189350813913826,22.189350813913826,-0.0687599273891557,0.0687599273891557,0.1341366531073561,0.074385714819299,0.9976138080053754,True,True,True,True,FULL,FULL_direct_exp_rank_5
185,0.13,1.5666666666666669,1.09,0.5446666666666667,0.5446666666666667,0.9576325699215577,3.191489361702127,1.5022992365882244,21.905585532286455,0.5446666666666667,1.2080368307630298,3.191489361702127,1.7527034974296969,14.90488094070938,0.25040426084147216,0.25040426084147216,0.2504042608414725,0.2504042608414725,-7.000704591577076,7.000704591577076,0.0376109768702039,0.0242189341656734,0.9525821303192492,True,True,True,True,FULL,FULL_direct_exp_rank_5
186,0.28,2.1775,5.16,3.81425,3.81425,3.130431077528114,2.296211251435132,6.944681077528114,11.220553160809676,3.81425,3.5912313666274867,2.296211251435132,7.405481366627487,9.3361305042197,0.46080028909937276,0.46080028909937276,0.46080028909937276,0.46080028909937276,-1.884422656589976,1.884422656589976,0.0752502915041878,0.0439781486271404,0.9862133671453877,True,True,True,True,FULL,FULL_direct_exp_rank_5
187,0.7,3.88,16.09,11.71,11.71,14.993697153202367,1.288659793814433,26.70369715320237,3.931657649182005,11.71,13.661568520831125,1.288659793814433,25.37156852083113,4.403827148172053,-1.3321286323712425,1.3321286323712425,-1.3321286323712407,1.3321286323712407,0.472169498990048,0.472169498990048,0.1716850232257785,0.1008180473773273,0.9940103875802968,True,True,True,True,FULL,FULL_direct_exp_rank_5
188,1.1,2.06,0.64,0.593,0.593,1.513280437089641,2.4271844660194173,2.1062804370896413,3.268679989536249,0.593,1.979128612277452,2.4271844660194173,2.572128612277452,3.047159685096518,0.46584817518781096,0.46584817518781096,0.46584817518781074,0.46584817518781074,-0.22152030443973114,0.22152030443973114,0.0065856434672806,0.0040156046933177,0.9968328177845546,True,True,True,True,FULL,FULL_direct_exp_rank_5
189,3.11,3.85,4.79,4.4285,4.4285,105.61771145632456,1.2987012987012987,110.04621145632456,1.3813754414682702,4.4285,91.39320067271149,1.2987012987012987,95.82170067271149,1.3956840739984089,-14.22451078361307,14.22451078361307,-14.22451078361307,14.22451078361307,0.014308632530138699,0.014308632530138699,0.0166240308054681,0.0095292059062944,0.9996442127872084,True,True,True,True,FULL,FULL_direct_exp_rank_5
190,2.95,4.833333333333333,17.57,15.660000000000002,15.660000000000002,133.5433516563727,1.0344827586206895,149.2033516563727,1.194201194728314,15.660000000000002,67.90907888539404,1.0344827586206895,83.56907888539403,1.4111451174176322,-65.63427277097865,65.63427277097865,-65.63427277097865,65.63427277097865,0.21694392268931817,0.21694392268931817,0.7254910695665441,0.4418569144627365,0.9510645485983464,True,True,True,True,FULL,FULL_direct_exp_rank_5
191,0.1,1.64,1.15,0.5823333333333333,0.5823333333333333,0.8468851223123651,3.048780487804878,1.4292184556456984,32.276683117014976,0.5823333333333333,1.2446864378024045,3.048780487804878,1.8270197711357377,16.527005392129105,0.3978013154900394,0.3978013154900394,0.3978013154900393,0.3978013154900393,-15.74967772488587,15.74967772488587,0.0676767726113752,0.0427195185627464,0.8455790886858181,True,True,True,True,FULL,FULL_direct_exp_rank_5
192,0.26,2.06,5.06,2.78625,2.78625,5.537602820988881,2.4271844660194173,8.323852820988881,9.67711986223781,2.78625,5.582853156705977,2.4271844660194173,8.369103156705977,9.562670913114736,0.045250335717096135,0.045250335717096135,0.045250335717096135,0.045250335717096135,-0.11444894912307291,0.11444894912307291,0.0056279226968001,0.0036300403230785,0.9999507719848088,True,True,True,True,FULL,FULL_direct_exp_rank_5
193,0.48,3.91,15.79,12.4225,12.4225,7.40432598861948,1.278772378516624,19.82682598861948,7.151633571136485,12.4225,8.760182345571955,1.278772378516624,21.182682345571955,5.698493417380283,1.3558563569524757,1.3558563569524757,1.3558563569524757,1.3558563569524757,-1.4531401537562019,1.4531401537562019,0.2664747145842772,0.1464115524839191,0.9795154446662382,True,True,True,True,FULL,FULL_direct_exp_rank_5
194,0.47,1.5599999999999998,0.9,0.6583333333333333,0.6583333333333333,2.1587521490528645,3.2051282051282053,2.8170854823861977,5.267358968714256,0.6583333333333333,1.7112625815572486,3.2051282051282053,2.369595914890582,6.053607335112465,-0.44748956749561586,0.44748956749561586,-0.44748956749561586,0.44748956749561586,0.7862483663982092,0.7862483663982092,0.0160834587234405,0.0106281210941975,0.987472799598547,True,True,True,True,FULL,FULL_direct_exp_rank_5
195,0.49,2.1875,5.79,4.2505,4.2505,7.336962282580967,2.2857142857142856,11.587462282580969,5.320972461121309,4.2505,6.448441485087,2.2857142857142856,10.698941485087,6.004013269045099,-0.8885207974939675,0.8885207974939675,-0.8885207974939693,0.8885207974939693,0.6830408079237893,0.6830408079237893,0.0734925430499254,0.0458210327158909,0.9924506943476902,True,True,True,True,FULL,FULL_direct_exp_rank_5
196,1.09,3.86,17.51,14.9375,14.9375,16.553387035413166,1.2953367875647668,31.490887035413166,2.8169440230151195,14.9375,14.85420283842884,1.2953367875647668,29.79170283842884,3.071741102199661,-1.6991841969843264,1.6991841969843264,-1.6991841969843264,1.6991841969843264,0.25479707918454153,0.25479707918454153,0.1628641767002366,0.092119280908895,0.996175816401948,True,True,True,True,FULL,FULL_direct_exp_rank_5
197,0.14,2.0725,0.99,0.65575,0.65575,0.5146811885872504,2.4125452352231607,1.1704311885872505,25.510159206488257,0.65575,0.6856199790855795,2.4125452352231607,1.3413699790855795,15.421351297225929,0.17093879049832905,0.17093879049832905,0.17093879049832905,0.17093879049832905,-10.088807909262329,10.088807909262329,0.0345953744819261,0.0203352221920758,0.9150586724401176,True,True,True,True,FULL,FULL_direct_exp_rank_5
198,0.4,2.9125,5.46,4.44825,4.44825,2.4337808805815433,1.7167381974248928,6.882030880581543,8.688241808193261,4.44825,2.5094449865832305,1.7167381974248928,6.95769498658323,8.304440261060087,0.07566410600168716,0.07566410600168716,0.07566410600168716,0.07566410600168716,-0.3838015471331744,0.3838015471331744,0.0187752882748374,0.0093090756489232,0.9991756674300356,True,True,True,True,FULL,FULL_direct_exp_rank_5
199,2.66,4.3725000000000005,17.29,16.490000000000002,16.490000000000002,37.39926722177272,1.1435105774728416,53.88926722177272,1.504191322919805,16.490000000000002,35.44318085949183,1.1435105774728416,51.933180859491834,1.527711728682441,-1.9560863622808853,1.9560863622808853,-1.9560863622808853,1.9560863622808853,0.023520405762636143,0.023520405762636143,0.0425068887199951,0.0254463875999613,0.9998335847124596,True,True,True,True,FULL,FULL_direct_exp_rank_5
200,1.09,1.85,0.51,0.452,0.452,3.5013968656521643,2.702702702702702,3.953396865652164,3.161464776235545,0.452,3.667158253911477,2.702702702702702,4.119158253911476,3.137818993241791,0.16576138825931253,0.16576138825931253,0.16576138825931253,0.16576138825931253,-0.023645782993753972,0.023645782993753972,0.0008088458668614,0.000506884843011,0.9999264801407004,True,True,True,True,FULL,FULL_direct_exp_rank_5
201,4.54,28.00018033053748,3.73,3.372542584212134,3.372542584212134,0.9705608512144872,0.178570278511632,4.343103435426621,0.8969826858645201,3.372542584212134,2.526544447941932,0.178570278511632,5.899087032154066,0.4497275257668536,1.5559835967274447,1.5559835967274447,1.5559835967274447,1.5559835967274447,-0.4472551600976665,0.4472551600976665,0.1903830567137606,0.1141551226613857,0.8310279386368971,True,True,True,True,FULL,FULL_direct_exp_rank_5
202,5.68,6.0,13.66,13.51,13.51,45.684267603740025,0.8333333333333334,59.19426760374002,0.9611956816495174,13.51,70.55115621080833,0.8333333333333334,84.06115621080833,0.9128864042981344,24.866888607068304,24.866888607068304,24.86688860706831,24.86688860706831,-0.04830927735138302,0.04830927735138302,0.1101569040114947,0.058833667134307,0.9979251297997692,True,True,True,True,FULL,FULL_direct_exp_rank_5
203,8.16,15.0,0.64,0.4826666666666666,0.4826666666666666,11.163229285157737,0.3333333333333333,11.645895951824402,0.3680224492093827,0.4826666666666666,7.545634458667941,0.3333333333333333,8.028301125334607,0.3875694583421806,-3.617594826489796,3.617594826489796,-3.6175948264897944,3.6175948264897944,0.019547009132797888,0.019547009132797888,0.0094642877639619,0.0060910641293199,0.9947431909612636,True,True,True,True,FULL,FULL_direct_exp_rank_5
204,9.63,15.0,1.15,0.9263333333333332,0.9263333333333332,31.67109901569681,0.3333333333333333,32.59743234903014,0.356302565715436,0.9263333333333332,33.622424608280255,0.3333333333333333,34.54875794161359,0.3548606441013635,1.9513255925834443,1.9513255925834443,1.9513255925834443,1.9513255925834443,-0.0014419216140725277,0.0014419216140725277,0.0016808243357636,0.0010644282825549,0.9999540473620094,True,True,True,True,FULL,FULL_direct_exp_rank_5
205,8.17,15.0,1.67,1.391,1.391,14.757831874738754,0.3333333333333333,16.148831874738754,0.3859250855203011,1.391,12.085334182513364,0.3333333333333333,13.476334182513364,0.3997007203642649,-2.67249769222539,2.67249769222539,-2.67249769222539,2.67249769222539,0.013775634843963824,0.013775634843963824,0.0132138026979384,0.0083612996399461,0.9981643924096502,True,True,True,True,FULL,FULL_direct_exp_rank_5
206,7.68,15.0,2.36,1.9943333333333333,1.9943333333333333,14.016889640854824,0.3333333333333333,16.011222974188158,0.404258783461519,1.9943333333333333,10.356388868235024,0.3333333333333333,12.350722201568358,0.4357137709834695,-3.6605007726198,3.6605007726198,-3.6605007726198,3.6605007726198,0.03145498752195047,0.03145498752195047,0.0348788551709561,0.0217701267856646,0.9931954673759982,True,True,True,True,FULL,FULL_direct_exp_rank_5
207,12.65,17.5,2.87,2.478,2.478,85.54466261294648,0.2857142857142857,88.02266261294648,0.3027127732951231,2.478,289.58005275837803,0.2857142857142857,292.05805275837804,0.2904639195843018,204.03539014543156,204.03539014543156,204.03539014543156,204.03539014543156,-0.012248853710821295,0.012248853710821295,0.0434989993795319,0.0263108317779063,0.9945581761254294,True,True,True,True,FULL,FULL_direct_exp_rank_5
209,0.55,3.75,0.015,0.014,0.014,0.0024195869070291,1.3333333333333333,0.0164195869070291,8.395940887010124,0.014,0.0026656123765113,1.3333333333333333,0.0166656123765113,7.427662929892622,0.00024602546948220005,0.00024602546948220005,0.00024602546948220005,0.00024602546948220005,-0.9682779571175013,0.9682779571175013,0.00013191662415,5.09033788524284e-05,0.9946382295264152,True,True,True,True,FULL,FULL_direct_exp_rank_5
210,0.73,3.75,0.017,0.0155,0.0155,0.0049950016940742,1.3333333333333333,0.0204950016940742,5.436911505105911,0.0155,0.0049381580476821,1.3333333333333333,0.0204381580476821,5.511273374230049,-5.6843646392099566e-05,5.6843646392099566e-05,-5.684364639210043e-05,5.684364639210043e-05,0.07436186912413767,0.07436186912413767,1.948026703095296e-05,8.603000640426926e-06,0.9999251272681008,True,True,True,True,FULL,FULL_direct_exp_rank_5
211,0.73,3.75,0.031,0.0205,0.0205,0.0421170527109933,1.3333333333333333,0.0626170527109933,3.3538139443417307,0.0205,0.0296537284396143,1.3333333333333333,0.0501537284396143,5.844287147218293,-0.012463324271379,0.012463324271379,-0.012463324271379,0.012463324271379,2.4904732028765624,2.4904732028765624,0.0018559177525651,0.0010101517060826,0.8422179898697482,True,True,True,True,FULL,FULL_direct_exp_rank_5
212,0.56,4.25,0.032,0.0305,0.0305,0.0032729190185453,1.1764705882352942,0.0337729190185453,9.217143579218789,0.0305,0.0033587561420068,1.1764705882352942,0.0338587561420068,8.85284553451475,8.58371234615002e-05,8.58371234615002e-05,8.58371234614963e-05,8.58371234614963e-05,-0.36429804470403937,0.36429804470403937,8.589158641624569e-05,2.7659254520064103e-05,0.999464657006862,True,True,True,True,FULL,FULL_direct_exp_rank_5
213,0.61,4.25,0.036,0.032,0.032,0.0097117896904809,1.1764705882352942,0.0417117896904809,6.613265489413038,0.032,0.0087518648285833,1.1764705882352942,0.0407518648285833,8.224166201472398,-0.0009599248618975993,0.0009599248618975993,-0.0009599248618976028,0.0009599248618976028,1.61090071205936,1.61090071205936,0.0005811400375786,0.0002160289007286,0.9816804350260596,True,True,True,True,FULL,FULL_direct_exp_rank_5
214,0.8,4.25,0.041,0.0365,0.0365,0.0146135447707714,1.1764705882352942,0.0511135447707714,4.687843076991533,0.0365,0.0123661496837365,1.1764705882352942,0.0488661496837365,6.266720354476166,-0.002247395087034901,0.002247395087034901,-0.0022473950870348994,0.0022473950870348994,1.578877277484633,1.578877277484633,0.0010251234157293,0.0004204778755442,0.9634421128124488,True,True,True,True,FULL,FULL_direct_exp_rank_5
215,0.85,4.25,0.053,0.0412499999999999,0.0412499999999999,0.0449535990108785,1.1764705882352942,0.0862035990108784,3.4008265344224067,0.0412499999999999,0.0332708166472418,1.1764705882352942,0.0745208166472417,5.911934218952841,-0.011682782363636707,0.011682782363636707,-0.011682782363636707,0.011682782363636707,2.5111076845304345,2.5111076845304345,0.0029341483725588,0.0013810674961837,0.836971166788238,True,True,True,True,FULL,FULL_direct_exp_rank_5
216,1.18,4.75,0.072,0.06875,0.06875,0.0144953537063408,1.0526315789473684,0.0832453537063408,3.803418428356459,0.06875,0.0127220100180811,1.0526315789473684,0.0814720100180812,4.456557589579692,-0.0017733436882597011,0.0017733436882597011,-0.0017733436882595988,0.0017733436882595988,0.6531391612232329,0.6531391612232329,0.0010546759762709,0.0004292819061697,0.9897406973542172,True,True,True,True,FULL,FULL_direct_exp_rank_5
217,1.07,4.75,0.082,0.07425,0.07425,0.0316745022212473,1.0526315789473684,0.1059245022212473,3.494012368300583,0.07425,0.0251811440191514,1.0526315789473684,0.0994311440191514,5.121924544556288,-0.0064933582020959,0.0064933582020959,-0.0064933582020959,0.0064933582020959,1.627912176255705,1.627912176255705,0.002958371720939,0.0012335966578983,0.9331696779516632,True,True,True,True,FULL,FULL_direct_exp_rank_5
218,0.99,4.75,0.091,0.0815,0.0815,0.0350845623553453,1.0526315789473684,0.1165845623553453,3.740061038065954,0.0815,0.0280406858661917,1.0526315789473684,0.1095406858661917,5.694158828952347,-0.007043876489153601,0.007043876489153601,-0.007043876489153597,0.007043876489153597,1.9540977908863928,1.9540977908863928,0.0034877214570297,0.0014162757709487,0.920131156902074,True,True,True,True,FULL,FULL_direct_exp_rank_5
219,1.33,4.75,0.123,0.109,0.109,0.0845437839006371,1.0526315789473684,0.1935437839006371,2.512415047002486,0.109,0.0607419071376773,1.0526315789473684,0.1697419071376773,3.876494591064607,-0.023801876762959806,0.023801876762959806,-0.02380187676295978,0.02380187676295978,1.364079544062121,1.364079544062121,0.0059297768410443,0.0027910718806584,0.897253145788082,True,True,True,True,FULL,FULL_direct_exp_rank_5
220,0.57,3.0,0.057,0.045,0.045,0.0423378142666348,1.6666666666666667,0.0873378142666348,5.252909248352316,0.045,0.0344233139159162,1.6666666666666667,0.0794233139159162,7.197452087905479,-0.007914500350718598,0.007914500350718598,-0.007914500350718598,0.007914500350718598,1.9445428395531623,1.9445428395531623,0.0016896875515498,0.0008421974274083,0.95114765843387,True,True,True,True,FULL,FULL_direct_exp_rank_5
221,0.74,3.0,0.052,0.0426666666666666,0.0426666666666666,0.0483380999196384,1.6666666666666667,0.091004766586305,3.990648101805694,0.0426666666666666,0.0373125745737465,1.6666666666666667,0.0799792412404131,5.3408375328538185,-0.0110255253458919,0.0110255253458919,-0.011025525345891907,0.011025525345891907,1.3501894310481246,1.3501894310481246,0.0016204195352757,0.0008560261663373,0.9533938217653508,True,True,True,True,FULL,FULL_direct_exp_rank_5
222,1.17,3.75,0.042,0.037,0.037,0.0379972465016185,1.3333333333333333,0.0749972465016185,2.7555455668379523,0.037,0.0295323133390994,1.3333333333333333,0.0665323133390994,3.4278127628692436,-0.008464933162519103,0.008464933162519103,-0.008464933162519103,0.008464933162519103,0.6722671960312914,0.6722671960312914,0.0010554483631865,0.0005589017106365,0.9739764701557156,True,True,True,True,FULL,FULL_direct_exp_rank_5
223,2.7,4.333333333333333,0.036,0.0356666666666666,0.0356666666666666,0.012315781767816,1.153846153846154,0.0479824484344826,2.0063850757344786,0.0356666666666666,0.0768923671450466,1.153846153846154,0.1125590338117132,1.3330695601507825,0.0645765853772306,0.0645765853772306,0.0645765853772306,0.0645765853772306,-0.6733155155836961,0.6733155155836961,0.0015805968697274,0.0009256129159234,0.9483402837440048,True,True,True,True,FULL,FULL_direct_exp_rank_5
224,0.75,3.5,0.022,0.02125,0.02125,0.0026705992767688,1.4285714285714286,0.0239205992767688,6.637578410976577,0.02125,0.0034267353436089,1.4285714285714286,0.0246767353436089,5.4193864918231345,0.0007561360668401,0.0007561360668401,0.0007561360668401004,0.0007561360668401004,-1.2181919191534423,1.2181919191534423,0.0003696814969149,0.0001517722607552,0.9847773563687648,True,True,True,True,FULL,FULL_direct_exp_rank_5
225,1.15,3.5,0.021,0.02,0.02,0.0073958891535081,1.4285714285714286,0.0273958891535081,3.6113543932907137,0.02,0.0099729163918784,1.4285714285714286,0.0299729163918784,3.020792418464927,0.0025770272383703,0.0025770272383703,0.0025770272383702983,0.0025770272383702983,-0.5905619748257869,0.5905619748257869,0.0003714856031466,0.0001918858961266,0.9878503427453948,True,True,True,True,FULL,FULL_direct_exp_rank_5
226,1.1,3.5,0.02,0.01925,0.01925,0.004956977641193,1.4285714285714286,0.024206977641193,4.054827267846036,0.01925,0.0074783136893392,1.4285714285714286,0.0267283136893392,3.1857904380212476,0.0025213360481461996,0.0025213360481461996,0.0025213360481462013,0.0025213360481462013,-0.8690368298247888,0.8690368298247888,0.0004611696407232,0.0002298519520354,0.9785825719175536,True,True,True,True,FULL,FULL_direct_exp_rank_5
227,1.25,3.5,0.019,0.01875,0.01875,0.0019847706438796,1.4285714285714286,0.0207347706438796,4.418502888206739,0.01875,0.0069875170642671,1.4285714285714286,0.0257375170642671,2.6636336290808815,0.0050027464203875,0.0050027464203875,0.0050027464203875015,0.0050027464203875015,-1.754869259125858,1.754869259125858,0.0009028220922036,0.0004472414895501,0.9123709715985068,True,True,True,True,FULL,FULL_direct_exp_rank_5
228,0.7,3.0,0.059,0.0456666666666666,0.0456666666666666,0.0656740182268081,1.6666666666666667,0.1113406848934747,3.9285722676402535,0.0456666666666666,0.0482585442538138,1.6666666666666667,0.0939252109204804,5.73584527499505,-0.017415473972994304,0.017415473972994304,-0.01741547397299431,0.01741547397299431,1.8072730073547967,1.8072730073547967,0.0024342419838993,0.0013089117750884,0.9181378312052048,True,True,True,True,FULL,FULL_direct_exp_rank_5
229,0.8,3.75,0.039,0.03775,0.03775,0.0044128695173391,1.3333333333333333,0.0421628695173391,6.31959788609588,0.03775,0.0049144440994935,1.3333333333333333,0.0426644440994935,5.714175777540676,0.0005015745821543996,0.0005015745821543996,0.0005015745821543988,0.0005015745821543988,-0.6054221085552038,0.6054221085552038,0.0003268488852681,0.0001273197719951,0.996190881484043,True,True,True,True,FULL,FULL_direct_exp_rank_5
230,1.1,3.75,0.031,0.03025,0.03025,0.004226216061608,1.3333333333333333,0.034476216061608,4.574641618565765,0.03025,0.0061414766222975,1.3333333333333333,0.0363914766222975,3.636004124577064,0.0019152605606895003,0.0019152605606895003,0.0019152605606894968,0.0019152605606894968,-0.9386374939887006,0.9386374939887006,0.0006645787734847,0.0003003845795327,0.9801087038277692,True,True,True,True,FULL,FULL_direct_exp_rank_5
234,0.99,3.0,0.523,0.4803333333333333,0.4803333333333333,0.3422582854093307,1.6666666666666667,0.822591618742664,3.6102895519762694,0.4803333333333333,0.3024102812874836,1.6666666666666667,0.7827436146208169,3.967384515581754,-0.03984800412184708,0.03984800412184708,-0.03984800412184708,0.03984800412184708,0.35709496360548476,0.35709496360548476,0.0054430613128157,0.0028377883581984,0.9957682692766208,True,True,True,True,FULL,FULL_direct_exp_rank_5
235,1.49,3.0,0.929,0.87,0.87,1.3911680147990315,1.6666666666666667,2.261168014799032,2.4688599946843404,0.87,1.4608465334845606,1.6666666666666667,2.3308465334845607,2.4241485857617446,0.0696785186855291,0.0696785186855291,0.06967851868552888,0.06967851868552888,-0.04471140892259573,0.04471140892259573,0.0022917428463951,0.0013444674571481,0.9998143969151618,True,True,True,True,FULL,FULL_direct_exp_rank_5
236,2.48,3.5,1.278,1.2245,1.2245,4.974718816480315,1.4285714285714286,6.199218816480315,1.7047169871616714,1.2245,7.298661686288658,1.4285714285714286,8.523161686288658,1.6089266095853596,2.3239428698083433,2.3239428698083433,2.3239428698083433,2.3239428698083433,-0.09579037757631181,0.09579037757631181,0.0128506051615624,0.0075921395040135,0.9970536676921294,True,True,True,True,FULL,FULL_direct_exp_rank_5
238,1.16,3.0,0.606,0.5299999999999999,0.5299999999999999,0.9995028593983644,1.6666666666666667,1.5295028593983642,2.6762963684092975,0.5299999999999999,0.728120405989973,1.6666666666666667,1.2581204059899729,3.240205378583938,-0.2713824534083914,0.2713824534083914,-0.2713824534083913,0.2713824534083913,0.5639090101746405,0.5639090101746405,0.015690672572331,0.0089790373581838,0.9756511334346736,True,True,True,True,FULL,FULL_direct_exp_rank_5
239,2.0,3.5,0.785,0.745,0.745,1.4880839300345443,1.4285714285714286,2.2330839300345446,1.9471028822830023,0.745,1.6954182679349843,1.4285714285714286,2.4404182679349846,1.875181454666769,0.20733433790043998,0.20733433790043998,0.20733433790043998,0.20733433790043998,-0.07192142761623321,0.07192142761623321,0.004327296333789,0.0025887908140173,0.9991389405652876,True,True,True,True,FULL,FULL_direct_exp_rank_5
240,1.84,3.0,1.067,0.9266666666666667,0.9266666666666667,11.34965538746409,1.6666666666666667,12.276322054130755,1.8769974838423913,0.9266666666666667,7.400729659235782,1.6666666666666667,8.327396325902448,2.014892720144332,-3.948925728228308,3.948925728228308,-3.948925728228307,3.948925728228307,0.13789523630194056,0.13789523630194056,0.0198666504964921,0.0123929298869384,0.9903294837853182,True,True,True,True,FULL,FULL_direct_exp_rank_5
241,2.5,3.5,1.53,1.435,1.435,11.191062390354295,1.4285714285714286,12.626062390354296,1.6206039521105755,1.435,12.2201173379291,1.4285714285714286,13.6551173379291,1.6024473333240448,1.0290549475748048,1.0290549475748048,1.0290549475748048,1.0290549475748048,-0.018156618786530743,0.018156618786530743,0.0037790700286782,0.0022428070363546,0.999816505943906,True,True,True,True,FULL,FULL_direct_exp_rank_5
242,1.28,13.0,0.381,0.236,0.236,0.2798827945510767,0.3846153846153846,0.5158827945510767,2.332154177278262,0.236,0.237255550433501,0.3846153846153846,0.473255550433501,8.14834790085025,-0.04262724411757568,0.04262724411757568,-0.04262724411757568,0.04262724411757568,5.816193723571988,5.816193723571988,0.0299830400380253,0.0097151959929483,0.6652380906845062,True,True,True,True,FULL,FULL_direct_exp_rank_5
243,1.94,13.0,1.479,1.139,1.139,0.9051763320711632,0.3846153846153846,2.0441763320711632,1.6142343389282214,1.139,0.7171923681808685,0.3846153846153846,1.8561923681808683,5.161314740673603,-0.1879839638902947,0.1879839638902947,-0.18798396389029493,0.18798396389029493,3.547080401745382,3.547080401745382,0.1337950760503249,0.0460572873528276,0.4851274335245933,True,True,True,True,FULL,FULL_direct_exp_rank_5
244,2.29,13.0,30.401,2.493,2.493,191.4872115140508,0.3846153846153846,193.9802115140508,0.5794840127037909,2.493,81.54469467374177,0.3846153846153846,84.03769467374177,1.1607519030102549,-109.94251684030904,109.94251684030904,-109.94251684030904,109.94251684030904,0.581267890306464,0.581267890306464,3.5213723663068595,2.766602141883841,0.8626854143899958,True,True,True,True,FULL,FULL_direct_exp_rank_5
245,3.95,13.0,5.488,4.171,4.171,11.473466241634494,0.3846153846153846,15.644466241634497,0.6512771868667829,4.171,6.101182105807726,0.3846153846153846,10.272182105807726,1.600842654776878,-5.372284135826768,5.372284135826768,-5.372284135826771,5.372284135826771,0.949565467910095,0.949565467910095,0.7397849673389809,0.3692860826563804,0.2659254946768566,True,True,True,True,FULL,FULL_direct_exp_rank_5
246,0.34,13.0,0.306,0.104,0.104,0.238125551076079,0.3846153846153846,0.342125551076079,11.465962069935722,0.104,0.231694575302003,0.3846153846153846,0.335694575302003,16.349540336552668,-0.006430975774076003,0.006430975774076003,-0.006430975774076031,0.006430975774076031,4.883578266616945,4.883578266616945,0.0027597011208237,0.0010930566547945,0.9973420747653724,True,True,True,True,FULL,FULL_direct_exp_rank_5
247,0.55,13.0,1.422,0.768,0.768,0.854926430267495,0.3846153846153846,1.622926430267495,6.829794290098721,0.768,0.8092142109031957,0.3846153846153846,1.5772142109031957,13.524018181202836,-0.04571221936429937,0.04571221936429937,-0.04571221936429937,0.04571221936429937,6.694223891104115,6.694223891104115,0.0348350880228691,0.0099674481630182,0.9678833996098988,True,True,True,True,FULL,FULL_direct_exp_rank_5
248,1.07,13.0,2.417,1.547,1.547,1.4889207977309928,0.3846153846153846,3.0359207977309928,3.0462519251595546,1.547,1.313219863099636,0.3846153846153846,2.860219863099636,9.046215627494549,-0.17570093463135694,0.17570093463135694,-0.17570093463135672,0.17570093463135672,5.999963702334995,5.999963702334995,0.1459482077144291,0.0436696627403738,0.7763957458707393,True,True,True,True,FULL,FULL_direct_exp_rank_5
249,1.08,13.0,4.482,3.316,3.316,1.9761134955053168,0.3846153846153846,5.292113495505316,3.3738748448845737,3.316,1.7672832769456877,0.3846153846153846,5.0832832769456875,8.439162488033233,-0.20883021855962913,0.20883021855962913,-0.2088302185596289,0.2088302185596289,5.065287643148659,5.065287643148659,0.2211096526635629,0.0611876242509143,0.8074897013431918,True,True,True,True,FULL,FULL_direct_exp_rank_5
250,0.1,15.0,0.367,0.136,0.136,0.2402542971419538,0.3333333333333333,0.3762542971419538,56.09759499434641,0.136,0.3014593917984434,0.3333333333333333,0.4374593917984434,19.770788777277716,0.0612050946564896,0.0612050946564896,0.0612050946564896,0.0612050946564896,-36.32680621706869,36.32680621706869,0.0163484459150796,0.0092680847261901,0.9169504374095698,True,True,True,True,FULL,FULL_direct_exp_rank_5
251,0.67,15.0,1.297,0.843,0.843,0.5998183417647385,0.3333333333333333,1.4428183417647384,6.0080454699914485,0.843,0.5679671405949731,0.3333333333333333,1.410967140594973,12.684481188190196,-0.031851201169765364,0.031851201169765364,-0.031851201169765364,0.031851201169765364,6.676435718198747,6.676435718198747,0.0330830688495829,0.0081467622517473,0.9522088434308336,True,True,True,True,FULL,FULL_direct_exp_rank_5
252,0.78,15.0,3.232,2.23,2.23,1.3862854300913423,0.3333333333333333,3.6162854300913425,5.115435733153055,2.23,1.300458926995959,0.3333333333333333,3.530458926995959,10.892837335459246,-0.08582650309538331,0.08582650309538331,-0.08582650309538353,0.08582650309538353,5.777401602306191,5.777401602306191,0.095112559439736,0.02333212557929,0.9308613597888258,True,True,True,True,FULL,FULL_direct_exp_rank_5
253,2.08,15.0,4.233,3.386,3.386,2.0681407318693763,0.3333333333333333,5.454140731869376,1.6219591173534793,3.386,1.6948079661590407,0.3333333333333333,5.080807966159041,4.776263878289844,-0.3733327657103356,0.3733327657103356,-0.3733327657103356,0.3733327657103356,3.1543047609363644,3.1543047609363644,0.3301454259113542,0.1066284664405705,0.5847657804319705,True,True,True,True,FULL,FULL_direct_exp_rank_5
254,0.42,15.0,0.464,0.223,0.223,0.286841251907236,0.3333333333333333,0.509841251907236,9.785018691865965,0.223,0.2780506905380995,0.3333333333333333,0.5010506905380995,15.565200401119233,-0.008790561369136474,0.008790561369136474,-0.008790561369136474,0.008790561369136474,5.780181709253268,5.780181709253268,0.0049879173591751,0.0016515569402423,0.9944846141088256,True,True,True,True,FULL,FULL_direct_exp_rank_5
255,1.34,15.0,1.532,0.812,0.812,1.3202731944591186,0.3333333333333333,2.1322731944591187,2.118955632610797,0.812,1.1255056568497188,0.3333333333333333,1.9375056568497189,7.880325604906755,-0.1947675376093998,0.1947675376093998,-0.1947675376093998,0.1947675376093998,5.761369972295958,5.761369972295958,0.1227555012438693,0.0408377477008524,0.7261115507776463,True,True,True,True,FULL,FULL_direct_exp_rank_5
256,1.56,15.0,2.845,1.821,1.821,2.049502462074934,0.3333333333333333,3.870502462074933,1.917214666999875,1.821,1.7225934746028526,0.3333333333333333,3.543593474602853,6.613224130668395,-0.3269089874720812,0.3269089874720812,-0.3269089874720801,0.3269089874720801,4.69600946366852,4.69600946366852,0.2287120758325963,0.0748342502513195,0.637184419572481,True,True,True,True,FULL,FULL_direct_exp_rank_5
257,1.9,15.0,4.37,3.015,3.015,3.1599174946212627,0.3333333333333333,6.174917494621263,1.5540138559861083,3.015,2.55320611228075,0.3333333333333333,5.56820611228075,5.1882427325798295,-0.6067113823405128,0.6067113823405128,-0.6067113823405128,0.6067113823405128,3.6342288765937214,3.6342288765937214,0.3871147570286606,0.1338717439266384,0.5397462461662059,True,True,True,True,FULL,FULL_direct_exp_rank_5
258,2.09,15.0,55.263,3.813,3.813,190.18212243089908,0.3333333333333333,193.99512243089907,0.7174733228095233,3.813,262.468630163731,0.3333333333333333,266.281630163731,0.5794369560245018,72.28650773283192,72.28650773283192,72.28650773283192,72.28650773283192,-0.1380363667850214,0.1380363667850214,2.321713633596031,1.8423149073106615,0.9816307440433684,True,True,True,True,FULL,FULL_direct_exp_rank_5
284,0.27,1.6652089623887931,2.655,1.3036485066778338,1.3036485066778338,4.61028992899217,3.002626164602998,5.913938435670004,7.913618795998358,1.3036485066778338,7.919844712721562,3.002626164602998,9.223493219399396,5.360453932209445,3.309554783729392,3.309554783729392,3.309554783729392,3.309554783729392,-2.553164863788913,2.553164863788913,0.1311463574029164,0.1026390788832874,0.9265908734648386,True,True,True,True,FULL,FULL_direct_exp_rank_5
285,0.5,3.083720300719987,2.417,0.6555920235894309,0.6555920235894309,7.127781251237852,1.621418128885619,7.783373274827283,3.420782268328867,0.6555920235894309,6.056907430273293,1.621418128885619,6.7124994538627245,3.950620544873141,-1.0708738209645583,1.0708738209645583,-1.0708738209645583,1.0708738209645583,0.529838276544274,0.529838276544274,0.0501324420882644,0.0385685663417016,0.9929938768779714,True,True,True,True,FULL,FULL_direct_exp_rank_5
286,0.88,5.4273477292671775,5.477,2.848434309388562,2.848434309388562,8.806082929225237,0.9212603005031926,11.6545172386138,2.5046228694450243,2.848434309388562,7.835025762111679,0.9212603005031926,10.68346007150024,2.8704635186418943,-0.9710571671135586,0.9710571671135586,-0.9710571671135586,0.9710571671135586,0.36584064919687,0.36584064919687,0.0808026178860531,0.0554263343675821,0.9928708314525384,True,True,True,True,FULL,FULL_direct_exp_rank_5
287,0.29,1.7885577744175924,3.214,1.959240530267265,1.959240530267265,3.9894927128527247,2.7955484980786536,5.94873324311999,8.412171305906568,1.959240530267265,7.881087320100749,2.7955484980786536,9.840327850368014,5.090094974258346,3.8915946072480248,3.8915946072480248,3.8915946072480248,3.8915946072480248,-3.3220763316482227,3.3220763316482227,0.178156805783451,0.1365450515027015,0.8701076270281415,True,True,True,True,FULL,FULL_direct_exp_rank_5
288,0.44,2.7136738646335887,3.179,1.959240530267265,1.959240530267265,3.8637545585443656,1.8425206010063853,5.822995088811631,5.589277438658442,1.959240530267265,5.457404361370048,1.8425206010063853,7.416644891637313,4.127675482817148,1.5936498028256825,1.5936498028256825,1.5936498028256825,1.5936498028256825,-1.461601955841294,1.461601955841294,0.100165768712991,0.07313588399901,0.9572596001412922,True,True,True,True,FULL,FULL_direct_exp_rank_5
289,0.44,2.7136738646335887,5.856,2.848434309388562,2.848434309388562,10.290924987900752,1.8425206010063853,13.139359297289314,4.832563228905287,2.848434309388562,13.669522428404417,1.8425206010063853,16.51795673779298,3.8251290149859503,3.3785974405036647,3.3785974405036647,3.3785974405036647,3.3785974405036647,-1.0074342139193369,1.0074342139193369,0.16670971680282,0.1271730795836237,0.9759432068972188,True,True,True,True,FULL,FULL_direct_exp_rank_5
291,0.42,2.590325052604789,4.293,1.959240530267265,1.959240530267265,8.144262348078403,1.9302596772447849,10.103502878345669,4.906645401620717,1.959240530267265,10.174761706115536,1.9302596772447849,12.134002236382802,4.077151684029918,2.030499358037133,2.030499358037133,2.030499358037133,2.030499358037133,-0.8294937175907995,0.8294937175907995,0.099399734129674,0.0759613885369097,0.985421679067286,True,True,True,True,FULL,FULL_direct_exp_rank_5
292,0.27,1.6652089623887931,1.816,0.6555920235894309,0.6555920235894309,4.340373544875488,3.002626164602998,4.99596556846492,6.93036783035678,0.6555920235894309,6.076318640213527,3.002626164602998,6.731910663802958,5.461382278789802,1.7359450953380389,1.7359450953380389,1.7359450953380389,1.7359450953380389,-1.4689855515669779,1.4689855515669779,0.0625407914241966,0.04953119967525,0.9754208382707934,True,True,True,True,FULL,FULL_direct_exp_rank_5
293,0.55,3.392092330791986,3.752,1.3488617496840016,1.3488617496840016,8.999404803617814,1.4740164808051082,10.348266553301816,3.397073578572742,1.3488617496840016,8.337000727225616,1.4740164808051082,9.685862476909618,3.6472483334436054,-0.6624040763921979,0.6624040763921979,-0.6624040763921979,0.6624040763921979,0.2501747548708635,0.2501747548708635,0.0351412911797983,0.0265492639088098,0.9981896139972006,True,True,True,True,FULL,FULL_direct_exp_rank_5
295,1.2,7.400928721727968,0.0307,0.0217962758401608,0.0217962758401608,0.0268208917452208,0.6755908870356747,0.0486171675853816,2.3157906832156443,0.0217962758401608,0.0273105528855392,0.6755908870356747,0.0491068287257,2.2661300624527394,0.0004896611403183981,0.0004896611403183981,0.0004896611403183981,0.0004896611403183981,-0.049660620762904895,0.049660620762904895,6.006115529065741e-05,3.680211650482584e-05,0.9997933814050196,True,True,True,True,FULL,FULL_direct_exp_rank_5
296,2.0,12.334881202879949,0.131,0.0508579769603752,0.0508579769603752,0.2935284290129898,0.4053545322214048,0.344386405973365,0.9614433155844516,0.0508579769603752,0.1991197449172253,0.4053545322214048,0.2499777218776005,1.6980475293083788,-0.0944086840957645,0.0944086840957645,-0.0944086840957645,0.0944086840957645,0.7366042137239271,0.7366042137239271,0.008765306651162,0.0057514536837846,0.8998772742196915,True,True,True,True,FULL,FULL_direct_exp_rank_5
297,1.8,11.101393082591954,0.046,0.0145308505601072,0.0145308505601072,0.1222071066849876,0.4503939246904497,0.1367379572450948,0.9937795159488002,0.0145308505601072,0.0970319304162957,0.4503939246904497,0.1115627809764028,1.2544085153117988,-0.02517517626869191,0.02517517626869191,-0.025175176268691993,0.025175176268691993,0.26062899936299855,0.26062899936299855,0.0014279441113248,0.0010648028594711,0.9823444920732236,True,True,True,True,FULL,FULL_direct_exp_rank_5
302,0.75,4.625580451079981,0.055,0.0153092991217785,0.0153092991217785,0.1595143577214117,1.080945419257079,0.1748236568431902,2.2969478423570417,0.0153092991217785,0.1244742014429375,1.080945419257079,0.139783500564716,2.920060734064908,-0.035040156278474205,0.035040156278474205,-0.035040156278474205,0.035040156278474205,0.6231128917078661,0.6231128917078661,0.0018355881167581,0.0013872345590369,0.981522346910652,True,True,True,True,FULL,FULL_direct_exp_rank_5
303,0.91,5.612370947310377,0.041,0.0153092991217785,0.0153092991217785,0.0951653865132687,0.8908890818052851,0.1104746856350472,2.0818876302589207,0.0153092991217785,0.0784709623400605,0.8908890818052851,0.093780261461839,2.552211536921217,-0.016694424173208197,0.016694424173208197,-0.016694424173208197,0.016694424173208197,0.4703239066622964,0.4703239066622964,0.0010489955984459,0.0007674968160334,0.9859578814415968,True,True,True,True,FULL,FULL_direct_exp_rank_5
304,1.87,11.533113924692753,0.046,0.0153092991217785,0.0153092991217785,0.1174680513670647,0.4335342590603259,0.1327773504888432,0.9728764088168116,0.0153092991217785,0.0940711306963461,0.4335342590603259,0.1093804298181246,1.222124665059019,-0.023396920670718607,0.023396920670718607,-0.023396920670718607,0.023396920670718607,0.24924825624220737,0.24924825624220737,0.0013729152353556,0.0010175215215484,0.9829152766424688,True,True,True,True,FULL,FULL_direct_exp_rank_5
305,2.17,13.383346105124744,0.042,0.0153092991217785,0.0153092991217785,0.0995579974430193,0.373598647208668,0.1148672965647978,0.8653228395367738,0.0153092991217785,0.0884405923549035,0.373598647208668,0.103749891476682,0.9706498855097992,-0.011117405088115803,0.011117405088115803,-0.011117405088115803,0.011117405088115803,0.10532704597302545,0.10532704597302545,0.000624948241712,0.0004674360644951,0.9953668147444806,True,True,True,True,FULL,FULL_direct_exp_rank_5
311,1.45,8.942788872087963,1.14,0.7935883525311068,0.7935883525311068,1.051107361858608,0.5591096996157306,1.844695714389715,1.879665749713435,0.7935883525311068,0.8665618975906836,0.5591096996157306,1.6601502501217904,2.5902964566699778,-0.1845454642679244,0.1845454642679244,-0.1845454642679245,0.1845454642679245,0.7106307069565427,0.7106307069565427,0.0336376677570275,0.0180327981530093,0.954355605026154,True,True,True,True,FULL,FULL_direct_exp_rank_5
314,1.8,11.101393082591954,3.8,2.3726672172613705,2.3726672172613705,4.501119428750482,0.4503939246904497,6.873786646011853,1.379736428464202,2.3726672172613705,3.5060823865534214,0.4503939246904497,5.878749603814792,2.112132066840279,-0.9950370421970609,0.9950370421970609,-0.9950370421970609,0.9950370421970609,0.732395638376077,0.732395638376077,0.1577610732284151,0.0882209091532655,0.9241733795343704,True,True,True,True,FULL,FULL_direct_exp_rank_5
316,1.1,6.784184661583972,1.23,0.5909609098097346,0.5909609098097346,2.195000047586552,0.7370082404025541,2.7859609573962865,1.920963652491806,0.5909609098097346,1.630457425522709,0.7370082404025541,2.2214183353324435,2.9584039532916986,-0.564542622063843,0.564542622063843,-0.564542622063843,0.564542622063843,1.0374403007998927,1.0374403007998927,0.0581951940825773,0.0372837558881935,0.9346993532433524,True,True,True,True,FULL,FULL_direct_exp_rank_5
317,0.75,4.625580451079981,0.94,0.7727950359050375,0.7727950359050375,0.4751593936736535,1.080945419257079,1.247954429578691,4.459377299507828,0.7727950359050375,0.5931920815920992,1.080945419257079,1.3659871174971367,3.53353194467558,0.11803268791844573,0.11803268791844573,0.11803268791844568,0.11803268791844568,-0.9258453548322483,0.9258453548322483,0.0177319727642719,0.010151222117541,0.9774746560620274,True,True,True,True,FULL,FULL_direct_exp_rank_5
320,1.3,8.017672781871967,3.7,1.9806931592524069,1.9806931592524069,5.70674005649928,0.6236223572636995,7.687433215751687,1.723838260148718,1.9806931592524069,4.385505868548682,0.6236223572636995,6.3661990278010885,2.5535726294337393,-1.3212341879505978,1.3212341879505978,-1.3212341879505987,1.3212341879505987,0.8297343692850212,0.8297343692850212,0.1522157452820685,0.0944196209998086,0.942044684056486,True,True,True,True,FULL,FULL_direct_exp_rank_5
321,1.5,9.25116090215996,2.94,0.5553062574145964,0.5553062574145964,10.568278952724356,0.5404727096285398,11.123585210138952,1.04691166819964,0.5553062574145964,5.808208795307958,0.5404727096285398,6.363515052722554,2.3157292331790096,-4.760070157416398,4.760070157416398,-4.760070157416398,4.760070157416398,1.2688175649793696,1.2688175649793696,0.3200820837337894,0.2249987255025128,0.8429649796794071,True,True,True,True,FULL,FULL_direct_exp_rank_5
322,1.7,10.484649022447956,1.47,1.1106125148291928,1.1106125148291928,1.0572811334663703,0.4768876849663586,2.1678936482955633,1.7502458150213789,1.1106125148291928,0.8946412479148704,0.4768876849663586,2.005253762744063,2.327991467796098,-0.16263988555149989,0.16263988555149989,-0.1626398855515001,0.1626398855515001,0.5777456527747189,0.5777456527747189,0.0368572769322849,0.0184229641294921,0.9631419151260074,True,True,True,True,FULL,FULL_direct_exp_rank_5
323,1.7,10.484649022447956,7.35,2.2212250296583855,2.2212250296583855,20.160376750419932,0.4768876849663586,22.381601780078316,1.0379375597762583,2.2212250296583855,12.946700594289126,0.4768876849663586,15.16792562394751,1.8745005460636792,-7.213676156130806,7.213676156130806,-7.213676156130806,7.213676156130806,0.8365629862874209,0.8365629862874209,0.5506153369114545,0.3803027429154283,0.9008661383450788,True,True,True,True,FULL,FULL_direct_exp_rank_5
327,0.1,0.6167440601439975,0.08,0.0796743371481683,0.0796743371481683,0.0008090983306987,8.107090644428094,0.080483435478867,77.68977402204777,0.0796743371481683,0.2592704351985984,8.107090644428094,0.3389447723467667,10.815041177498596,0.2584613368678997,0.2584613368678997,0.2584613368678997,0.2584613368678997,-66.87473284454917,66.87473284454917,0.0102563427791677,0.0069839970077421,-0.2092485035736919,True,True,True,True,FULL,FULL_direct_exp_rank_5
329,1.2,7.400928721727968,0.024,0.0202072594216368,0.0202072594216368,0.010665146237602,0.6755908870356747,0.0308724056592388,2.9023919692701785,0.0202072594216368,0.0138658448332322,0.6755908870356747,0.034073104254869,2.2209197413248236,0.0032006985956302015,0.0032006985956302015,0.0032006985956301998,0.0032006985956301998,-0.6814722279453549,0.6814722279453549,0.0005107804707489,0.000286448736181,0.9709765441286298,True,True,True,True,FULL,FULL_direct_exp_rank_5
330,1.1,6.784184661583972,0.025,0.0202072594216368,0.0202072594216368,0.0137190748784508,0.7370082404025541,0.0339263343000876,2.9611290302817843,0.0202072594216368,0.0168678337337148,0.7370082404025541,0.0370750931553516,2.379611562245517,0.003148758855264,0.003148758855264,0.003148758855264,0.003148758855264,-0.5815174680362674,0.5815174680362674,0.000448920100685,0.0002615013112273,0.9798189798335436,True,True,True,True,FULL,FULL_direct_exp_rank_5
331,1.25,7.709300751799968,0.047,0.0398371685740841,0.0398371685740841,0.0200809505252075,0.6485672515542477,0.0599181190992916,2.820311710406355,0.0398371685740841,0.0223679773064319,0.6485672515542477,0.062205145880516,2.4861907290599308,0.002287026781224402,0.002287026781224402,0.0022870267812243952,0.0022870267812243952,-0.3341209813464241,0.3341209813464241,0.0004733807768617,0.0002443565995181,0.9934827752444868,True,True,True,True,FULL,FULL_direct_exp_rank_5
332,1.2,7.400928721727968,0.05,0.0398371685740841,0.0398371685740841,0.0292663957131568,0.6755908870356747,0.0691035642872409,2.6576864448773354,0.0398371685740841,0.030194314109836,0.6755908870356747,0.0700314826839201,2.556057732323425,0.0009279183966791997,0.0009279183966791997,0.0009279183966791893,0.0009279183966791893,-0.10162871255391037,0.10162871255391037,0.0001629198609483,8.882338719502059e-05,0.9993429800965308,True,True,True,True,FULL,FULL_direct_exp_rank_5
333,1.6,9.86790496230396,0.093,0.0796743371481683,0.0796743371481683,0.0371742575975103,0.5066931652767559,0.1168485947456786,2.2486028629786348,0.0796743371481683,0.036996859146097,0.5066931652767559,0.1166711962942653,2.263249392424332,-0.00017739845141329785,0.00017739845141329785,-0.0001773984514133048,0.0001773984514133048,0.014646529445697443,0.014646529445697443,4.8424568933592426e-05,2.2892797921571227e-05,0.9999825210755204,True,True,True,True,FULL,FULL_direct_exp_rank_5
334,2.5,15.418601503599936,0.1,0.0796743371481683,0.0796743371481683,0.0585327914263222,0.3242836257771238,0.1382071285744905,1.275689493540873,0.0796743371481683,0.0556913658719092,0.3242836257771238,0.1353657030200775,1.3676940697153757,-0.002841425554413003,0.002841425554413003,-0.0028414255544129963,0.0028414255544129963,0.09200457617450275,0.09200457617450275,0.0005858964301131,0.0003029586797638,0.99787571796182,True,True,True,True,FULL,FULL_direct_exp_rank_5
335,1.8,11.101393082591954,0.233,0.1991858428704208,0.1991858428704208,0.0944249962521731,0.4503939246904497,0.2936108391225939,1.9904398436807709,0.1991858428704208,0.088634922136652,0.4503939246904497,0.2878207650070728,2.189856970487214,-0.005790074115521099,0.005790074115521099,-0.005790074115521071,0.005790074115521071,0.19941712680644308,0.19941712680644308,0.0017984894760321,0.000816783506595,0.9961613421053468,True,True,True,True,FULL,FULL_direct_exp_rank_5
336,4.0,24.669762405759897,0.251,0.1991858428704208,0.1991858428704208,0.1494580982300445,0.2026772661107024,0.3486439411004653,0.792806515114832,0.1991858428704208,0.2206065980762064,0.2026772661107024,0.4197924409466272,0.5513982191975954,0.0711484998461619,0.0711484998461619,0.0711484998461619,0.0711484998461619,-0.24140829591723667,0.24140829591723667,0.007610699810981,0.0048347272828448,0.9432987064373992,True,True,True,True,FULL,FULL_direct_exp_rank_5
337,1.13,6.96920787962717,0.045,0.0153092991217785,0.0153092991217785,0.1129415099906837,0.7174416499493891,0.1282508091124622,1.6219045254507285,0.0153092991217785,0.0872021191604397,0.7174416499493891,0.1025114182822182,2.145593269581068,-0.025739390830244,0.025739390830244,-0.025739390830244,0.025739390830244,0.5236887441303395,0.5236887441303395,0.0016155719224015,0.0011805764947986,0.9747755489816572,True,True,True,True,FULL,FULL_direct_exp_rank_5
338,1.74,10.731346646505555,0.033,0.0153092991217785,0.0153092991217785,0.0614267591501006,0.4659247496797756,0.0767360582718792,1.1936384711708052,0.0153092991217785,0.0548545056136441,0.4659247496797756,0.0701638047354226,1.350316391495665,-0.006572253536456504,0.006572253536456504,-0.0065722535364566015,0.0065722535364566015,0.15667792032485983,0.15667792032485983,0.0004690542744184,0.0003342231406446,0.994384255910342,True,True,True,True,FULL,FULL_direct_exp_rank_5
339,2.13,13.136648481067144,0.035,0.0153092991217785,0.0153092991217785,0.0696089127687665,0.3806145842454505,0.084918211890545,0.9488333573269884,0.0153092991217785,0.0659606862797987,0.3806145842454505,0.0812699854015772,1.0012783438827693,-0.0036482264889678012,0.0036482264889678012,-0.0036482264889678012,0.0036482264889678012,0.05244498655578089,0.05244498655578089,0.0002268599466675,0.0001665777947458,0.9989186922234868,True,True,True,True,FULL,FULL_direct_exp_rank_5
340,3.5,21.58604210503991,0.026,0.0153092991217785,0.0153092991217785,0.0343911652377439,0.2316311612693741,0.0497004643595224,0.6801344819537776,0.0153092991217785,0.0899570448539876,0.2316311612693741,0.1052663439757661,0.3654110368669697,0.0555658796162437,0.0555658796162437,0.05556587961624371,0.05556587961624371,-0.3147234450868079,0.3147234450868079,0.0019075023731634,0.0015066159467508,0.7851705905218745,True,True,True,True,FULL,FULL_direct_exp_rank_5
341,1.13,6.96920787962717,0.055,0.0153092991217785,0.0153092991217785,0.1595143577209842,0.7174416499493891,0.1748236568427627,1.524522904222498,0.0153092991217785,0.1153201586500857,0.7174416499493891,0.1306294577718642,2.144778916617336,-0.04419419907089851,0.04419419907089851,-0.0441941990708985,0.0441941990708985,0.620256012394838,0.620256012394838,0.002546791787991,0.0018893362856867,0.9644300531849604,True,True,True,True,FULL,FULL_direct_exp_rank_5
342,1.22,7.524277533756768,0.039,0.0153092991217785,0.0153092991217785,0.0864894320112215,0.6645156265924669,0.101798731133,1.5829859963913084,0.0153092991217785,0.0699461292278729,0.6645156265924669,0.0852554283496514,2.003049245431505,-0.016543302783348604,0.016543302783348604,-0.016543302783348604,0.016543302783348604,0.42006324904019676,0.42006324904019676,0.0011215946192596,0.0008071052587086,0.9812768471944704,True,True,True,True,FULL,FULL_direct_exp_rank_5
343,1.45,8.942788872087963,0.034,0.0153092991217785,0.0153092991217785,0.0654950286258003,0.5591096996157306,0.0808043277475788,1.4123161332544465,0.0153092991217785,0.0560358900033758,0.5591096996157306,0.0713451891251543,1.6826321965696618,-0.0094591386224245,0.0094591386224245,-0.009459138622424493,0.009459138622424493,0.2703160633152153,0.2703160633152153,0.0006904895755684,0.0004891003780603,0.9889818349112524,True,True,True,True,FULL,FULL_direct_exp_rank_5
344,2.17,13.383346105124744,0.028,0.0153092991217785,0.0153092991217785,0.0418356081902535,0.373598647208668,0.057144907312032,1.0458293131757963,0.0153092991217785,0.04505415447118,0.373598647208668,0.0603634535929585,0.971126838156738,0.0032185462809265,0.0032185462809265,0.0032185462809265,0.0032185462809265,-0.07470247501905836,0.07470247501905836,0.0002251206672244,0.0001612141220492,0.9977117441552572,True,True,True,True,FULL,FULL_direct_exp_rank_5
345,0.6,3.700464360863984,0.062,0.0153092991217785,0.0153092991217785,0.1936315334445874,1.3511817740713494,0.2089408325663659,2.78103428223211,0.0153092991217785,0.1563506390559768,1.3511817740713494,0.1716599381777553,3.3635799765462906,-0.0372808943886106,0.0372808943886106,-0.0372808943886106,0.0372808943886106,0.5825456943141805,0.5825456943141805,0.0017272364579153,0.0013301237709613,0.9881258872768476,True,True,True,True,FULL,FULL_direct_exp_rank_5
346,0.7,4.317208421007981,0.05,0.0153092991217785,0.0153092991217785,0.1358772828198478,1.1581558063468709,0.1511865819416263,2.530764500816095,0.0153092991217785,0.1116950430626746,1.1581558063468709,0.1270043421844531,3.0552469394307606,-0.024182239757173193,0.024182239757173193,-0.02418223975717318,0.02418223975717318,0.5244824386146658,0.5244824386146658,0.0012837842801003,0.0009688248010954,0.9882309008267652,True,True,True,True,FULL,FULL_direct_exp_rank_5
347,0.9,5.550696541295977,0.034,0.0153092991217785,0.0153092991217785,0.0654950141480271,0.9007878493808994,0.0808043132698056,2.275398701589776,0.0153092991217785,0.0583981307730553,0.9007878493808994,0.0737074298948338,2.573755235784449,-0.007096883374971795,0.007096883374971795,-0.007096883374971802,0.007096883374971802,0.298356534194673,0.298356534194673,0.0004902509920609,0.0003519179834546,0.9944456659546465,True,True,True,True,FULL,FULL_direct_exp_rank_5
348,1.8,11.101393082591954,0.027,0.0153092991217785,0.0153092991217785,0.038082793731829,0.4503939246904497,0.0533920928536075,1.2897687725693818,0.0153092991217785,0.038070957729573,0.4503939246904497,0.0533802568513515,1.2902038652542678,-1.1836002255995182e-05,1.1836002255995182e-05,-1.183600225600212e-05,1.183600225600212e-05,0.00043509268488595154,0.00043509268488595154,9.5326014208387e-07,6.60002613566621e-07,0.99999995322761,True,True,True,True,FULL,FULL_direct_exp_rank_5
349,1.13,6.96920787962717,0.043,0.0153092991217785,0.0153092991217785,0.1039855497101338,0.7174416499493891,0.1192948488319123,1.6477168177591195,0.0153092991217785,0.0815800568593941,0.7174416499493891,0.0968893559811727,2.145756195919844,-0.0224054928507397,0.0224054928507397,-0.022405492850739603,0.022405492850739603,0.4980393781607244,0.4980393781607244,0.0014364067071647,0.0010454584228756,0.9771911317237126,True,True,True,True,FULL,FULL_direct_exp_rank_5
350,1.37,8.449393623972766,0.041,0.0153092991217785,0.0153092991217785,0.0951653865075495,0.591758441199131,0.110474685629328,1.3828596668882291,0.0153092991217785,0.0754326824497212,0.591758441199131,0.0907419815714997,1.787212752150328,-0.019732704057828288,0.019732704057828288,-0.0197327040578283,0.0197327040578283,0.4043530852620989,0.4043530852620989,0.0013069991882202,0.0009448937435702,0.9782010317244192,True,True,True,True,FULL,FULL_direct_exp_rank_5
351,1.67,10.299625804404757,0.032,0.0153092991217785,0.0153092991217785,0.057405854043788,0.4854545296064728,0.0727151531655665,1.2626030593869657,0.0153092991217785,0.0514694576532439,0.4854545296064728,0.0667787567750224,1.4242531387192288,-0.0059363963905441006,0.0059363963905441006,-0.005936396390544094,0.005936396390544094,0.16165007933226305,0.16165007933226305,0.000437400456873,0.0003093623575914,0.9945822102779536,True,True,True,True,FULL,FULL_direct_exp_rank_5
352,2.91,17.947252150190327,0.03,0.0153092991217785,0.0153092991217785,0.0495137718239397,0.2785941802208967,0.0648230709457182,0.7494886652754336,0.0153092991217785,0.0727182578986575,0.2785941802208967,0.088027557020436,0.5524832240890616,0.023204486074717805,0.023204486074717805,0.02320448607471781,0.02320448607471781,-0.19700544118637198,0.19700544118637198,0.0011004541540052,0.0008433353012189,0.9571664001862936,True,True,True,True,FULL,FULL_direct_exp_rank_5
353,0.9,5.550696541295977,0.037,0.0153092991217785,0.0153092991217785,0.0779670989319231,0.9007878493808994,0.0932763980537016,2.192227389199339,0.0153092991217785,0.0670768907545978,0.9007878493808994,0.0823861898763763,2.573468993501028,-0.010890208177325306,0.010890208177325306,-0.010890208177325292,0.010890208177325292,0.3812416043016893,0.3812416043016893,0.0007183164824017,0.0005206220114649,0.9909369693400696,True,True,True,True,FULL,FULL_direct_exp_rank_5
354,1.05,6.475812631511974,0.032,0.0153092991217785,0.0153092991217785,0.0574058541682785,0.7721038708979138,0.0727151532900571,2.0081400996379837,0.0153092991217785,0.0511274675372706,0.7721038708979138,0.0664367666590491,2.2840350165403507,-0.0062783866310079026,0.0062783866310079026,-0.006278386631007993,0.006278386631007993,0.275894916902367,0.275894916902367,0.0004667679627361,0.0003293983356173,0.9938302756633663,True,True,True,True,FULL,FULL_direct_exp_rank_5
355,1.15,7.09255669165597,0.028,0.0153092991217785,0.0153092991217785,0.0418356081862674,0.7049644038633127,0.0571449073080459,1.9734344433232216,0.0153092991217785,0.0393601449675141,0.7049644038633127,0.0546694440892926,2.1141930806050286,-0.0024754632187532974,0.0024754632187532974,-0.0024754632187533043,0.0024754632187533043,0.14075863728180704,0.14075863728180704,0.0002046205089524,0.0001406929821595,0.998109519653067,True,True,True,True,FULL,FULL_direct_exp_rank_5
356,1.4,8.634416842015963,0.024,0.0153092991217785,0.0153092991217785,0.0272042150777216,0.5790779031734354,0.0425135141995001,1.8037445140554815,0.0153092991217785,0.0279727138866323,0.5790779031734354,0.0432820130084108,1.7482034269255318,0.0007684988089106982,0.0007684988089106982,0.0007684988089107017,0.0007684988089107017,-0.05554108712994976,0.05554108712994976,7.293020804085235e-05,4.829393208462408e-05,0.999579083557834,True,True,True,True,FULL,FULL_direct_exp_rank_5
357,0.75,4.625580451079981,0.028,0.0153092991217785,0.0153092991217785,0.0418356081843982,1.080945419257079,0.0571449073061767,3.0259328132395527,0.0153092991217785,0.0432613503192282,1.080945419257079,0.0585706494410067,2.922895187934359,0.001425742134830002,0.001425742134830002,0.001425742134830002,0.001425742134830002,-0.10303762530519345,0.10303762530519345,0.0001045023871647,7.404625825567637e-05,0.9995069099168796,True,True,True,True,FULL,FULL_direct_exp_rank_5
358,1.15,7.09255669165597,0.026,0.0153092991217785,0.0153092991217785,0.0343911653190034,0.7049644038633127,0.0497004644407819,2.0699745048837284,0.0153092991217785,0.0337497335975465,0.7049644038633127,0.049059032719325,2.114353848177353,-0.000641431721456899,0.000641431721456899,-0.000641431721456899,0.000641431721456899,0.04437934329362481,0.04437934329362481,5.621072374144576e-05,3.805957322297149e-05,0.9998134471386064,True,True,True,True,FULL,FULL_direct_exp_rank_5
359,1.1,6.784184661583972,0.024,0.0153092991217785,0.0153092991217785,0.0272042141314279,0.7370082404025541,0.0425135132532064,2.2956749282231264,0.0153092991217785,0.028294623010028,0.7370082404025541,0.0436039221318065,2.197626298249987,0.0010904088786001,0.0010904088786001,0.0010904088786000965,0.0010904088786000965,-0.09804862997313935,0.09804862997313935,0.0001018931471323,6.776697922296781e-05,0.9991783801130394,True,True,True,True,FULL,FULL_direct_exp_rank_5
360,1.2,7.400928721727968,0.022,0.0153092991217785,0.0153092991217785,0.0203041095024898,0.6755908870356747,0.0356134086242683,2.2704692840433656,0.0153092991217785,0.022434668826303,0.6755908870356747,0.0377439679480815,2.035191648140481,0.002130559323813199,0.002130559323813199,0.0021305593238131956,0.0021305593238131956,-0.23527763590288453,0.23527763590288453,0.0002210014662437,0.0001425154398041,0.9947124909260214,True,True,True,True,FULL,FULL_direct_exp_rank_5
