sample_id,sigma_n_MPa,delta_peak_mm,tau_peak_MPa_csds,u_r_mm,tau_r_MPa,tau_peak_estimated,u_r_estimated,tau_r_estimated,a_csds,b_csds,c_csds,d_csds,e_csds,csds_converged,csds_iterations,c_target,e_minus_c_csds,log_e_minus_c_csds,log_d_csds,log_sigma_n_MPa,log_delta_peak_mm,log_u_r_mm,log_tau_peak_MPa_csds,log_tau_r_MPa,sigma_n_x_u_r,sigma_n_x_u_p,sigma_n_x_tau_p,sigma_n_x_tau_r,u_r_x_u_p,u_r_x_tau_p,u_r_x_tau_r,u_p_x_tau_p,u_p_x_tau_r,tau_p_x_tau_r,u_p_div_u_r,u_r_div_u_p,tau_p_div_tau_r,tau_r_div_tau_p,u_r_div_tau_p,u_r_div_tau_r,u_p_div_tau_p,u_p_div_tau_r,tau_p_div_u_r,tau_p_div_u_p,tau_r_div_u_r,tau_r_div_u_p,tau_p_div_sigma_n,tau_r_div_sigma_n,sigma_n_div_tau_p,sigma_n_div_tau_r,sigma_n_div_u_r,sigma_n_div_u_p,z_pred,e_pred,d_pred,b_pred,e_constraint_respected,d_positive,b_positive,Dataset,Model_Label,Model_Family,Selection_Mode,Rank_in_saved_results,Model_Features,curve_rmse_tau_u,curve_mae_tau_u,curve_r2_tau_u,curve_valid
7,0.0245,0.72,0.044,2.75,0.03175,0,0,0,0.03175,0.0801325410005739,1.818181818181818,0.1118825410005739,3.441242286799551,True,5,1.818181818181818,1.6230604686177332,0.48431354515063785,-2.1903056990670504,-3.7090821614314557,-0.3285040669720361,1.0116009116784799,-3.123565645063876,-3.4498625536434364,0.067375,0.01764,0.001078,0.000777875,1.98,0.121,0.0873125,0.03168,0.02286,0.001397,0.2618181818181818,3.8194444444444446,1.3858267716535433,0.7215909090909092,62.50000000000001,86.61417322834646,16.363636363636363,22.677165354330707,0.016,0.06111111111111111,0.011545454545454546,0.044097222222222225,1.7959183673469385,1.2959183673469388,0.5568181818181819,0.7716535433070867,0.00890909090909091,0.03402777777777778,0.721611385187833,3.8759281807357855,0.09978939805977537,0.06803939805977537,True,True,True,LOW_1,LOW_1_direct_exp_rank_3,exponential,log_gap,3,delta_peak_mm + tau_r_MPa + u_p_x_tau_p + u_p_div_u_r + tau_r_div_tau_p + tau_p_div_u_p,0.0006103365563385739,0.0004019694610893173,0.9919216224318921,True
8,0.0245,0.92,0.035,3.0,0.02825,0,0,0,0.02825,0.0557241852265918,1.6666666666666667,0.0839741852265918,3.007954906577982,True,4,1.6666666666666667,1.341288239911315,0.29363052520784333,-2.477245846101952,-3.7090821614314557,-0.08338160893905101,1.0986122886681098,-3.3524072174927233,-3.5666618213896872,0.07350000000000001,0.02254,0.0008575000000000001,0.000692125,2.7600000000000002,0.10500000000000001,0.08475,0.032200000000000006,0.025990000000000003,0.00098875,0.3066666666666667,3.260869565217391,1.2389380530973453,0.807142857142857,85.71428571428571,106.19469026548673,26.285714285714285,32.56637168141593,0.011666666666666667,0.03804347826086957,0.009416666666666667,0.030706521739130434,1.4285714285714286,1.153061224489796,0.7,0.8672566371681416,0.008166666666666668,0.026630434782608695,0.6403926857577762,3.5638924132426286,0.07211580217518739,0.04386580217518739,True,True,True,LOW_1,LOW_1_direct_exp_rank_3,exponential,log_gap,3,delta_peak_mm + tau_r_MPa + u_p_x_tau_p + u_p_div_u_r + tau_r_div_tau_p + tau_p_div_u_p,0.0007206869401595858,0.0004327110906295495,0.9823601914719301,True
9,0.0245,0.97,0.029,3.0,0.0255,0,0,0,0.0255,0.0288872445152351,1.6666666666666667,0.0543872445152351,3.290221199159674,True,4,1.6666666666666667,1.6235545324930072,0.4846179014595435,-2.911625628436878,-3.7090821614314557,-0.030459207484708574,1.0986122886681098,-3.540459448995663,-3.6690768268177565,0.07350000000000001,0.023765,0.0007105000000000001,0.00062475,2.91,0.08700000000000001,0.0765,0.028130000000000002,0.024734999999999997,0.0007395,0.3233333333333333,3.0927835051546393,1.1372549019607845,0.8793103448275861,103.44827586206895,117.64705882352942,33.44827586206896,38.03921568627451,0.009666666666666667,0.029896907216494847,0.008499999999999999,0.026288659793814433,1.183673469387755,1.040816326530612,0.8448275862068966,0.9607843137254903,0.008166666666666668,0.025257731958762887,0.7325253850552811,3.746994274455158,0.049738844103845346,0.024238844103845348,True,True,True,LOW_1,LOW_1_direct_exp_rank_3,exponential,log_gap,3,delta_peak_mm + tau_r_MPa + u_p_x_tau_p + u_p_div_u_r + tau_r_div_tau_p + tau_p_div_u_p,0.0004337185717870073,0.00023996781958905908,0.9909847715570816,True
11,0.0245,0.78,0.05,3.5,0.0417499999999999,0,0,0,0.0417499999999999,0.0354980845491272,1.4285714285714286,0.0772480845491271,4.004659571873231,True,5,1.4285714285714286,2.576088143301802,0.9462720247769796,-2.5607331589922504,-3.7090821614314557,-0.2484613592984996,1.252762968495368,-2.995732273553991,-3.176055827685275,0.08575,0.019110000000000002,0.0012250000000000002,0.0010228749999999975,2.73,0.17500000000000002,0.14612499999999964,0.03900000000000001,0.03256499999999992,0.002087499999999995,0.22285714285714286,4.487179487179487,1.1976047904191647,0.834999999999998,70.0,83.83233532934152,15.6,18.682634730538968,0.014285714285714287,0.06410256410256411,0.0119285714285714,0.05352564102564089,2.0408163265306123,1.704081632653057,0.49,0.5868263473053906,0.007,0.03141025641025641,1.1648720031914193,4.634083990137127,0.07287077792883596,0.031120777928836066,True,True,True,LOW_1,LOW_1_direct_exp_rank_3,exponential,log_gap,3,delta_peak_mm + tau_r_MPa + u_p_x_tau_p + u_p_div_u_r + tau_r_div_tau_p + tau_p_div_u_p,0.000708680408613081,0.00037335572215814493,0.9896294090103442,True
12,0.0245,1.25,0.04,3.5,0.034,0,0,0,0.034,0.0670624339164287,1.4285714285714286,0.1010624339164287,2.366794324621144,True,4,1.4285714285714286,0.9382228960497152,-0.06376772915435422,-2.2920167955331765,-3.7090821614314557,0.22314355131420976,1.252762968495368,-3.2188758248682006,-3.3813947543659757,0.08575,0.030625,0.00098,0.0008330000000000001,4.375,0.14,0.11900000000000001,0.05,0.0425,0.00136,0.35714285714285715,2.8,1.1764705882352942,0.8500000000000001,87.5,102.94117647058823,31.25,36.76470588235294,0.011428571428571429,0.032,0.009714285714285715,0.027200000000000002,1.6326530612244898,1.3877551020408163,0.6125,0.7205882352941176,0.007,0.0196,0.34904197900697487,2.8462801316677986,0.08407285690417816,0.05007285690417816,True,True,True,LOW_1,LOW_1_direct_exp_rank_3,exponential,log_gap,3,delta_peak_mm + tau_r_MPa + u_p_x_tau_p + u_p_div_u_r + tau_r_div_tau_p + tau_p_div_u_p,0.0009655555222664146,0.000562233143285775,0.9777110916756407,True
13,0.0245,1.8,0.035,4.0,0.033,0,0,0,0.033,0.0334302203204883,1.25,0.0664302203204883,2.0972939397426664,True,5,1.25,0.8472939397426664,-0.16570760823730377,-2.711603200729299,-3.7090821614314557,0.5877866649021191,1.3862943611198906,-3.3524072174927233,-3.4112477175156566,0.098,0.0441,0.0008575000000000001,0.0008085000000000001,7.2,0.14,0.132,0.06300000000000001,0.0594,0.0011550000000000002,0.45,2.2222222222222223,1.0606060606060606,0.9428571428571428,114.28571428571428,121.2121212121212,51.42857142857142,54.54545454545455,0.00875,0.019444444444444445,0.00825,0.018333333333333333,1.4285714285714286,1.346938775510204,0.7,0.7424242424242424,0.006125,0.013611111111111112,-0.11431564907416181,2.1419763599298096,0.06503255128457854,0.032032551284578534,True,True,True,LOW_1,LOW_1_direct_exp_rank_3,exponential,log_gap,3,delta_peak_mm + tau_r_MPa + u_p_x_tau_p + u_p_div_u_r + tau_r_div_tau_p + tau_p_div_u_p,9.224508962562654e-05,5.1620717434139526e-05,0.9997788353385915,True
19,1.0,1.55,1.02,12.0,0.8525,0,0,0,0.8525,0.3782821788444106,0.4166666666666667,1.2307821788444109,2.3791759662313843,True,4,0.4166666666666667,1.9625092995647175,0.6742239092949024,0.20764988503399026,0.0,0.4382549309311553,2.4849066497880004,0.01980262729617973,-0.15958206982446516,12.0,1.55,1.02,0.8525,18.6,12.24,10.23,1.5810000000000002,1.3213750000000002,0.86955,0.12916666666666668,7.741935483870967,1.1964809384164223,0.8357843137254902,11.76470588235294,14.07624633431085,1.5196078431372548,1.8181818181818181,0.085,0.6580645161290323,0.07104166666666667,0.55,1.02,0.8525,0.9803921568627451,1.1730205278592374,0.08333333333333333,0.6451612903225806,1.0161638995568203,3.179243555606197,1.188437345084293,0.33593734508429307,True,True,True,LOW_1,LOW_1_direct_exp_rank_3,exponential,log_gap,3,delta_peak_mm + tau_r_MPa + u_p_x_tau_p + u_p_div_u_r + tau_r_div_tau_p + tau_p_div_u_p,0.021516097940298302,0.008323633864946998,0.9672671286237562,True
20,3.0,1.71,2.57,12.0,1.7327500000000002,0,0,0,1.7327500000000002,2.210315622373947,0.4166666666666667,3.9430656223739473,1.6207235717983703,True,5,0.4166666666666667,1.2040569051317036,0.185696609168175,1.371958497509714,1.0986122886681098,0.5364933705145685,2.4849066497880004,0.9439058989071284,0.5497097418159571,36.0,5.13,7.709999999999999,5.198250000000001,20.52,30.839999999999996,20.793000000000003,4.394699999999999,2.9630025000000004,4.4531675,0.1425,7.017543859649123,1.4831914586639732,0.6742217898832686,4.669260700389105,6.925407589092482,0.6653696498054475,0.9868705814456786,0.21416666666666664,1.502923976608187,0.14439583333333336,1.0133040935672517,0.8566666666666666,0.5775833333333334,1.1673151750972763,1.7313518972731206,0.25,1.7543859649122808,0.46333836531173994,2.0060377061358414,3.6831252901164766,1.9503752901164764,True,True,True,LOW_1,LOW_1_direct_exp_rank_3,exponential,log_gap,3,delta_peak_mm + tau_r_MPa + u_p_x_tau_p + u_p_div_u_r + tau_r_div_tau_p + tau_p_div_u_p,0.047555872494432945,0.02614676569385705,0.9817609381302164,True
27,2.0,0.87,2.35,3.25,1.9075,0,0,0,1.9075,2.7034029995062916,1.5384615384615383,4.610902999506291,3.276941309100947,True,4,1.5384615384615383,1.7384797706394086,0.5530110362976527,1.5284237162447354,0.6931471805599453,-0.13926206733350766,1.1786549963416462,0.8544153281560676,0.645793484176475,6.5,1.74,4.7,3.815,2.8275,7.6375,6.199375,2.0445,1.659525,4.4826250000000005,0.2676923076923077,3.735632183908046,1.2319790301441678,0.8117021276595744,1.3829787234042552,1.7038007863695936,0.3702127659574468,0.45609436435124506,0.7230769230769231,2.7011494252873565,0.5869230769230769,2.192528735632184,1.175,0.95375,0.851063829787234,1.0484927916120577,0.6153846153846154,2.2988505747126435,0.5586402733577498,3.2867552203550194,4.59984950822704,2.69234950822704,True,True,True,LOW_1,LOW_1_direct_exp_rank_3,exponential,log_gap,3,delta_peak_mm + tau_r_MPa + u_p_x_tau_p + u_p_div_u_r + tau_r_div_tau_p + tau_p_div_u_p,0.0007432495324844827,0.0004585163162617545,0.9999954628885831,True
28,0.5,0.13,1.02,1.325,0.6675,0,0,0,0.6675,0.6738254010838505,3.7735849056603774,1.3413254010838505,23.891608655167115,True,12,3.7735849056603774,20.118023749506737,3.0016161172217757,0.2936582304069595,-0.6931471805599453,-2.0402208285265546,0.2814124594381855,0.01980262729617973,-0.4042158887077325,0.6625,0.065,0.51,0.33375,0.17225,1.3515,0.8844375,0.1326,0.086775,0.68085,0.09811320754716982,10.192307692307692,1.5280898876404494,0.6544117647058824,1.299019607843137,1.9850187265917603,0.12745098039215685,0.1947565543071161,0.769811320754717,7.846153846153846,0.5037735849056604,5.134615384615384,2.04,1.335,0.49019607843137253,0.7490636704119851,0.37735849056603776,3.846153846153846,2.875671019731391,21.510907127938555,1.3808521031458192,0.7133521031458192,True,True,True,LOW_1,LOW_1_direct_exp_rank_3,exponential,log_gap,3,delta_peak_mm + tau_r_MPa + u_p_x_tau_p + u_p_div_u_r + tau_r_div_tau_p + tau_p_div_u_p,0.007975123280438907,0.004495213179307876,0.9963413892548209,True
31,0.5,0.24,0.66,1.275,0.475,0,0,0,0.475,0.6758571313827281,3.9215686274509807,1.150857131382728,11.17767536247715,True,8,3.9215686274509807,7.256106735026169,1.9818434226035115,0.1405069963906271,-0.6931471805599453,-1.4271163556401458,0.2429461786103894,-0.4155154439616658,-0.7444404749474959,0.6375,0.12,0.33,0.2375,0.306,0.8415,0.605625,0.1584,0.11399999999999999,0.3135,0.18823529411764706,5.3125,1.3894736842105264,0.7196969696969696,1.9318181818181817,2.6842105263157894,0.3636363636363636,0.5052631578947369,0.5176470588235295,2.7500000000000004,0.37254901960784315,1.9791666666666667,1.32,0.95,0.7575757575757576,1.0526315789473684,0.3921568627450981,2.0833333333333335,1.62624978112957,9.006338544690157,1.3465630561988349,0.8715630561988349,True,True,True,LOW_1,LOW_1_direct_exp_rank_3,exponential,log_gap,3,delta_peak_mm + tau_r_MPa + u_p_x_tau_p + u_p_div_u_r + tau_r_div_tau_p + tau_p_div_u_p,0.013662539975547469,0.009385038603827733,0.9783153261842248,True
34,0.5,0.47,1.07,1.525,0.6975,0,0,0,0.6975,4.0455139668571585,3.278688524590164,4.743013966857158,4.812842755740618,True,5,3.278688524590164,1.5341542311504544,0.4279792397101451,1.5566727916216927,-0.6931471805599453,-0.7550225842780328,0.4219944100593749,0.06765864847381486,-0.36025276528661637,0.7625,0.235,0.535,0.34875,0.7167499999999999,1.63175,1.0636875,0.5029,0.327825,0.746325,0.3081967213114754,3.24468085106383,1.5340501792114696,0.6518691588785046,1.4252336448598129,2.186379928315412,0.43925233644859807,0.6738351254480286,0.7016393442622951,2.276595744680851,0.4573770491803279,1.4840425531914894,2.14,1.395,0.4672897196261682,0.7168458781362007,0.3278688524590164,1.0638297872340425,0.5937350576036876,5.089427539727421,4.252411288764525,3.554911288764525,True,True,True,LOW_1,LOW_1_direct_exp_rank_3,exponential,log_gap,3,delta_peak_mm + tau_r_MPa + u_p_x_tau_p + u_p_div_u_r + tau_r_div_tau_p + tau_p_div_u_p,0.008334027182688828,0.0060896682792812296,0.9979614013023226,True
37,0.5,0.11,0.89,1.325,0.5625,0,0,0,0.5625,0.5639971811696873,3.7735849056603774,1.1264971811696871,29.2958502513531,True,14,3.7735849056603774,25.522265345692723,3.2395512220014395,0.11911297859647396,-0.6931471805599453,-2.2072749131897207,0.2814124594381855,-0.11653381625595151,-0.5753641449035618,0.6625,0.055,0.445,0.28125,0.14575,1.17925,0.7453124999999999,0.0979,0.061875,0.500625,0.08301886792452831,12.045454545454545,1.5822222222222222,0.6320224719101124,1.4887640449438202,2.3555555555555556,0.12359550561797752,0.19555555555555557,0.6716981132075472,8.090909090909092,0.42452830188679247,5.113636363636363,1.78,1.125,0.5617977528089888,0.8888888888888888,0.37735849056603776,4.545454545454546,3.004319121427656,23.94606131771033,1.1876224366761141,0.6251224366761141,True,True,True,LOW_1,LOW_1_direct_exp_rank_3,exponential,log_gap,3,delta_peak_mm + tau_r_MPa + u_p_x_tau_p + u_p_div_u_r + tau_r_div_tau_p + tau_p_div_u_p,0.01279933080165047,0.007263715807357182,0.9876471540581617,True
40,0.5,0.3,0.88,1.35,0.635,0,0,0,0.635,1.1651130574348498,3.7037037037037033,1.8001130574348498,8.547982610717572,True,7,3.7037037037037033,4.8442789070138685,1.5777984018644102,0.587849472615701,-0.6931471805599453,-1.2039728043259361,0.30010459245033816,-0.12783337150988489,-0.4541302800894454,0.675,0.15,0.44,0.3175,0.405,1.1880000000000002,0.8572500000000001,0.264,0.1905,0.5588,0.2222222222222222,4.500000000000001,1.3858267716535433,0.7215909090909091,1.5340909090909092,2.125984251968504,0.3409090909090909,0.47244094488188976,0.6518518518518518,2.9333333333333336,0.4703703703703703,2.1166666666666667,1.76,1.27,0.5681818181818182,0.7874015748031495,0.37037037037037035,1.6666666666666667,1.4034137643758295,7.772770823861977,1.9564238185236118,1.3214238185236118,True,True,True,LOW_1,LOW_1_direct_exp_rank_3,exponential,log_gap,3,delta_peak_mm + tau_r_MPa + u_p_x_tau_p + u_p_div_u_r + tau_r_div_tau_p + tau_p_div_u_p,0.008628977819825837,0.005941555402820514,0.9955624183065995,True
43,0.5,0.88,0.58,1.475,0.535,0,0,0,0.535,2.3643732180319175,3.389830508474576,2.8993732180319176,4.157276354583812,True,5,3.389830508474576,0.7674458461092355,-0.2646873608255035,1.0644945819194718,-0.6931471805599453,-0.12783337150988489,0.38865798979178323,-0.5447271754416722,-0.6254885320861304,0.7375,0.44,0.29,0.2675,1.298,0.8555,0.7891250000000001,0.5104,0.47080000000000005,0.3103,0.5966101694915253,1.6761363636363638,1.0841121495327102,0.9224137931034484,2.5431034482758625,2.7570093457943927,1.517241379310345,1.644859813084112,0.3932203389830508,0.6590909090909091,0.36271186440677966,0.6079545454545455,1.16,1.07,0.8620689655172414,0.9345794392523364,0.3389830508474576,0.5681818181818182,-0.43531642870348863,4.036890394834151,3.2792443385239594,2.744244338523959,True,True,True,LOW_1,LOW_1_direct_exp_rank_3,exponential,log_gap,3,delta_peak_mm + tau_r_MPa + u_p_x_tau_p + u_p_div_u_r + tau_r_div_tau_p + tau_p_div_u_p,0.0030538865584483167,0.001886831558283425,0.9992007544191965,True
46,0.5,0.79,0.8,1.5,0.665,0,0,0,0.665,6.166849946093346,3.3333333333333335,6.831849946093346,3.9230290740544778,True,5,3.3333333333333335,0.5896957407211443,-0.5281485687910724,1.9215954928512389,-0.6931471805599453,-0.23572233352106983,0.4054651081081644,-0.2231435513142097,-0.4079682383262829,0.75,0.395,0.4,0.3325,1.185,1.2000000000000002,0.9975,0.6320000000000001,0.5253500000000001,0.532,0.5266666666666667,1.8987341772151898,1.2030075187969924,0.83125,1.875,2.255639097744361,0.9875,1.1879699248120301,0.5333333333333333,1.0126582278481013,0.44333333333333336,0.8417721518987342,1.6,1.33,0.625,0.7518796992481203,0.3333333333333333,0.6329113924050632,-0.305852789439898,4.069828364655625,5.767542748855686,5.102542748855686,True,True,True,LOW_1,LOW_1_direct_exp_rank_3,exponential,log_gap,3,delta_peak_mm + tau_r_MPa + u_p_x_tau_p + u_p_div_u_r + tau_r_div_tau_p + tau_p_div_u_p,0.0062347735919579495,0.0039489954694251865,0.9981719038571489,True
51,0.5,1.26,0.94,1.85,0.785,0,0,0,0.785,27.151829140946248,2.702702702702702,27.936829140946248,2.8751003676389564,True,3,2.702702702702702,0.1723976649362542,-1.7579514652975532,3.3299458592334386,-0.6931471805599453,0.23111172096338664,0.6151856390902335,-0.06187540371808753,-0.24207156119972859,0.925,0.63,0.47,0.3925,2.331,1.7389999999999999,1.45225,1.1844,0.9891000000000001,0.7379,0.681081081081081,1.4682539682539684,1.197452229299363,0.8351063829787235,1.968085106382979,2.356687898089172,1.3404255319148937,1.6050955414012738,0.508108108108108,0.7460317460317459,0.4243243243243243,0.623015873015873,1.88,1.57,0.5319148936170213,0.6369426751592356,0.27027027027027023,0.3968253968253968,-1.2955562087383141,2.9764482650083863,18.697931329627785,17.912931329627785,True,True,True,LOW_1,LOW_1_direct_exp_rank_3,exponential,log_gap,3,delta_peak_mm + tau_r_MPa + u_p_x_tau_p + u_p_div_u_r + tau_r_div_tau_p + tau_p_div_u_p,0.012393790994066156,0.0076008144208491455,0.9960991154314685,True
53,0.5,1.15,0.71,1.85,0.65,0,0,0,0.65,3.9933470021604136,2.702702702702702,4.6433470021604135,3.19021506632708,True,4,2.702702702702702,0.4875123636243779,-0.7184396275850519,1.5354354428724117,-0.6931471805599453,0.13976194237515863,0.6151856390902335,-0.342490308946776,-0.4307829160924542,0.925,0.575,0.355,0.325,2.1275,1.3135,1.2025000000000001,0.8164999999999999,0.7474999999999999,0.46149999999999997,0.6216216216216215,1.6086956521739133,1.0923076923076922,0.915492957746479,2.6056338028169015,2.8461538461538463,1.619718309859155,1.769230769230769,0.38378378378378375,0.6173913043478261,0.35135135135135137,0.5652173913043479,1.42,1.3,0.7042253521126761,0.7692307692307692,0.27027027027027023,0.4347826086956522,-0.7487675452606589,3.175651784737107,4.750055731213415,4.1000557312134145,True,True,True,LOW_1,LOW_1_direct_exp_rank_3,exponential,log_gap,3,delta_peak_mm + tau_r_MPa + u_p_x_tau_p + u_p_div_u_r + tau_r_div_tau_p + tau_p_div_u_p,0.0006616061338158955,0.00041113208374907395,0.9999752463753641,True
56,0.5,0.45,0.87,1.5666666666666669,0.6366666666666667,0,0,0,0.6366666666666667,1.8543711063769357,3.191489361702127,2.4910377730436024,5.520751658815112,True,6,3.191489361702127,2.3292622971129853,0.8455516067647435,0.9126993999722207,-0.6931471805599453,-0.7985076962177716,0.44895022004790336,-0.13926206733350766,-0.4515090466095711,0.7833333333333334,0.225,0.435,0.31833333333333336,0.7050000000000001,1.3630000000000002,0.9974444444444447,0.3915,0.28650000000000003,0.5539000000000001,0.28723404255319146,3.481481481481482,1.3664921465968585,0.731800766283525,1.8007662835249045,2.4607329842931938,0.5172413793103449,0.706806282722513,0.5553191489361702,1.9333333333333333,0.40638297872340423,1.414814814814815,1.74,1.2733333333333334,0.5747126436781609,0.7853403141361256,0.3191489361702127,1.1111111111111112,0.8625773611080506,5.560748629609973,2.4672794481421128,1.830612781475446,True,True,True,LOW_1,LOW_1_direct_exp_rank_3,exponential,log_gap,3,delta_peak_mm + tau_r_MPa + u_p_x_tau_p + u_p_div_u_r + tau_r_div_tau_p + tau_p_div_u_p,0.0007510780363127409,0.0005190266059498516,0.999969913336512,True
59,0.5,0.13,0.97,1.5666666666666669,0.8033333333333333,0,0,0,0.8033333333333333,0.2782264175865835,3.191489361702127,1.0815597509199169,31.910981063129015,True,17,3.191489361702127,28.719491701426886,3.3575760456051205,0.07840421307709983,-0.6931471805599453,-2.0402208285265546,0.44895022004790336,-0.030459207484708574,-0.21898554116554605,0.7833333333333334,0.065,0.485,0.40166666666666667,0.2036666666666667,1.5196666666666667,1.2585555555555556,0.1261,0.10443333333333334,0.7792333333333333,0.08297872340425531,12.051282051282053,1.2074688796680497,0.8281786941580757,1.6151202749140896,1.9502074688796682,0.13402061855670103,0.16182572614107885,0.6191489361702127,7.461538461538461,0.5127659574468084,6.17948717948718,1.94,1.6066666666666667,0.5154639175257733,0.6224066390041494,0.3191489361702127,3.846153846153846,3.2472756827189757,28.911663830044475,1.0943415075154388,0.29100817418210545,True,True,True,LOW_1,LOW_1_direct_exp_rank_3,exponential,log_gap,3,delta_peak_mm + tau_r_MPa + u_p_x_tau_p + u_p_div_u_r + tau_r_div_tau_p + tau_p_div_u_p,0.005570487618190131,0.002250929507512569,0.9969934705153327,True
62,0.5,0.71,1.14,1.6,0.9133333333333334,0,0,0,0.9133333333333334,5.696830896813862,3.125,6.610164230147195,3.976020028848459,True,5,3.125,0.8510200288484588,-0.16131961502360848,1.888608499265565,-0.6931471805599453,-0.342490308946776,0.47000362924573563,0.131028262406404,-0.09065436826813071,0.8,0.355,0.57,0.4566666666666667,1.136,1.8239999999999998,1.4613333333333336,0.8093999999999999,0.6484666666666667,1.0412000000000001,0.44375,2.2535211267605635,1.2481751824817515,0.801169590643275,1.4035087719298247,1.751824817518248,0.6228070175438597,0.7773722627737225,0.7124999999999999,1.6056338028169013,0.5708333333333334,1.2863849765258217,2.28,1.8266666666666669,0.4385964912280702,0.5474452554744524,0.3125,0.7042253521126761,0.02793044145824619,4.153324153205103,5.785497279965696,4.872163946632363,True,True,True,LOW_1,LOW_1_direct_exp_rank_3,exponential,log_gap,3,delta_peak_mm + tau_r_MPa + u_p_x_tau_p + u_p_div_u_r + tau_r_div_tau_p + tau_p_div_u_p,0.00852336313947429,0.0055125225829397015,0.9981503847495785,True
65,0.5,0.63,1.42,1.5666666666666669,0.9733333333333332,0,0,0,0.9733333333333332,10.644929502666052,3.191489361702127,11.618262835999383,3.927118476960182,True,5,3.191489361702127,0.735629115258055,-0.3070292067496939,2.452578242485329,-0.6931471805599453,-0.4620354595965587,0.44895022004790336,0.35065687161316933,-0.02702867238791949,0.7833333333333334,0.315,0.71,0.4866666666666666,0.9870000000000001,2.224666666666667,1.5248888888888887,0.8946,0.6131999999999999,1.382133333333333,0.40212765957446805,2.486772486772487,1.4589041095890414,0.6854460093896713,1.103286384976526,1.6095890410958908,0.44366197183098594,0.6472602739726029,0.9063829787234041,2.253968253968254,0.6212765957446806,1.5449735449735447,2.84,1.9466666666666663,0.35211267605633806,0.5136986301369864,0.3191489361702127,0.7936507936507936,0.05878185752039722,4.252033227538235,8.84203218320663,7.868698849873297,True,True,True,LOW_1,LOW_1_direct_exp_rank_3,exponential,log_gap,3,delta_peak_mm + tau_r_MPa + u_p_x_tau_p + u_p_div_u_r + tau_r_div_tau_p + tau_p_div_u_p,0.020765728175859376,0.014297281663508157,0.9937024592997203,True
68,0.5,0.49,0.79,1.5666666666666669,0.63,0,0,0,0.63,1.4068332196782207,3.191489361702127,2.0368332196782206,5.5461514668738845,True,6,3.191489361702127,2.3546621051717573,0.8563972374169605,0.7113962584278989,-0.6931471805599453,-0.7133498878774648,0.44895022004790336,-0.23572233352106983,-0.4620354595965587,0.7833333333333334,0.245,0.395,0.315,0.7676666666666667,1.237666666666667,0.9870000000000001,0.3871,0.3087,0.49770000000000003,0.31276595744680846,3.1972789115646263,1.253968253968254,0.7974683544303797,1.9831223628691985,2.486772486772487,0.620253164556962,0.7777777777777778,0.5042553191489362,1.6122448979591837,0.40212765957446805,1.2857142857142858,1.58,1.26,0.6329113924050632,0.7936507936507936,0.3191489361702127,1.0204081632653061,0.8387833288188016,5.505039795288399,2.0561127565615225,1.4261127565615226,True,True,True,LOW_1,LOW_1_direct_exp_rank_3,exponential,log_gap,3,delta_peak_mm + tau_r_MPa + u_p_x_tau_p + u_p_div_u_r + tau_r_div_tau_p + tau_p_div_u_p,0.0006915376640558471,0.0004512854908475261,0.9999686499004533,True
71,0.5,0.18,0.87,1.5666666666666669,0.6,0,0,0,0.6,0.5778652142592701,3.191489361702127,1.17786521425927,16.988625203858206,True,10,3.191489361702127,13.797135842156079,2.6244610229523113,0.16370365954828112,-0.6931471805599453,-1.7147984280919266,0.44895022004790336,-0.13926206733350766,-0.5108256237659907,0.7833333333333334,0.09,0.435,0.3,0.28200000000000003,1.3630000000000002,0.9400000000000001,0.1566,0.108,0.522,0.11489361702127658,8.703703703703706,1.45,0.689655172413793,1.8007662835249045,2.6111111111111116,0.20689655172413793,0.3,0.5553191489361702,4.833333333333334,0.38297872340425526,3.3333333333333335,1.74,1.2,0.5747126436781609,0.8333333333333334,0.3191489361702127,2.7777777777777777,2.2728923863103105,12.89892726968862,1.3073606920655185,0.7073606920655185,True,True,True,LOW_1,LOW_1_direct_exp_rank_3,exponential,log_gap,3,delta_peak_mm + tau_r_MPa + u_p_x_tau_p + u_p_div_u_r + tau_r_div_tau_p + tau_p_div_u_p,0.01933669568896297,0.011909465882693876,0.9696786167706132,True
74,0.5,0.47,0.66,1.5666666666666669,0.5066666666666667,0,0,0,0.5066666666666667,1.2794449424210406,3.191489361702127,1.7861116090877074,5.540134014051035,True,6,3.191489361702127,2.348644652348908,0.8538384180941392,0.5800409715923621,-0.6931471805599453,-0.7550225842780328,0.44895022004790336,-0.4155154439616658,-0.6799019538099246,0.7833333333333334,0.235,0.33,0.25333333333333335,0.7363333333333334,1.0340000000000003,0.7937777777777779,0.3102,0.23813333333333334,0.33440000000000003,0.29999999999999993,3.333333333333334,1.3026315789473684,0.7676767676767677,2.373737373737374,3.0921052631578947,0.712121212121212,0.9276315789473683,0.4212765957446808,1.4042553191489364,0.3234042553191489,1.0780141843971633,1.32,1.0133333333333334,0.7575757575757576,0.9868421052631579,0.3191489361702127,1.0638297872340425,0.8463155627219315,5.522531792508136,1.7935028793258136,1.2868362126591468,True,True,True,LOW_1,LOW_1_direct_exp_rank_3,exponential,log_gap,3,delta_peak_mm + tau_r_MPa + u_p_x_tau_p + u_p_div_u_r + tau_r_div_tau_p + tau_p_div_u_p,0.00024833339686840505,0.0001666697180958565,0.9999941930927265,True
77,0.5,0.18,0.88,1.5666666666666669,0.4966666666666666,0,0,0,0.4966666666666666,0.8494890683979475,3.191489361702127,1.346155735064614,14.732448429095294,True,9,3.191489361702127,11.540959067393167,2.445902365719663,0.29725292665780334,-0.6931471805599453,-1.7147984280919266,0.44895022004790336,-0.12783337150988489,-0.6998361687107421,0.7833333333333334,0.09,0.44,0.2483333333333333,0.28200000000000003,1.378666666666667,0.7781111111111111,0.15839999999999999,0.08939999999999998,0.4370666666666666,0.11489361702127658,8.703703703703706,1.771812080536913,0.5643939393939393,1.7803030303030305,3.1543624161073835,0.20454545454545453,0.36241610738255037,0.5617021276595744,4.888888888888889,0.3170212765957446,2.759259259259259,1.76,0.9933333333333332,0.5681818181818182,1.0067114093959733,0.3191489361702127,2.7777777777777777,2.009712121603159,10.65265849041596,1.5935468569848643,1.0968801903181977,True,True,True,LOW_1,LOW_1_direct_exp_rank_3,exponential,log_gap,3,delta_peak_mm + tau_r_MPa + u_p_x_tau_p + u_p_div_u_r + tau_r_div_tau_p + tau_p_div_u_p,0.02733315177009334,0.01851090830023925,0.9584107884461808,True
80,0.5,0.11,1.04,1.5633333333333332,0.5006666666666667,0,0,0,0.5006666666666667,0.863642983300683,3.1982942430703627,1.3643096499673495,27.24084861115649,True,13,3.1982942430703627,24.04255436808613,3.1798253589344223,0.3106485497621085,-0.6931471805599453,-2.2072749131897207,0.44682029379007826,0.03922071315328133,-0.6918147353261667,0.7816666666666666,0.055,0.52,0.25033333333333335,0.17196666666666666,1.6258666666666666,0.7827088888888889,0.1144,0.055073333333333335,0.5206933333333333,0.07036247334754799,14.212121212121211,2.077230359520639,0.4814102564102564,1.503205128205128,3.1225033288948065,0.10576923076923077,0.21970705725699066,0.6652452025586355,9.454545454545455,0.3202558635394457,4.551515151515152,2.08,1.0013333333333334,0.4807692307692307,0.9986684420772303,0.31982942430703626,4.545454545454546,2.9841423456308824,22.967833774456913,1.429912097824565,0.9292454311578983,True,True,True,LOW_1,LOW_1_direct_exp_rank_3,exponential,log_gap,3,delta_peak_mm + tau_r_MPa + u_p_x_tau_p + u_p_div_u_r + tau_r_div_tau_p + tau_p_div_u_p,0.013285905919599009,0.007804407081052134,0.9935269555637973,True
83,0.5,0.21,0.75,1.5566666666666666,0.4896666666666667,0,0,0,0.4896666666666667,0.6541837303857423,3.211991434689508,1.143850397052409,13.109251845364824,True,9,3.211991434689508,9.897260410675315,2.292257992650373,0.13440011259889303,-0.6931471805599453,-1.5606477482646683,0.44254678301269623,-0.2876820724517809,-0.7140303914763694,0.7783333333333333,0.105,0.375,0.24483333333333335,0.32689999999999997,1.1675,0.7622477777777779,0.1575,0.10283,0.36725,0.1349036402569593,7.412698412698413,1.531654186521443,0.652888888888889,2.0755555555555554,3.1790333560245063,0.27999999999999997,0.42886317222600406,0.48179871520342615,3.5714285714285716,0.31456102783725914,2.331746031746032,1.5,0.9793333333333334,0.6666666666666666,1.0211027910142954,0.32119914346895073,2.380952380952381,1.8667605249399588,9.679303167611675,1.347122380105218,0.8574557134385512,True,True,True,LOW_1,LOW_1_direct_exp_rank_3,exponential,log_gap,3,delta_peak_mm + tau_r_MPa + u_p_x_tau_p + u_p_div_u_r + tau_r_div_tau_p + tau_p_div_u_p,0.02082207515627822,0.014031819281341895,0.9600663256867131,True
86,0.5,1.14,0.47,1.85,0.4455,0,0,0,0.4455,1.2635859558868447,2.702702702702702,1.7090859558868448,3.448989911906233,True,4,2.702702702702702,0.7462872092035306,-0.2926447539391019,0.5359586988820191,-0.6931471805599453,0.131028262406404,0.6151856390902335,-0.7550225842780328,-0.8085580320712731,0.925,0.57,0.235,0.22275,2.109,0.8694999999999999,0.8241750000000001,0.5357999999999999,0.5078699999999999,0.209385,0.6162162162162161,1.6228070175438598,1.0549943883277215,0.947872340425532,3.936170212765958,4.1526374859708195,2.4255319148936167,2.558922558922559,0.254054054054054,0.41228070175438597,0.2408108108108108,0.3907894736842106,0.94,0.891,1.0638297872340425,1.122334455667789,0.27027027027027023,0.4385964912280702,-0.5900930770594001,3.256978394684689,2.090405608986801,1.644905608986801,True,True,True,LOW_1,LOW_1_direct_exp_rank_3,exponential,log_gap,3,delta_peak_mm + tau_r_MPa + u_p_x_tau_p + u_p_div_u_r + tau_r_div_tau_p + tau_p_div_u_p,0.0043136435071834825,0.002637271199145889,0.9976691449022175,True
89,0.5,0.31,0.64,1.5733333333333333,0.434,0,0,0,0.434,0.831446191232911,3.1779661016949152,1.265446191232911,8.046929532076042,True,7,3.1779661016949152,4.868963430381127,1.5828810664681332,0.23542478033050934,-0.6931471805599453,-1.171182981502945,0.45319651092935426,-0.4462871026284195,-0.8347107448817322,0.7866666666666666,0.155,0.32,0.217,0.4877333333333333,1.0069333333333332,0.6828266666666666,0.1984,0.13454,0.27776,0.19703389830508475,5.075268817204301,1.4746543778801844,0.678125,2.458333333333333,3.625192012288786,0.484375,0.7142857142857143,0.4067796610169492,2.064516129032258,0.27584745762711865,1.4,1.28,0.868,0.78125,1.1520737327188941,0.31779661016949157,1.6129032258064517,1.3216126852043228,6.927429309700514,1.4343115585331538,1.000311558533154,True,True,True,LOW_1,LOW_1_direct_exp_rank_3,exponential,log_gap,3,delta_peak_mm + tau_r_MPa + u_p_x_tau_p + u_p_div_u_r + tau_r_div_tau_p + tau_p_div_u_p,0.009812623794416353,0.006953711393212106,0.9893245679535885,True
92,0.5,0.1,0.84,1.5666666666666669,0.5786666666666667,0,0,0,0.5786666666666667,0.3913124802400913,3.191489361702127,0.969979146906758,37.39184550372476,True,19,3.191489361702127,34.200356142022635,3.532236057523773,-0.030480705750064684,-0.6931471805599453,-2.3025850929940455,0.44895022004790336,-0.1743533871447778,-0.5470286724299512,0.7833333333333334,0.05,0.42,0.28933333333333333,0.1566666666666667,1.316,0.9065777777777779,0.084,0.05786666666666667,0.48607999999999996,0.06382978723404255,15.666666666666668,1.4516129032258065,0.6888888888888889,1.8650793650793653,2.7073732718894012,0.11904761904761905,0.1728110599078341,0.5361702127659573,8.399999999999999,0.3693617021276595,5.786666666666666,1.68,1.1573333333333333,0.5952380952380952,0.8640552995391705,0.3191489361702127,5.0,3.3028841943520537,30.382439280186734,1.0044796594569363,0.42581299279026963,True,True,True,LOW_1,LOW_1_direct_exp_rank_3,exponential,log_gap,3,delta_peak_mm + tau_r_MPa + u_p_x_tau_p + u_p_div_u_r + tau_r_div_tau_p + tau_p_div_u_p,0.010110338254389253,0.0049832182384217825,0.9889943927119882,True
95,0.5,0.15,1.04,1.5666666666666669,0.515,0,0,0,0.515,1.0180921290257392,3.191489361702127,1.533092129025739,17.824332391452327,True,10,3.191489361702127,14.6328430297502,2.6832685249120574,0.4272866952957444,-0.6931471805599453,-1.8971199848858813,0.44895022004790336,0.03922071315328133,-0.6635883783184009,0.7833333333333334,0.075,0.52,0.2575,0.23500000000000001,1.6293333333333335,0.8068333333333335,0.156,0.07725,0.5356000000000001,0.09574468085106382,10.444444444444446,2.0194174757281553,0.4951923076923077,1.5064102564102566,3.0420711974110035,0.14423076923076922,0.2912621359223301,0.6638297872340425,6.933333333333334,0.3287234042553191,3.4333333333333336,2.08,1.03,0.4807692307692307,0.970873786407767,0.3191489361702127,3.3333333333333335,2.347811652774748,13.654138107694635,1.7205178914841135,1.2055178914841136,True,True,True,LOW_1,LOW_1_direct_exp_rank_3,exponential,log_gap,3,delta_peak_mm + tau_r_MPa + u_p_x_tau_p + u_p_div_u_r + tau_r_div_tau_p + tau_p_div_u_p,0.02567899760138239,0.016771417696727665,0.9772182643278131,True
98,0.5,0.12,1.33,1.5666666666666669,0.569,0,0,0,0.569,1.2856106349233354,3.191489361702127,1.854610634923335,23.13000566043724,True,12,3.191489361702127,19.938516298735113,2.9926533534771496,0.6176747737163746,-0.6931471805599453,-2.120263536200091,0.44895022004790336,0.28517894223366247,-0.5638748448558062,0.7833333333333334,0.06,0.665,0.2845,0.18800000000000003,2.0836666666666672,0.8914333333333334,0.1596,0.06828,0.7567699999999999,0.07659574468085105,13.055555555555557,2.3374340949033394,0.4278195488721804,1.1779448621553885,2.7533684827182197,0.09022556390977443,0.210896309314587,0.8489361702127659,11.083333333333334,0.36319148936170204,4.741666666666666,2.66,1.138,0.37593984962406013,0.8787346221441126,0.3191489361702127,4.166666666666667,3.1170491521158827,25.77114148322675,1.8052895057255425,1.2362895057255425,True,True,True,LOW_1,LOW_1_direct_exp_rank_3,exponential,log_gap,3,delta_peak_mm + tau_r_MPa + u_p_x_tau_p + u_p_div_u_r + tau_r_div_tau_p + tau_p_div_u_p,0.010755866763573076,0.006039856753392271,0.9978522099630004,True
101,0.5,0.11,1.19,1.5599999999999998,0.5136666666666666,0,0,0,0.5136666666666666,1.0901897584596147,3.2051282051282053,1.6038564251262817,26.190812099681132,True,13,3.2051282051282053,22.985683894552928,3.134871582766081,0.47241099491824257,-0.6931471805599453,-2.2072749131897207,0.44468582126144557,0.17395330712343798,-0.6661807323301311,0.7799999999999999,0.055,0.595,0.2568333333333333,0.17159999999999997,1.8563999999999996,0.8013199999999998,0.1309,0.05650333333333333,0.6112633333333333,0.07051282051282053,14.18181818181818,2.316677482154445,0.43165266106442574,1.3109243697478992,3.0369889682024658,0.09243697478991597,0.21414665801427646,0.7628205128205129,10.818181818181818,0.32927350427350427,4.669696969696969,2.38,1.0273333333333332,0.42016806722689076,0.973393900064893,0.32051282051282054,4.545454545454546,3.1332266778493825,26.153033914508644,1.6044357046070892,1.0907690379404227,True,True,True,LOW_1,LOW_1_direct_exp_rank_3,exponential,log_gap,3,delta_peak_mm + tau_r_MPa + u_p_x_tau_p + u_p_div_u_r + tau_r_div_tau_p + tau_p_div_u_p,0.00012595604131804066,7.169748801510001e-05,0.9999996180817726,True
104,0.5,0.46,0.57,1.61,0.4153333333333333,0,0,0,0.4153333333333333,1.2195408766373736,3.105590062111801,1.634874209970707,5.380408458094788,True,6,3.105590062111801,2.274818395982987,0.8219002232751096,0.4915658655917737,-0.6931471805599453,-0.7765287894989963,0.4762341789963717,-0.5621189181535413,-0.8786738683028484,0.805,0.23,0.285,0.20766666666666664,0.7406,0.9177,0.6686866666666667,0.2622,0.19105333333333333,0.23673999999999995,0.2857142857142857,3.5,1.3723916532905298,0.7286549707602339,2.8245614035087723,3.8764044943820233,0.8070175438596492,1.1075441412520066,0.3540372670807453,1.2391304347826084,0.25797101449275356,0.9028985507246375,1.14,0.8306666666666666,0.8771929824561404,1.2038523274478332,0.3105590062111801,1.0869565217391304,0.8240966672068583,5.385410460454382,1.6328428876696106,1.2175095543362773,True,True,True,LOW_1,LOW_1_direct_exp_rank_3,exponential,log_gap,3,delta_peak_mm + tau_r_MPa + u_p_x_tau_p + u_p_div_u_r + tau_r_div_tau_p + tau_p_div_u_p,6.323281284692633e-05,4.391664775978965e-05,0.9999995038330978,True
105,5.0,0.38,3.22,2.1725,2.8175,0,0,0,2.8175,1.2095551373508462,2.3014959723820483,4.027055137350846,9.674876431868377,True,8,2.3014959723820483,7.373380459486329,1.9978762793968374,1.3930353736928536,1.6094379124341003,-0.9675840262617056,0.77587857815741,1.169381359556317,1.0358499669317942,10.862499999999999,1.9,16.1,14.087499999999999,0.82555,6.99545,6.121018749999999,1.2236,1.0706499999999999,9.07235,0.17491369390103567,5.717105263157895,1.142857142857143,0.8749999999999999,0.6746894409937887,0.7710736468500443,0.11801242236024845,0.13487133984028393,1.4821634062140392,8.473684210526317,1.2968929804372842,7.414473684210526,0.644,0.5635,1.5527950310559004,1.7746228926353151,2.3014959723820483,13.157894736842104,1.975592255720037,9.512385052085774,4.043697705543806,1.2261977055438065,True,True,True,LOW_1,LOW_1_direct_exp_rank_3,exponential,log_gap,3,delta_peak_mm + tau_r_MPa + u_p_x_tau_p + u_p_div_u_r + tau_r_div_tau_p + tau_p_div_u_p,0.004469036420353677,0.00211184810399091,0.9998815317187691,True
107,0.5,0.15,0.88,1.5566666666666666,0.5103333333333334,0,0,0,0.5103333333333334,0.7081291518031402,3.211991434689508,1.2184624851364736,19.26598627033951,True,11,3.211991434689508,16.053994835650002,2.7759577180231494,0.19758980586725416,-0.6931471805599453,-1.8971199848858813,0.44254678301269623,-0.12783337150988489,-0.6726911719925628,0.7783333333333333,0.075,0.44,0.2551666666666667,0.23349999999999999,1.3698666666666666,0.794418888888889,0.132,0.07655,0.4490933333333334,0.09635974304068522,10.377777777777778,1.7243631613324621,0.5799242424242426,1.7689393939393938,3.050293925538863,0.17045454545454544,0.2939255388634879,0.5653104925053534,5.866666666666667,0.32783725910064243,3.402222222222223,1.76,1.0206666666666668,0.5681818181818182,0.9797517962116262,0.32119914346895073,3.3333333333333335,2.346525237744904,13.661189525500602,1.4010679121422123,0.8907345788088789,True,True,True,LOW_1,LOW_1_direct_exp_rank_3,exponential,log_gap,3,delta_peak_mm + tau_r_MPa + u_p_x_tau_p + u_p_div_u_r + tau_r_div_tau_p + tau_p_div_u_p,0.02615587414973457,0.016817153154111784,0.957234647030369,True
110,0.5,0.15,1.23,2.1675,0.6225,0,0,0,0.6225,0.9619833022068238,2.306805074971165,1.584483302206824,20.507804388385548,True,11,2.306805074971165,18.200999313414382,2.9014764999058578,0.46025836188367025,-0.6931471805599453,-1.8971199848858813,0.7735744296725598,0.20701416938432612,-0.4740116506432743,1.08375,0.075,0.615,0.31125,0.325125,2.666025,1.34926875,0.1845,0.093375,0.7656750000000001,0.06920415224913494,14.450000000000001,1.975903614457831,0.5060975609756098,1.7621951219512195,3.4819277108433733,0.12195121951219512,0.24096385542168672,0.5674740484429066,8.200000000000001,0.28719723183391005,4.15,2.46,1.245,0.4065040650406504,0.8032128514056224,0.2306805074971165,3.3333333333333335,2.703994733082872,17.246096239257547,1.657452177306707,1.034952177306707,True,True,True,LOW_1,LOW_1_direct_exp_rank_3,exponential,log_gap,3,delta_peak_mm + tau_r_MPa + u_p_x_tau_p + u_p_div_u_r + tau_r_div_tau_p + tau_p_div_u_p,0.015404276486309897,0.008900585477524396,0.9932546304667009,True
113,0.5,0.21,0.72,1.5599999999999998,0.5333333333333333,0,0,0,0.5333333333333333,0.4530839141628877,3.2051282051282053,0.9864172474962212,14.758619332850811,True,10,3.2051282051282053,11.553491127722605,2.44698765343629,-0.013675841988618346,-0.6931471805599453,-1.5606477482646683,0.44468582126144557,-0.3285040669720361,-0.6286086594223742,0.7799999999999999,0.105,0.36,0.26666666666666666,0.32759999999999995,1.1231999999999998,0.8319999999999999,0.1512,0.11199999999999999,0.384,0.13461538461538464,7.428571428571428,1.3499999999999999,0.7407407407407408,2.1666666666666665,2.925,0.2916666666666667,0.39375,0.46153846153846156,3.4285714285714284,0.3418803418803419,2.5396825396825395,1.44,1.0666666666666667,0.6944444444444444,0.9375,0.32051282051282054,2.380952380952381,2.0472623388590354,10.951792513271705,1.1192445389238261,0.5859112055904928,True,True,True,LOW_1,LOW_1_direct_exp_rank_3,exponential,log_gap,3,delta_peak_mm + tau_r_MPa + u_p_x_tau_p + u_p_div_u_r + tau_r_div_tau_p + tau_p_div_u_p,0.017603922857220042,0.010953393348582545,0.9620647897897258,True
116,0.5,0.1,1.16,1.5533333333333337,0.5640000000000001,0,0,0,0.5640000000000001,0.912890584776652,3.218884120171673,1.476890584776652,31.1344826944979,True,15,3.218884120171673,27.91559857432623,3.3291856212809976,0.38993892143938946,-0.6931471805599453,-2.3025850929940455,0.440403159469445,0.14842000511827322,-0.572701027484078,0.7766666666666668,0.05,0.58,0.28200000000000003,0.15533333333333338,1.801866666666667,0.8760800000000003,0.11599999999999999,0.056400000000000006,0.65424,0.06437768240343346,15.533333333333337,2.056737588652482,0.4862068965517242,1.3390804597701154,2.754137115839244,0.08620689655172414,0.17730496453900707,0.7467811158798281,11.599999999999998,0.3630901287553648,5.640000000000001,2.32,1.1280000000000001,0.4310344827586207,0.8865248226950354,0.32188841201716734,5.0,3.4466921917238076,34.61525131295723,1.4490617982359382,0.8850617982359381,True,True,True,LOW_1,LOW_1_direct_exp_rank_3,exponential,log_gap,3,delta_peak_mm + tau_r_MPa + u_p_x_tau_p + u_p_div_u_r + tau_r_div_tau_p + tau_p_div_u_p,0.00776792459599968,0.003930329164794174,0.9981480421176985,True
119,0.5,0.05,1.06,1.5533333333333337,0.4603333333333333,0,0,0,0.4603333333333333,0.7347138188950575,3.218884120171673,1.1950471522283908,76.69251608229672,True,34,3.218884120171673,73.47363196212504,4.296926593038415,0.17818564253673802,-0.6931471805599453,-2.995732273553991,0.440403159469445,0.058268908123975824,-0.7758044142409547,0.7766666666666668,0.025,0.53,0.23016666666666666,0.07766666666666669,1.6465333333333338,0.7150511111111112,0.053000000000000005,0.023016666666666668,0.48795333333333335,0.03218884120171673,31.066666666666674,2.302679217958002,0.4342767295597484,1.4654088050314469,3.3743664011585817,0.04716981132075472,0.10861694424330197,0.6824034334763948,21.2,0.29635193133047205,9.206666666666665,2.12,0.9206666666666666,0.4716981132075471,1.0861694424330195,0.32188841201716734,10.0,5.56952922010879,265.52946374131824,1.1647157970971103,0.704382463763777,True,True,True,LOW_1,LOW_1_direct_exp_rank_3,exponential,log_gap,3,delta_peak_mm + tau_r_MPa + u_p_x_tau_p + u_p_div_u_r + tau_r_div_tau_p + tau_p_div_u_p,0.024273192603985104,0.006554094262828308,0.9785124559589761,True
122,0.5,0.16,1.46,1.7866666666666664,0.5153333333333333,0,0,0,0.5153333333333333,1.791622665699797,2.7985074626865676,2.3069559990331303,15.27471027903135,True,9,2.7985074626865676,12.476202816344783,2.5238230551335223,0.8359289062022426,-0.6931471805599453,-1.8325814637483102,0.5803516864146008,0.37843643572024505,-0.6629413385028795,0.8933333333333332,0.08,0.73,0.25766666666666665,0.28586666666666666,2.608533333333333,0.9207288888888887,0.2336,0.08245333333333334,0.7523866666666666,0.08955223880597016,11.166666666666664,2.833117723156533,0.35296803652968034,1.2237442922374429,3.467011642949547,0.10958904109589042,0.3104786545924968,0.8171641791044777,9.125,0.2884328358208956,3.220833333333333,2.92,1.0306666666666666,0.3424657534246575,0.9702457956015524,0.27985074626865675,3.125,2.4624019166883366,14.531466775609402,2.3536814904598717,1.8383481571265383,True,True,True,LOW_1,LOW_1_direct_exp_rank_3,exponential,log_gap,3,delta_peak_mm + tau_r_MPa + u_p_x_tau_p + u_p_div_u_r + tau_r_div_tau_p + tau_p_div_u_p,0.0069417588108577994,0.004452244775939136,0.9994341113021608,True
125,0.5,0.13,0.83,1.5766666666666669,0.5316666666666667,0,0,0,0.5316666666666667,0.5110542316499418,3.1712473572938684,1.0427208983166083,25.070549134255213,True,13,3.1712473572938684,21.899301776961345,3.0864547539836704,0.04183354511434433,-0.6931471805599453,-2.0402208285265546,0.455312913835732,-0.18632957819149348,-0.6317385524313017,0.7883333333333334,0.065,0.415,0.26583333333333337,0.2049666666666667,1.3086333333333335,0.8382611111111113,0.1079,0.06911666666666667,0.44128333333333336,0.08245243128964058,12.12820512820513,1.5611285266457677,0.640562248995984,1.8995983935742975,2.9655172413793105,0.1566265060240964,0.24451410658307207,0.5264270613107821,6.384615384615384,0.3372093023255814,4.08974358974359,1.66,1.0633333333333335,0.6024096385542169,0.9404388714733541,0.3171247357293869,3.846153846153846,2.676834179794746,17.7102398820029,1.1569961413850727,0.6253294747184059,True,True,True,LOW_1,LOW_1_direct_exp_rank_3,exponential,log_gap,3,delta_peak_mm + tau_r_MPa + u_p_x_tau_p + u_p_div_u_r + tau_r_div_tau_p + tau_p_div_u_p,0.021361083435481695,0.0127155266776266,0.9593454019730776,True
128,0.5,0.22,1.38,1.5666666666666669,0.6789999999999999,0,0,0,0.6789999999999999,1.9691572578488556,3.191489361702127,2.6481572578488555,10.298464829923804,True,7,3.191489361702127,7.106975468221677,1.9610767620619154,0.9738640237165566,-0.6931471805599453,-1.5141277326297755,0.44895022004790336,0.3220834991691132,-0.38713415142344104,0.7833333333333334,0.11,0.69,0.33949999999999997,0.34466666666666673,2.162,1.0637666666666667,0.3036,0.14937999999999999,0.9370199999999999,0.1404255319148936,7.121212121212122,2.03240058910162,0.4920289855072464,1.135265700483092,2.3073146784486998,0.15942028985507248,0.3240058910162003,0.8808510638297871,6.2727272727272725,0.43340425531914883,3.086363636363636,2.76,1.3579999999999999,0.3623188405797102,0.7363770250368189,0.3191489361702127,2.272727272727273,1.8821759005468643,9.75926952389108,2.7395402801207314,2.0605402801207315,True,True,True,LOW_1,LOW_1_direct_exp_rank_3,exponential,log_gap,3,delta_peak_mm + tau_r_MPa + u_p_x_tau_p + u_p_div_u_r + tau_r_div_tau_p + tau_p_div_u_p,0.007949228345003143,0.005562035886339581,0.9989401251695308,True
131,0.5,0.3,0.69,1.57,0.4403333333333333,0,0,0,0.4403333333333333,0.989606450202688,3.184713375796178,1.4299397835360212,7.9675990689291964,True,7,3.184713375796178,4.782885693133018,1.5650440658411895,0.35763233396981986,-0.6931471805599453,-1.2039728043259361,0.45107561936021673,-0.37106368139083207,-0.8202232631279215,0.785,0.15,0.345,0.22016666666666665,0.471,1.0833,0.6913233333333333,0.207,0.1321,0.30382999999999993,0.19108280254777069,5.233333333333333,1.566994700984103,0.6381642512077295,2.27536231884058,3.5654806964420898,0.4347826086956522,0.6813020439061317,0.43949044585987257,2.3,0.28046709129511677,1.4677777777777776,1.38,0.8806666666666666,0.7246376811594204,1.1355034065102196,0.3184713375796178,1.6666666666666667,1.2933357426732268,6.829638206511227,1.6383222133162108,1.1979888799828775,True,True,True,LOW_1,LOW_1_direct_exp_rank_3,exponential,log_gap,3,delta_peak_mm + tau_r_MPa + u_p_x_tau_p + u_p_div_u_r + tau_r_div_tau_p + tau_p_div_u_p,0.011263112566531553,0.008180035032670223,0.9887926352770401,True
134,0.5,0.29,0.81,1.5933333333333335,0.6846666666666668,0,0,0,0.6846666666666668,0.4027161872827163,3.1380753138075312,1.087382853949383,11.679447292728767,True,9,3.1380753138075312,8.541371978921235,2.1449216481665894,0.08377375767211724,-0.6931471805599453,-1.2378743560016174,0.465828257835255,-0.21072103131565253,-0.3788231771617431,0.7966666666666667,0.145,0.405,0.3423333333333334,0.4620666666666667,1.2906000000000002,1.0909022222222224,0.2349,0.19855333333333336,0.5545800000000001,0.1820083682008368,5.4942528735632195,1.1830574488802337,0.8452674897119342,1.9670781893004117,2.3271665043816943,0.3580246913580246,0.4235637779941577,0.5083682008368201,2.7931034482758625,0.4297071129707113,2.3609195402298857,1.62,1.3693333333333335,0.6172839506172839,0.730282375851996,0.3138075313807531,1.7241379310344829,1.858562677470586,9.552585735860365,1.1796489819594944,0.49498231529282766,True,True,True,LOW_1,LOW_1_direct_exp_rank_3,exponential,log_gap,3,delta_peak_mm + tau_r_MPa + u_p_x_tau_p + u_p_div_u_r + tau_r_div_tau_p + tau_p_div_u_p,0.013594551690240896,0.007639827372892867,0.983261048976683,True
137,0.5,1.18,0.63,1.85,0.575,0,0,0,0.575,4.239497230710774,2.702702702702702,4.814497230710774,3.1309195303367727,True,4,2.702702702702702,0.42821682763407054,-0.8481256050604908,1.571631622500357,-0.6931471805599453,0.16551443847757333,0.6151856390902335,-0.4620354595965587,-0.5533852381847867,0.925,0.59,0.315,0.2875,2.183,1.1655,1.06375,0.7434,0.6784999999999999,0.36224999999999996,0.6378378378378378,1.5677966101694918,1.0956521739130436,0.9126984126984127,2.9365079365079367,3.2173913043478266,1.8730158730158728,2.0521739130434784,0.3405405405405405,0.5338983050847458,0.31081081081081074,0.4872881355932203,1.26,1.15,0.7936507936507936,0.8695652173913044,0.27027027027027023,0.42372881355932207,-0.8275455207832177,3.13982357749284,4.739159680573658,4.164159680573658,True,True,True,LOW_1,LOW_1_direct_exp_rank_3,exponential,log_gap,3,delta_peak_mm + tau_r_MPa + u_p_x_tau_p + u_p_div_u_r + tau_r_div_tau_p + tau_p_div_u_p,0.0003883007641694637,0.00024012799598084,0.9999890940435373,True
140,0.5,0.42,0.83,1.7400000000000002,0.4525,0,0,0,0.4525,2.5886372580129136,2.8735632183908044,3.0411372580129137,4.84879553279124,True,5,2.8735632183908044,1.975232314400436,0.6806860189800326,1.1122315434914725,-0.6931471805599453,-0.8675005677047231,0.5538851132264377,-0.18632957819149348,-0.7929675158421562,0.8700000000000001,0.21,0.415,0.22625,0.7308000000000001,1.4442000000000002,0.7873500000000001,0.34859999999999997,0.19005,0.375575,0.24137931034482754,4.142857142857143,1.8342541436464086,0.5451807228915663,2.096385542168675,3.8453038674033153,0.5060240963855421,0.9281767955801105,0.4770114942528735,1.9761904761904763,0.2600574712643678,1.0773809523809526,1.66,0.905,0.6024096385542169,1.1049723756906078,0.28735632183908044,1.1904761904761905,0.6956960328692395,4.878667425180672,3.012079551988687,2.559579551988687,True,True,True,LOW_1,LOW_1_direct_exp_rank_3,exponential,log_gap,3,delta_peak_mm + tau_r_MPa + u_p_x_tau_p + u_p_div_u_r + tau_r_div_tau_p + tau_p_div_u_p,0.0006693350894120151,0.0005230954925388615,0.9999806796973119,True
143,0.5,0.33,0.58,1.5733333333333333,0.4766666666666666,0,0,0,0.4766666666666666,0.4098600862261488,3.1779661016949152,0.8865267528928155,9.368454028225154,True,8,3.1779661016949152,6.190487926530238,1.8230139085544779,-0.12044397581514155,-0.6931471805599453,-1.1086626245216111,0.45319651092935426,-0.5447271754416722,-0.7409378443962938,0.7866666666666666,0.165,0.29,0.2383333333333333,0.5192,0.9125333333333332,0.7499555555555555,0.1914,0.1573,0.27646666666666664,0.20974576271186443,4.767676767676767,1.2167832167832169,0.82183908045977,2.71264367816092,3.300699300699301,0.5689655172413793,0.6923076923076924,0.3686440677966102,1.7575757575757573,0.3029661016949152,1.4444444444444442,1.16,0.9533333333333333,0.8620689655172414,1.048951048951049,0.31779661016949157,1.5151515151515151,1.5492588181988216,7.885945522134019,0.9785172488155618,0.5018505821488952,True,True,True,LOW_1,LOW_1_direct_exp_rank_3,exponential,log_gap,3,delta_peak_mm + tau_r_MPa + u_p_x_tau_p + u_p_div_u_r + tau_r_div_tau_p + tau_p_div_u_p,0.00903977977102061,0.005497890790962585,0.987015489123549,True
146,0.5,0.13,0.68,1.5599999999999998,0.5633333333333334,0,0,0,0.5633333333333334,0.1951982739754749,3.2051282051282053,0.7585316073088083,31.88575510060682,True,17,3.2051282051282053,28.680626895478614,3.3562218737728173,-0.2763708102525145,-0.6931471805599453,-2.0402208285265546,0.44468582126144557,-0.3856624808119846,-0.5738837597331276,0.7799999999999999,0.065,0.34,0.2816666666666667,0.20279999999999998,1.0608,0.8787999999999999,0.0884,0.07323333333333334,0.3830666666666667,0.08333333333333334,11.999999999999998,1.2071005917159763,0.8284313725490196,2.294117647058823,2.7692307692307687,0.19117647058823528,0.23076923076923078,0.43589743589743596,5.230769230769231,0.36111111111111116,4.333333333333333,1.36,1.1266666666666667,0.7352941176470588,0.8875739644970414,0.32051282051282054,3.846153846153846,2.912445270561443,21.60686903688908,0.8147983068940372,0.25146497356070385,True,True,True,LOW_1,LOW_1_direct_exp_rank_3,exponential,log_gap,3,delta_peak_mm + tau_r_MPa + u_p_x_tau_p + u_p_div_u_r + tau_r_div_tau_p + tau_p_div_u_p,0.016020442091478262,0.007863416879952637,0.9494734750643081,True
149,0.5,0.18,0.96,1.5599999999999998,0.5433333333333333,0,0,0,0.5433333333333333,0.9264981470545324,3.2051282051282053,1.4698314803878656,14.731251978605432,True,9,3.2051282051282053,11.526123773477227,2.444616091589232,0.3851477550271424,-0.6931471805599453,-1.7147984280919266,0.44468582126144557,-0.040821994520255166,-0.6100322738494387,0.7799999999999999,0.09,0.48,0.27166666666666667,0.28079999999999994,1.4975999999999998,0.8475999999999999,0.17279999999999998,0.0978,0.5216,0.11538461538461539,8.666666666666666,1.7668711656441718,0.5659722222222222,1.6249999999999998,2.871165644171779,0.1875,0.3312883435582822,0.6153846153846154,5.333333333333333,0.34829059829059833,3.0185185185185186,1.92,1.0866666666666667,0.5208333333333334,0.9202453987730062,0.32051282051282054,2.7777777777777777,2.079916271269446,11.208926943460487,1.6839257920057347,1.1405924586724012,True,True,True,LOW_1,LOW_1_direct_exp_rank_3,exponential,log_gap,3,delta_peak_mm + tau_r_MPa + u_p_x_tau_p + u_p_div_u_r + tau_r_div_tau_p + tau_p_div_u_p,0.0246938813427184,0.016531215075844694,0.9713894234034176,True
152,0.5,1.16,0.64,1.9,0.54,0,0,0,0.54,8.918859589233094,2.6315789473684212,9.458859589233091,2.9158636476035604,True,4,2.6315789473684212,0.2842847002351392,-1.2577790773373474,2.2469518249759264,-0.6931471805599453,0.14842000511827322,0.6418538861723947,-0.4462871026284195,-0.616186139423817,0.95,0.58,0.32,0.27,2.2039999999999997,1.216,1.026,0.7424,0.6264,0.3456,0.6105263157894737,1.6379310344827587,1.1851851851851851,0.84375,2.96875,3.518518518518518,1.8124999999999998,2.148148148148148,0.33684210526315794,0.5517241379310346,0.2842105263157895,0.4655172413793104,1.28,1.08,0.78125,0.9259259259259258,0.2631578947368421,0.4310344827586207,-0.8554125300866354,3.0566867325216327,6.825584825932297,6.285584825932297,True,True,True,LOW_1,LOW_1_direct_exp_rank_3,exponential,log_gap,3,delta_peak_mm + tau_r_MPa + u_p_x_tau_p + u_p_div_u_r + tau_r_div_tau_p + tau_p_div_u_p,0.008576371154950718,0.005403205528778785,0.9952228757411395,True
155,0.5,0.56,0.58,1.5599999999999998,0.4766666666666666,0,0,0,0.4766666666666666,1.2430840918042927,3.2051282051282053,1.7197507584709593,5.0236277196711585,True,6,3.2051282051282053,1.8184995145429532,0.5980117184902124,0.5421793724594811,-0.6931471805599453,-0.579818495252942,0.44468582126144557,-0.5447271754416722,-0.7409378443962938,0.7799999999999999,0.28,0.29,0.2383333333333333,0.8736,0.9047999999999998,0.7435999999999998,0.32480000000000003,0.26693333333333336,0.27646666666666664,0.35897435897435903,2.785714285714285,1.2167832167832169,0.82183908045977,2.689655172413793,3.2727272727272725,0.9655172413793105,1.174825174825175,0.3717948717948718,1.0357142857142856,0.3055555555555556,0.851190476190476,1.16,0.9533333333333333,0.8620689655172414,1.048951048951049,0.32051282051282054,0.8928571428571428,0.6212412838794005,5.066365137083434,1.6970591724205406,1.220392505753874,True,True,True,LOW_1,LOW_1_direct_exp_rank_3,exponential,log_gap,3,delta_peak_mm + tau_r_MPa + u_p_x_tau_p + u_p_div_u_r + tau_r_div_tau_p + tau_p_div_u_p,0.000627810335867737,0.00040217973238710345,0.9999553869584356,True
158,0.5,0.17,1.0,1.6233333333333333,0.5720000000000001,0,0,0,0.5720000000000001,0.8749487231528226,3.080082135523614,1.4469487231528226,16.31818533574024,True,10,3.080082135523614,13.238103200216624,2.583099277422246,0.36945701036134476,-0.6931471805599453,-1.7719568419318752,0.4844816484263887,0.0,-0.5586162876023391,0.8116666666666666,0.085,0.5,0.28600000000000003,0.2759666666666667,1.6233333333333333,0.9285466666666667,0.17,0.09724000000000002,0.5720000000000001,0.10472279260780289,9.549019607843137,1.7482517482517481,0.5720000000000001,1.6233333333333333,2.8379953379953378,0.17,0.2972027972027972,0.6160164271047228,5.88235294117647,0.3523613963039015,3.364705882352941,2.0,1.1440000000000001,0.5,0.8741258741258741,0.3080082135523614,2.941176470588235,2.2481966745551567,12.550723914141587,1.6179118588587436,1.0459118588587435,True,True,True,LOW_1,LOW_1_direct_exp_rank_3,exponential,log_gap,3,delta_peak_mm + tau_r_MPa + u_p_x_tau_p + u_p_div_u_r + tau_r_div_tau_p + tau_p_div_u_p,0.023234095114776705,0.015029770977512456,0.9752906402351511,True
161,0.5,0.1,0.85,1.5666666666666669,0.5843333333333334,0,0,0,0.5843333333333334,0.3978559436075378,3.191489361702127,0.9821892769408712,37.33548887229885,True,19,3.191489361702127,34.14399951059673,3.5305868607858355,-0.01797124282523465,-0.6931471805599453,-2.3025850929940455,0.44895022004790336,-0.16251892949777494,-0.5372836827290122,0.7833333333333334,0.05,0.425,0.2921666666666667,0.1566666666666667,1.3316666666666668,0.9154555555555557,0.085,0.05843333333333334,0.49668333333333337,0.06382978723404255,15.666666666666668,1.4546491728465487,0.6874509803921569,1.8431372549019611,2.681118083285796,0.11764705882352942,0.17113519680547631,0.5425531914893617,8.5,0.3729787234042553,5.843333333333334,1.7,1.1686666666666667,0.5882352941176471,0.8556759840273815,0.3191489361702127,5.0,3.316954568336287,30.767730352775775,1.0142237507946883,0.4298904174613549,True,True,True,LOW_1,LOW_1_direct_exp_rank_3,exponential,log_gap,3,delta_peak_mm + tau_r_MPa + u_p_x_tau_p + u_p_div_u_r + tau_r_div_tau_p + tau_p_div_u_p,0.009507192790148934,0.004655411237539336,0.9905322571438516,True
164,0.5,0.07,0.85,1.5566666666666666,0.5843333333333334,0,0,0,0.5843333333333334,0.3510048045966245,3.211991434689508,0.935338137929958,59.36701870371923,True,29,3.211991434689508,56.15502726902972,4.028116210017761,-0.06684717022631022,-0.6931471805599453,-2.659260036932778,0.44254678301269623,-0.16251892949777494,-0.5372836827290122,0.7783333333333333,0.035,0.425,0.2921666666666667,0.10896666666666667,1.3231666666666666,0.9096122222222223,0.059500000000000004,0.04090333333333334,0.49668333333333337,0.04496788008565311,22.238095238095237,1.4546491728465487,0.6874509803921569,1.8313725490196078,2.664004563605248,0.0823529411764706,0.11979463776383344,0.5460385438972163,12.14285714285714,0.3753747323340471,8.347619047619048,1.7,1.1686666666666667,0.5882352941176471,0.8556759840273815,0.32119914346895073,7.142857142857142,4.187403859479871,69.06360025482697,0.9262012657432824,0.34186793240994906,True,True,True,LOW_1,LOW_1_direct_exp_rank_3,exponential,log_gap,3,delta_peak_mm + tau_r_MPa + u_p_x_tau_p + u_p_div_u_r + tau_r_div_tau_p + tau_p_div_u_p,0.005282160974639842,0.001789327288883591,0.9968607047697554,True
167,0.5,0.17,0.8,1.5599999999999998,0.5579999999999999,0,0,0,0.5579999999999999,0.4953159279041487,3.2051282051282053,1.0533159279041486,18.51576110820791,True,11,3.2051282051282053,15.310632903079707,2.7285475480104293,0.05194321465255487,-0.6931471805599453,-1.7719568419318752,0.44468582126144557,-0.2231435513142097,-0.5833963166008262,0.7799999999999999,0.085,0.4,0.27899999999999997,0.2652,1.248,0.8704799999999998,0.136,0.09486,0.44639999999999996,0.10897435897435899,9.176470588235292,1.4336917562724016,0.6974999999999999,1.9499999999999997,2.795698924731183,0.2125,0.30465949820788535,0.5128205128205129,4.705882352941177,0.3576923076923077,3.28235294117647,1.6,1.1159999999999999,0.625,0.896057347670251,0.32051282051282054,2.941176470588235,2.3214298316885613,13.395362419405362,1.184869731314586,0.626869731314586,True,True,True,LOW_1,LOW_1_direct_exp_rank_3,exponential,log_gap,3,delta_peak_mm + tau_r_MPa + u_p_x_tau_p + u_p_div_u_r + tau_r_div_tau_p + tau_p_div_u_p,0.020428402801069463,0.012527512511052188,0.9582032646194225,True
170,0.5,0.19,0.76,1.5533333333333337,0.5436666666666666,0,0,0,0.5436666666666666,0.4848535368761771,3.218884120171673,1.0285202035428438,16.275028887164293,True,10,3.218884120171673,13.05614476699262,2.569258886318414,0.02812107361540592,-0.6931471805599453,-1.6607312068216509,0.440403159469445,-0.2744368457017603,-0.609418965029233,0.7766666666666668,0.095,0.38,0.2718333333333333,0.2951333333333334,1.1805333333333337,0.8444955555555557,0.1444,0.10329666666666666,0.41318666666666665,0.12231759656652358,8.17543859649123,1.3979153893316985,0.7153508771929824,2.0438596491228074,2.857142857142858,0.25,0.3494788473329246,0.4892703862660943,4.0,0.3499999999999999,2.8614035087719296,1.52,1.0873333333333333,0.6578947368421053,0.9196811771919069,0.32188841201716734,2.6315789473684212,2.158893012297106,11.880428246817658,1.1676636071652167,0.62399694049855,True,True,True,LOW_1,LOW_1_direct_exp_rank_3,exponential,log_gap,3,delta_peak_mm + tau_r_MPa + u_p_x_tau_p + u_p_div_u_r + tau_r_div_tau_p + tau_p_div_u_p,0.019430858995602814,0.01211153604222351,0.9586346371973099,True
173,0.5,0.23,0.81,1.5666666666666669,0.5826666666666666,0,0,0,0.5826666666666666,0.6080845262035995,3.191489361702127,1.190751192870266,12.675105003139644,True,9,3.191489361702127,9.483615641437517,2.2495656403297772,0.1745843624789449,-0.6931471805599453,-1.4696759700589417,0.44895022004790336,-0.21072103131565253,-0.5401400114347662,0.7833333333333334,0.115,0.405,0.2913333333333333,0.3603333333333334,1.2690000000000003,0.9128444444444443,0.18630000000000002,0.13401333333333332,0.47195999999999994,0.14680851063829786,6.811594202898552,1.390160183066362,0.719341563786008,1.9341563786008231,2.688787185354692,0.2839506172839506,0.3947368421052633,0.5170212765957446,3.5217391304347827,0.3719148936170212,2.5333333333333328,1.62,1.165333333333333,0.6172839506172839,0.8581235697940505,0.3191489361702127,2.1739130434782608,1.9189570802658773,10.005337827025798,1.3347924477420625,0.752125781075396,True,True,True,LOW_1,LOW_1_direct_exp_rank_3,exponential,log_gap,3,delta_peak_mm + tau_r_MPa + u_p_x_tau_p + u_p_div_u_r + tau_r_div_tau_p + tau_p_div_u_p,0.016578861790360725,0.010601662415929898,0.97566963266249,True
176,0.5,0.65,0.57,1.5766666666666669,0.478,0,0,0,0.478,1.612273609680621,3.1712473572938684,2.090273609680621,4.48569879514461,True,5,3.1712473572938684,1.3144514378507415,0.2734194210673675,0.7372949711310511,-0.6931471805599453,-0.4307829160924542,0.455312913835732,-0.5621189181535413,-0.7381445464906811,0.7883333333333334,0.325,0.285,0.239,1.0248333333333335,0.8987,0.7536466666666667,0.3705,0.3107,0.27246,0.4122621564482029,2.425641025641026,1.1924686192468619,0.8385964912280702,2.7660818713450297,3.2984658298465837,1.1403508771929827,1.3598326359832638,0.361522198731501,0.8769230769230768,0.30317124735729384,0.7353846153846153,1.14,0.956,0.8771929824561404,1.0460251046025104,0.3171247357293869,0.7692307692307692,0.35069557882898417,4.591302322604095,1.9923644929910138,1.5143644929910138,True,True,True,LOW_1,LOW_1_direct_exp_rank_3,exponential,log_gap,3,delta_peak_mm + tau_r_MPa + u_p_x_tau_p + u_p_div_u_r + tau_r_div_tau_p + tau_p_div_u_p,0.0019013837829649038,0.0012027022566688406,0.999607250474766,True
179,0.5,0.48,0.88,1.5666666666666669,0.6386666666666666,0,0,0,0.6386666666666666,2.2710172374402005,3.191489361702127,2.909683904106867,5.11752583659357,True,6,3.191489361702127,1.926036474891443,0.65546425135416,1.0680444512651264,-0.6931471805599453,-0.7339691750802004,0.44895022004790336,-0.12783337150988489,-0.448372609119441,0.7833333333333334,0.24,0.44,0.3193333333333333,0.7520000000000001,1.378666666666667,1.0005777777777778,0.4224,0.30655999999999994,0.5620266666666666,0.3063829787234042,3.2638888888888893,1.3778705636743216,0.7257575757575757,1.7803030303030305,2.4530271398747394,0.5454545454545454,0.7515657620041755,0.5617021276595744,1.8333333333333335,0.40765957446808504,1.3305555555555555,1.76,1.2773333333333332,0.5681818181818182,0.7828810020876827,0.3191489361702127,1.0416666666666667,0.7260403853739685,5.2583696955280725,2.7897527682484653,2.151086101581799,True,True,True,LOW_1,LOW_1_direct_exp_rank_3,exponential,log_gap,3,delta_peak_mm + tau_r_MPa + u_p_x_tau_p + u_p_div_u_r + tau_r_div_tau_p + tau_p_div_u_p,0.003029754055703511,0.002104513780850131,0.9995433522306311,True
182,0.5,0.22,0.66,1.49,0.4575,0,0,0,0.4575,0.5513217275318822,3.3557046979865772,1.0088217275318825,12.75282127395527,True,9,3.3557046979865772,9.397116575968692,2.240402894982028,0.008783043434137857,-0.6931471805599453,-1.5141277326297755,0.3987761199573678,-0.4155154439616658,-0.781978394266561,0.745,0.11,0.33,0.22875,0.3278,0.9834,0.681675,0.1452,0.10065,0.30195000000000005,0.1476510067114094,6.7727272727272725,1.4426229508196722,0.6931818181818181,2.2575757575757573,3.2568306010928962,0.3333333333333333,0.4808743169398907,0.4429530201342282,3.0,0.30704697986577184,2.0795454545454546,1.32,0.915,0.7575757575757576,1.0928961748633879,0.33557046979865773,2.272727272727273,1.8092532129486654,9.461590630643336,1.1923792884667725,0.7348792884667725,True,True,True,LOW_1,LOW_1_direct_exp_rank_3,exponential,log_gap,3,delta_peak_mm + tau_r_MPa + u_p_x_tau_p + u_p_div_u_r + tau_r_div_tau_p + tau_p_div_u_p,0.017792834365726328,0.011944286538606392,0.9602322524577012,True
185,0.5,0.13,1.09,1.5666666666666669,0.5446666666666667,0,0,0,0.5446666666666667,0.9576325699215577,3.191489361702127,1.5022992365882244,21.905585532286455,True,11,3.191489361702127,18.714096170584327,2.9292770458051596,0.4069967589241098,-0.6931471805599453,-2.0402208285265546,0.44895022004790336,0.08617769624105241,-0.6075812922302984,0.7833333333333334,0.065,0.545,0.27233333333333337,0.2036666666666667,1.707666666666667,0.8533111111111114,0.14170000000000002,0.07080666666666668,0.5936866666666668,0.08297872340425531,12.051282051282053,2.001223990208078,0.4996941896024465,1.4373088685015292,2.876376988984088,0.11926605504587155,0.23867809057527536,0.6957446808510638,8.384615384615385,0.3476595744680851,4.18974358974359,2.18,1.0893333333333335,0.4587155963302752,0.9179926560587514,0.3191489361702127,3.846153846153846,2.7161577902602985,18.313597531633462,1.5935685366851924,1.0489018700185255,True,True,True,LOW_1,LOW_1_direct_exp_rank_3,exponential,log_gap,3,delta_peak_mm + tau_r_MPa + u_p_x_tau_p + u_p_div_u_r + tau_r_div_tau_p + tau_p_div_u_p,0.015943512814050275,0.009758229846846383,0.991479190771213,True
188,0.5,1.1,0.64,2.06,0.593,0,0,0,0.593,1.513280437089641,2.4271844660194173,2.1062804370896413,3.268679989536249,True,4,2.4271844660194173,0.8414955235168318,-0.17257458501268447,0.744923565857869,-0.6931471805599453,0.09531017980432493,0.7227059828014898,-0.4462871026284195,-0.5225608799844117,1.03,0.55,0.32,0.2965,2.2660000000000005,1.3184,1.2215799999999999,0.7040000000000001,0.6523,0.37951999999999997,0.5339805825242718,1.8727272727272726,1.079258010118044,0.9265625,3.21875,3.473861720067454,1.71875,1.8549747048903882,0.3106796116504854,0.5818181818181818,0.2878640776699029,0.5390909090909091,1.28,1.186,0.78125,0.8431703204047218,0.24271844660194175,0.45454545454545453,-0.2876958023301309,3.1771741686813453,2.263622481972061,1.6706224819720612,True,True,True,LOW_1,LOW_1_direct_exp_rank_3,exponential,log_gap,3,delta_peak_mm + tau_r_MPa + u_p_x_tau_p + u_p_div_u_r + tau_r_div_tau_p + tau_p_div_u_p,0.0027261440249936107,0.0016481636396856792,0.999457282016915,True
191,0.5,0.1,1.15,1.64,0.5823333333333333,0,0,0,0.5823333333333333,0.8468851223123651,3.048780487804878,1.4292184556456984,32.276683117014976,True,15,3.048780487804878,29.2279026292101,3.3751238225018434,0.3571277603538921,-0.6931471805599453,-2.3025850929940455,0.494696241836107,0.13976194237515863,-0.5407122575161903,0.82,0.05,0.575,0.29116666666666663,0.164,1.8859999999999997,0.9550266666666665,0.11499999999999999,0.05823333333333333,0.6696833333333332,0.06097560975609757,16.4,1.9748139668002291,0.5063768115942029,1.4260869565217391,2.8162564396107617,0.08695652173913045,0.17172295363480256,0.7012195121951219,11.499999999999998,0.3550813008130081,5.823333333333332,2.3,1.1646666666666665,0.4347826086956522,0.8586147681740127,0.3048780487804878,5.0,3.483867798372126,35.634293333723484,1.4064186483954049,0.8240853150620716,True,True,True,LOW_1,LOW_1_direct_exp_rank_3,exponential,log_gap,3,delta_peak_mm + tau_r_MPa + u_p_x_tau_p + u_p_div_u_r + tau_r_div_tau_p + tau_p_div_u_p,0.006830080584574072,0.003345759953089579,0.9984271819411162,True
194,0.5,0.47,0.9,1.5599999999999998,0.6583333333333333,0,0,0,0.6583333333333333,2.1587521490528645,3.2051282051282053,2.8170854823861977,5.267358968714256,True,6,3.2051282051282053,2.062230763586051,0.7237882918383902,1.0357028336188485,-0.6931471805599453,-0.7550225842780328,0.44468582126144557,-0.10536051565782628,-0.41804389031502454,0.7799999999999999,0.235,0.45,0.32916666666666666,0.7331999999999999,1.404,1.027,0.423,0.3094166666666667,0.5925,0.3012820512820513,3.3191489361702127,1.3670886075949367,0.7314814814814815,1.7333333333333332,2.3696202531645567,0.5222222222222221,0.7139240506329113,0.576923076923077,1.9148936170212767,0.42200854700854706,1.400709219858156,1.8,1.3166666666666667,0.5555555555555556,0.759493670886076,0.32051282051282054,1.0638297872340425,0.7752573047856828,5.376278907912743,2.7336956396028405,2.0753623062695072,True,True,True,LOW_1,LOW_1_direct_exp_rank_3,exponential,log_gap,3,delta_peak_mm + tau_r_MPa + u_p_x_tau_p + u_p_div_u_r + tau_r_div_tau_p + tau_p_div_u_p,0.0022875133982516484,0.001581716233394609,0.9997465907752398,True
197,0.5,0.14,0.99,2.0725,0.65575,0,0,0,0.65575,0.5146811885872504,2.4125452352231607,1.1704311885872505,25.510159206488257,True,14,2.4125452352231607,23.097613971265098,3.13972932090561,0.15737221817055144,-0.6931471805599453,-1.9661128563728327,0.7287556080273129,-0.01005033585350145,-0.4219756602351539,1.03625,0.07,0.495,0.327875,0.29015,2.0517749999999997,1.359041875,0.1386,0.09180500000000001,0.6491925000000001,0.0675512665862485,14.803571428571425,1.5097216927182613,0.6623737373737374,2.0934343434343434,3.160503240564239,0.14141414141414144,0.2134959969500572,0.47768395657418583,7.07142857142857,0.31640530759951757,4.683928571428571,1.98,1.3115,0.5050505050505051,0.7624857033930613,0.24125452352231608,3.571428571428571,2.8720870850829225,20.086411832146805,1.2276959197579926,0.5719459197579926,True,True,True,LOW_1,LOW_1_direct_exp_rank_3,exponential,log_gap,3,delta_peak_mm + tau_r_MPa + u_p_x_tau_p + u_p_div_u_r + tau_r_div_tau_p + tau_p_div_u_p,0.014718304457535851,0.0077510469322943,0.9846255872230334,True
200,0.5,1.09,0.51,1.85,0.452,0,0,0,0.452,3.5013968656521643,2.702702702702702,3.953396865652164,3.161464776235545,True,4,2.702702702702702,0.4587620735328426,-0.7792235616319558,1.3745751753420268,-0.6931471805599453,0.08617769624105241,0.6151856390902335,-0.6733445532637656,-0.7940730991499059,0.925,0.545,0.255,0.226,2.0165,0.9435000000000001,0.8362,0.5559000000000001,0.49268000000000006,0.23052,0.5891891891891892,1.6972477064220184,1.1283185840707965,0.8862745098039215,3.627450980392157,4.092920353982301,2.1372549019607843,2.4115044247787614,0.2756756756756757,0.4678899082568807,0.24432432432432433,0.4146788990825688,1.02,0.904,0.9803921568627451,1.1061946902654867,0.27027027027027023,0.4587155963302752,-0.5973584676056313,3.2529659589185855,3.448815059247746,2.996815059247746,True,True,True,LOW_1,LOW_1_direct_exp_rank_3,exponential,log_gap,3,delta_peak_mm + tau_r_MPa + u_p_x_tau_p + u_p_div_u_r + tau_r_div_tau_p + tau_p_div_u_p,0.0031430779186058804,0.0019569686054971376,0.9988898455066352,True
203,0.4,8.16,0.64,15.0,0.4826666666666666,0,0,0,0.4826666666666666,11.163229285157737,0.3333333333333333,11.645895951824402,0.3680224492093827,True,12,0.3333333333333333,0.03468911587604939,-3.361329304746439,2.4549538391335957,-0.916290731874155,2.0992441689760155,2.70805020110221,-0.4462871026284195,-0.7284289947045852,6.0,3.2640000000000002,0.256,0.19306666666666664,122.4,9.6,7.239999999999998,5.2224,3.9385599999999994,0.3089066666666666,0.544,1.838235294117647,1.3259668508287294,0.7541666666666665,23.4375,31.07734806629835,12.75,16.9060773480663,0.042666666666666665,0.0784313725490196,0.03217777777777777,0.05915032679738561,1.5999999999999999,1.2066666666666663,0.625,0.828729281767956,0.02666666666666667,0.049019607843137254,-4.043133086014025,0.3508757576345182,21.5264365246621,21.043769857995432,True,True,True,LOW_1,LOW_1_direct_exp_rank_3,exponential,log_gap,3,delta_peak_mm + tau_r_MPa + u_p_x_tau_p + u_p_div_u_r + tau_r_div_tau_p + tau_p_div_u_p,0.00821445037910185,0.005402642876897845,0.99603992556949,True
204,0.8,9.63,1.15,15.0,0.9263333333333332,0,0,0,0.9263333333333332,31.67109901569681,0.3333333333333333,32.59743234903014,0.356302565715436,True,13,0.3333333333333333,0.02296923238210269,-3.773599681119782,3.4842335229710604,-0.2231435513142097,2.2648832258100344,2.70805020110221,0.13976194237515863,-0.07652113790774313,12.0,7.704000000000001,0.9199999999999999,0.7410666666666667,144.45000000000002,17.25,13.894999999999998,11.0745,8.920589999999999,1.0652833333333331,0.642,1.557632398753894,1.241453760345448,0.8055072463768116,13.043478260869566,16.19287513494063,8.373913043478263,10.395825836631884,0.07666666666666666,0.11941848390446519,0.06175555555555555,0.09619245413637935,1.4374999999999998,1.1579166666666665,0.6956521739130436,0.8636200071968335,0.05333333333333334,0.08307372793354102,-4.60696051324988,0.3433154460775141,70.57769510211946,69.65136176878613,True,True,True,LOW_1,LOW_1_direct_exp_rank_3,exponential,log_gap,3,delta_peak_mm + tau_r_MPa + u_p_x_tau_p + u_p_div_u_r + tau_r_div_tau_p + tau_p_div_u_p,0.015046548541889507,0.00957984606137161,0.9963175269747524,True
205,1.2,8.17,1.67,15.0,1.391,0,0,0,1.391,14.757831874738754,0.3333333333333333,16.148831874738754,0.3859250855203011,True,12,0.3333333333333333,0.052591752186967766,-2.9451959740624045,2.7818477173152054,0.1823215567939546,2.1004689088719113,2.70805020110221,0.5128236264286637,0.33002291294130587,18.0,9.804,2.004,1.6692,122.55,25.049999999999997,20.865000000000002,13.643899999999999,11.36447,2.3229699999999998,0.5446666666666666,1.8359853121175032,1.2005751258087707,0.832934131736527,8.982035928143713,10.783608914450037,4.892215568862276,5.873472322070453,0.11133333333333333,0.204406364749082,0.09273333333333333,0.17025703794369645,1.3916666666666666,1.1591666666666667,0.718562874251497,0.8626887131560028,0.08,0.14687882496940025,-3.2230826745346164,0.37316541280254006,20.305323847828326,18.914323847828328,True,True,True,LOW_1,LOW_1_direct_exp_rank_3,exponential,log_gap,3,delta_peak_mm + tau_r_MPa + u_p_x_tau_p + u_p_div_u_r + tau_r_div_tau_p + tau_p_div_u_p,0.012158388196714113,0.007806609506789892,0.9984459098055067,True
206,1.8,7.68,2.36,15.0,1.9943333333333333,0,0,0,1.9943333333333333,14.016889640854824,0.3333333333333333,16.011222974188158,0.404258783461519,True,12,0.3333333333333333,0.07092545012818569,-2.6461259517696707,2.7732899122353674,0.5877866649021191,2.038619547159581,2.70805020110221,0.8586616190375187,0.690309825739785,27.0,13.824,4.248,3.5898,115.19999999999999,35.4,29.915,18.124799999999997,15.316479999999999,4.706626666666667,0.512,1.953125,1.1833528330269096,0.8450564971751413,6.3559322033898304,7.521310379408324,3.2542372881355934,3.8509109142570614,0.15733333333333333,0.3072916666666667,0.13295555555555555,0.25967881944444443,1.3111111111111111,1.1079629629629628,0.7627118644067797,0.9025572455289989,0.12000000000000001,0.23437500000000003,-2.5161025371092554,0.4141071403085051,14.54770495308153,12.553371619748196,True,True,True,LOW_1,LOW_1_direct_exp_rank_3,exponential,log_gap,3,delta_peak_mm + tau_r_MPa + u_p_x_tau_p + u_p_div_u_r + tau_r_div_tau_p + tau_p_div_u_p,0.010890211183649358,0.00687794596554161,0.9993366443068717,True
207,2.4,12.65,2.87,17.5,2.478,0,0,0,2.478,85.54466261294648,0.2857142857142857,88.02266261294648,0.3027127732951231,True,16,0.2857142857142857,0.016998487580837385,-4.07463090471671,4.477594311015701,0.8754687373538999,2.5376572151735295,2.8622008809294686,1.0543120297715298,0.9074517832069507,42.0,30.36,6.888,5.9472000000000005,221.375,50.225,43.365,36.3055,31.346700000000002,7.111860000000001,0.7228571428571429,1.383399209486166,1.15819209039548,0.8634146341463415,6.097560975609756,7.062146892655367,4.407665505226481,5.104923325262308,0.164,0.22687747035573122,0.1416,0.1958893280632411,1.1958333333333335,1.0325000000000002,0.8362369337979093,0.9685230024213074,0.13714285714285715,0.18972332015810275,-3.951522633423374,0.3049396919460392,78.8883776268024,76.4103776268024,True,True,True,LOW_1,LOW_1_direct_exp_rank_3,exponential,log_gap,3,delta_peak_mm + tau_r_MPa + u_p_x_tau_p + u_p_div_u_r + tau_r_div_tau_p + tau_p_div_u_p,0.007999823845282705,0.004804805098505507,0.9998159453491875,True
209,0.01,0.55,0.015,3.75,0.014,0,0,0,0.014,0.0024195869070291,1.3333333333333333,0.0164195869070291,8.395940887010124,True,8,1.3333333333333333,7.0626075536767905,1.9548143251957932,-4.109280333189722,-4.605170185988091,-0.5978370007556204,1.3217558399823195,-4.199705077879927,-4.268697949366879,0.0375,0.0055000000000000005,0.00015,0.00014000000000000001,2.0625,0.056249999999999994,0.0525,0.00825,0.007700000000000001,0.00021,0.14666666666666667,6.8181818181818175,1.0714285714285714,0.9333333333333333,250.0,267.85714285714283,36.66666666666667,39.285714285714285,0.004,0.027272727272727268,0.0037333333333333333,0.025454545454545452,1.5,1.4,0.6666666666666667,0.7142857142857143,0.0026666666666666666,0.01818181818181818,1.9001875069135492,8.020481544585293,0.016499025283350243,0.0024990252833502428,True,True,True,LOW_1,LOW_1_direct_exp_rank_3,exponential,log_gap,3,delta_peak_mm + tau_r_MPa + u_p_x_tau_p + u_p_div_u_r + tau_r_div_tau_p + tau_p_div_u_p,4.935913936139611e-05,1.8302762061501686e-05,0.9992493381957108,True
210,0.01,0.73,0.017,3.75,0.0155,0,0,0,0.0155,0.0049950016940742,1.3333333333333333,0.0204950016940742,5.436911505105911,True,6,1.3333333333333333,4.103578171772578,1.4118593179299592,-3.887574242367913,-4.605170185988091,-0.31471074483970024,1.3217558399823195,-4.074541934925921,-4.166915255056936,0.0375,0.0073,0.00017,0.000155,2.7375,0.06375,0.058124999999999996,0.012410000000000001,0.011315,0.0002635,0.19466666666666665,5.136986301369864,1.0967741935483872,0.9117647058823529,220.58823529411762,241.93548387096774,42.94117647058823,47.096774193548384,0.004533333333333334,0.023287671232876714,0.0041333333333333335,0.021232876712328767,1.7000000000000002,1.55,0.5882352941176471,0.6451612903225806,0.0026666666666666666,0.013698630136986302,1.528575074497721,5.944934283881309,0.02016608611208884,0.0046660861120888415,True,True,True,LOW_1,LOW_1_direct_exp_rank_3,exponential,log_gap,3,delta_peak_mm + tau_r_MPa + u_p_x_tau_p + u_p_div_u_r + tau_r_div_tau_p + tau_p_div_u_p,0.00012904992273203242,5.5153768260957115e-05,0.9967141376534427,True
211,0.01,0.73,0.031,3.75,0.0205,0,0,0,0.0205,0.0421170527109933,1.3333333333333333,0.0626170527109933,3.3538139443417307,True,4,1.3333333333333333,2.0204806110083977,0.703335409354935,-2.7707176304484222,-4.605170185988091,-0.31471074483970024,1.3217558399823195,-3.473768074496991,-3.8873303928377747,0.0375,0.0073,0.00031,0.00020500000000000002,2.7375,0.11624999999999999,0.076875,0.02263,0.014965000000000001,0.0006355,0.19466666666666665,5.136986301369864,1.5121951219512195,0.6612903225806452,120.96774193548387,182.92682926829266,23.548387096774192,35.609756097560975,0.008266666666666667,0.04246575342465753,0.0054666666666666665,0.02808219178082192,3.1,2.05,0.3225806451612903,0.4878048780487805,0.0026666666666666666,0.013698630136986302,0.8561625051416148,3.6874427881764458,0.05884361699920888,0.03834361699920888,True,True,True,LOW_1,LOW_1_direct_exp_rank_3,exponential,log_gap,3,delta_peak_mm + tau_r_MPa + u_p_x_tau_p + u_p_div_u_r + tau_r_div_tau_p + tau_p_div_u_p,0.0003051044013008149,0.00020031053228162238,0.9957358057723193,True
212,0.034,0.56,0.032,4.25,0.0305,0,0,0,0.0305,0.0032729190185453,1.1764705882352942,0.0337729190185453,9.217143579218789,True,8,1.1764705882352942,8.040672990983495,2.0845127850339837,-3.388096010104495,-3.3813947543659757,-0.579818495252942,1.4469189829363254,-3.4420193761824103,-3.4900285953687713,0.14450000000000002,0.019040000000000005,0.0010880000000000002,0.001037,2.3800000000000003,0.136,0.129625,0.017920000000000002,0.01708,0.000976,0.13176470588235295,7.5892857142857135,1.0491803278688525,0.953125,132.8125,139.34426229508196,17.5,18.36065573770492,0.0075294117647058826,0.05714285714285714,0.007176470588235294,0.05446428571428571,0.9411764705882353,0.8970588235294117,1.0625,1.1147540983606559,0.008,0.060714285714285714,2.0125656597890083,8.658960853840536,0.03391232193923397,0.0034123219392339713,True,True,True,LOW_1,LOW_1_direct_exp_rank_3,exponential,log_gap,3,delta_peak_mm + tau_r_MPa + u_p_x_tau_p + u_p_div_u_r + tau_r_div_tau_p + tau_p_div_u_p,0.00013316942497896517,4.3368052033386506e-05,0.9987131144532312,True
213,0.034,0.61,0.036,4.25,0.032,0,0,0,0.032,0.0097117896904809,1.1764705882352942,0.0417117896904809,6.613265489413038,True,7,1.1764705882352942,5.436794901177744,1.6931897146598653,-3.1769714637465265,-3.3813947543659757,-0.4942963218147801,1.4469189829363254,-3.3242363405260273,-3.4420193761824103,0.14450000000000002,0.02074,0.001224,0.0010880000000000002,2.5925,0.153,0.136,0.021959999999999997,0.01952,0.001152,0.14352941176470588,6.967213114754099,1.125,0.888888888888889,118.05555555555557,132.8125,16.944444444444446,19.0625,0.008470588235294117,0.059016393442622946,0.0075294117647058826,0.05245901639344262,1.0588235294117645,0.9411764705882353,0.9444444444444445,1.0625,0.008,0.055737704918032795,1.75980798396238,6.987792008586382,0.04139350546793407,0.00939350546793407,True,True,True,LOW_1,LOW_1_direct_exp_rank_3,exponential,log_gap,3,delta_peak_mm + tau_r_MPa + u_p_x_tau_p + u_p_div_u_r + tau_r_div_tau_p + tau_p_div_u_p,0.00014664657125935127,5.906741595521212e-05,0.9988334660342154,True
214,0.034,0.8,0.041,4.25,0.0365,0,0,0,0.0365,0.0146135447707714,1.1764705882352942,0.0511135447707714,4.687843076991533,True,6,1.1764705882352942,3.5113724887562388,1.256006983486099,-2.973705752888468,-3.3813947543659757,-0.2231435513142097,1.4469189829363254,-3.1941832122778293,-3.3104430183936913,0.14450000000000002,0.027200000000000002,0.001394,0.001241,3.4000000000000004,0.17425000000000002,0.15512499999999999,0.0328,0.0292,0.0014965,0.18823529411764706,5.3125,1.1232876712328768,0.8902439024390243,103.65853658536585,116.43835616438356,19.51219512195122,21.917808219178085,0.009647058823529411,0.05125,0.008588235294117647,0.04562499999999999,1.2058823529411764,1.0735294117647058,0.8292682926829269,0.9315068493150687,0.008,0.0425,1.4576017706258122,5.47211581093451,0.049630414592866906,0.013130414592866908,True,True,True,LOW_1,LOW_1_direct_exp_rank_3,exponential,log_gap,3,delta_peak_mm + tau_r_MPa + u_p_x_tau_p + u_p_div_u_r + tau_r_div_tau_p + tau_p_div_u_p,0.0005419034683095688,0.00023500180110812857,0.9897841938800823,True
215,0.034,0.85,0.053,4.25,0.0412499999999999,0,0,0,0.0412499999999999,0.0449535990108785,1.1764705882352942,0.0862035990108784,3.4008265344224067,True,5,1.1764705882352942,2.2243559461871127,0.7994674113280658,-2.4510433503177356,-3.3813947543659757,-0.16251892949777494,1.4469189829363254,-2.9374633654300153,-3.1881041662014495,0.14450000000000002,0.028900000000000002,0.001802,0.0014024999999999966,3.6125,0.22525,0.17531249999999957,0.04505,0.03506249999999991,0.0021862499999999946,0.19999999999999998,5.0,1.284848484848488,0.7783018867924509,80.18867924528303,103.03030303030329,16.037735849056602,20.606060606060655,0.012470588235294117,0.06235294117647059,0.009705882352941153,0.048529411764705765,1.5588235294117645,1.2132352941176439,0.6415094339622642,0.8242424242424263,0.008,0.04,1.0774193850499851,4.113560851954313,0.07975966260215021,0.038509662602150316,True,True,True,LOW_1,LOW_1_direct_exp_rank_3,exponential,log_gap,3,delta_peak_mm + tau_r_MPa + u_p_x_tau_p + u_p_div_u_r + tau_r_div_tau_p + tau_p_div_u_p,0.0009707246877858961,0.0005310927630805333,0.9821559912469796,True
216,0.09,1.18,0.072,4.75,0.06875,0,0,0,0.06875,0.0144953537063408,1.0526315789473684,0.0832453537063408,3.803418428356459,True,5,1.0526315789473684,2.7507868494090904,1.0118869978097909,-2.48596296301434,-2.4079456086518722,0.16551443847757333,1.55814461804655,-2.631089159966082,-2.6772785424354564,0.4275,0.10619999999999999,0.00648,0.0061875,5.6049999999999995,0.34199999999999997,0.32656250000000003,0.08496,0.081125,0.00495,0.24842105263157893,4.02542372881356,1.0472727272727271,0.9548611111111113,65.97222222222223,69.09090909090908,16.38888888888889,17.16363636363636,0.015157894736842105,0.06101694915254237,0.014473684210526317,0.058262711864406784,0.7999999999999999,0.763888888888889,1.25,1.3090909090909089,0.01894736842105263,0.07627118644067797,1.1463828679184327,4.199421523192479,0.0820052606872971,0.013255260687297099,True,True,True,LOW_1,LOW_1_direct_exp_rank_3,exponential,log_gap,3,delta_peak_mm + tau_r_MPa + u_p_x_tau_p + u_p_div_u_r + tau_r_div_tau_p + tau_p_div_u_p,0.0006569925598077313,0.00027242345196286133,0.9960189224551643,True
217,0.09,1.07,0.082,4.75,0.07425,0,0,0,0.07425,0.0316745022212473,1.0526315789473684,0.1059245022212473,3.494012368300583,True,5,1.0526315789473684,2.4413807893532145,0.8925637765215366,-2.2450286818315375,-2.4079456086518722,0.06765864847381486,1.55814461804655,-2.501036031717884,-2.6003175012993283,0.4275,0.0963,0.00738,0.006682499999999999,5.0825000000000005,0.3895,0.3526875,0.08774000000000001,0.0794475,0.0060885,0.22526315789473686,4.439252336448598,1.1043771043771045,0.9054878048780487,57.92682926829268,63.97306397306398,13.048780487804878,14.410774410774412,0.01726315789473684,0.07663551401869159,0.01563157894736842,0.06939252336448598,0.9111111111111112,0.825,1.097560975609756,1.2121212121212122,0.01894736842105263,0.08411214953271028,1.1769257756550995,4.297016467998291,0.10130058578767832,0.027050585787678327,True,True,True,LOW_1,LOW_1_direct_exp_rank_3,exponential,log_gap,3,delta_peak_mm + tau_r_MPa + u_p_x_tau_p + u_p_div_u_r + tau_r_div_tau_p + tau_p_div_u_p,0.0015803790423817524,0.0007003540298368323,0.9809282479122147,True
218,0.09,0.99,0.091,4.75,0.0815,0,0,0,0.0815,0.0350845623553453,1.0526315789473684,0.1165845623553453,3.740061038065954,True,5,1.0526315789473684,2.6874294591185857,0.9885851453394738,-2.1491384121558315,-2.4079456086518722,-0.01005033585350145,1.55814461804655,-2.396895772465287,-2.50715225873532,0.4275,0.0891,0.00819,0.007335,4.7025,0.43224999999999997,0.387125,0.09009,0.080685,0.0074165,0.20842105263157895,4.7979797979797985,1.116564417177914,0.8956043956043956,52.1978021978022,58.282208588957054,10.87912087912088,12.14723926380368,0.019157894736842106,0.09191919191919191,0.017157894736842105,0.08232323232323233,1.011111111111111,0.9055555555555557,0.989010989010989,1.1042944785276072,0.01894736842105263,0.09090909090909091,1.2681747577454447,4.606990650643362,0.11174573651323708,0.030245736513237073,True,True,True,LOW_1,LOW_1_direct_exp_rank_3,exponential,log_gap,3,delta_peak_mm + tau_r_MPa + u_p_x_tau_p + u_p_div_u_r + tau_r_div_tau_p + tau_p_div_u_p,0.0017107748493034281,0.0007501872064066468,0.9807832685439475,True
219,0.09,1.33,0.123,4.75,0.109,0,0,0,0.109,0.0845437839006371,1.0526315789473684,0.1935437839006371,2.512415047002486,True,4,1.0526315789473684,1.4597834680551178,0.3782881151700069,-1.6422515187199573,-2.4079456086518722,0.28517894223366247,1.55814461804655,-2.0955709236097197,-2.2164073967529934,0.4275,0.1197,0.01107,0.00981,6.317500000000001,0.5842499999999999,0.51775,0.16359,0.14497000000000002,0.013407,0.28,3.571428571428571,1.128440366972477,0.8861788617886179,38.61788617886179,43.57798165137615,10.813008130081302,12.201834862385322,0.025894736842105262,0.09248120300751879,0.022947368421052633,0.08195488721804511,1.3666666666666667,1.2111111111111112,0.7317073170731707,0.8256880733944953,0.01894736842105263,0.06766917293233082,0.7318334672548756,3.131520268897196,0.17691509144791326,0.06791509144791326,True,True,True,LOW_1,LOW_1_direct_exp_rank_3,exponential,log_gap,3,delta_peak_mm + tau_r_MPa + u_p_x_tau_p + u_p_div_u_r + tau_r_div_tau_p + tau_p_div_u_p,0.0029037882460599238,0.001464244558754187,0.9753610769745739,True
220,0.0245,0.57,0.057,3.0,0.045,0,0,0,0.045,0.0423378142666348,1.6666666666666667,0.0873378142666348,5.252909248352316,True,6,1.6666666666666667,3.5862425816856494,1.2771050197677356,-2.437971756808799,-3.7090821614314557,-0.5621189181535413,1.0986122886681098,-2.864704011147587,-3.101092789211817,0.07350000000000001,0.013965,0.0013965000000000002,0.0011025,1.71,0.171,0.135,0.03249,0.025649999999999996,0.002565,0.18999999999999997,5.2631578947368425,1.2666666666666668,0.7894736842105262,52.63157894736842,66.66666666666667,9.999999999999998,12.666666666666666,0.019,0.1,0.015,0.07894736842105264,2.326530612244898,1.8367346938775508,0.4298245614035088,0.5444444444444445,0.008166666666666668,0.042982456140350886,1.3076827254489596,5.3642620998043276,0.08654609151784719,0.04154609151784719,True,True,True,LOW_1,LOW_1_direct_exp_rank_3,exponential,log_gap,3,delta_peak_mm + tau_r_MPa + u_p_x_tau_p + u_p_div_u_r + tau_r_div_tau_p + tau_p_div_u_p,0.00010886942711665876,6.193096793060105e-05,0.9997971922947066,True
221,0.0245,0.74,0.052,3.0,0.0426666666666666,0,0,0,0.0426666666666666,0.0483380999196384,1.6666666666666667,0.091004766586305,3.990648101805694,True,5,1.6666666666666667,2.323981435139027,0.8432818506354804,-2.396843393767789,-3.7090821614314557,-0.3011050927839216,1.0986122886681098,-2.9565115604007097,-3.1543373037306313,0.07350000000000001,0.01813,0.001274,0.0010453333333333317,2.2199999999999998,0.156,0.1279999999999998,0.03848,0.03157333333333329,0.002218666666666663,0.24666666666666667,4.054054054054054,1.2187500000000018,0.8205128205128194,57.69230769230769,70.3125000000001,14.230769230769232,17.343750000000025,0.017333333333333333,0.07027027027027027,0.0142222222222222,0.057657657657657575,2.1224489795918364,1.741496598639453,0.4711538461538462,0.5742187500000009,0.008166666666666668,0.03310810810810811,1.0414838354457188,4.500084889688081,0.08516833348395303,0.042501666817286426,True,True,True,LOW_1,LOW_1_direct_exp_rank_3,exponential,log_gap,3,delta_peak_mm + tau_r_MPa + u_p_x_tau_p + u_p_div_u_r + tau_r_div_tau_p + tau_p_div_u_p,0.000644626610182124,0.0003648851954908048,0.9926242700119577,True
222,0.0245,1.17,0.042,3.75,0.037,0,0,0,0.037,0.0379972465016185,1.3333333333333333,0.0749972465016185,2.7555455668379523,True,2,1.3333333333333333,1.422212233504619,0.35221357024762373,-2.5903038794315303,-3.7090821614314557,0.1570037488096647,1.3217558399823195,-3.170085660698769,-3.2968373663379125,0.091875,0.028665,0.0010290000000000002,0.0009065,4.387499999999999,0.1575,0.13874999999999998,0.04914,0.043289999999999995,0.001554,0.312,3.2051282051282053,1.1351351351351353,0.8809523809523808,89.28571428571428,101.35135135135135,27.857142857142854,31.62162162162162,0.0112,0.0358974358974359,0.009866666666666666,0.03162393162393162,1.7142857142857144,1.510204081632653,0.5833333333333334,0.6621621621621622,0.006533333333333334,0.020940170940170942,0.6768057947505011,3.3009161539217473,0.06755285986693857,0.03055285986693857,True,True,True,LOW_1,LOW_1_direct_exp_rank_3,exponential,log_gap,3,delta_peak_mm + tau_r_MPa + u_p_x_tau_p + u_p_div_u_r + tau_r_div_tau_p + tau_p_div_u_p,0.0008641787389945663,0.00046343665328558824,0.982553859028942,True
223,0.0245,2.7,0.036,4.333333333333333,0.0356666666666666,0,0,0,0.0356666666666666,0.012315781767816,1.153846153846154,0.0479824484344826,2.0063850757344786,True,6,1.153846153846154,0.8525389218883246,-0.1595364146926888,-3.036919992558239,-3.7090821614314557,0.9932517730102834,1.466337068793427,-3.3242363405260273,-3.3335387331883424,0.10616666666666666,0.06615,0.000882,0.0008738333333333316,11.7,0.15599999999999997,0.15455555555555525,0.0972,0.09629999999999982,0.0012839999999999974,0.6230769230769232,1.604938271604938,1.0093457943925253,0.9907407407407389,120.37037037037037,121.49532710280397,75.00000000000001,75.7009345794394,0.008307692307692308,0.01333333333333333,0.008230769230769215,0.01320987654320985,1.4693877551020407,1.4557823129251672,0.6805555555555556,0.6869158878504686,0.005653846153846154,0.009074074074074075,-1.2453530650196654,1.4416854180590444,0.07992088960677658,0.044254222940109986,True,True,True,LOW_1,LOW_1_direct_exp_rank_3,exponential,log_gap,3,delta_peak_mm + tau_r_MPa + u_p_x_tau_p + u_p_div_u_r + tau_r_div_tau_p + tau_p_div_u_p,0.0013295089996636928,0.000770015776456305,0.9634495823043671,True
224,0.0245,0.75,0.022,3.5,0.02125,0,0,0,0.02125,0.0026705992767688,1.4285714285714286,0.0239205992767688,6.637578410976577,True,7,1.4285714285714286,5.209006982405148,1.650389239212367,-3.7330152968369146,-3.7090821614314557,-0.2876820724517809,1.252762968495368,-3.816712825623821,-3.851398383611711,0.08575,0.018375000000000002,0.000539,0.000520625,2.625,0.077,0.07437500000000001,0.0165,0.0159375,0.0004675,0.21428571428571427,4.666666666666667,1.0352941176470587,0.965909090909091,159.0909090909091,164.70588235294116,34.09090909090909,35.29411764705882,0.006285714285714285,0.029333333333333333,0.006071428571428572,0.028333333333333335,0.8979591836734693,0.8673469387755103,1.1136363636363638,1.1529411764705881,0.007,0.03266666666666667,1.5741277304842314,6.2551011752402585,0.024084781637169754,0.0028347816371697525,True,True,True,LOW_1,LOW_1_direct_exp_rank_3,exponential,log_gap,3,delta_peak_mm + tau_r_MPa + u_p_x_tau_p + u_p_div_u_r + tau_r_div_tau_p + tau_p_div_u_p,0.00010939427642917233,4.2489546107986854e-05,0.9986670193273648,True
225,0.0245,1.15,0.021,3.5,0.02,0,0,0,0.02,0.0073958891535081,1.4285714285714286,0.0273958891535081,3.6113543932907137,True,5,1.4285714285714286,2.1827829647192853,0.780600651974438,-3.597362307737738,-3.7090821614314557,0.13976194237515863,1.252762968495368,-3.863232841258714,-3.912023005428146,0.08575,0.028175,0.0005145000000000001,0.00049,4.0249999999999995,0.07350000000000001,0.07,0.02415,0.023,0.00042,0.32857142857142857,3.0434782608695654,1.05,0.9523809523809523,166.66666666666666,175.0,54.76190476190475,57.49999999999999,0.006,0.018260869565217393,0.005714285714285714,0.017391304347826087,0.8571428571428572,0.8163265306122449,1.1666666666666667,1.225,0.007,0.02130434782608696,0.8089565232252696,3.6741349988568244,0.027228164892561472,0.007228164892561471,True,True,True,LOW_1,LOW_1_direct_exp_rank_3,exponential,log_gap,3,delta_peak_mm + tau_r_MPa + u_p_x_tau_p + u_p_div_u_r + tau_r_div_tau_p + tau_p_div_u_p,3.7729905612789496e-05,1.835211498407839e-05,0.9998746710246065,True
226,0.0245,1.1,0.02,3.5,0.01925,0,0,0,0.01925,0.004956977641193,1.4285714285714286,0.024206977641193,4.054827267846036,True,5,1.4285714285714286,2.6262558392746076,0.9655591966013914,-3.7211143550985573,-3.7090821614314557,0.09531017980432493,1.252762968495368,-3.912023005428146,-3.950244218248344,0.08575,0.02695,0.00049,0.00047162500000000004,3.8500000000000005,0.07,0.067375,0.022000000000000002,0.021175000000000003,0.000385,0.31428571428571433,3.1818181818181817,1.038961038961039,0.9625,175.0,181.8181818181818,55.0,57.142857142857146,0.005714285714285714,0.01818181818181818,0.0055,0.017499999999999998,0.8163265306122449,0.7857142857142857,1.225,1.2727272727272727,0.007,0.02227272727272727,0.9273849074339588,3.9564612889163264,0.0243710578272088,0.0051210578272088,True,True,True,LOW_1,LOW_1_direct_exp_rank_3,exponential,log_gap,3,delta_peak_mm + tau_r_MPa + u_p_x_tau_p + u_p_div_u_r + tau_r_div_tau_p + tau_p_div_u_p,4.9312849546458644e-05,2.298111400248661e-05,0.9997551127940025,True
227,0.0245,1.25,0.019,3.5,0.01875,0,0,0,0.01875,0.0019847706438796,1.4285714285714286,0.0207347706438796,4.418502888206739,True,5,1.4285714285714286,2.9899314596353106,1.0952504639409617,-3.875943246648099,-3.7090821614314557,0.22314355131420976,1.252762968495368,-3.9633162998156966,-3.9765615265657175,0.08575,0.030625,0.0004655,0.000459375,4.375,0.0665,0.065625,0.02375,0.0234375,0.00035624999999999996,0.35714285714285715,2.8,1.0133333333333334,0.9868421052631579,184.21052631578948,186.66666666666669,65.78947368421053,66.66666666666667,0.0054285714285714284,0.0152,0.005357142857142857,0.015,0.7755102040816326,0.7653061224489796,1.2894736842105263,1.3066666666666669,0.007,0.0196,0.7198147342389398,3.4826240583383905,0.021922932472654488,0.0031729324726544883,True,True,True,LOW_1,LOW_1_direct_exp_rank_3,exponential,log_gap,3,delta_peak_mm + tau_r_MPa + u_p_x_tau_p + u_p_div_u_r + tau_r_div_tau_p + tau_p_div_u_p,0.00045190658892894735,0.00020833357262390714,0.978044618500075,True
228,24.5,0.7,0.059,3.0,0.0456666666666666,0,0,0,0.0456666666666666,0.0656740182268081,1.6666666666666667,0.1113406848934747,3.9285722676402535,True,5,1.6666666666666667,2.261905600973587,0.8162076442738474,-2.1951605448762437,3.1986731175506815,-0.35667494393873245,1.0986122886681098,-2.8302178350764176,-3.0863866418221235,73.5,17.15,1.4455,1.1188333333333316,2.0999999999999996,0.177,0.1369999999999998,0.041299999999999996,0.031966666666666615,0.002694333333333329,0.2333333333333333,4.285714285714286,1.29197080291971,0.7740112994350271,50.847457627118644,65.69343065693441,11.864406779661017,15.328467153284693,0.019666666666666666,0.08428571428571428,0.0152222222222222,0.06523809523809515,0.002408163265306122,0.0018639455782312898,415.25423728813564,536.4963503649643,8.166666666666666,35.0,0.9990916231631062,4.3824803920301445,0.10402599913986489,0.05835933247319829,True,True,True,LOW_1,LOW_1_direct_exp_rank_3,exponential,log_gap,3,delta_peak_mm + tau_r_MPa + u_p_x_tau_p + u_p_div_u_r + tau_r_div_tau_p + tau_p_div_u_p,0.0006690909601043861,0.00040199658552307735,0.9938151941098243,True
229,24.5,0.8,0.039,3.75,0.03775,0,0,0,0.03775,0.0044128695173391,1.3333333333333333,0.0421628695173391,6.31959788609588,True,7,1.3333333333333333,4.986264552762547,1.606687042811821,-3.1662153145096994,3.1986731175506815,-0.2231435513142097,1.3217558399823195,-3.2441936328524905,-3.2767698032871033,91.875,19.6,0.9555,0.924875,3.0,0.14625,0.1415625,0.031200000000000002,0.0302,0.00147225,0.21333333333333335,4.6875,1.033112582781457,0.967948717948718,96.15384615384616,99.33774834437087,20.512820512820515,21.192052980132452,0.0104,0.048749999999999995,0.010066666666666666,0.04718749999999999,0.0015918367346938775,0.0015408163265306122,628.2051282051282,649.0066225165563,6.533333333333333,30.625,1.5530278279363294,6.059090655549284,0.04234800730533362,0.004598007305333621,True,True,True,LOW_1,LOW_1_direct_exp_rank_3,exponential,log_gap,3,delta_peak_mm + tau_r_MPa + u_p_x_tau_p + u_p_div_u_r + tau_r_div_tau_p + tau_p_div_u_p,0.0001369786557780163,5.2221517646905375e-05,0.9993309843623186,True
230,24.5,1.1,0.031,3.75,0.03025,0,0,0,0.03025,0.004226216061608,1.3333333333333333,0.034476216061608,4.574641618565765,True,5,1.3333333333333333,3.2413082852324315,1.175977040040698,-3.367485582201655,3.1986731175506815,0.09531017980432493,1.3217558399823195,-3.473768074496991,-3.4982590945052867,91.875,26.950000000000003,0.7595,0.741125,4.125,0.11624999999999999,0.1134375,0.034100000000000005,0.033275,0.00093775,0.29333333333333333,3.4090909090909087,1.024793388429752,0.9758064516129032,120.96774193548387,123.96694214876034,35.483870967741936,36.36363636363637,0.008266666666666667,0.02818181818181818,0.008066666666666666,0.027499999999999997,0.0012653061224489797,0.0012346938775510204,790.3225806451613,809.9173553719008,6.533333333333333,22.27272727272727,1.0542244117147532,4.203081880526448,0.03499043873572802,0.00474043873572802,True,True,True,LOW_1,LOW_1_direct_exp_rank_3,exponential,log_gap,3,delta_peak_mm + tau_r_MPa + u_p_x_tau_p + u_p_div_u_r + tau_r_div_tau_p + tau_p_div_u_p,0.00025043277684571653,0.00010831938823074417,0.9971754290365218,True
234,500.0,0.99,0.523,3.0,0.4803333333333333,0,0,0,0.4803333333333333,0.3422582854093307,1.6666666666666667,0.822591618742664,3.6102895519762694,True,5,1.6666666666666667,1.9436228853096027,0.6645536981816699,-0.19529541197749042,6.214608098422191,-0.01005033585350145,1.0986122886681098,-0.6481738149172142,-0.7332749716507247,1500.0,495.0,261.5,240.16666666666663,2.9699999999999998,1.569,1.4409999999999998,0.5177700000000001,0.47552999999999995,0.2512143333333333,0.33,3.0303030303030303,1.0888272033310202,0.9184193753983427,5.736137667304015,6.245662734212353,1.8929254302103249,2.0610687022900764,0.17433333333333334,0.5282828282828284,0.1601111111111111,0.4851851851851851,0.001046,0.0009606666666666665,956.0229445506692,1040.9437890353922,166.66666666666666,505.0505050505051,0.6949937968580427,3.6703633113545653,0.8145514752213953,0.334218141888062,True,True,True,LOW_1,LOW_1_direct_exp_rank_3,exponential,log_gap,3,delta_peak_mm + tau_r_MPa + u_p_x_tau_p + u_p_div_u_r + tau_r_div_tau_p + tau_p_div_u_p,0.0009310085148280726,0.000497652082519997,0.9998761948023908,True
235,1000.0,1.49,0.929,3.0,0.87,0,0,0,0.87,1.3911680147990315,1.6666666666666667,2.261168014799032,2.4688599946843404,True,4,1.6666666666666667,0.8021933280176736,-0.2204056427866387,0.8158815004859059,6.907755278982137,0.3987761199573678,1.0986122886681098,-0.07364654016829848,-0.13926206733350766,3000.0,1490.0,929.0,870.0,4.47,2.787,2.61,1.3842100000000002,1.2963,0.80823,0.49666666666666665,2.0134228187919465,1.067816091954023,0.9364908503767492,3.229278794402583,3.4482758620689657,1.603875134553283,1.7126436781609196,0.3096666666666667,0.623489932885906,0.29,0.5838926174496645,0.000929,0.00087,1076.4262648008612,1149.4252873563219,333.3333333333333,671.1409395973154,-0.37083542591342866,2.356824180922137,2.454688403288364,1.584688403288364,True,True,True,LOW_1,LOW_1_direct_exp_rank_3,exponential,log_gap,3,delta_peak_mm + tau_r_MPa + u_p_x_tau_p + u_p_div_u_r + tau_r_div_tau_p + tau_p_div_u_p,0.005743695263658095,0.0033904900775327284,0.9988341673834724,True
236,1500.0,2.48,1.278,3.5,1.2245,0,0,0,1.2245,4.974718816480315,1.4285714285714286,6.199218816480315,1.7047169871616714,True,6,1.4285714285714286,0.2761455585902428,-1.2868271660876796,1.8244232867708292,7.313220387090301,0.9082585601768908,1.252762968495368,0.24529635595534308,0.2025325974100853,5250.0,3720.0,1917.0,1836.7499999999998,8.68,4.473,4.28575,3.1694400000000003,3.0367599999999997,1.564911,0.7085714285714285,1.4112903225806452,1.0436913025724786,0.9581377151799686,2.7386541471048513,2.8583095140873827,1.9405320813771518,2.0253164556962027,0.36514285714285716,0.5153225806451613,0.3498571428571428,0.49374999999999997,0.000852,0.0008163333333333333,1173.7089201877934,1224.9897917517355,428.57142857142856,604.8387096774194,-1.792451835140596,1.595122740857667,9.084036599552729,7.859536599552729,True,True,True,LOW_1,LOW_1_direct_exp_rank_3,exponential,log_gap,3,delta_peak_mm + tau_r_MPa + u_p_x_tau_p + u_p_div_u_r + tau_r_div_tau_p + tau_p_div_u_p,0.014679767949140509,0.008683329716727764,0.9961552071209739,True
238,300.0,1.16,0.606,3.0,0.5299999999999999,0,0,0,0.5299999999999999,0.9995028593983644,1.6666666666666667,1.5295028593983642,2.6762963684092975,True,3,1.6666666666666667,1.0096297017426308,0.009583631689257832,0.4249427541058406,5.703782474656201,0.14842000511827322,1.0986122886681098,-0.5008752929128226,-0.6348782724359697,900.0,348.0,181.79999999999998,158.99999999999997,3.4799999999999995,1.818,1.5899999999999999,0.7029599999999999,0.6147999999999999,0.32117999999999997,0.38666666666666666,2.586206896551724,1.1433962264150945,0.8745874587458745,4.9504950495049505,5.660377358490567,1.914191419141914,2.1886792452830193,0.20199999999999999,0.5224137931034483,0.17666666666666664,0.4568965517241379,0.00202,0.0017666666666666664,495.0495049504951,566.0377358490567,100.0,258.62068965517244,0.22498887467755657,2.918975450442012,1.3776401784720556,0.8476401784720556,True,True,True,LOW_1,LOW_1_direct_exp_rank_3,exponential,log_gap,3,delta_peak_mm + tau_r_MPa + u_p_x_tau_p + u_p_div_u_r + tau_r_div_tau_p + tau_p_div_u_p,0.006837134126246981,0.004038064005217172,0.9953767877789093,True
239,500.0,2.0,0.785,3.5,0.745,0,0,0,0.745,1.4880839300345443,1.4285714285714286,2.2330839300345446,1.9471028822830023,True,5,1.4285714285714286,0.5185314537115737,-0.6567545902564785,0.8033835583740431,6.214608098422191,0.6931471805599453,1.252762968495368,-0.24207156119972859,-0.29437106060257756,1750.0,1000.0,392.5,372.5,7.0,2.7475,2.6075,1.57,1.49,0.584825,0.5714285714285714,1.75,1.0536912751677854,0.9490445859872612,4.45859872611465,4.697986577181208,2.5477707006369426,2.684563758389262,0.22428571428571428,0.3925,0.21285714285714286,0.3725,0.00157,0.00149,636.9426751592356,671.1409395973154,142.85714285714286,250.0,-0.8961779642383779,1.8366979854541672,2.5836701210867576,1.8386701210867575,True,True,True,LOW_1,LOW_1_direct_exp_rank_3,exponential,log_gap,3,delta_peak_mm + tau_r_MPa + u_p_x_tau_p + u_p_div_u_r + tau_r_div_tau_p + tau_p_div_u_p,0.006635127063380419,0.00398405837000824,0.9979755906041492,True
240,1000.0,1.84,1.067,3.0,0.9266666666666667,0,0,0,0.9266666666666667,11.34965538746409,1.6666666666666667,12.276322054130755,1.8769974838423913,True,5,1.6666666666666667,0.21033081717572455,-1.5590736678950508,2.50767237086521,6.907755278982137,0.6097655716208943,1.0986122886681098,0.06485097231961627,-0.0761613609655639,3000.0,1840.0,1067.0,926.6666666666667,5.5200000000000005,3.2009999999999996,2.7800000000000002,1.96328,1.705066666666667,0.9887533333333334,0.6133333333333334,1.6304347826086956,1.1514388489208631,0.8684786004373635,2.8116213683223994,3.237410071942446,1.724461105904405,1.9856115107913668,0.35566666666666663,0.579891304347826,0.30888888888888894,0.5036231884057971,0.001067,0.0009266666666666668,937.2071227741332,1079.1366906474818,333.3333333333333,543.4782608695652,-1.23111125813322,1.958634612251734,9.478750712522919,8.552084045856251,True,True,True,LOW_1,LOW_1_direct_exp_rank_3,exponential,log_gap,3,delta_peak_mm + tau_r_MPa + u_p_x_tau_p + u_p_div_u_r + tau_r_div_tau_p + tau_p_div_u_p,0.011717656320597347,0.007344522380683629,0.996635799536236,True
241,1500.0,2.5,1.53,3.5,1.435,0,0,0,1.435,11.191062390354295,1.4285714285714286,12.626062390354296,1.6206039521105755,True,6,1.4285714285714286,0.1920325235391469,-1.6500905278667464,2.535763121352067,7.313220387090301,0.9162907318741551,1.252762968495368,0.4252677354043441,0.3611648492115845,5250.0,3750.0,2295.0,2152.5,8.75,5.355,5.0225,3.825,3.5875000000000004,2.1955500000000003,0.7142857142857143,1.4,1.0662020905923344,0.9379084967320261,2.287581699346405,2.4390243902439024,1.6339869281045751,1.7421602787456445,0.43714285714285717,0.612,0.41000000000000003,0.5740000000000001,0.00102,0.0009566666666666668,980.3921568627451,1045.2961672473866,428.57142857142856,600.0,-1.9012032474226528,1.5779601879681104,15.446014860327981,14.01101486032798,True,True,True,LOW_1,LOW_1_direct_exp_rank_3,exponential,log_gap,3,delta_peak_mm + tau_r_MPa + u_p_x_tau_p + u_p_div_u_r + tau_r_div_tau_p + tau_p_div_u_p,0.008848843379833387,0.005263169214392207,0.9989939370909273,True
242,276.0,1.28,0.381,13.0,0.236,0,0,0,0.236,0.2798827945510767,0.3846153846153846,0.5158827945510767,2.332154177278262,True,4,0.3846153846153846,1.9475387926628773,0.6665664177751015,-0.661875681644178,5.62040086571715,0.2468600779315258,2.5649493574615367,-0.9649559038554361,-1.443923473956527,3588.0,353.28000000000003,105.156,65.136,16.64,4.953,3.0679999999999996,0.48768,0.30208,0.089916,0.09846153846153846,10.15625,1.614406779661017,0.6194225721784776,34.120734908136484,55.08474576271187,3.3595800524934383,5.423728813559323,0.02930769230769231,0.29765625,0.018153846153846152,0.18437499999999998,0.0013804347826086958,0.0008550724637681159,724.4094488188977,1169.491525423729,21.23076923076923,215.625,0.8641480183504412,2.7575988707209866,0.49707149256020866,0.2610714925602087,True,True,True,LOW_1,LOW_1_direct_exp_rank_3,exponential,log_gap,3,delta_peak_mm + tau_r_MPa + u_p_x_tau_p + u_p_div_u_r + tau_r_div_tau_p + tau_p_div_u_p,0.004687612341661098,0.0024100929896991473,0.99181746098346,True
243,1380.0,1.94,1.479,13.0,1.139,0,0,0,1.139,0.9051763320711632,0.3846153846153846,2.0441763320711632,1.6142343389282214,True,6,0.3846153846153846,1.2296189543128369,0.20670432814689102,0.7149949367571532,7.22983877815125,0.6626879730752367,2.5649493574615367,0.39136618372866283,0.1301506844650451,17940.0,2677.2,2041.0200000000002,1571.82,25.22,19.227,14.807,2.86926,2.20966,1.684581,0.14923076923076922,6.701030927835052,1.2985074626865671,0.7701149425287356,8.78972278566599,11.41352063213345,1.3116970926301554,1.7032484635645302,0.11376923076923078,0.7623711340206186,0.08761538461538462,0.5871134020618557,0.0010717391304347827,0.0008253623188405798,933.0628803245436,1211.589113257243,106.15384615384616,711.340206185567,0.5619583778373273,2.138719722456951,1.9199007737731961,0.7809007737731961,True,True,True,LOW_1,LOW_1_direct_exp_rank_3,exponential,log_gap,3,delta_peak_mm + tau_r_MPa + u_p_x_tau_p + u_p_div_u_r + tau_r_div_tau_p + tau_p_div_u_p,0.0345157102909197,0.016280177581934226,0.9657348118451355,True
246,283.3,0.34,0.306,13.0,0.104,0,0,0,0.104,0.238125551076079,0.3846153846153846,0.342125551076079,11.465962069935722,True,9,0.3846153846153846,11.081346685320337,2.405263215929928,-1.0725775008777494,5.646506406836471,-1.0788096613719298,2.5649493574615367,-1.1841701770297564,-2.2633643798407643,3682.9,96.32200000000002,86.6898,29.4632,4.42,3.9779999999999998,1.3519999999999999,0.10404000000000001,0.03536,0.031824,0.026153846153846156,38.23529411764706,2.9423076923076925,0.33986928104575165,42.48366013071895,125.0,1.1111111111111112,3.2692307692307696,0.02353846153846154,0.8999999999999999,0.008,0.30588235294117644,0.0010801270737733851,0.0003671020120014119,925.8169934640523,2724.038461538462,21.792307692307695,833.2352941176471,1.0985165588452006,3.384328208892517,0.5227339982816871,0.4187339982816871,True,True,True,LOW_1,LOW_1_direct_exp_rank_3,exponential,log_gap,3,delta_peak_mm + tau_r_MPa + u_p_x_tau_p + u_p_div_u_r + tau_r_div_tau_p + tau_p_div_u_p,0.03809992440771588,0.022903913784894477,0.49339801339416467,True
247,1375.0,0.55,1.422,13.0,0.768,0,0,0,0.768,0.854926430267495,0.3846153846153846,1.622926430267495,6.829794290098721,True,7,0.3846153846153846,6.445178905483337,1.8633323948085723,0.4842309580333821,7.226209010100671,-0.5978370007556204,2.5649493574615367,0.3520643313810491,-0.26396554583446485,17875.0,756.2500000000001,1955.25,1056.0,7.15,18.486,9.984,0.7821,0.42240000000000005,1.092096,0.04230769230769231,23.636363636363633,1.8515624999999998,0.5400843881856541,9.142053445850914,16.927083333333332,0.3867791842475387,0.7161458333333334,0.10938461538461539,2.585454545454545,0.059076923076923075,1.3963636363636363,0.0010341818181818182,0.0005585454545454546,966.9479606188468,1790.3645833333333,105.76923076923077,2500.0,1.5011923069281277,4.8716511907233695,1.7220365201124501,0.9540365201124501,True,True,True,LOW_1,LOW_1_direct_exp_rank_3,exponential,log_gap,3,delta_peak_mm + tau_r_MPa + u_p_x_tau_p + u_p_div_u_r + tau_r_div_tau_p + tau_p_div_u_p,0.02647174907926679,0.014133695447785,0.9814535403643934,True
248,2749.0,1.07,2.417,13.0,1.547,0,0,0,1.547,1.4889207977309928,0.3846153846153846,3.0359207977309928,3.0462519251595546,True,4,0.3846153846153846,2.66163654054417,0.9789411744166534,1.1105147714892043,7.918992488165245,0.06765864847381486,2.5649493574615367,0.8825271017213459,0.43631757159092904,35737.0,2941.4300000000003,6644.333,4252.7029999999995,13.91,31.421,20.111,2.5861899999999998,1.65529,3.7390989999999995,0.08230769230769232,12.149532710280374,1.5623787976729153,0.6400496483243691,5.378568473314026,8.403361344537815,0.4426975589573853,0.6916612798965741,0.1859230769230769,2.258878504672897,0.119,1.4457943925233643,0.0008792288104765368,0.0005627500909421608,1137.360364087712,1776.987718164189,211.46153846153845,2569.158878504673,1.0150590853107924,3.144141824652255,3.017457916102511,1.470457916102511,True,True,True,LOW_1,LOW_1_direct_exp_rank_3,exponential,log_gap,3,delta_peak_mm + tau_r_MPa + u_p_x_tau_p + u_p_div_u_r + tau_r_div_tau_p + tau_p_div_u_p,0.005071489012418768,0.0025444009886132113,0.9997300063764826,True
250,272.7,0.1,0.367,15.0,0.136,0,0,0,0.136,0.2402542971419538,0.3333333333333333,0.3762542971419538,56.09759499434641,True,32,0.3333333333333333,55.76426166101307,4.021133192172586,-0.9774900420089779,5.608372289851543,-2.3025850929940455,2.70805020110221,-1.0023934309275668,-1.995100393246085,4090.5,27.27,100.0809,37.0872,1.5,5.505,2.04,0.0367,0.013600000000000001,0.049912000000000005,0.006666666666666667,150.0,2.6985294117647056,0.3705722070844687,40.87193460490463,110.29411764705881,0.2724795640326976,0.7352941176470588,0.024466666666666668,3.67,0.009066666666666667,1.36,0.0013458012467913458,0.0004987165383204988,743.0517711171661,2005.1470588235293,18.18,2726.9999999999995,1.9577938469491016,7.417015460335336,0.7385038671692362,0.6025038671692362,True,True,True,LOW_1,LOW_1_direct_exp_rank_3,exponential,log_gap,3,delta_peak_mm + tau_r_MPa + u_p_x_tau_p + u_p_div_u_r + tau_r_div_tau_p + tau_p_div_u_p,0.09218627951501869,0.05307885980249008,-1.6406872923716112,True
251,1380.0,0.67,1.297,15.0,0.843,0,0,0,0.843,0.5998183417647385,0.3333333333333333,1.4428183417647384,6.0080454699914485,True,6,0.3333333333333333,5.6747121366581155,1.736019837262966,0.3665983825840874,7.22983877815125,-0.40047756659712525,2.70805020110221,0.2600539053343068,-0.17078832098028163,20700.0,924.6,1789.86,1163.34,10.05,19.455,12.645,0.86899,0.56481,1.0933709999999999,0.04466666666666667,22.388059701492537,1.538552787663108,0.6499614494988435,11.56515034695451,17.793594306049823,0.5165767154973016,0.7947805456702255,0.08646666666666666,1.935820895522388,0.0562,1.2582089552238804,0.000939855072463768,0.0006108695652173913,1063.993831919815,1637.0106761565837,92.0,2059.7014925373132,1.5504573467096008,5.046958784124307,1.4732275301556808,0.6302275301556808,True,True,True,LOW_1,LOW_1_direct_exp_rank_3,exponential,log_gap,3,delta_peak_mm + tau_r_MPa + u_p_x_tau_p + u_p_div_u_r + tau_r_div_tau_p + tau_p_div_u_p,0.010656666161490034,0.004846309762260027,0.9950411761055112,True
252,2760.0,0.78,3.232,15.0,2.23,0,0,0,2.23,1.3862854300913423,0.3333333333333333,3.6162854300913425,5.115435733153055,True,6,0.3333333333333333,4.782102399819722,1.5648802824036285,1.2854473747275734,7.9229859587111955,-0.2484613592984996,2.70805020110221,1.173101140658849,0.8020015854720274,41400.0,2152.8,8920.32,6154.8,11.700000000000001,48.480000000000004,33.45,2.52096,1.7394,7.20736,0.052000000000000005,19.23076923076923,1.4493273542600897,0.6899752475247525,4.641089108910891,6.726457399103139,0.24133663366336633,0.34977578475336324,0.21546666666666667,4.143589743589744,0.14866666666666667,2.858974358974359,0.0011710144927536232,0.0008079710144927537,853.9603960396039,1237.6681614349775,184.0,3538.4615384615386,1.4216791427115965,4.47740642483221,3.6745342290719325,1.4445342290719325,True,True,True,LOW_1,LOW_1_direct_exp_rank_3,exponential,log_gap,3,delta_peak_mm + tau_r_MPa + u_p_x_tau_p + u_p_div_u_r + tau_r_div_tau_p + tau_p_div_u_p,0.021423537800530724,0.009403258380767148,0.9964922593391943,True
254,275.6,0.42,0.464,15.0,0.223,0,0,0,0.223,0.286841251907236,0.3333333333333333,0.509841251907236,9.785018691865965,True,8,0.3333333333333333,9.45168535853263,2.2461930704223727,-0.6736558724886926,5.618950539139504,-0.8675005677047231,2.70805020110221,-0.7678707267558817,-1.5005835075220182,4134.0,115.75200000000001,127.87840000000001,61.458800000000004,6.3,6.96,3.345,0.19488,0.09366,0.10347200000000001,0.028,35.714285714285715,2.080717488789238,0.48060344827586204,32.32758620689655,67.26457399103138,0.9051724137931033,1.8834080717488788,0.030933333333333334,1.1047619047619048,0.014866666666666667,0.530952380952381,0.001683599419448476,0.0008091436865021771,593.9655172413793,1235.8744394618834,18.373333333333335,656.1904761904763,1.4101935637529364,4.430081642640762,0.6092413032510998,0.38624130325109984,True,True,True,LOW_1,LOW_1_direct_exp_rank_3,exponential,log_gap,3,delta_peak_mm + tau_r_MPa + u_p_x_tau_p + u_p_div_u_r + tau_r_div_tau_p + tau_p_div_u_p,0.023423445105505758,0.013608795302445773,0.8783704927180935,True
255,1378.0,1.34,1.532,15.0,0.812,0,0,0,0.812,1.3202731944591186,0.3333333333333333,2.1322731944591187,2.118955632610797,True,5,0.3333333333333333,1.7856222992774635,0.5797669815215122,0.7571886380845766,7.228388451573604,0.29266961396282004,2.70805020110221,0.4265740713183996,-0.20825493882045903,20670.0,1846.5200000000002,2111.096,1118.9360000000001,20.1,22.98,12.180000000000001,2.05288,1.0880800000000002,1.2439840000000002,0.08933333333333333,11.194029850746269,1.8866995073891624,0.5300261096605744,9.791122715404699,18.472906403940886,0.8746736292428199,1.6502463054187193,0.10213333333333334,1.1432835820895522,0.05413333333333334,0.6059701492537314,0.0011117561683599419,0.0005892597968069666,899.4778067885118,1697.0443349753693,91.86666666666666,1028.3582089552237,0.6754026099687507,2.2981572077593793,2.08745751658019,1.2754575165801898,True,True,True,LOW_1,LOW_1_direct_exp_rank_3,exponential,log_gap,3,delta_peak_mm + tau_r_MPa + u_p_x_tau_p + u_p_div_u_r + tau_r_div_tau_p + tau_p_div_u_p,0.009452991082937515,0.005289392765845588,0.9983758344836199,True
256,2756.0,1.56,2.845,15.0,1.821,0,0,0,1.821,2.049502462074934,0.3333333333333333,3.870502462074933,1.917214666999875,True,5,0.3333333333333333,1.5838813336665418,0.45987837497136236,1.3533843337753169,7.9215356321335495,0.44468582126144574,2.70805020110221,1.0455630675782943,0.5993858007454709,41340.0,4299.360000000001,7840.820000000001,5018.6759999999995,23.400000000000002,42.675000000000004,27.314999999999998,4.4382,2.84076,5.180745,0.10400000000000001,9.615384615384615,1.5623283909939596,0.6400702987697715,5.272407732864674,8.237232289950576,0.5483304042179261,0.85667215815486,0.18966666666666668,1.8237179487179487,0.1214,1.1673076923076922,0.0010322931785195937,0.0006607402031930334,968.7170474516695,1513.454146073586,183.73333333333332,1766.6666666666665,0.6456400066740364,2.2405405974621915,3.7339589613027915,1.9129589613027915,True,True,True,LOW_1,LOW_1_direct_exp_rank_3,exponential,log_gap,3,delta_peak_mm + tau_r_MPa + u_p_x_tau_p + u_p_div_u_r + tau_r_div_tau_p + tau_p_div_u_p,0.03312586566858963,0.017123028706694327,0.9923889914430021,True
284,1.73,0.27,2.655,1.6652089623887931,1.3036485066778338,0,1,1,1.3036485066778338,4.61028992899217,3.002626164602998,5.913938435670004,7.913618795998358,True,7,3.002626164602998,4.91099263139536,1.5914760866274256,1.7773120114454295,0.5481214085096876,-1.3093333199837622,0.5099506184937846,0.9764446546939021,0.2651668770756194,2.880811504932612,0.4671,4.59315,2.2553119165526523,0.4496064198449742,4.421129795142245,2.170847177124695,0.71685,0.35198509680301515,3.4611867852296485,0.16214181288856191,6.167440601439974,2.0365919083249646,0.49101638669598263,0.6271973492989805,1.2773450465051701,0.10169491525423731,0.2071110415245727,1.5943944934041918,9.833333333333332,0.782873823119298,4.828327802510495,1.5346820809248554,0.7535540501027941,0.6516007532956686,1.32704482162041,1.0389086529526372,6.4074074074074066,2.190202709090913,11.939650711820057,4.770718416317273,3.467069909639439,True,True,True,LOW_1,LOW_1_direct_exp_rank_3,exponential,log_gap,3,delta_peak_mm + tau_r_MPa + u_p_x_tau_p + u_p_div_u_r + tau_r_div_tau_p + tau_p_div_u_p,0.11867121928061752,0.07593399287220186,0.9398925366119052,True
285,0.87,0.5,2.417,3.083720300719987,0.6555920235894309,0,1,1,0.6555920235894309,7.127781251237852,1.621418128885619,7.783373274827283,3.420782268328867,True,4,1.621418128885619,1.799364139443248,0.5874333466277056,2.0519898271030876,-0.13926206733350766,-0.6931471805599453,1.1261367579176016,0.8825271017213459,-0.4222165987675758,2.682836661626389,0.435,2.1027899999999997,0.5703650605228049,1.5418601503599936,7.453351966840208,2.0216624321328247,1.2085,0.32779601179471546,1.5845659210156544,0.16214181288856191,6.167440601439974,3.6867440619040583,0.2712420453410968,1.2758462146131515,4.703718455627808,0.2068680182043856,0.7626694377128793,0.7837935235033082,4.834,0.21259775844014234,1.3111840471788618,2.7781609195402295,0.7535540501027942,0.359950351675631,1.32704482162041,0.2821267544260977,1.74,0.8696026054872956,4.007380625582771,6.62837286696477,5.972780843375339,True,True,True,LOW_1,LOW_1_direct_exp_rank_3,exponential,log_gap,3,delta_peak_mm + tau_r_MPa + u_p_x_tau_p + u_p_div_u_r + tau_r_div_tau_p + tau_p_div_u_p,0.054870877837598565,0.042123470497756624,0.9916068717387827,True
287,2.6,0.29,3.214,1.7885577744175924,1.959240530267265,0,1,1,1.959240530267265,3.9894927128527247,2.7955484980786536,5.94873324311999,8.412171305906568,True,7,2.7955484980786536,5.616622807827914,1.7257305594044463,1.7831782965750809,0.9555114450274363,-1.2378743560016174,0.5814095824759294,1.1675162673153208,0.6725569135933683,4.650250213485741,0.754,8.3564,5.094025378694889,0.5186817545811018,5.748424686978142,3.5042148823635633,0.9320599999999999,0.5681797537775068,6.29699906427899,0.1621418128885619,6.167440601439974,1.6404315602646142,0.6095956845884459,0.5564896622332273,0.9128832048883813,0.09023024268823895,0.14801653779612262,1.7969785745649585,11.082758620689656,1.0954303843526956,6.756001828507811,1.2361538461538462,0.7535540501027942,0.8089607965152459,1.3270448216204098,1.4536852190009,8.965517241379311,2.398019660367809,13.796916846443477,4.987070614345116,3.027830084077851,True,True,True,LOW_1,LOW_1_direct_exp_rank_3,exponential,log_gap,3,delta_peak_mm + tau_r_MPa + u_p_x_tau_p + u_p_div_u_r + tau_r_div_tau_p + tau_p_div_u_p,0.15704161805324934,0.08672742515936303,0.8990727736113346,True
288,2.6,0.44,3.179,2.7136738646335887,1.959240530267265,0,1,1,1.959240530267265,3.8637545585443656,1.8425206010063853,5.822995088811631,5.589277438658442,True,6,1.8425206010063853,3.7467568376520566,1.320890622496813,1.7618147494425769,0.9555114450274363,-0.8209805520698302,0.9983033864077167,1.1565666819286655,0.6725569135933683,7.055552048047331,1.1440000000000001,8.2654,5.094025378694889,1.194016500438779,8.626769215670178,5.316739821517131,1.39876,0.8620658333175967,6.228425645719636,0.16214181288856191,6.167440601439974,1.6225674953581857,0.6163071815876896,0.8536249967390969,1.3850641729340958,0.1384083044982699,0.2245768159665309,1.1714745981198598,7.225,0.721988207868822,4.452819386971057,1.2226923076923075,0.7535540501027942,0.8178672538534131,1.3270448216204098,0.9581107125233204,5.909090909090909,1.579243357629479,6.693804336369318,5.334094847648791,3.3748543173815255,True,True,True,LOW_1,LOW_1_direct_exp_rank_3,exponential,log_gap,3,delta_peak_mm + tau_r_MPa + u_p_x_tau_p + u_p_div_u_r + tau_r_div_tau_p + tau_p_div_u_p,0.05622877429204957,0.03510206776554193,0.9865315642934613,True
292,0.87,0.27,1.816,1.6652089623887931,0.6555920235894309,0,1,1,0.6555920235894309,4.340373544875488,3.002626164602998,4.99596556846492,6.93036783035678,True,6,3.002626164602998,3.927741665753782,1.368064620955159,1.60863070041911,-0.13926206733350766,-1.3093333199837622,0.5099506184937846,0.5966362801791015,-0.4222165987675758,1.44873179727825,0.23490000000000003,1.57992,0.5703650605228049,0.4496064198449742,3.0240194756980485,1.0916977133517254,0.49032000000000003,0.17700984636914635,1.1905551148384066,0.16214181288856191,6.167440601439974,2.770015397773178,0.36100882356246194,0.9169652876590271,2.540007966039016,0.14867841409691632,0.4118414963649549,1.090553822983809,6.725925925925925,0.39369955266693024,2.428118605886781,2.0873563218390805,0.7535540501027942,0.4790748898678414,1.32704482162041,0.5224569526409216,3.222222222222222,1.540366945854171,7.6689284017327,4.559333066952763,3.903741043363332,True,True,True,LOW_1,LOW_1_direct_exp_rank_3,exponential,log_gap,3,delta_peak_mm + tau_r_MPa + u_p_x_tau_p + u_p_div_u_r + tau_r_div_tau_p + tau_p_div_u_p,0.024004834518146015,0.018025530157284367,0.9963789230443929,True
295,0.03,1.2,0.0307,7.400928721727968,0.0217962758401608,0,1,1,0.0217962758401608,0.0268208917452208,0.6755908870356747,0.0486171675853816,2.3157906832156443,True,4,0.6755908870356747,1.6401997961799695,0.49481806135481393,-3.0237785679535674,-3.506557897319982,0.1823215567939546,2.0016054952715012,-3.4834926243889854,-3.826016156800863,0.22202786165183902,0.036,0.000921,0.0006538882752048239,8.88111446607356,0.22720851175704862,0.16131268389215145,0.03684,0.02615553100819296,0.0006691456682929365,0.16214181288856194,6.167440601439973,1.4084974986155028,0.7099764117316221,241.0725967989566,339.55014957607403,39.08794788273615,55.05527681884701,0.0041481280463990435,0.025583333333333336,0.002945073065785696,0.018163563200134,1.0233333333333334,0.72654252800536,0.9771986970684038,1.3763819204711751,0.004053545322214048,0.025,0.8765740026601591,3.0782449902446047,0.04430432998155179,0.02250805414139099,True,True,True,LOW_1,LOW_1_direct_exp_rank_3,exponential,log_gap,3,delta_peak_mm + tau_r_MPa + u_p_x_tau_p + u_p_div_u_r + tau_r_div_tau_p + tau_p_div_u_p,0.000794335967412152,0.0004247935765235315,0.9638598046157371,True
296,0.07,2.0,0.131,12.334881202879949,0.0508579769603752,0,1,1,0.0508579769603752,0.2935284290129898,0.4053545322214048,0.344386405973365,0.9614433155844516,True,7,0.4053545322214048,0.5560887833630468,-0.5868273151717792,-1.0659909788296391,-2.659260036932778,0.6931471805599453,2.512431119037492,-2.0325579557809856,-2.978718296413659,0.8634416842015965,0.14,0.009170000000000001,0.0035600583872262646,24.669762405759897,1.6158694375772733,0.6273271040250336,0.262,0.1017159539207504,0.006662394981809152,0.16214181288856191,6.167440601439974,2.5758004511674852,0.3882288317585893,94.15939849526679,242.53582112576717,15.267175572519083,39.32519772774786,0.010620288744200805,0.0655,0.004123102292099974,0.0254289884801876,1.8714285714285712,0.72654252800536,0.5343511450381679,1.3763819204711754,0.005674963451099667,0.035,-0.4013256363513421,1.074786566357456,0.3132554706376452,0.26239749367727,True,True,True,LOW_1,LOW_1_direct_exp_rank_3,exponential,log_gap,3,delta_peak_mm + tau_r_MPa + u_p_x_tau_p + u_p_div_u_r + tau_r_div_tau_p + tau_p_div_u_p,0.0018400710638622386,0.0013638904766380695,0.9955876736422246,True
297,0.02,1.8,0.046,11.101393082591954,0.0145308505601072,0,1,1,0.0145308505601072,0.1222071066849876,0.4503939246904497,0.1367379572450948,0.9937795159488002,True,7,0.4503939246904497,0.5433855912583505,-0.6099360982443676,-1.9896889055791547,-3.912023005428146,0.5877866649021191,2.407070603379666,-3.079113882493042,-4.231481264909028,0.2220278616518391,0.036000000000000004,0.00092,0.000290617011202144,19.98250754866552,0.5106640817992298,0.1613126838921515,0.0828,0.02615553100819296,0.0006684191257649312,0.1621418128885619,6.167440601439974,3.165678417083703,0.31588805565450434,241.33463223025987,763.9878365461667,39.130434782608695,123.87437284240578,0.004143624107152137,0.025555555555555554,0.0013089213625714202,0.00807269475561511,2.3,0.72654252800536,0.4347826086956522,1.3763819204711754,0.0018015756987617988,0.011111111111111112,-0.498915826772261,1.0575825253026538,0.1283462459276368,0.1138153953675296,True,True,True,LOW_1,LOW_1_direct_exp_rank_3,exponential,log_gap,3,delta_peak_mm + tau_r_MPa + u_p_x_tau_p + u_p_div_u_r + tau_r_div_tau_p + tau_p_div_u_p,0.0003992738901253048,0.00030663529854992364,0.9986196169469135,True
302,0.0245,0.75,0.055,4.625580451079981,0.0153092991217785,0,1,1,0.0153092991217785,0.1595143577214117,1.080945419257079,0.1748236568431902,2.2969478423570417,True,5,1.080945419257079,1.2160024230999626,0.19556877622288021,-1.7439774882863548,-3.7090821614314557,-0.2876820724517809,1.531601866025766,-2.900422093749666,-4.1792948494735365,0.11332672105145954,0.018375000000000002,0.0013475,0.0003750778284835733,3.4691853383099858,0.2544069248093989,0.07081439473743455,0.04125,0.011481974341333875,0.0008420114516978175,0.16214181288856191,6.167440601439974,3.5925877182554244,0.27835089312324546,84.10146274690874,302.14188215186044,13.636363636363637,48.98983252166488,0.011890399611827873,0.07333333333333333,0.0033097033515445797,0.020412398829038,2.2448979591836733,0.6248693519093266,0.4454545454545455,1.6003345290410529,0.005296632554359689,0.03266666666666667,-0.028498259741710164,2.0528494047657118,0.20208434741301767,0.18677504829123917,True,True,True,LOW_1,LOW_1_direct_exp_rank_3,exponential,log_gap,3,delta_peak_mm + tau_r_MPa + u_p_x_tau_p + u_p_div_u_r + tau_r_div_tau_p + tau_p_div_u_p,0.00095720001695035,0.0007605317452469157,0.9949753972764322,True
303,0.0245,0.91,0.041,5.612370947310377,0.0153092991217785,0,1,1,0.0153092991217785,0.0951653865132687,0.8908890818052851,0.1104746856350472,2.0818876302589207,True,5,0.8908890818052851,1.1909985484536354,0.17479207160972968,-2.202968873544877,-3.7090821614314557,-0.09431067947124129,1.7249732590063056,-3.1941832122778293,-4.1792948494735365,0.13750308820910426,0.022295000000000002,0.0010045000000000002,0.0003750778284835733,5.107257562052443,0.23010720883972546,0.08592146561475393,0.03731,0.013931462200818437,0.0006276812639929185,0.1621418128885619,6.167440601439974,2.6781108445176804,0.37339753955557314,136.88709627586286,366.59881701092405,22.195121951219512,59.44099679295339,0.007305290470803338,0.045054945054945054,0.0027277774875367413,0.01682340562832802,1.6734693877551021,0.6248693519093266,0.5975609756097561,1.6003345290410529,0.004365356500845897,0.026923076923076925,0.1345758126128549,2.0349404710450747,0.11299627610175667,0.09768697697997816,True,True,True,LOW_1,LOW_1_direct_exp_rank_3,exponential,log_gap,3,delta_peak_mm + tau_r_MPa + u_p_x_tau_p + u_p_div_u_r + tau_r_div_tau_p + tau_p_div_u_p,0.00012431255055518777,9.499744062534689e-05,0.9998027962097371,True
304,0.0245,1.87,0.046,11.533113924692753,0.0153092991217785,0,1,1,0.0153092991217785,0.1174680513670647,0.4335342590603259,0.1327773504888432,0.9728764088168116,True,7,0.4335342590603259,0.5393421497564856,-0.6174051232745306,-2.0190816100335813,-3.7090821614314557,0.6259384308664954,2.4452223693440422,-3.079113882493042,-4.1792948494735365,0.28256129115497247,0.045815,0.001127,0.0003750778284835733,21.56692303917545,0.5305232405358666,0.17656389087867017,0.08602,0.028628389357725798,0.000704227759601811,0.1621418128885619,6.167440601439974,3.0047097279954462,0.33281085047344566,250.71986792810333,753.3404261653055,40.652173913043484,122.14798242068444,0.0039885151833549985,0.02459893048128342,0.001327421130298628,0.008186790974213102,1.8775510204081631,0.6248693519093266,0.532608695652174,1.6003345290410529,0.002124317869395597,0.013101604278074866,-0.491391212772862,1.0453089521662402,0.12377491679461083,0.10846561767283233,True,True,True,LOW_1,LOW_1_direct_exp_rank_3,exponential,log_gap,3,delta_peak_mm + tau_r_MPa + u_p_x_tau_p + u_p_div_u_r + tau_r_div_tau_p + tau_p_div_u_p,0.0004498935124122685,0.00034306384695059034,0.998165406023949,True
305,0.0245,2.17,0.042,13.383346105124744,0.0153092991217785,0,1,1,0.0153092991217785,0.0995579974430193,0.373598647208668,0.1148672965647978,0.8653228395367738,True,7,0.373598647208668,0.4917241923281058,-0.7098373043751501,-2.1639777598384486,-3.7090821614314557,0.7747271675523681,2.594011106029915,-3.170085660698769,-4.1792948494735365,0.3278919795755562,0.053165,0.0010290000000000002,0.0003750778284835733,29.041861048120694,0.5621005364152393,0.20488964877364396,0.09114,0.03322117909425935,0.0006429905631146971,0.1621418128885619,6.167440601439974,2.7434306212132333,0.36450712194710716,318.6510977410653,874.1971790260496,51.666666666666664,141.74391542935038,0.003138228636552811,0.01935483870967742,0.0011439066883218592,0.0070549765538149775,1.7142857142857144,0.6248693519093266,0.5833333333333334,1.6003345290410529,0.0018306333713224731,0.011290322580645162,-0.5685545763980383,0.9399421007713864,0.10651623146114066,0.09120693233936215,True,True,True,LOW_1,LOW_1_direct_exp_rank_3,exponential,log_gap,3,delta_peak_mm + tau_r_MPa + u_p_x_tau_p + u_p_div_u_r + tau_r_div_tau_p + tau_p_div_u_p,0.00045372546325513503,0.0003414270004768595,0.997557818876912,True
311,0.98,1.45,1.14,8.942788872087963,0.7935883525311068,0,1,1,0.7935883525311068,1.051107361858608,0.5591096996157306,1.844695714389715,1.879665749713435,True,5,0.5591096996157306,1.3205560500977045,0.27805289797139493,0.6123143394409388,-0.020202707317519466,0.371563556432483,2.19084749491003,0.131028262406404,-0.231190399869296,8.763933094646204,1.421,1.1172,0.7777165854804847,12.967043864527545,10.194779314180277,7.096893088033801,1.6529999999999998,1.150703111170105,0.9046907218854617,0.1621418128885619,6.167440601439974,1.4365130188264885,0.6961301337992166,7.844551642182425,11.268800560851762,1.2719298245614037,1.8271437520161478,0.12747701151238658,0.786206896551724,0.08874058908044194,0.5473023120904185,1.163265306122449,0.809784033195007,0.8596491228070176,1.2348971565350517,0.10958550112468321,0.6758620689655173,0.6186433548669517,2.415517545673622,1.687163472278349,0.8935751197472422,True,True,True,LOW_1,LOW_1_direct_exp_rank_3,exponential,log_gap,3,delta_peak_mm + tau_r_MPa + u_p_x_tau_p + u_p_div_u_r + tau_r_div_tau_p + tau_p_div_u_p,0.026234350978849227,0.014513538260939169,0.9722363634536287,True
316,0.91,1.1,1.23,6.784184661583972,0.5909609098097346,0,1,1,0.5909609098097346,2.195000047586552,0.7370082404025541,2.7859609573962865,1.920963652491806,True,5,0.7370082404025541,1.1839554120892517,0.1688608770443047,1.0245928614030968,-0.09431067947124129,0.09531017980432493,1.9145941182818718,0.20701416938432612,-0.5260054062174652,6.173608042041415,1.0010000000000001,1.1193,0.5377744279268585,7.46260312774237,8.344547133748286,4.00918793992691,1.353,0.650057000790708,0.7268819190659735,0.16214181288856191,6.167440601439974,2.0813559401010298,0.4804560242355566,5.515597285840628,11.479921174089508,0.894308943089431,1.861375230984661,0.1813040271390283,1.1181818181818182,0.08710861205711298,0.5372371907361223,1.3516483516483515,0.6494075931975105,0.7398373983739838,1.5398649638145832,0.13413549975326483,0.8272727272727273,0.37879526701979127,2.1975322281058634,2.537418969049019,1.9464580592392844,True,True,True,LOW_1,LOW_1_direct_exp_rank_3,exponential,log_gap,3,delta_peak_mm + tau_r_MPa + u_p_x_tau_p + u_p_div_u_r + tau_r_div_tau_p + tau_p_div_u_p,0.01868682311464077,0.013150797061869057,0.9932669135570484,True
317,1.19,0.75,0.94,4.625580451079981,0.7727950359050375,0,1,1,0.7727950359050375,0.4751593936736535,1.080945419257079,1.247954429578691,4.459377299507828,True,5,1.080945419257079,3.378431880250749,1.2174116610869015,0.2215057545198916,0.17395330712343798,-0.2876820724517809,1.531601866025766,-0.06187540371808753,-0.2577414196227859,5.504440736785177,0.8925,1.1185999999999998,0.9196260927269946,3.4691853383099858,4.348045624015182,3.5746256107739933,0.705,0.5795962769287781,0.7264273337507352,0.16214181288856191,6.167440601439974,1.2163639209963932,0.8221223786223804,4.920830267106362,5.9855203982552245,0.797872340425532,0.9705031284545692,0.2032177388203309,1.2533333333333332,0.16706985081723208,1.0303933812067168,0.7899159663865546,0.6494075931975105,1.2659574468085106,1.539864963814583,0.2572650097831849,1.5866666666666667,1.3201272926847465,4.824843337004606,1.222687951905067,0.44989291600002956,True,True,True,LOW_1,LOW_1_direct_exp_rank_3,exponential,log_gap,3,delta_peak_mm + tau_r_MPa + u_p_x_tau_p + u_p_div_u_r + tau_r_div_tau_p + tau_p_div_u_p,0.006118918565737885,0.003003518729035468,0.9973177042186808,True
321,0.5,1.5,2.94,9.25116090215996,0.5553062574145964,0,1,1,0.5553062574145964,10.568278952724356,0.5404727096285398,11.123585210138952,1.04691166819964,True,7,0.5404727096285398,0.5064389585711002,-0.6803514787039306,2.4090676478429027,-0.6931471805599453,0.4054651081081644,2.224749046585711,1.0784095813505903,-0.5882355022682677,4.62558045107998,0.75,1.47,0.2776531287072982,13.87674135323994,27.198413052350283,5.137227537318688,4.41,0.8329593861218946,1.6326003967989133,0.16214181288856194,6.167440601439973,5.2943757804713,0.18887967939271985,3.146653368081619,16.659565381509765,0.5102040816326531,2.70121213289352,0.3177979532615814,1.96,0.060025575523710066,0.3702041716097309,5.88,1.1106125148291928,0.17006802721088435,0.90040404429784,0.05404727096285398,0.3333333333333333,-0.010128527789426522,1.5303953026383146,7.6533935498253935,7.098087292410797,True,True,True,LOW_1,LOW_1_direct_exp_rank_3,exponential,log_gap,3,delta_peak_mm + tau_r_MPa + u_p_x_tau_p + u_p_div_u_r + tau_r_div_tau_p + tau_p_div_u_p,0.16648915793164587,0.1271786397634661,0.9575140144302875,True
322,1.0,1.7,1.47,10.484649022447956,1.1106125148291928,0,1,1,1.1106125148291928,1.0572811334663703,0.4768876849663586,2.1678936482955633,1.7502458150213789,True,5,0.4768876849663586,1.2733581300550203,0.24165760762596006,0.7737560271599299,0.0,0.5306282510621704,2.349912189539717,0.3852624007906449,0.10491167829167757,10.484649022447956,1.7,1.47,1.1106125148291928,17.823903338161525,15.412434062998495,11.644382417922362,2.499,1.8880412752096276,1.6326003967989133,0.16214181288856191,6.167440601439974,1.323593945117825,0.7555187175708794,7.132414300985004,9.440420382855534,1.1564625850340136,1.530686875306328,0.14020497938010942,0.8647058823529412,0.10592748621831187,0.6533014793112899,1.47,1.1106125148291928,0.6802721088435374,0.90040404429784,0.09537753699327171,0.5882352941176471,0.5833492168108286,2.268917974068832,2.0148141785635523,0.9042016637343595,True,True,True,LOW_1,LOW_1_direct_exp_rank_3,exponential,log_gap,3,delta_peak_mm + tau_r_MPa + u_p_x_tau_p + u_p_div_u_r + tau_r_div_tau_p + tau_p_div_u_p,0.03348738419779888,0.016940455843467442,0.9695737293727505,True
327,0.138,0.1,0.08,0.6167440601439975,0.0796743371481683,0,1,1,0.0796743371481683,0.0008090983306987,8.107090644428094,0.080483435478867,77.68977402204777,True,49,8.107090644428094,69.58268337761967,4.2425157343383155,-2.51970388618012,-1.9805015938249322,-2.3025850929940455,-0.4833011545164987,-2.5257286443082556,-2.529807738158988,0.08511068029987166,0.013800000000000002,0.011040000000000001,0.010995058526447226,0.06167440601439975,0.049339524811519805,0.04913867418204304,0.008,0.00796743371481683,0.006373946971853464,0.1621418128885619,6.167440601439975,1.0040874246776108,0.9959292143521037,7.709300751799969,7.740811937939999,1.25,1.2551092808470135,0.1297134503108495,0.7999999999999999,0.12918541465898498,0.796743371481683,0.5797101449275361,0.5773502691896253,1.725,1.7320508075688787,0.2237557017862154,1.3800000000000001,2.3671194739610146,18.773713149366422,0.12260054454730049,0.042926207399132194,True,True,True,LOW_1,LOW_1_direct_exp_rank_3,exponential,log_gap,3,delta_peak_mm + tau_r_MPa + u_p_x_tau_p + u_p_div_u_r + tau_r_div_tau_p + tau_p_div_u_p,0.00730937902220304,0.0037104048640599374,0.3858259404950164,True
329,0.035,1.2,0.024,7.400928721727968,0.0202072594216368,0,1,1,0.0202072594216368,0.010665146237602,0.6755908870356747,0.0308724056592388,2.9023919692701785,True,4,0.6755908870356747,2.2268010822345037,0.8005660633314552,-3.4778925147956135,-3.3524072174927233,0.1823215567939546,2.0016054952715012,-3.7297014486341915,-3.901713361826783,0.2590325052604789,0.042,0.0008400000000000001,0.0007072540797572881,8.88111446607356,0.17762228932147123,0.14955248664099988,0.0288,0.02424871130596416,0.00048497422611928323,0.16214181288856194,6.167440601439973,1.1876919823329504,0.8419691425682,308.37203007199867,366.25098769224826,50.0,59.38459911664752,0.0032428362577712386,0.02,0.0027303680634447203,0.016839382851364,0.6857142857142856,0.5773502691896228,1.4583333333333335,1.732050807568886,0.0047291362092497236,0.02916666666666667,1.2308872705205038,4.099857326514878,0.029218877655920263,0.009011618234283463,True,True,True,LOW_1,LOW_1_direct_exp_rank_3,exponential,log_gap,3,delta_peak_mm + tau_r_MPa + u_p_x_tau_p + u_p_div_u_r + tau_r_div_tau_p + tau_p_div_u_p,0.0006848398792267784,0.0002848254778123935,0.9478254587352573,True
330,0.035,1.1,0.025,6.784184661583972,0.0202072594216368,0,1,1,0.0202072594216368,0.0137190748784508,0.7370082404025541,0.0339263343000876,2.9611290302817843,True,4,0.7370082404025541,2.22412078987923,0.7993616869095496,-3.3835637431551264,-3.3524072174927233,0.09531017980432493,1.9145941182818718,-3.6888794541139363,-3.901713361826783,0.23744646315543905,0.038500000000000006,0.0008750000000000001,0.0007072540797572881,7.46260312774237,0.16960461653959932,0.1370897794209166,0.027500000000000004,0.02222798536380048,0.00050518148554092,0.16214181288856191,6.167440601439974,1.2371791482634902,0.808290376865472,271.36738646335886,335.7300720512277,44.0,54.43588252359356,0.0036850412020127702,0.022727272727272728,0.002978583341939694,0.018370235837851634,0.7142857142857143,0.5773502691896228,1.4000000000000001,1.732050807568886,0.0051590576828178785,0.03181818181818182,1.1945971956329315,4.0392355913747915,0.03183049914619618,0.011623239724559378,True,True,True,LOW_1,LOW_1_direct_exp_rank_3,exponential,log_gap,3,delta_peak_mm + tau_r_MPa + u_p_x_tau_p + u_p_div_u_r + tau_r_div_tau_p + tau_p_div_u_p,0.000657364504381477,0.0002966437666116696,0.9567269493769586,True
331,0.069,1.25,0.047,7.709300751799968,0.0398371685740841,0,1,1,0.0398371685740841,0.0200809505252075,0.6485672515542477,0.0599181190992916,2.820311710406355,True,3,0.6485672515542477,2.1717444588521073,0.7755307426878978,-2.814776330464594,-2.6736487743848776,0.22314355131420976,2.0424274897917565,-3.0576076772720784,-3.2229549187189344,0.5319417518741978,0.08625000000000001,0.0032430000000000002,0.002748764631611803,9.63662593974996,0.3623371353345985,0.3071167136377686,0.05875,0.04979646071760512,0.0018723469229819526,0.16214181288856191,6.167440601439974,1.1798027239961941,0.8475993313634914,164.02767557021207,193.5202984485002,26.595744680851062,31.377732021175376,0.006096532164609927,0.0376,0.0051674165863593935,0.03186973485926728,0.681159420289855,0.5773502691896246,1.4680851063829787,1.732050807568881,0.008950228071448617,0.055200000000000006,1.2149818290008283,4.018800074821611,0.05679076214775839,0.01695359357367429,True,True,True,LOW_1,LOW_1_direct_exp_rank_3,exponential,log_gap,3,delta_peak_mm + tau_r_MPa + u_p_x_tau_p + u_p_div_u_r + tau_r_div_tau_p + tau_p_div_u_p,0.0013688190795541001,0.000560550274892378,0.9455078977867041,True
332,0.069,1.2,0.05,7.400928721727968,0.0398371685740841,0,1,1,0.0398371685740841,0.0292663957131568,0.6755908870356747,0.0691035642872409,2.6576864448773354,True,3,0.6755908870356747,1.9820955578416606,0.6841546475819523,-2.6721489679578867,-2.6736487743848776,0.1823215567939546,2.0016054952715012,-2.995732273553991,-3.2229549187189344,0.5106640817992298,0.0828,0.0034500000000000004,0.002748764631611803,8.88111446607356,0.3700464360863984,0.2948320450922578,0.06,0.04780460228890092,0.001991858428704205,0.16214181288856194,6.167440601439973,1.255109280847015,0.796743371481682,148.01857443455935,185.77948651056016,23.999999999999996,30.12262274032836,0.006755908870356748,0.04166666666666667,0.005382725610791036,0.033197640478403415,0.7246376811594203,0.5773502691896246,1.3800000000000001,1.732050807568881,0.009323154241092313,0.05750000000000001,1.1060166358122476,3.69788636834859,0.06441199530609269,0.024574826732008594,True,True,True,LOW_1,LOW_1_direct_exp_rank_3,exponential,log_gap,3,delta_peak_mm + tau_r_MPa + u_p_x_tau_p + u_p_div_u_r + tau_r_div_tau_p + tau_p_div_u_p,0.0014119821393892525,0.0006448852694645385,0.9506498052298676,True
333,0.138,1.6,0.093,9.86790496230396,0.0796743371481683,0,1,1,0.0796743371481683,0.0371742575975103,0.5066931652767559,0.1168485947456786,2.2486028629786348,True,5,0.5066931652767559,1.7419096977018789,0.5549820387984165,-2.146876244208407,-1.9805015938249322,0.47000362924573563,2.2892875677232825,-2.375155785828881,-2.529807738158988,1.3617708847979466,0.22080000000000002,0.012834000000000002,0.010995058526447226,15.788647939686337,0.9177151614942683,0.7862187869126886,0.14880000000000002,0.12747893943706928,0.007409713354779651,0.1621418128885619,6.167440601439975,1.1672516311877226,0.8567133026684763,106.10650497101032,123.85299100703999,17.20430107526882,20.081748493552215,0.009424492874147658,0.058124999999999996,0.008074088416186561,0.049796460717605184,0.6739130434782608,0.5773502691896253,1.4838709677419357,1.7320508075688787,0.013984731361638462,0.08625000000000001,1.0428785607365434,3.3440659855006087,0.11083366204110194,0.031159324892933646,True,True,True,LOW_1,LOW_1_direct_exp_rank_3,exponential,log_gap,3,delta_peak_mm + tau_r_MPa + u_p_x_tau_p + u_p_div_u_r + tau_r_div_tau_p + tau_p_div_u_p,0.0030118524186381604,0.0011883966406376748,0.9323838320352043,True
334,0.138,2.5,0.1,15.418601503599936,0.0796743371481683,0,1,1,0.0796743371481683,0.0585327914263222,0.3242836257771238,0.1382071285744905,1.275689493540873,True,6,0.3242836257771238,0.9514058677637491,-0.04981452749850873,-1.9790017873978782,-1.9805015938249322,0.9162907318741551,2.735574670351702,-2.3025850929940455,-2.529807738158988,2.127767007496791,0.34500000000000003,0.013800000000000002,0.010995058526447226,38.54650375899984,1.5418601503599936,1.228466854551076,0.25,0.19918584287042074,0.00796743371481683,0.16214181288856191,6.167440601439974,1.2551092808470135,0.796743371481683,154.18601503599936,193.52029844849997,25.0,31.377732021175337,0.006485672515542476,0.04,0.0051674165863594005,0.03186973485926732,0.7246376811594203,0.5773502691896253,1.3800000000000001,1.7320508075688787,0.008950228071448617,0.055200000000000006,0.4046964828525237,1.8231311308687492,0.12842596984502835,0.04875163269686006,True,True,True,LOW_1,LOW_1_direct_exp_rank_3,exponential,log_gap,3,delta_peak_mm + tau_r_MPa + u_p_x_tau_p + u_p_div_u_r + tau_r_div_tau_p + tau_p_div_u_p,0.0030563281475222115,0.0013791122260185522,0.9421943304998351,True
335,0.345,1.8,0.233,11.101393082591954,0.1991858428704208,0,1,1,0.1991858428704208,0.0944249962521731,0.4503939246904497,0.2936108391225939,1.9904398436807709,True,5,0.4503939246904497,1.5400459189903213,0.43181223350718684,-1.2255000649307428,-1.0642108619507773,0.5877866649021191,2.407070603379666,-1.4567168254164364,-1.6135170062848325,3.829980613494224,0.621,0.080385,0.06871911579029517,19.98250754866552,2.5866245882439256,2.211240338191937,0.41940000000000005,0.35853451716675744,0.04641030138880805,0.1621418128885619,6.167440601439974,1.1697618497494162,0.8548748621048102,47.64546387378521,55.73384595316798,7.725321888412017,9.036786822098495,0.020988356890574957,0.12944444444444445,0.01794241870263681,0.11065880159467821,0.6753623188405798,0.5773502691896255,1.4806866952789697,1.732050807568878,0.031077180803641028,0.19166666666666665,0.9094750994774242,2.933412778060339,0.2784400688268861,0.07925422595646531,True,True,True,LOW_1,LOW_1_direct_exp_rank_3,exponential,log_gap,3,delta_peak_mm + tau_r_MPa + u_p_x_tau_p + u_p_div_u_r + tau_r_div_tau_p + tau_p_div_u_p,0.007385954494324505,0.002936649352442598,0.9352593787606606,True
336,0.345,4.0,0.251,24.669762405759897,0.1991858428704208,0,1,1,0.1991858428704208,0.1494580982300445,0.2026772661107024,0.3486439411004653,0.792806515114832,True,8,0.2026772661107024,0.5901292490041297,-0.5274136999651539,-1.0537041036377377,-1.0642108619507773,1.3862943611198906,3.2055782995974376,-1.3823023398503531,-1.6135170062848325,8.511068029987165,1.38,0.08659499999999999,0.06871911579029517,98.67904962303959,6.192110363845734,4.913867418204305,1.004,0.7967433714816832,0.04999564656047562,0.16214181288856191,6.167440601439974,1.2601297179704012,0.793569095101278,98.28590599904342,123.85299100703995,15.936254980079681,20.08174849355221,0.01017439875875726,0.06275,0.008074088416186564,0.0497964607176052,0.727536231884058,0.5773502691896255,1.3745019920318724,1.732050807568878,0.013984731361638462,0.08625,-0.3799641075353025,0.8865632212350504,0.3376408739085246,0.1384550310381038,True,True,True,LOW_1,LOW_1_direct_exp_rank_3,exponential,log_gap,3,delta_peak_mm + tau_r_MPa + u_p_x_tau_p + u_p_div_u_r + tau_r_div_tau_p + tau_p_div_u_p,0.0023725810066361967,0.001208687015115016,0.9944895650387424,True
337,0.0245,1.13,0.045,6.96920787962717,0.0153092991217785,0,1,1,0.0153092991217785,0.1129415099906837,0.7174416499493891,0.1282508091124622,1.6219045254507285,True,5,0.7174416499493891,0.9044628755013394,-0.10041401921097132,-2.053767486082058,-3.7090821614314557,0.12221763272424911,1.941501571201796,-3.101092789211817,-4.1792948494735365,0.17074559305086567,0.027684999999999998,0.0011025,0.0003750778284835733,7.875204903978702,0.3136143545832226,0.10669368807106805,0.05084999999999999,0.017299508007609703,0.0006889184604800325,0.16214181288856191,6.167440601439974,2.939389951299893,0.34020664715063337,154.8712862139371,455.2271024421364,25.11111111111111,73.81134766597508,0.0064569748495445015,0.03982300884955752,0.0021967057642995,0.013548052320157966,1.8367346938775508,0.6248693519093266,0.5444444444444445,1.6003345290410529,0.0035154640847520065,0.021681415929203543,-0.07303538522548925,1.6470095864221728,0.12626546692075882,0.11095616779898032,True,True,True,LOW_1,LOW_1_direct_exp_rank_3,exponential,log_gap,3,delta_peak_mm + tau_r_MPa + u_p_x_tau_p + u_p_div_u_r + tau_r_div_tau_p + tau_p_div_u_p,9.478828393419819e-05,7.276823572782445e-05,0.9999131682705541,True
338,0.0245,1.74,0.033,10.731346646505555,0.0153092991217785,0,1,1,0.0153092991217785,0.0614267591501006,0.4659247496797756,0.0767360582718792,1.1936384711708052,True,6,0.4659247496797756,0.7277137214910296,-0.31784754783458585,-2.5673835601961317,-3.7090821614314557,0.5538851132264376,2.3731690517039845,-3.4112477175156566,-4.1792948494735365,0.2629179928393861,0.04263,0.0008085000000000001,0.0003750778284835733,18.672543164919666,0.35413443933468336,0.16428939579084814,0.057420000000000006,0.02663818047189459,0.0005052068710186906,0.16214181288856191,6.167440601439974,2.1555526309532547,0.4639181552054091,325.19232262138047,700.9691665923162,52.72727272727273,113.65641145026252,0.003075103347886519,0.01896551724137931,0.0014265962722174912,0.00879844777113707,1.346938775510204,0.6248693519093266,0.7424242424242424,1.6003345290410529,0.0022830312734309004,0.014080459770114942,-0.07294658226188644,1.3955752382055673,0.06874115987599944,0.05343186075422093,True,True,True,LOW_1,LOW_1_direct_exp_rank_3,exponential,log_gap,3,delta_peak_mm + tau_r_MPa + u_p_x_tau_p + u_p_div_u_r + tau_r_div_tau_p + tau_p_div_u_p,0.0005911306780578382,0.00041756443740357835,0.9910807546629108,True
339,0.0245,2.13,0.035,13.136648481067144,0.0153092991217785,0,1,1,0.0153092991217785,0.0696089127687665,0.3806145842454505,0.084918211890545,0.9488333573269884,True,7,0.3806145842454505,0.5682187730815378,-0.5652487705416036,-2.466066698768382,-3.7090821614314557,0.7561219797213337,2.5754059181988804,-3.3524072174927233,-4.1792948494735365,0.32184788778614504,0.052185,0.0008575000000000001,0.0003750778284835733,27.981061264673016,0.4597826968373501,0.2011128810543141,0.07455,0.032608807129388205,0.0005358254692622475,0.16214181288856191,6.167440601439974,2.2861921843443613,0.43740854633652854,375.33281374477554,858.0829453112837,60.85714285714285,139.13112436152826,0.002664302089718154,0.01643192488262911,0.001165388504064993,0.007187464376421831,1.4285714285714286,0.6248693519093266,0.7,1.6003345290410529,0.0018650114628027076,0.011502347417840376,-0.3533786514645073,1.0829257960998149,0.07681286834692194,0.06150356922514344,True,True,True,LOW_1,LOW_1_direct_exp_rank_3,exponential,log_gap,3,delta_peak_mm + tau_r_MPa + u_p_x_tau_p + u_p_div_u_r + tau_r_div_tau_p + tau_p_div_u_p,0.000548437507323664,0.0003954516631621535,0.9936804235558945,True
340,0.0245,3.5,0.026,21.58604210503991,0.0153092991217785,0,1,1,0.0153092991217785,0.0343911652377439,0.2316311612693741,0.0497004643595224,0.6801344819537776,True,8,0.2316311612693741,0.44850332068440346,-0.8018391935320925,-3.001741002673254,-3.7090821614314557,1.252762968495368,3.072046906972915,-3.649658740960655,-4.1792948494735365,0.5288580315734778,0.08575,0.000637,0.0003750778284835733,75.55114736763969,0.5612370947310376,0.3304671754413612,0.091,0.05358254692622475,0.000398041777166241,0.16214181288856191,6.167440601439973,1.6983141940843824,0.5888191969914808,830.2323886553811,1409.9954500420154,134.6153846153846,228.6192184344361,0.0012044820386007456,0.0074285714285714285,0.0007092221467595529,0.004374085463365286,1.0612244897959182,0.6248693519093266,0.9423076923076924,1.6003345290410529,0.0011349926902199335,0.007,-0.6855661510280932,0.7354360804144915,0.047503770914803234,0.03219447179302473,True,True,True,LOW_1,LOW_1_direct_exp_rank_3,exponential,log_gap,3,delta_peak_mm + tau_r_MPa + u_p_x_tau_p + u_p_div_u_r + tau_r_div_tau_p + tau_p_div_u_p,0.0002059716346281761,0.00013682762710771117,0.9974951692159099,True
341,0.0245,1.13,0.055,6.96920787962717,0.0153092991217785,0,1,1,0.0153092991217785,0.1595143577209842,0.7174416499493891,0.1748236568427627,1.524522904222498,True,6,0.7174416499493891,0.8070812542731088,-0.2143309289491576,-1.7439774882888002,-3.7090821614314557,0.12221763272424911,1.941501571201796,-2.900422093749666,-4.1792948494735365,0.17074559305086567,0.027684999999999998,0.0013475,0.0003750778284835733,7.875204903978702,0.3833064333794944,0.10669368807106805,0.06215,0.017299508007609703,0.0008420114516978175,0.16214181288856191,6.167440601439974,3.5925877182554244,0.27835089312324546,126.71287053867582,455.2271024421364,20.545454545454543,73.81134766597508,0.007891858149443279,0.04867256637168142,0.0021967057642995,0.013548052320157966,2.2448979591836733,0.6248693519093266,0.4454545454545455,1.6003345290410529,0.0035154640847520065,0.021681415929203543,-0.23628865574228464,1.506994382055457,0.17720390830404698,0.16189460918226847,True,True,True,LOW_1,LOW_1_direct_exp_rank_3,exponential,log_gap,3,delta_peak_mm + tau_r_MPa + u_p_x_tau_p + u_p_div_u_r + tau_r_div_tau_p + tau_p_div_u_p,9.525955141709228e-05,7.473549658903069e-05,0.9999502362157798,True
342,0.0245,1.22,0.039,7.524277533756768,0.0153092991217785,0,1,1,0.0153092991217785,0.0864894320112215,0.6645156265924669,0.101798731133,1.5829859963913084,True,5,0.6645156265924669,0.9184703697988416,-0.08504563418443525,-2.2847576392557722,-3.7090821614314557,0.19885085874516517,2.018134797222712,-3.2441936328524905,-4.1792948494735365,0.18434479957704084,0.02989,0.0009555000000000001,0.0003750778284835733,9.179618591183257,0.29344682381651394,0.1151914154395602,0.04758,0.01867734492856977,0.0005970626657493615,0.16214181288856191,6.167440601439974,2.547471291126574,0.39254613132765387,192.93019317325047,491.48412830035966,31.28205128205128,79.69012756857487,0.0051832218874212415,0.031967213114754096,0.0020346536997200284,0.012548605837523362,1.5918367346938775,0.6248693519093266,0.6282051282051282,1.6003345290410529,0.0032561265703030876,0.020081967213114754,0.01723121067039779,1.6818961509591372,0.09649093806864265,0.08118163894686414,True,True,True,LOW_1,LOW_1_direct_exp_rank_3,exponential,log_gap,3,delta_peak_mm + tau_r_MPa + u_p_x_tau_p + u_p_div_u_r + tau_r_div_tau_p + tau_p_div_u_p,0.00030005857356200027,0.0002242837036201884,0.9986599554766414,True
343,0.0245,1.45,0.034,8.942788872087963,0.0153092991217785,0,1,1,0.0153092991217785,0.0654950286258003,0.5591096996157306,0.0808043277475788,1.4123161332544465,True,6,0.5591096996157306,0.8532064336387158,-0.15875375181478307,-2.515724753657028,-3.7090821614314557,0.371563556432483,2.19084749491003,-3.3813947543659757,-4.1792948494735365,0.2190983273661551,0.035525,0.0008330000000000001,0.0003750778284835733,12.967043864527545,0.30405482165099074,0.1369078298257068,0.049300000000000004,0.022198483726578826,0.000520516170140469,0.1621418128885619,6.167440601439974,2.220872407648808,0.4502735035817206,263.0232021202342,584.1409721602636,42.647058823529406,94.7136762085521,0.003801945957386969,0.02344827586206897,0.0017119155266609894,0.010558137325364484,1.3877551020408163,0.6248693519093266,0.7205882352941176,1.6003345290410529,0.0027396375281170805,0.016896551724137933,0.04688172898101939,1.6071077535676506,0.07341791766203205,0.05810861854025355,True,True,True,LOW_1,LOW_1_direct_exp_rank_3,exponential,log_gap,3,delta_peak_mm + tau_r_MPa + u_p_x_tau_p + u_p_div_u_r + tau_r_div_tau_p + tau_p_div_u_p,0.0005135330654115149,0.00036807890639084485,0.9939055874869932,True
344,0.0245,2.17,0.028,13.383346105124744,0.0153092991217785,0,1,1,0.0153092991217785,0.0418356081902535,0.373598647208668,0.057144907312032,1.0458293131757963,True,6,0.373598647208668,0.6722306659671283,-0.3971537444295217,-2.862165003612507,-3.7090821614314557,0.7747271675523681,2.594011106029915,-3.575550768806933,-4.1792948494735365,0.3278919795755562,0.053165,0.0006860000000000001,0.0003750778284835733,29.041861048120694,0.37473369094349285,0.20488964877364396,0.06076,0.03322117909425935,0.000428660375409798,0.1621418128885619,6.167440601439974,1.828953747475489,0.5467606829206607,477.97664661159797,874.1971790260496,77.5,141.74391542935038,0.0020921524243685406,0.012903225806451613,0.0011439066883218592,0.0070549765538149775,1.1428571428571428,0.6248693519093266,0.875,1.6003345290410529,0.0018306333713224731,0.011290322580645162,-0.08298210652383653,1.2939662628574458,0.05074375366936757,0.03543445454758907,True,True,True,LOW_1,LOW_1_direct_exp_rank_3,exponential,log_gap,3,delta_peak_mm + tau_r_MPa + u_p_x_tau_p + u_p_div_u_r + tau_r_div_tau_p + tau_p_div_u_p,0.0006231634868268677,0.0004087714063164973,0.9824661275426007,True
345,0.0245,0.6,0.062,3.700464360863984,0.0153092991217785,0,1,1,0.0153092991217785,0.1936315334445874,1.3511817740713494,0.2089408325663659,2.78103428223211,True,4,1.3511817740713494,1.4298525081607607,0.35757129780608093,-1.565704164865648,-3.7090821614314557,-0.5108256237659907,1.308458314711556,-2.7806208939370456,-4.1792948494735365,0.09066137684116761,0.0147,0.001519,0.0003750778284835733,2.22027861651839,0.229428790373567,0.05665151578994763,0.0372,0.0091855794730671,0.000949176545550267,0.16214181288856194,6.167440601439973,4.049826155124297,0.2469241793835242,59.68490904619329,241.71350572148833,9.67741935483871,39.191866017331904,0.016754653998484734,0.10333333333333333,0.004137129189430725,0.0255154985362975,2.530612244897959,0.6248693519093266,0.3951612903225807,1.6003345290410529,0.006620790692949613,0.04083333333333334,-0.02628000414832765,2.3252440840046495,0.2719055960660295,0.256596296944251,True,True,True,LOW_1,LOW_1_direct_exp_rank_3,exponential,log_gap,3,delta_peak_mm + tau_r_MPa + u_p_x_tau_p + u_p_div_u_r + tau_r_div_tau_p + tau_p_div_u_p,0.001836642342501913,0.0014805848014794176,0.9865739963898905,True
346,0.0245,0.7,0.05,4.317208421007981,0.0153092991217785,0,1,1,0.0153092991217785,0.1358772828198478,1.1581558063468709,0.1511865819416263,2.530764500816095,True,4,1.1581558063468709,1.372608694469224,0.31671308577892454,-1.8892405629469788,-3.7090821614314557,-0.35667494393873245,1.4626089945388143,-2.995732273553991,-4.1792948494735365,0.10577160631469555,0.01715,0.0012250000000000002,0.0003750778284835733,3.022045894705587,0.21586042105039907,0.06609343508827223,0.034999999999999996,0.01071650938524495,0.000765464956088925,0.16214181288856191,6.167440601439973,3.265988834777659,0.30618598243557,86.34416842015962,281.9990900084031,13.999999999999998,45.72384368688722,0.01158155806346871,0.07142857142857144,0.0035461107337977646,0.02187042731682643,2.0408163265306123,0.6248693519093266,0.49,1.6003345290410529,0.005674963451099668,0.035,0.07227277335933813,2.2331043277426805,0.1765257911194835,0.161216491997705,True,True,True,LOW_1,LOW_1_direct_exp_rank_3,exponential,log_gap,3,delta_peak_mm + tau_r_MPa + u_p_x_tau_p + u_p_div_u_r + tau_r_div_tau_p + tau_p_div_u_p,0.0009376449925766809,0.0007413087830140422,0.9937217877661564,True
347,0.0245,0.9,0.034,5.550696541295977,0.0153092991217785,0,1,1,0.0153092991217785,0.0654950141480271,0.9007878493808994,0.0808043132698056,2.275398701589776,True,4,0.9007878493808994,1.3746108522088767,0.3181706744864232,-2.515724932827809,-3.7090821614314557,-0.10536051565782628,1.7139234228197207,-3.3813947543659757,-4.1792948494735365,0.13599206526175145,0.02205,0.0008330000000000001,0.0003750778284835733,4.99562688716638,0.18872368240406323,0.08497727368492146,0.030600000000000002,0.013778369209600651,0.000520516170140469,0.1621418128885619,6.167440601439974,2.220872407648808,0.4502735035817206,163.25578062635225,362.5702585822326,26.470588235294116,58.787799025997856,0.006125357375790117,0.03777777777777778,0.0027580861262871494,0.017010332357531667,1.3877551020408163,0.6248693519093266,0.7205882352941176,1.6003345290410529,0.004413860461966407,0.027222222222222224,0.34465587104948947,2.312291946037048,0.07973954317296848,0.06443024405118998,True,True,True,LOW_1,LOW_1_direct_exp_rank_3,exponential,log_gap,3,delta_peak_mm + tau_r_MPa + u_p_x_tau_p + u_p_div_u_r + tau_r_div_tau_p + tau_p_div_u_p,6.542679461573991e-05,4.815897280599885e-05,0.9999010749403677,True
348,0.0245,1.8,0.027,11.101393082591954,0.0153092991217785,0,1,1,0.0153092991217785,0.038082793731829,0.4503939246904497,0.0533920928536075,1.2897687725693818,True,6,0.4503939246904497,0.8393748478789321,-0.17509789293600558,-2.930092617882492,-3.7090821614314557,0.5877866649021191,2.407070603379666,-3.611918412977808,-4.1792948494735365,0.2719841305235029,0.0441,0.0006615,0.0003750778284835733,19.98250754866552,0.29973761322998277,0.16995454736984292,0.0486,0.027556738419201303,0.00041335107628801953,0.1621418128885619,6.167440601439974,1.7636339707799358,0.5670110785843889,411.162706762665,725.1405171644652,66.66666666666667,117.57559805199571,0.0024321271933284284,0.015,0.0013790430631435747,0.008505166178765834,1.1020408163265305,0.6248693519093266,0.9074074074074074,1.6003345290410529,0.0022069302309832037,0.013611111111111112,0.17035473641717735,1.6361193213940068,0.0471915847162962,0.031882285594517695,True,True,True,LOW_1,LOW_1_direct_exp_rank_3,exponential,log_gap,3,delta_peak_mm + tau_r_MPa + u_p_x_tau_p + u_p_div_u_r + tau_r_div_tau_p + tau_p_div_u_p,0.0006576352459468674,0.00042036128997839645,0.9777394005565206,True
349,0.0245,1.13,0.043,6.96920787962717,0.0153092991217785,0,1,1,0.0153092991217785,0.1039855497101338,0.7174416499493891,0.1192948488319123,1.6477168177591195,True,5,0.7174416499493891,0.9302751678097304,-0.07227485723320103,-2.1261571290844707,-3.7090821614314557,0.12221763272424911,1.941501571201796,-3.146555163288575,-4.1792948494735365,0.17074559305086567,0.027684999999999998,0.0010535,0.0003750778284835733,7.875204903978702,0.2996759388239683,0.10669368807106805,0.048589999999999994,0.017299508007609703,0.0006582998622364755,0.16214181288856191,6.167440601439974,2.8087503979087862,0.35603021213438374,162.07460185179465,455.2271024421364,26.27906976744186,73.81134766597508,0.006169998189564745,0.03805309734513274,0.0021967057642995,0.013548052320157966,1.7551020408163263,0.6248693519093266,0.5697674418604651,1.6003345290410529,0.0035154640847520065,0.021681415929203543,-0.031082942557890125,1.6868368155762181,0.11658598635264292,0.10127668723086442,True,True,True,LOW_1,LOW_1_direct_exp_rank_3,exponential,log_gap,3,delta_peak_mm + tau_r_MPa + u_p_x_tau_p + u_p_div_u_r + tau_r_div_tau_p + tau_p_div_u_p,0.00013531508340013852,0.00010320481483567743,0.9997975856456698,True
350,0.0245,1.37,0.041,8.449393623972766,0.0153092991217785,0,1,1,0.0153092991217785,0.0951653865075495,0.591758441199131,0.110474685629328,1.3828596668882291,True,6,0.591758441199131,0.7911012256890981,-0.2343293476081189,-2.2029688735966464,-3.7090821614314557,0.3148107398400336,2.1340946783175805,-3.1941832122778293,-4.1792948494735365,0.20701014378733276,0.033565000000000005,0.0010045000000000002,0.0003750778284835733,11.57566926484269,0.34642513858288343,0.12935429438704713,0.056170000000000005,0.020973739796836546,0.0006276812639929185,0.1621418128885619,6.167440601439974,2.6781108445176804,0.37339753955557314,206.0827713164089,551.9125047307318,33.41463414634146,89.48809407290786,0.004852419217832874,0.029927007299270073,0.0018118813968309741,0.011174670891809124,1.6734693877551021,0.6248693519093266,0.5975609756097561,1.6003345290410529,0.002899616361875742,0.017883211678832115,-0.11470409804508241,1.4833883811174449,0.10365613353852743,0.08834683441674893,True,True,True,LOW_1,LOW_1_direct_exp_rank_3,exponential,log_gap,3,delta_peak_mm + tau_r_MPa + u_p_x_tau_p + u_p_div_u_r + tau_r_div_tau_p + tau_p_div_u_p,0.0003729322733351901,0.0002803352673687118,0.998225217078892,True
351,0.0245,1.67,0.032,10.299625804404757,0.0153092991217785,0,1,1,0.0153092991217785,0.057405854043788,0.4854545296064728,0.0727151531655665,1.2626030593869657,True,6,0.4854545296064728,0.777148529780493,-0.2521237888642031,-2.621205481972691,-3.7090821614314557,0.5128236264286637,2.3321075649062104,-3.4420193761824103,-4.1792948494735365,0.25234083220791653,0.040915,0.0007840000000000001,0.0003750778284835733,17.200375093355945,0.32958802574095225,0.15768005228202092,0.05344,0.025566529533370096,0.000489897571896912,0.1621418128885619,6.167440601439974,2.0902328542577018,0.4784155975555781,321.86330638764866,672.7692575914759,52.1875,109.0840270815738,0.003106908989481426,0.019161676646706587,0.0014863937207535538,0.009167244983100899,1.3061224489795917,0.6248693519093266,0.765625,1.6003345290410529,0.0023787271950717168,0.014670658682634731,0.0034507405412438352,1.4889112308071157,0.06502546591833819,0.049716166796559685,True,True,True,LOW_1,LOW_1_direct_exp_rank_3,exponential,log_gap,3,delta_peak_mm + tau_r_MPa + u_p_x_tau_p + u_p_div_u_r + tau_r_div_tau_p + tau_p_div_u_p,0.000594448640585872,0.0004153362027558659,0.9899932659704946,True
352,0.0245,2.91,0.03,17.947252150190327,0.0153092991217785,0,1,1,0.0153092991217785,0.0495137718239397,0.2785941802208967,0.0648230709457182,0.7494886652754336,True,7,0.2785941802208967,0.47089448505453685,-0.7531212333014486,-2.736093705875722,-3.7090821614314557,1.0681530811834012,2.8874370196609482,-3.506557897319982,-4.1792948494735365,0.439707677679663,0.07129500000000001,0.000735,0.0003750778284835733,52.226503757053855,0.5384175645057098,0.27475985158124605,0.0873,0.04455006044437544,0.000459278973653355,0.1621418128885619,6.167440601439974,1.9595933008665951,0.5103099707259501,598.2417383396776,1172.3105027492188,97.00000000000001,190.08055018405975,0.0016715650813253803,0.010309278350515464,0.0008530163277176751,0.0052609275332572165,1.2244897959183672,0.6248693519093266,0.8166666666666668,1.6003345290410529,0.001365111483082394,0.008419243986254295,-0.5781045167367546,0.8395548312223737,0.06010405235107788,0.04479475322929938,True,True,True,LOW_1,LOW_1_direct_exp_rank_3,exponential,log_gap,3,delta_peak_mm + tau_r_MPa + u_p_x_tau_p + u_p_div_u_r + tau_r_div_tau_p + tau_p_div_u_p,0.0003734041656527671,0.0002595443500899959,0.9950682735010854,True
353,0.0245,0.9,0.037,5.550696541295977,0.0153092991217785,0,1,1,0.0153092991217785,0.0779670989319231,0.9007878493808994,0.0932763980537016,2.192227389199339,True,5,0.9007878493808994,1.2914395398184395,0.2557575185349476,-2.372188171472618,-3.7090821614314557,-0.10536051565782628,1.7139234228197207,-3.2968373663379125,-4.1792948494735365,0.13599206526175145,0.02205,0.0009065,0.0003750778284835733,4.99562688716638,0.20537577202795115,0.08497727368492146,0.033299999999999996,0.013778369209600651,0.0005664440675058045,0.1621418128885619,6.167440601439974,2.4168317377354676,0.4137648411291487,150.0188254404318,362.5702585822326,24.324324324324326,58.787799025997856,0.006665830085418655,0.041111111111111105,0.0027580861262871494,0.017010332357531667,1.510204081632653,0.6248693519093266,0.6621621621621622,1.6003345290410529,0.004413860461966407,0.027222222222222224,0.2473631050218842,2.1814318860269175,0.09369271144137012,0.07838341231959162,True,True,True,LOW_1,LOW_1_direct_exp_rank_3,exponential,log_gap,3,delta_peak_mm + tau_r_MPa + u_p_x_tau_p + u_p_div_u_r + tau_r_div_tau_p + tau_p_div_u_p,2.2968421492066324e-05,1.724292796527825e-05,0.9999907337484855,True
354,0.0245,1.05,0.032,6.475812631511974,0.0153092991217785,0,1,1,0.0153092991217785,0.0574058541682785,0.7721038708979138,0.0727151532900571,2.0081400996379837,True,5,0.7721038708979138,1.23603622874007,0.21190966988430562,-2.6212054802606595,-3.7090821614314557,0.04879016416943205,1.868074102646979,-3.4420193761824103,-4.1792948494735365,0.15865740947204338,0.025725,0.0007840000000000001,0.0003750778284835733,6.7996032630875725,0.20722600420838316,0.09914015263240838,0.033600000000000005,0.016074764077867426,0.000489897571896912,0.1621418128885619,6.167440601439974,2.0902328542577018,0.4784155975555781,202.36914473474917,422.9986350126047,32.8125,68.58576553033083,0.004941464773746648,0.030476190476190476,0.0023640738225318425,0.014580284877884285,1.3061224489795917,0.6248693519093266,0.765625,1.6003345290410529,0.0037833089673997775,0.023333333333333334,0.33826380620365026,2.1746143164607945,0.06858240264272214,0.05327310352094364,True,True,True,LOW_1,LOW_1_direct_exp_rank_3,exponential,log_gap,3,delta_peak_mm + tau_r_MPa + u_p_x_tau_p + u_p_div_u_r + tau_r_div_tau_p + tau_p_div_u_p,0.00029121226284018495,0.00020818719871979093,0.9975984977481575,True
355,0.0245,1.15,0.028,7.09255669165597,0.0153092991217785,0,1,1,0.0153092991217785,0.0418356081862674,0.7049644038633127,0.0571449073080459,1.9734344433232216,True,5,0.7049644038633127,1.2684700394599089,0.23781148090551343,-2.8621650036822612,-3.7090821614314557,0.13976194237515863,1.9590458808527056,-3.575550768806933,-4.1792948494735365,0.17376763894557126,0.028175,0.0006860000000000001,0.0003750778284835733,8.156440195404365,0.19859158736636717,0.10858207193073297,0.0322,0.017605693990045274,0.000428660375409798,0.16214181288856191,6.167440601439974,1.828953747475489,0.5467606829206607,253.30559613057034,463.28421929951935,41.07142857142857,75.11774319988615,0.003947800661634551,0.024347826086956525,0.0021585021857899434,0.013312434018937828,1.1428571428571428,0.6248693519093266,0.875,1.6003345290410529,0.003454325578930232,0.02130434782608696,0.4668684687110044,2.2999560021817844,0.052194309627903154,0.03688501050612465,True,True,True,LOW_1,LOW_1_direct_exp_rank_3,exponential,log_gap,3,delta_peak_mm + tau_r_MPa + u_p_x_tau_p + u_p_div_u_r + tau_r_div_tau_p + tau_p_div_u_p,0.0004504472026966841,0.0003015256595444418,0.9908386044545213,True
356,0.0245,1.4,0.024,8.634416842015963,0.0153092991217785,0,1,1,0.0153092991217785,0.0272042150777216,0.5790779031734354,0.0425135141995001,1.8037445140554815,True,5,0.5790779031734354,1.224666610882046,0.2026686525739626,-3.1579332724323534,-3.7090821614314557,0.3364722366212129,2.1557561750987597,-3.7297014486341915,-4.1792948494735365,0.2115432126293911,0.0343,0.000588,0.0003750778284835733,12.088183578822347,0.2072260042083831,0.13218687017654446,0.0336,0.0214330187704899,0.00036742317892268404,0.16214181288856191,6.167440601439973,1.5676746406932762,0.6378874634074375,359.7673684173318,563.9981800168061,58.33333333333333,91.44768737377444,0.0027795739352324904,0.017142857142857144,0.0017730553668988823,0.010935213658413215,0.9795918367346939,0.6248693519093266,1.0208333333333333,1.6003345290410529,0.002837481725549834,0.0175,0.5759328494011413,2.357866998712355,0.03800945458614014,0.02270015546436164,True,True,True,LOW_1,LOW_1_direct_exp_rank_3,exponential,log_gap,3,delta_peak_mm + tau_r_MPa + u_p_x_tau_p + u_p_div_u_r + tau_r_div_tau_p + tau_p_div_u_p,0.0006184157235739031,0.0003642507926144235,0.9697349056297434,True
357,0.0245,0.75,0.028,4.625580451079981,0.0153092991217785,0,1,1,0.0153092991217785,0.0418356081843982,1.080945419257079,0.0571449073061767,3.0259328132395527,True,4,1.080945419257079,1.9449873939824736,0.665255495806462,-2.862165003714971,-3.7090821614314557,-0.2876820724517809,1.531601866025766,-3.575550768806933,-4.1792948494735365,0.11332672105145954,0.018375000000000002,0.0006860000000000001,0.0003750778284835733,3.4691853383099858,0.12951625263023947,0.07081439473743455,0.021,0.011481974341333875,0.000428660375409798,0.16214181288856191,6.167440601439974,1.828953747475489,0.5467606829206607,165.19930182428502,302.14188215186044,26.785714285714285,48.98983252166488,0.006053294347839644,0.037333333333333336,0.0033097033515445797,0.020412398829038,1.1428571428571428,0.6248693519093266,0.875,1.6003345290410529,0.005296632554359689,0.03266666666666667,0.6842996887935501,3.063328483489585,0.05667003694045547,0.04136073781867697,True,True,True,LOW_1,LOW_1_direct_exp_rank_3,exponential,log_gap,3,delta_peak_mm + tau_r_MPa + u_p_x_tau_p + u_p_div_u_r + tau_r_div_tau_p + tau_p_div_u_p,3.6769870953077955e-05,2.5711413266075317e-05,0.9999389538812528,True
358,0.0245,1.15,0.026,7.09255669165597,0.0153092991217785,0,1,1,0.0153092991217785,0.0343911653190034,0.7049644038633127,0.0497004644407819,2.0699745048837284,True,5,0.7049644038633127,1.3650101010204156,0.3111618286244996,-3.0017410010382695,-3.7090821614314557,0.13976194237515863,1.9590458808527056,-3.649658740960655,-4.1792948494735365,0.17376763894557126,0.028175,0.000637,0.0003750778284835733,8.156440195404365,0.1844064739830552,0.10858207193073297,0.029899999999999996,0.017605693990045274,0.000398041777166241,0.16214181288856191,6.167440601439974,1.6983141940843824,0.5888191969914808,272.7906419867681,463.28421929951935,44.230769230769226,75.11774319988615,0.0036658149000892257,0.022608695652173914,0.0021585021857899434,0.013312434018937828,1.0612244897959182,0.6248693519093266,0.9423076923076924,1.6003345290410529,0.003454325578930232,0.02130434782608696,0.579506480662988,2.490121607580341,0.045153932905490766,0.029844633783712264,True,True,True,LOW_1,LOW_1_direct_exp_rank_3,exponential,log_gap,3,delta_peak_mm + tau_r_MPa + u_p_x_tau_p + u_p_div_u_r + tau_r_div_tau_p + tau_p_div_u_p,0.00048334953971576795,0.000309071902289301,0.9862061283926022,True
359,0.0245,1.1,0.024,6.784184661583972,0.0153092991217785,0,1,1,0.0153092991217785,0.0272042141314279,0.7370082404025541,0.0425135132532064,2.2956749282231264,True,4,0.7370082404025541,1.5586666878205722,0.44383076851350783,-3.15793329469101,-3.7090821614314557,0.09531017980432493,1.9145941182818718,-3.7297014486341915,-4.1792948494735365,0.16621252420880733,0.02695,0.000588,0.0003750778284835733,7.46260312774237,0.16282043187801534,0.10386111228157067,0.026400000000000003,0.016840229033956353,0.00036742317892268404,0.16214181288856191,6.167440601439974,1.5676746406932762,0.6378874634074375,282.67436089933216,443.14142715606204,45.833333333333336,71.8517543651085,0.0035376395539322594,0.021818181818181816,0.002256615921507668,0.013917544656162273,0.9795918367346939,0.6248693519093266,1.0208333333333333,1.6003345290410529,0.003611340377972515,0.02227272727272727,0.7380934922576987,2.828951644315238,0.03873851447822165,0.02342921535644315,True,True,True,LOW_1,LOW_1_direct_exp_rank_3,exponential,log_gap,3,delta_peak_mm + tau_r_MPa + u_p_x_tau_p + u_p_div_u_r + tau_r_div_tau_p + tau_p_div_u_p,0.00048211665388929535,0.0002910441655818903,0.981605615626224,True
360,0.0245,1.2,0.022,7.400928721727968,0.0153092991217785,0,1,1,0.0153092991217785,0.0203041095024898,0.6755908870356747,0.0356134086242683,2.2704692840433656,True,4,0.6755908870356747,1.5948783970076907,0.4667974932098121,-3.335033065288624,-3.7090821614314557,0.1823215567939546,2.0016054952715012,-3.816712825623821,-4.1792948494735365,0.18132275368233522,0.0294,0.000539,0.0003750778284835733,8.88111446607356,0.1628204318780153,0.11330303157989526,0.026399999999999996,0.0183711589461342,0.00033680458067912697,0.16214181288856194,6.167440601439973,1.4370350873021698,0.6958772328081138,336.4058509876349,483.42701144297666,54.54545454545455,78.38373203466381,0.0029725999029569686,0.018333333333333333,0.0020685645947153626,0.01275774926814875,0.8979591836734693,0.6248693519093266,1.1136363636363638,1.6003345290410529,0.0033103953464748066,0.02041666666666667,0.839548054099005,2.990911227785657,0.03237157885232293,0.01706227973054443,True,True,True,LOW_1,LOW_1_direct_exp_rank_3,exponential,log_gap,3,delta_peak_mm + tau_r_MPa + u_p_x_tau_p + u_p_div_u_r + tau_r_div_tau_p + tau_p_div_u_p,0.0005569301466303718,0.00030479337264801605,0.9664214244064768,True
