sample_id,u_peak,u_r,tau_peak,tau_r,true_a,true_b,true_c,true_d,true_e,estimated_a,estimated_b,estimated_c,estimated_d,estimated_e,error_b,abs_error_b,error_d,abs_error_d,error_e,abs_error_e,curve_rmse_tau_u,curve_mae_tau_u,curve_r2_tau_u,curve_valid,dataset,model_name
7,0.72,2.75,0.044,0.03175,0.03175,0.0801325410005739,1.818181818181818,0.1118825410005739,3.441242286799551,0.03175,0.4571776441305907,1.818181818181818,0.4889276441305907,2.133660005773309,0.3770451031300168,0.3770451031300168,0.3770451031300168,0.3770451031300168,-1.3075822810262423,1.3075822810262423,0.0038802316397432697,0.0031522649720134655,0.6734868425083447,True,FULL,FULL_exp_d_rank_2
8,0.92,3.0,0.035,0.02825,0.02825,0.0557241852265918,1.6666666666666667,0.0839741852265918,3.007954906577982,0.02825,0.3220119759663641,1.6666666666666667,0.3502619759663641,1.9011533394688271,0.2662877907397723,0.2662877907397723,0.2662877907397723,0.2662877907397723,-1.1068015671091547,1.1068015671091547,0.001643223682223449,0.0014168498075688262,0.9082948061424085,True,FULL,FULL_exp_d_rank_2
9,0.97,3.0,0.029,0.0255,0.0255,0.0288872445152351,1.6666666666666667,0.0543872445152351,3.290221199159674,0.0255,0.2415747673191053,1.6666666666666667,0.2670747673191053,1.9113297842883827,0.21268752280387018,0.21268752280387018,0.21268752280387018,0.21268752280387018,-1.3788914148712912,1.3788914148712912,0.0016594335141089731,0.0013966709635646183,0.8680284213134805,True,FULL,FULL_exp_d_rank_2
11,0.78,3.5,0.05,0.0417499999999999,0.0417499999999999,0.0354980845491272,1.4285714285714286,0.0772480845491271,4.004659571873231,0.0417499999999999,0.3644201020333695,1.4285714285714286,0.4061701020333694,1.9972203499208931,0.3289220174842423,0.3289220174842423,0.3289220174842423,0.3289220174842423,-2.0074392219523376,2.0074392219523376,0.013575081013298327,0.01035543512625296,-2.805287833430001,True,FULL,FULL_exp_d_rank_2
12,1.25,3.5,0.04,0.034,0.034,0.0670624339164287,1.4285714285714286,0.1010624339164287,2.366794324621144,0.034,0.3073479663812217,1.4285714285714286,0.3413479663812217,1.6063312035847543,0.240285532464793,0.240285532464793,0.240285532464793,0.240285532464793,-0.7604631210363895,0.7604631210363895,0.0017507843903438003,0.0011906844493075914,0.9267176098597416,True,FULL,FULL_exp_d_rank_2
13,1.8,4.0,0.035,0.033,0.033,0.0334302203204883,1.25,0.0664302203204883,2.0972939397426664,0.033,0.2121623524034199,1.25,0.2451623524034199,1.3888234941580553,0.1787321320829316,0.1787321320829316,0.1787321320829316,0.1787321320829316,-0.7084704455846111,0.7084704455846111,0.0013355196457383461,0.0008727592916910145,0.9536414565371036,True,FULL,FULL_exp_d_rank_2
19,1.55,12.0,1.02,0.8525,0.8525,0.3782821788444106,0.4166666666666667,1.2307821788444109,2.3791759662313843,0.8525,0.352227903772671,0.4166666666666667,1.204727903772671,2.316960578259125,-0.02605427507173963,0.02605427507173963,-0.026054275071739852,0.026054275071739852,-0.06221538797225934,0.06221538797225934,0.007775925229430045,0.004278070787070508,0.9957247528045711,True,FULL,FULL_exp_d_rank_2
20,1.71,12.0,2.57,1.7327500000000002,1.7327500000000002,2.210315622373947,0.4166666666666667,3.9430656223739473,1.6207235717983703,1.7327500000000002,0.1352101604614393,0.4166666666666667,1.8679601604614395,3.131778885028317,-2.075105461912508,2.075105461912508,-2.075105461912508,2.075105461912508,1.5110553132299467,1.5110553132299467,0.32229736695364664,0.20691517964241157,0.16226298757930768,True,FULL,FULL_exp_d_rank_2
28,0.13,1.325,1.02,0.6675,0.6675,0.6738254010838505,3.7735849056603774,1.3413254010838505,23.891608655167115,0.6675,1.0486581458417583,3.7735849056603774,1.7161581458417583,20.629554471548747,0.37483274475790784,0.37483274475790784,0.37483274475790784,0.37483274475790784,-3.2620541836183676,3.2620541836183676,0.06858660560339608,0.0430681038400865,0.7294048458298688,True,FULL,FULL_exp_d_rank_2
29,0.6,2.425,4.93,4.2975,4.2975,3.110870023650559,2.061855670103093,7.408370023650559,5.517814597970529,4.2975,1.7123396885184556,2.061855670103093,6.009839688518456,5.90928095280002,-1.3985303351321035,1.3985303351321035,-1.3985303351321035,1.3985303351321035,0.39146635482949144,0.39146635482949144,0.16773132577764002,0.11470591934202334,0.944131823094441,True,FULL,FULL_exp_d_rank_2
30,2.17,3.85,16.37,14.955,14.955,60.674147880173095,1.2987012987012987,75.6291478801731,1.6284330431129306,14.955,128.46481905035964,1.2987012987012987,143.41981905035965,1.3761377650317934,67.79067117018654,67.79067117018654,67.79067117018656,67.79067117018656,-0.25229527808113716,0.25229527808113716,1.5936663078318285,1.1429235387810188,0.7188900591985861,True,FULL,FULL_exp_d_rank_2
31,0.24,1.275,0.66,0.475,0.475,0.6758571313827281,3.9215686274509807,1.150857131382728,11.17767536247715,0.475,1.0165307405309338,3.9215686274509807,1.4915307405309337,8.963600068805615,0.34067360914820577,0.34067360914820577,0.34067360914820566,0.34067360914820566,-2.2140752936715344,2.2140752936715344,0.02158960496781108,0.015732015031087357,0.9458523772595306,True,FULL,FULL_exp_d_rank_2
33,2.26,4.125,16.14,11.3475,11.3475,422.7987490320256,1.2121212121212122,434.1462490320256,1.3091974223177918,11.3475,127.75529166188012,1.2121212121212122,139.1027916618801,1.270635163076144,-295.0434573701455,295.0434573701455,-295.04345737014546,295.04345737014546,-0.03856225924164769,0.03856225924164769,5.238135376776036,4.038575338898944,-1.0646086606444598,True,FULL,FULL_exp_d_rank_2
34,0.47,1.525,1.07,0.6975,0.6975,4.0455139668571585,3.278688524590164,4.743013966857158,4.812842755740618,0.6975,1.429342144287504,3.278688524590164,2.126842144287504,5.038417288887644,-2.6161718225696546,2.6161718225696546,-2.616171822569654,2.616171822569654,0.22557453314702602,0.22557453314702602,0.16548831967930092,0.12102553060467862,0.19618406825847978,True,FULL,FULL_exp_d_rank_2
35,0.47,2.2,4.91,4.25,4.25,2.5915991927768687,2.2727272727272725,6.841599192776869,7.213346651196478,4.25,2.34756834547312,2.2727272727272725,6.59756834547312,6.804473770731071,-0.24403084730374847,0.24403084730374847,-0.24403084730374847,0.24403084730374847,-0.40887288046540693,0.40887288046540693,0.08213757113217164,0.0460983530434259,0.9850374306964406,True,FULL,FULL_exp_d_rank_2
36,1.48,3.625,14.91,14.235,14.235,8.232456046268986,1.3793103448275863,22.467456046268985,2.7321098339023515,14.235,63.85739317588113,1.3793103448275863,78.09239317588113,1.6267848251745427,55.62493712961214,55.62493712961214,55.62493712961214,55.62493712961214,-1.1053250087278088,1.1053250087278088,0.519118442672417,0.418760354974718,0.9594014373127239,True,FULL,FULL_exp_d_rank_2
37,0.11,1.325,0.89,0.5625,0.5625,0.5639971811696873,3.7735849056603774,1.1264971811696871,29.2958502513531,0.5625,0.9897109136430328,3.7735849056603774,1.5522109136430329,25.085165963670608,0.42571373247334543,0.42571373247334543,0.42571373247334576,0.42571373247334576,-4.2106842876824935,4.2106842876824935,0.08676851466574344,0.05324426379083811,0.43230270604779186,True,FULL,FULL_exp_d_rank_2
38,0.26,2.175,5.3,4.1,4.1,2.5910971306331803,2.298850574712644,6.69109713063318,13.042743993933716,4.1,1.3608605428726364,2.298850574712644,5.460860542872636,14.807317343894956,-1.230236587760544,1.230236587760544,-1.230236587760544,1.230236587760544,1.7645733499612408,1.7645733499612408,0.2264480407357253,0.14190690888453583,0.8693903221155094,True,FULL,FULL_exp_d_rank_2
39,0.54,3.35,15.9,14.4675,14.4675,3.852469877296928,1.4925373134328357,18.319969877296927,7.688914610134782,14.4675,24.71156016404835,1.4925373134328357,39.17906016404835,4.309680992576331,20.85909028675142,20.85909028675142,20.859090286751425,20.859090286751425,-3.3792336175584516,3.3792336175584516,2.5531638073682625,1.7120450174302497,-0.6788420058550177,True,FULL,FULL_exp_d_rank_2
40,0.3,1.35,0.88,0.635,0.635,1.1651130574348498,3.7037037037037033,1.8001130574348498,8.547982610717572,0.635,1.118707562950035,3.7037037037037033,1.753707562950035,7.596936571117679,-0.0464054944848149,0.0464054944848149,-0.0464054944848149,0.0464054944848149,-0.951046039599893,0.951046039599893,0.033813963069932985,0.019192568193330956,0.9318572268158808,True,FULL,FULL_exp_d_rank_2
41,0.38,2.175,5.2,4.3975,4.3975,2.452688320111813,2.298850574712644,6.850188320111813,9.031706106944794,4.3975,2.301195618839955,2.298850574712644,6.698695618839955,8.574958102969452,-0.15149270127185765,0.15149270127185765,-0.15149270127185765,0.15149270127185765,-0.456748003975342,0.456748003975342,0.06109888134600593,0.03213629859765291,0.991566029524458,True,FULL,FULL_exp_d_rank_2
42,0.71,3.35,16.28,14.8375,14.8375,5.373344828404187,1.4925373134328357,20.210844828404188,5.457009220110153,14.8375,58.96464306512615,1.4925373134328357,73.80214306512615,2.578954782409419,53.59129823672196,53.59129823672196,53.591298236721954,53.591298236721954,-2.8780544377007344,2.8780544377007344,3.545830251498445,2.5831323358139526,-1.5437702316412074,True,FULL,FULL_exp_d_rank_2
43,0.88,1.475,0.58,0.535,0.535,2.3643732180319175,3.389830508474576,2.8993732180319176,4.157276354583812,0.535,0.6414719304190716,3.389830508474576,1.1764719304190716,4.366841970236288,-1.7229012876128458,1.7229012876128458,-1.722901287612846,1.722901287612846,0.2095656156524761,0.2095656156524761,0.05623290778767279,0.042684956174485894,0.7290085895187415,True,FULL,FULL_exp_d_rank_2
44,1.5,2.625,3.89,3.6325,3.6325,10.486129835864666,1.9047619047619049,14.118629835864668,2.474961892115721,3.6325,0.8107421217314728,1.9047619047619049,4.443242121731473,3.431270715281037,-9.675387714133194,9.675387714133194,-9.675387714133196,9.675387714133196,0.9563088231653163,0.9563088231653163,0.2524148659814502,0.19970935869239703,0.8782447063979997,True,FULL,FULL_exp_d_rank_2
45,2.87,4.1,13.67,13.42,13.42,16.705556614946417,1.2195121951219514,30.12555661494642,1.6634039681803665,13.42,43.21466550535788,1.2195121951219514,56.63466550535788,1.3488703343621071,26.50910889041146,26.50910889041146,26.50910889041146,26.50910889041146,-0.3145336338182594,0.3145336338182594,0.588287887017911,0.36938343117447303,0.9492273534013521,True,FULL,FULL_exp_d_rank_2
46,0.79,1.5,0.8,0.665,0.665,6.166849946093346,3.3333333333333335,6.831849946093346,3.9230290740544778,0.665,0.8539507373683262,3.3333333333333335,1.5189507373683262,4.419293622854257,-5.312899208725019,5.312899208725019,-5.312899208725019,5.312899208725019,0.496264548799779,0.496264548799779,0.13333410483426836,0.10245443250402181,0.1639347807535908,True,FULL,FULL_exp_d_rank_2
47,0.6,2.175,5.04,4.655,4.655,2.141531174694559,2.298850574712644,6.796531174694559,6.310564627174357,4.655,3.075157608359566,2.298850574712644,7.7301576083595664,5.193455914911051,0.9336264336650073,0.9336264336650073,0.9336264336650073,0.9336264336650073,-1.117108712263306,1.117108712263306,0.07663763505002953,0.04798640191601722,0.9897874208500733,True,FULL,FULL_exp_d_rank_2
48,2.37,4.125,16.38,14.3675,14.3675,112.7264689844744,1.2121212121212122,127.0939689844744,1.4228254925840296,14.3675,104.56983202088796,1.2121212121212122,118.93733202088796,1.294034567500019,-8.156636963586436,8.156636963586436,-8.156636963586436,8.156636963586436,-0.12879092508401047,0.12879092508401047,2.3716420024849296,1.7747284254639866,0.3807977043129771,True,FULL,FULL_exp_d_rank_2
49,1.46,2.566666666666667,4.68,4.1066666666666665,4.1066666666666665,30.593215473314466,1.948051948051948,34.69988213998113,2.300589855794831,4.1066666666666665,2.912702345089153,1.948051948051948,7.01936901175582,2.798673731513254,-27.680513128225314,27.680513128225314,-27.680513128225307,27.680513128225307,0.49808387571842294,0.49808387571842294,0.642644264450501,0.49865907751720473,0.4395886947315354,True,FULL,FULL_exp_d_rank_2
50,4.16,4.75,15.04,14.775,14.775,58.5314735148253,1.0526315789473684,73.3064735148253,1.2144266984360343,14.775,58.63934924933984,1.0526315789473684,73.41434924933984,1.121987864211079,0.10787573451453625,0.10787573451453625,0.10787573451453625,0.10787573451453625,-0.09243883422495536,0.09243883422495536,0.9252271611440163,0.5901627510986371,0.8814928921011033,True,FULL,FULL_exp_d_rank_2
51,1.26,1.85,0.94,0.785,0.785,27.151829140946248,2.702702702702702,27.936829140946248,2.8751003676389564,0.785,0.7525162177357451,2.702702702702702,1.537516217735745,3.4675391153221655,-26.399312923210502,26.399312923210502,-26.399312923210502,26.399312923210502,0.5924387476832091,0.5924387476832091,0.25594860250722623,0.19263826137439377,-0.6636435800426903,True,FULL,FULL_exp_d_rank_2
52,3.13,4.466666666666667,15.58,14.793333333333337,14.793333333333337,75.02328336156236,1.1194029850746268,89.8166166948957,1.313812712287742,14.793333333333337,65.73285365670563,1.1194029850746268,80.52618699003897,1.2088015462930364,-9.290429704856734,9.290429704856734,-9.290429704856734,9.290429704856734,-0.10501116599470572,0.10501116599470572,1.456346225096715,1.0321329651531068,0.743173807136033,True,FULL,FULL_exp_d_rank_2
53,1.15,1.85,0.71,0.65,0.65,3.9933470021604136,2.702702702702702,4.6433470021604135,3.19021506632708,0.65,0.550320520828946,2.702702702702702,1.200320520828946,3.639637300884305,-3.4430264813314677,3.4430264813314677,-3.4430264813314677,3.4430264813314677,0.44942223455722496,0.44942223455722496,0.08122361325399634,0.06275506587262808,0.6269179403403792,True,FULL,FULL_exp_d_rank_2
54,0.35,2.175,4.68,4.205,4.205,1.283914851902833,2.298850574712644,5.488914851902833,11.46515887900422,4.205,0.3282698812153741,2.298850574712644,4.533269881215374,15.195941575293263,-0.9556449706874588,0.9556449706874588,-0.9556449706874588,0.9556449706874588,3.730782696289044,3.730782696289044,0.14173762489417135,0.091258142367077,0.9401981085727231,True,FULL,FULL_exp_d_rank_2
55,0.63,3.85,16.18,14.365,14.365,5.024596391351091,1.2987012987012987,19.38959639135109,6.152370825583352,14.365,14.164272461146464,1.2987012987012987,28.529272461146466,4.316687873035045,9.139676069795373,9.139676069795373,9.139676069795375,9.139676069795375,-1.8356829525483072,1.8356829525483072,1.1120034982951161,0.7381946115153581,0.6956175941420636,True,FULL,FULL_exp_d_rank_2
56,0.45,1.5666666666666669,0.87,0.6366666666666667,0.6366666666666667,1.8543711063769357,3.191489361702127,2.4910377730436024,5.520751658815112,0.6366666666666667,0.9967028115830312,3.191489361702127,1.633369478249698,5.497681444623799,-0.8576682947939045,0.8576682947939045,-0.8576682947939045,0.8576682947939045,-0.023070214191313276,0.023070214191313276,0.08207026086769463,0.05765986604526779,0.6407675733243735,True,FULL,FULL_exp_d_rank_2
57,0.58,2.175,5.35,4.42,4.42,5.5363451785319135,2.298850574712644,9.956345178531912,5.059116621676996,4.42,5.887580840642528,2.298850574712644,10.307580840642528,4.373192970622435,0.3512356621106143,0.3512356621106143,0.3512356621106161,0.3512356621106161,-0.6859236510545603,0.6859236510545603,0.16649956694740747,0.08766451121854826,0.9557196227216531,True,FULL,FULL_exp_d_rank_2
58,0.94,3.875,16.28,13.935,13.935,11.349260923481204,1.2903225806451613,25.28426092348121,3.405427164282276,13.935,44.60781375265953,1.2903225806451613,58.542813752659534,2.0952460232633916,33.25855282917833,33.25855282917833,33.25855282917833,33.25855282917833,-1.3101811410188846,1.3101811410188846,1.4380227120032463,1.079237138400754,0.6181781401742479,True,FULL,FULL_exp_d_rank_2
59,0.13,1.5666666666666669,0.97,0.8033333333333333,0.8033333333333333,0.2782264175865835,3.191489361702127,1.0815597509199169,31.910981063129015,0.8033333333333333,0.291739199580134,3.191489361702127,1.0950725329134674,30.806523174484543,0.013512781993550493,0.013512781993550493,0.013512781993550549,0.013512781993550549,-1.1044578886444718,1.1044578886444718,0.002626640728607363,0.0016163726728839767,0.9993315323587336,True,FULL,FULL_exp_d_rank_2
60,2.38,2.85,5.22,4.84,4.84,137.35939252357494,1.7543859649122806,142.19939252357494,1.8523237169572588,4.84,3.213223489192482,1.7543859649122806,8.053223489192481,2.2438229250860244,-134.14616903438247,134.14616903438247,-134.14616903438247,134.14616903438247,0.3914992081287656,0.3914992081287656,0.9927948134936094,0.6813188266705015,-0.054230209602854185,True,FULL,FULL_exp_d_rank_2
61,2.68,4.125,16.95,15.5375,15.5375,116.71406105996982,1.2121212121212122,132.25156105996982,1.3981039630569712,15.5375,135.16968859489532,1.2121212121212122,150.7071885948953,1.2701784375379714,18.455627534925497,18.455627534925497,18.455627534925497,18.455627534925497,-0.12792552551899972,0.12792552551899972,2.1955971655001014,1.6204606848851077,0.5147177872008831,True,FULL,FULL_exp_d_rank_2
62,0.71,1.6,1.14,0.9133333333333334,0.9133333333333334,5.696830896813862,3.125,6.610164230147195,3.976020028848459,0.9133333333333334,0.9885687279136264,3.125,1.9019020612469597,4.587251045501881,-4.7082621689002355,4.7082621689002355,-4.7082621689002355,4.7082621689002355,0.6112310166534218,0.6112310166534218,0.16674449687742324,0.1268926073354066,0.29211545137624995,True,FULL,FULL_exp_d_rank_2
63,0.76,2.2,5.03,4.68,4.68,3.0326428857358856,2.2727272727272725,7.712642885735885,4.87933520201715,4.68,3.808306544897652,2.2727272727272725,8.488306544897652,4.105392752636997,0.7756636591617663,0.7756636591617663,0.7756636591617667,0.7756636591617667,-0.7739424493801526,0.7739424493801526,0.11771087807682709,0.06154038296975825,0.9793626677091788,True,FULL,FULL_exp_d_rank_2
64,2.73,4.125,15.88,13.97,13.97,220.02903798852773,1.2121212121212122,233.99903798852773,1.3339956390040135,13.97,104.04814178026314,1.2121212121212122,118.01814178026314,1.2775173181294883,-115.9808962082646,115.9808962082646,-115.9808962082646,115.9808962082646,-0.0564783208745252,0.0564783208745252,3.0485811562078946,2.276784964609442,-0.021002398524363475,True,FULL,FULL_exp_d_rank_2
65,0.63,1.5666666666666669,1.42,0.9733333333333332,0.9733333333333332,10.644929502666052,3.191489361702127,11.618262835999383,3.927118476960182,0.9733333333333332,1.6997298514020986,3.191489361702127,2.673063184735432,4.43100406913363,-8.945199651263954,8.945199651263954,-8.945199651263952,8.945199651263952,0.503885592173448,0.503885592173448,0.29475340435382336,0.22415910306879436,-0.2688033395514049,True,FULL,FULL_exp_d_rank_2
66,0.34,2.175,5.0,4.24,4.24,2.0482757543105174,2.298850574712644,6.288275754310518,10.49368724913285,4.24,1.2958540480624423,2.298850574712644,5.5358540480624425,11.236632408009472,-0.7524217062480751,0.7524217062480751,-0.7524217062480751,0.7524217062480751,0.7429451588766209,0.7429451588766209,0.12473384959691154,0.08010286585171009,0.9590441855338736,True,FULL,FULL_exp_d_rank_2
67,3.13,4.533333333333333,14.91,14.596666666666666,14.596666666666666,20.35467702287054,1.1029411764705883,34.951343689537204,1.4882877719989878,14.596666666666666,45.924705150466515,1.1029411764705883,60.52137181713318,1.224528710054287,25.570028127595975,25.570028127595975,25.570028127595975,25.570028127595975,-0.2637590619447008,0.2637590619447008,0.6797511366982785,0.43596928655889267,0.9430848175619279,True,FULL,FULL_exp_d_rank_2
68,0.49,1.5666666666666669,0.79,0.63,0.63,1.4068332196782207,3.191489361702127,2.0368332196782206,5.5461514668738845,0.63,0.8164974791188765,3.191489361702127,1.4464974791188765,5.451090457388152,-0.5903357405593442,0.5903357405593442,-0.5903357405593441,0.5903357405593441,-0.09506100948573248,0.09506100948573248,0.05988451169573261,0.04179973190748896,0.7649088544267966,True,FULL,FULL_exp_d_rank_2
69,1.69,2.566666666666667,5.04,4.426666666666667,4.426666666666667,69.19774278410341,1.948051948051948,73.62440945077007,2.1459242646578933,4.426666666666667,4.292294363099587,1.948051948051948,8.718961029766254,2.519625330365935,-64.90544842100383,64.90544842100383,-64.90544842100383,64.90544842100383,0.37370106570804174,0.37370106570804174,0.9416243622900432,0.7166927559033509,0.03484147473263077,True,FULL,FULL_exp_d_rank_2
70,3.12,4.466666666666667,16.37,15.163333333333334,15.163333333333334,137.96164146287623,1.1194029850746268,153.12497479620956,1.2614658876838951,15.163333333333334,88.40406879020193,1.1194029850746268,103.56740212353526,1.1896489466052895,-49.5575726726743,49.5575726726743,-49.5575726726743,49.5575726726743,-0.07181694107860559,0.07181694107860559,2.1734767953570415,1.5694188796789483,0.4746210712357325,True,FULL,FULL_exp_d_rank_2
71,0.18,1.5666666666666669,0.87,0.6,0.6,0.5778652142592701,3.191489361702127,1.17786521425927,16.988625203858206,0.6,0.8530666352809863,3.191489361702127,1.4530666352809862,14.596374665981347,0.2752014210217162,0.2752014210217162,0.2752014210217162,0.2752014210217162,-2.3922505378768584,2.3922505378768584,0.04390144149555426,0.028229171323688115,0.843706093895505,True,FULL,FULL_exp_d_rank_2
72,0.42,2.175,5.1,3.8825,3.8825,4.482035276937978,2.298850574712644,8.364535276937978,6.759501195047857,3.8825,4.404574884329827,2.298850574712644,8.287074884329828,6.144611474190642,-0.07746039260815074,0.07746039260815074,-0.07746039260815074,0.07746039260815074,-0.6148897208572155,0.6148897208572155,0.10528512246992341,0.05262364594369938,0.9773095213090915,True,FULL,FULL_exp_d_rank_2
73,1.09,3.85,15.19,13.3025,13.3025,11.821633061680007,1.2987012987012987,25.12413306168001,2.9737453064844868,13.3025,39.010992213663535,1.2987012987012987,52.31349221366354,1.9325349495028472,27.189359151983528,27.189359151983528,27.189359151983528,27.189359151983528,-1.0412103569816396,1.0412103569816396,0.7053815207646051,0.5637821702673641,0.9051290629304664,True,FULL,FULL_exp_d_rank_2
74,0.47,1.5666666666666669,0.66,0.5066666666666667,0.5066666666666667,1.2794449424210406,3.191489361702127,1.7861116090877074,5.540134014051035,0.5066666666666667,0.852499564752229,3.191489361702127,1.3591662314188957,5.238165110282475,-0.4269453776688116,0.4269453776688116,-0.4269453776688117,0.4269453776688117,-0.30196890376856,0.30196890376856,0.05201750850469832,0.03566829491008135,0.745215076013847,True,FULL,FULL_exp_d_rank_2
75,0.57,2.175,4.24,4.0125,4.0125,1.1193350008113887,2.298850574712644,5.131835000811389,7.4273022742503985,4.0125,1.0033997908814047,2.298850574712644,5.015899790881405,7.100580585141329,-0.11593520992998396,0.11593520992998396,-0.11593520992998396,0.11593520992998396,-0.3267216891090694,0.3267216891090694,0.04356650170280109,0.023910165048582822,0.9951651927505695,True,FULL,FULL_exp_d_rank_2
76,4.13,4.7,14.9,13.285,13.285,1213.8760619263403,1.0638297872340423,1227.1610619263406,1.0940505167399543,13.285,68.43120357857143,1.0638297872340423,81.71620357857142,1.1190403063926913,-1145.4448583477688,1145.4448583477688,-1145.4448583477692,1145.4448583477692,0.024989789652736905,0.024989789652736905,5.043521609960837,3.358160082220598,-0.9625751436457308,True,FULL,FULL_exp_d_rank_2
77,0.18,1.5666666666666669,0.88,0.4966666666666666,0.4966666666666666,0.8494890683979475,3.191489361702127,1.346155735064614,14.732448429095294,0.4966666666666666,1.244915419276193,3.191489361702127,1.74158208594286,12.752343253701977,0.3954263508782456,0.3954263508782456,0.39542635087824585,0.39542635087824585,-1.9801051753933177,1.9801051753933177,0.0608812313021317,0.03965189314842955,0.7936672739524696,True,FULL,FULL_exp_d_rank_2
78,1.25,2.566666666666667,4.37,3.77,3.77,17.6011784506471,1.948051948051948,21.3711784506471,2.4976694597033373,3.77,2.121324312239189,1.948051948051948,5.891324312239189,3.1495472034681966,-15.479854138407912,15.479854138407912,-15.479854138407912,15.479854138407912,0.6518777437648593,0.6518777437648593,0.49913220238841527,0.3850308227903772,0.5787932567086602,True,FULL,FULL_exp_d_rank_2
79,3.62,4.5,14.62,13.843333333333334,13.843333333333334,173.78668847200146,1.1111111111111112,187.6300218053348,1.2115644521301927,13.843333333333334,56.431295949385344,1.1111111111111112,70.27462928271868,1.1908640233340335,-117.35539252261611,117.35539252261611,-117.35539252261611,117.35539252261611,-0.020700428796159187,0.020700428796159187,1.9474410746216964,1.3318198242131105,0.4366895050149596,True,FULL,FULL_exp_d_rank_2
80,0.11,1.5633333333333332,1.04,0.5006666666666667,0.5006666666666667,0.863642983300683,3.1982942430703627,1.3643096499673495,27.24084861115649,0.5006666666666667,1.377479093701984,3.1982942430703627,1.8781457603686509,24.541864138958395,0.5138361104013011,0.5138361104013011,0.5138361104013014,0.5138361104013014,-2.698984472198095,2.698984472198095,0.11213771060672835,0.06772231200258057,0.5388633784115371,True,FULL,FULL_exp_d_rank_2
81,0.23,2.1775,4.79,3.54875,3.54875,2.4552355004571034,2.296211251435132,6.003985500457103,14.649101403235154,3.54875,0.7507501718794547,2.296211251435132,4.299500171879455,19.092893037880454,-1.7044853285776487,1.7044853285776487,-1.7044853285776487,1.7044853285776487,4.443791634645301,4.443791634645301,0.32723447750192436,0.2022714063014905,0.6654573148698186,True,FULL,FULL_exp_d_rank_2
83,0.21,1.5566666666666666,0.75,0.4896666666666667,0.4896666666666667,0.6541837303857423,3.211991434689508,1.143850397052409,13.109251845364824,0.4896666666666667,0.9953514845006076,3.211991434689508,1.4850181511672742,10.96307902712971,0.34116775411486533,0.34116775411486533,0.3411677541148652,0.3411677541148652,-2.1461728182351134,2.1461728182351134,0.04402276437993757,0.02941300651445268,0.8214968547554148,True,FULL,FULL_exp_d_rank_2
84,1.52,2.19,4.53,3.98,3.98,84.48453784563569,2.2831050228310503,88.46453784563569,2.4678705594788535,3.98,5.589687752084968,2.2831050228310503,9.569687752084969,2.7621515353895116,-78.89485009355072,78.89485009355072,-78.89485009355072,78.89485009355072,0.29428097591065816,0.29428097591065816,0.9473059513613393,0.7031289480146314,-0.17687205396210848,True,FULL,FULL_exp_d_rank_2
86,1.14,1.85,0.47,0.4455,0.4455,1.2635859558868447,2.702702702702702,1.7090859558868448,3.448989911906233,0.4455,0.5385356196980048,2.702702702702702,0.9840356196980048,3.4441304650403604,-0.72505033618884,0.72505033618884,-0.72505033618884,0.72505033618884,-0.004859446865872474,0.004859446865872474,0.03330079696139033,0.024826746766997445,0.8610891948810551,True,FULL,FULL_exp_d_rank_2
87,1.53,2.29,3.84,3.5879999999999996,3.5879999999999996,21.229112109709114,2.1834061135371177,24.817112109709115,2.5522940611621228,3.5879999999999996,2.0530197599066233,2.1834061135371177,5.641019759906623,3.0658937846364074,-19.17609234980249,19.17609234980249,-19.17609234980249,19.17609234980249,0.5135997234742846,0.5135997234742846,0.38078531453215864,0.2885190474082454,0.7138886598182269,True,FULL,FULL_exp_d_rank_2
89,0.31,1.5733333333333333,0.64,0.434,0.434,0.831446191232911,3.1779661016949152,1.265446191232911,8.046929532076042,0.434,0.982424944866276,3.1779661016949152,1.416424944866276,6.822784198437692,0.150978753633365,0.150978753633365,0.1509787536333651,0.1509787536333651,-1.2241453336383508,1.2241453336383508,0.012418695286236072,0.007473612835451758,0.9829011420260999,True,FULL,FULL_exp_d_rank_2
90,0.44,2.0033333333333334,4.09,3.8813333333333335,3.8813333333333335,0.7845727106922662,2.4958402662229617,4.6659060440256,10.177837650659969,3.8813333333333335,0.9419397613772112,2.4958402662229617,4.823273094710545,9.163799762245706,0.15736705068494505,0.15736705068494505,0.15736705068494494,0.15736705068494494,-1.0140378884142631,1.0140378884142631,0.030749751305440894,0.016069159684916,0.9970443296937432,True,FULL,FULL_exp_d_rank_2
91,2.56,4.125,14.35,13.695,13.695,33.24347166872315,1.2121212121212122,46.93847166872315,1.5724619149710894,13.695,49.32188257499465,1.2121212121212122,63.01688257499465,1.349888866378184,16.0784109062715,16.0784109062715,16.0784109062715,16.0784109062715,-0.2225730485929054,0.2225730485929054,0.9672750971040278,0.6829131121658356,0.8758149948148113,True,FULL,FULL_exp_d_rank_2
92,0.1,1.5666666666666669,0.84,0.5786666666666667,0.5786666666666667,0.3913124802400913,3.191489361702127,0.969979146906758,37.39184550372476,0.5786666666666667,0.5910176986578517,3.191489361702127,1.1696843653245184,33.54061629044034,0.1997052184177604,0.1997052184177604,0.19970521841776034,0.19970521841776034,-3.8512292132844195,3.8512292132844195,0.045317636112455165,0.027019344009814775,0.7788855443388275,True,FULL,FULL_exp_d_rank_2
94,2.24,4.125,16.29,15.185,15.185,36.934910613682646,1.2121212121212122,52.11991061368265,1.6343524111032697,15.185,85.056117918818,1.2121212121212122,100.241117918818,1.3253092125888926,48.12120730513536,48.12120730513536,48.12120730513536,48.12120730513536,-0.3090431985143771,0.3090431985143771,1.1469484359679536,0.7767590799469177,0.8536328808570126,True,FULL,FULL_exp_d_rank_2
95,0.15,1.5666666666666669,1.04,0.515,0.515,1.0180921290257392,3.191489361702127,1.533092129025739,17.824332391452327,0.515,1.5040207675686357,3.191489361702127,2.0190207675686356,15.83130341606545,0.4859286385428965,0.4859286385428965,0.4859286385428965,0.4859286385428965,-1.993028975386876,1.993028975386876,0.08844895138145989,0.05578536962478638,0.7297186670755782,True,FULL,FULL_exp_d_rank_2
96,0.32,2.225,5.75,4.01075,4.01075,4.5926707536336835,2.2471910112359548,8.603420753633683,8.90252129065327,4.01075,5.166237529890823,2.2471910112359548,9.176987529890823,8.017505639698838,0.5735667762571399,0.5735667762571399,0.5735667762571399,0.5735667762571399,-0.8850156509544327,0.8850156509544327,0.0581232753281245,0.04056135827585969,0.9942761748723228,True,FULL,FULL_exp_d_rank_2
97,0.98,3.925,16.9,13.655,13.655,17.423005323734152,1.2738853503184715,31.07800532373415,2.9328424113361327,13.655,62.51867074759147,1.2738853503184715,76.17367074759147,1.863755186298053,45.09566542385732,45.09566542385732,45.09566542385733,45.09566542385733,-1.0690872250380796,1.0690872250380796,1.356138000023249,1.0466673816744616,0.6952412058871649,True,FULL,FULL_exp_d_rank_2
98,0.12,1.5666666666666669,1.33,0.569,0.569,1.2856106349233354,3.191489361702127,1.854610634923335,23.13000566043724,0.569,1.8988402609620565,3.191489361702127,2.467840260962056,21.125664340513257,0.6132296260387211,0.6132296260387211,0.6132296260387211,0.6132296260387211,-2.0043413199239843,2.0043413199239843,0.12821767028927467,0.07831369910848715,0.6947914055929054,True,FULL,FULL_exp_d_rank_2
99,0.38,2.1775,5.29,3.8055,3.8055,4.8847712477868654,2.296211251435132,8.690271247786866,7.231167894086396,3.8055,5.222370836765464,2.296211251435132,9.027870836765464,6.457753653550212,0.3375995889785983,0.3375995889785983,0.3375995889785983,0.3375995889785983,-0.7734142405361846,0.7734142405361846,0.07184483465910907,0.03513197542257224,0.9902624472810783,True,FULL,FULL_exp_d_rank_2
100,1.12,3.865,15.69,14.2025,14.2025,9.330787016774106,1.2936610608020698,23.533287016774107,3.133851414322128,14.2025,42.82858820838874,1.2936610608020698,57.03108820838874,1.8859203749272824,33.49780119161463,33.49780119161463,33.49780119161463,33.49780119161463,-1.2479310393948457,1.2479310393948457,0.9118335087188242,0.7180705833943496,0.8550720251484344,True,FULL,FULL_exp_d_rank_2
101,0.11,1.5599999999999998,1.19,0.5136666666666666,0.5136666666666666,1.0901897584596147,3.2051282051282053,1.6038564251262817,26.190812099681132,0.5136666666666666,1.702551250004816,3.2051282051282053,2.2162179166714826,23.846627935347808,0.6123614915452014,0.6123614915452014,0.6123614915452009,0.6123614915452009,-2.344184164333324,2.344184164333324,0.13330131339149737,0.08057771235570599,0.5722389496883572,True,FULL,FULL_exp_d_rank_2
102,0.33,2.175,5.38,4.15275,4.15275,3.3230952595070686,2.298850574712644,7.475845259507069,9.464816530487427,4.15275,3.2233720950187186,2.298850574712644,7.376122095018719,8.914158432097482,-0.09972316448835006,0.09972316448835006,-0.09972316448835006,0.09972316448835006,-0.5506580983899454,0.5506580983899454,0.06072961139825788,0.029351055518855772,0.9920404914672833,True,FULL,FULL_exp_d_rank_2
103,0.94,4.6125,15.17,14.2325,14.2325,3.230539541690666,1.0840108401084012,17.463039541690666,4.61254903129243,14.2325,2.7730514522174285,1.0840108401084012,17.00555145221743,4.5361381132168335,-0.4574880894732374,0.4574880894732374,-0.4574880894732374,0.4574880894732374,-0.07641091807559697,0.07641091807559697,0.11210899009083747,0.06582271389858396,0.9969892912848276,True,FULL,FULL_exp_d_rank_2
104,0.46,1.61,0.57,0.4153333333333333,0.4153333333333333,1.2195408766373736,3.105590062111801,1.634874209970707,5.380408458094788,0.4153333333333333,0.8966298738099718,3.105590062111801,1.3119632071433052,4.943764058732174,-0.3229110028274018,0.3229110028274018,-0.3229110028274018,0.3229110028274018,-0.43664439936261434,0.43664439936261434,0.04749816137402876,0.03209913852660679,0.7200397420246794,True,FULL,FULL_exp_d_rank_2
105,0.38,2.1725,3.22,2.8175,2.8175,1.2095551373508462,2.3014959723820483,4.027055137350846,9.674876431868377,2.8175,0.0529768193678914,2.3014959723820483,2.8704768193678913,18.25785075764119,-1.1565783179829547,1.1565783179829547,-1.1565783179829547,1.1565783179829547,8.582974325772813,8.582974325772813,0.16179939507996965,0.10651020073152104,0.844715507548477,True,FULL,FULL_exp_d_rank_2
106,6.69,7.0,11.06,11.03,11.03,6.769176332863529,0.7142857142857143,17.799176332863528,0.9707346090728766,11.03,13.141771116172558,0.7142857142857143,24.171771116172557,0.8273380294233549,6.3725947833090295,6.3725947833090295,6.3725947833090295,6.3725947833090295,-0.14339657964952168,0.14339657964952168,0.26530002380699425,0.1448253969234711,0.982395206311976,True,FULL,FULL_exp_d_rank_2
107,0.15,1.5566666666666666,0.88,0.5103333333333334,0.5103333333333334,0.7081291518031402,3.211991434689508,1.2184624851364736,19.26598627033951,0.5103333333333334,1.1259101695960148,3.211991434689508,1.636243502929348,16.690317954762218,0.4177810177928746,0.4177810177928746,0.41778101779287447,0.41778101779287447,-2.5756683155772926,2.5756683155772926,0.07685070862633547,0.04831073104624255,0.6308105045362429,True,FULL,FULL_exp_d_rank_2
108,0.24,2.175,5.1,3.69825,3.69825,2.8769666070220197,2.298850574712644,6.5752166070220195,13.53664985652516,3.69825,1.552328424030942,2.298850574712644,5.250578424030942,15.26419622394972,-1.3246381829910776,1.3246381829910776,-1.3246381829910776,1.3246381829910776,1.7275463674245586,1.7275463674245586,0.25327685667543326,0.1576783706926844,0.8324263749156919,True,FULL,FULL_exp_d_rank_2
110,0.15,2.1675,1.23,0.6225,0.6225,0.9619833022068238,2.306805074971165,1.584483302206824,20.507804388385548,0.6225,1.0523627236702928,2.306805074971165,1.6748627236702929,19.704728424000816,0.090379421463469,0.090379421463469,0.09037942146346878,0.09037942146346878,-0.8030759643847318,0.8030759643847318,0.018851163426172775,0.011455690877004755,0.9898981840040413,True,FULL,FULL_exp_d_rank_2
111,0.25,2.165,6.22,4.547499999999999,4.547499999999999,3.553532108811563,2.3094688221709005,8.101032108811562,12.896286747191096,4.547499999999999,3.6018745776422083,2.3094688221709005,8.149374577642208,12.249182434988112,0.0483424688306453,0.0483424688306453,0.0483424688306453,0.0483424688306453,-0.647104312202984,0.647104312202984,0.02881705138839081,0.010979716828928154,0.9985546267160179,True,FULL,FULL_exp_d_rank_2
113,0.21,1.5599999999999998,0.72,0.5333333333333333,0.5333333333333333,0.4530839141628877,3.2051282051282053,0.9864172474962212,14.758619332850811,0.5333333333333333,0.7674204980137344,3.2051282051282053,1.3007538313470677,12.00707104232569,0.3143365838508467,0.3143365838508467,0.3143365838508465,0.3143365838508465,-2.751548290525122,2.751548290525122,0.04348765026571961,0.028629824833589508,0.7684976167809597,True,FULL,FULL_exp_d_rank_2
114,0.46,2.215,4.54,3.755,3.755,3.0550946555112306,2.2573363431151243,6.8100946555112305,6.812602552841997,3.755,2.087238913814476,2.2573363431151243,5.842238913814476,6.934817173422832,-0.9678557416967548,0.9678557416967548,-0.9678557416967548,0.9678557416967548,0.12221462058083521,0.12221462058083521,0.1475311500862744,0.09673342188627332,0.9430283588948022,True,FULL,FULL_exp_d_rank_2
115,3.02,4.84,14.29,13.226666666666668,13.226666666666668,67.62238227774218,1.0330578512396695,80.84904894440885,1.2379494369579531,13.226666666666668,28.953271885239637,1.0330578512396695,42.179938551906304,1.2099969824393428,-38.66911039250254,38.66911039250254,-38.669110392502546,38.669110392502546,-0.02795245451861028,0.02795245451861028,1.5054669603190207,1.1327669911992038,0.6858863093468925,True,FULL,FULL_exp_d_rank_2
116,0.1,1.5533333333333337,1.16,0.5640000000000001,0.5640000000000001,0.912890584776652,3.218884120171673,1.476890584776652,31.1344826944979,0.5640000000000001,1.340162623593673,3.218884120171673,1.904162623593673,28.561726087010125,0.427272038817021,0.427272038817021,0.427272038817021,0.427272038817021,-2.5727566074877757,2.5727566074877757,0.09627247126564077,0.0576323363667441,0.715537289812937,True,FULL,FULL_exp_d_rank_2
117,0.28,2.16,4.98,3.80875,3.80875,2.7207253448886286,2.314814814814815,6.5294753448886285,11.627647012732409,3.80875,1.7299180138728325,2.314814814814815,5.538668013872832,12.49113437330988,-0.9908073310157961,0.9908073310157961,-0.9908073310157963,0.9908073310157963,0.8634873605774711,0.8634873605774711,0.17931280874578845,0.11323138626829636,0.9124109046072116,True,FULL,FULL_exp_d_rank_2
118,0.84,3.88,14.83,12.9825,12.9825,7.331910697776193,1.288659793814433,20.314410697776193,4.123242699657944,12.9825,20.02603408860149,1.288659793814433,33.00853408860149,2.8128679106236243,12.694123390825299,12.694123390825299,12.6941233908253,12.6941233908253,-1.31037478903432,1.31037478903432,0.8884723033298927,0.6355938214492965,0.8098200884259139,True,FULL,FULL_exp_d_rank_2
119,0.05,1.5533333333333337,1.06,0.4603333333333333,0.4603333333333333,0.7347138188950575,3.218884120171673,1.1950471522283908,76.69251608229672,0.4603333333333333,0.9415704313782838,3.218884120171673,1.401903764711617,73.83581187069873,0.2068566124832263,0.2068566124832263,0.2068566124832263,0.2068566124832263,-2.856704211597986,2.856704211597986,0.0537156819996325,0.030788745436686638,0.8947710676403445,True,FULL,FULL_exp_d_rank_2
120,0.24,2.1675,5.34,3.634,3.634,3.551284821064535,2.306805074971165,7.185284821064535,12.76758648025316,3.634,2.8753352967205124,2.306805074971165,6.509335296720512,12.875771475172977,-0.6759495243440226,0.6759495243440226,-0.6759495243440226,0.6759495243440226,0.10818499491981726,0.10818499491981726,0.14002290251605132,0.085814874287207,0.9580629322186789,True,FULL,FULL_exp_d_rank_2
121,0.58,3.8475,15.72,12.52,12.52,8.509190021060213,1.299545159194282,21.029190021060213,5.626700720273117,12.52,16.84665720753723,1.299545159194282,29.36665720753723,4.334573864008578,8.337467186477017,8.337467186477017,8.337467186477017,8.337467186477017,-1.292126856264539,1.292126856264539,1.0388978639547668,0.692976990243359,0.7174630867107683,True,FULL,FULL_exp_d_rank_2
122,0.16,1.7866666666666664,1.46,0.5153333333333333,0.5153333333333333,1.791622665699797,2.7985074626865676,2.3069559990331303,15.27471027903135,0.5153333333333333,2.372885806437687,2.7985074626865676,2.8882191397710204,14.16032781149557,0.5812631407378901,0.5812631407378901,0.5812631407378901,0.5812631407378901,-1.1143824675357799,1.1143824675357799,0.10900119016304087,0.06835907932649837,0.8604742198109616,True,FULL,FULL_exp_d_rank_2
123,0.34,2.19,5.86,3.70375,3.70375,6.4076526447249105,2.2831050228310503,10.11140264472491,7.4904783908875965,3.70375,8.807991212515036,2.2831050228310503,12.511741212515036,6.3015283393443395,2.4003385677901257,2.4003385677901257,2.4003385677901257,2.4003385677901257,-1.188950051543257,1.188950051543257,0.21832935337260104,0.15109923571914466,0.936365667991377,True,FULL,FULL_exp_d_rank_2
124,0.72,3.9025,15.23,13.1975,13.1975,6.547895084347095,1.2812299807815504,19.745395084347095,4.922489465268678,13.1975,15.614314063790284,1.2812299807815504,28.811814063790283,3.5459148531279947,9.066418979443188,9.066418979443188,9.066418979443188,9.066418979443188,-1.3765746121406837,1.3765746121406837,0.8849949371987048,0.6062516779285206,0.800059838491509,True,FULL,FULL_exp_d_rank_2
125,0.13,1.5766666666666669,0.83,0.5316666666666667,0.5316666666666667,0.5110542316499418,3.1712473572938684,1.0427208983166083,25.070549134255213,0.5316666666666667,0.8542293199890956,3.1712473572938684,1.3858959866557623,21.680355092245712,0.3431750883391538,0.3431750883391538,0.343175088339154,0.343175088339154,-3.390194042009501,3.390194042009501,0.07013503070098696,0.042992068462719774,0.5617387213448601,True,FULL,FULL_exp_d_rank_2
126,0.33,2.195,4.91,4.2615,4.2615,1.6629195649406574,2.277904328018223,5.924419564940657,11.444353107108954,4.2615,0.5856115792115748,2.277904328018223,4.847111579211575,14.23533802782162,-1.0773079857290826,1.0773079857290826,-1.0773079857290826,1.0773079857290826,2.790984920712665,2.790984920712665,0.16896940295679816,0.10719827103640357,0.9194989258621921,True,FULL,FULL_exp_d_rank_2
127,2.99,4.513333333333333,16.39,14.923333333333332,14.923333333333332,140.10135047238424,1.1078286558345645,155.0246838057176,1.2549920885699382,14.923333333333332,82.30730246144275,1.1078286558345645,97.23063579477608,1.1865021216759144,-57.794048010941495,57.794048010941495,-57.79404801094151,57.79404801094151,-0.06848996689402376,0.06848996689402376,2.3545898091755664,1.741273737350396,0.39993854631458536,True,FULL,FULL_exp_d_rank_2
128,0.22,1.5666666666666669,1.38,0.6789999999999999,0.6789999999999999,1.9691572578488556,3.191489361702127,2.6481572578488555,10.298464829923804,0.6789999999999999,2.0678134438620663,3.191489361702127,2.746813443862066,9.385021046574336,0.09865618601321069,0.09865618601321069,0.09865618601321069,0.09865618601321069,-0.913443783349468,0.913443783349468,0.016086886639822228,0.008505242898932378,0.9956594112864409,True,FULL,FULL_exp_d_rank_2
129,0.39,2.18,6.11,4.593,4.593,5.057943521426855,2.293577981651376,9.650943521426855,7.34235077378404,4.593,7.580752990785031,2.293577981651376,12.173752990785031,5.954249250610942,2.522809469358176,2.522809469358176,2.522809469358176,2.522809469358176,-1.3881015231730984,1.3881015231730984,0.19931121850842165,0.14074045936434165,0.9414794452068485,True,FULL,FULL_exp_d_rank_2
130,2.78,4.13,17.18,15.5675,15.5675,173.2142161184181,1.2106537530266344,188.7817161184181,1.354578535378103,15.5675,154.11679285010703,1.2106537530266344,169.68429285010703,1.2594952892392632,-19.097423268311076,19.097423268311076,-19.097423268311076,19.097423268311076,-0.09508324613883978,0.09508324613883978,2.679282173422928,1.9699173330879802,0.293020694974342,True,FULL,FULL_exp_d_rank_2
131,0.3,1.57,0.69,0.4403333333333333,0.4403333333333333,0.989606450202688,3.184713375796178,1.4299397835360212,7.9675990689291964,0.4403333333333333,1.091247377111127,3.184713375796178,1.5315807104444603,6.8841972342154145,0.10164092690843907,0.10164092690843907,0.10164092690843907,0.10164092690843907,-1.083401834713782,1.083401834713782,0.01633345807857732,0.008312390731180183,0.9764309031663403,True,FULL,FULL_exp_d_rank_2
132,0.38,2.2025,4.61,3.49275,3.49275,3.5417527605950667,2.270147559591374,7.034502760595067,7.697329513236288,3.49275,2.5805100731503874,2.270147559591374,6.073260073150387,7.755627325779811,-0.9612426874446793,0.9612426874446793,-0.9612426874446793,0.9612426874446793,0.05829781254352273,0.05829781254352273,0.16339345163397948,0.10482504353032382,0.9287739612616837,True,FULL,FULL_exp_d_rank_2
133,0.58,3.89,14.25,12.71,12.71,3.870375185655917,1.2853470437017995,16.580375185655917,6.937928600833182,12.71,2.5377497578647574,1.2853470437017995,15.247749757864758,7.393495357822788,-1.3326254277911596,1.3326254277911596,-1.3326254277911591,1.3326254277911591,0.45556675698960625,0.45556675698960625,0.22713537556477814,0.143990052659936,0.9825725863905732,True,FULL,FULL_exp_d_rank_2
134,0.29,1.5933333333333335,0.81,0.6846666666666668,0.6846666666666668,0.4027161872827163,3.1380753138075312,1.087382853949383,11.679447292728767,0.6846666666666668,0.5787218589606502,3.1380753138075312,1.263388525627317,9.733614523898876,0.1760056716779339,0.1760056716779339,0.1760056716779339,0.1760056716779339,-1.9458327688298915,1.9458327688298915,0.01599783551447856,0.011250131458931945,0.9768196007242963,True,FULL,FULL_exp_d_rank_2
135,0.42,2.1925,4.74,4.255,4.255,1.6007301765706998,2.280501710376283,5.8557301765707,9.079561652406012,4.255,1.0958737309240965,2.280501710376283,5.350873730924096,9.437704606004338,-0.5048564456466034,0.5048564456466034,-0.5048564456466034,0.5048564456466034,0.3581429535983265,0.3581429535983265,0.07932885726214457,0.05162033048524832,0.9838271153073912,True,FULL,FULL_exp_d_rank_2
136,2.48,4.18,15.4,14.19,14.19,62.34454554337887,1.1961722488038278,76.53454554337887,1.469660738779334,14.19,68.20373242678988,1.1961722488038278,82.39373242678988,1.308611921248884,5.859186883411013,5.859186883411013,5.859186883411013,5.859186883411013,-0.16104881753044986,0.16104881753044986,1.5392245342170794,1.127833153174085,0.711181254683583,True,FULL,FULL_exp_d_rank_2
137,1.18,1.85,0.63,0.575,0.575,4.239497230710774,2.702702702702702,4.814497230710774,3.1309195303367727,0.575,0.5692168170416358,2.702702702702702,1.1442168170416358,3.517780997192191,-3.670280413669138,3.670280413669138,-3.6702804136691385,3.6702804136691385,0.38686146685541845,0.38686146685541845,0.07895169129086042,0.060447229110907,0.5491312399293742,True,FULL,FULL_exp_d_rank_2
138,0.99,2.6033333333333335,4.93,4.496666666666667,4.496666666666667,4.9592094785200045,1.9206145966709345,9.455876145186672,3.460965956174455,4.496666666666667,1.6960607943292407,1.9206145966709345,6.192727460995908,3.959558579413168,-3.2631486841907638,3.2631486841907638,-3.2631486841907638,3.2631486841907638,0.498592623238713,0.498592623238713,0.21751749100789086,0.1604895635185518,0.930177101487338,True,FULL,FULL_exp_d_rank_2
139,1.92,4.2125,17.14,16.56,16.56,9.158812659704571,1.1869436201780414,25.71881265970457,2.22655990128023,16.56,75.46587305695527,1.1869436201780414,92.02587305695528,1.3618765058535889,66.30706039725071,66.30706039725071,66.30706039725071,66.30706039725071,-0.8646833954266411,0.8646833954266411,0.5846608670293995,0.4237648639850143,0.9636658850319206,True,FULL,FULL_exp_d_rank_2
140,0.42,1.7400000000000002,0.83,0.4525,0.4525,2.5886372580129136,2.8735632183908044,3.0411372580129137,4.84879553279124,0.4525,1.3839963601157228,2.8735632183908044,1.836496360115723,4.7374411249853114,-1.2046408978971908,1.2046408978971908,-1.2046408978971908,1.2046408978971908,-0.11135440780592898,0.11135440780592898,0.11585126310317424,0.08138111435807054,0.42120031491025933,True,FULL,FULL_exp_d_rank_2
141,1.23,2.5733333333333337,4.22,4.026666666666666,4.026666666666666,3.714553371745124,1.94300518134715,7.74122003841179,3.22230726876678,4.026666666666666,0.8195018033030639,1.94300518134715,4.84616846996973,3.968541709284748,-2.89505156844206,2.89505156844206,-2.89505156844206,2.89505156844206,0.7462344405179677,0.7462344405179677,0.12314685459374046,0.0941851671471161,0.9739902873354278,True,FULL,FULL_exp_d_rank_2
142,1.79,4.84,15.01,14.9025,14.9025,0.8901040923931092,1.0330578512396695,15.792604092393107,3.4546415460563873,14.9025,11.606907617459411,1.0330578512396695,26.509407617459413,1.806747397917652,10.716803525066302,10.716803525066302,10.716803525066306,10.716803525066306,-1.6478941481387352,1.6478941481387352,0.6223577391047408,0.4187439368536542,0.9316566624813558,True,FULL,FULL_exp_d_rank_2
143,0.33,1.5733333333333333,0.58,0.4766666666666666,0.4766666666666666,0.4098600862261488,3.1779661016949152,0.8865267528928155,9.368454028225154,0.4766666666666666,0.682414899812509,3.1779661016949152,1.1590815664791756,7.305734509688023,0.27255481358636025,0.27255481358636025,0.27255481358636013,0.27255481358636013,-2.062719518537131,2.062719518537131,0.01705804657759692,0.012553845673783388,0.9537652529553226,True,FULL,FULL_exp_d_rank_2
144,0.43,2.1725,4.53,3.8975,3.8975,2.2412867147074325,2.3014959723820483,6.138786714707432,7.955893974394428,3.8975,1.5894235480531878,2.3014959723820483,5.486923548053188,8.112862977931297,-0.6518631666542447,0.6518631666542447,-0.6518631666542447,0.6518631666542447,0.1569690035368687,0.1569690035368687,0.10528196527150921,0.0682630848722341,0.9695641511308986,True,FULL,FULL_exp_d_rank_2
145,3.33,4.496666666666667,14.77,14.159999999999998,14.159999999999998,71.68575820940592,1.111934766493699,85.84575820940591,1.2931877819034847,14.159999999999998,51.837171788857944,1.111934766493699,65.99717178885794,1.2097866956178522,-19.848586420547974,19.848586420547974,-19.848586420547974,19.848586420547974,-0.08340108628563248,0.08340108628563248,1.2854912487314312,0.8920779222449846,0.7730323764116227,True,FULL,FULL_exp_d_rank_2
146,0.13,1.5599999999999998,0.68,0.5633333333333334,0.5633333333333334,0.1951982739754749,3.2051282051282053,0.7585316073088083,31.88575510060682,0.5633333333333334,0.434194814691784,3.2051282051282053,0.9975281480251174,25.581236673780495,0.2389965407163091,0.2389965407163091,0.23899654071630905,0.23899654071630905,-6.3045184268263235,6.3045184268263235,0.049453193182074334,0.03005643851589587,0.5185412154469473,True,FULL,FULL_exp_d_rank_2
147,1.84,3.1775,4.39,3.69,3.69,48.191526905344915,1.5735641227380015,51.88152690534491,1.779339325853626,3.69,1.0575608258376294,1.5735641227380015,4.747560825837629,2.678839242849959,-47.13396607950729,47.13396607950729,-47.13396607950728,47.13396607950728,0.8994999169963327,0.8994999169963327,0.8016268984466626,0.6319369656436107,0.06553121874643919,True,FULL,FULL_exp_d_rank_2
148,2.23,4.3774999999999995,15.49,14.875,14.875,14.10295307840756,1.142204454597373,28.97795307840756,1.8301286904573817,14.875,43.830492301902424,1.142204454597373,58.705492301902424,1.3472885317809915,29.727539223494865,29.727539223494865,29.727539223494865,29.727539223494865,-0.4828401586763902,0.4828401586763902,0.6140791019678528,0.36314371606933527,0.9537818542138414,True,FULL,FULL_exp_d_rank_2
149,0.18,1.5599999999999998,0.96,0.5433333333333333,0.5433333333333333,0.9264981470545324,3.2051282051282053,1.4698314803878656,14.731251978605432,0.5433333333333333,1.281884369357719,3.2051282051282053,1.8252177026910528,12.90747691957898,0.3553862223031867,0.3553862223031867,0.35538622230318717,0.35538622230318717,-1.8237750590264525,1.8237750590264525,0.05369700838642746,0.035039293909489296,0.8647154885652534,True,FULL,FULL_exp_d_rank_2
150,0.4,2.175,5.29,4.25,4.25,3.4798658017251105,2.298850574712644,7.7298658017251105,7.755705088302538,4.25,3.6925898897363503,2.298850574712644,7.94258988973635,6.9959255615186615,0.21272408801123976,0.21272408801123976,0.21272408801123976,0.21272408801123976,-0.7597795267838761,0.7597795267838761,0.06110420339693489,0.02820800007352361,0.9923268951603283,True,FULL,FULL_exp_d_rank_2
151,0.99,3.6125,15.85,14.965,14.965,4.712295648967803,1.384083044982699,19.677295648967803,4.185634509215309,14.965,51.05810880194288,1.384083044982699,66.02310880194288,2.031166943696274,46.345813152975076,46.345813152975076,46.34581315297508,46.34581315297508,-2.1544675655190355,2.1544675655190355,1.6786430654331939,1.2753286456269384,0.5032946085687614,True,FULL,FULL_exp_d_rank_2
152,1.16,1.9,0.64,0.54,0.54,8.918859589233094,2.6315789473684212,9.458859589233091,2.9158636476035604,0.54,0.6847007113400934,2.6315789473684212,1.2247007113400934,3.3377783947517807,-8.234158877893,8.234158877893,-8.234158877892998,8.234158877892998,0.4219147471482203,0.4219147471482203,0.13373765905404383,0.10378617936406692,-0.16162737225129775,True,FULL,FULL_exp_d_rank_2
153,1.3,2.566666666666667,4.2,3.9333333333333336,3.9333333333333336,6.732843008196392,1.948051948051948,10.666176341529724,2.832743127876559,3.9333333333333336,1.1065370933569143,1.948051948051948,5.039870426690248,3.5830813670449753,-5.626305914839477,5.626305914839477,-5.626305914839476,5.626305914839476,0.7503382391684164,0.7503382391684164,0.20844155612690285,0.16178837100336171,0.9255386367151808,True,FULL,FULL_exp_d_rank_2
154,5.1,31.453947067343865,14.28,13.490170336848536,13.490170336848536,2.087839211051561,0.1589625616554528,15.578009547900097,0.9263059984631752,13.490170336848536,68.97331672723539,0.1589625616554528,82.46348706408392,0.3471356773091336,66.88547751618383,66.88547751618383,66.88547751618383,66.88547751618383,-0.5791703211540415,0.5791703211540415,7.277163805781114,5.015587769965085,-15.857313838802806,True,FULL,FULL_exp_d_rank_2
155,0.56,1.5599999999999998,0.58,0.4766666666666666,0.4766666666666666,1.2430840918042927,3.2051282051282053,1.7197507584709593,5.0236277196711585,0.4766666666666666,0.7534665745211386,3.2051282051282053,1.2301332411878052,4.802640518207344,-0.48961751728315406,0.48961751728315406,-0.48961751728315406,0.48961751728315406,-0.22098720146381456,0.22098720146381456,0.04774912977251277,0.033629050775977026,0.7419310040276532,True,FULL,FULL_exp_d_rank_2
156,0.67,2.1775,4.06,3.745,3.745,2.1627193549790276,2.296211251435132,5.907719354979028,5.4890381882934465,3.745,1.467866402194124,2.296211251435132,5.212866402194124,5.4882560627481,-0.6948529527849037,0.6948529527849037,-0.6948529527849034,0.6948529527849034,-0.0007821255453466236,0.0007821255453466236,0.09559693474314564,0.06381420929118015,0.9773242183673638,True,FULL,FULL_exp_d_rank_2
157,1.32,3.9,14.36,13.5925,13.5925,6.126023681195667,1.2820512820512822,19.718523681195663,3.032176279008363,13.5925,28.786212984156855,1.2820512820512822,42.378712984156856,1.8548471704461136,22.660189302961186,22.660189302961186,22.660189302961193,22.660189302961193,-1.1773291085622493,1.1773291085622493,0.5306693186542933,0.4324278523140576,0.9480799566186964,True,FULL,FULL_exp_d_rank_2
158,0.17,1.6233333333333333,1.0,0.5720000000000001,0.5720000000000001,0.8749487231528226,3.080082135523614,1.4469487231528226,16.31818533574024,0.5720000000000001,1.1952395796044886,3.080082135523614,1.7672395796044886,14.4888966073811,0.320290856451666,0.320290856451666,0.320290856451666,0.320290856451666,-1.8292887283591384,1.8292887283591384,0.05374425128196215,0.034374789600294164,0.8677870483453434,True,FULL,FULL_exp_d_rank_2
159,0.32,2.1825,5.06,4.11975,4.11975,2.410582651104151,2.290950744558992,6.530332651104151,10.626543938716322,4.11975,1.563444247277913,2.290950744558992,5.683194247277913,11.315383456454772,-0.8471384038262377,0.8471384038262377,-0.8471384038262375,0.8471384038262375,0.6888395177384492,0.6888395177384492,0.1459124041675091,0.09311977649261698,0.9443015192135797,True,FULL,FULL_exp_d_rank_2
160,1.07,3.895,14.3,13.0025,13.0025,7.31537030166651,1.2836970474967908,20.31787030166651,3.3651116062820727,13.0025,22.68616394779322,1.2836970474967908,35.688663947793216,2.218380142806444,15.370793646126709,15.370793646126709,15.370793646126707,15.370793646126707,-1.146731463475629,1.146731463475629,0.6013378613057468,0.466149646740908,0.9213402615638017,True,FULL,FULL_exp_d_rank_2
161,0.1,1.5666666666666669,0.85,0.5843333333333334,0.5843333333333334,0.3978559436075378,3.191489361702127,0.9821892769408712,37.33548887229885,0.5843333333333334,0.5915485038232615,3.191489361702127,1.175881837156595,33.6030933337307,0.19369256021572373,0.19369256021572373,0.19369256021572367,0.19369256021572367,-3.7323955385681558,3.7323955385681558,0.04393156615189742,0.026195053240593295,0.7978400020317638,True,FULL,FULL_exp_d_rank_2
162,0.24,2.175,6.09,4.409,4.409,3.4511384121172206,2.298850574712644,7.86013841211722,13.515323404054092,4.409,2.974359956773174,2.298850574712644,7.383359956773174,13.446944825930697,-0.4767784553440464,0.4767784553440464,-0.4767784553440464,0.4767784553440464,-0.06837857812339543,0.06837857812339543,0.10521063843109195,0.06341285171757062,0.9797732443036241,True,FULL,FULL_exp_d_rank_2
163,0.5,3.8625,16.89,15.2325,15.2325,3.655467066441505,1.2944983818770228,18.887967066441504,8.601598077321363,15.2325,3.48911296877297,1.2944983818770228,18.72161296877297,8.393144506236101,-0.16635409766853515,0.16635409766853515,-0.1663540976685347,0.1663540976685347,-0.2084535710852613,0.2084535710852613,0.06715807629121959,0.033213334026816706,0.9988131238427508,True,FULL,FULL_exp_d_rank_2
164,0.07,1.5566666666666666,0.85,0.5843333333333334,0.5843333333333334,0.3510048045966245,3.211991434689508,0.935338137929958,59.36701870371923,0.5843333333333334,0.3876288816293206,3.211991434689508,0.971962214962654,57.57604985922839,0.0366240770326961,0.0366240770326961,0.03662407703269599,0.03662407703269599,-1.7909688444908411,1.7909688444908411,0.00892957660989152,0.005211246527708977,0.9910283849493625,True,FULL,FULL_exp_d_rank_2
165,0.23,2.1675,5.85,4.43275,4.43275,2.80147060168731,2.306805074971165,7.23422060168731,14.978792929839672,4.43275,1.4238937777932588,2.306805074971165,5.856643777793259,17.187153989435245,-1.3775768238940511,1.3775768238940511,-1.3775768238940511,1.3775768238940511,2.208361059595573,2.208361059595573,0.2679127810185171,0.16573320325709262,0.8449902060046168,True,FULL,FULL_exp_d_rank_2
166,0.75,3.8625,16.87,15.795,15.795,3.4935563581594646,1.2944983818770228,19.288556358159465,5.80409010742513,15.795,23.56023394941851,1.2944983818770228,39.35523394941851,3.1747168809331257,20.066677591259044,20.066677591259044,20.066677591259047,20.066677591259047,-2.629373226492004,2.629373226492004,1.924881700970627,1.3242119421758367,0.256724437217012,True,FULL,FULL_exp_d_rank_2
167,0.17,1.5599999999999998,0.8,0.5579999999999999,0.5579999999999999,0.4953159279041487,3.2051282051282053,1.0533159279041486,18.51576110820791,0.5579999999999999,0.8115675161499282,3.2051282051282053,1.369567516149928,15.587469005473954,0.3162515882457795,0.3162515882457795,0.3162515882457795,0.3162515882457795,-2.9282921027339572,2.9282921027339572,0.05381961415857668,0.03426056542710184,0.7098953457768715,True,FULL,FULL_exp_d_rank_2
168,1.11,2.563333333333333,4.61,4.293333333333333,4.293333333333333,4.918051194692046,1.950585175552666,9.21138452802538,3.258019017990617,4.293333333333333,1.4342254052491343,1.950585175552666,5.727558738582467,3.798447863203529,-3.4838257894429114,3.4838257894429114,-3.483825789442913,3.483825789442913,0.540428845212912,0.540428845212912,0.19017047219773728,0.14312137855173088,0.9441311923415154,True,FULL,FULL_exp_d_rank_2
169,3.93,4.553333333333334,16.61,16.513333333333332,16.513333333333332,14.198414912137522,1.0980966325036603,30.711748245470854,1.4757256498343354,16.513333333333332,106.39272557814128,1.0980966325036603,122.90605891147462,1.1455820237243246,92.19431066600376,92.19431066600376,92.19431066600376,92.19431066600376,-0.3301436261100108,0.3301436261100108,0.5658091933386012,0.31905288948568133,0.9659517590091942,True,FULL,FULL_exp_d_rank_2
170,0.19,1.5533333333333337,0.76,0.5436666666666666,0.5436666666666666,0.4848535368761771,3.218884120171673,1.0285202035428438,16.275028887164293,0.5436666666666666,0.8050610013966873,3.218884120171673,1.348727668063354,13.467556257797147,0.32020746452051024,0.32020746452051024,0.3202074645205102,0.3202074645205102,-2.8074726293671457,2.8074726293671457,0.048988737000422444,0.031779591892977035,0.7370668629416213,True,FULL,FULL_exp_d_rank_2
171,0.32,2.17,4.74,4.0465,4.0465,1.7565900119017304,2.3041474654377883,5.80309001190173,11.4900793995,4.0465,0.6494026104379875,2.3041474654377883,4.6959026104379875,14.160923388338732,-1.1071874014637428,1.1071874014637428,-1.1071874014637428,1.1071874014637428,2.6708439888387314,2.6708439888387314,0.17644163500820886,0.11201257921903576,0.9050879511173289,True,FULL,FULL_exp_d_rank_2
172,1.88,4.13,15.76,14.8875,14.8875,14.997831291761866,1.2106537530266344,29.885331291761865,2.0220034481788933,14.8875,55.17243510261484,1.2106537530266344,70.05993510261484,1.4240899918915444,40.17460381085297,40.17460381085297,40.17460381085298,40.17460381085298,-0.5979134562873489,0.5979134562873489,0.6021409643013557,0.3663077186222402,0.953878510717614,True,FULL,FULL_exp_d_rank_2
173,0.23,1.5666666666666669,0.81,0.5826666666666666,0.5826666666666666,0.6080845262035995,3.191489361702127,1.190751192870266,12.675105003139644,0.5826666666666666,0.8478531407912017,3.191489361702127,1.4305198074578682,10.743036238561077,0.23976861458760212,0.23976861458760212,0.23976861458760212,0.23976861458760212,-1.9320687645785668,1.9320687645785668,0.027200149817048207,0.018244038164905482,0.9345089677040656,True,FULL,FULL_exp_d_rank_2
175,1.85,4.1125,17.29,16.4125,16.4125,14.29966321375646,1.21580547112462,30.71216321375646,2.100213453400296,16.4125,90.26692861920468,1.21580547112462,106.67942861920469,1.3710722050370512,75.96726540544822,75.96726540544822,75.96726540544822,75.96726540544822,-0.7291412483632449,0.7291412483632449,0.6237117258631212,0.4189113463649464,0.9587650258803502,True,FULL,FULL_exp_d_rank_2
176,0.65,1.5766666666666669,0.57,0.478,0.478,1.612273609680621,3.1712473572938684,2.090273609680621,4.48569879514461,0.478,0.7302747368612981,3.1712473572938684,1.208274736861298,4.476102071836026,-0.8819988728193229,0.8819988728193229,-0.8819988728193229,0.8819988728193229,-0.009596723308583854,0.009596723308583854,0.056097885201641044,0.04096170650142175,0.6581236358857514,True,FULL,FULL_exp_d_rank_2
177,1.47,2.6333333333333333,3.8,3.616,3.616,6.14964024424423,1.89873417721519,9.76564024424423,2.66832825839853,3.616,0.5129886132018169,1.89873417721519,4.128988613201817,3.7871410244004617,-5.6366516310424135,5.6366516310424135,-5.636651631042413,5.636651631042413,1.1188127660019318,1.1188127660019318,0.15154010563237424,0.11860825486755026,0.9546887712947628,True,FULL,FULL_exp_d_rank_2
178,2.12,4.1575,13.69,12.965,12.965,17.833183532648366,1.2026458208057729,30.79818353264837,1.8070468059221405,12.965,29.776448282740137,1.2026458208057729,42.74144828274014,1.466802570647848,11.943264750091771,11.943264750091771,11.943264750091767,11.943264750091767,-0.3402442352742925,0.3402442352742925,0.6606455082222868,0.4150411708998811,0.9306439666044997,True,FULL,FULL_exp_d_rank_2
179,0.48,1.5666666666666669,0.88,0.6386666666666666,0.6386666666666666,2.2710172374402005,3.191489361702127,2.909683904106867,5.11752583659357,0.6386666666666666,1.0314431365611028,3.191489361702127,1.6701098032277693,5.220884232587989,-1.2395741008790977,1.2395741008790977,-1.2395741008790977,1.2395741008790977,0.10335839599441865,0.10335839599441865,0.09794382924720398,0.0702346248082169,0.522777679421089,True,FULL,FULL_exp_d_rank_2
181,0.9,3.925,17.84,14.94,14.94,13.029435602700998,1.2738853503184715,27.969435602700997,3.4621547532157915,14.94,65.13301935112128,1.2738853503184715,80.07301935112127,2.0101672167028584,52.10358374842028,52.10358374842028,52.10358374842028,52.10358374842028,-1.451987536512933,1.451987536512933,2.436321592576188,1.8306528640881472,0.05480994421541707,True,FULL,FULL_exp_d_rank_2
182,0.22,1.49,0.66,0.4575,0.4575,0.5513217275318822,3.3557046979865772,1.0088217275318825,12.75282127395527,0.4575,0.9239833882566276,3.3557046979865772,1.3814833882566278,10.267058204007895,0.3726616607247454,0.3726616607247454,0.37266166072474527,0.37266166072474527,-2.4857630699473745,2.4857630699473745,0.04342013834797351,0.029444438711823066,0.7631774096499645,True,FULL,FULL_exp_d_rank_2
183,1.93,3.1,4.22,4.0145,4.0145,10.822557992923612,1.6129032258064515,14.837057992923611,2.064879723343122,4.0145,0.1085908681662042,1.6129032258064515,4.123090868166204,3.9630296803687624,-10.713967124757408,10.713967124757408,-10.713967124757406,10.713967124757406,1.8981499570256402,1.8981499570256402,0.187044608039041,0.15234865812967763,0.9460949485345922,True,FULL,FULL_exp_d_rank_2
184,3.98,4.75,15.12,14.85,14.85,45.661479023586836,1.0526315789473684,60.51147902358684,1.247654255784918,14.85,56.20563082226351,1.0526315789473684,71.05563082226351,1.1291741358279066,10.544151798676673,10.544151798676673,10.544151798676673,10.544151798676673,-0.11848011995701135,0.11848011995701135,0.8524226568489791,0.5476653954229419,0.9036347568630362,True,FULL,FULL_exp_d_rank_2
185,0.13,1.5666666666666669,1.09,0.5446666666666667,0.5446666666666667,0.9576325699215577,3.191489361702127,1.5022992365882244,21.905585532286455,0.5446666666666667,1.4274600378271982,3.191489361702127,1.9721267044938648,19.66515374616264,0.46982746790564056,0.46982746790564056,0.46982746790564045,0.46982746790564045,-2.240431786123814,2.240431786123814,0.09437035811376394,0.05818156935192634,0.7014727241307681,True,FULL,FULL_exp_d_rank_2
186,0.28,2.1775,5.16,3.81425,3.81425,3.130431077528114,2.296211251435132,6.944681077528114,11.220553160809676,3.81425,2.3386298992507624,2.296211251435132,6.152879899250762,11.507151309055416,-0.7918011782773515,0.7918011782773515,-0.7918011782773515,0.7918011782773515,0.2865981482457407,0.2865981482457407,0.1510447209797375,0.09443125520046278,0.9444539808562671,True,FULL,FULL_exp_d_rank_2
187,0.7,3.88,16.09,11.71,11.71,14.993697153202367,1.288659793814433,26.70369715320237,3.931657649182005,11.71,39.253111737279355,1.288659793814433,50.963111737279355,2.738472442709817,24.259414584076985,24.259414584076985,24.259414584076985,24.259414584076985,-1.193185206472188,1.193185206472188,1.9885118135556221,1.423024015380754,0.19649191992035697,True,FULL,FULL_exp_d_rank_2
188,1.1,2.06,0.64,0.593,0.593,1.513280437089641,2.4271844660194173,2.1062804370896413,3.268679989536249,0.593,0.4879442288360671,2.4271844660194173,1.0809442288360671,3.477036861248636,-1.025336208253574,1.025336208253574,-1.0253362082535742,1.0253362082535742,0.20835687171238693,0.20835687171238693,0.04516953153476329,0.0339133411430577,0.8510063387079447,True,FULL,FULL_exp_d_rank_2
189,3.11,3.85,4.79,4.4285,4.4285,105.61771145632456,1.2987012987012987,110.04621145632456,1.3813754414682702,4.4285,0.2625552031708409,1.2987012987012987,4.691055203170841,2.4267159578430477,-105.35515625315372,105.35515625315372,-105.35515625315372,105.35515625315372,1.0453405163747775,1.0453405163747775,0.7522153217764969,0.538143657410448,0.27154619561420457,True,FULL,FULL_exp_d_rank_2
190,2.95,4.833333333333333,17.57,15.660000000000002,15.660000000000002,133.5433516563727,1.0344827586206895,149.2033516563727,1.194201194728314,15.660000000000002,85.66622414480543,1.0344827586206895,101.32622414480542,1.1175867354544198,-47.87712751156727,47.87712751156727,-47.87712751156727,47.87712751156727,-0.07661445927389421,0.07661445927389421,2.583619937633099,1.9501928707742753,0.37939294014448366,True,FULL,FULL_exp_d_rank_2
191,0.1,1.64,1.15,0.5823333333333333,0.5823333333333333,0.8468851223123651,3.048780487804878,1.4292184556456984,32.276683117014976,0.5823333333333333,1.1539553427074811,3.048780487804878,1.7362886760408147,29.99832268841094,0.307070220395116,0.307070220395116,0.30707022039511633,0.30707022039511633,-2.278360428604035,2.278360428604035,0.0703167802286195,0.04189473943243229,0.8332964745685391,True,FULL,FULL_exp_d_rank_2
192,0.26,2.06,5.06,2.78625,2.78625,5.537602820988881,2.4271844660194173,8.323852820988881,9.67711986223781,2.78625,7.596142394457268,2.4271844660194173,10.382392394457268,8.407365230693804,2.058539573468387,2.058539573468387,2.058539573468387,2.058539573468387,-1.2697546315440054,1.2697546315440054,0.2716772341847252,0.18134297532103802,0.8852843755679837,True,FULL,FULL_exp_d_rank_2
193,0.48,3.91,15.79,12.4225,12.4225,7.40432598861948,1.278772378516624,19.82682598861948,7.151633571136485,12.4225,7.2218153040814705,1.278772378516624,19.64431530408147,6.86448521520204,-0.18251068453800912,0.18251068453800912,-0.18251068453800912,0.18251068453800912,-0.28714835593444477,0.28714835593444477,0.10090456642308106,0.0466860554526513,0.9970627820690289,True,FULL,FULL_exp_d_rank_2
194,0.47,1.5599999999999998,0.9,0.6583333333333333,0.6583333333333333,2.1587521490528645,3.2051282051282053,2.8170854823861977,5.267358968714256,0.6583333333333333,1.024706459190043,3.2051282051282053,1.6830397925233762,5.351589811717007,-1.1340456898628215,1.1340456898628215,-1.1340456898628215,1.1340456898628215,0.08423084300275097,0.08423084300275097,0.09450175154949182,0.06740754243246828,0.5675112216357158,True,FULL,FULL_exp_d_rank_2
195,0.49,2.1875,5.79,4.2505,4.2505,7.336962282580967,2.2857142857142856,11.587462282580969,5.320972461121309,4.2505,8.843197052876011,2.2857142857142856,13.093697052876012,4.4432406471433845,1.5062347702950438,1.5062347702950438,1.506234770295043,1.506234770295043,-0.8777318139779249,0.8777318139779249,0.14217254991713316,0.07853642027867487,0.9717478200533789,True,FULL,FULL_exp_d_rank_2
196,1.09,3.86,17.51,14.9375,14.9375,16.553387035413166,1.2953367875647668,31.490887035413166,2.8169440230151195,14.9375,86.6242111901227,1.2953367875647668,101.5617111901227,1.6796511365439373,70.07082415470953,70.07082415470953,70.07082415470953,70.07082415470953,-1.1372928864711822,1.1372928864711822,1.29482179410297,1.0314491953711673,0.7582827751418785,True,FULL,FULL_exp_d_rank_2
197,0.14,2.0725,0.99,0.65575,0.65575,0.5146811885872504,2.4125452352231607,1.1704311885872505,25.510159206488257,0.65575,0.5626349517455003,2.4125452352231607,1.2183849517455003,24.483841691927932,0.04795376315824984,0.04795376315824984,0.04795376315824984,0.04795376315824984,-1.0263175145603256,1.0263175145603256,0.010144678267140703,0.006100975447004824,0.9926960207852913,True,FULL,FULL_exp_d_rank_2
199,2.66,4.3725000000000005,17.29,16.490000000000002,16.490000000000002,37.39926722177272,1.1435105774728416,53.88926722177272,1.504191322919805,16.490000000000002,101.65638582282396,1.1435105774728416,118.14638582282394,1.2263025540242112,64.25711860105125,64.25711860105125,64.25711860105122,64.25711860105122,-0.2778887688955938,0.2778887688955938,1.1404696555383027,0.7828899786387936,0.8802040729781155,True,FULL,FULL_exp_d_rank_2
200,1.09,1.85,0.51,0.452,0.452,3.5013968656521643,2.702702702702702,3.953396865652164,3.161464776235545,0.452,0.6243780678434434,2.702702702702702,1.0763780678434434,3.4176617046512177,-2.877018797808721,2.877018797808721,-2.8770187978087205,2.8770187978087205,0.2561969284156729,0.2561969284156729,0.07122379662908955,0.054627670457836,0.4299363271670622,True,FULL,FULL_exp_d_rank_2
201,4.54,28.00018033053748,3.73,3.372542584212134,3.372542584212134,0.9705608512144872,0.178570278511632,4.343103435426621,0.8969826858645201,3.372542584212134,14.694552827067284,0.178570278511632,18.067095411279418,0.403804851411382,13.723991975852798,13.723991975852798,13.723991975852798,13.723991975852798,-0.4931778344531381,0.4931778344531381,1.5111993337477998,1.0409352178074744,-9.646376445684357,True,FULL,FULL_exp_d_rank_2
202,5.68,6.0,13.66,13.51,13.51,45.684267603740025,0.8333333333333334,59.19426760374002,0.9611956816495174,13.51,28.3717185308136,0.8333333333333334,41.8817185308136,0.91915730355891,-17.312549072926426,17.312549072926426,-17.312549072926423,17.312549072926423,-0.0420383780906074,0.0420383780906074,0.6704018447317915,0.4139797696374071,0.9231510581994429,True,FULL,FULL_exp_d_rank_2
203,8.16,15.0,0.64,0.4826666666666666,0.4826666666666666,11.163229285157737,0.3333333333333333,11.645895951824402,0.3680224492093827,0.4826666666666666,13.002242884636674,0.3333333333333333,13.48490955130334,0.3403547658468831,1.8390135994789372,1.8390135994789372,1.839013599478939,1.839013599478939,-0.027667683362499584,0.027667683362499584,0.1681612566494211,0.12850736303286012,-0.6595800897266371,True,FULL,FULL_exp_d_rank_2
204,9.63,15.0,1.15,0.9263333333333332,0.9263333333333332,31.67109901569681,0.3333333333333333,32.59743234903014,0.356302565715436,0.9263333333333332,25.46144583409564,0.3333333333333333,26.38777916742897,0.3387039508825817,-6.209653181601169,6.209653181601169,-6.209653181601173,6.209653181601173,-0.017598614832854298,0.017598614832854298,0.3369331166146429,0.2569822654379061,-0.8465164947285517,True,FULL,FULL_exp_d_rank_2
205,8.17,15.0,1.67,1.391,1.391,14.757831874738754,0.3333333333333333,16.148831874738754,0.3859250855203011,1.391,15.600354830877246,0.3333333333333333,16.991354830877246,0.3496299456210086,0.8425229561384917,0.8425229561384917,0.8425229561384917,0.8425229561384917,-0.036295139899292506,0.036295139899292506,0.2943856440256286,0.22129947456955557,0.08891800515604065,True,FULL,FULL_exp_d_rank_2
206,7.68,15.0,2.36,1.9943333333333333,1.9943333333333333,14.016889640854824,0.3333333333333333,16.011222974188158,0.404258783461519,1.9943333333333333,13.866878163748318,0.3333333333333333,15.861211497081651,0.3613315771040548,-0.15001147710650642,0.15001147710650642,-0.15001147710650642,0.15001147710650642,-0.04292720635746422,0.04292720635746422,0.3362866528605808,0.24860019319292093,0.3674525365115012,True,FULL,FULL_exp_d_rank_2
207,12.65,17.5,2.87,2.478,2.478,85.54466261294648,0.2857142857142857,88.02266261294648,0.3027127732951231,2.478,222.200656375271,0.2857142857142857,224.678656375271,0.2869253674569734,136.6559937623245,136.6559937623245,136.65599376232453,136.65599376232453,-0.015787405838149693,0.015787405838149693,0.7521025198119804,0.5442820170748734,-0.6268219944414617,True,FULL,FULL_exp_d_rank_2
209,0.55,3.75,0.015,0.014,0.014,0.0024195869070291,1.3333333333333333,0.0164195869070291,8.395940887010124,0.014,0.0337065831777072,1.3333333333333333,0.0477065831777072,3.930564756465868,0.0312869962706781,0.0312869962706781,0.0312869962706781,0.0312869962706781,-4.465376130544255,4.465376130544255,0.004213211994501464,0.0027958982420199056,-4.469350866926231,True,FULL,FULL_exp_d_rank_2
210,0.73,3.75,0.017,0.0155,0.0155,0.0049950016940742,1.3333333333333333,0.0204950016940742,5.436911505105911,0.0155,0.0534411701426903,1.3333333333333333,0.0689411701426903,2.5937226374206404,0.0484461684486161,0.0484461684486161,0.0484461684486161,0.0484461684486161,-2.843188867685271,2.843188867685271,0.003991301563944865,0.0028418785430793596,-2.1431344057313657,True,FULL,FULL_exp_d_rank_2
211,0.73,3.75,0.031,0.0205,0.0205,0.0421170527109933,1.3333333333333333,0.0626170527109933,3.3538139443417307,0.0205,0.2524428349795127,1.3333333333333333,0.2729428349795127,1.98631510953252,0.2103257822685194,0.2103257822685194,0.21032578226851942,0.21032578226851942,-1.3674988348092108,1.3674988348092108,0.01086221519070805,0.00817560810180571,-4.404765271529289,True,FULL,FULL_exp_d_rank_2
212,0.56,4.25,0.032,0.0305,0.0305,0.0032729190185453,1.1764705882352942,0.0337729190185453,9.217143579218789,0.0305,0.1446732870095816,1.1764705882352942,0.1751732870095816,3.427624589119012,0.1414003679910363,0.1414003679910363,0.14140036799103628,0.14140036799103628,-5.7895189900997766,5.7895189900997766,0.020517371666136378,0.013509408497252535,-29.5474051921605,True,FULL,FULL_exp_d_rank_2
213,0.61,4.25,0.036,0.032,0.032,0.0097117896904809,1.1764705882352942,0.0417117896904809,6.613265489413038,0.032,0.1901159752360772,1.1764705882352942,0.2221159752360772,2.924022558340079,0.1804041855455963,0.1804041855455963,0.1804041855455963,0.1804041855455963,-3.6892429310729593,3.6892429310729593,0.023023458020104446,0.01553490502068053,-27.75376167259711,True,FULL,FULL_exp_d_rank_2
214,0.8,4.25,0.041,0.0365,0.0365,0.0146135447707714,1.1764705882352942,0.0511135447707714,4.687843076991533,0.0365,0.2296402552826027,1.1764705882352942,0.2661402552826027,2.062772376776995,0.2150267105118313,0.2150267105118313,0.2150267105118313,0.2150267105118313,-2.625070700214538,2.625070700214538,0.016619991253906567,0.011982905203211882,-8.609269256374482,True,FULL,FULL_exp_d_rank_2
215,0.85,4.25,0.053,0.0412499999999999,0.0412499999999999,0.0449535990108785,1.1764705882352942,0.0862035990108784,3.4008265344224067,0.0412499999999999,0.3502303069156836,1.1764705882352942,0.3914803069156835,1.822199626519432,0.3052767079048051,0.3052767079048051,0.3052767079048051,0.3052767079048051,-1.5786269079029747,1.5786269079029747,0.01737518100965264,0.012952732804707032,-4.716878378976433,True,FULL,FULL_exp_d_rank_2
216,1.18,4.75,0.072,0.06875,0.06875,0.0144953537063408,1.0526315789473684,0.0832453537063408,3.803418428356459,0.06875,0.3337471051885213,1.0526315789473684,0.4024971051885214,1.5261644097898142,0.3192517514821805,0.3192517514821805,0.3192517514821806,0.3192517514821806,-2.2772540185666448,2.2772540185666448,0.01362812149254323,0.010204100079340674,-0.712977771755368,True,FULL,FULL_exp_d_rank_2
217,1.07,4.75,0.082,0.07425,0.07425,0.0316745022212473,1.0526315789473684,0.1059245022212473,3.494012368300583,0.07425,0.3842009045238078,1.0526315789473684,0.4584509045238078,1.6216251783617304,0.3525264023025605,0.3525264023025605,0.3525264023025605,0.3525264023025605,-1.8723871899388527,1.8723871899388527,0.01832005582893308,0.013655079346196863,-1.5628409503012728,True,FULL,FULL_exp_d_rank_2
218,0.99,4.75,0.091,0.0815,0.0815,0.0350845623553453,1.0526315789473684,0.1165845623553453,3.740061038065954,0.0815,0.4085574455886145,1.0526315789473684,0.4900574455886146,1.7495647476689775,0.3734728832332692,0.3734728832332692,0.37347288323326927,0.37347288323326927,-1.9904962903969763,1.9904962903969763,0.023916186480065136,0.01754149977552303,-2.7555856366572313,True,FULL,FULL_exp_d_rank_2
219,1.33,4.75,0.123,0.109,0.109,0.0845437839006371,1.0526315789473684,0.1935437839006371,2.512415047002486,0.109,0.4947944903205811,1.0526315789473684,0.6037944903205811,1.435652053658894,0.410250706419944,0.410250706419944,0.410250706419944,0.410250706419944,-1.0767629933435923,1.0767629933435923,0.010133841529149664,0.007918034638955239,0.6999179265088116,True,FULL,FULL_exp_d_rank_2
220,0.57,3.0,0.057,0.045,0.045,0.0423378142666348,1.6666666666666667,0.0873378142666348,5.252909248352316,0.045,0.4615623948960612,1.6666666666666667,0.5065623948960613,2.6304661710681154,0.4192245806294264,0.4192245806294264,0.41922458062942647,0.41922458062942647,-2.622443077284201,2.622443077284201,0.026921740649989388,0.019827545833847333,-11.401632231638386,True,FULL,FULL_exp_d_rank_2
221,0.74,3.0,0.052,0.0426666666666666,0.0426666666666666,0.0483380999196384,1.6666666666666667,0.091004766586305,3.990648101805694,0.0426666666666666,0.4264287507823989,1.6666666666666667,0.4690954174490656,2.1218051868341035,0.3780906508627605,0.3780906508627605,0.37809065086276056,0.37809065086276056,-1.8688429149715904,1.8688429149715904,0.009502801113229611,0.007451555746348657,-0.6028461225888162,True,FULL,FULL_exp_d_rank_2
222,1.17,3.75,0.042,0.037,0.037,0.0379972465016185,1.3333333333333333,0.0749972465016185,2.7555455668379523,0.037,0.2870228173295864,1.3333333333333333,0.3240228173295864,1.58445184309683,0.2490255708279679,0.2490255708279679,0.2490255708279679,0.2490255708279679,-1.1710937237411223,1.1710937237411223,0.002712363047973896,0.002233491095602171,0.8281348343741041,True,FULL,FULL_exp_d_rank_2
223,2.7,4.333333333333333,0.036,0.0356666666666666,0.0356666666666666,0.012315781767816,1.153846153846154,0.0479824484344826,2.0063850757344786,0.0356666666666666,0.2068054058667743,1.153846153846154,0.2424720725334409,1.239209528609866,0.19448962409895829,0.19448962409895829,0.1944896240989583,0.1944896240989583,-0.7671755471246124,0.7671755471246124,0.0014139506850911721,0.0008587262756417787,0.9586592542382968,True,FULL,FULL_exp_d_rank_2
224,0.75,3.5,0.022,0.02125,0.02125,0.0026705992767688,1.4285714285714286,0.0239205992767688,6.637578410976577,0.02125,0.1084002149736812,1.4285714285714286,0.1296502149736812,2.305298561911172,0.1057296156969124,0.1057296156969124,0.1057296156969124,0.1057296156969124,-4.332279849065404,4.332279849065404,0.006599814238572239,0.004806311256799005,-3.8517462188947746,True,FULL,FULL_exp_d_rank_2
225,1.15,3.5,0.021,0.02,0.02,0.0073958891535081,1.4285714285714286,0.0273958891535081,3.6113543932907137,0.02,0.1048990846489704,1.4285714285714286,0.1248990846489704,1.7634399052932996,0.0975031954954623,0.0975031954954623,0.0975031954954623,0.0975031954954623,-1.847914487997414,1.847914487997414,0.0015669211460072607,0.0012654815113548837,0.7838404962163819,True,FULL,FULL_exp_d_rank_2
226,1.1,3.5,0.02,0.01925,0.01925,0.004956977641193,1.4285714285714286,0.024206977641193,4.054827267846036,0.01925,0.0928470924286806,1.4285714285714286,0.1120970924286806,1.820002812510521,0.0878901147874876,0.0878901147874876,0.0878901147874876,0.0878901147874876,-2.2348244553355157,2.2348244553355157,0.0018212713005179002,0.0014423853618951105,0.6659625294706837,True,FULL,FULL_exp_d_rank_2
227,1.25,3.5,0.019,0.01875,0.01875,0.0019847706438796,1.4285714285714286,0.0207347706438796,4.418502888206739,0.01875,0.0810875769596979,1.4285714285714286,0.0998375769596979,1.7634702462306575,0.0791028063158183,0.0791028063158183,0.0791028063158183,0.0791028063158183,-2.655032641976082,2.655032641976082,0.001337104275327887,0.0010957331096165008,0.8077907891121184,True,FULL,FULL_exp_d_rank_2
228,0.7,3.0,0.059,0.0456666666666666,0.0456666666666666,0.0656740182268081,1.6666666666666667,0.1113406848934747,3.9285722676402535,0.0456666666666666,0.4852661735203149,1.6666666666666667,0.5309328401869815,2.1762800979685712,0.4195921552935068,0.4195921552935068,0.4195921552935068,0.4195921552935068,-1.7522921696716822,1.7522921696716822,0.012070910077097093,0.00943188511199193,-1.0129629365034645,True,FULL,FULL_exp_d_rank_2
229,0.8,3.75,0.039,0.03775,0.03775,0.0044128695173391,1.3333333333333333,0.0421628695173391,6.31959788609588,0.03775,0.2272212460040316,1.3333333333333333,0.2649712460040316,2.0832840270382333,0.2228083764866925,0.2228083764866925,0.2228083764866925,0.2228083764866925,-4.236313859057647,4.236313859057647,0.013354658265890383,0.009775468337570578,-5.359105464229094,True,FULL,FULL_exp_d_rank_2
230,1.1,3.75,0.031,0.03025,0.03025,0.004226216061608,1.3333333333333333,0.034476216061608,4.574641618565765,0.03025,0.1739915780457421,1.3333333333333333,0.2042415780457421,1.6998230499000897,0.1697653619841341,0.1697653619841341,0.1697653619841341,0.1697653619841341,-2.874818568665675,2.874818568665675,0.00415861403609362,0.0032308315446808542,0.2211256851447625,True,FULL,FULL_exp_d_rank_2
234,0.99,3.0,0.523,0.4803333333333333,0.4803333333333333,0.3422582854093307,1.6666666666666667,0.822591618742664,3.6102895519762694,0.4803333333333333,0.4315296548597647,1.6666666666666667,0.911862988193098,3.024224999811338,0.08927136945043401,0.08927136945043401,0.08927136945043401,0.08927136945043401,-0.5860645521649315,0.5860645521649315,0.012401036984460106,0.006491415685954575,0.9780341720714869,True,FULL,FULL_exp_d_rank_2
235,1.49,3.0,0.929,0.87,0.87,1.3911680147990315,1.6666666666666667,2.261168014799032,2.4688599946843404,0.87,0.2579488211575923,1.6666666666666667,1.1279488211575923,3.0659453121146276,-1.1332191936414393,1.1332191936414393,-1.1332191936414395,1.1332191936414395,0.5970853174302873,0.5970853174302873,0.04466386954637471,0.03451327582015163,0.9295037340062171,True,FULL,FULL_exp_d_rank_2
236,2.48,3.5,1.278,1.2245,1.2245,4.974718816480315,1.4285714285714286,6.199218816480315,1.7047169871616714,1.2245,0.1168286869642298,1.4285714285714286,1.3413286869642298,2.663999174627691,-4.857890129516085,4.857890129516085,-4.857890129516084,4.857890129516084,0.9592821874660196,0.9592821874660196,0.06928040431709612,0.05299276412314471,0.914364192912834,True,FULL,FULL_exp_d_rank_2
238,1.16,3.0,0.606,0.5299999999999999,0.5299999999999999,0.9995028593983644,1.6666666666666667,1.5295028593983642,2.6762963684092975,0.5299999999999999,0.4817205227113713,1.6666666666666667,1.0117205227113713,2.7325858665617435,-0.5177823366869931,0.5177823366869931,-0.5177823366869929,0.5177823366869929,0.056289498152445994,0.056289498152445994,0.03994755716432965,0.02871980391326215,0.842174896097962,True,FULL,FULL_exp_d_rank_2
239,2.0,3.5,0.785,0.745,0.745,1.4880839300345443,1.4285714285714286,2.2330839300345446,1.9471028822830023,0.745,0.322300744103647,1.4285714285714286,1.067300744103647,2.255655824303218,-1.1657831859308974,1.1657831859308974,-1.1657831859308976,1.1657831859308976,0.30855294202021577,0.30855294202021577,0.04139090988899566,0.03189829411998502,0.9212211198017907,True,FULL,FULL_exp_d_rank_2
240,1.84,3.0,1.067,0.9266666666666667,0.9266666666666667,11.34965538746409,1.6666666666666667,12.276322054130755,1.8769974838423913,0.9266666666666667,0.4068588332527281,1.6666666666666667,1.3335254999193948,2.5410511145086754,-10.94279655421136,10.94279655421136,-10.94279655421136,10.94279655421136,0.6640536306662841,0.6640536306662841,0.18257613010038243,0.1433831736386304,0.18325149278690822,True,FULL,FULL_exp_d_rank_2
241,2.5,3.5,1.53,1.435,1.435,11.191062390354295,1.4285714285714286,12.626062390354296,1.6206039521105755,1.435,0.071619177918023,1.4285714285714286,1.5066191779180231,2.93510265373562,-11.119443212436272,11.119443212436272,-11.119443212436273,11.119443212436273,1.3144987016250445,1.3144987016250445,0.13053362381834122,0.0994465689950982,0.7810742173359545,True,FULL,FULL_exp_d_rank_2
242,1.28,13.0,0.381,0.236,0.236,0.2798827945510767,0.3846153846153846,0.5158827945510767,2.332154177278262,0.236,0.8278655680848064,0.3846153846153846,1.0638655680848064,1.7756042739715394,0.5479827735337297,0.5479827735337297,0.5479827735337297,0.5479827735337297,-0.5565499033067225,0.5565499033067225,0.10095463597691051,0.06354708471418624,-2.7952224913674826,True,FULL,FULL_exp_d_rank_2
243,1.94,13.0,1.479,1.139,1.139,0.9051763320711632,0.3846153846153846,2.0441763320711632,1.6142343389282214,1.139,0.4877283355703317,0.3846153846153846,1.6267283355703317,1.801458481945283,-0.41744799650083153,0.41744799650083153,-0.41744799650083153,0.41744799650083153,0.18722414301706158,0.18722414301706158,0.06790656657232716,0.04383582617789671,0.8673696132366161,True,FULL,FULL_exp_d_rank_2
244,2.29,13.0,30.401,2.493,2.493,191.4872115140508,0.3846153846153846,193.9802115140508,0.5794840127037909,2.493,104.71447189429878,0.3846153846153846,107.20747189429878,0.5551476676471606,-86.77273961975203,86.77273961975203,-86.77273961975203,86.77273961975203,-0.024336345056630293,0.024336345056630293,7.111140591169467,5.088042930273541,0.4400215721609062,True,FULL,FULL_exp_d_rank_2
245,3.95,13.0,5.488,4.171,4.171,11.473466241634494,0.3846153846153846,15.644466241634497,0.6512771868667829,4.171,1.2373760317325484,0.3846153846153846,5.408376031732549,0.9998976419568129,-10.236090209901946,10.236090209901946,-10.236090209901949,10.236090209901949,0.3486204550900299,0.3486204550900299,0.6550319965302143,0.4843665610982047,0.4244882879852244,True,FULL,FULL_exp_d_rank_2
246,0.34,13.0,0.306,0.104,0.104,0.238125551076079,0.3846153846153846,0.342125551076079,11.465962069935722,0.104,0.844822670318623,0.3846153846153846,0.948822670318623,10.43353126250517,0.606697119242544,0.606697119242544,0.606697119242544,0.606697119242544,-1.0324308074305524,1.0324308074305524,0.16075611179621732,0.091445664023716,-8.018901571506289,True,FULL,FULL_exp_d_rank_2
247,0.55,13.0,1.422,0.768,0.768,0.854926430267495,0.3846153846153846,1.622926430267495,6.829794290098721,0.768,0.4625567834203903,0.3846153846153846,1.2305567834203903,7.584821145614273,-0.39236964684710474,0.39236964684710474,-0.39236964684710474,0.39236964684710474,0.7550268555155526,0.7550268555155526,0.09881602625081909,0.057222625996736574,0.7415654854724095,True,FULL,FULL_exp_d_rank_2
250,0.1,15.0,0.367,0.136,0.136,0.2402542971419538,0.3333333333333333,0.3762542971419538,56.09759499434641,0.136,0.6699558188505667,0.3333333333333333,0.8059558188505667,52.84038555826761,0.42970152170861287,0.42970152170861287,0.42970152170861287,0.42970152170861287,-3.2572094360787958,3.2572094360787958,0.11713109160718368,0.06581125476031169,-3.263132011194023,True,FULL,FULL_exp_d_rank_2
251,0.67,15.0,1.297,0.843,0.843,0.5998183417647385,0.3333333333333333,1.4428183417647384,6.0080454699914485,0.843,0.2831949716785338,0.3333333333333333,1.1261949716785338,6.920810149319341,-0.31662337008620467,0.31662337008620467,-0.31662337008620467,0.31662337008620467,0.9127646793278927,0.9127646793278927,0.07897666982182953,0.04584493578181815,0.7276461007296449,True,FULL,FULL_exp_d_rank_2
254,0.42,15.0,0.464,0.223,0.223,0.286841251907236,0.3333333333333333,0.509841251907236,9.785018691865965,0.223,0.731594027277623,0.3333333333333333,0.954594027277623,8.745833596222585,0.44475277537038704,0.44475277537038704,0.44475277537038704,0.44475277537038704,-1.0391850956433792,1.0391850956433792,0.11720436679452104,0.06681315950567783,-2.045264297327099,True,FULL,FULL_exp_d_rank_2
255,1.34,15.0,1.532,0.812,0.812,1.3202731944591186,0.3333333333333333,2.1322731944591187,2.118955632610797,0.812,0.971180814371366,0.3333333333333333,1.783180814371366,2.192514433698322,-0.34909238008775256,0.34909238008775256,-0.34909238008775256,0.34909238008775256,0.07355880108752544,0.07355880108752544,0.07367961956766557,0.04492588648041877,0.9013296795576453,True,FULL,FULL_exp_d_rank_2
256,1.56,15.0,2.845,1.821,1.821,2.049502462074934,0.3333333333333333,3.870502462074933,1.917214666999875,1.821,0.1509654515535536,0.3333333333333333,1.9719654515535536,3.485169147504364,-1.8985370105213801,1.8985370105213801,-1.8985370105213795,1.8985370105213795,1.5679544805044887,1.5679544805044887,0.3616080942998673,0.2234556622427921,0.09304858247757974,True,FULL,FULL_exp_d_rank_2
258,2.09,15.0,55.263,3.813,3.813,190.18212243089908,0.3333333333333333,193.99512243089907,0.7174733228095233,3.813,828.3365806044324,0.3333333333333333,832.1495806044323,0.6684793160067211,638.1544581735333,638.1544581735333,638.1544581735333,638.1544581735333,-0.04899400680280219,0.04899400680280219,71.76592692951019,49.411459081549026,-16.55136344553604,True,FULL,FULL_exp_d_rank_2
284,0.27,1.6652089623887931,2.655,1.3036485066778338,1.3036485066778338,4.61028992899217,3.002626164602998,5.913938435670004,7.913618795998358,1.3036485066778338,4.599465674087484,3.002626164602998,5.903114180765318,7.129791167277723,-0.010824254904686192,0.010824254904686192,-0.010824254904686192,0.010824254904686192,-0.7838276287206352,0.7838276287206352,0.07893869478873179,0.039982539833026326,0.9734039295860935,True,FULL,FULL_exp_d_rank_2
285,0.5,3.083720300719987,2.417,0.6555920235894309,0.6555920235894309,7.127781251237852,1.621418128885619,7.783373274827283,3.420782268328867,0.6555920235894309,2.969091236636549,1.621418128885619,3.62468326022598,3.635124516035175,-4.158690014601302,4.158690014601302,-4.158690014601303,4.158690014601303,0.21434224770630772,0.21434224770630772,0.4793301455837758,0.3290064742752435,0.3595141644299509,True,FULL,FULL_exp_d_rank_2
286,0.88,5.4273477292671775,5.477,2.848434309388562,2.848434309388562,8.806082929225237,0.9212603005031926,11.6545172386138,2.5046228694450243,2.848434309388562,0.7234003488152676,0.9212603005031926,3.5718346582038296,4.551091718397756,-8.08268258040997,8.08268258040997,-8.08268258040997,8.08268258040997,2.0464688489527316,2.0464688489527316,1.062228408462605,0.7130860842095685,-0.23203726391523083,True,FULL,FULL_exp_d_rank_2
287,0.29,1.7885577744175924,3.214,1.959240530267265,1.959240530267265,3.9894927128527247,2.7955484980786536,5.94873324311999,8.412171305906568,1.959240530267265,3.857961868555244,2.7955484980786536,5.817202398822509,7.709871177111671,-0.13153084429748052,0.13153084429748052,-0.13153084429748052,0.13153084429748052,-0.7023001287948976,0.7023001287948976,0.07924456033672117,0.041674668827788384,0.9743009105364379,True,FULL,FULL_exp_d_rank_2
288,0.44,2.7136738646335887,3.179,1.959240530267265,1.959240530267265,3.8637545585443656,1.8425206010063853,5.822995088811631,5.589277438658442,1.959240530267265,1.265397909864352,1.8425206010063853,3.224638440131617,7.00309210311285,-2.5983566486800136,2.5983566486800136,-2.5983566486800136,2.5983566486800136,1.4138146644544083,1.4138146644544083,0.3616639409149218,0.24099027041211094,0.442800978730833,True,FULL,FULL_exp_d_rank_2
289,0.44,2.7136738646335887,5.856,2.848434309388562,2.848434309388562,10.290924987900752,1.8425206010063853,13.139359297289314,4.832563228905287,2.848434309388562,8.04813463873054,1.8425206010063853,10.896568948119102,4.620791100968334,-2.242790349170212,2.242790349170212,-2.242790349170212,2.242790349170212,-0.21177212793695332,0.21177212793695332,0.3886508200606321,0.24904658208109942,0.8692519915452903,True,FULL,FULL_exp_d_rank_2
291,0.42,2.590325052604789,4.293,1.959240530267265,1.959240530267265,8.144262348078403,1.9302596772447849,10.103502878345669,4.906645401620717,1.959240530267265,4.904301998643294,1.9302596772447849,6.863542528910559,4.993648003682425,-3.2399603494351092,3.2399603494351092,-3.23996034943511,3.23996034943511,0.08700260206170807,0.08700260206170807,0.4549262673978692,0.30265680630272285,0.6946351192024445,True,FULL,FULL_exp_d_rank_2
292,0.27,1.6652089623887931,1.816,0.6555920235894309,0.6555920235894309,4.340373544875488,3.002626164602998,4.99596556846492,6.93036783035678,0.6555920235894309,3.663144558932795,3.002626164602998,4.318736582522226,6.436435785106117,-0.6772289859426932,0.6772289859426932,-0.6772289859426932,0.6772289859426932,-0.4939320452506628,0.4939320452506628,0.13112815878684533,0.08325612971427633,0.8919481397751281,True,FULL,FULL_exp_d_rank_2
293,0.55,3.392092330791986,3.752,1.3488617496840016,1.3488617496840016,8.999404803617814,1.4740164808051082,10.348266553301816,3.397073578572742,1.3488617496840016,3.262551948080758,1.4740164808051082,4.6114136977647595,3.8476428842410537,-5.736852855537056,5.736852855537056,-5.736852855537056,5.736852855537056,0.45056930566831177,0.45056930566831177,0.6972871420978243,0.4752840419207292,0.2872141527299784,True,FULL,FULL_exp_d_rank_2
295,1.2,7.400928721727968,0.0307,0.0217962758401608,0.0217962758401608,0.0268208917452208,0.6755908870356747,0.0486171675853816,2.3157906832156443,0.0217962758401608,0.0561415430046387,0.6755908870356747,0.0779378188447995,1.7348706236228677,0.0293206512594179,0.0293206512594179,0.0293206512594179,0.0293206512594179,-0.5809200595927766,0.5809200595927766,0.002987046147130748,0.0020745935651597714,0.48894704381927556,True,FULL,FULL_exp_d_rank_2
296,2.0,12.334881202879949,0.131,0.0508579769603752,0.0508579769603752,0.2935284290129898,0.4053545322214048,0.344386405973365,0.9614433155844516,0.0508579769603752,0.7710048409492255,0.4053545322214048,0.8218628179096007,0.7345247877540956,0.4774764119362357,0.4774764119362357,0.4774764119362357,0.4774764119362357,-0.22691852783035604,0.22691852783035604,0.03671542203508529,0.026637788970942048,-0.7566914405130678,True,FULL,FULL_exp_d_rank_2
297,1.8,11.101393082591954,0.046,0.0145308505601072,0.0145308505601072,0.1222071066849876,0.4503939246904497,0.1367379572450948,0.9937795159488002,0.0145308505601072,0.136921808642132,0.4503939246904497,0.1514526592022392,0.8760237521192878,0.014714701957144388,0.014714701957144388,0.014714701957144388,0.014714701957144388,-0.11775576382951236,0.11775576382951236,0.0010130228357597523,0.0006057475545797692,0.9911142054542927,True,FULL,FULL_exp_d_rank_2
302,0.75,4.625580451079981,0.055,0.0153092991217785,0.0153092991217785,0.1595143577214117,1.080945419257079,0.1748236568431902,2.2969478423570417,0.0153092991217785,0.609420030290941,1.080945419257079,0.6247293294127195,1.7762535642434487,0.44990567256952935,0.44990567256952935,0.4499056725695293,0.4499056725695293,-0.520694278113593,0.520694278113593,0.03295221234202924,0.023934146090607667,-4.954776820960407,True,FULL,FULL_exp_d_rank_2
303,0.91,5.612370947310377,0.041,0.0153092991217785,0.0153092991217785,0.0951653865132687,0.8908890818052851,0.1104746856350472,2.0818876302589207,0.0153092991217785,0.3091821234260251,0.8908890818052851,0.3244914225478036,1.5587303786389868,0.21401673691275638,0.21401673691275638,0.2140167369127564,0.2140167369127564,-0.5231572516199339,0.5231572516199339,0.016488646739578817,0.011943392673908537,-2.46940764248045,True,FULL,FULL_exp_d_rank_2
304,1.87,11.533113924692753,0.046,0.0153092991217785,0.0153092991217785,0.1174680513670647,0.4335342590603259,0.1327773504888432,0.9728764088168116,0.0153092991217785,0.1237715845913391,0.4335342590603259,0.1390808837131177,0.8657496916973976,0.006303533224274405,0.006303533224274405,0.006303533224274488,0.006303533224274488,-0.10712671711941402,0.10712671711941402,0.001462023962985727,0.0007424011286344726,0.9806255454871974,True,FULL,FULL_exp_d_rank_2
305,2.17,13.383346105124744,0.042,0.0153092991217785,0.0153092991217785,0.0995579974430193,0.373598647208668,0.1148672965647978,0.8653228395367738,0.0153092991217785,0.0597024966121394,0.373598647208668,0.0750117957339179,0.8664563216205732,-0.039855500830879895,0.039855500830879895,-0.039855500830879895,0.039855500830879895,0.0011334820837993753,0.0011334820837993753,0.00531473913929725,0.0035661960215797807,0.664914626851,True,FULL,FULL_exp_d_rank_2
311,1.45,8.942788872087963,1.14,0.7935883525311068,0.7935883525311068,1.051107361858608,0.5591096996157306,1.844695714389715,1.879665749713435,0.7935883525311068,0.548591092109067,0.5591096996157306,1.3421794446401738,2.0832829935691546,-0.502516269749541,0.502516269749541,-0.5025162697495411,0.5025162697495411,0.20361724385571955,0.20361724385571955,0.07536139923674261,0.04955540713630697,0.7708955059598455,True,FULL,FULL_exp_d_rank_2
316,1.1,6.784184661583972,1.23,0.5909609098097346,0.5909609098097346,2.195000047586552,0.7370082404025541,2.7859609573962865,1.920963652491806,0.5909609098097346,1.0205532060606632,0.7370082404025541,1.6115141158703978,2.1074153049914415,-1.1744468415258886,1.1744468415258886,-1.1744468415258886,1.1744468415258886,0.18645165249963558,0.18645165249963558,0.15728780222069347,0.10556762873396003,0.5229835796501694,True,FULL,FULL_exp_d_rank_2
317,0.75,4.625580451079981,0.94,0.7727950359050375,0.7727950359050375,0.4751593936736535,1.080945419257079,1.247954429578691,4.459377299507828,0.7727950359050375,0.2502417650228714,1.080945419257079,1.023036800927909,5.000752995124496,-0.22491762865078213,0.22491762865078213,-0.22491762865078213,0.22491762865078213,0.5413756956166678,0.5413756956166678,0.03485658442296084,0.02266188555769636,0.9129583776884027,True,FULL,FULL_exp_d_rank_2
320,1.3,8.017672781871967,3.7,1.9806931592524069,1.9806931592524069,5.70674005649928,0.6236223572636995,7.687433215751687,1.723838260148718,1.9806931592524069,0.3100388241695295,0.6236223572636995,2.2907319834219364,3.4858060092011107,-5.39670123232975,5.39670123232975,-5.39670123232975,5.39670123232975,1.7619677490523926,1.7619677490523926,0.7135707722182056,0.4774769808339746,-0.273644507385401,True,FULL,FULL_exp_d_rank_2
321,1.5,9.25116090215996,2.94,0.5553062574145964,0.5553062574145964,10.568278952724356,0.5404727096285398,11.123585210138952,1.04691166819964,0.5553062574145964,2.6413404282484887,0.5404727096285398,3.1966466856630853,1.198735534786997,-7.926938524475867,7.926938524475867,-7.926938524475867,7.926938524475867,0.15182386658735703,0.15182386658735703,0.8204385418932914,0.5716092311704715,-0.03172960358265264,True,FULL,FULL_exp_d_rank_2
322,1.7,10.484649022447956,1.47,1.1106125148291928,1.1106125148291928,1.0572811334663703,0.4768876849663586,2.1678936482955633,1.7502458150213789,1.1106125148291928,0.3377608524339326,0.4768876849663586,1.4483733672631254,2.244399879299908,-0.7195202810324377,0.7195202810324377,-0.7195202810324379,0.7195202810324379,0.49415406427852915,0.49415406427852915,0.10495367216220994,0.06891969995727208,0.7011305315803386,True,FULL,FULL_exp_d_rank_2
323,1.7,10.484649022447956,7.35,2.2212250296583855,2.2212250296583855,20.160376750419932,0.4768876849663586,22.381601780078316,1.0379375597762583,2.2212250296583855,2.878705335938551,0.4768876849663586,5.099930365596936,1.4791325856727298,-17.28167141448138,17.28167141448138,-17.28167141448138,17.28167141448138,0.4411950258964714,0.4411950258964714,1.9815514088703223,1.3630424781179684,-0.2839145006113397,True,FULL,FULL_exp_d_rank_2
327,0.1,0.6167440601439975,0.08,0.0796743371481683,0.0796743371481683,0.0008090983306987,8.107090644428094,0.080483435478867,77.68977402204777,0.0796743371481683,0.6276723557227727,8.107090644428094,0.707346692870941,16.26469289886669,0.6268632573920739,0.6268632573920739,0.626863257392074,0.626863257392074,-61.42508112318108,61.42508112318108,0.06445633877795715,0.04459076318595021,-46.75971989499783,True,FULL,FULL_exp_d_rank_2
329,1.2,7.400928721727968,0.024,0.0202072594216368,0.0202072594216368,0.010665146237602,0.6755908870356747,0.0308724056592388,2.9023919692701785,0.0202072594216368,0.0118101720554138,0.6755908870356747,0.0320174314770507,2.6436213711641083,0.0011450258178118,0.0011450258178118,0.0011450258178118955,0.0011450258178118955,-0.25877059810607017,0.25877059810607017,0.00016728090854835958,0.00010089020712712043,0.9968870416327612,True,FULL,FULL_exp_d_rank_2
330,1.1,6.784184661583972,0.025,0.0202072594216368,0.0202072594216368,0.0137190748784508,0.7370082404025541,0.0339263343000876,2.9611290302817843,0.0202072594216368,0.0283094621968247,0.7370082404025541,0.0485167216184615,2.2354886606574027,0.0145903873183739,0.0145903873183739,0.0145903873183739,0.0145903873183739,-0.7256403696243816,0.7256403696243816,0.0016450004189061016,0.0011116448629654367,0.7290201245375886,True,FULL,FULL_exp_d_rank_2
331,1.25,7.709300751799968,0.047,0.0398371685740841,0.0398371685740841,0.0200809505252075,0.6485672515542477,0.0599181190992916,2.820311710406355,0.0398371685740841,0.1235521123887818,0.6485672515542477,0.1633892809628659,1.5890420181839693,0.1034711618635743,0.1034711618635743,0.1034711618635743,0.1034711618635743,-1.2312696922223856,1.2312696922223856,0.011616076686267582,0.007976579881904389,-2.924283762020477,True,FULL,FULL_exp_d_rank_2
332,1.2,7.400928721727968,0.05,0.0398371685740841,0.0398371685740841,0.0292663957131568,0.6755908870356747,0.0691035642872409,2.6576864448773354,0.0398371685740841,0.1625921086001529,0.6755908870356747,0.202429277174237,1.550500036971363,0.1333257128869961,0.1333257128869961,0.1333257128869961,0.1333257128869961,-1.1071864079059723,1.1071864079059723,0.014260186459524442,0.009887257515509285,-4.033625174396771,True,FULL,FULL_exp_d_rank_2
333,1.6,9.86790496230396,0.093,0.0796743371481683,0.0796743371481683,0.0371742575975103,0.5066931652767559,0.1168485947456786,2.2486028629786348,0.0796743371481683,0.2793593085934083,0.5066931652767559,0.3590336457415766,1.204942337468934,0.242185050995898,0.242185050995898,0.242185050995898,0.242185050995898,-1.0436605255097007,1.0436605255097007,0.0269498064172317,0.01854125049414347,-4.413703656918231,True,FULL,FULL_exp_d_rank_2
334,2.5,15.418601503599936,0.1,0.0796743371481683,0.0796743371481683,0.0585327914263222,0.3242836257771238,0.1382071285744905,1.275689493540873,0.0796743371481683,0.3010026240515985,0.3242836257771238,0.3806769611997668,0.7576663057150259,0.2424698326252763,0.2424698326252763,0.2424698326252763,0.2424698326252763,-0.518023187825847,0.518023187825847,0.02612258109872434,0.018086699585787017,-3.222820736663709,True,FULL,FULL_exp_d_rank_2
335,1.8,11.101393082591954,0.233,0.1991858428704208,0.1991858428704208,0.0944249962521731,0.4503939246904497,0.2936108391225939,1.9904398436807709,0.1991858428704208,0.5737857563875517,0.4503939246904497,0.7729715992579725,1.124023874760319,0.4793607601353786,0.4793607601353786,0.47936076013537865,0.47936076013537865,-0.8664159689204518,0.8664159689204518,0.05436175299206834,0.03724353074176319,-2.5071190882792607,True,FULL,FULL_exp_d_rank_2
336,4.0,24.669762405759897,0.251,0.1991858428704208,0.1991858428704208,0.1494580982300445,0.2026772661107024,0.3486439411004653,0.792806515114832,0.1991858428704208,2.7744443261351845,0.2026772661107024,2.9736301690056055,0.371481682465786,2.62498622790514,2.62498622790514,2.6249862279051404,2.6249862279051404,-0.421324832649046,0.421324832649046,0.2433548250529875,0.17207775555740315,-56.97272370542675,True,FULL,FULL_exp_d_rank_2
337,1.13,6.96920787962717,0.045,0.0153092991217785,0.0153092991217785,0.1129415099906837,0.7174416499493891,0.1282508091124622,1.6219045254507285,0.0153092991217785,0.2775338623148848,0.7174416499493891,0.2928431614366633,1.2711192811028542,0.1645923523242011,0.1645923523242011,0.16459235232420108,0.16459235232420108,-0.3507852443478743,0.3507852443478743,0.012105236949247675,0.008824615756921832,-0.416171072666065,True,FULL,FULL_exp_d_rank_2
338,1.74,10.731346646505555,0.033,0.0153092991217785,0.0153092991217785,0.0614267591501006,0.4659247496797756,0.0767360582718792,1.1936384711708052,0.0153092991217785,0.0339705891437508,0.4659247496797756,0.0492798882655293,1.2442490059524658,-0.027456170006349805,0.027456170006349805,-0.027456170006349895,0.027456170006349895,0.050610534781660554,0.050610534781660554,0.0037682144697719125,0.0025174030847442044,0.6375631572203815,True,FULL,FULL_exp_d_rank_2
339,2.13,13.136648481067144,0.035,0.0153092991217785,0.0153092991217785,0.0696089127687665,0.3806145842454505,0.084918211890545,0.9488333573269884,0.0153092991217785,0.0206656393021624,0.3806145842454505,0.035974938423941,1.1668064310088369,-0.048943273466604105,0.048943273466604105,-0.04894327346660401,0.04894327346660401,0.21797307368184848,0.21797307368184848,0.006195360610323123,0.004198450682782032,0.19356966596933467,True,FULL,FULL_exp_d_rank_2
341,1.13,6.96920787962717,0.055,0.0153092991217785,0.0153092991217785,0.1595143577209842,0.7174416499493891,0.1748236568427627,1.524522904222498,0.0153092991217785,0.4131041691968553,0.7174416499493891,0.4284134683186338,1.218103173756616,0.25358981147587106,0.25358981147587106,0.2535898114758711,0.2535898114758711,-0.306419730465882,0.306419730465882,0.018001916820940968,0.013152171261091179,-0.7771898963063748,True,FULL,FULL_exp_d_rank_2
342,1.22,7.524277533756768,0.039,0.0153092991217785,0.0153092991217785,0.0864894320112215,0.6645156265924669,0.101798731133,1.5829859963913084,0.0153092991217785,0.1713448763577576,0.6645156265924669,0.1866541754795361,1.2574077127603094,0.08485544434653611,0.08485544434653611,0.08485544434653611,0.08485544434653611,-0.32557828363099905,0.32557828363099905,0.006244589060589645,0.004558659207343708,0.4196167430965734,True,FULL,FULL_exp_d_rank_2
343,1.45,8.942788872087963,0.034,0.0153092991217785,0.0153092991217785,0.0654950286258003,0.5591096996157306,0.0808043277475788,1.4123161332544465,0.0153092991217785,0.0723450894437305,0.5591096996157306,0.087654388565509,1.2418382914610704,0.006850060817930201,0.006850060817930201,0.006850060817930201,0.006850060817930201,-0.1704778417933761,0.1704778417933761,0.0006383552627273705,0.00037095090891353454,0.9905828408763068,True,FULL,FULL_exp_d_rank_2
345,0.6,3.700464360863984,0.062,0.0153092991217785,0.0153092991217785,0.1936315334445874,1.3511817740713494,0.2089408325663659,2.78103428223211,0.0153092991217785,0.8126569869753447,1.3511817740713494,0.8279662860971232,2.177998702531218,0.6190254535307573,0.6190254535307573,0.6190254535307573,0.6190254535307573,-0.6030355797008919,0.6030355797008919,0.0448532806026245,0.03257600604800786,-7.007298175585007,True,FULL,FULL_exp_d_rank_2
346,0.7,4.317208421007981,0.05,0.0153092991217785,0.0153092991217785,0.1358772828198478,1.1581558063468709,0.1511865819416263,2.530764500816095,0.0153092991217785,0.5702494867785775,1.1581558063468709,0.5855587859003559,1.912692226463537,0.43437220395872966,0.43437220395872966,0.43437220395872966,0.43437220395872966,-0.6180722743525577,0.6180722743525577,0.032359411667396844,0.023463655868074973,-6.47756762932277,True,FULL,FULL_exp_d_rank_2
347,0.9,5.550696541295977,0.034,0.0153092991217785,0.0153092991217785,0.0654950141480271,0.9007878493808994,0.0808043132698056,2.275398701589776,0.0153092991217785,0.2070129190772301,0.9007878493808994,0.2223222181990086,1.657842310113362,0.14151790492920302,0.14151790492920302,0.14151790492920302,0.14151790492920302,-0.6175563914764142,0.6175563914764142,0.011525189266998696,0.008303887227990603,-2.069666291471013,True,FULL,FULL_exp_d_rank_2
348,1.8,11.101393082591954,0.027,0.0153092991217785,0.0153092991217785,0.038082793731829,0.4503939246904497,0.0533920928536075,1.2897687725693818,0.0153092991217785,0.0021476520604217,0.4503939246904497,0.0174569511822003,2.58530427977569,-0.035935141671407295,0.035935141671407295,-0.0359351416714072,0.0359351416714072,1.2955355072063082,1.2955355072063082,0.004813126541055079,0.0032089878198398756,-0.19239803669908762,True,FULL,FULL_exp_d_rank_2
349,1.13,6.96920787962717,0.043,0.0153092991217785,0.0153092991217785,0.1039855497101338,0.7174416499493891,0.1192948488319123,1.6477168177591195,0.0153092991217785,0.2504037998893914,0.7174416499493891,0.2657130990111699,1.2873369829470591,0.14641825017925758,0.14641825017925758,0.1464182501792576,0.1464182501792576,-0.3603798348120604,0.3603798348120604,0.01086867798731729,0.007917889903834806,-0.3058771781515117,True,FULL,FULL_exp_d_rank_2
350,1.37,8.449393623972766,0.041,0.0153092991217785,0.0153092991217785,0.0951653865075495,0.591758441199131,0.110474685629328,1.3828596668882291,0.0153092991217785,0.1585033241485308,0.591758441199131,0.1738126232703093,1.1334657556495282,0.0633379376409813,0.0633379376409813,0.0633379376409813,0.0633379376409813,-0.24939391123870092,0.24939391123870092,0.004244668748177889,0.003127934015474117,0.7700820326966938,True,FULL,FULL_exp_d_rank_2
351,1.67,10.299625804404757,0.032,0.0153092991217785,0.0153092991217785,0.057405854043788,0.4854545296064728,0.0727151531655665,1.2626030593869657,0.0153092991217785,0.0333657225840893,0.4854545296064728,0.0486750217058678,1.3026397622947812,-0.024040131459698702,0.024040131459698702,-0.024040131459698695,0.024040131459698695,0.04003670290781547,0.04003670290781547,0.0033714578549778516,0.002243800769692763,0.6781161771520532,True,FULL,FULL_exp_d_rank_2
353,0.9,5.550696541295977,0.037,0.0153092991217785,0.0153092991217785,0.0779670989319231,0.9007878493808994,0.0932763980537016,2.192227389199339,0.0153092991217785,0.2525367092601267,0.9007878493808994,0.2678460083819052,1.614590811424255,0.17456961032820362,0.17456961032820362,0.17456961032820362,0.17456961032820362,-0.5776365777750838,0.5776365777750838,0.013838682220795331,0.009997219828145904,-2.363808463551112,True,FULL,FULL_exp_d_rank_2
354,1.05,6.475812631511974,0.032,0.0153092991217785,0.0153092991217785,0.0574058541682785,0.7721038708979138,0.0727151532900571,2.0081400996379837,0.0153092991217785,0.1299954445690505,0.7721038708979138,0.145304743690829,1.528603405809443,0.07258959040077198,0.07258959040077198,0.0725895904007719,0.0725895904007719,-0.4795366938285406,0.4795366938285406,0.005935152603914207,0.004278306254531862,0.002466567361855243,True,FULL,FULL_exp_d_rank_2
355,1.15,7.09255669165597,0.028,0.0153092991217785,0.0153092991217785,0.0418356081862674,0.7049644038633127,0.0571449073080459,1.9734344433232216,0.0153092991217785,0.0636986633316578,0.7049644038633127,0.0790079624534363,1.610824645425199,0.0218630551453904,0.0218630551453904,0.0218630551453904,0.0218630551453904,-0.3626097978980225,0.3626097978980225,0.0016975246369962305,0.0012132059451259647,0.8698913957320046,True,FULL,FULL_exp_d_rank_2
356,1.4,8.634416842015963,0.024,0.0153092991217785,0.0153092991217785,0.0272042150777216,0.5790779031734354,0.0425135141995001,1.8037445140554815,0.0153092991217785,0.0086449595667736,0.5790779031734354,0.0239542586885521,2.2887010172521385,-0.018559255510948003,0.018559255510948003,-0.018559255510948,0.018559255510948,0.48495650319665695,0.48495650319665695,0.002603224862447259,0.001731367659362004,0.4637042531468948,True,FULL,FULL_exp_d_rank_2
357,0.75,4.625580451079981,0.028,0.0153092991217785,0.0153092991217785,0.0418356081843982,1.080945419257079,0.0571449073061767,3.0259328132395527,0.0153092991217785,0.1746745835408523,1.080945419257079,0.1899838826626309,2.0393737546080306,0.13283897535645411,0.13283897535645411,0.1328389753564542,0.1328389753564542,-0.986559058631522,0.986559058631522,0.011595209282400173,0.008281867183723727,-5.070591773906631,True,FULL,FULL_exp_d_rank_2
358,1.15,7.09255669165597,0.026,0.0153092991217785,0.0153092991217785,0.0343911653190034,0.7049644038633127,0.0497004644407819,2.0699745048837284,0.0153092991217785,0.0455142831900094,0.7049644038633127,0.0608235823117879,1.7454730861902437,0.011123117871005998,0.011123117871005998,0.011123117871006005,0.011123117871006005,-0.3245014186934847,0.3245014186934847,0.0008060752282334939,0.0005751193348806796,0.9616368102070241,True,FULL,FULL_exp_d_rank_2
359,1.1,6.784184661583972,0.024,0.0153092991217785,0.0153092991217785,0.0272042141314279,0.7370082404025541,0.0425135132532064,2.2956749282231264,0.0153092991217785,0.0356195642314779,0.7370082404025541,0.0509288633532564,1.94356920971143,0.008415350100049998,0.008415350100049998,0.008415350100049998,0.008415350100049998,-0.35210571851169625,0.35210571851169625,0.0006523636922200949,0.0004626757886651152,0.9663208940528994,True,FULL,FULL_exp_d_rank_2
360,1.2,7.400928721727968,0.022,0.0153092991217785,0.0153092991217785,0.0203041095024898,0.6755908870356747,0.0356134086242683,2.2704692840433656,0.0153092991217785,0.0118708576938621,0.6755908870356747,0.0271801568156406,2.4340169254289132,-0.0084332518086277,0.0084332518086277,-0.008433251808627702,0.008433251808627702,0.16354764138554767,0.16354764138554767,0.0012970618656671226,0.0008490663076158706,0.8178697022226546,True,FULL,FULL_exp_d_rank_2
