sample_id,u_peak,u_r,tau_peak,tau_r,true_a,true_b,true_c,true_d,true_e,estimated_a,estimated_b,estimated_c,estimated_d,estimated_e,error_b,abs_error_b,error_d,abs_error_d,error_e,abs_error_e,curve_rmse_tau_u,curve_mae_tau_u,curve_r2_tau_u,curve_valid,dataset,model_name
7,0.72,2.75,0.044,0.03175,0.03175,0.0801325410005739,1.818181818181818,0.1118825410005739,3.441242286799551,0.03175,0.5128757568131048,1.818181818181818,0.5446257568131048,2.105141343915893,0.43274321581253095,0.43274321581253095,0.43274321581253083,0.43274321581253083,-1.3361009428836583,1.3361009428836583,0.00422004540366919,0.003423879518902321,0.6137934557171248,True,FULL,FULL_exp_d_rank_2
8,0.92,3.0,0.035,0.02825,0.02825,0.0557241852265918,1.6666666666666667,0.0839741852265918,3.007954906577982,0.02825,0.3310932493383028,1.6666666666666667,0.3593432493383028,1.895521322534776,0.275369064111711,0.275369064111711,0.275369064111711,0.275369064111711,-1.1124335840432058,1.1124335840432058,0.001664516351823,0.001435519068406762,0.9059028013397118,True,FULL,FULL_exp_d_rank_2
9,0.97,3.0,0.029,0.0255,0.0255,0.0288872445152351,1.6666666666666667,0.0543872445152351,3.290221199159674,0.0255,0.2248967731134888,1.6666666666666667,0.2503967731134888,1.9270458332832352,0.19600952859825369,0.19600952859825369,0.19600952859825369,0.19600952859825369,-1.3631753658764387,1.3631753658764387,0.0016047227432273376,0.0013521643354323365,0.8765870556690261,True,FULL,FULL_exp_d_rank_2
11,0.78,3.5,0.05,0.0417499999999999,0.0417499999999999,0.0354980845491272,1.4285714285714286,0.0772480845491271,4.004659571873231,0.0417499999999999,0.4448221796422704,1.4285714285714286,0.4865721796422703,1.9278645908954648,0.40932409509314316,0.40932409509314316,0.40932409509314316,0.40932409509314316,-2.076794980977766,2.076794980977766,0.01563151306189693,0.011978828863139588,-4.045505549214562,True,FULL,FULL_exp_d_rank_2
12,1.25,3.5,0.04,0.034,0.034,0.0670624339164287,1.4285714285714286,0.1010624339164287,2.366794324621144,0.034,0.2927904890442558,1.4285714285714286,0.3267904890442559,1.6141853768405994,0.22572805512782712,0.22572805512782712,0.22572805512782718,0.22572805512782718,-0.7526089477805444,0.7526089477805444,0.001757731962338905,0.0011831877000606904,0.9261348483565987,True,FULL,FULL_exp_d_rank_2
13,1.8,4.0,0.035,0.033,0.033,0.0334302203204883,1.25,0.0664302203204883,2.0972939397426664,0.033,0.109264922203472,1.25,0.1422649222034721,1.4966776382704874,0.0758347018829837,0.0758347018829837,0.07583470188298379,0.07583470188298379,-0.600616301472179,0.600616301472179,0.0013281288195619405,0.0008003912267146257,0.9541531373324561,True,FULL,FULL_exp_d_rank_2
27,0.87,3.25,2.35,1.9075,1.9075,2.7034029995062916,1.5384615384615383,4.610902999506291,3.276941309100947,1.9075,0.684457240429204,1.5384615384615383,2.591957240429204,4.232087900268228,-2.018945759077088,2.018945759077088,-2.0189457590770874,2.0189457590770874,0.955146591167281,0.955146591167281,0.17559662975559714,0.12552485319674325,0.7467540508377134,True,FULL,FULL_exp_d_rank_2
28,0.13,1.325,1.02,0.6675,0.6675,0.6738254010838505,3.7735849056603774,1.3413254010838505,23.891608655167115,0.6675,0.9304962499258244,3.7735849056603774,1.5979962499258245,21.216047455443345,0.2566708488419739,0.2566708488419739,0.256670848841974,0.256670848841974,-2.67556119972377,2.67556119972377,0.04631383156255243,0.029104638486943134,0.8766148711609303,True,FULL,FULL_exp_d_rank_2
29,0.6,2.425,4.93,4.2975,4.2975,3.110870023650559,2.061855670103093,7.408370023650559,5.517814597970529,4.2975,2.012687015138856,2.061855670103093,6.310187015138856,5.644933482156676,-1.098183008511703,1.098183008511703,-1.098183008511703,1.098183008511703,0.1271188841861477,0.1271188841861477,0.14966382956639032,0.10013854750914879,0.955519480839788,True,FULL,FULL_exp_d_rank_2
30,2.17,3.85,16.37,14.955,14.955,60.674147880173095,1.2987012987012987,75.6291478801731,1.6284330431129306,14.955,84.28119380524538,1.2987012987012987,99.23619380524538,1.412771724373285,23.607045925072285,23.607045925072285,23.607045925072285,23.607045925072285,-0.21566131873964567,0.21566131873964567,1.5926275267873486,1.1510042540668561,0.719256405035466,True,FULL,FULL_exp_d_rank_2
31,0.24,1.275,0.66,0.475,0.475,0.6758571313827281,3.9215686274509807,1.150857131382728,11.17767536247715,0.475,1.206447398743702,3.9215686274509807,1.681447398743702,8.554801853305436,0.530590267360974,0.530590267360974,0.5305902673609739,0.5305902673609739,-2.622873509171713,2.622873509171713,0.036270112590788973,0.026043503134891007,0.847177320549024,True,FULL,FULL_exp_d_rank_2
32,0.3,2.175,4.71,4.1925,4.1925,1.211168346774408,2.298850574712644,5.403668346774408,13.642584509493682,4.1925,0.1479686598364109,2.298850574712644,4.340468659836411,20.922730659219877,-1.0631996869379972,1.0631996869379972,-1.0631996869379972,1.0631996869379972,7.280146149726194,7.280146149726194,0.1766861235043184,0.11219283101325604,0.8985142567931669,True,FULL,FULL_exp_d_rank_2
33,2.26,4.125,16.14,11.3475,11.3475,422.7987490320256,1.2121212121212122,434.1462490320256,1.3091974223177918,11.3475,172.55874385992468,1.2121212121212122,183.90624385992467,1.2560563420268986,-250.24000517210095,250.24000517210095,-250.24000517210092,250.24000517210092,-0.05314108029089315,0.05314108029089315,5.236490415241342,4.034731140911473,-1.0633121425812977,True,FULL,FULL_exp_d_rank_2
34,0.47,1.525,1.07,0.6975,0.6975,4.0455139668571585,3.278688524590164,4.743013966857158,4.812842755740618,0.6975,2.679451769302652,3.278688524590164,3.3769517693026523,4.393840468116298,-1.3660621975545064,1.3660621975545064,-1.366062197554506,1.366062197554506,-0.4190022876243207,0.4190022876243207,0.1458981361045794,0.10322639124076029,0.37522822054061455,True,FULL,FULL_exp_d_rank_2
35,0.47,2.2,4.91,4.25,4.25,2.5915991927768687,2.2727272727272725,6.841599192776869,7.213346651196478,4.25,2.286415573349508,2.2727272727272725,6.536415573349508,6.857261880011205,-0.3051836194273605,0.3051836194273605,-0.3051836194273605,0.3051836194273605,-0.35608477118527304,0.35608477118527304,0.08612665544884286,0.049870876357974304,0.9835487982797085,True,FULL,FULL_exp_d_rank_2
36,1.48,3.625,14.91,14.235,14.235,8.232456046268986,1.3793103448275863,22.467456046268985,2.7321098339023515,14.235,25.93608827291647,1.3793103448275863,40.17108827291647,1.8865117039915096,17.703632226647485,17.703632226647485,17.703632226647485,17.703632226647485,-0.8455981299108419,0.8455981299108419,0.425349452954926,0.28692388414990533,0.9727435369242557,True,FULL,FULL_exp_d_rank_2
37,0.11,1.325,0.89,0.5625,0.5625,0.5639971811696873,3.7735849056603774,1.1264971811696871,29.2958502513531,0.5625,0.8240681203624316,3.7735849056603774,1.3865681203624316,26.076809978135373,0.26007093919274427,0.26007093919274427,0.2600709391927445,0.2600709391927445,-3.219040273217729,3.219040273217729,0.05257800649571838,0.032288965060781424,0.7915505616362446,True,FULL,FULL_exp_d_rank_2
38,0.26,2.175,5.3,4.1,4.1,2.5910971306331803,2.298850574712644,6.69109713063318,13.042743993933716,4.1,2.6992326530819284,2.298850574712644,6.799232653081928,12.304103761757997,0.10813552244874813,0.10813552244874813,0.10813552244874813,0.10813552244874813,-0.7386402321757188,0.7386402321757188,0.02225494651638785,0.01222828344266151,0.9987384881532237,True,FULL,FULL_exp_d_rank_2
39,0.54,3.35,15.9,14.4675,14.4675,3.852469877296928,1.4925373134328357,18.319969877296927,7.688914610134782,14.4675,14.952279374041064,1.4925373134328357,29.419779374041063,4.97565312446397,11.099809496744136,11.099809496744136,11.099809496744136,11.099809496744136,-2.713261485670812,2.713261485670812,1.3993886115222671,0.9243635618462764,0.4956533521165769,True,FULL,FULL_exp_d_rank_2
40,0.3,1.35,0.88,0.635,0.635,1.1651130574348498,3.7037037037037033,1.8001130574348498,8.547982610717572,0.635,1.5469882348572404,3.7037037037037033,2.1819882348572404,6.946450371052715,0.3818751774223905,0.3818751774223905,0.3818751774223905,0.3818751774223905,-1.6015322396648566,1.6015322396648566,0.019811052337060625,0.013232264162643585,0.9766093254407047,True,FULL,FULL_exp_d_rank_2
41,0.38,2.175,5.2,4.3975,4.3975,2.452688320111813,2.298850574712644,6.850188320111813,9.031706106944794,4.3975,2.2927069457948708,2.298850574712644,6.690206945794871,8.58417301818674,-0.15998137431694204,0.15998137431694204,-0.15998137431694204,0.15998137431694204,-0.4475330887580533,0.4475330887580533,0.061848402524368226,0.03281312872676432,0.9913578354300707,True,FULL,FULL_exp_d_rank_2
42,0.71,3.35,16.28,14.8375,14.8375,5.373344828404187,1.4925373134328357,20.210844828404188,5.457009220110153,14.8375,23.88519193577953,1.4925373134328357,38.72269193577953,3.283539346715433,18.511847107375345,18.511847107375345,18.511847107375342,18.511847107375342,-2.1734698733947204,2.1734698733947204,1.456731906585872,1.0277498301502388,0.5706600868296929,True,FULL,FULL_exp_d_rank_2
43,0.88,1.475,0.58,0.535,0.535,2.3643732180319175,3.389830508474576,2.8993732180319176,4.157276354583812,0.535,5.924760376987785,3.389830508474576,6.459760376987785,3.5360653885391495,3.5603871589558675,3.5603871589558675,3.5603871589558675,3.5603871589558675,-0.6212109660446621,0.6212109660446621,0.05831590875807889,0.04226990470109744,0.708560416006737,True,FULL,FULL_exp_d_rank_2
44,1.5,2.625,3.89,3.6325,3.6325,10.486129835864666,1.9047619047619049,14.118629835864668,2.474961892115721,3.6325,9.650189824807,1.9047619047619049,13.282689824807,2.2197876389247213,-0.8359400110576658,0.8359400110576658,-0.8359400110576694,0.8359400110576694,-0.2551742531909995,0.2551742531909995,0.2998710269224598,0.21558776036530397,0.8281589143065968,True,FULL,FULL_exp_d_rank_2
45,2.87,4.1,13.67,13.42,13.42,16.705556614946417,1.2195121951219514,30.12555661494642,1.6634039681803665,13.42,54.520574622751695,1.2195121951219514,67.9405746227517,1.3251261250786524,37.81501800780528,37.81501800780528,37.81501800780528,37.81501800780528,-0.33827784310171416,0.33827784310171416,0.5975740033204413,0.37246030604721314,0.9476118115211928,True,FULL,FULL_exp_d_rank_2
46,0.79,1.5,0.8,0.665,0.665,6.166849946093346,3.3333333333333335,6.831849946093346,3.9230290740544778,0.665,5.226241806603149,3.3333333333333335,5.891241806603149,3.57274609671272,-0.9406081394901973,0.9406081394901973,-0.9406081394901973,0.9406081394901973,-0.35028297734175773,0.35028297734175773,0.1326842062734042,0.09934352379337305,0.17206523415403618,True,FULL,FULL_exp_d_rank_2
47,0.6,2.175,5.04,4.655,4.655,2.141531174694559,2.298850574712644,6.796531174694559,6.310564627174357,4.655,3.0211565821631057,2.298850574712644,7.676156582163106,5.21970066226259,0.8796254074685468,0.8796254074685468,0.8796254074685468,0.8796254074685468,-1.090863964911767,1.090863964911767,0.07586769758457554,0.04657388823372284,0.9899915907563864,True,FULL,FULL_exp_d_rank_2
48,2.37,4.125,16.38,14.3675,14.3675,112.7264689844744,1.2121212121212122,127.0939689844744,1.4228254925840296,14.3675,85.12724680437239,1.2121212121212122,99.4947468043724,1.3110207023308615,-27.599222180102004,27.599222180102004,-27.599222180102004,27.599222180102004,-0.11180479025316803,0.11180479025316803,2.3710332727920553,1.7779182685331534,0.3811155250042576,True,FULL,FULL_exp_d_rank_2
49,1.46,2.566666666666667,4.68,4.1066666666666665,4.1066666666666665,30.593215473314466,1.948051948051948,34.69988213998113,2.300589855794831,4.1066666666666665,14.690016773428614,1.948051948051948,18.79668344009528,2.20029402905616,-15.903198699885852,15.903198699885852,-15.903198699885849,15.903198699885849,-0.10029582673867088,0.10029582673867088,0.6595995740773996,0.496631595648296,0.4096271878213599,True,FULL,FULL_exp_d_rank_2
50,4.16,4.75,15.04,14.775,14.775,58.5314735148253,1.0526315789473684,73.3064735148253,1.2144266984360343,14.775,106.964792935539,1.0526315789473684,121.739792935539,1.0927184759322088,48.433319420713694,48.433319420713694,48.4333194207137,48.4333194207137,-0.12170822250382551,0.12170822250382551,0.943006847453191,0.5983455807314845,0.8768945315532518,True,FULL,FULL_exp_d_rank_2
51,1.26,1.85,0.94,0.785,0.785,27.151829140946248,2.702702702702702,27.936829140946248,2.8751003676389564,0.785,9.622790853450551,2.702702702702702,10.407790853450551,2.7902385135721812,-17.529038287495695,17.529038287495695,-17.529038287495695,17.529038287495695,-0.08486185406677516,0.08486185406677516,0.2614887102773993,0.1946159347390223,-0.736443469355736,True,FULL,FULL_exp_d_rank_2
52,3.13,4.466666666666667,15.58,14.793333333333337,14.793333333333337,75.02328336156236,1.1194029850746268,89.8166166948957,1.313812712287742,14.793333333333337,70.58890122269635,1.1194029850746268,85.38223455602969,1.2032737961379176,-4.434382138866013,4.434382138866013,-4.434382138866013,4.434382138866013,-0.11053891614982447,0.11053891614982447,1.4585275393376684,1.032769410632687,0.7424038828284776,True,FULL,FULL_exp_d_rank_2
53,1.15,1.85,0.71,0.65,0.65,3.9933470021604136,2.702702702702702,4.6433470021604135,3.19021506632708,0.65,6.414198242582767,2.702702702702702,7.064198242582767,2.825175518132822,2.4208512404223534,2.4208512404223534,2.420851240422354,2.420851240422354,-0.3650395481942579,0.3650395481942579,0.08545419416151535,0.06344760187898864,0.5870413938610368,True,FULL,FULL_exp_d_rank_2
54,0.35,2.175,4.68,4.205,4.205,1.283914851902833,2.298850574712644,5.488914851902833,11.46515887900422,4.205,0.4040934983505231,2.298850574712644,4.609093498350523,14.51948656339248,-0.8798213535523098,0.8798213535523098,-0.8798213535523098,0.8798213535523098,3.0543276843882605,3.0543276843882605,0.1309704355722113,0.08394453044582915,0.9489387829658948,True,FULL,FULL_exp_d_rank_2
55,0.63,3.85,16.18,14.365,14.365,5.024596391351091,1.2987012987012987,19.38959639135109,6.152370825583352,14.365,7.871210030756517,1.2987012987012987,22.236210030756517,5.126627509839777,2.846613639405426,2.846613639405426,2.846613639405426,2.846613639405426,-1.0257433157435756,1.0257433157435756,0.33870008067009066,0.22689114772781666,0.9717617461165317,True,FULL,FULL_exp_d_rank_2
56,0.45,1.5666666666666669,0.87,0.6366666666666667,0.6366666666666667,1.8543711063769357,3.191489361702127,2.4910377730436024,5.520751658815112,0.6366666666666667,1.9006899320852728,3.191489361702127,2.5373565987519395,4.687976594628681,0.04631882570833712,0.04631882570833712,0.04631882570833712,0.04631882570833712,-0.8327750641864311,0.8327750641864311,0.06104948906981861,0.03813639394557396,0.8012221579431626,True,FULL,FULL_exp_d_rank_2
57,0.58,2.175,5.35,4.42,4.42,5.5363451785319135,2.298850574712644,9.956345178531912,5.059116621676996,4.42,6.30008692042958,2.298850574712644,10.72008692042958,4.291633265984413,0.7637417418976664,0.7637417418976664,0.7637417418976682,0.7637417418976682,-0.7674833556925824,0.7674833556925824,0.15542846568004254,0.08026004069631679,0.9614125379219094,True,FULL,FULL_exp_d_rank_2
58,0.94,3.875,16.28,13.935,13.935,11.349260923481204,1.2903225806451613,25.28426092348121,3.405427164282276,13.935,21.336301789530452,1.2903225806451613,35.271301789530455,2.54956929735418,9.987040866049249,9.987040866049249,9.987040866049245,9.987040866049245,-0.8558578669280963,0.8558578669280963,0.4635627936766659,0.35694942748211345,0.9603223044170005,True,FULL,FULL_exp_d_rank_2
59,0.13,1.5666666666666669,0.97,0.8033333333333333,0.8033333333333333,0.2782264175865835,3.191489361702127,1.0815597509199169,31.910981063129015,0.8033333333333333,0.3416496823549629,3.191489361702127,1.1449830156882963,29.636778681821564,0.0634232647683794,0.0634232647683794,0.06342326476837945,0.06342326476837945,-2.2742023813074503,2.2742023813074503,0.01271206050812763,0.0076875256044224415,0.9843429137633916,True,FULL,FULL_exp_d_rank_2
60,2.38,2.85,5.22,4.84,4.84,137.35939252357494,1.7543859649122806,142.19939252357494,1.8523237169572588,4.84,43.86164525310505,1.7543859649122806,48.701645253105056,1.811925302815047,-93.49774727046989,93.49774727046989,-93.49774727046989,93.49774727046989,-0.04039841414221179,0.04039841414221179,1.0434294320151014,0.706321527268041,-0.1645083932475333,True,FULL,FULL_exp_d_rank_2
61,2.68,4.125,16.95,15.5375,15.5375,116.71406105996982,1.2121212121212122,132.25156105996982,1.3981039630569712,15.5375,108.4715930300824,1.2121212121212122,124.0090930300824,1.283389653218346,-8.24246802988742,8.24246802988742,-8.24246802988742,8.24246802988742,-0.11471430983862518,0.11471430983862518,2.192208231532788,1.6205005220217412,0.5162147103865392,True,FULL,FULL_exp_d_rank_2
62,0.71,1.6,1.14,0.9133333333333334,0.9133333333333334,5.696830896813862,3.125,6.610164230147195,3.976020028848459,0.9133333333333334,4.219258005949875,3.125,5.132591339283208,3.600464888965234,-1.4775728908639865,1.4775728908639865,-1.4775728908639865,1.4775728908639865,-0.37555513988322486,0.37555513988322486,0.15859673026653304,0.1160258006284225,0.35960508869471874,True,FULL,FULL_exp_d_rank_2
63,0.76,2.2,5.03,4.68,4.68,3.0326428857358856,2.2727272727272725,7.712642885735885,4.87933520201715,4.68,5.0287298334804635,2.2727272727272725,9.708729833480463,3.822409435211844,1.996086947744578,1.996086947744578,1.996086947744578,1.996086947744578,-1.056925766805306,1.056925766805306,0.11656889127070352,0.06882981971342825,0.9797611566126958,True,FULL,FULL_exp_d_rank_2
64,2.73,4.125,15.88,13.97,13.97,220.02903798852773,1.2121212121212122,233.99903798852773,1.3339956390040135,13.97,112.68099090256771,1.2121212121212122,126.65099090256771,1.272835321945481,-107.34804708596002,107.34804708596002,-107.34804708596002,107.34804708596002,-0.06116031705853242,0.06116031705853242,3.049711659724549,2.276879349152692,-0.021759774337710258,True,FULL,FULL_exp_d_rank_2
65,0.63,1.5666666666666669,1.42,0.9733333333333332,0.9733333333333332,10.644929502666052,3.191489361702127,11.618262835999383,3.927118476960182,0.9733333333333332,4.8549412074436695,3.191489361702127,5.828274540777003,3.728294398945516,-5.789988295222383,5.789988295222383,-5.78998829522238,5.78998829522238,-0.19882407801466595,0.19882407801466595,0.28161799950586197,0.2101474850417363,-0.1582370993381348,True,FULL,FULL_exp_d_rank_2
66,0.34,2.175,5.0,4.24,4.24,2.0482757543105174,2.298850574712644,6.288275754310518,10.49368724913285,4.24,1.5076951675919243,2.298850574712644,5.747695167591925,10.77963330849684,-0.5405805867185931,0.5405805867185931,-0.5405805867185931,0.5405805867185931,0.2859460593639884,0.2859460593639884,0.09676901430136665,0.061354888469451,0.9753498509502098,True,FULL,FULL_exp_d_rank_2
67,3.13,4.533333333333333,14.91,14.596666666666666,14.596666666666666,20.35467702287054,1.1029411764705883,34.951343689537204,1.4882877719989878,14.596666666666666,49.584730787935214,1.1029411764705883,64.18139745460188,1.216755118336723,29.230053765064675,29.230053765064675,29.230053765064675,29.230053765064675,-0.27153265366226487,0.27153265366226487,0.683286712030994,0.4369478893871978,0.942491214328449,True,FULL,FULL_exp_d_rank_2
68,0.49,1.5666666666666669,0.79,0.63,0.63,1.4068332196782207,3.191489361702127,2.0368332196782206,5.5461514668738845,0.63,1.935141599994368,3.191489361702127,2.565141599994368,4.440867272558724,0.5283083803161472,0.5283083803161472,0.5283083803161475,0.5283083803161475,-1.1052841943151606,1.1052841943151606,0.041846241332431304,0.023979812811165024,0.8852057439875545,True,FULL,FULL_exp_d_rank_2
69,1.69,2.566666666666667,5.04,4.426666666666667,4.426666666666667,69.19774278410341,1.948051948051948,73.62440945077007,2.1459242646578933,4.426666666666667,25.31870814059396,1.948051948051948,29.745374807260625,2.083038976556783,-43.879034643509456,43.879034643509456,-43.87903464350945,43.87903464350945,-0.06288528810111016,0.06288528810111016,0.9677019923557718,0.7251131064116534,-0.01935756174250436,True,FULL,FULL_exp_d_rank_2
70,3.12,4.466666666666667,16.37,15.163333333333334,15.163333333333334,137.96164146287623,1.1194029850746268,153.12497479620956,1.2614658876838951,15.163333333333334,89.89079862078006,1.1194029850746268,105.0541319541134,1.188585139569466,-48.07084284209617,48.07084284209617,-48.070842842096155,48.070842842096155,-0.07288074811442913,0.07288074811442913,2.1738783756544,1.569528713264186,0.4744269110608329,True,FULL,FULL_exp_d_rank_2
71,0.18,1.5666666666666669,0.87,0.6,0.6,0.5778652142592701,3.191489361702127,1.17786521425927,16.988625203858206,0.6,0.739045941252147,3.191489361702127,1.339045941252147,15.144152464872992,0.1611807269928769,0.1611807269928769,0.1611807269928769,0.1611807269928769,-1.844472738985214,1.844472738985214,0.02469526477198583,0.015837915006011262,0.9505448119027182,True,FULL,FULL_exp_d_rank_2
72,0.42,2.175,5.1,3.8825,3.8825,4.482035276937978,2.298850574712644,8.364535276937978,6.759501195047857,3.8825,4.775658283097952,2.298850574712644,8.658158283097952,5.999359195316834,0.29362300615997405,0.29362300615997405,0.29362300615997405,0.29362300615997405,-0.7601419997310233,0.7601419997310233,0.08304634767268733,0.03899217066281758,0.9858827300549244,True,FULL,FULL_exp_d_rank_2
73,1.09,3.85,15.19,13.3025,13.3025,11.821633061680007,1.2987012987012987,25.12413306168001,2.9737453064844868,13.3025,17.72547521919448,1.2987012987012987,31.02797521919448,2.3605517038866166,5.903842157514472,5.903842157514472,5.903842157514472,5.903842157514472,-0.6131936025978701,0.6131936025978701,0.32345620843976897,0.20667315256503888,0.980051234874264,True,FULL,FULL_exp_d_rank_2
74,0.47,1.5666666666666669,0.66,0.5066666666666667,0.5066666666666667,1.2794449424210406,3.191489361702127,1.7861116090877074,5.540134014051035,0.5066666666666667,1.785440911614672,3.191489361702127,2.292107578281339,4.412027734737838,0.5059959691936315,0.5059959691936315,0.5059959691936315,0.5059959691936315,-1.1281062793131973,1.1281062793131973,0.03647630826284651,0.020866732375291925,0.8747157759721539,True,FULL,FULL_exp_d_rank_2
75,0.57,2.175,4.24,4.0125,4.0125,1.1193350008113887,2.298850574712644,5.131835000811389,7.4273022742503985,4.0125,1.31151950322601,2.298850574712644,5.32401950322601,6.609668998354158,0.19218450241462137,0.19218450241462137,0.19218450241462115,0.19218450241462115,-0.8176332758962408,0.8176332758962408,0.044289738217901456,0.021316048754542852,0.9950033375176679,True,FULL,FULL_exp_d_rank_2
76,4.13,4.7,14.9,13.285,13.285,1213.8760619263403,1.0638297872340423,1227.1610619263406,1.0940505167399543,13.285,157.23075815730277,1.0638297872340423,170.51575815730277,1.089169579089515,-1056.6453037690376,1056.6453037690376,-1056.6453037690378,1056.6453037690378,-0.004880937650439288,0.004880937650439288,5.058920346084107,3.365470745536102,-0.974577595232794,True,FULL,FULL_exp_d_rank_2
77,0.18,1.5666666666666669,0.88,0.4966666666666666,0.4966666666666666,0.8494890683979475,3.191489361702127,1.346155735064614,14.732448429095294,0.4966666666666666,0.961570707830641,3.191489361702127,1.4582373744973076,13.529108672711205,0.11208163943269356,0.11208163943269356,0.11208163943269356,0.11208163943269356,-1.2033397563840893,1.2033397563840893,0.014672932649278199,0.009596541882714893,0.988015080823333,True,FULL,FULL_exp_d_rank_2
78,1.25,2.566666666666667,4.37,3.77,3.77,17.6011784506471,1.948051948051948,21.3711784506471,2.4976694597033373,3.77,8.99908971788624,1.948051948051948,12.76908971788624,2.3923231539908887,-8.60208873276086,8.60208873276086,-8.60208873276086,8.60208873276086,-0.10534630571244863,0.10534630571244863,0.49669567463096975,0.366695612598627,0.5828954845547158,True,FULL,FULL_exp_d_rank_2
79,3.62,4.5,14.62,13.843333333333334,13.843333333333334,173.78668847200146,1.1111111111111112,187.6300218053348,1.2115644521301927,13.843333333333334,96.43032059059628,1.1111111111111112,110.2736539239296,1.1600819699442118,-77.35636788140518,77.35636788140518,-77.35636788140519,77.35636788140519,-0.05148248218598095,0.05148248218598095,1.962036635976151,1.338227541631786,0.42821413367566974,True,FULL,FULL_exp_d_rank_2
80,0.11,1.5633333333333332,1.04,0.5006666666666667,0.5006666666666667,0.863642983300683,3.1982942430703627,1.3643096499673495,27.24084861115649,0.5006666666666667,0.9665893242336092,3.1982942430703627,1.467255990900276,26.065191445874937,0.1029463409329262,0.1029463409329262,0.10294634093292654,0.10294634093292654,-1.175657165281553,1.175657165281553,0.021564124922231514,0.013118385221687415,0.98294742686036,True,FULL,FULL_exp_d_rank_2
81,0.23,2.1775,4.79,3.54875,3.54875,2.4552355004571034,2.296211251435132,6.003985500457103,14.649101403235154,3.54875,2.1181086967901512,2.296211251435132,5.666858696790151,14.624764108353949,-0.33712680366695214,0.33712680366695214,-0.33712680366695214,0.33712680366695214,-0.02433729488120484,0.02433729488120484,0.07491229970339672,0.045066455891835916,0.9824676679288774,True,FULL,FULL_exp_d_rank_2
83,0.21,1.5566666666666666,0.75,0.4896666666666667,0.4896666666666667,0.6541837303857423,3.211991434689508,1.143850397052409,13.109251845364824,0.4896666666666667,0.8813042555141837,3.211991434689508,1.3709709221808504,11.3107066089859,0.2271205251284414,0.2271205251284414,0.2271205251284414,0.2271205251284414,-1.7985452363789243,1.7985452363789243,0.027989746635064837,0.01864524752104724,0.9278412192092247,True,FULL,FULL_exp_d_rank_2
84,1.52,2.19,4.53,3.98,3.98,84.48453784563569,2.2831050228310503,88.46453784563569,2.4678705594788535,3.98,33.09554611618052,2.2831050228310503,37.07554611618052,2.3871267093297934,-51.388991729455164,51.388991729455164,-51.38899172945517,51.38899172945517,-0.08074385014906005,0.08074385014906005,0.9663417543878895,0.7098691505251367,-0.2246449874739016,True,FULL,FULL_exp_d_rank_2
86,1.14,1.85,0.47,0.4455,0.4455,1.2635859558868447,2.702702702702702,1.7090859558868448,3.448989911906233,0.4455,5.505078903606526,2.702702702702702,5.950578903606526,2.8028933730749954,4.241492947719681,4.241492947719681,4.241492947719681,4.241492947719681,-0.6460965388312374,0.6460965388312374,0.035575232084444526,0.02485180152840798,0.8414660582471816,True,FULL,FULL_exp_d_rank_2
87,1.53,2.29,3.84,3.5879999999999996,3.5879999999999996,21.229112109709114,2.1834061135371177,24.817112109709115,2.5522940611621228,3.5879999999999996,18.702429344679768,2.1834061135371177,22.29042934467977,2.344696105920146,-2.5266827650293457,2.5266827650293457,-2.5266827650293457,2.5266827650293457,-0.20759795524197688,0.20759795524197688,0.41673728625590617,0.3026423185421445,0.6573115963300122,True,FULL,FULL_exp_d_rank_2
89,0.31,1.5733333333333333,0.64,0.434,0.434,0.831446191232911,3.1779661016949152,1.265446191232911,8.046929532076042,0.434,1.1540143685724376,3.1779661016949152,1.5880143685724375,6.531739057927344,0.3225681773395266,0.3225681773395266,0.3225681773395266,0.3225681773395266,-1.5151904741486986,1.5151904741486986,0.015014541493475527,0.011608303818581179,0.9750057959048869,True,FULL,FULL_exp_d_rank_2
90,0.44,2.0033333333333334,4.09,3.8813333333333335,3.8813333333333335,0.7845727106922662,2.4958402662229617,4.6659060440256,10.177837650659969,3.8813333333333335,0.8886334079318856,2.4958402662229617,4.769966741265219,9.305920140746206,0.10406069723961942,0.10406069723961942,0.10406069723961942,0.10406069723961942,-0.8719175099137626,0.8719175099137626,0.028632791700140478,0.013365951466954774,0.997437285885448,True,FULL,FULL_exp_d_rank_2
91,2.56,4.125,14.35,13.695,13.695,33.24347166872315,1.2121212121212122,46.93847166872315,1.5724619149710894,13.695,46.96389996436411,1.2121212121212122,60.65889996436411,1.3558489691073503,13.720428295640957,13.720428295640957,13.720428295640957,13.720428295640957,-0.21661294586373914,0.21661294586373914,0.9658043946890245,0.6829903728301007,0.876192344215937,True,FULL,FULL_exp_d_rank_2
92,0.1,1.5666666666666669,0.84,0.5786666666666667,0.5786666666666667,0.3913124802400913,3.191489361702127,0.969979146906758,37.39184550372476,0.5786666666666667,0.5007525296822857,3.191489361702127,1.0794191963489523,34.74869681287521,0.10944004944219438,0.10944004944219438,0.10944004944219432,0.10944004944219432,-2.64314869084955,2.64314869084955,0.02462984112544397,0.014697980479846445,0.9346860632541947,True,FULL,FULL_exp_d_rank_2
94,2.24,4.125,16.29,15.185,15.185,36.934910613682646,1.2121212121212122,52.11991061368265,1.6343524111032697,15.185,52.514775230870086,1.2121212121212122,67.69977523087009,1.3850448349511202,15.57986461718744,15.57986461718744,15.57986461718744,15.57986461718744,-0.2493075761521495,0.2493075761521495,1.1446459344827709,0.7923016099646297,0.8542199556094335,True,FULL,FULL_exp_d_rank_2
95,0.15,1.5666666666666669,1.04,0.515,0.515,1.0180921290257392,3.191489361702127,1.533092129025739,17.824332391452327,0.515,1.08476717052454,3.191489361702127,1.5997671705245402,16.889451147241548,0.06667504149880088,0.06667504149880088,0.0666750414988011,0.0666750414988011,-0.9348812442107786,0.9348812442107786,0.00989520066095083,0.006331640140804797,0.9966171722370593,True,FULL,FULL_exp_d_rank_2
96,0.32,2.225,5.75,4.01075,4.01075,4.5926707536336835,2.2471910112359548,8.603420753633683,8.90252129065327,4.01075,6.607532997681679,2.2471910112359548,10.618282997681678,7.492980396614812,2.014862244047995,2.014862244047995,2.014862244047995,2.014862244047995,-1.4095408940384582,1.4095408940384582,0.23618892023814328,0.15839465695826677,0.9054840204789102,True,FULL,FULL_exp_d_rank_2
97,0.98,3.925,16.9,13.655,13.655,17.423005323734152,1.2738853503184715,31.07800532373415,2.9328424113361327,13.655,35.98793876797212,1.2738853503184715,49.64293876797212,2.123586556558902,18.564933444237965,18.564933444237965,18.56493344423797,18.56493344423797,-0.8092558547772306,0.8092558547772306,0.5899624850060631,0.46951792718427077,0.9423237164586429,True,FULL,FULL_exp_d_rank_2
98,0.12,1.5666666666666669,1.33,0.569,0.569,1.2856106349233354,3.191489361702127,1.854610634923335,23.13000566043724,0.569,1.4075026534955912,3.191489361702127,1.9765026534955912,22.174579983686893,0.12189201857225584,0.12189201857225584,0.12189201857225607,0.12189201857225607,-0.9554256767503482,0.9554256767503482,0.02386740604597014,0.014737139201269045,0.9894242435931077,True,FULL,FULL_exp_d_rank_2
99,0.38,2.1775,5.29,3.8055,3.8055,4.8847712477868654,2.296211251435132,8.690271247786866,7.231167894086396,3.8055,5.920953369560129,2.296211251435132,9.72645336956013,6.228304840530632,1.0361821217732636,1.0361821217732636,1.0361821217732636,1.0361821217732636,-1.0028630535557639,1.0028630535557639,0.07645801947246478,0.05579092917314874,0.9889717954985694,True,FULL,FULL_exp_d_rank_2
100,1.12,3.865,15.69,14.2025,14.2025,9.330787016774106,1.2936610608020698,23.533287016774107,3.133851414322128,14.2025,16.187716910690703,1.2936610608020698,30.390216910690704,2.412437230788484,6.856929893916597,6.856929893916597,6.856929893916597,6.856929893916597,-0.7214141835336441,0.7214141835336441,0.31761047988102253,0.22767802641434196,0.9824162793424814,True,FULL,FULL_exp_d_rank_2
101,0.11,1.5599999999999998,1.19,0.5136666666666666,0.5136666666666666,1.0901897584596147,3.2051282051282053,1.6038564251262817,26.190812099681132,0.5136666666666666,1.2107427575299812,3.2051282051282053,1.7244094241966477,25.147444585957267,0.12055299907036643,0.12055299907036643,0.12055299907036598,0.12055299907036598,-1.0433675137238652,1.0433675137238652,0.02513630315417768,0.015320073660074995,0.9847897906531761,True,FULL,FULL_exp_d_rank_2
102,0.33,2.175,5.38,4.15275,4.15275,3.3230952595070686,2.298850574712644,7.475845259507069,9.464816530487427,4.15275,3.8576513736106905,2.298850574712644,8.01040137361069,8.462091193501022,0.5345561141036219,0.5345561141036219,0.5345561141036219,0.5345561141036219,-1.0027253369864049,1.0027253369864049,0.05595262872024036,0.03888838615978627,0.99324343065556,True,FULL,FULL_exp_d_rank_2
104,0.46,1.61,0.57,0.4153333333333333,0.4153333333333333,1.2195408766373736,3.105590062111801,1.634874209970707,5.380408458094788,0.4153333333333333,1.645823117345954,3.105590062111801,2.061156450679287,4.304435247763183,0.42628224070858045,0.42628224070858045,0.42628224070858023,0.42628224070858023,-1.0759732103316049,1.0759732103316049,0.03402684847167635,0.01955083709560243,0.8563233339341749,True,FULL,FULL_exp_d_rank_2
105,0.38,2.1725,3.22,2.8175,2.8175,1.2095551373508462,2.3014959723820483,4.027055137350846,9.674876431868377,2.8175,0.2687554485669441,2.3014959723820483,3.086255448566944,13.351433879231136,-0.9407996887839021,0.9407996887839021,-0.9407996887839021,0.9407996887839021,3.676557447362759,3.676557447362759,0.1293449049008574,0.08397674182804989,0.9007631543200111,True,FULL,FULL_exp_d_rank_2
106,6.69,7.0,11.06,11.03,11.03,6.769176332863529,0.7142857142857143,17.799176332863528,0.9707346090728766,11.03,46.60328561722722,0.7142857142857143,57.63328561722722,0.7541584645732589,39.83410928436369,39.83410928436369,39.83410928436369,39.83410928436369,-0.2165761444996177,0.2165761444996177,0.3223205185372717,0.17240316973904485,0.9740144287740249,True,FULL,FULL_exp_d_rank_2
107,0.15,1.5566666666666666,0.88,0.5103333333333334,0.5103333333333334,0.7081291518031402,3.211991434689508,1.2184624851364736,19.26598627033951,0.5103333333333334,0.8393505674384013,3.211991434689508,1.3496839007717347,17.790440616013232,0.13122141563526113,0.13122141563526113,0.13122141563526113,0.13122141563526113,-1.4755456543262788,1.4755456543262788,0.022671874407607276,0.014323063062996284,0.9678686896462726,True,FULL,FULL_exp_d_rank_2
108,0.24,2.175,5.1,3.69825,3.69825,2.8769666070220197,2.298850574712644,6.5752166070220195,13.53664985652516,3.69825,3.1723670208053836,2.298850574712644,6.870617020805383,12.611126017009052,0.2954004137833639,0.2954004137833639,0.2954004137833639,0.2954004137833639,-0.9255238395161083,0.9255238395161083,0.0431135731661479,0.027925310394355193,0.9951444024346656,True,FULL,FULL_exp_d_rank_2
109,0.47,3.8575,14.84,13.285,13.285,3.275885261750222,1.2961762799740766,16.560885261750222,9.133208341560495,13.285,0.704369584971511,1.2961762799740766,13.989369584971511,12.472462221149357,-2.571515676778711,2.571515676778711,-2.571515676778711,2.571515676778711,3.3392538795888616,3.3392538795888616,0.45827269315321234,0.2849253669661791,0.9257853986563808,True,FULL,FULL_exp_d_rank_2
110,0.15,2.1675,1.23,0.6225,0.6225,0.9619833022068238,2.306805074971165,1.584483302206824,20.507804388385548,0.6225,0.6543093068097203,2.306805074971165,1.2768093068097204,21.70970744439976,-0.3076739953971035,0.3076739953971035,-0.3076739953971037,0.3076739953971037,1.2019030560142134,1.2019030560142134,0.07000271209501839,0.04181041931601717,0.8606994379116164,True,FULL,FULL_exp_d_rank_2
111,0.25,2.165,6.22,4.547499999999999,4.547499999999999,3.553532108811563,2.3094688221709005,8.101032108811562,12.896286747191096,4.547499999999999,6.703828640248268,2.3094688221709005,11.251328640248268,10.399758729397814,3.1502965314367053,3.1502965314367053,3.1502965314367053,3.1502965314367053,-2.496528017793283,2.496528017793283,0.5178535343696772,0.3319742716472856,0.5332387110902345,True,FULL,FULL_exp_d_rank_2
112,0.46,4.1075,18.37,16.2525,16.2525,4.204330792736471,1.217285453438831,20.456830792736472,9.296747223836368,16.2525,6.281153880200701,1.217285453438831,22.533653880200703,8.1197456948668,2.0768230874642306,2.0768230874642306,2.0768230874642306,2.0768230874642306,-1.1770015289695674,1.1770015289695674,0.3590325428330447,0.2236498336738065,0.968850355906613,True,FULL,FULL_exp_d_rank_2
113,0.21,1.5599999999999998,0.72,0.5333333333333333,0.5333333333333333,0.4530839141628877,3.2051282051282053,0.9864172474962212,14.758619332850811,0.5333333333333333,0.7477297906848429,3.2051282051282053,1.2810631240181762,12.091629348958913,0.29464587652195523,0.29464587652195523,0.29464587652195506,0.29464587652195506,-2.6669899838918987,2.6669899838918987,0.04062163414666995,0.026729091947936982,0.798006049821023,True,FULL,FULL_exp_d_rank_2
114,0.46,2.215,4.54,3.755,3.755,3.0550946555112306,2.2573363431151243,6.8100946555112305,6.812602552841997,3.755,2.300828346414085,2.2573363431151243,6.055828346414085,6.7387198955269625,-0.7542663090971455,0.7542663090971455,-0.7542663090971455,0.7542663090971455,-0.07388265731503463,0.07388265731503463,0.12976677888250954,0.08305876361871758,0.9559223610778321,True,FULL,FULL_exp_d_rank_2
115,3.02,4.84,14.29,13.226666666666668,13.226666666666668,67.62238227774218,1.0330578512396695,80.84904894440885,1.2379494369579531,13.226666666666668,34.110369594372884,1.0330578512396695,47.33703626103955,1.18777701695177,-33.51201268336929,33.51201268336929,-33.5120126833693,33.5120126833693,-0.05017242000618305,0.05017242000618305,1.5115717439257976,1.1334691693415193,0.6833336341179902,True,FULL,FULL_exp_d_rank_2
116,0.1,1.5533333333333337,1.16,0.5640000000000001,0.5640000000000001,0.912890584776652,3.218884120171673,1.476890584776652,31.1344826944979,0.5640000000000001,1.0121600247271338,3.218884120171673,1.576160024727134,29.954320793523433,0.09926943995048187,0.09926943995048187,0.09926943995048187,0.09926943995048187,-1.1801619009744684,1.1801619009744684,0.021642617584131545,0.013037123616227013,0.9856239135842462,True,FULL,FULL_exp_d_rank_2
117,0.28,2.16,4.98,3.80875,3.80875,2.7207253448886286,2.314814814814815,6.5294753448886285,11.627647012732409,3.80875,2.64125560848567,2.314814814814815,6.45000560848567,11.103107334029628,-0.07946973640295862,0.07946973640295862,-0.07946973640295862,0.07946973640295862,-0.5245396787027801,0.5245396787027801,0.040780368365571106,0.019574048799304432,0.9954696714093244,True,FULL,FULL_exp_d_rank_2
118,0.84,3.88,14.83,12.9825,12.9825,7.331910697776193,1.288659793814433,20.314410697776193,4.123242699657944,12.9825,8.750995075540311,1.288659793814433,21.73349507554031,3.5919783191678056,1.4190843777641184,1.4190843777641184,1.4190843777641184,1.4190843777641184,-0.5312643804901387,0.5312643804901387,0.1684884430129541,0.0992335141089333,0.9931606144366631,True,FULL,FULL_exp_d_rank_2
119,0.05,1.5533333333333337,1.06,0.4603333333333333,0.4603333333333333,0.7347138188950575,3.218884120171673,1.1950471522283908,76.69251608229672,0.4603333333333333,0.8789709512962598,3.218884120171673,1.339304284629593,74.46889342270816,0.1442571324012023,0.1442571324012023,0.1442571324012023,0.1442571324012023,-2.223622659588557,2.223622659588557,0.03742911993084244,0.02145966362386126,0.9489080819066167,True,FULL,FULL_exp_d_rank_2
120,0.24,2.1675,5.34,3.634,3.634,3.551284821064535,2.306805074971165,7.185284821064535,12.76758648025316,3.634,5.062021315615787,2.306805074971165,8.696021315615788,11.112100452741496,1.5107364945512525,1.5107364945512525,1.510736494551253,1.510736494551253,-1.6554860275116638,1.6554860275116638,0.24787466801406913,0.1585069005446705,0.8685791714320338,True,FULL,FULL_exp_d_rank_2
121,0.58,3.8475,15.72,12.52,12.52,8.509190021060213,1.299545159194282,21.029190021060213,5.626700720273117,12.52,16.914094358189626,1.299545159194282,29.434094358189625,4.329701537437328,8.404904337129413,8.404904337129413,8.404904337129413,8.404904337129413,-1.2969991828357887,1.2969991828357887,1.0475805799066753,0.6988609961710073,0.7127206779372643,True,FULL,FULL_exp_d_rank_2
122,0.16,1.7866666666666664,1.46,0.5153333333333333,0.5153333333333333,1.791622665699797,2.7985074626865676,2.3069559990331303,15.27471027903135,0.5153333333333333,1.623017309667659,2.7985074626865676,2.1383506430009924,15.026479964431042,-0.1686053560321379,0.1686053560321379,-0.1686053560321379,0.1686053560321379,-0.24823031460030798,0.24823031460030798,0.03793272435596744,0.022739861674517026,0.9831025935739542,True,FULL,FULL_exp_d_rank_2
123,0.34,2.19,5.86,3.70375,3.70375,6.4076526447249105,2.2831050228310503,10.11140264472491,7.4904783908875965,3.70375,11.063551991072474,2.2831050228310503,14.767301991072474,5.949243083634021,4.655899346347564,4.655899346347564,4.655899346347564,4.655899346347564,-1.5412353072535758,1.5412353072535758,0.46946811672462263,0.32658616981965793,0.7057750899940622,True,FULL,FULL_exp_d_rank_2
124,0.72,3.9025,15.23,13.1975,13.1975,6.547895084347095,1.2812299807815504,19.745395084347095,4.922489465268678,13.1975,7.973789760147346,1.2812299807815504,21.171289760147346,4.3281977966137015,1.4258946758002509,1.4258946758002509,1.4258946758002509,1.4258946758002509,-0.5942916686549768,0.5942916686549768,0.14870838730482716,0.1009302444120456,0.9943546692201094,True,FULL,FULL_exp_d_rank_2
125,0.13,1.5766666666666669,0.83,0.5316666666666667,0.5316666666666667,0.5110542316499418,3.1712473572938684,1.0427208983166083,25.070549134255213,0.5316666666666667,0.6502781939482989,3.1712473572938684,1.1819448606149656,23.013262484526926,0.1392239622983571,0.1392239622983571,0.13922396229835732,0.13922396229835732,-2.0572866497282867,2.0572866497282867,0.027829877009604608,0.017094743803312915,0.9309941844986652,True,FULL,FULL_exp_d_rank_2
126,0.33,2.195,4.91,4.2615,4.2615,1.6629195649406574,2.277904328018223,5.924419564940657,11.444353107108954,4.2615,0.8219314085570542,2.277904328018223,5.083431408557054,13.10058987926536,-0.8409881563836032,0.8409881563836032,-0.8409881563836032,0.8409881563836032,1.6562367721564062,1.6562367721564062,0.13537759619349093,0.0862019322463604,0.9483251609119083,True,FULL,FULL_exp_d_rank_2
127,2.99,4.513333333333333,16.39,14.923333333333332,14.923333333333332,140.10135047238424,1.1078286558345645,155.0246838057176,1.2549920885699382,14.923333333333332,79.96228840195054,1.1078286558345645,94.88562173528388,1.1885929944067353,-60.139062070433695,60.139062070433695,-60.13906207043371,60.13906207043371,-0.06639909416320289,0.06639909416320289,2.3539465428498585,1.7411838124512125,0.40026637122754727,True,FULL,FULL_exp_d_rank_2
128,0.22,1.5666666666666669,1.38,0.6789999999999999,0.6789999999999999,1.9691572578488556,3.191489361702127,2.6481572578488555,10.298464829923804,0.6789999999999999,1.7988729945321906,3.191489361702127,2.4778729945321905,9.70005155113336,-0.17028426331666502,0.17028426331666502,-0.17028426331666502,0.17028426331666502,-0.5984132787904439,0.5984132787904439,0.04428598738591192,0.026023147936139725,0.9671044389496004,True,FULL,FULL_exp_d_rank_2
129,0.39,2.18,6.11,4.593,4.593,5.057943521426855,2.293577981651376,9.650943521426855,7.34235077378404,4.593,8.099863595709849,2.293577981651376,12.692863595709849,5.8432258685249385,3.0419200742829933,3.0419200742829933,3.0419200742829933,3.0419200742829933,-1.4991249052591016,1.4991249052591016,0.24717990781966684,0.17349653570176557,0.9099940379985864,True,FULL,FULL_exp_d_rank_2
130,2.78,4.13,17.18,15.5675,15.5675,173.2142161184181,1.2106537530266344,188.7817161184181,1.354578535378103,15.5675,132.62753543780553,1.2106537530266344,148.19503543780553,1.2669162752259595,-40.586680680612574,40.586680680612574,-40.586680680612574,40.586680680612574,-0.08766226015214351,0.08766226015214351,2.6771006681600857,1.969634722919604,0.294171489182142,True,FULL,FULL_exp_d_rank_2
131,0.3,1.57,0.69,0.4403333333333333,0.4403333333333333,0.989606450202688,3.184713375796178,1.4299397835360212,7.9675990689291964,0.4403333333333333,1.1980239902513052,3.184713375796178,1.6383573235846385,6.714444858376568,0.20841754004861723,0.20841754004861723,0.20841754004861723,0.20841754004861723,-1.253154210552628,1.253154210552628,0.013190376989405077,0.008783439448784286,0.9846290371624209,True,FULL,FULL_exp_d_rank_2
132,0.38,2.2025,4.61,3.49275,3.49275,3.5417527605950667,2.270147559591374,7.034502760595067,7.697329513236288,3.49275,2.938822006515376,2.270147559591374,6.431572006515376,7.463158054714317,-0.6029307540796909,0.6029307540796909,-0.6029307540796909,0.6029307540796909,-0.2341714585219714,0.2341714585219714,0.12431462436089925,0.07647582741320508,0.958769942432122,True,FULL,FULL_exp_d_rank_2
133,0.58,3.89,14.25,12.71,12.71,3.870375185655917,1.2853470437017995,16.580375185655917,6.937928600833182,12.71,1.0721950507062896,1.2853470437017995,13.78219505070629,9.054061182958389,-2.7981801349496274,2.7981801349496274,-2.798180134949627,2.798180134949627,2.116132582125207,2.116132582125207,0.43858703396131504,0.27845884064138215,0.9350207107660842,True,FULL,FULL_exp_d_rank_2
134,0.29,1.5933333333333335,0.81,0.6846666666666668,0.6846666666666668,0.4027161872827163,3.1380753138075312,1.087382853949383,11.679447292728767,0.6846666666666668,0.8296561278833108,3.1380753138075312,1.5143227945499775,8.748282291213656,0.4269399406005945,0.4269399406005945,0.4269399406005945,0.4269399406005945,-2.9311650015151116,2.9311650015151116,0.041028098903928924,0.028169578433248885,0.847538128862369,True,FULL,FULL_exp_d_rank_2
135,0.42,2.1925,4.74,4.255,4.255,1.6007301765706998,2.280501710376283,5.8557301765707,9.079561652406012,4.255,0.9954055592844292,2.280501710376283,5.250405559284429,9.682486531356815,-0.6053246172862706,0.6053246172862706,-0.6053246172862705,0.6053246172862705,0.6029248789508035,0.6029248789508035,0.08933121590816047,0.058591776312931415,0.9794916092172004,True,FULL,FULL_exp_d_rank_2
136,2.48,4.18,15.4,14.19,14.19,62.34454554337887,1.1961722488038278,76.53454554337887,1.469660738779334,14.19,57.50829595050246,1.1961722488038278,71.69829595050246,1.3269299308817892,-4.836249592876413,4.836249592876413,-4.836249592876413,4.836249592876413,-0.14273080789754466,0.14273080789754466,1.5366061552375117,1.129652326862482,0.7121630395973617,True,FULL,FULL_exp_d_rank_2
137,1.18,1.85,0.63,0.575,0.575,4.239497230710774,2.702702702702702,4.814497230710774,3.1309195303367727,0.575,6.627310108735858,2.702702702702702,7.202310108735858,2.804566795915691,2.387812878025084,2.387812878025084,2.387812878025084,2.387812878025084,-0.3263527344210817,0.3263527344210817,0.0824726801587176,0.061177631038721786,0.508019957427974,True,FULL,FULL_exp_d_rank_2
138,0.99,2.6033333333333335,4.93,4.496666666666667,4.496666666666667,4.9592094785200045,1.9206145966709345,9.455876145186672,3.460965956174455,4.496666666666667,4.279719754323222,1.9206145966709345,8.776386420989889,3.1438159199491884,-0.6794897241967828,0.6794897241967828,-0.6794897241967828,0.6794897241967828,-0.3171500362252666,0.3171500362252666,0.1952138835019691,0.12540305064120447,0.9437618655714898,True,FULL,FULL_exp_d_rank_2
139,1.92,4.2125,17.14,16.56,16.56,9.158812659704571,1.1869436201780414,25.71881265970457,2.22655990128023,16.56,28.092745510927852,1.1869436201780414,44.65274551092785,1.5759413011212444,18.933932851223283,18.933932851223283,18.93393285122328,18.93393285122328,-0.6506186001589855,0.6506186001589855,0.5173210011889138,0.316897678682637,0.9715536366988873,True,FULL,FULL_exp_d_rank_2
140,0.42,1.7400000000000002,0.83,0.4525,0.4525,2.5886372580129136,2.8735632183908044,3.0411372580129137,4.84879553279124,0.4525,1.7232923309755908,2.8735632183908044,2.175792330975591,4.492800755408833,-0.8653449270373228,0.8653449270373228,-0.8653449270373228,0.8653449270373228,-0.35599477738240726,0.35599477738240726,0.10412057475469763,0.07171521335543005,0.5324803669549515,True,FULL,FULL_exp_d_rank_2
141,1.23,2.5733333333333337,4.22,4.026666666666666,4.026666666666666,3.714553371745124,1.94300518134715,7.74122003841179,3.22230726876678,4.026666666666666,5.886362998721901,1.94300518134715,9.913029665388567,2.605183080877376,2.171809626976777,2.171809626976777,2.171809626976777,2.171809626976777,-0.617124187889404,0.617124187889404,0.1552491873500234,0.09102190721450035,0.9586621791909165,True,FULL,FULL_exp_d_rank_2
142,1.79,4.84,15.01,14.9025,14.9025,0.8901040923931092,1.0330578512396695,15.792604092393107,3.4546415460563873,14.9025,0.3606862152900625,1.0330578512396695,15.263186215290062,3.862030210073005,-0.5294178771030467,0.5294178771030467,-0.5294178771030449,0.5294178771030449,0.4073886640166178,0.4073886640166178,0.11431174438048472,0.0567425808171496,0.9976943270798827,True,FULL,FULL_exp_d_rank_2
143,0.33,1.5733333333333333,0.58,0.4766666666666666,0.4766666666666666,0.4098600862261488,3.1779661016949152,0.8865267528928155,9.368454028225154,0.4766666666666666,1.0315901136996743,3.1779661016949152,1.508256780366341,6.495131702494277,0.6217300274735256,0.6217300274735256,0.6217300274735255,0.6217300274735255,-2.873322325730877,2.873322325730877,0.0406569512262179,0.029341349627140488,0.7373487261014535,True,FULL,FULL_exp_d_rank_2
144,0.43,2.1725,4.53,3.8975,3.8975,2.2412867147074325,2.3014959723820483,6.138786714707432,7.955893974394428,3.8975,1.6528124308939436,2.3014959723820483,5.5503124308939435,8.02261431879394,-0.5884742838134889,0.5884742838134889,-0.5884742838134889,0.5884742838134889,0.06672034439951169,0.06672034439951169,0.0994702086874584,0.06389212507651928,0.9728316345345976,True,FULL,FULL_exp_d_rank_2
145,3.33,4.496666666666667,14.77,14.159999999999998,14.159999999999998,71.68575820940592,1.111934766493699,85.84575820940591,1.2931877819034847,14.159999999999998,69.90375953576454,1.111934766493699,84.06375953576453,1.1869262226799866,-1.7819986736413824,1.7819986736413824,-1.7819986736413824,1.7819986736413824,-0.10626155922349811,0.10626155922349811,1.2954872639728843,0.8958062527196669,0.7694888395062555,True,FULL,FULL_exp_d_rank_2
146,0.13,1.5599999999999998,0.68,0.5633333333333334,0.5633333333333334,0.1951982739754749,3.2051282051282053,0.7585316073088083,31.88575510060682,0.5633333333333334,0.4206594455576035,3.2051282051282053,0.9839927788909368,25.77899728728587,0.22546117158212858,0.22546117158212858,0.22546117158212853,0.22546117158212853,-6.10675781332095,6.10675781332095,0.04663370657386743,0.028336677528281732,0.5718752765434516,True,FULL,FULL_exp_d_rank_2
147,1.84,3.1775,4.39,3.69,3.69,48.191526905344915,1.5735641227380015,51.88152690534491,1.779339325853626,3.69,11.033424204941063,1.5735641227380015,14.723424204941065,1.8049112485803855,-37.15810270040385,37.15810270040385,-37.158102700403845,37.158102700403845,0.025571922726759455,0.025571922726759455,0.8418093691676343,0.6446756920611673,-0.030499402384472463,True,FULL,FULL_exp_d_rank_2
148,2.23,4.3774999999999995,15.49,14.875,14.875,14.10295307840756,1.142204454597373,28.97795307840756,1.8301286904573817,14.875,24.883598483711125,1.142204454597373,39.758598483711125,1.4634992722645437,10.780645405303565,10.780645405303565,10.780645405303567,10.780645405303567,-0.366629418192838,0.366629418192838,0.5954319560340563,0.35458685735319123,0.9565461600788124,True,FULL,FULL_exp_d_rank_2
149,0.18,1.5599999999999998,0.96,0.5433333333333333,0.5433333333333333,0.9264981470545324,3.2051282051282053,1.4698314803878656,14.731251978605432,0.5433333333333333,1.0074440358586836,3.2051282051282053,1.550777369192017,13.652345519480305,0.08094588880415121,0.08094588880415121,0.08094588880415143,0.08094588880415143,-1.0789064591251272,1.0789064591251272,0.009748051765465624,0.00653793366727659,0.9955415535992479,True,FULL,FULL_exp_d_rank_2
150,0.4,2.175,5.29,4.25,4.25,3.4798658017251105,2.298850574712644,7.7298658017251105,7.755705088302538,4.25,3.796592153665193,2.298850574712644,8.046592153665193,6.938349141117316,0.3167263519400825,0.3167263519400825,0.3167263519400825,0.3167263519400825,-0.8173559471852219,0.8173559471852219,0.05757543395587834,0.02961566287048785,0.9931875488861858,True,FULL,FULL_exp_d_rank_2
151,0.99,3.6125,15.85,14.965,14.965,4.712295648967803,1.384083044982699,19.677295648967803,4.185634509215309,14.965,14.985237297493365,1.384083044982699,29.950237297493363,2.792560640493081,10.272941648525562,10.272941648525562,10.27294164852556,10.27294164852556,-1.3930738687222282,1.3930738687222282,0.5401010574552585,0.4104508323641554,0.9485799839612187,True,FULL,FULL_exp_d_rank_2
152,1.16,1.9,0.64,0.54,0.54,8.918859589233094,2.6315789473684212,9.458859589233091,2.9158636476035604,0.54,6.099338724243736,2.6315789473684212,6.639338724243736,2.739292421365096,-2.819520864989358,2.819520864989358,-2.8195208649893555,2.8195208649893555,-0.17657122623846444,0.17657122623846444,0.13570310566571517,0.10367018861770569,-0.19602147281914917,True,FULL,FULL_exp_d_rank_2
153,1.3,2.566666666666667,4.2,3.9333333333333336,3.9333333333333336,6.732843008196392,1.948051948051948,10.666176341529724,2.832743127876559,3.9333333333333336,7.493841633080018,1.948051948051948,11.427174966413352,2.448473050725456,0.7609986248836265,0.7609986248836265,0.7609986248836282,0.7609986248836282,-0.38427007715110273,0.38427007715110273,0.23382827278386295,0.15742447775833215,0.9062963704901501,True,FULL,FULL_exp_d_rank_2
155,0.56,1.5599999999999998,0.58,0.4766666666666666,0.4766666666666666,1.2430840918042927,3.2051282051282053,1.7197507584709593,5.0236277196711585,0.4766666666666666,2.1935201247230953,3.2051282051282053,2.670186791389762,3.912293275537801,0.9504360329188026,0.9504360329188026,0.9504360329188026,0.9504360329188026,-1.1113344441333575,1.1113344441333575,0.038095194856789506,0.022941700594558335,0.8357348975495571,True,FULL,FULL_exp_d_rank_2
156,0.67,2.1775,4.06,3.745,3.745,2.1627193549790276,2.296211251435132,5.907719354979028,5.4890381882934465,3.745,2.573798329420052,2.296211251435132,6.318798329420052,4.70854750033519,0.4110789744410246,0.4110789744410246,0.4110789744410246,0.4110789744410246,-0.780490687958256,0.780490687958256,0.07813650154671088,0.03936055654044412,0.9848510596109908,True,FULL,FULL_exp_d_rank_2
157,1.32,3.9,14.36,13.5925,13.5925,6.126023681195667,1.2820512820512822,19.718523681195663,3.032176279008363,13.5925,9.97960778079627,1.2820512820512822,23.57210778079627,2.4119811821356425,3.853584099600603,3.853584099600603,3.8535840996006065,3.8535840996006065,-0.6201950968727203,0.6201950968727203,0.27877448130558174,0.16470556568431224,0.9856717509591211,True,FULL,FULL_exp_d_rank_2
158,0.17,1.6233333333333333,1.0,0.5720000000000001,0.5720000000000001,0.8749487231528226,3.080082135523614,1.4469487231528226,16.31818533574024,0.5720000000000001,0.9109368432963324,3.080082135523614,1.4829368432963326,15.42218017165368,0.03598812014350983,0.03598812014350983,0.03598812014350994,0.03598812014350994,-0.8960051640865583,0.8960051640865583,0.005072071109707961,0.0033094592297655467,0.9988224465364509,True,FULL,FULL_exp_d_rank_2
159,0.32,2.1825,5.06,4.11975,4.11975,2.410582651104151,2.290950744558992,6.530332651104151,10.626543938716322,4.11975,2.0157665485392053,2.290950744558992,6.135516548539205,10.53826580208401,-0.3948161025649455,0.3948161025649455,-0.3948161025649455,0.3948161025649455,-0.08827813663231154,0.08827813663231154,0.08284114601606979,0.05060663475859327,0.9820464175882027,True,FULL,FULL_exp_d_rank_2
160,1.07,3.895,14.3,13.0025,13.0025,7.31537030166651,1.2836970474967908,20.31787030166651,3.3651116062820727,13.0025,8.206254013556864,1.2836970474967908,21.208754013556863,2.9481314398150325,0.8908837118903534,0.8908837118903534,0.8908837118903534,0.8908837118903534,-0.4169801664670403,0.4169801664670403,0.23854072597546888,0.11526551700885694,0.9876222851372684,True,FULL,FULL_exp_d_rank_2
161,0.1,1.5666666666666669,0.85,0.5843333333333334,0.5843333333333334,0.3978559436075378,3.191489361702127,0.9821892769408712,37.33548887229885,0.5843333333333334,0.5028425706778918,3.191489361702127,1.0871759040112252,34.79074087144812,0.10498662707035405,0.10498662707035405,0.104986627070354,0.104986627070354,-2.5447480008507313,2.5447480008507313,0.023601348632063514,0.014086460048890151,0.941653408177333,True,FULL,FULL_exp_d_rank_2
162,0.24,2.175,6.09,4.409,4.409,3.4511384121172206,2.298850574712644,7.86013841211722,13.515323404054092,4.409,6.130651597460257,2.298850574712644,10.539651597460256,11.127352519460388,2.679513185343036,2.679513185343036,2.679513185343036,2.679513185343036,-2.387970884593704,2.387970884593704,0.4563460393593611,0.29039478620593434,0.619464228228636,True,FULL,FULL_exp_d_rank_2
163,0.5,3.8625,16.89,15.2325,15.2325,3.655467066441505,1.2944983818770228,18.887967066441504,8.601598077321363,15.2325,5.364564636069018,1.2944983818770228,20.597064636069017,7.498260716590053,1.7090975696275126,1.7090975696275126,1.709097569627513,1.709097569627513,-1.1033373607313095,1.1033373607313095,0.26558648804267015,0.16978421935933014,0.9814381669247504,True,FULL,FULL_exp_d_rank_2
164,0.07,1.5566666666666666,0.85,0.5843333333333334,0.5843333333333334,0.3510048045966245,3.211991434689508,0.935338137929958,59.36701870371923,0.5843333333333334,0.4299951508143378,3.211991434689508,1.0143284841476712,56.411967898424805,0.07899034621771334,0.07899034621771334,0.07899034621771317,0.07899034621771317,-2.9550508052944267,2.9550508052944267,0.019451187449913684,0.011331464279491148,0.9574302466427944,True,FULL,FULL_exp_d_rank_2
165,0.23,2.1675,5.85,4.43275,4.43275,2.80147060168731,2.306805074971165,7.23422060168731,14.978792929839672,4.43275,4.083157440902426,2.306805074971165,8.515907440902426,13.03079201962944,1.2816868392151157,1.2816868392151157,1.2816868392151157,1.2816868392151157,-1.948000910210233,1.948000910210233,0.2231484776139855,0.14032447311669094,0.8924624517721289,True,FULL,FULL_exp_d_rank_2
166,0.75,3.8625,16.87,15.795,15.795,3.4935563581594646,1.2944983818770228,19.288556358159465,5.80409010742513,15.795,6.596393762377767,1.2944983818770228,22.391393762377767,4.6205600075029425,3.1028374042183025,3.1028374042183025,3.1028374042183025,3.1028374042183025,-1.1835300999221872,1.1835300999221872,0.3308242549167062,0.22869691132537298,0.9780448477666581,True,FULL,FULL_exp_d_rank_2
167,0.17,1.5599999999999998,0.8,0.5579999999999999,0.5579999999999999,0.4953159279041487,3.2051282051282053,1.0533159279041486,18.51576110820791,0.5579999999999999,0.691030234065925,3.2051282051282053,1.249030234065925,16.2283412901983,0.19571430616177632,0.19571430616177632,0.19571430616177632,0.19571430616177632,-2.28741981800961,2.28741981800961,0.032602350659663874,0.020747061495264497,0.8935437006733196,True,FULL,FULL_exp_d_rank_2
168,1.11,2.563333333333333,4.61,4.293333333333333,4.293333333333333,4.918051194692046,1.950585175552666,9.21138452802538,3.258019017990617,4.293333333333333,5.400796544032611,1.950585175552666,9.694129877365944,2.80479793840982,0.4827453493405649,0.4827453493405649,0.4827453493405631,0.4827453493405631,-0.45322107958079716,0.45322107958079716,0.18959674486752084,0.1178061654733179,0.9444677862435504,True,FULL,FULL_exp_d_rank_2
169,3.93,4.553333333333334,16.61,16.513333333333332,16.513333333333332,14.198414912137522,1.0980966325036603,30.711748245470854,1.4757256498343354,16.513333333333332,134.13962016144714,1.0980966325036603,150.65295349478046,1.1363516267601748,119.94120524930962,119.94120524930962,119.9412052493096,119.9412052493096,-0.33937402307416065,0.33937402307416065,0.5720437865599028,0.3220535943130835,0.9651972768840594,True,FULL,FULL_exp_d_rank_2
170,0.19,1.5533333333333337,0.76,0.5436666666666666,0.5436666666666666,0.4848535368761771,3.218884120171673,1.0285202035428438,16.275028887164293,0.5436666666666666,0.7283892667147464,3.218884120171673,1.272055933381413,13.823605182125236,0.24353572983856925,0.24353572983856925,0.2435357298385692,0.2435357298385692,-2.4514237050390566,2.4514237050390566,0.036733429500952874,0.023806094761202486,0.8521655020270277,True,FULL,FULL_exp_d_rank_2
171,0.32,2.17,4.74,4.0465,4.0465,1.7565900119017304,2.3041474654377883,5.80309001190173,11.4900793995,4.0465,0.950852752299152,2.3041474654377883,4.997352752299152,12.863478012467734,-0.8057372596025784,0.8057372596025784,-0.8057372596025782,0.8057372596025782,1.3733986129677334,1.3733986129677334,0.13297170371795167,0.08483533723755278,0.9460939303505975,True,FULL,FULL_exp_d_rank_2
172,1.88,4.13,15.76,14.8875,14.8875,14.997831291761866,1.2106537530266344,29.885331291761865,2.0220034481788933,14.8875,26.429995264484976,1.2106537530266344,41.317495264484975,1.5949431469477366,11.43216397272311,11.43216397272311,11.43216397272311,11.43216397272311,-0.4270603012311567,0.4270603012311567,0.6005424871061555,0.34807191059619713,0.9541230590777495,True,FULL,FULL_exp_d_rank_2
173,0.23,1.5666666666666669,0.81,0.5826666666666666,0.5826666666666666,0.6080845262035995,3.191489361702127,1.190751192870266,12.675105003139644,0.5826666666666666,0.8501236036704413,3.191489361702127,1.4327902703371078,10.73508474567642,0.24203907746684172,0.24203907746684172,0.24203907746684172,0.24203907746684172,-1.9400202574632228,1.9400202574632228,0.027492757979488608,0.01843941876565208,0.9330923368572742,True,FULL,FULL_exp_d_rank_2
174,0.27,2.18,5.18,4.452999999999999,4.452999999999999,1.5717255574854088,2.293577981651376,6.024725557485408,14.53141002624948,4.452999999999999,0.7599816240584287,2.293577981651376,5.212981624058428,16.80068848929609,-0.81174393342698,0.81174393342698,-0.81174393342698,0.81174393342698,2.269278463046609,2.269278463046609,0.14571820607463307,0.09048303123342682,0.939519512255682,True,FULL,FULL_exp_d_rank_2
175,1.85,4.1125,17.29,16.4125,16.4125,14.29966321375646,1.21580547112462,30.71216321375646,2.100213453400296,16.4125,35.25734134159234,1.21580547112462,51.66984134159234,1.555629115802335,20.957678127835877,20.957678127835877,20.957678127835877,20.957678127835877,-0.5445843375979611,0.5445843375979611,0.6048994186903919,0.35423052606459576,0.9612149600804643,True,FULL,FULL_exp_d_rank_2
176,0.65,1.5766666666666669,0.57,0.478,0.478,1.612273609680621,3.1712473572938684,2.090273609680621,4.48569879514461,0.478,2.7374673748059397,3.1712473572938684,3.2154673748059395,3.624277259053244,1.1251937651253188,1.1251937651253188,1.1251937651253185,1.1251937651253185,-0.861421536091366,0.861421536091366,0.050182402776685835,0.03336154160390183,0.7264233661785382,True,FULL,FULL_exp_d_rank_2
177,1.47,2.6333333333333333,3.8,3.616,3.616,6.14964024424423,1.89873417721519,9.76564024424423,2.66832825839853,3.616,8.30317219158838,1.89873417721519,11.91917219158838,2.2645013239571585,2.1535319473441508,2.1535319473441508,2.1535319473441508,2.1535319473441508,-0.4038269344413714,0.4038269344413714,0.20896135032905633,0.14102323482405887,0.9138445807895682,True,FULL,FULL_exp_d_rank_2
178,2.12,4.1575,13.69,12.965,12.965,17.833183532648366,1.2026458208057729,30.79818353264837,1.8070468059221405,12.965,22.523262816048454,1.2026458208057729,35.488262816048454,1.5309588330192132,4.690079283400088,4.690079283400088,4.690079283400085,4.690079283400085,-0.2760879729029273,0.2760879729029273,0.6560653569685959,0.42604840810288935,0.9316023019662034,True,FULL,FULL_exp_d_rank_2
179,0.48,1.5666666666666669,0.88,0.6386666666666666,0.6386666666666666,2.2710172374402005,3.191489361702127,2.909683904106867,5.11752583659357,0.6386666666666666,2.121065044609735,3.191489361702127,2.7597317112764017,4.416775472709092,-0.14995219283046524,0.14995219283046524,-0.14995219283046524,0.14995219283046524,-0.7007503638844783,0.7007503638844783,0.07858279667887794,0.052070328742268954,0.6927997596058479,True,FULL,FULL_exp_d_rank_2
181,0.9,3.925,17.84,14.94,14.94,13.029435602700998,1.2738853503184715,27.969435602700997,3.4621547532157915,14.94,33.23922064723158,1.2738853503184715,48.17922064723158,2.3815064425818258,20.209785044530584,20.209785044530584,20.209785044530584,20.209785044530584,-1.0806483106339657,1.0806483106339657,1.0434991437558183,0.7719739476648274,0.8266059824490678,True,FULL,FULL_exp_d_rank_2
182,0.22,1.49,0.66,0.4575,0.4575,0.5513217275318822,3.3557046979865772,1.0088217275318825,12.75282127395527,0.4575,0.8972263457973833,3.3557046979865772,1.3547263457973833,10.346971230001524,0.345904618265501,0.345904618265501,0.3459046182655008,0.3459046182655008,-2.4058500439537465,2.4058500439537465,0.04005131418263625,0.027142198555353495,0.7985003652940901,True,FULL,FULL_exp_d_rank_2
183,1.93,3.1,4.22,4.0145,4.0145,10.822557992923612,1.6129032258064515,14.837057992923611,2.064879723343122,4.0145,10.489075765731476,1.6129032258064515,14.503575765731476,1.8526002833759911,-0.3334822271921354,0.3334822271921354,-0.3334822271921354,0.3334822271921354,-0.21227943996713106,0.21227943996713106,0.29961416042102973,0.2161003959195152,0.8616867618686337,True,FULL,FULL_exp_d_rank_2
184,3.98,4.75,15.12,14.85,14.85,45.661479023586836,1.0526315789473684,60.51147902358684,1.247654255784918,14.85,91.20765026877147,1.0526315789473684,106.05765026877148,1.1020622079521234,45.54617124518464,45.54617124518464,45.546171245184645,45.546171245184645,-0.14559204783279456,0.14559204783279456,0.8684824407657524,0.5547656793741499,0.8999694775880289,True,FULL,FULL_exp_d_rank_2
185,0.13,1.5666666666666669,1.09,0.5446666666666667,0.5446666666666667,0.9576325699215577,3.191489361702127,1.5022992365882244,21.905585532286455,0.5446666666666667,1.0316897234584843,3.191489361702127,1.576356390125151,20.913061268934335,0.07405715353692666,0.07405715353692666,0.07405715353692655,0.07405715353692655,-0.9925242633521201,0.9925242633521201,0.013305752086727051,0.008275919789905477,0.9940653970718436,True,FULL,FULL_exp_d_rank_2
186,0.28,2.1775,5.16,3.81425,3.81425,3.130431077528114,2.296211251435132,6.944681077528114,11.220553160809676,3.81425,3.464875933526607,2.296211251435132,7.279125933526607,10.311786355997716,0.33444485599849294,0.33444485599849294,0.33444485599849294,0.33444485599849294,-0.9087668048119593,0.9087668048119593,0.041624223094721274,0.02807954999148573,0.9957817324878042,True,FULL,FULL_exp_d_rank_2
187,0.7,3.88,16.09,11.71,11.71,14.993697153202367,1.288659793814433,26.70369715320237,3.931657649182005,11.71,36.27606411911824,1.288659793814433,47.98606411911824,2.7936663317312815,21.28236696591587,21.28236696591587,21.28236696591587,21.28236696591587,-1.1379913174507235,1.1379913174507235,1.742830067198083,1.2449818104413928,0.382774322546207,True,FULL,FULL_exp_d_rank_2
188,1.1,2.06,0.64,0.593,0.593,1.513280437089641,2.4271844660194173,2.1062804370896413,3.268679989536249,0.593,4.095475021362134,2.4271844660194173,4.688475021362134,2.619401295145235,2.582194584272493,2.582194584272493,2.5821945842724925,2.5821945842724925,-0.6492786943910143,0.6492786943910143,0.0465914235484445,0.03141015941233635,0.8414783516238491,True,FULL,FULL_exp_d_rank_2
189,3.11,3.85,4.79,4.4285,4.4285,105.61771145632456,1.2987012987012987,110.04621145632456,1.3813754414682702,4.4285,24.244470933857276,1.2987012987012987,28.672970933857275,1.369778709589643,-81.37324052246728,81.37324052246728,-81.37324052246728,81.37324052246728,-0.011596731878627198,0.011596731878627198,0.9066119129355188,0.6231097440500646,-0.05818233696062425,True,FULL,FULL_exp_d_rank_2
190,2.95,4.833333333333333,17.57,15.660000000000002,15.660000000000002,133.5433516563727,1.0344827586206895,149.2033516563727,1.194201194728314,15.660000000000002,68.08164506062775,1.0344827586206895,83.74164506062775,1.136562657041334,-65.46170659574494,65.46170659574494,-65.46170659574494,65.46170659574494,-0.05763853768697991,0.05763853768697991,2.5797458953462944,1.9517417056098711,0.3812526993223131,True,FULL,FULL_exp_d_rank_2
191,0.1,1.64,1.15,0.5823333333333333,0.5823333333333333,0.8468851223123651,3.048780487804878,1.4292184556456984,32.276683117014976,0.5823333333333333,0.8667783785502486,3.048780487804878,1.449111711883582,31.55926199547928,0.019893256237883516,0.019893256237883516,0.019893256237883516,0.019893256237883516,-0.7174211215356969,0.7174211215356969,0.003999052291641125,0.002415005102947373,0.9994608110322555,True,FULL,FULL_exp_d_rank_2
192,0.26,2.06,5.06,2.78625,2.78625,5.537602820988881,2.4271844660194173,8.323852820988881,9.67711986223781,2.78625,10.340233174318232,2.4271844660194173,13.126483174318231,7.868371077418168,4.802630353329351,4.802630353329351,4.80263035332935,4.80263035332935,-1.8087487848196417,1.8087487848196417,0.6748768066927455,0.44838611765078945,0.29211112811869777,True,FULL,FULL_exp_d_rank_2
193,0.48,3.91,15.79,12.4225,12.4225,7.40432598861948,1.278772378516624,19.82682598861948,7.151633571136485,12.4225,14.02404492552574,1.278772378516624,26.44654492552574,5.722068045258387,6.61971893690626,6.61971893690626,6.61971893690626,6.61971893690626,-1.4295655258780977,1.4295655258780977,1.0454343147434766,0.6719241540483601,0.6847115716750518,True,FULL,FULL_exp_d_rank_2
194,0.47,1.5599999999999998,0.9,0.6583333333333333,0.6583333333333333,2.1587521490528645,3.2051282051282053,2.8170854823861977,5.267358968714256,0.6583333333333333,2.078295097278544,3.2051282051282053,2.7366284306118773,4.523813191356973,-0.08045705177432039,0.08045705177432039,-0.08045705177432039,0.08045705177432039,-0.7435457773572836,0.7435457773572836,0.07403150317297155,0.048248969029627505,0.7345832893583064,True,FULL,FULL_exp_d_rank_2
195,0.49,2.1875,5.79,4.2505,4.2505,7.336962282580967,2.2857142857142856,11.587462282580969,5.320972461121309,4.2505,9.63108056726654,2.2857142857142856,13.88158056726654,4.3406285364964265,2.294118284685573,2.294118284685573,2.294118284685572,2.294118284685572,-0.9803439246248828,0.9803439246248828,0.12837242059185827,0.0836654599592044,0.9769662887100681,True,FULL,FULL_exp_d_rank_2
196,1.09,3.86,17.51,14.9375,14.9375,16.553387035413166,1.2953367875647668,31.490887035413166,2.8169440230151195,14.9375,39.55477813330264,1.2953367875647668,54.49227813330264,1.9772899938942023,23.001391097889474,23.001391097889474,23.001391097889474,23.001391097889474,-0.8396540291209171,0.8396540291209171,0.5623941710847041,0.45838848406272253,0.9543995404227765,True,FULL,FULL_exp_d_rank_2
197,0.14,2.0725,0.99,0.65575,0.65575,0.5146811885872504,2.4125452352231607,1.1704311885872505,25.510159206488257,0.65575,0.392628303001983,2.4125452352231607,1.048378303001983,26.562117798588027,-0.12205288558526745,0.12205288558526745,-0.12205288558526739,0.12205288558526739,1.0519585920997692,1.0519585920997692,0.028315171362619913,0.016809196218118896,0.9430988084526131,True,FULL,FULL_exp_d_rank_2
199,2.66,4.3725000000000005,17.29,16.490000000000002,16.490000000000002,37.39926722177272,1.1435105774728416,53.88926722177272,1.504191322919805,16.490000000000002,63.446978235393,1.1435105774728416,79.936978235393,1.269725521581009,26.04771101362028,26.04771101362028,26.04771101362028,26.04771101362028,-0.2344658013387959,0.2344658013387959,1.1288112117454236,0.7864611734424823,0.8826407805810721,True,FULL,FULL_exp_d_rank_2
200,1.09,1.85,0.51,0.452,0.452,3.5013968656521643,2.702702702702702,3.953396865652164,3.161464776235545,0.452,5.1724657552637066,2.702702702702702,5.6244657552637065,2.817833420471175,1.6710688896115422,1.6710688896115422,1.6710688896115427,1.6710688896115427,-0.34363135576436976,0.34363135576436976,0.07242487421351188,0.054064109753009806,0.41054775623955064,True,FULL,FULL_exp_d_rank_2
202,5.68,6.0,13.66,13.51,13.51,45.684267603740025,0.8333333333333334,59.19426760374002,0.9611956816495174,13.51,75.29213075111299,0.8333333333333334,88.802130751113,0.8699620009461763,29.607863147372967,29.607863147372967,29.607863147372974,29.607863147372974,-0.09123368070334115,0.09123368070334115,0.707793609318384,0.431942565303302,0.9143394685473356,True,FULL,FULL_exp_d_rank_2
203,8.16,15.0,0.64,0.4826666666666666,0.4826666666666666,11.163229285157737,0.3333333333333333,11.645895951824402,0.3680224492093827,0.4826666666666666,1.633828994156879,0.3333333333333333,2.1164956608235457,0.3816377905313584,-9.529400291000858,9.529400291000858,-9.529400291000856,9.529400291000856,0.013615341321975671,0.013615341321975671,0.16869156552927453,0.1299797509779071,-0.6700638098213685,True,FULL,FULL_exp_d_rank_2
204,9.63,15.0,1.15,0.9263333333333332,0.9263333333333332,31.67109901569681,0.3333333333333333,32.59743234903014,0.356302565715436,0.9263333333333332,3.228819856427455,0.3333333333333333,4.155153189760788,0.3705040470420841,-28.442279159269354,28.442279159269354,-28.442279159269354,28.442279159269354,0.014201481326648113,0.014201481326648113,0.3354185510649972,0.25706582454968674,-0.8299530617901469,True,FULL,FULL_exp_d_rank_2
205,8.17,15.0,1.67,1.391,1.391,14.757831874738754,0.3333333333333333,16.148831874738754,0.3859250855203011,1.391,2.1712944461262524,0.3333333333333333,3.5622944461262525,0.4231263902412681,-12.586537428612502,12.586537428612502,-12.586537428612502,12.586537428612502,0.037201304720967,0.037201304720967,0.2946970581257551,0.2264101564389023,0.08698942030088919,True,FULL,FULL_exp_d_rank_2
206,7.68,15.0,2.36,1.9943333333333333,1.9943333333333333,14.016889640854824,0.3333333333333333,16.011222974188158,0.404258783461519,1.9943333333333333,1.5774957293099483,0.3333333333333333,3.571829062643282,0.4898761465649492,-12.439393911544876,12.439393911544876,-12.439393911544876,12.439393911544876,0.08561736310343021,0.08561736310343021,0.3387661142213122,0.26137766179006305,0.35809053032254623,True,FULL,FULL_exp_d_rank_2
207,12.65,17.5,2.87,2.478,2.478,85.54466261294648,0.2857142857142857,88.02266261294648,0.3027127732951231,2.478,5.2376382242755675,0.2857142857142857,7.715638224275568,0.3270085599024373,-80.30702438867091,80.30702438867091,-80.30702438867091,80.30702438867091,0.02429578660731424,0.02429578660731424,0.7415706454736011,0.5405065096343177,-0.5815794319114305,True,FULL,FULL_exp_d_rank_2
209,0.55,3.75,0.015,0.014,0.014,0.0024195869070291,1.3333333333333333,0.0164195869070291,8.395940887010124,0.014,0.0881647025898714,1.3333333333333333,0.1021647025898714,3.183868964238348,0.0857451156828423,0.0857451156828423,0.0857451156828423,0.0857451156828423,-5.212071922771775,5.212071922771775,0.010613837464122002,0.007189735913269896,-33.70995307833549,True,FULL,FULL_exp_d_rank_2
210,0.73,3.75,0.017,0.0155,0.0155,0.0049950016940742,1.3333333333333333,0.0204950016940742,5.436911505105911,0.0155,0.0697260341812779,1.3333333333333333,0.0852260341812779,2.4311793223673996,0.0647310324872037,0.0647310324872037,0.0647310324872037,0.0647310324872037,-3.0057321827385115,3.0057321827385115,0.00504913486143268,0.003626355643315192,-4.029997967737671,True,FULL,FULL_exp_d_rank_2
211,0.73,3.75,0.031,0.0205,0.0205,0.0421170527109933,1.3333333333333333,0.0626170527109933,3.3538139443417307,0.0205,0.2501312066358955,1.3333333333333333,0.2706312066358955,1.989372607647864,0.2080141539249022,0.2080141539249022,0.20801415392490222,0.20801415392490222,-1.3644413366938668,1.3644413366938668,0.010762975824247064,0.008100112755010594,-4.306458379061196,True,FULL,FULL_exp_d_rank_2
212,0.56,4.25,0.032,0.0305,0.0305,0.0032729190185453,1.1764705882352942,0.0337729190185453,9.217143579218789,0.0305,0.2703974918646582,1.1764705882352942,0.3008974918646582,3.0940250501125717,0.2671245728461129,0.2671245728461129,0.2671245728461129,0.2671245728461129,-6.1231185291062165,6.1231185291062165,0.0372885323368839,0.024779491762062573,-99.89774365635283,True,FULL,FULL_exp_d_rank_2
213,0.61,4.25,0.036,0.032,0.032,0.0097117896904809,1.1764705882352942,0.0417117896904809,6.613265489413038,0.032,0.294246762355666,1.1764705882352942,0.3262467623556661,2.7191551706445702,0.28453497266518507,0.28453497266518507,0.2845349726651852,0.2845349726651852,-3.894110318768468,3.894110318768468,0.035028230972956355,0.0237902672667627,-65.55642275987368,True,FULL,FULL_exp_d_rank_2
214,0.8,4.25,0.041,0.0365,0.0365,0.0146135447707714,1.1764705882352942,0.0511135447707714,4.687843076991533,0.0365,0.29831623863927,1.1764705882352942,0.33481623863927,1.956646819106286,0.28370269386849856,0.28370269386849856,0.2837026938684986,0.2837026938684986,-2.731196257885247,2.731196257885247,0.02066397646953901,0.01499538974659699,-13.854450063691049,True,FULL,FULL_exp_d_rank_2
215,0.85,4.25,0.053,0.0412499999999999,0.0412499999999999,0.0449535990108785,1.1764705882352942,0.0862035990108784,3.4008265344224067,0.0412499999999999,0.391452057686125,1.1764705882352942,0.4327020576861249,1.7844333141470132,0.34649845867524653,0.34649845867524653,0.34649845867524653,0.34649845867524653,-1.6163932202753934,1.6163932202753934,0.019165959385348288,0.014318267811901713,-5.956029334858493,True,FULL,FULL_exp_d_rank_2
216,1.18,4.75,0.072,0.06875,0.06875,0.0144953537063408,1.0526315789473684,0.0832453537063408,3.803418428356459,0.06875,0.4444614422353699,1.0526315789473684,0.5132114422353699,1.4401641360100472,0.42996608852902907,0.42996608852902907,0.42996608852902907,0.42996608852902907,-2.3632542923464115,2.3632542923464115,0.016193812247054316,0.012241247109536923,-1.4186773281104559,True,FULL,FULL_exp_d_rank_2
217,1.07,4.75,0.082,0.07425,0.07425,0.0316745022212473,1.0526315789473684,0.1059245022212473,3.494012368300583,0.07425,0.4978519610068084,1.0526315789473684,0.5721019610068084,1.5352803180449328,0.4661774587855611,0.4661774587855611,0.46617745878556116,0.46617745878556116,-1.9587320502556502,1.9587320502556502,0.022124964919834435,0.01663255787680228,-2.7379479588388134,True,FULL,FULL_exp_d_rank_2
218,0.99,4.75,0.091,0.0815,0.0815,0.0350845623553453,1.0526315789473684,0.1165845623553453,3.740061038065954,0.0815,0.528093454607076,1.0526315789473684,0.609593454607076,1.6541752999009047,0.4930088922517307,0.4930088922517307,0.4930088922517307,0.4930088922517307,-2.0858857381650493,2.0858857381650493,0.029357092710494897,0.02169901208559401,-4.658742032445043,True,FULL,FULL_exp_d_rank_2
219,1.33,4.75,0.123,0.109,0.109,0.0845437839006371,1.0526315789473684,0.1935437839006371,2.512415047002486,0.109,0.7082875467382345,1.0526315789473684,0.8172875467382344,1.3439620855604033,0.6237437628375974,0.6237437628375974,0.6237437628375974,0.6237437628375974,-1.1684529614420829,1.1684529614420829,0.013105766118230961,0.01027674853712061,0.4981006172225081,True,FULL,FULL_exp_d_rank_2
220,0.57,3.0,0.057,0.045,0.045,0.0423378142666348,1.6666666666666667,0.0873378142666348,5.252909248352316,0.045,0.5532425862667126,1.6666666666666667,0.5982425862667127,2.5498171912534104,0.5109047720000779,0.5109047720000779,0.5109047720000779,0.5109047720000779,-2.703092057098906,2.703092057098906,0.03142903298905244,0.02322259436684166,-15.901864416743674,True,FULL,FULL_exp_d_rank_2
221,0.74,3.0,0.052,0.0426666666666666,0.0426666666666666,0.0483380999196384,1.6666666666666667,0.091004766586305,3.990648101805694,0.0426666666666666,0.5389603441610917,1.6666666666666667,0.5816270108277584,2.048154085120919,0.49062224424145334,0.49062224424145334,0.49062224424145334,0.49062224424145334,-1.9424940166847748,1.9424940166847748,0.010973860864044142,0.008652855349055626,-1.1375065304737881,True,FULL,FULL_exp_d_rank_2
222,1.17,3.75,0.042,0.037,0.037,0.0379972465016185,1.3333333333333333,0.0749972465016185,2.7555455668379523,0.037,0.2969194905554254,1.3333333333333333,0.3339194905554254,1.5773566087998585,0.25892224405380687,0.25892224405380687,0.2589222440538069,0.2589222440538069,-1.1781889580380938,1.1781889580380938,0.0027630900747787645,0.0022738643753918747,0.8216462240053279,True,FULL,FULL_exp_d_rank_2
223,2.7,4.333333333333333,0.036,0.0356666666666666,0.0356666666666666,0.012315781767816,1.153846153846154,0.0479824484344826,2.0063850757344786,0.0356666666666666,0.0341152340160779,1.153846153846154,0.0697819006827445,1.5212851409584027,0.021799452248261898,0.021799452248261898,0.021799452248261894,0.021799452248261894,-0.4850999347760758,0.4850999347760758,0.001089937570382378,0.000624822872273473,0.9754352115960813,True,FULL,FULL_exp_d_rank_2
224,0.75,3.5,0.022,0.02125,0.02125,0.0026705992767688,1.4285714285714286,0.0239205992767688,6.637578410976577,0.02125,0.1346256280550252,1.4285714285714286,0.1558756280550252,2.1992268137637163,0.1319550287782564,0.1319550287782564,0.1319550287782564,0.1319550287782564,-4.43835159721286,4.43835159721286,0.007680507961242799,0.00564069051817249,-5.570743886818652,True,FULL,FULL_exp_d_rank_2
225,1.15,3.5,0.021,0.02,0.02,0.0073958891535081,1.4285714285714286,0.0273958891535081,3.6113543932907137,0.02,0.0519648115039903,1.4285714285714286,0.0719648115039904,2.007588741201272,0.0445689223504822,0.0445689223504822,0.04456892235048229,0.04456892235048229,-1.6037656520894417,1.6037656520894417,0.0010555935977892513,0.0008536520972735105,0.9018989746194533,True,FULL,FULL_exp_d_rank_2
226,1.1,3.5,0.02,0.01925,0.01925,0.004956977641193,1.4285714285714286,0.024206977641193,4.054827267846036,0.01925,0.0477779861845113,1.4285714285714286,0.0670279861845113,2.0762293850278697,0.042821008543318294,0.042821008543318294,0.04282100854331831,0.04282100854331831,-1.9785978828181667,1.9785978828181667,0.0012490314928217375,0.0009874427348270508,0.8428940346221998,True,FULL,FULL_exp_d_rank_2
227,1.25,3.5,0.019,0.01875,0.01875,0.0019847706438796,1.4285714285714286,0.0207347706438796,4.418502888206739,0.01875,0.0231281720655378,1.4285714285714286,0.0418781720655378,2.276212361765525,0.0211434014216582,0.0211434014216582,0.021143401421658204,0.021143401421658204,-2.142290526441214,2.142290526441214,0.0008104299143445043,0.0006156912325860263,0.9293886414657356,True,FULL,FULL_exp_d_rank_2
228,0.7,3.0,0.059,0.0456666666666666,0.0456666666666666,0.0656740182268081,1.6666666666666667,0.1113406848934747,3.9285722676402535,0.0456666666666666,0.5910033349735088,1.6666666666666667,0.6366700016401754,2.1098177387816217,0.5253293167467007,0.5253293167467007,0.5253293167467007,0.5253293167467007,-1.8187545288586318,1.8187545288586318,0.013894452525950472,0.010899645954152047,-1.667095875252861,True,FULL,FULL_exp_d_rank_2
229,0.8,3.75,0.039,0.03775,0.03775,0.0044128695173391,1.3333333333333333,0.0421628695173391,6.31959788609588,0.03775,0.3106892400224196,1.3333333333333333,0.3484392400224196,1.9551576058296931,0.3062763705050805,0.3062763705050805,0.3062763705050805,0.3062763705050805,-4.364440280266187,4.364440280266187,0.01647840232218823,0.012196920221013183,-8.681901793782341,True,FULL,FULL_exp_d_rank_2
230,1.1,3.75,0.031,0.03025,0.03025,0.004226216061608,1.3333333333333333,0.034476216061608,4.574641618565765,0.03025,0.1663745350592393,1.3333333333333333,0.1966245350592393,1.7129715785191697,0.1621483189976313,0.1621483189976313,0.1621483189976313,0.1621483189976313,-2.8616700400465946,2.8616700400465946,0.004075073713111031,0.0031640443659915183,0.25210420725673277,True,FULL,FULL_exp_d_rank_2
234,0.99,3.0,0.523,0.4803333333333333,0.4803333333333333,0.3422582854093307,1.6666666666666667,0.822591618742664,3.6102895519762694,0.4803333333333333,1.3989011153882056,1.6666666666666667,1.8792344487215389,2.2824061103719453,1.056642829978875,1.056642829978875,1.056642829978875,1.056642829978875,-1.3278834416043241,1.3278834416043241,0.019356588505137984,0.01603104605833455,0.9464833146222749,True,FULL,FULL_exp_d_rank_2
235,1.49,3.0,0.929,0.87,0.87,1.3911680147990315,1.6666666666666667,2.261168014799032,2.4688599946843404,0.87,3.183984204149227,1.6666666666666667,4.053984204149227,1.9257732367755067,1.7928161893501955,1.7928161893501955,1.7928161893501953,1.7928161893501953,-0.5430867579088337,0.5430867579088337,0.04930090539746332,0.030598368772532067,0.9141059241274422,True,FULL,FULL_exp_d_rank_2
236,2.48,3.5,1.278,1.2245,1.2245,4.974718816480315,1.4285714285714286,6.199218816480315,1.7047169871616714,1.2245,8.2648963734792,1.4285714285714286,9.4893963734792,1.50540366429123,3.290177556998885,3.290177556998885,3.290177556998886,3.290177556998886,-0.19931332287044135,0.19931332287044135,0.104321423939542,0.07242326697486538,0.8058302458293054,True,FULL,FULL_exp_d_rank_2
238,1.16,3.0,0.606,0.5299999999999999,0.5299999999999999,0.9995028593983644,1.6666666666666667,1.5295028593983642,2.6762963684092975,0.5299999999999999,1.8909080591644072,1.6666666666666667,2.420908059164407,2.0639986525188183,0.8914051997660428,0.8914051997660428,0.8914051997660428,0.8914051997660428,-0.6122977158904792,0.6122977158904792,0.03212673763030041,0.0189408313619457,0.8979227683941189,True,FULL,FULL_exp_d_rank_2
239,2.0,3.5,0.785,0.745,0.745,1.4880839300345443,1.4285714285714286,2.2330839300345446,1.9471028822830023,0.745,4.100028691479289,1.4285714285714286,4.845028691479289,1.5541911930077303,2.611944761444745,2.611944761444745,2.6119447614447444,2.6119447614447444,-0.392911689275272,0.392911689275272,0.04848311106181783,0.03221786207286557,0.8919111700015669,True,FULL,FULL_exp_d_rank_2
240,1.84,3.0,1.067,0.9266666666666667,0.9266666666666667,11.34965538746409,1.6666666666666667,12.276322054130755,1.8769974838423913,0.9266666666666667,5.85705778975416,1.6666666666666667,6.783724456420827,1.7832323894829525,-5.4925975977099295,5.4925975977099295,-5.492597597709929,5.492597597709929,-0.0937650943594388,0.0937650943594388,0.19205320591282554,0.14622988030940637,0.09626005842979302,True,FULL,FULL_exp_d_rank_2
241,2.5,3.5,1.53,1.435,1.435,11.191062390354295,1.4285714285714286,12.626062390354296,1.6206039521105755,1.435,9.041813227353488,1.4285714285714286,10.476813227353489,1.509547300433255,-2.149249163000807,2.149249163000807,-2.149249163000807,2.149249163000807,-0.1110566516773206,0.1110566516773206,0.18115948213062466,0.12892566261150282,0.5783284869483074,True,FULL,FULL_exp_d_rank_2
242,1.28,13.0,0.381,0.236,0.236,0.2798827945510767,0.3846153846153846,0.5158827945510767,2.332154177278262,0.236,0.3898748864247702,0.3846153846153846,0.6258748864247702,2.068860845847788,0.10999209187369352,0.10999209187369352,0.10999209187369352,0.10999209187369352,-0.26329333143047373,0.26329333143047373,0.019718244180153305,0.012429254828239788,0.8552157944081913,True,FULL,FULL_exp_d_rank_2
244,2.29,13.0,30.401,2.493,2.493,191.4872115140508,0.3846153846153846,193.9802115140508,0.5794840127037909,2.493,45.3619523860957,0.3846153846153846,47.854952386095704,0.6078158008115611,-146.1252591279551,146.1252591279551,-146.1252591279551,146.1252591279551,0.02833178810777015,0.02833178810777015,10.362818089331922,7.50344534944516,-0.18918251796567453,True,FULL,FULL_exp_d_rank_2
246,0.34,13.0,0.306,0.104,0.104,0.238125551076079,0.3846153846153846,0.342125551076079,11.465962069935722,0.104,0.4335123689037591,0.3846153846153846,0.5375123689037591,10.835782181177034,0.1953868178276801,0.1953868178276801,0.19538681782768008,0.19538681782768008,-0.630179888758688,0.630179888758688,0.05176337565731888,0.029447151631158488,0.06488754577076272,True,FULL,FULL_exp_d_rank_2
250,0.1,15.0,0.367,0.136,0.136,0.2402542971419538,0.3333333333333333,0.3762542971419538,56.09759499434641,0.136,0.3871146820620139,0.3333333333333333,0.523114682062014,54.26996251558211,0.1468603849200601,0.1468603849200601,0.14686038492006015,0.14686038492006015,-1.8276324787643006,1.8276324787643006,0.04003226202379084,0.022492515539639272,0.5020283015708358,True,FULL,FULL_exp_d_rank_2
254,0.42,15.0,0.464,0.223,0.223,0.286841251907236,0.3333333333333333,0.509841251907236,9.785018691865965,0.223,0.3279757241224863,0.3333333333333333,0.5509757241224863,9.559211055327673,0.04113447221525035,0.04113447221525035,0.04113447221525035,0.04113447221525035,-0.22580763653829194,0.22580763653829194,0.010814228847956513,0.006170057403530564,0.9740744178813925,True,FULL,FULL_exp_d_rank_2
258,2.09,15.0,55.263,3.813,3.813,190.18212243089908,0.3333333333333333,193.99512243089907,0.7174733228095233,3.813,400.32740424286914,0.3333333333333333,404.1404042428691,0.6765829455489895,210.14528181197005,210.14528181197005,210.14528181197005,210.14528181197005,-0.040890377260533795,0.040890377260533795,23.086038643944352,15.95231479345537,-0.8162394261286345,True,FULL,FULL_exp_d_rank_2
284,0.27,1.6652089623887931,2.655,1.3036485066778338,1.3036485066778338,4.61028992899217,3.002626164602998,5.913938435670004,7.913618795998358,1.3036485066778338,5.054292428003271,3.002626164602998,6.357940934681105,6.97318976976444,0.4440024990111011,0.4440024990111011,0.4440024990111011,0.4440024990111011,-0.9404290262339181,0.9404290262339181,0.047287899881817905,0.02677961697714193,0.9904558414522328,True,FULL,FULL_exp_d_rank_2
285,0.5,3.083720300719987,2.417,0.6555920235894309,0.6555920235894309,7.127781251237852,1.621418128885619,7.783373274827283,3.420782268328867,0.6555920235894309,2.2573292781379615,1.621418128885619,2.9129213017273923,3.872633536120454,-4.87045197309989,4.87045197309989,-4.8704519730998905,4.8704519730998905,0.4518512677915867,0.4518512677915867,0.5496174151230249,0.37860449889558895,0.15790514469695427,True,FULL,FULL_exp_d_rank_2
286,0.88,5.4273477292671775,5.477,2.848434309388562,2.848434309388562,8.806082929225237,0.9212603005031926,11.6545172386138,2.5046228694450243,2.848434309388562,0.2003427973330582,0.9212603005031926,3.0487771067216203,6.177362603024773,-8.60574013189218,8.60574013189218,-8.60574013189218,8.60574013189218,3.6727397335797485,3.6727397335797485,1.1278558480323655,0.7534492056496245,-0.38897750065574455,True,FULL,FULL_exp_d_rank_2
287,0.29,1.7885577744175924,3.214,1.959240530267265,1.959240530267265,3.9894927128527247,2.7955484980786536,5.94873324311999,8.412171305906568,1.959240530267265,4.420583424872576,2.7955484980786536,6.379823955139841,7.432415281955017,0.4310907120198513,0.4310907120198513,0.4310907120198513,0.4310907120198513,-0.979756023951551,0.979756023951551,0.042317948113126065,0.026403040773707805,0.9926712818581587,True,FULL,FULL_exp_d_rank_2
288,0.44,2.7136738646335887,3.179,1.959240530267265,1.959240530267265,3.8637545585443656,1.8425206010063853,5.822995088811631,5.589277438658442,1.959240530267265,1.2887949135870709,1.8425206010063853,3.2480354438543357,6.965724867213781,-2.5749596449572945,2.5749596449572945,-2.574959644957295,2.574959644957295,1.3764474285553385,1.3764474285553385,0.3586971268709049,0.2389923229542829,0.4519051513504032,True,FULL,FULL_exp_d_rank_2
289,0.44,2.7136738646335887,5.856,2.848434309388562,2.848434309388562,10.290924987900752,1.8425206010063853,13.139359297289314,4.832563228905287,2.848434309388562,9.769467960634842,1.8425206010063853,12.617902270023404,4.4048563739542415,-0.5214570272659103,0.5214570272659103,-0.5214570272659103,0.5214570272659103,-0.42770685495104566,0.42770685495104566,0.22039435154657444,0.12474630095621345,0.9579547610171066,True,FULL,FULL_exp_d_rank_2
291,0.42,2.590325052604789,4.293,1.959240530267265,1.959240530267265,8.144262348078403,1.9302596772447849,10.103502878345669,4.906645401620717,1.959240530267265,5.3522301896454705,1.9302596772447849,7.311470719912736,4.882467567742638,-2.7920321584329324,2.7920321584329324,-2.7920321584329333,2.7920321584329333,-0.02417783387807937,0.02417783387807937,0.4079178974715114,0.26947287900037553,0.7544824271026169,True,FULL,FULL_exp_d_rank_2
292,0.27,1.6652089623887931,1.816,0.6555920235894309,0.6555920235894309,4.340373544875488,3.002626164602998,4.99596556846492,6.93036783035678,0.6555920235894309,3.4182078086423364,3.002626164602998,4.073799832231767,6.52990173026673,-0.9221657362331519,0.9221657362331519,-0.9221657362331523,0.9221657362331523,-0.4004661000900498,0.4004661000900498,0.1535431264710636,0.09956535215014967,0.8518501961448626,True,FULL,FULL_exp_d_rank_2
293,0.55,3.392092330791986,3.752,1.3488617496840016,1.3488617496840016,8.999404803617814,1.4740164808051082,10.348266553301816,3.397073578572742,1.3488617496840016,2.818958488999914,1.4740164808051082,4.167820238683916,4.00012712787632,-6.1804463146179,6.1804463146179,-6.1804463146179,6.1804463146179,0.6030535493035782,0.6030535493035782,0.7454738605149445,0.5088436119368257,0.18529460206499737,True,FULL,FULL_exp_d_rank_2
295,1.2,7.400928721727968,0.0307,0.0217962758401608,0.0217962758401608,0.0268208917452208,0.6755908870356747,0.0486171675853816,2.3157906832156443,0.0217962758401608,0.0724108763300225,0.6755908870356747,0.0942071521701833,1.6276047384575978,0.04558998458480169,0.04558998458480169,0.0455899845848017,0.0455899845848017,-0.6881859447580465,0.6881859447580465,0.004677221197816525,0.003259753192930931,-0.25301958501304433,True,FULL,FULL_exp_d_rank_2
296,2.0,12.334881202879949,0.131,0.0508579769603752,0.0508579769603752,0.2935284290129898,0.4053545322214048,0.344386405973365,0.9614433155844516,0.0508579769603752,0.3400914911722532,0.4053545322214048,0.3909494681326284,0.8384073664968376,0.04656306215926337,0.04656306215926337,0.04656306215926337,0.04656306215926337,-0.12303594908761406,0.12303594908761406,0.002349467481931415,0.001698873660879222,0.9928065486159956,True,FULL,FULL_exp_d_rank_2
297,1.8,11.101393082591954,0.046,0.0145308505601072,0.0145308505601072,0.1222071066849876,0.4503939246904497,0.1367379572450948,0.9937795159488002,0.0145308505601072,0.0796110644343616,0.4503939246904497,0.0941419149944688,0.9693923141625276,-0.04259604225062601,0.04259604225062601,-0.04259604225062599,0.04259604225062599,-0.024387201786272628,0.024387201786272628,0.005735189362429621,0.00384372034093674,0.7151912548854551,True,FULL,FULL_exp_d_rank_2
302,0.75,4.625580451079981,0.055,0.0153092991217785,0.0153092991217785,0.1595143577214117,1.080945419257079,0.1748236568431902,2.2969478423570417,0.0153092991217785,0.4167015783228483,1.080945419257079,0.4320108774446268,1.833769590445852,0.2571872206014366,0.2571872206014366,0.2571872206014366,0.2571872206014366,-0.4631782519111898,0.4631782519111898,0.018279200118173,0.013352134706042216,-0.8323596052131264,True,FULL,FULL_exp_d_rank_2
303,0.91,5.612370947310377,0.041,0.0153092991217785,0.0153092991217785,0.0951653865132687,0.8908890818052851,0.1104746856350472,2.0818876302589207,0.0153092991217785,0.2427981666139993,0.8908890818052851,0.2581074657357778,1.604873455394869,0.1476327801007306,0.1476327801007306,0.1476327801007306,0.1476327801007306,-0.47701417486405173,0.47701417486405173,0.011189314928354096,0.008131338416003471,-0.5976891965491782,True,FULL,FULL_exp_d_rank_2
304,1.87,11.533113924692753,0.046,0.0153092991217785,0.0153092991217785,0.1174680513670647,0.4335342590603259,0.1327773504888432,0.9728764088168116,0.0153092991217785,0.0706813296409263,0.4335342590603259,0.0859906287627048,0.9678413023802628,-0.0467867217261384,0.0467867217261384,-0.0467867217261384,0.0467867217261384,-0.0050351064365488085,0.0050351064365488085,0.006126607960926308,0.0041231180625985,0.6597793391508049,True,FULL,FULL_exp_d_rank_2
305,2.17,13.383346105124744,0.042,0.0153092991217785,0.0153092991217785,0.0995579974430193,0.373598647208668,0.1148672965647978,0.8653228395367738,0.0153092991217785,0.0293718255081886,0.373598647208668,0.0446811246299672,1.0376960454435562,-0.0701861719348307,0.0701861719348307,-0.0701861719348306,0.0701861719348306,0.1723732059067824,0.1723732059067824,0.008476661544794413,0.00578542763815917,0.14760429912654405,True,FULL,FULL_exp_d_rank_2
311,1.45,8.942788872087963,1.14,0.7935883525311068,0.7935883525311068,1.051107361858608,0.5591096996157306,1.844695714389715,1.879665749713435,0.7935883525311068,0.2063962435377824,0.5591096996157306,0.9999845960688892,2.744623979350626,-0.8447111183208256,0.8447111183208256,-0.8447111183208257,0.8447111183208257,0.8649582296371912,0.8649582296371912,0.11945259026675817,0.0788802503834723,0.4243919689669807,True,FULL,FULL_exp_d_rank_2
316,1.1,6.784184661583972,1.23,0.5909609098097346,0.5909609098097346,2.195000047586552,0.7370082404025541,2.7859609573962865,1.920963652491806,0.5909609098097346,0.5344160867550376,0.7370082404025541,1.1253769965647722,2.53819869835725,-1.6605839608315143,1.6605839608315143,-1.6605839608315143,1.6605839608315143,0.6172350458654443,0.6172350458654443,0.21456014346308586,0.14490420814507748,0.1123508477413444,True,FULL,FULL_exp_d_rank_2
317,0.75,4.625580451079981,0.94,0.7727950359050375,0.7727950359050375,0.4751593936736535,1.080945419257079,1.247954429578691,4.459377299507828,0.7727950359050375,0.3022475732289007,1.080945419257079,1.0750426091339382,4.745154965261402,-0.17291182044475278,0.17291182044475278,-0.17291182044475284,0.17291182044475284,0.28577766575357355,0.28577766575357355,0.028168051381828957,0.018199489492578748,0.9431577934610527,True,FULL,FULL_exp_d_rank_2
321,1.5,9.25116090215996,2.94,0.5553062574145964,0.5553062574145964,10.568278952724356,0.5404727096285398,11.123585210138952,1.04691166819964,0.5553062574145964,0.9506100482266024,0.5404727096285398,1.5059163056411988,1.5492137688484444,-9.617668904497753,9.617668904497753,-9.617668904497753,9.617668904497753,0.5023021006488044,0.5023021006488044,0.9950231301530781,0.6937845299532984,-0.5175399628530166,True,FULL,FULL_exp_d_rank_2
323,1.7,10.484649022447956,7.35,2.2212250296583855,2.2212250296583855,20.160376750419932,0.4768876849663586,22.381601780078316,1.0379375597762583,2.2212250296583855,0.2985035074886104,0.4768876849663586,2.519728537146996,2.765634159291547,-19.86187324293132,19.86187324293132,-19.86187324293132,19.86187324293132,1.7276965995152886,1.7276965995152886,2.305538575343355,1.579423287550537,-0.7380817595928055,True,FULL,FULL_exp_d_rank_2
327,0.1,0.6167440601439975,0.08,0.0796743371481683,0.0796743371481683,0.0008090983306987,8.107090644428094,0.080483435478867,77.68977402204777,0.0796743371481683,0.8809351288058801,8.107090644428094,0.9606094659540484,15.369184485361036,0.8801260304751813,0.8801260304751813,0.8801260304751815,0.8801260304751815,-62.32058953668674,62.32058953668674,0.08629623785659236,0.06020980976816149,-84.60797614749217,True,FULL,FULL_exp_d_rank_2
329,1.2,7.400928721727968,0.024,0.0202072594216368,0.0202072594216368,0.010665146237602,0.6755908870356747,0.0308724056592388,2.9023919692701785,0.0202072594216368,0.0290385866192127,0.6755908870356747,0.0492458460408495,2.0343958832671514,0.0183734403816107,0.0183734403816107,0.0183734403816107,0.0183734403816107,-0.8679960860030271,0.8679960860030271,0.0021564591419666267,0.00145290265513995,0.48267552771275124,True,FULL,FULL_exp_d_rank_2
330,1.1,6.784184661583972,0.025,0.0202072594216368,0.0202072594216368,0.0137190748784508,0.7370082404025541,0.0339263343000876,2.9611290302817843,0.0202072594216368,0.050126670941528,0.7370082404025541,0.0703339303631648,1.9111613361358328,0.0364075960630772,0.0364075960630772,0.036407596063077204,0.036407596063077204,-1.0499676941459515,1.0499676941459515,0.0040770372665675765,0.002796902748830103,-0.6645405344576261,True,FULL,FULL_exp_d_rank_2
331,1.25,7.709300751799968,0.047,0.0398371685740841,0.0398371685740841,0.0200809505252075,0.6485672515542477,0.0599181190992916,2.820311710406355,0.0398371685740841,0.1580057611158731,0.6485672515542477,0.1978429296899572,1.4982943530675217,0.1379248105906656,0.1379248105906656,0.1379248105906656,0.1379248105906656,-1.3220173573388332,1.3220173573388332,0.015095909752992647,0.010420503248612363,-5.627657301546228,True,FULL,FULL_exp_d_rank_2
332,1.2,7.400928721727968,0.05,0.0398371685740841,0.0398371685740841,0.0292663957131568,0.6755908870356747,0.0691035642872409,2.6576864448773354,0.0398371685740841,0.1911515361261018,0.6755908870356747,0.2309887047001859,1.4955744563950304,0.161885140412945,0.161885140412945,0.161885140412945,0.161885140412945,-1.162111988482305,1.162111988482305,0.017034785686886458,0.01184502711276534,-6.182966034570854,True,FULL,FULL_exp_d_rank_2
333,1.6,9.86790496230396,0.093,0.0796743371481683,0.0796743371481683,0.0371742575975103,0.5066931652767559,0.1168485947456786,2.2486028629786348,0.0796743371481683,0.2665698067041871,0.5066931652767559,0.3462441438523554,1.218612028252623,0.2293955491066768,0.2293955491066768,0.2293955491066768,0.2293955491066768,-1.0299908347260118,1.0299908347260118,0.02565189932925953,0.017630222192061583,-3.9048105001955395,True,FULL,FULL_exp_d_rank_2
334,2.5,15.418601503599936,0.1,0.0796743371481683,0.0796743371481683,0.0585327914263222,0.3242836257771238,0.1382071285744905,1.275689493540873,0.0796743371481683,0.1379599801062103,0.3242836257771238,0.2176343172543786,0.9265754239200502,0.0794271886798881,0.0794271886798881,0.0794271886798881,0.0794271886798881,-0.3491140696208227,0.3491140696208227,0.008893695675874643,0.006057813804081763,0.5105199421900379,True,FULL,FULL_exp_d_rank_2
335,1.8,11.101393082591954,0.233,0.1991858428704208,0.1991858428704208,0.0944249962521731,0.4503939246904497,0.2936108391225939,1.9904398436807709,0.1991858428704208,0.4139368454599813,0.4503939246904497,0.6131226883304021,1.224119612346723,0.3195118492078082,0.3195118492078082,0.3195118492078082,0.3195118492078082,-0.7663202313340478,0.7663202313340478,0.037223360231767096,0.025303997677752214,-0.6443518748475769,True,FULL,FULL_exp_d_rank_2
336,4.0,24.669762405759897,0.251,0.1991858428704208,0.1991858428704208,0.1494580982300445,0.2026772661107024,0.3486439411004653,0.792806515114832,0.1991858428704208,0.1745974895817011,0.2026772661107024,0.3737833324521219,0.7044130169955719,0.025139391351656604,0.025139391351656604,0.025139391351656604,0.025139391351656604,-0.08839349811926012,0.08839349811926012,0.0025388415503531177,0.001764620656576108,0.9936902089653881,True,FULL,FULL_exp_d_rank_2
337,1.13,6.96920787962717,0.045,0.0153092991217785,0.0153092991217785,0.1129415099906837,0.7174416499493891,0.1282508091124622,1.6219045254507285,0.0153092991217785,0.201606123738545,0.7174416499493891,0.2169154228603236,1.325337771478594,0.0886646137478613,0.0886646137478613,0.08866461374786139,0.08866461374786139,-0.2965667539721344,0.2965667539721344,0.00597301128339015,0.004403733297287011,0.6552090962417998,True,FULL,FULL_exp_d_rank_2
338,1.74,10.731346646505555,0.033,0.0153092991217785,0.0153092991217785,0.0614267591501006,0.4659247496797756,0.0767360582718792,1.1936384711708052,0.0153092991217785,0.0266292669756218,0.4659247496797756,0.0419385660974004,1.329609425232554,-0.034797492174478806,0.034797492174478806,-0.0347974921744788,0.0347974921744788,0.13597095406174886,0.13597095406174886,0.00457927610116233,0.0030827013747769857,0.4647523468403295,True,FULL,FULL_exp_d_rank_2
339,2.13,13.136648481067144,0.035,0.0153092991217785,0.0153092991217785,0.0696089127687665,0.3806145842454505,0.084918211890545,0.9488333573269884,0.0153092991217785,0.0105713662527813,0.3806145842454505,0.0258806653745598,1.418653800110474,-0.0590375465159852,0.0590375465159852,-0.05903754651598521,0.05903754651598521,0.46982044278348567,0.46982044278348567,0.007425248133887371,0.005035222462167965,-0.15839218161822632,True,FULL,FULL_exp_d_rank_2
341,1.13,6.96920787962717,0.055,0.0153092991217785,0.0153092991217785,0.1595143577209842,0.7174416499493891,0.1748236568427627,1.524522904222498,0.0153092991217785,0.269795795562846,0.7174416499493891,0.2851050946846245,1.275466724615831,0.11028143784186178,0.11028143784186178,0.11028143784186184,0.11028143784186184,-0.24905617960666682,0.24905617960666682,0.006805701880410818,0.0050642691375417615,0.7459950521336047,True,FULL,FULL_exp_d_rank_2
342,1.22,7.524277533756768,0.039,0.0153092991217785,0.0153092991217785,0.0864894320112215,0.6645156265924669,0.101798731133,1.5829859963913084,0.0153092991217785,0.1348039903239317,0.6645156265924669,0.1501132894457102,1.307371114047118,0.0483145583127102,0.0483145583127102,0.0483145583127102,0.0483145583127102,-0.2756148823441904,0.2756148823441904,0.003151222578707557,0.002321597179586988,0.8522031062557286,True,FULL,FULL_exp_d_rank_2
343,1.45,8.942788872087963,0.034,0.0153092991217785,0.0153092991217785,0.0654950286258003,0.5591096996157306,0.0808043277475788,1.4123161332544465,0.0153092991217785,0.0610263066466309,0.5591096996157306,0.0763356057684094,1.2901412493270483,-0.0044687219791694,0.0044687219791694,-0.004468721979169393,0.004468721979169393,-0.12217488392739817,0.12217488392739817,0.0015011527502221378,0.0008783684901469701,0.9479231394352907,True,FULL,FULL_exp_d_rank_2
345,0.6,3.700464360863984,0.062,0.0153092991217785,0.0153092991217785,0.1936315334445874,1.3511817740713494,0.2089408325663659,2.78103428223211,0.0153092991217785,0.5352108410032275,1.3511817740713494,0.5505201401250059,2.2426528884998347,0.3415793075586401,0.3415793075586401,0.3415793075586401,0.3415793075586401,-0.5383813937322754,0.5383813937322754,0.02401580429326263,0.017540219168931184,-1.2955769025553585,True,FULL,FULL_exp_d_rank_2
346,0.7,4.317208421007981,0.05,0.0153092991217785,0.0153092991217785,0.1358772828198478,1.1581558063468709,0.1511865819416263,2.530764500816095,0.0153092991217785,0.4071422958812284,1.1581558063468709,0.4224515950030069,1.9690940601585392,0.2712650130613806,0.2712650130613806,0.2712650130613806,0.2712650130613806,-0.5616704406575557,0.5616704406575557,0.01990378457181433,0.01448413361555388,-1.8289836695871675,True,FULL,FULL_exp_d_rank_2
347,0.9,5.550696541295977,0.034,0.0153092991217785,0.0153092991217785,0.0654950141480271,0.9007878493808994,0.0808043132698056,2.275398701589776,0.0153092991217785,0.1845575366301029,0.9007878493808994,0.1998668357518814,1.6854898519056865,0.11906252248207581,0.11906252248207581,0.11906252248207581,0.11906252248207581,-0.5899088496840896,0.5899088496840896,0.009664208862596,0.006969051512155765,-1.1583787054850552,True,FULL,FULL_exp_d_rank_2
348,1.8,11.101393082591954,0.027,0.0153092991217785,0.0153092991217785,0.038082793731829,0.4503939246904497,0.0533920928536075,1.2897687725693818,0.0153092991217785,0.0030147556648839,0.4503939246904497,0.0183240547866625,2.377200695079195,-0.0350680380669451,0.0350680380669451,-0.035068038066945,0.035068038066945,1.087431922509813,1.087431922509813,0.004702268971215854,0.0031398625400478703,-0.13810315497806758,True,FULL,FULL_exp_d_rank_2
349,1.13,6.96920787962717,0.043,0.0153092991217785,0.0153092991217785,0.1039855497101338,0.7174416499493891,0.1192948488319123,1.6477168177591195,0.0153092991217785,0.1869843599708838,0.7174416499493891,0.2022936590926623,1.3398377839325524,0.08299881026075001,0.08299881026075001,0.08299881026075001,0.08299881026075001,-0.3078790338265671,0.3078790338265671,0.005696252523713083,0.004191005112344874,0.6413033204706078,True,FULL,FULL_exp_d_rank_2
350,1.37,8.449393623972766,0.041,0.0153092991217785,0.0153092991217785,0.0951653865075495,0.591758441199131,0.110474685629328,1.3828596668882291,0.0153092991217785,0.1169219771861403,0.591758441199131,0.1322312763079188,1.1938882076736526,0.0217565906785908,0.0217565906785908,0.021756590678590815,0.021756590678590815,-0.1889714592145766,0.1889714592145766,0.0009312425187667304,0.0007230724311384909,0.9889334844829106,True,FULL,FULL_exp_d_rank_2
351,1.67,10.299625804404757,0.032,0.0153092991217785,0.0153092991217785,0.057405854043788,0.4854545296064728,0.0727151531655665,1.2626030593869657,0.0153092991217785,0.0279934024198868,0.4854545296064728,0.0433027015416654,1.366310918943336,-0.0294124516239012,0.0294124516239012,-0.029412451623901097,0.029412451623901097,0.1037078595563703,0.1037078595563703,0.003962812421906629,0.002656754135892061,0.5552963319559068,True,FULL,FULL_exp_d_rank_2
353,0.9,5.550696541295977,0.037,0.0153092991217785,0.0153092991217785,0.0779670989319231,0.9007878493808994,0.0932763980537016,2.192227389199339,0.0153092991217785,0.2119101764280259,0.9007878493808994,0.2272194755498044,1.6524585611615343,0.1339430774961028,0.1339430774961028,0.1339430774961028,0.1339430774961028,-0.5397688280378046,0.5397688280378046,0.010537090398746384,0.007625494602512875,-0.9502181655604094,True,FULL,FULL_exp_d_rank_2
354,1.05,6.475812631511974,0.032,0.0153092991217785,0.0153092991217785,0.0574058541682785,0.7721038708979138,0.0727151532900571,2.0081400996379837,0.0153092991217785,0.1216670897025153,0.7721038708979138,0.1369763888242938,1.5465857531459004,0.0642612355342368,0.0642612355342368,0.06426123553423671,0.06426123553423671,-0.46155434649208327,0.46155434649208327,0.0052046276573684365,0.0037555783471517022,0.23291584734905058,True,FULL,FULL_exp_d_rank_2
355,1.15,7.09255669165597,0.028,0.0153092991217785,0.0153092991217785,0.0418356081862674,0.7049644038633127,0.0571449073080459,1.9734344433232216,0.0153092991217785,0.0684848840399146,0.7049644038633127,0.0837941831616932,1.5848111578894246,0.026649275853647195,0.026649275853647195,0.026649275853647292,0.026649275853647292,-0.388623285433797,0.388623285433797,0.002154274950753306,0.0015426256110857254,0.7904555758336326,True,FULL,FULL_exp_d_rank_2
356,1.4,8.634416842015963,0.024,0.0153092991217785,0.0153092991217785,0.0272042150777216,0.5790779031734354,0.0425135141995001,1.8037445140554815,0.0153092991217785,0.0147368589359226,0.5790779031734354,0.0300461580577011,1.9581505758749456,-0.012467356141799,0.012467356141799,-0.012467356141798999,0.012467356141798999,0.15440606181946404,0.15440606181946404,0.001843042622204187,0.0012156848091665405,0.7311860864555928,True,FULL,FULL_exp_d_rank_2
357,0.75,4.625580451079981,0.028,0.0153092991217785,0.0153092991217785,0.0418356081843982,1.080945419257079,0.0571449073061767,3.0259328132395527,0.0153092991217785,0.1807099028814439,1.080945419257079,0.1960192020032224,2.0289444027031176,0.1388742946970457,0.1388742946970457,0.1388742946970457,0.1388742946970457,-0.996988410536435,0.996988410536435,0.01210180550328827,0.008644594501867118,-5.612629395553443,True,FULL,FULL_exp_d_rank_2
358,1.15,7.09255669165597,0.026,0.0153092991217785,0.0153092991217785,0.0343911653190034,0.7049644038633127,0.0497004644407819,2.0699745048837284,0.0153092991217785,0.0541298604763136,0.7049644038633127,0.0694391595980921,1.6730913280263908,0.0197386951573102,0.0197386951573102,0.019738695157310207,0.019738695157310207,-0.39688317685733754,0.39688317685733754,0.0016463100888090604,0.001167392217868457,0.8399753670279169,True,FULL,FULL_exp_d_rank_2
359,1.1,6.784184661583972,0.024,0.0153092991217785,0.0153092991217785,0.0272042141314279,0.7370082404025541,0.0425135132532064,2.2956749282231264,0.0153092991217785,0.0478114044338389,0.7370082404025541,0.0631207035556174,1.8026366119240775,0.020607190302410996,0.020607190302410996,0.020607190302410996,0.020607190302410996,-0.4930383162990488,0.4930383162990488,0.0018935958542990246,0.0013321307186249538,0.7162371233205163,True,FULL,FULL_exp_d_rank_2
360,1.2,7.400928721727968,0.022,0.0153092991217785,0.0153092991217785,0.0203041095024898,0.6755908870356747,0.0356134086242683,2.2704692840433656,0.0153092991217785,0.0223073708961758,0.6755908870356747,0.0376166700179544,2.0263824678938867,0.0020032613936859997,0.0020032613936859997,0.002003261393686097,0.002003261393686097,-0.2440868161494789,0.2440868161494789,0.00023714902368708208,0.0001434900703248237,0.9939115955078892,True,FULL,FULL_exp_d_rank_2
