sample_id,u_peak,u_r,tau_peak,tau_r,true_a,true_b,true_c,true_d,true_e,estimated_a,estimated_b,estimated_c,estimated_d,estimated_e,error_b,abs_error_b,error_d,abs_error_d,error_e,abs_error_e,curve_rmse_tau_u,curve_mae_tau_u,curve_r2_tau_u,curve_valid,dataset,model_name
7,0.72,2.75,0.044,0.03175,0.03175,0.0801325410005739,1.818181818181818,0.1118825410005739,3.441242286799551,0.03175,0.424868958426652,1.818181818181818,0.456618958426652,2.1530962367455957,0.3447364174260781,0.3447364174260781,0.3447364174260781,0.3447364174260781,-1.2881460500539554,1.2881460500539554,0.003661856377440879,0.0029781660665276224,0.7092042902098887,True,FULL,FULL_exp_d_rank_4
8,0.92,3.0,0.035,0.02825,0.02825,0.0557241852265918,1.6666666666666667,0.0839741852265918,3.007954906577982,0.02825,0.2204511376825903,1.6666666666666667,0.2487011376825903,1.9910014062504109,0.1647269524559985,0.1647269524559985,0.1647269524559985,0.1647269524559985,-1.016953500327571,1.016953500327571,0.0013871060410471894,0.001162822752595449,0.934653867530886,True,FULL,FULL_exp_d_rank_4
9,0.97,3.0,0.029,0.0255,0.0255,0.0288872445152351,1.6666666666666667,0.0543872445152351,3.290221199159674,0.0255,0.1242744067798529,1.6666666666666667,0.1497744067798529,2.094761948672756,0.0953871622646178,0.0953871622646178,0.0953871622646178,0.0953871622646178,-1.195459250486918,1.195459250486918,0.0011457668828344996,0.0009675486940037499,0.9370851408535479,True,FULL,FULL_exp_d_rank_4
11,0.78,3.5,0.05,0.0417499999999999,0.0417499999999999,0.0354980845491272,1.4285714285714286,0.0772480845491271,4.004659571873231,0.0417499999999999,0.3709871879589165,1.4285714285714286,0.4127371879589164,1.990680621938123,0.3354891034097893,0.3354891034097893,0.3354891034097893,0.3354891034097893,-2.0139789499351077,2.0139789499351077,0.013753937552383999,0.010496347460063248,-2.9062204450985867,True,FULL,FULL_exp_d_rank_4
12,1.25,3.5,0.04,0.034,0.034,0.0670624339164287,1.4285714285714286,0.1010624339164287,2.366794324621144,0.034,0.1648964249049599,1.4285714285714286,0.1988964249049599,1.733163471087469,0.0978339909885312,0.0978339909885312,0.0978339909885312,0.0978339909885312,-0.6336308535336748,0.6336308535336748,0.0019097517977055421,0.0011412732408486708,0.9128056892772735,True,FULL,FULL_exp_d_rank_4
13,1.8,4.0,0.035,0.033,0.033,0.0334302203204883,1.25,0.0664302203204883,2.0972939397426664,0.033,0.0224607259309577,1.25,0.0554607259309577,2.018360466585828,-0.010969494389530599,0.010969494389530599,-0.010969494389530599,0.010969494389530599,-0.0789334731568383,0.0789334731568383,0.0013115296645308083,0.0009028581494703444,0.9552919779381392,True,FULL,FULL_exp_d_rank_4
19,1.55,12.0,1.02,0.8525,0.8525,0.3782821788444106,0.4166666666666667,1.2307821788444109,2.3791759662313843,0.8525,0.0285659067365456,0.4166666666666667,0.8810659067365457,4.104752225960537,-0.34971627210786504,0.34971627210786504,-0.34971627210786516,0.34971627210786516,1.7255762597291526,1.7255762597291526,0.059448572699393507,0.03728241419878256,0.7501151404540378,True,FULL,FULL_exp_d_rank_4
27,0.87,3.25,2.35,1.9075,1.9075,2.7034029995062916,1.5384615384615383,4.610902999506291,3.276941309100947,1.9075,0.6018342842654423,1.5384615384615383,2.5093342842654422,4.382988600455256,-2.101568715240849,2.101568715240849,-2.101568715240849,2.101568715240849,1.1060472913543093,1.1060472913543093,0.1801533929864476,0.1288608840646213,0.7334399588052072,True,FULL,FULL_exp_d_rank_4
28,0.13,1.325,1.02,0.6675,0.6675,0.6738254010838505,3.7735849056603774,1.3413254010838505,23.891608655167115,0.6675,0.7364388932341426,3.7735849056603774,1.4039388932341426,22.456341888136674,0.0626134921502921,0.0626134921502921,0.0626134921502921,0.0626134921502921,-1.4352667670304413,1.4352667670304413,0.00995824491131486,0.006300254213880304,0.9942956390092981,True,FULL,FULL_exp_d_rank_4
29,0.6,2.425,4.93,4.2975,4.2975,3.110870023650559,2.061855670103093,7.408370023650559,5.517814597970529,4.2975,0.4230589114785195,2.061855670103093,4.72055891147852,8.428909008200403,-2.6878111121720396,2.6878111121720396,-2.6878111121720396,2.6878111121720396,2.9110944102298744,2.9110944102298744,0.25352869899892766,0.17441176814249887,0.8723589418568632,True,FULL,FULL_exp_d_rank_4
30,2.17,3.85,16.37,14.955,14.955,60.674147880173095,1.2987012987012987,75.6291478801731,1.6284330431129306,14.955,87.40341321039774,1.2987012987012987,102.35841321039774,1.4090776975423065,26.72926533022465,26.72926533022465,26.72926533022465,26.72926533022465,-0.21935534557062408,0.21935534557062408,1.5927706324802708,1.1502478499223083,0.7192059502856585,True,FULL,FULL_exp_d_rank_4
31,0.24,1.275,0.66,0.475,0.475,0.6758571313827281,3.9215686274509807,1.150857131382728,11.17767536247715,0.475,1.0391633255012915,3.9215686274509807,1.5141633255012914,8.909265114380062,0.36330619411856346,0.36330619411856346,0.36330619411856335,0.36330619411856335,-2.268410248097087,2.268410248097087,0.023305863699755364,0.01690597849267149,0.9369013006968392,True,FULL,FULL_exp_d_rank_4
33,2.26,4.125,16.14,11.3475,11.3475,422.7987490320256,1.2121212121212122,434.1462490320256,1.3091974223177918,11.3475,215.28301385901477,1.2121212121212122,226.63051385901477,1.247624166139549,-207.51573517301085,207.51573517301085,-207.51573517301082,207.51573517301082,-0.06157325617824272,0.06157325617824272,5.235454758155613,4.032406815931376,-1.0624960721379586,True,FULL,FULL_exp_d_rank_4
34,0.47,1.525,1.07,0.6975,0.6975,4.0455139668571585,3.278688524590164,4.743013966857158,4.812842755740618,0.6975,2.3315248402508013,3.278688524590164,3.029024840250801,4.517468182981855,-1.7139891266063572,1.7139891266063572,-1.7139891266063572,1.7139891266063572,-0.2953745727587638,0.2953745727587638,0.1503334365464999,0.1073398975907916,0.3366647328155429,True,FULL,FULL_exp_d_rank_4
35,0.47,2.2,4.91,4.25,4.25,2.5915991927768687,2.2727272727272725,6.841599192776869,7.213346651196478,4.25,0.2696197508688858,2.2727272727272725,4.519619750868886,11.770066732301474,-2.321979441907983,2.321979441907983,-2.321979441907983,2.321979441907983,4.556720081104997,4.556720081104997,0.25873582235801484,0.17459442468795403,0.8515310676286928,True,FULL,FULL_exp_d_rank_4
36,1.48,3.625,14.91,14.235,14.235,8.232456046268986,1.3793103448275863,22.467456046268985,2.7321098339023515,14.235,22.143874801494448,1.3793103448275863,36.37887480149445,1.947985733656616,13.911418755225462,13.911418755225462,13.911418755225462,13.911418755225462,-0.7841241002457355,0.7841241002457355,0.4133589458473966,0.26551845095526827,0.9742585845488022,True,FULL,FULL_exp_d_rank_4
37,0.11,1.325,0.89,0.5625,0.5625,0.5639971811696873,3.7735849056603774,1.1264971811696871,29.2958502513531,0.5625,0.6851445233211777,3.7735849056603774,1.2476445233211777,27.168158064465352,0.12114734215149037,0.12114734215149037,0.12114734215149059,0.12114734215149059,-2.1276921868877494,2.1276921868877494,0.023851583231381045,0.014682098290143237,0.9571029998771717,True,FULL,FULL_exp_d_rank_4
38,0.26,2.175,5.3,4.1,4.1,2.5910971306331803,2.298850574712644,6.69109713063318,13.042743993933716,4.1,0.7384405021395839,2.298850574712644,4.8384405021395835,17.289146256629564,-1.8526566284935964,1.8526566284935964,-1.8526566284935964,1.8526566284935964,4.246402262695849,4.246402262695849,0.3329315401105209,0.2080218085621874,0.7176758020398812,True,FULL,FULL_exp_d_rank_4
39,0.54,3.35,15.9,14.4675,14.4675,3.852469877296928,1.4925373134328357,18.319969877296927,7.688914610134782,14.4675,8.737593358418378,1.4925373134328357,23.205093358418377,5.8219821625082,4.88512348112145,4.88512348112145,4.88512348112145,4.88512348112145,-1.8669324476265823,1.8669324476265823,0.6215585216321452,0.4092528778862192,0.9005015034884797,True,FULL,FULL_exp_d_rank_4
40,0.3,1.35,0.88,0.635,0.635,1.1651130574348498,3.7037037037037033,1.8001130574348498,8.547982610717572,0.635,1.283898879944945,3.7037037037037033,1.918898879944945,7.309210374914569,0.11878582251009506,0.11878582251009506,0.11878582251009506,0.11878582251009506,-1.2387722358030029,1.2387722358030029,0.026268050507462167,0.013303886305192823,0.9588771371560116,True,FULL,FULL_exp_d_rank_4
41,0.38,2.175,5.2,4.3975,4.3975,2.452688320111813,2.298850574712644,6.850188320111813,9.031706106944794,4.3975,0.1448599622931476,2.298850574712644,4.542359962293148,16.56243600963016,-2.307828357818665,2.307828357818665,-2.307828357818665,2.307828357818665,7.530729902685367,7.530729902685367,0.3127514596558552,0.20498474626286903,0.7790142603853044,True,FULL,FULL_exp_d_rank_4
42,0.71,3.35,16.28,14.8375,14.8375,5.373344828404187,1.4925373134328357,20.210844828404188,5.457009220110153,14.8375,15.516862951084688,1.4925373134328357,30.35436295108469,3.7262538239975,10.1435181226805,10.1435181226805,10.1435181226805,10.1435181226805,-1.7307553961126536,1.7307553961126536,0.8312174402166332,0.5843779563559874,0.8602115489927533,True,FULL,FULL_exp_d_rank_4
43,0.88,1.475,0.58,0.535,0.535,2.3643732180319175,3.389830508474576,2.8993732180319176,4.157276354583812,0.535,5.1690170700006615,3.389830508474576,5.704017070000662,3.5561926703683926,2.804643851968744,2.804643851968744,2.804643851968744,2.804643851968744,-0.601083684215419,0.601083684215419,0.05828606219997834,0.04231012824267182,0.7088586619807112,True,FULL,FULL_exp_d_rank_4
44,1.5,2.625,3.89,3.6325,3.6325,10.486129835864666,1.9047619047619049,14.118629835864668,2.474961892115721,3.6325,7.216904990856953,1.9047619047619049,10.849404990856954,2.303171243353268,-3.269224845007713,3.269224845007713,-3.269224845007715,3.269224845007715,-0.17179064876245276,0.17179064876245276,0.29778091840567217,0.21666232194938437,0.8305460393358947,True,FULL,FULL_exp_d_rank_4
45,2.87,4.1,13.67,13.42,13.42,16.705556614946417,1.2195121951219514,30.12555661494642,1.6634039681803665,13.42,61.98577420440391,1.2195121951219514,75.40577420440391,1.3137268339520818,45.28021758945749,45.28021758945749,45.28021758945749,45.28021758945749,-0.3496771342282847,0.3496771342282847,0.6019721614387941,0.3739595570256242,0.9468378171632494,True,FULL,FULL_exp_d_rank_4
46,0.79,1.5,0.8,0.665,0.665,6.166849946093346,3.3333333333333335,6.831849946093346,3.9230290740544778,0.665,4.504607002687022,3.3333333333333335,5.169607002687022,3.607785797277563,-1.6622429434063237,1.6622429434063237,-1.6622429434063237,1.6622429434063237,-0.3152432767769149,0.3152432767769149,0.13278274942827456,0.09956304639218024,0.1708349807100289,True,FULL,FULL_exp_d_rank_4
47,0.6,2.175,5.04,4.655,4.655,2.141531174694559,2.298850574712644,6.796531174694559,6.310564627174357,4.655,0.3341328248041275,2.298850574712644,4.989132824804128,9.097254213718818,-1.8073983498904314,1.8073983498904314,-1.8073983498904314,1.8073983498904314,2.786689586544461,2.786689586544461,0.15494470388934528,0.10987226664786594,0.9582549755964636,True,FULL,FULL_exp_d_rank_4
48,2.37,4.125,16.38,14.3675,14.3675,112.7264689844744,1.2121212121212122,127.0939689844744,1.4228254925840296,14.3675,102.76223270826615,1.2121212121212122,117.12973270826616,1.2953631767758322,-9.96423627620824,9.96423627620824,-9.96423627620824,9.96423627620824,-0.12746231580819734,0.12746231580819734,2.371602236106029,1.774988443488616,0.3808184690208415,True,FULL,FULL_exp_d_rank_4
49,1.46,2.566666666666667,4.68,4.1066666666666665,4.1066666666666665,30.593215473314466,1.948051948051948,34.69988213998113,2.300589855794831,4.1066666666666665,10.779319477418948,1.948051948051948,14.885986144085615,2.275584845201345,-19.813895995895518,19.813895995895518,-19.813895995895514,19.813895995895514,-0.02500501059348581,0.02500501059348581,0.6585333625658362,0.4982919508985348,0.4115342646757718,True,FULL,FULL_exp_d_rank_4
50,4.16,4.75,15.04,14.775,14.775,58.5314735148253,1.0526315789473684,73.3064735148253,1.2144266984360343,14.775,158.23105661672068,1.0526315789473684,173.00605661672068,1.0803355896311295,99.69958310189537,99.69958310189537,99.69958310189539,99.69958310189539,-0.13409110880490482,0.13409110880490482,0.9504144865522791,0.6017022163296435,0.8749528646226489,True,FULL,FULL_exp_d_rank_4
51,1.26,1.85,0.94,0.785,0.785,27.151829140946248,2.702702702702702,27.936829140946248,2.8751003676389564,0.785,8.513428240681424,2.702702702702702,9.298428240681424,2.801077850154089,-18.638400900264823,18.638400900264823,-18.638400900264823,18.638400900264823,-0.07402251748486721,0.07402251748486721,0.261417626113835,0.19460470594701004,-0.735499513847198,True,FULL,FULL_exp_d_rank_4
52,3.13,4.466666666666667,15.58,14.793333333333337,14.793333333333337,75.02328336156236,1.1194029850746268,89.8166166948957,1.313812712287742,14.793333333333337,96.78495177013502,1.1194029850746268,111.57828510346836,1.1823146532226965,21.76166840857266,21.76166840857266,21.76166840857266,21.76166840857266,-0.13149805906504564,0.13149805906504564,1.4666640037323355,1.035005793102833,0.7395218423081094,True,FULL,FULL_exp_d_rank_4
53,1.15,1.85,0.71,0.65,0.65,3.9933470021604136,2.702702702702702,4.6433470021604135,3.19021506632708,0.65,5.701627039805627,2.702702702702702,6.351627039805627,2.839522864909625,1.708280037645213,1.708280037645213,1.7082800376452134,1.7082800376452134,-0.35069220141745516,0.35069220141745516,0.08540432436162763,0.06346938849224874,0.5875232462505672,True,FULL,FULL_exp_d_rank_4
55,0.63,3.85,16.18,14.365,14.365,5.024596391351091,1.2987012987012987,19.38959639135109,6.152370825583352,14.365,8.700394164492272,1.2987012987012987,23.06539416449227,4.979562010870983,3.6757977731411806,3.6757977731411806,3.6757977731411806,3.6757977731411806,-1.1728088147123694,1.1728088147123694,0.4413066909247886,0.29386018704690076,0.9520610781388498,True,FULL,FULL_exp_d_rank_4
56,0.45,1.5666666666666669,0.87,0.6366666666666667,0.6366666666666667,1.8543711063769357,3.191489361702127,2.4910377730436024,5.520751658815112,0.6366666666666667,1.6522350047944867,3.191489361702127,2.2889016714611534,4.842219905524169,-0.202136101582449,0.202136101582449,-0.202136101582449,0.202136101582449,-0.6785317532909438,0.6785317532909438,0.06577816216328168,0.042772610510740175,0.769236363272245,True,FULL,FULL_exp_d_rank_4
57,0.58,2.175,5.35,4.42,4.42,5.5363451785319135,2.298850574712644,9.956345178531912,5.059116621676996,4.42,2.8925307277089285,2.298850574712644,7.312530727708928,5.356302885842832,-2.643814450822985,2.643814450822985,-2.6438144508229833,2.6438144508229833,0.2971862641658367,0.2971862641658367,0.28595316025511613,0.19838487893081397,0.8693904608366954,True,FULL,FULL_exp_d_rank_4
58,0.94,3.875,16.28,13.935,13.935,11.349260923481204,1.2903225806451613,25.28426092348121,3.405427164282276,13.935,23.624759724968328,1.2903225806451613,37.55975972496833,2.4775912005374296,12.275498801487124,12.275498801487124,12.275498801487121,12.275498801487121,-0.9278359637448466,0.9278359637448466,0.5656499756598661,0.43176558049353275,0.9409221279824794,True,FULL,FULL_exp_d_rank_4
59,0.13,1.5666666666666669,0.97,0.8033333333333333,0.8033333333333333,0.2782264175865835,3.191489361702127,1.0815597509199169,31.910981063129015,0.8033333333333333,0.1983687067120295,3.191489361702127,1.001702040045363,33.80194338573656,-0.07985771087455401,0.07985771087455401,-0.07985771087455396,0.07985771087455396,1.8909623226075425,1.8909623226075425,0.01741851046397536,0.010466004031696986,0.9706031315914639,True,FULL,FULL_exp_d_rank_4
60,2.38,2.85,5.22,4.84,4.84,137.35939252357494,1.7543859649122806,142.19939252357494,1.8523237169572588,4.84,35.144603484299964,1.7543859649122806,39.98460348429996,1.8252309135165563,-102.21478903927498,102.21478903927498,-102.21478903927499,102.21478903927499,-0.02709280344070253,0.02709280344070253,1.0419985310388975,0.705673879199501,-0.16131669937206694,True,FULL,FULL_exp_d_rank_4
61,2.68,4.125,16.95,15.5375,15.5375,116.71406105996982,1.2121212121212122,132.25156105996982,1.3981039630569712,15.5375,129.723350837621,1.2121212121212122,145.260850837621,1.2724595648053936,13.00928977765119,13.00928977765119,13.00928977765119,13.00928977765119,-0.12564439825157758,0.12564439825157758,2.1950193534808986,1.620477290351142,0.5149731755783075,True,FULL,FULL_exp_d_rank_4
62,0.71,1.6,1.14,0.9133333333333334,0.9133333333333334,5.696830896813862,3.125,6.610164230147195,3.976020028848459,0.9133333333333334,3.504883686129897,3.125,4.41821701946323,3.682298094211473,-2.191947210683965,2.191947210683965,-2.1919472106839644,2.1919472106839644,-0.2937219346369857,0.2937219346369857,0.15966333892223683,0.1174036853807349,0.35096244378303,True,FULL,FULL_exp_d_rank_4
63,0.76,2.2,5.03,4.68,4.68,3.0326428857358856,2.2727272727272725,7.712642885735885,4.87933520201715,4.68,1.6813570850384458,2.2727272727272725,6.3613570850384455,5.0825637702086,-1.3512858006974398,1.3512858006974398,-1.3512858006974398,1.3512858006974398,0.20322856819145052,0.20322856819145052,0.13565378998572086,0.09512667090564701,0.9725915660346146,True,FULL,FULL_exp_d_rank_4
64,2.73,4.125,15.88,13.97,13.97,220.02903798852773,1.2121212121212122,233.99903798852773,1.3339956390040135,13.97,134.47212825081425,1.2121212121212122,148.44212825081425,1.2635453352363104,-85.55690973771348,85.55690973771348,-85.55690973771348,85.55690973771348,-0.07045030376770312,0.07045030376770312,3.0519198046137355,2.2770235224575925,-0.023239921102018002,True,FULL,FULL_exp_d_rank_4
65,0.63,1.5666666666666669,1.42,0.9733333333333332,0.9733333333333332,10.644929502666052,3.191489361702127,11.618262835999383,3.927118476960182,0.9733333333333332,4.048555984224043,3.191489361702127,5.021889317557377,3.817954578861063,-6.596373518442009,6.596373518442009,-6.5963735184420065,6.5963735184420065,-0.1091638980991192,0.1091638980991192,0.28376987488986655,0.2124603088007278,-0.17600516952587442,True,FULL,FULL_exp_d_rank_4
67,3.13,4.533333333333333,14.91,14.596666666666666,14.596666666666666,20.35467702287054,1.1029411764705883,34.951343689537204,1.4882877719989878,14.596666666666666,70.00307110798892,1.1029411764705883,84.59973777465558,1.1868848710304518,49.648394085118376,49.648394085118376,49.648394085118376,49.648394085118376,-0.30140290096853595,0.30140290096853595,0.6966481954887905,0.4407139639161977,0.9402200867732575,True,FULL,FULL_exp_d_rank_4
68,0.49,1.5666666666666669,0.79,0.63,0.63,1.4068332196782207,3.191489361702127,2.0368332196782206,5.5461514668738845,0.63,1.6713007428907192,3.191489361702127,2.301300742890719,4.58262542367285,0.26446752321249845,0.26446752321249845,0.26446752321249845,0.26446752321249845,-0.9635260432010346,0.9635260432010346,0.04483349356672361,0.026532422777048533,0.8682312547184317,True,FULL,FULL_exp_d_rank_4
69,1.69,2.566666666666667,5.04,4.426666666666667,4.426666666666667,69.19774278410341,1.948051948051948,73.62440945077007,2.1459242646578933,4.426666666666667,18.71864519718496,1.948051948051948,23.145311863851628,2.1251409469755056,-50.479097586918456,50.479097586918456,-50.47909758691844,50.47909758691844,-0.020783317682387725,0.020783317682387725,0.9656076419011569,0.7248182660345346,-0.014950044204756763,True,FULL,FULL_exp_d_rank_4
70,3.12,4.466666666666667,16.37,15.163333333333334,15.163333333333334,137.96164146287623,1.1194029850746268,153.12497479620956,1.2614658876838951,15.163333333333334,124.30239213722729,1.1194029850746268,139.4657254705606,1.1706387904358675,-13.659249325648943,13.659249325648943,-13.659249325648943,13.659249325648943,-0.09082709724802762,0.09082709724802762,2.180558790209359,1.5712645053564378,0.47119173383613167,True,FULL,FULL_exp_d_rank_4
71,0.18,1.5666666666666669,0.87,0.6,0.6,0.5778652142592701,3.191489361702127,1.17786521425927,16.988625203858206,0.6,0.6246178624339463,3.191489361702127,1.2246178624339463,15.827700384805937,0.04675264817467628,0.04675264817467628,0.04675264817467628,0.04675264817467628,-1.1609248190522692,1.1609248190522692,0.006259541254911968,0.004162662326674559,0.9968226175202213,True,FULL,FULL_exp_d_rank_4
72,0.42,2.175,5.1,3.8825,3.8825,4.482035276937978,2.298850574712644,8.364535276937978,6.759501195047857,3.8825,2.419565987809289,2.298850574712644,6.302065987809288,7.343298803348152,-2.062469289128689,2.062469289128689,-2.06246928912869,2.06246928912869,0.5837976083002951,0.5837976083002951,0.28055804994291517,0.1878613692693184,0.8388779001268736,True,FULL,FULL_exp_d_rank_4
73,1.09,3.85,15.19,13.3025,13.3025,11.821633061680007,1.2987012987012987,25.12413306168001,2.9737453064844868,13.3025,19.02571878555697,1.2987012987012987,32.32821878555697,2.315650590145483,7.204085723876961,7.204085723876961,7.204085723876961,7.204085723876961,-0.6580947163390038,0.6580947163390038,0.3268634267307148,0.22457536879966383,0.9796287493243458,True,FULL,FULL_exp_d_rank_4
74,0.47,1.5666666666666669,0.66,0.5066666666666667,0.5066666666666667,1.2794449424210406,3.191489361702127,1.7861116090877074,5.540134014051035,0.5066666666666667,1.5936486462264083,3.191489361702127,2.100315312893075,4.518736182586356,0.3142037038053678,0.3142037038053678,0.3142037038053678,0.3142037038053678,-1.0213978314646788,1.0213978314646788,0.03876465807962485,0.022644209339079624,0.858503222827075,True,FULL,FULL_exp_d_rank_4
76,4.13,4.7,14.9,13.285,13.285,1213.8760619263403,1.0638297872340423,1227.1610619263406,1.0940505167399543,13.285,224.5101812372501,1.0638297872340423,237.7951812372501,1.0818070505213595,-989.3658806890902,989.3658806890902,-989.3658806890905,989.3658806890905,-0.012243466218594845,0.012243466218594845,5.0626556579419235,3.36722207739248,-0.9774945757557574,True,FULL,FULL_exp_d_rank_4
77,0.18,1.5666666666666669,0.88,0.4966666666666666,0.4966666666666666,0.8494890683979475,3.191489361702127,1.346155735064614,14.732448429095294,0.4966666666666666,0.8743603086368088,3.191489361702127,1.3710269753034754,13.841542044084749,0.024871240238861336,0.024871240238861336,0.024871240238861336,0.024871240238861336,-0.8909063850105454,0.8909063850105454,0.005028859952291327,0.00267251533411894,0.9985922020000353,True,FULL,FULL_exp_d_rank_4
78,1.25,2.566666666666667,4.37,3.77,3.77,17.6011784506471,1.948051948051948,21.3711784506471,2.4976694597033373,3.77,6.562729390534324,1.948051948051948,10.332729390534324,2.5157833353687256,-11.038449060112777,11.038449060112777,-11.038449060112777,11.038449060112777,0.018113875665388246,0.018113875665388246,0.4993428011108758,0.37259826164697324,0.5784377424165736,True,FULL,FULL_exp_d_rank_4
79,3.62,4.5,14.62,13.843333333333334,13.843333333333334,173.78668847200146,1.1111111111111112,187.6300218053348,1.2115644521301927,13.843333333333334,129.7016460096382,1.1111111111111112,143.54497934297154,1.148194490557435,-44.08504246236325,44.08504246236325,-44.08504246236325,44.08504246236325,-0.06336996157275765,0.06336996157275765,1.9675701882078012,1.3405959509335572,0.4249843584112213,True,FULL,FULL_exp_d_rank_4
80,0.11,1.5633333333333332,1.04,0.5006666666666667,0.5006666666666667,0.863642983300683,3.1982942430703627,1.3643096499673495,27.24084861115649,0.5006666666666667,0.8935163472627637,3.1982942430703627,1.3941830139294304,26.447924207929997,0.029873363962080735,0.029873363962080735,0.029873363962080957,0.029873363962080957,-0.7929244032264933,0.7929244032264933,0.005623760875501519,0.0034413325445615717,0.9988402084643266,True,FULL,FULL_exp_d_rank_4
81,0.23,2.1775,4.79,3.54875,3.54875,2.4552355004571034,2.296211251435132,6.003985500457103,14.649101403235154,3.54875,0.7169135825974307,2.296211251435132,4.265663582597431,19.30769334491348,-1.7383219178596727,1.7383219178596727,-1.7383219178596727,1.7383219178596727,4.658591941678328,4.658591941678328,0.3334833726700631,0.20608022321243735,0.6525584139217869,True,FULL,FULL_exp_d_rank_4
83,0.21,1.5566666666666666,0.75,0.4896666666666667,0.4896666666666667,0.6541837303857423,3.211991434689508,1.143850397052409,13.109251845364824,0.4896666666666667,0.7878518096281855,3.211991434689508,1.2775184762948522,11.648373217244254,0.13366807924244317,0.13366807924244317,0.13366807924244317,0.13366807924244317,-1.46087862812057,1.46087862812057,0.015055687972426802,0.01009351815372666,0.979121828381683,True,FULL,FULL_exp_d_rank_4
84,1.52,2.19,4.53,3.98,3.98,84.48453784563569,2.2831050228310503,88.46453784563569,2.4678705594788535,3.98,22.176578371802854,2.2831050228310503,26.15657837180286,2.4337324742396205,-62.30795947383283,62.30795947383283,-62.30795947383283,62.30795947383283,-0.03413808523923301,0.03413808523923301,0.9642266192008709,0.7093258323165731,-0.21928983258942525,True,FULL,FULL_exp_d_rank_4
86,1.14,1.85,0.47,0.4455,0.4455,1.2635859558868447,2.702702702702702,1.7090859558868448,3.448989911906233,0.4455,4.954894443082015,2.702702702702702,5.400394443082015,2.81345436864602,3.6913084871951702,3.6913084871951702,3.6913084871951702,3.6913084871951702,-0.6355355432602128,0.6355355432602128,0.035547059881085794,0.024866402722716948,0.8417170464635195,True,FULL,FULL_exp_d_rank_4
87,1.53,2.29,3.84,3.5879999999999996,3.5879999999999996,21.229112109709114,2.1834061135371177,24.817112109709115,2.5522940611621228,3.5879999999999996,13.03791665702378,2.1834061135371177,16.62591665702378,2.405651651487958,-8.191195452685333,8.191195452685333,-8.191195452685335,8.191195452685335,-0.14664240967416475,0.14664240967416475,0.4141939325869314,0.3021384619712828,0.6614816968296652,True,FULL,FULL_exp_d_rank_4
89,0.31,1.5733333333333333,0.64,0.434,0.434,0.831446191232911,3.1779661016949152,1.265446191232911,8.046929532076042,0.434,1.053717121026424,3.1779661016949152,1.487717121026424,6.6934924022474656,0.22227092979351304,0.22227092979351304,0.22227092979351304,0.22227092979351304,-1.3534371298285768,1.3534371298285768,0.012047694570095194,0.0086998035592713,0.9839075169399394,True,FULL,FULL_exp_d_rank_4
91,2.56,4.125,14.35,13.695,13.695,33.24347166872315,1.2121212121212122,46.93847166872315,1.5724619149710894,13.695,55.037084081007414,1.2121212121212122,68.73208408100741,1.337317635534878,21.79361241228426,21.79361241228426,21.79361241228426,21.79361241228426,-0.23514427943621152,0.23514427943621152,0.9703298301404889,0.6826714792156452,0.8750293836658674,True,FULL,FULL_exp_d_rank_4
92,0.1,1.5666666666666669,0.84,0.5786666666666667,0.5786666666666667,0.3913124802400913,3.191489361702127,0.969979146906758,37.39184550372476,0.5786666666666667,0.4132083169275465,3.191489361702127,0.9918749835942132,36.24649003336704,0.021895836687455206,0.021895836687455206,0.021895836687455206,0.021895836687455206,-1.1453554703577211,1.1453554703577211,0.004623836064922333,0.002762904088512459,0.9976980944684086,True,FULL,FULL_exp_d_rank_4
94,2.24,4.125,16.29,15.185,15.185,36.934910613682646,1.2121212121212122,52.11991061368265,1.6343524111032697,15.185,63.19331208391584,1.2121212121212122,78.37831208391584,1.3594769952636772,26.258401470233196,26.258401470233196,26.258401470233196,26.258401470233196,-0.2748754158395925,0.2748754158395925,1.145897601235532,0.7861339556241408,0.8539009612490068,True,FULL,FULL_exp_d_rank_4
95,0.15,1.5666666666666669,1.04,0.515,0.515,1.0180921290257392,3.191489361702127,1.533092129025739,17.824332391452327,0.515,0.9991024842333688,3.191489361702127,1.5141024842333688,17.187650839363315,-0.01898964479237042,0.01898964479237042,-0.018989644792370308,0.018989644792370308,-0.6366815520890121,0.6366815520890121,0.008159662028325989,0.004034116330779444,0.9976997501205438,True,FULL,FULL_exp_d_rank_4
96,0.32,2.225,5.75,4.01075,4.01075,4.5926707536336835,2.2471910112359548,8.603420753633683,8.90252129065327,4.01075,3.950533824265244,2.2471910112359548,7.9612838242652435,8.648625155067547,-0.6421369293684394,0.6421369293684394,-0.6421369293684398,0.6421369293684398,-0.2538961355857232,0.2538961355857232,0.14056713007617794,0.08504710566690296,0.9665224433111782,True,FULL,FULL_exp_d_rank_4
97,0.98,3.925,16.9,13.655,13.655,17.423005323734152,1.2738853503184715,31.07800532373415,2.9328424113361327,13.655,41.59773938209615,1.2738853503184715,55.25273938209615,2.0480648450347014,24.174734058362,24.174734058362,24.174734058362002,24.174734058362002,-0.8847775663014312,0.8847775663014312,0.7609357763460214,0.5971280153593991,0.9040501096829252,True,FULL,FULL_exp_d_rank_4
98,0.12,1.5666666666666669,1.33,0.569,0.569,1.2856106349233354,3.191489361702127,1.854610634923335,23.13000566043724,0.569,1.312191324178637,3.191489361702127,1.8811913241786369,22.449846244803037,0.02658068925530155,0.02658068925530155,0.02658068925530177,0.02658068925530177,-0.6801594156342041,0.6801594156342041,0.0044002785878305885,0.002796762887734715,0.9996405310839348,True,FULL,FULL_exp_d_rank_4
99,0.38,2.1775,5.29,3.8055,3.8055,4.8847712477868654,2.296211251435132,8.690271247786866,7.231167894086396,3.8055,3.4223753723006207,2.296211251435132,7.227875372300621,7.311452764136944,-1.4623958754862447,1.4623958754862447,-1.4623958754862452,1.4623958754862452,0.08028487005054785,0.08028487005054785,0.23694670517053631,0.1535093729104774,0.8940843658629186,True,FULL,FULL_exp_d_rank_4
100,1.12,3.865,15.69,14.2025,14.2025,9.330787016774106,1.2936610608020698,23.533287016774107,3.133851414322128,14.2025,17.318168673864996,1.2936610608020698,31.520668673864996,2.368282618744931,7.987381657090889,7.987381657090889,7.987381657090889,7.987381657090889,-0.765568795577197,0.765568795577197,0.33565267038050556,0.25016302493432474,0.9803618152615802,True,FULL,FULL_exp_d_rank_4
101,0.11,1.5599999999999998,1.19,0.5136666666666666,0.5136666666666666,1.0901897584596147,3.2051282051282053,1.6038564251262817,26.190812099681132,0.5136666666666666,1.135323398191184,3.2051282051282053,1.6489900648578508,25.42557209267724,0.045133639731569364,0.045133639731569364,0.04513363973156914,0.04513363973156914,-0.7652400070038929,0.7652400070038929,0.008668745886895361,0.005302368283097159,0.9981909735147055,True,FULL,FULL_exp_d_rank_4
102,0.33,2.175,5.38,4.15275,4.15275,3.3230952595070686,2.298850574712644,7.475845259507069,9.464816530487427,4.15275,1.527432511001357,2.298850574712644,5.680182511001357,11.031359596888365,-1.7956627485057117,1.7956627485057117,-1.7956627485057117,1.7956627485057117,1.5665430664009374,1.5665430664009374,0.28337319167145597,0.18369227135219407,0.8266983203968115,True,FULL,FULL_exp_d_rank_4
103,0.94,4.6125,15.17,14.2325,14.2325,3.230539541690666,1.0840108401084012,17.463039541690666,4.61254903129243,14.2325,0.5485830505206408,1.0840108401084012,14.78108305052064,6.492200675273577,-2.681956491170025,2.681956491170025,-2.681956491170025,2.681956491170025,1.8796516439811466,1.8796516439811466,0.35500863602022664,0.23664205043948067,0.9698098205194747,True,FULL,FULL_exp_d_rank_4
104,0.46,1.61,0.57,0.4153333333333333,0.4153333333333333,1.2195408766373736,3.105590062111801,1.634874209970707,5.380408458094788,0.4153333333333333,1.5102345231594962,3.105590062111801,1.9255678564928296,4.382469784410993,0.2906936465221226,0.2906936465221226,0.2906936465221226,0.2906936465221226,-0.9979386736837945,0.9979386736837945,0.03586473800683829,0.02099312383068344,0.840383378922815,True,FULL,FULL_exp_d_rank_4
106,6.69,7.0,11.06,11.03,11.03,6.769176332863529,0.7142857142857143,17.799176332863528,0.9707346090728766,11.03,95.4514643615104,0.7142857142857143,106.4814643615104,0.7348802704931958,88.68228802864688,88.68228802864688,88.68228802864688,88.68228802864688,-0.23585433857968074,0.23585433857968074,0.3366471203526946,0.1795013196135398,0.9716530609569031,True,FULL,FULL_exp_d_rank_4
107,0.15,1.5566666666666666,0.88,0.5103333333333334,0.5103333333333334,0.7081291518031402,3.211991434689508,1.2184624851364736,19.26598627033951,0.5103333333333334,0.7535378253348354,3.211991434689508,1.2638711586681688,18.236637527346527,0.0454086735316952,0.0454086735316952,0.0454086735316952,0.0454086735316952,-1.0293487429929833,1.0293487429929833,0.006838890897562019,0.004391389962223723,0.9970763530092729,True,FULL,FULL_exp_d_rank_4
108,0.24,2.175,5.1,3.69825,3.69825,2.8769666070220197,2.298850574712644,6.5752166070220195,13.53664985652516,3.69825,1.4333301593943402,2.298850574712644,5.13158015939434,15.588622082917768,-1.4436364476276795,1.4436364476276795,-1.4436364476276795,1.4436364476276795,2.051972226392607,2.051972226392607,0.2747440332238248,0.17110851643319638,0.8028162198271594,True,FULL,FULL_exp_d_rank_4
109,0.47,3.8575,14.84,13.285,13.285,3.275885261750222,1.2961762799740766,16.560885261750222,9.133208341560495,13.285,1.178303742826566,1.2961762799740766,14.463303742826566,11.224255585892797,-2.097581518923656,2.097581518923656,-2.097581518923656,2.097581518923656,2.0910472443323016,2.0910472443323016,0.37442298225308385,0.23206929781385655,0.9504588144648424,True,FULL,FULL_exp_d_rank_4
110,0.15,2.1675,1.23,0.6225,0.6225,0.9619833022068238,2.306805074971165,1.584483302206824,20.507804388385548,0.6225,0.6213184461185741,2.306805074971165,1.2438184461185742,21.954997657598017,-0.3406648560882497,0.3406648560882497,-0.3406648560882499,0.3406648560882499,1.4471932692124696,1.4471932692124696,0.07736929102698721,0.04622956653778255,0.8298388660209467,True,FULL,FULL_exp_d_rank_4
111,0.25,2.165,6.22,4.547499999999999,4.547499999999999,3.553532108811563,2.3094688221709005,8.101032108811562,12.896286747191096,4.547499999999999,3.2562865309099216,2.3094688221709005,7.803786530909921,12.58867575189195,-0.2972455779016414,0.2972455779016414,-0.2972455779016414,0.2972455779016414,-0.3076109952991466,0.3076109952991466,0.07591838848271225,0.04384718957960868,0.989968291532049,True,FULL,FULL_exp_d_rank_4
112,0.46,4.1075,18.37,16.2525,16.2525,4.204330792736471,1.217285453438831,20.456830792736472,9.296747223836368,16.2525,10.343713028891358,1.217285453438831,26.59621302889136,7.105678657200123,6.139382236154887,6.139382236154887,6.139382236154887,6.139382236154887,-2.191068566636245,2.191068566636245,1.0823410276367296,0.6736598381746611,0.7169170572780053,True,FULL,FULL_exp_d_rank_4
113,0.21,1.5599999999999998,0.72,0.5333333333333333,0.5333333333333333,0.4530839141628877,3.2051282051282053,0.9864172474962212,14.758619332850811,0.5333333333333333,0.6444262564009248,3.2051282051282053,1.177759589734258,12.592577300689335,0.1913423422380371,0.1913423422380371,0.19134234223803692,0.19134234223803692,-2.166042032161476,2.166042032161476,0.025540327129653952,0.016742912304408906,0.9201497109516515,True,FULL,FULL_exp_d_rank_4
114,0.46,2.215,4.54,3.755,3.755,3.0550946555112306,2.2573363431151243,6.8100946555112305,6.812602552841997,3.755,0.6812782689112149,2.2573363431151243,4.436278268911215,9.440975573450135,-2.3738163866000157,2.3738163866000157,-2.3738163866000157,2.3738163866000157,2.628373020608138,2.628373020608138,0.27559127366590086,0.1859151654879711,0.8011973369542404,True,FULL,FULL_exp_d_rank_4
115,3.02,4.84,14.29,13.226666666666668,13.226666666666668,67.62238227774218,1.0330578512396695,80.84904894440885,1.2379494369579531,13.226666666666668,54.25493787174471,1.0330578512396695,67.48160453841137,1.137058752317181,-13.367444405997468,13.367444405997468,-13.367444405997475,13.367444405997475,-0.10089068464077222,0.10089068464077222,1.5244359612653449,1.1335657652143745,0.6779207261098567,True,FULL,FULL_exp_d_rank_4
116,0.1,1.5533333333333337,1.16,0.5640000000000001,0.5640000000000001,0.912890584776652,3.218884120171673,1.476890584776652,31.1344826944979,0.5640000000000001,0.9196707899976024,3.218884120171673,1.4836707899976025,30.482726178814325,0.006780205220950464,0.006780205220950464,0.006780205220950464,0.006780205220950464,-0.6517565156835765,0.6517565156835765,0.0016352582686575124,0.0008915517592427113,0.9999179282278924,True,FULL,FULL_exp_d_rank_4
117,0.28,2.16,4.98,3.80875,3.80875,2.7207253448886286,2.314814814814815,6.5294753448886285,11.627647012732409,3.80875,0.8811909667687514,2.314814814814815,4.689940966768751,14.947328387967374,-1.8395343781198772,1.8395343781198772,-1.8395343781198772,1.8395343781198772,3.319681375234966,3.319681375234966,0.3157776730938858,0.19994655012138968,0.7283621685999646,True,FULL,FULL_exp_d_rank_4
118,0.84,3.88,14.83,12.9825,12.9825,7.331910697776193,1.288659793814433,20.314410697776193,4.123242699657944,12.9825,9.900463780940036,1.288659793814433,22.882963780940035,3.462814639911271,2.5685530831638435,2.5685530831638435,2.5685530831638417,2.5685530831638417,-0.6604280597466734,0.6604280597466734,0.2009725382525574,0.14263465510178114,0.9902691609678027,True,FULL,FULL_exp_d_rank_4
119,0.05,1.5533333333333337,1.06,0.4603333333333333,0.4603333333333333,0.7347138188950575,3.218884120171673,1.1950471522283908,76.69251608229672,0.4603333333333333,0.8276180245975087,3.218884120171673,1.287951357930842,75.04510366905525,0.09290420570245117,0.09290420570245117,0.09290420570245117,0.09290420570245117,-1.6474124132414687,1.6474124132414687,0.024068697017681995,0.013806639759870004,0.97887298523564,True,FULL,FULL_exp_d_rank_4
120,0.24,2.1675,5.34,3.634,3.634,3.551284821064535,2.306805074971165,7.185284821064535,12.76758648025316,3.634,2.9788213378470787,2.306805074971165,6.612821337847079,12.754850124486415,-0.5724634832174562,0.5724634832174562,-0.5724634832174562,0.5724634832174562,-0.012736355766744367,0.012736355766744367,0.12189127514388551,0.07417602779117156,0.968220639720484,True,FULL,FULL_exp_d_rank_4
121,0.58,3.8475,15.72,12.52,12.52,8.509190021060213,1.299545159194282,21.029190021060213,5.626700720273117,12.52,19.16480184649336,1.299545159194282,31.68480184649336,4.18115869756845,10.655611825433148,10.655611825433148,10.655611825433148,10.655611825433148,-1.4455420227046671,1.4455420227046671,1.3355392007148694,0.8940974083729907,0.5330796854497016,True,FULL,FULL_exp_d_rank_4
122,0.16,1.7866666666666664,1.46,0.5153333333333333,0.5153333333333333,1.791622665699797,2.7985074626865676,2.3069559990331303,15.27471027903135,0.5153333333333333,1.5928554967261888,2.7985074626865676,2.108188830059522,15.075145194805174,-0.19876716897360813,0.19876716897360813,-0.19876716897360813,0.19876716897360813,-0.19956508422617603,0.19956508422617603,0.043809660849401674,0.026413013460721602,0.9774611495466831,True,FULL,FULL_exp_d_rank_4
123,0.34,2.19,5.86,3.70375,3.70375,6.4076526447249105,2.2831050228310503,10.11140264472491,7.4904783908875965,3.70375,7.777532403762981,2.2831050228310503,11.48128240376298,6.510739122148477,1.3698797590380707,1.3698797590380707,1.3698797590380707,1.3698797590380707,-0.9797392687391193,0.9797392687391193,0.10962199918231674,0.07833848815001195,0.9839578464622143,True,FULL,FULL_exp_d_rank_4
124,0.72,3.9025,15.23,13.1975,13.1975,6.547895084347095,1.2812299807815504,19.745395084347095,4.922489465268678,13.1975,9.397784449546103,1.2812299807815504,22.595284449546103,4.122902332330862,2.849889365199008,2.849889365199008,2.849889365199008,2.849889365199008,-0.7995871329378161,0.7995871329378161,0.2664894961295214,0.18727207195532622,0.9818707992743524,True,FULL,FULL_exp_d_rank_4
125,0.13,1.5766666666666669,0.83,0.5316666666666667,0.5316666666666667,0.5110542316499418,3.1712473572938684,1.0427208983166083,25.070549134255213,0.5316666666666667,0.5675229262721375,3.1712473572938684,1.0991895929388042,23.74165971644537,0.056468694622195725,0.056468694622195725,0.05646869462219595,0.05646869462219595,-1.3288894178098438,1.3288894178098438,0.010692533901123567,0.006567269066332236,0.9898135140532789,True,FULL,FULL_exp_d_rank_4
127,2.99,4.513333333333333,16.39,14.923333333333332,14.923333333333332,140.10135047238424,1.1078286558345645,155.0246838057176,1.2549920885699382,14.923333333333332,113.29919961466996,1.1078286558345645,128.2225329480033,1.1664595582909412,-26.80215085771428,26.80215085771428,-26.80215085771428,26.80215085771428,-0.08853253027899699,0.08853253027899699,2.360616414317674,1.741957112652907,0.3968628840859024,True,FULL,FULL_exp_d_rank_4
128,0.22,1.5666666666666669,1.38,0.6789999999999999,0.6789999999999999,1.9691572578488556,3.191489361702127,2.6481572578488555,10.298464829923804,0.6789999999999999,1.6198206311532153,3.191489361702127,2.298820631153215,9.952454350328509,-0.34933662669564036,0.34933662669564036,-0.34933662669564036,0.34933662669564036,-0.34601047959529474,0.34601047959529474,0.06709549159099966,0.04195239666085838,0.9244922877190933,True,FULL,FULL_exp_d_rank_4
129,0.39,2.18,6.11,4.593,4.593,5.057943521426855,2.293577981651376,9.650943521426855,7.34235077378404,4.593,4.170485427187964,2.293577981651376,8.763485427187964,7.092124630364694,-0.887458094238891,0.887458094238891,-0.887458094238891,0.887458094238891,-0.25022614341934624,0.25022614341934624,0.18054945975363834,0.11154490425896565,0.9519783218482675,True,FULL,FULL_exp_d_rank_4
130,2.78,4.13,17.18,15.5675,15.5675,173.2142161184181,1.2106537530266344,188.7817161184181,1.354578535378103,15.5675,159.35621195351536,1.2106537530266344,174.92371195351535,1.2579738097266204,-13.858004164902752,13.858004164902752,-13.858004164902752,13.858004164902752,-0.09660472565148259,0.09660472565148259,2.6797255638965742,1.9699704176790231,0.2927866816780246,True,FULL,FULL_exp_d_rank_4
131,0.3,1.57,0.69,0.4403333333333333,0.4403333333333333,0.989606450202688,3.184713375796178,1.4299397835360212,7.9675990689291964,0.4403333333333333,1.098172900421965,3.184713375796178,1.5385062337552982,6.872460057088921,0.10856645021927691,0.10856645021927691,0.10856645021927691,0.10856645021927691,-1.095139011840275,1.095139011840275,0.01601449917667258,0.008250666535724456,0.9773424274526978,True,FULL,FULL_exp_d_rank_4
132,0.38,2.2025,4.61,3.49275,3.49275,3.5417527605950667,2.270147559591374,7.034502760595067,7.697329513236288,3.49275,1.388873558476778,2.270147559591374,4.881623558476778,9.284619040414048,-2.1528792021182888,2.1528792021182888,-2.1528792021182888,2.1528792021182888,1.5872895271777603,1.5872895271777603,0.30255769182122333,0.20072465564715863,0.755777375600525,True,FULL,FULL_exp_d_rank_4
133,0.58,3.89,14.25,12.71,12.71,3.870375185655917,1.2853470437017995,16.580375185655917,6.937928600833182,12.71,1.7287121432679573,1.2853470437017995,14.438712143267958,8.123806112532785,-2.1416630423879597,2.1416630423879597,-2.1416630423879592,2.1416630423879592,1.1858775116996032,1.1858775116996032,0.342131816777114,0.21597825348173166,0.9604587579605535,True,FULL,FULL_exp_d_rank_4
134,0.29,1.5933333333333335,0.81,0.6846666666666668,0.6846666666666668,0.4027161872827163,3.1380753138075312,1.087382853949383,11.679447292728767,0.6846666666666668,0.6666227274194019,3.1380753138075312,1.3512893940860686,9.333048976321985,0.2639065401366856,0.2639065401366856,0.2639065401366856,0.2639065401366856,-2.3463983164067823,2.3463983164067823,0.02468453817041083,0.017051290749162295,0.9448115152165942,True,FULL,FULL_exp_d_rank_4
136,2.48,4.18,15.4,14.19,14.19,62.34454554337887,1.1961722488038278,76.53454554337887,1.469660738779334,14.19,70.24173760203232,1.1961722488038278,84.43173760203231,1.3056909506774177,7.897192058653445,7.897192058653445,7.897192058653445,7.897192058653445,-0.1639697881019162,0.1639697881019162,1.5396238973339575,1.1275164659810888,0.7110313629489537,True,FULL,FULL_exp_d_rank_4
137,1.18,1.85,0.63,0.575,0.575,4.239497230710774,2.702702702702702,4.814497230710774,3.1309195303367727,0.575,5.933044749384187,2.702702702702702,6.5080447493841875,2.8158495409747695,1.6935475186734132,1.6935475186734132,1.6935475186734132,1.6935475186734132,-0.31506998936200326,0.31506998936200326,0.08243198928127657,0.06118612648259134,0.5085053099351087,True,FULL,FULL_exp_d_rank_4
138,0.99,2.6033333333333335,4.93,4.496666666666667,4.496666666666667,4.9592094785200045,1.9206145966709345,9.455876145186672,3.460965956174455,4.496666666666667,2.3185623281798655,1.9206145966709345,6.8152289948465326,3.6614490458503046,-2.640647150340139,2.640647150340139,-2.640647150340139,2.640647150340139,0.2004830896758496,0.2004830896758496,0.21200667834560788,0.15250878076904692,0.9336702154713792,True,FULL,FULL_exp_d_rank_4
139,1.92,4.2125,17.14,16.56,16.56,9.158812659704571,1.1869436201780414,25.71881265970457,2.22655990128023,16.56,37.027111443156485,1.1869436201780414,53.58711144315648,1.5021322561657056,27.868298783451912,27.868298783451912,27.86829878345191,27.86829878345191,-0.7244276451145244,0.7244276451145244,0.5371055418577586,0.3477061517006242,0.9693362122319127,True,FULL,FULL_exp_d_rank_4
140,0.42,1.7400000000000002,0.83,0.4525,0.4525,2.5886372580129136,2.8735632183908044,3.0411372580129137,4.84879553279124,0.4525,1.6259765814173646,2.8735632183908044,2.0784765814173647,4.554979484075163,-0.962660676595549,0.962660676595549,-0.962660676595549,0.962660676595549,-0.293816048716077,0.293816048716077,0.10731536202643528,0.07436911900794321,0.503349897100122,True,FULL,FULL_exp_d_rank_4
141,1.23,2.5733333333333337,4.22,4.026666666666666,4.026666666666666,3.714553371745124,1.94300518134715,7.74122003841179,3.22230726876678,4.026666666666666,3.751796372301613,1.94300518134715,7.77846303896828,2.8461354865169652,0.03724300055648877,0.03724300055648877,0.037243000556489214,0.037243000556489214,-0.37617178224981496,0.37617178224981496,0.15062380745439116,0.09572266443059493,0.9610886632968776,True,FULL,FULL_exp_d_rank_4
142,1.79,4.84,15.01,14.9025,14.9025,0.8901040923931092,1.0330578512396695,15.792604092393107,3.4546415460563873,14.9025,7.261190047722288,1.0330578512396695,22.163690047722287,2.035314031841816,6.371085955329179,6.371085955329179,6.37108595532918,6.37108595532918,-1.4193275142145714,1.4193275142145714,0.5284085578826678,0.32370037535706575,0.9507330496544756,True,FULL,FULL_exp_d_rank_4
143,0.33,1.5733333333333333,0.58,0.4766666666666666,0.4766666666666666,0.4098600862261488,3.1779661016949152,0.8865267528928155,9.368454028225154,0.4766666666666666,0.9124970988274228,3.1779661016949152,1.3891637654940894,6.721368048250861,0.502637012601274,0.502637012601274,0.5026370126012739,0.5026370126012739,-2.6470859799742925,2.6470859799742925,0.0327548953479295,0.023623754003872205,0.8295243612248149,True,FULL,FULL_exp_d_rank_4
144,0.43,2.1725,4.53,3.8975,3.8975,2.2412867147074325,2.3014959723820483,6.138786714707432,7.955893974394428,3.8975,0.0234777197410078,2.3014959723820483,3.920977719741008,19.128639647726885,-2.2178089949664246,2.2178089949664246,-2.2178089949664246,2.2178089949664246,11.172745673332457,11.172745673332457,0.2820412085613551,0.18949304568005015,0.7815748782452954,True,FULL,FULL_exp_d_rank_4
145,3.33,4.496666666666667,14.77,14.159999999999998,14.159999999999998,71.68575820940592,1.111934766493699,85.84575820940591,1.2931877819034847,14.159999999999998,95.24962655478052,1.111934766493699,109.40962655478052,1.1684413557103936,23.5638683453746,23.5638683453746,23.5638683453746,23.5638683453746,-0.12474642619309106,0.12474642619309106,1.3034100072512367,0.8986227948485049,0.7666607681807316,True,FULL,FULL_exp_d_rank_4
146,0.13,1.5599999999999998,0.68,0.5633333333333334,0.5633333333333334,0.1951982739754749,3.2051282051282053,0.7585316073088083,31.88575510060682,0.5633333333333334,0.3332079674986322,3.2051282051282053,0.8965413008319656,27.295488944553536,0.13800969352315728,0.13800969352315728,0.13800969352315728,0.13800969352315728,-4.590266156053282,4.590266156053282,0.02839795446692195,0.01722373822867191,0.8412387338391383,True,FULL,FULL_exp_d_rank_4
147,1.84,3.1775,4.39,3.69,3.69,48.191526905344915,1.5735641227380015,51.88152690534491,1.779339325853626,3.69,9.951791216444644,1.5735641227380015,13.641791216444645,1.8257585638706824,-38.23973568890027,38.23973568890027,-38.23973568890027,38.23973568890027,0.046419238017056275,0.046419238017056275,0.8413797783725883,0.6450432578170592,-0.02944790517721274,True,FULL,FULL_exp_d_rank_4
148,2.23,4.3774999999999995,15.49,14.875,14.875,14.10295307840756,1.142204454597373,28.97795307840756,1.8301286904573817,14.875,35.18521635938039,1.142204454597373,50.06021635938039,1.3875894297439466,21.082263280972832,21.082263280972832,21.082263280972832,21.082263280972832,-0.4425392607134351,0.4425392607134351,0.6079415959987966,0.3582159983361652,0.9547011057654647,True,FULL,FULL_exp_d_rank_4
149,0.18,1.5599999999999998,0.96,0.5433333333333333,0.5433333333333333,0.9264981470545324,3.2051282051282053,1.4698314803878656,14.731251978605432,0.5433333333333333,0.9041446694825264,3.2051282051282053,1.4474780028158598,14.01672847574204,-0.02235347757200601,0.02235347757200601,-0.022353477572005787,0.022353477572005787,-0.7145235028633916,0.7145235028633916,0.010672118093414997,0.005285635887667018,0.9946562129759878,True,FULL,FULL_exp_d_rank_4
150,0.4,2.175,5.29,4.25,4.25,3.4798658017251105,2.298850574712644,7.7298658017251105,7.755705088302538,4.25,1.3545541081177204,2.298850574712644,5.60455410811772,9.358920182059544,-2.12531169360739,2.12531169360739,-2.12531169360739,2.12531169360739,1.6032150937570062,1.6032150937570062,0.28666142693303714,0.19109759060696108,0.8311241781743695,True,FULL,FULL_exp_d_rank_4
151,0.99,3.6125,15.85,14.965,14.965,4.712295648967803,1.384083044982699,19.677295648967803,4.185634509215309,14.965,11.91614166961065,1.384083044982699,26.88114166961065,2.9807009038468273,7.203846020642846,7.203846020642846,7.203846020642846,7.203846020642846,-1.204933605368482,1.204933605368482,0.4085695818018453,0.3085053665518561,0.9705751530388865,True,FULL,FULL_exp_d_rank_4
152,1.16,1.9,0.64,0.54,0.54,8.918859589233094,2.6315789473684212,9.458859589233091,2.9158636476035604,0.54,5.534722653790638,2.6315789473684212,6.074722653790638,2.7496777035088753,-3.3841369354424558,3.3841369354424558,-3.384136935442453,3.384136935442453,-0.16618594409468512,0.16618594409468512,0.13568354282129771,0.10369025102274966,-0.19567666279597185,True,FULL,FULL_exp_d_rank_4
153,1.3,2.566666666666667,4.2,3.9333333333333336,3.9333333333333336,6.732843008196392,1.948051948051948,10.666176341529724,2.832743127876559,3.9333333333333336,5.096346506554571,1.948051948051948,9.029679839887905,2.6143403659065942,-1.6364965016418207,1.6364965016418207,-1.636496501641819,1.636496501641819,-0.21840276196996466,0.21840276196996466,0.23217659148786365,0.16244346021761047,0.907615474591202,True,FULL,FULL_exp_d_rank_4
155,0.56,1.5599999999999998,0.58,0.4766666666666666,0.4766666666666666,1.2430840918042927,3.2051282051282053,1.7197507584709593,5.0236277196711585,0.4766666666666666,1.9628767197099657,3.2051282051282053,2.439543386376632,3.9800041999765248,0.719792627905673,0.719792627905673,0.7197926279056728,0.7197926279056728,-1.0436235196946337,1.0436235196946337,0.03899417207083237,0.02378000698602888,0.8278907081109418,True,FULL,FULL_exp_d_rank_4
156,0.67,2.1775,4.06,3.745,3.745,2.1627193549790276,2.296211251435132,5.907719354979028,5.4890381882934465,3.745,0.7293954801010978,2.296211251435132,4.474395480101098,6.57333185547897,-1.4333238748779298,1.4333238748779298,-1.4333238748779298,1.4333238748779298,1.0842936671855234,1.0842936671855234,0.1165864842713525,0.08273747494913984,0.9662735411674721,True,FULL,FULL_exp_d_rank_4
157,1.32,3.9,14.36,13.5925,13.5925,6.126023681195667,1.2820512820512822,19.718523681195663,3.032176279008363,13.5925,10.779206132792453,1.2820512820512822,24.37170613279245,2.3634708537333564,4.653182451596786,4.653182451596786,4.653182451596788,4.653182451596788,-0.6687054252750064,0.6687054252750064,0.2861823885515975,0.17765606586966162,0.9849001408328173,True,FULL,FULL_exp_d_rank_4
158,0.17,1.6233333333333333,1.0,0.5720000000000001,0.5720000000000001,0.8749487231528226,3.080082135523614,1.4469487231528226,16.31818533574024,0.5720000000000001,0.8140728955934802,3.080082135523614,1.3860728955934802,15.845388723783426,-0.0608758275593424,0.0608758275593424,-0.0608758275593424,0.0608758275593424,-0.472796611956813,0.472796611956813,0.01562049470649306,0.009016276904506184,0.9888313794832375,True,FULL,FULL_exp_d_rank_4
159,0.32,2.1825,5.06,4.11975,4.11975,2.410582651104151,2.290950744558992,6.530332651104151,10.626543938716322,4.11975,0.199191915872305,2.290950744558992,4.318941915872305,18.41876304088387,-2.211390735231846,2.211390735231846,-2.211390735231846,2.211390735231846,7.792219102167548,7.792219102167548,0.34317315138173493,0.21842476804797406,0.6919043767571267,True,FULL,FULL_exp_d_rank_4
160,1.07,3.895,14.3,13.0025,13.0025,7.31537030166651,1.2836970474967908,20.31787030166651,3.3651116062820727,13.0025,9.15864190045026,1.2836970474967908,22.16114190045026,2.8573280790479765,1.8432715987837494,1.8432715987837494,1.8432715987837511,1.8432715987837511,-0.5077835272340963,0.5077835272340963,0.23008948553233222,0.12333967991911018,0.9884838066798468,True,FULL,FULL_exp_d_rank_4
161,0.1,1.5666666666666669,0.85,0.5843333333333334,0.5843333333333334,0.3978559436075378,3.191489361702127,0.9821892769408712,37.33548887229885,0.5843333333333334,0.413882355230877,3.191489361702127,0.9982156885642104,36.311960190536205,0.016026411623339232,0.016026411623339232,0.016026411623339176,0.016026411623339176,-1.0235286817626488,1.0235286817626488,0.0033125427509186267,0.0019906654983762343,0.9988506168231741,True,FULL,FULL_exp_d_rank_4
162,0.24,2.175,6.09,4.409,4.409,3.4511384121172206,2.298850574712644,7.86013841211722,13.515323404054092,4.409,3.034461654303305,2.298850574712644,7.443461654303305,13.37502523660275,-0.41667675781391544,0.41667675781391544,-0.41667675781391544,0.41667675781391544,-0.14029816745134127,0.14029816745134127,0.09474351420102436,0.056625052034725724,0.9835976567567313,True,FULL,FULL_exp_d_rank_4
163,0.5,3.8625,16.89,15.2325,15.2325,3.655467066441505,1.2944983818770228,18.887967066441504,8.601598077321363,15.2325,6.145519273536744,1.2944983818770228,21.378019273536744,7.22724872653486,2.4900522070952387,2.4900522070952387,2.490052207095239,2.490052207095239,-1.3743493507865026,1.3743493507865026,0.3903188686738277,0.24746777424062688,0.9599088971571286,True,FULL,FULL_exp_d_rank_4
164,0.07,1.5566666666666666,0.85,0.5843333333333334,0.5843333333333334,0.3510048045966245,3.211991434689508,0.935338137929958,59.36701870371923,0.5843333333333334,0.3464514240245542,3.211991434689508,0.9307847573578876,58.88254981062,-0.004553380572070276,0.004553380572070276,-0.004553380572070442,0.004553380572070442,-0.48446889309923336,0.48446889309923336,0.0013730319004172844,0.0007355119608079186,0.9997878856010124,True,FULL,FULL_exp_d_rank_4
165,0.23,2.1675,5.85,4.43275,4.43275,2.80147060168731,2.306805074971165,7.23422060168731,14.978792929839672,4.43275,1.4751279884213018,2.306805074971165,5.907877988421302,17.031869031120547,-1.326342613266008,1.326342613266008,-1.326342613266008,1.326342613266008,2.0530761012808743,2.0530761012808743,0.2584402196649251,0.159863882034833,0.8557577536983006,True,FULL,FULL_exp_d_rank_4
166,0.75,3.8625,16.87,15.795,15.795,3.4935563581594646,1.2944983818770228,19.288556358159465,5.80409010742513,15.795,7.106264919673576,1.2944983818770228,22.901264919673576,4.522794620794511,3.6127085615141112,3.6127085615141112,3.6127085615141112,3.6127085615141112,-1.2812954866306185,1.2812954866306185,0.3817251304936087,0.26380502620258883,0.9707690270435911,True,FULL,FULL_exp_d_rank_4
167,0.17,1.5599999999999998,0.8,0.5579999999999999,0.5579999999999999,0.4953159279041487,3.2051282051282053,1.0533159279041486,18.51576110820791,0.5579999999999999,0.5905018876040705,3.2051282051282053,1.1485018876040705,16.89705981421537,0.09518595969992183,0.09518595969992183,0.09518595969992183,0.09518595969992183,-1.6187012939925403,1.6187012939925403,0.01493096476435762,0.009480430997522674,0.9776720280610212,True,FULL,FULL_exp_d_rank_4
168,1.11,2.563333333333333,4.61,4.293333333333333,4.293333333333333,4.918051194692046,1.950585175552666,9.21138452802538,3.258019017990617,4.293333333333333,3.20235020994095,1.950585175552666,7.495683543274283,3.1479366483590927,-1.7157009847510958,1.7157009847510958,-1.7157009847510976,1.7157009847510976,-0.11008236963152429,0.11008236963152429,0.1925312028687227,0.13332170477153787,0.9427354988967741,True,FULL,FULL_exp_d_rank_4
169,3.93,4.553333333333334,16.61,16.513333333333332,16.513333333333332,14.198414912137522,1.0980966325036603,30.711748245470854,1.4757256498343354,16.513333333333332,190.116314334276,1.0980966325036603,206.6296476676093,1.125580809028197,175.91789942213848,175.91789942213848,175.91789942213845,175.91789942213845,-0.3501448408061385,0.3501448408061385,0.5792638282741326,0.3255495779721034,0.964313208693188,True,FULL,FULL_exp_d_rank_4
170,0.19,1.5533333333333337,0.76,0.5436666666666666,0.5436666666666666,0.4848535368761771,3.218884120171673,1.0285202035428438,16.275028887164293,0.5436666666666666,0.6257846499167065,3.218884120171673,1.169451316583373,14.392243797944996,0.14093111304052935,0.14093111304052935,0.1409311130405293,0.1409311130405293,-1.882785089219297,1.882785089219297,0.020310299348974662,0.013121155787962142,0.9548055103962998,True,FULL,FULL_exp_d_rank_4
172,1.88,4.13,15.76,14.8875,14.8875,14.997831291761866,1.2106537530266344,29.885331291761865,2.0220034481788933,14.8875,32.60950291368026,1.2106537530266344,47.49700291368026,1.537979092140062,17.611671621918394,17.611671621918394,17.611671621918397,17.611671621918397,-0.4840243560388313,0.4840243560388313,0.6009556950823418,0.34887915041907536,0.95405990537929,True,FULL,FULL_exp_d_rank_4
173,0.23,1.5666666666666669,0.81,0.5826666666666666,0.5826666666666666,0.6080845262035995,3.191489361702127,1.190751192870266,12.675105003139644,0.5826666666666666,0.726815173263036,3.191489361702127,1.3094818399297026,11.215508475925391,0.11873064705943648,0.11873064705943648,0.11873064705943648,0.11873064705943648,-1.4595965272142521,1.4595965272142521,0.012094976228898744,0.008339078751545605,0.9870506108569682,True,FULL,FULL_exp_d_rank_4
175,1.85,4.1125,17.29,16.4125,16.4125,14.29966321375646,1.21580547112462,30.71216321375646,2.100213453400296,16.4125,43.20729395616307,1.21580547112462,59.61979395616307,1.5052990291262462,28.90763074240661,28.90763074240661,28.90763074240661,28.90763074240661,-0.5949144242740498,0.5949144242740498,0.6082946369243563,0.3663512949417149,0.9607783478704168,True,FULL,FULL_exp_d_rank_4
176,0.65,1.5766666666666669,0.57,0.478,0.478,1.612273609680621,3.1712473572938684,2.090273609680621,4.48569879514461,0.478,2.4518751156062617,3.1712473572938684,2.929875115606262,3.669958041966087,0.8396015059256408,0.8396015059256408,0.839601505925641,0.839601505925641,-0.815740753178523,0.815740753178523,0.05061159829544254,0.03393757422226353,0.7217237113513215,True,FULL,FULL_exp_d_rank_4
177,1.47,2.6333333333333333,3.8,3.616,3.616,6.14964024424423,1.89873417721519,9.76564024424423,2.66832825839853,3.616,6.119062591558061,1.89873417721519,9.73506259155806,2.3635721412001356,-0.030577652686169188,0.030577652686169188,-0.030577652686169188,0.030577652686169188,-0.30475611719839435,0.30475611719839435,0.2061149140736257,0.1424511170490622,0.916175783448562,True,FULL,FULL_exp_d_rank_4
178,2.12,4.1575,13.69,12.965,12.965,17.833183532648366,1.2026458208057729,30.79818353264837,1.8070468059221405,12.965,27.50682220109351,1.2026458208057729,40.47182220109351,1.483943459134772,9.673638668445143,9.673638668445143,9.67363866844514,9.67363866844514,-0.3231033467873685,0.3231033467873685,0.6595481517628439,0.4178006895808529,0.9308741810870552,True,FULL,FULL_exp_d_rank_4
179,0.48,1.5666666666666669,0.88,0.6386666666666666,0.6386666666666666,2.2710172374402005,3.191489361702127,2.909683904106867,5.11752583659357,0.6386666666666666,1.850367356100299,3.191489361702127,2.4890340227669654,4.546405439549502,-0.42064988133990155,0.42064988133990155,-0.42064988133990155,0.42064988133990155,-0.5711203970440684,0.5711203970440684,0.08237230869843656,0.05577929752925125,0.6624570308234117,True,FULL,FULL_exp_d_rank_4
181,0.9,3.925,17.84,14.94,14.94,13.029435602700998,1.2738853503184715,27.969435602700997,3.4621547532157915,14.94,38.29435495027095,1.2738853503184715,53.23435495027095,2.2929735294519875,25.26491934756995,25.26491934756995,25.26491934756995,25.26491934756995,-1.169181223763804,1.169181223763804,1.2947122008943093,0.9573522233893658,0.733070608412209,True,FULL,FULL_exp_d_rank_4
182,0.22,1.49,0.66,0.4575,0.4575,0.5513217275318822,3.3557046979865772,1.0088217275318825,12.75282127395527,0.4575,0.7993258621154409,3.3557046979865772,1.256825862115441,10.671625438426908,0.24800413458355863,0.24800413458355863,0.2480041345835584,0.2480041345835584,-2.081195835528362,2.081195835528362,0.02768792277575034,0.018696693004789666,0.9037010678512186,True,FULL,FULL_exp_d_rank_4
183,1.93,3.1,4.22,4.0145,4.0145,10.822557992923612,1.6129032258064515,14.837057992923611,2.064879723343122,4.0145,8.897216102101543,1.6129032258064515,12.911716102101543,1.8872445446127049,-1.925341890822068,1.925341890822068,-1.925341890822068,1.925341890822068,-0.17763517873041734,0.17763517873041734,0.29759243727761475,0.21591638230181018,0.8635470720295269,True,FULL,FULL_exp_d_rank_4
184,3.98,4.75,15.12,14.85,14.85,45.661479023586836,1.0526315789473684,60.51147902358684,1.247654255784918,14.85,136.08113313463755,1.0526315789473684,150.93113313463755,1.08664521030772,90.41965411105072,90.41965411105072,90.4196541110507,90.4196541110507,-0.16100904547719797,0.16100904547719797,0.8774708875166373,0.5586565811766191,0.897888210901856,True,FULL,FULL_exp_d_rank_4
185,0.13,1.5666666666666669,1.09,0.5446666666666667,0.5446666666666667,0.9576325699215577,3.191489361702127,1.5022992365882244,21.905585532286455,0.5446666666666667,0.941077217278033,3.191489361702127,1.4857438839446997,21.309133693285936,-0.0165553526435247,0.0165553526435247,-0.0165553526435247,0.0165553526435247,-0.5964518390005189,0.5964518390005189,0.006318466076074379,0.003175565038194247,0.9986617534638825,True,FULL,FULL_exp_d_rank_4
186,0.28,2.1775,5.16,3.81425,3.81425,3.130431077528114,2.296211251435132,6.944681077528114,11.220553160809676,3.81425,1.5531324509471456,2.296211251435132,5.3673824509471455,12.885044639030223,-1.5772986265809683,1.5772986265809683,-1.5772986265809683,1.5772986265809683,1.6644914782205475,1.6644914782205475,0.27682158083569847,0.17565404199852686,0.813430036816482,True,FULL,FULL_exp_d_rank_4
187,0.7,3.88,16.09,11.71,11.71,14.993697153202367,1.288659793814433,26.70369715320237,3.931657649182005,11.71,42.2490986610004,1.288659793814433,53.9590986610004,2.6889139961983743,27.255401507798034,27.255401507798034,27.255401507798027,27.255401507798027,-1.2427436529836307,1.2427436529836307,2.231413437571268,1.5991868683445585,-0.011798393860522172,True,FULL,FULL_exp_d_rank_4
188,1.1,2.06,0.64,0.593,0.593,1.513280437089641,2.4271844660194173,2.1062804370896413,3.268679989536249,0.593,3.707442994998707,2.4271844660194173,4.300442994998707,2.6376777056786302,2.194162557909066,2.194162557909066,2.1941625579090656,2.1941625579090656,-0.6310022838576188,0.6310022838576188,0.046602284702442126,0.03153474731805869,0.8414044355000632,True,FULL,FULL_exp_d_rank_4
189,3.11,3.85,4.79,4.4285,4.4285,105.61771145632456,1.2987012987012987,110.04621145632456,1.3813754414682702,4.4285,24.430001696672267,1.2987012987012987,28.858501696672267,1.3692855511812991,-81.1877097596523,81.1877097596523,-81.1877097596523,81.1877097596523,-0.01208989028697105,0.01208989028697105,0.9066755144755227,0.6231379737875545,-0.058330811486482004,True,FULL,FULL_exp_d_rank_4
190,2.95,4.833333333333333,17.57,15.660000000000002,15.660000000000002,133.5433516563727,1.0344827586206895,149.2033516563727,1.194201194728314,15.660000000000002,113.16647700698736,1.0344827586206895,128.82647700698735,1.098891981698054,-20.37687464938533,20.37687464938533,-20.376874649385343,20.376874649385343,-0.09530921303025996,0.09530921303025996,2.587110202453126,1.9482360670588803,0.37771502609890373,True,FULL,FULL_exp_d_rank_4
191,0.1,1.64,1.15,0.5823333333333333,0.5823333333333333,0.8468851223123651,3.048780487804878,1.4292184556456984,32.276683117014976,0.5823333333333333,0.7850027220559018,3.048780487804878,1.367336055389235,32.15698534068788,-0.0618824002564633,0.0618824002564633,-0.0618824002564633,0.0618824002564633,-0.11969777632709366,0.11969777632709366,0.01525595142561588,0.008900382276013781,0.9921529679558451,True,FULL,FULL_exp_d_rank_4
192,0.26,2.06,5.06,2.78625,2.78625,5.537602820988881,2.4271844660194173,8.323852820988881,9.67711986223781,2.78625,8.062141584517047,2.4271844660194173,10.848391584517046,8.295907527875835,2.5245387635281658,2.5245387635281658,2.524538763528165,2.524538763528165,-1.3812123343619742,1.3812123343619742,0.340489691241631,0.22700987888584137,0.8198127678154563,True,FULL,FULL_exp_d_rank_4
193,0.48,3.91,15.79,12.4225,12.4225,7.40432598861948,1.278772378516624,19.82682598861948,7.151633571136485,12.4225,16.840412400927118,1.278772378516624,29.262912400927117,5.4502200204893345,9.436086412307638,9.436086412307638,9.436086412307638,9.436086412307638,-1.7014135506471506,1.7014135506471506,1.498711812375226,0.9656485189094248,0.3520361306722195,True,FULL,FULL_exp_d_rank_4
194,0.47,1.5599999999999998,0.9,0.6583333333333333,0.6583333333333333,2.1587521490528645,3.2051282051282053,2.8170854823861977,5.267358968714256,0.6583333333333333,1.799738816985181,3.2051282051282053,2.458072150318514,4.668643851469777,-0.3590133320676836,0.3590133320676836,-0.3590133320676836,0.3590133320676836,-0.5987151172444793,0.5987151172444793,0.07835471339117281,0.05248531843263222,0.7026791401488387,True,FULL,FULL_exp_d_rank_4
195,0.49,2.1875,5.79,4.2505,4.2505,7.336962282580967,2.2857142857142856,11.587462282580969,5.320972461121309,4.2505,5.700113379660537,2.2857142857142856,9.950613379660536,5.034083929910488,-1.6368489029204305,1.6368489029204305,-1.6368489029204323,1.6368489029204323,-0.28688853121082136,0.28688853121082136,0.2892777753673117,0.18582081661313307,0.8830364351944421,True,FULL,FULL_exp_d_rank_4
196,1.09,3.86,17.51,14.9375,14.9375,16.553387035413166,1.2953367875647668,31.490887035413166,2.8169440230151195,14.9375,43.0626549132654,1.2953367875647668,58.0001549132654,1.9383003571373456,26.50926787785223,26.50926787785223,26.50926787785223,26.50926787785223,-0.8786436658777739,0.8786436658777739,0.6233958191796057,0.5092506910533355,0.9439706778002753,True,FULL,FULL_exp_d_rank_4
197,0.14,2.0725,0.99,0.65575,0.65575,0.5146811885872504,2.4125452352231607,1.1704311885872505,25.510159206488257,0.65575,0.3420177139705908,2.4125452352231607,0.9977677139705908,27.421976878755203,-0.17266347461665965,0.17266347461665965,-0.17266347461665965,0.17266347461665965,1.9118176722669453,1.9118176722669453,0.039726605966658134,0.02362450452089735,0.8879928110490948,True,FULL,FULL_exp_d_rank_4
199,2.66,4.3725000000000005,17.29,16.490000000000002,16.490000000000002,37.39926722177272,1.1435105774728416,53.88926722177272,1.504191322919805,16.490000000000002,86.87670599686768,1.1435105774728416,103.36670599686768,1.2389960769879969,49.47743877509497,49.47743877509497,49.47743877509496,49.47743877509496,-0.2651952459318081,0.2651952459318081,1.1371780904534357,0.7841365822448461,0.8808945728284777,True,FULL,FULL_exp_d_rank_4
200,1.09,1.85,0.51,0.452,0.452,3.5013968656521643,2.702702702702702,3.953396865652164,3.161464776235545,0.452,4.690042688612075,2.702702702702702,5.142042688612075,2.82902130454269,1.1886458229599106,1.1886458229599106,1.188645822959911,1.188645822959911,-0.3324434716928546,0.3324434716928546,0.07241539103877535,0.05409183986845259,0.4107021096360347,True,FULL,FULL_exp_d_rank_4
202,5.68,6.0,13.66,13.51,13.51,45.684267603740025,0.8333333333333334,59.19426760374002,0.9611956816495174,13.51,148.68948572631825,0.8333333333333334,162.19948572631824,0.8526862942776211,103.00521812257823,103.00521812257823,103.00521812257821,103.00521812257821,-0.1085093873718963,0.1085093873718963,0.7205617401326417,0.43796774612076605,0.9112210738767735,True,FULL,FULL_exp_d_rank_4
203,8.16,15.0,0.64,0.4826666666666666,0.4826666666666666,11.163229285157737,0.3333333333333333,11.645895951824402,0.3680224492093827,0.4826666666666666,1.2887976494269924,0.3333333333333333,1.771464316093659,0.3922666066144867,-9.874431635730744,9.874431635730744,-9.874431635730742,9.874431635730742,0.024244157405103994,0.024244157405103994,0.16871910708161209,0.13022810899740342,-0.6706091827269851,True,FULL,FULL_exp_d_rank_4
204,9.63,15.0,1.15,0.9263333333333332,0.9263333333333332,31.67109901569681,0.3333333333333333,32.59743234903014,0.356302565715436,0.9263333333333332,2.9643905237724555,0.3333333333333333,3.890723857105789,0.3733408789088543,-28.706708491924356,28.706708491924356,-28.706708491924353,28.706708491924353,0.01703831319341831,0.01703831319341831,0.3352591509417876,0.25704439733977497,-0.828214186990839,True,FULL,FULL_exp_d_rank_4
205,8.17,15.0,1.67,1.391,1.391,14.757831874738754,0.3333333333333333,16.148831874738754,0.3859250855203011,1.391,2.342231928834121,0.3333333333333333,3.733231928834121,0.4181353074773388,-12.415599945904633,12.415599945904633,-12.415599945904633,12.415599945904633,0.03221022195703771,0.03221022195703771,0.2948252072185553,0.22624967945256422,0.0861952018766452,True,FULL,FULL_exp_d_rank_4
206,7.68,15.0,2.36,1.9943333333333333,1.9943333333333333,14.016889640854824,0.3333333333333333,16.011222974188158,0.404258783461519,1.9943333333333333,2.08968398886059,0.3333333333333333,4.084017322193923,0.4635093586598517,-11.927205651994235,11.927205651994235,-11.927205651994235,11.927205651994235,0.05925057519833271,0.05925057519833271,0.3397215358328148,0.2606021023637776,0.3544646717106791,True,FULL,FULL_exp_d_rank_4
207,12.65,17.5,2.87,2.478,2.478,85.54466261294648,0.2857142857142857,88.02266261294648,0.3027127732951231,2.478,6.6143678348615484,0.2857142857142857,9.092367834861548,0.3197695826544413,-78.93029477808493,78.93029477808493,-78.93029477808493,78.93029477808493,0.017056809359318192,0.017056809359318192,0.7436224494652668,0.5413554127451566,-0.5903434797546232,True,FULL,FULL_exp_d_rank_4
209,0.55,3.75,0.015,0.014,0.014,0.0024195869070291,1.3333333333333333,0.0164195869070291,8.395940887010124,0.014,0.0687616486930597,1.3333333333333333,0.0827616486930597,3.339763293696941,0.0663420617860306,0.0663420617860306,0.0663420617860306,0.0663420617860306,-5.0561775933131825,5.0561775933131825,0.008404422468500311,0.005666296818505236,-20.76330815192364,True,FULL,FULL_exp_d_rank_4
210,0.73,3.75,0.017,0.0155,0.0155,0.0049950016940742,1.3333333333333333,0.0204950016940742,5.436911505105911,0.0155,0.0399474605007451,1.3333333333333333,0.0554474605007451,2.7976965735408488,0.0349524588066709,0.0349524588066709,0.0349524588066709,0.0349524588066709,-2.6392149315650624,2.6392149315650624,0.0030326628898076293,0.0021366089689801165,-0.8146051614857921,True,FULL,FULL_exp_d_rank_4
211,0.73,3.75,0.031,0.0205,0.0205,0.0421170527109933,1.3333333333333333,0.0626170527109933,3.3538139443417307,0.0205,0.2230252699406819,1.3333333333333333,0.2435252699406819,2.0288311179342813,0.18090821722968858,0.18090821722968858,0.1809082172296886,0.1809082172296886,-1.3249828264074495,1.3249828264074495,0.00957176567030971,0.007194734182215386,-3.196856776776592,True,FULL,FULL_exp_d_rank_4
212,0.56,4.25,0.032,0.0305,0.0305,0.0032729190185453,1.1764705882352942,0.0337729190185453,9.217143579218789,0.0305,0.2500538827137915,1.1764705882352942,0.2805538827137915,3.1284485454710547,0.24678096369524619,0.24678096369524619,0.2467809636952462,0.2467809636952462,-6.088695033747734,6.088695033747734,0.03460913329292715,0.022975628769319894,-85.91851970908955,True,FULL,FULL_exp_d_rank_4
213,0.61,4.25,0.036,0.032,0.032,0.0097117896904809,1.1764705882352942,0.0417117896904809,6.613265489413038,0.032,0.2713344972288766,1.1764705882352942,0.3033344972288766,2.7528911317894735,0.26162270753839567,0.26162270753839567,0.2616227075383957,0.2616227075383957,-3.8603743576235647,3.8603743576235647,0.032420076106104284,0.021993885392702715,-56.014014550102004,True,FULL,FULL_exp_d_rank_4
214,0.8,4.25,0.041,0.0365,0.0365,0.0146135447707714,1.1764705882352942,0.0511135447707714,4.687843076991533,0.0365,0.2440664660399618,1.1764705882352942,0.2805664660399619,2.036694998705838,0.2294529212691904,0.2294529212691904,0.22945292126919048,0.22945292126919048,-2.6511480782856953,2.6511480782856953,0.01749836352203107,0.012635777563137858,-9.65181585944357,True,FULL,FULL_exp_d_rank_4
215,0.85,4.25,0.053,0.0412499999999999,0.0412499999999999,0.0449535990108785,1.1764705882352942,0.0862035990108784,3.4008265344224067,0.0412499999999999,0.3404114771110943,1.1764705882352942,0.3816614771110942,1.832224386199028,0.29545787810021584,0.29545787810021584,0.29545787810021584,0.29545787810021584,-1.5686021482233787,1.5686021482233787,0.016935533627803364,0.012617968830578176,-4.4312281787088255,True,FULL,FULL_exp_d_rank_4
216,1.18,4.75,0.072,0.06875,0.06875,0.0144953537063408,1.0526315789473684,0.0832453537063408,3.803418428356459,0.06875,0.3434300829545397,1.0526315789473684,0.4121800829545397,1.5169298557932631,0.3289347292481989,0.3289347292481989,0.3289347292481989,0.3289347292481989,-2.286488572563196,2.286488572563196,0.013876430071035752,0.010400644352292538,-0.7759684125720023,True,FULL,FULL_exp_d_rank_4
217,1.07,4.75,0.082,0.07425,0.07425,0.0316745022212473,1.0526315789473684,0.1059245022212473,3.494012368300583,0.07425,0.4178152030112691,1.0526315789473684,0.4920652030112691,1.5923294228515432,0.38614070079002183,0.38614070079002183,0.38614070079002183,0.38614070079002183,-1.9016829454490398,1.9016829454490398,0.019508992870955172,0.014583192102222706,-1.906282114109752,True,FULL,FULL_exp_d_rank_4
218,0.99,4.75,0.091,0.0815,0.0815,0.0350845623553453,1.0526315789473684,0.1165845623553453,3.740061038065954,0.0815,0.4633755998369859,1.0526315789473684,0.544875599836986,1.7011438263095473,0.4282910374816406,0.4282910374816406,0.42829103748164066,0.42829103748164066,-2.0389172117564067,2.0389172117564067,0.026492082114703653,0.019506253798484748,-3.608143474010811,True,FULL,FULL_exp_d_rank_4
219,1.33,4.75,0.123,0.109,0.109,0.0845437839006371,1.0526315789473684,0.1935437839006371,2.512415047002486,0.109,0.5971404068932221,1.0526315789473684,0.7061404068932221,1.3850307020461794,0.512596622992585,0.512596622992585,0.512596622992585,0.512596622992585,-1.1273843449563068,1.1273843449563068,0.011683682490144606,0.009140653892077603,0.6011116729781012,True,FULL,FULL_exp_d_rank_4
220,0.57,3.0,0.057,0.045,0.045,0.0423378142666348,1.6666666666666667,0.0873378142666348,5.252909248352316,0.045,0.5112121070788719,1.6666666666666667,0.5562121070788719,2.583989534541566,0.4688742928122371,0.4688742928122371,0.46887429281223714,0.46887429281223714,-2.6689197138107503,2.6689197138107503,0.02939666316669154,0.02169047534857791,-13.786611016883146,True,FULL,FULL_exp_d_rank_4
221,0.74,3.0,0.052,0.0426666666666666,0.0426666666666666,0.0483380999196384,1.6666666666666667,0.091004766586305,3.990648101805694,0.0426666666666666,0.4499475110094516,1.6666666666666667,0.4926141776761182,2.103937052348892,0.4016094110898132,0.4016094110898132,0.4016094110898132,0.4016094110898132,-1.8867110494568018,1.8867110494568018,0.009838979662747955,0.007725711627262492,-0.7182591961352593,True,FULL,FULL_exp_d_rank_4
222,1.17,3.75,0.042,0.037,0.037,0.0379972465016185,1.3333333333333333,0.0749972465016185,2.7555455668379523,0.037,0.1828246722626574,1.3333333333333333,0.2198246722626574,1.6969872221888669,0.14482742576103888,0.14482742576103888,0.1448274257610389,0.1448274257610389,-1.0585583446490854,1.0585583446490854,0.0020256466991100566,0.0016851517869271961,0.9041439289846698,True,FULL,FULL_exp_d_rank_4
224,0.75,3.5,0.022,0.02125,0.02125,0.0026705992767688,1.4285714285714286,0.0239205992767688,6.637578410976577,0.02125,0.0821269372400772,1.4285714285714286,0.1033769372400773,2.460089679137788,0.07945633796330841,0.07945633796330841,0.07945633796330849,0.07945633796330849,-4.177488731838789,4.177488731838789,0.0053790096502238415,0.003875650586395222,-2.2228441111510864,True,FULL,FULL_exp_d_rank_4
225,1.15,3.5,0.021,0.02,0.02,0.0073958891535081,1.4285714285714286,0.0273958891535081,3.6113543932907137,0.02,0.0095918361835907,1.4285714285714286,0.0295918361835907,3.0747857378696564,0.0021959470300825998,0.0021959470300825998,0.0021959470300825998,0.0021959470300825998,-0.5365686554210574,0.5365686554210574,0.00034011080073319364,0.00017395122497785063,0.9898159411719896,True,FULL,FULL_exp_d_rank_4
226,1.1,3.5,0.02,0.01925,0.01925,0.004956977641193,1.4285714285714286,0.024206977641193,4.054827267846036,0.01925,0.0086266536569551,1.4285714285714286,0.0278766536569551,3.2390646392558513,0.0036696760157620993,0.0036696760157620993,0.0036696760157621,0.0036696760157621,-0.8157626285901851,0.8157626285901851,0.00032326275169408864,0.0001982207216423745,0.9894765721187542,True,FULL,FULL_exp_d_rank_4
228,0.7,3.0,0.059,0.0456666666666666,0.0456666666666666,0.0656740182268081,1.6666666666666667,0.1113406848934747,3.9285722676402535,0.0456666666666666,0.5189113382388325,1.6666666666666667,0.5645780049054991,2.152782524616287,0.45323732001202444,0.45323732001202444,0.45323732001202444,0.45323732001202444,-1.7757897430239664,1.7757897430239664,0.012684529717927764,0.009925301986156026,-1.222820993541243,True,FULL,FULL_exp_d_rank_4
229,0.8,3.75,0.039,0.03775,0.03775,0.0044128695173391,1.3333333333333333,0.0421628695173391,6.31959788609588,0.03775,0.2349075467540867,1.3333333333333333,0.2726575467540867,2.0686038718986626,0.2304946772367476,0.2304946772367476,0.2304946772367476,0.2304946772367476,-4.250994014197218,4.250994014197218,0.013665238484556764,0.010015406599096282,-5.65832362264843,True,FULL,FULL_exp_d_rank_4
230,1.1,3.75,0.031,0.03025,0.03025,0.004226216061608,1.3333333333333333,0.034476216061608,4.574641618565765,0.03025,0.0834766786258434,1.3333333333333333,0.1137266786258434,1.968731651550495,0.0792504625642354,0.0792504625642354,0.0792504625642354,0.0792504625642354,-2.6059099670152697,2.6059099670152697,0.0028146201853923693,0.0021692231637788577,0.6432124034964728,True,FULL,FULL_exp_d_rank_4
234,0.99,3.0,0.523,0.4803333333333333,0.4803333333333333,0.3422582854093307,1.6666666666666667,0.822591618742664,3.6102895519762694,0.4803333333333333,1.3234472678835372,1.6666666666666667,1.8037806012168704,2.308504016622298,0.9811889824742065,0.9811889824742065,0.9811889824742065,0.9811889824742065,-1.3017855353539716,1.3017855353539716,0.018584961471636866,0.015349321335099732,0.9506650261960103,True,FULL,FULL_exp_d_rank_4
235,1.49,3.0,0.929,0.87,0.87,1.3911680147990315,1.6666666666666667,2.261168014799032,2.4688599946843404,0.87,2.9808499172428777,1.6666666666666667,3.850849917242878,1.940698827340331,1.5896819024438462,1.5896819024438462,1.589681902443846,1.589681902443846,-0.5281611673440094,0.5281611673440094,0.04932461334869937,0.030737885887000205,0.9140232943187613,True,FULL,FULL_exp_d_rank_4
236,2.48,3.5,1.278,1.2245,1.2245,4.974718816480315,1.4285714285714286,6.199218816480315,1.7047169871616714,1.2245,7.871377454523086,1.4285714285714286,9.095877454523086,1.5089436468049746,2.896658638042771,2.896658638042771,2.896658638042771,2.896658638042771,-0.1957733403566968,0.1957733403566968,0.10422898672661275,0.07239768844921157,0.8061741935692337,True,FULL,FULL_exp_d_rank_4
238,1.16,3.0,0.606,0.5299999999999999,0.5299999999999999,0.9995028593983644,1.6666666666666667,1.5295028593983642,2.6762963684092975,0.5299999999999999,1.78999749937861,1.6666666666666667,2.31999749937861,2.0821008743671676,0.7904946399802457,0.7904946399802457,0.7904946399802457,0.7904946399802457,-0.5941954940421299,0.5941954940421299,0.03241153525805547,0.01916113638930885,0.8961049548427324,True,FULL,FULL_exp_d_rank_4
239,2.0,3.5,0.785,0.745,0.745,1.4880839300345443,1.4285714285714286,2.2330839300345446,1.9471028822830023,0.745,3.867629860779937,1.4285714285714286,4.612629860779937,1.5609638345319303,2.379545930745393,2.379545930745393,2.3795459307453926,2.3795459307453926,-0.386139047751072,0.386139047751072,0.04844368418879521,0.0322677857562173,0.8920868960098988,True,FULL,FULL_exp_d_rank_4
240,1.84,3.0,1.067,0.9266666666666667,0.9266666666666667,11.34965538746409,1.6666666666666667,12.276322054130755,1.8769974838423913,0.9266666666666667,5.513656073379839,1.6666666666666667,6.440322740046506,1.7898496697259654,-5.83599931408425,5.83599931408425,-5.835999314084249,5.835999314084249,-0.08714781411642591,0.08714781411642591,0.19200757302622964,0.1462525607270903,0.0966894744618193,True,FULL,FULL_exp_d_rank_4
241,2.5,3.5,1.53,1.435,1.435,11.191062390354295,1.4285714285714286,12.626062390354296,1.6206039521105755,1.435,8.657018455775836,1.4285714285714286,10.092018455775836,1.5128491310527663,-2.5340439345784596,2.5340439345784596,-2.5340439345784596,2.5340439345784596,-0.1077548210578092,0.1077548210578092,0.18106020070241002,0.12889504278660957,0.5787905403620938,True,FULL,FULL_exp_d_rank_4
242,1.28,13.0,0.381,0.236,0.236,0.2798827945510767,0.3846153846153846,0.5158827945510767,2.332154177278262,0.236,0.4428949429739557,0.3846153846153846,0.6788949429739557,2.0103675997522257,0.16301214842287903,0.16301214842287903,0.16301214842287903,0.16301214842287903,-0.32178657752603623,0.32178657752603623,0.029641539822417042,0.01866214616619411,0.67282039168315,True,FULL,FULL_exp_d_rank_4
244,2.29,13.0,30.401,2.493,2.493,191.4872115140508,0.3846153846153846,193.9802115140508,0.5794840127037909,2.493,72.41418794058444,0.3846153846153846,74.90718794058444,0.5749873731098843,-119.07302357346637,119.07302357346637,-119.07302357346637,119.07302357346637,-0.0044966395939065595,0.0044966395939065595,8.829551600069344,6.366639384682336,0.1366834533601966,True,FULL,FULL_exp_d_rank_4
246,0.34,13.0,0.306,0.104,0.104,0.238125551076079,0.3846153846153846,0.342125551076079,11.465962069935722,0.104,0.6238270160466471,0.3846153846153846,0.7278270160466471,10.589108708713386,0.3857014649705681,0.3857014649705681,0.3857014649705681,0.3857014649705681,-0.8768533612223361,0.8768533612223361,0.10219517033642579,0.05813421211679905,-2.644847852655495,True,FULL,FULL_exp_d_rank_4
250,0.1,15.0,0.367,0.136,0.136,0.2402542971419538,0.3333333333333333,0.3762542971419538,56.09759499434641,0.136,0.5624401853747625,0.3333333333333333,0.6984401853747625,53.23163173985248,0.3221858882328087,0.3221858882328087,0.3221858882328087,0.3221858882328087,-2.865963254493927,2.865963254493927,0.08782372704041964,0.049344621245554325,-1.3966693777836863,True,FULL,FULL_exp_d_rank_4
254,0.42,15.0,0.464,0.223,0.223,0.286841251907236,0.3333333333333333,0.509841251907236,9.785018691865965,0.223,0.4312338620508746,0.3333333333333333,0.6542338620508746,9.23412492957413,0.14439261014363863,0.14439261014363863,0.1443926101436387,0.1443926101436387,-0.5508937622918353,0.5508937622918353,0.0380323886736673,0.021684391082819228,0.6793401312714511,True,FULL,FULL_exp_d_rank_4
255,1.34,15.0,1.532,0.812,0.812,1.3202731944591186,0.3333333333333333,2.1322731944591187,2.118955632610797,0.812,0.036141323579984,0.3333333333333333,0.8481413235799841,4.656005363073942,-1.2841318708791347,1.2841318708791347,-1.2841318708791345,1.2841318708791345,2.537049730463145,2.537049730463145,0.26130589122554193,0.15948401267378437,-0.2410526073845778,True,FULL,FULL_exp_d_rank_4
258,2.09,15.0,55.263,3.813,3.813,190.18212243089908,0.3333333333333333,193.99512243089907,0.7174733228095233,3.813,816.9833280940907,0.3333333333333333,820.7963280940907,0.6685864766529651,626.8012056631916,626.8012056631916,626.8012056631916,626.8012056631916,-0.04888684615655814,0.04888684615655814,70.47502965005401,48.52418040184309,-15.925628208409194,True,FULL,FULL_exp_d_rank_4
284,0.27,1.6652089623887931,2.655,1.3036485066778338,1.3036485066778338,4.61028992899217,3.002626164602998,5.913938435670004,7.913618795998358,1.3036485066778338,4.282610028392017,3.002626164602998,5.586258535069851,7.253560446676295,-0.3276799006001534,0.3276799006001534,-0.3276799006001534,0.3276799006001534,-0.6600583493220631,0.6600583493220631,0.1075420561765004,0.0625723480633176,0.9506378277501656,True,FULL,FULL_exp_d_rank_4
285,0.5,3.083720300719987,2.417,0.6555920235894309,0.6555920235894309,7.127781251237852,1.621418128885619,7.783373274827283,3.420782268328867,0.6555920235894309,2.394687482311828,1.621418128885619,3.050279505901259,3.818483529811153,-4.7330937689260235,4.7330937689260235,-4.7330937689260235,4.7330937689260235,0.3977012614822857,0.3977012614822857,0.5357828799209519,0.3688706250248969,0.19976469434196575,True,FULL,FULL_exp_d_rank_4
286,0.88,5.4273477292671775,5.477,2.848434309388562,2.848434309388562,8.806082929225237,0.9212603005031926,11.6545172386138,2.5046228694450243,2.848434309388562,0.7037760003191766,0.9212603005031926,3.5522103097077387,4.584360931225547,-8.10230692890606,8.10230692890606,-8.10230692890606,8.10230692890606,2.0797380617805223,2.0797380617805223,1.0647868395829976,0.714735603570899,-0.23797925986974233,True,FULL,FULL_exp_d_rank_4
287,0.29,1.7885577744175924,3.214,1.959240530267265,1.959240530267265,3.9894927128527247,2.7955484980786536,5.94873324311999,8.412171305906568,1.959240530267265,3.2115552418959172,2.7955484980786536,5.170795772163182,8.110899097390034,-0.7779374709568074,0.7779374709568074,-0.7779374709568074,0.7779374709568074,-0.3012722085165347,0.3012722085165347,0.14640058519211804,0.09204320285580435,0.912286903860549,True,FULL,FULL_exp_d_rank_4
288,0.44,2.7136738646335887,3.179,1.959240530267265,1.959240530267265,3.8637545585443656,1.8425206010063853,5.822995088811631,5.589277438658442,1.959240530267265,1.1110358187195688,1.8425206010063853,3.070276348986834,7.27332469492,-2.7527187398247968,2.7527187398247968,-2.7527187398247968,2.7527187398247968,1.6840472562615583,1.6840472562615583,0.3813491213448373,0.2542093226781403,0.38049413198801063,True,FULL,FULL_exp_d_rank_4
289,0.44,2.7136738646335887,5.856,2.848434309388562,2.848434309388562,10.290924987900752,1.8425206010063853,13.139359297289314,4.832563228905287,2.848434309388562,9.31926284294399,1.8425206010063853,12.167697152332552,4.455476622539215,-0.9716621449567615,0.9716621449567615,-0.9716621449567615,0.9716621449567615,-0.3770866063660723,0.3770866063660723,0.262672831375072,0.15692105514028978,0.9402763672239198,True,FULL,FULL_exp_d_rank_4
291,0.42,2.590325052604789,4.293,1.959240530267265,1.959240530267265,8.144262348078403,1.9302596772447849,10.103502878345669,4.906645401620717,1.959240530267265,5.1630795620840075,1.9302596772447849,7.122320092351273,4.927668593359827,-2.9811827859943953,2.9811827859943953,-2.9811827859943962,2.9811827859943962,0.021023191739109492,0.021023191739109492,0.42766669762629617,0.2834354664788475,0.7301341519502127,True,FULL,FULL_exp_d_rank_4
292,0.27,1.6652089623887931,1.816,0.6555920235894309,0.6555920235894309,4.340373544875488,3.002626164602998,4.99596556846492,6.93036783035678,0.6555920235894309,3.288803381967297,3.002626164602998,3.944395405556728,6.583628621667729,-1.0515701629081913,1.0515701629081913,-1.0515701629081917,1.0515701629081917,-0.3467392086890513,0.3467392086890513,0.1655643062886375,0.10825052900441091,0.8277442414865621,True,FULL,FULL_exp_d_rank_4
293,0.55,3.392092330791986,3.752,1.3488617496840016,1.3488617496840016,8.999404803617814,1.4740164808051082,10.348266553301816,3.397073578572742,1.3488617496840016,3.0450789737922745,1.4740164808051082,4.393940723476276,3.918336036516175,-5.95432582982554,5.95432582982554,-5.95432582982554,5.95432582982554,0.5212624579434331,0.5212624579434331,0.720763429855993,0.49165269595833405,0.2384099865017839,True,FULL,FULL_exp_d_rank_4
295,1.2,7.400928721727968,0.0307,0.0217962758401608,0.0217962758401608,0.0268208917452208,0.6755908870356747,0.0486171675853816,2.3157906832156443,0.0217962758401608,0.0647727254865384,0.6755908870356747,0.0865690013266992,1.672920725991881,0.037951833741317595,0.037951833741317595,0.0379518337413176,0.0379518337413176,-0.6428699572237633,0.6428699572237633,0.003892082663112726,0.0027087748146763526,0.1323468421476378,True,FULL,FULL_exp_d_rank_4
296,2.0,12.334881202879949,0.131,0.0508579769603752,0.0508579769603752,0.2935284290129898,0.4053545322214048,0.344386405973365,0.9614433155844516,0.0508579769603752,0.4532862762951581,0.4053545322214048,0.5041442532555334,0.7958449957513045,0.1597578472821683,0.1597578472821683,0.15975784728216835,0.15975784728216835,-0.1655983198331471,0.1655983198331471,0.010282770928935517,0.007583011837610014,0.8622096643845027,True,FULL,FULL_exp_d_rank_4
297,1.8,11.101393082591954,0.046,0.0145308505601072,0.0145308505601072,0.1222071066849876,0.4503939246904497,0.1367379572450948,0.9937795159488002,0.0145308505601072,0.2418400485606291,0.4503939246904497,0.2563708991207363,0.8063911470158497,0.1196329418756415,0.1196329418756415,0.1196329418756415,0.1196329418756415,-0.18738836893295052,0.18738836893295052,0.008224859529570869,0.006047556037513593,0.41424665748421297,True,FULL,FULL_exp_d_rank_4
302,0.75,4.625580451079981,0.055,0.0153092991217785,0.0153092991217785,0.1595143577214117,1.080945419257079,0.1748236568431902,2.2969478423570417,0.0153092991217785,0.6575982241158611,1.080945419257079,0.6729075232376396,1.7665650998554308,0.4980838663944494,0.4980838663944494,0.49808386639444935,0.49808386639444935,-0.530382742501611,0.530382742501611,0.036579043354784894,0.026550403008063966,-6.337718060101862,True,FULL,FULL_exp_d_rank_4
303,0.91,5.612370947310377,0.041,0.0153092991217785,0.0153092991217785,0.0951653865132687,0.8908890818052851,0.1104746856350472,2.0818876302589207,0.0153092991217785,0.369126701535437,0.8908890818052851,0.3844360006572155,1.529412843216143,0.27396131502216825,0.27396131502216825,0.2739613150221683,0.2739613150221683,-0.5524747870427777,0.5524747870427777,0.021186959799710886,0.015325257448580288,-4.728258243619394,True,FULL,FULL_exp_d_rank_4
304,1.87,11.533113924692753,0.046,0.0153092991217785,0.0153092991217785,0.1174680513670647,0.4335342590603259,0.1327773504888432,0.9728764088168116,0.0153092991217785,0.204235666839003,0.4335342590603259,0.2195449659607815,0.7994067841003053,0.08676761547193829,0.08676761547193829,0.08676761547193829,0.08676761547193829,-0.1734696247165063,0.1734696247165063,0.005724701524541942,0.004229993243668675,0.7029522968902404,True,FULL,FULL_exp_d_rank_4
305,2.17,13.383346105124744,0.042,0.0153092991217785,0.0153092991217785,0.0995579974430193,0.373598647208668,0.1148672965647978,0.8653228395367738,0.0153092991217785,0.1033866509169305,0.373598647208668,0.118695950038709,0.7712687580574971,0.0038286534739112033,0.0038286534739112033,0.0038286534739112033,0.0038286534739112033,-0.09405408147927674,0.09405408147927674,0.0013629118790277849,0.0006861206122722209,0.9779642864486789,True,FULL,FULL_exp_d_rank_4
311,1.45,8.942788872087963,1.14,0.7935883525311068,0.7935883525311068,1.051107361858608,0.5591096996157306,1.844695714389715,1.879665749713435,0.7935883525311068,0.2676012664082831,0.5591096996157306,1.06118961893939,2.5578981449449394,-0.7835060954503249,0.7835060954503249,-0.783506095450325,0.783506095450325,0.6782323952315044,0.6782323952315044,0.111437871738249,0.07367213164672103,0.49904199594394183,True,FULL,FULL_exp_d_rank_4
316,1.1,6.784184661583972,1.23,0.5909609098097346,0.5909609098097346,2.195000047586552,0.7370082404025541,2.7859609573962865,1.920963652491806,0.5909609098097346,0.592723501125614,0.7370082404025541,1.1836844109353486,2.4624302214747824,-1.6022765464609379,1.6022765464609379,-1.6022765464609379,1.6022765464609379,0.5414665689829765,0.5414665689829765,0.20741127207058888,0.1400436670540512,0.1705161189993003,True,FULL,FULL_exp_d_rank_4
317,0.75,4.625580451079981,0.94,0.7727950359050375,0.7727950359050375,0.4751593936736535,1.080945419257079,1.247954429578691,4.459377299507828,0.7727950359050375,0.3207171643447841,1.080945419257079,1.0935122002498217,4.666495733507783,-0.15444222932886942,0.15444222932886942,-0.15444222932886942,0.15444222932886942,0.20711843399995455,0.20711843399995455,0.02582319684380418,0.016610048945761912,0.9522275701549467,True,FULL,FULL_exp_d_rank_4
321,1.5,9.25116090215996,2.94,0.5553062574145964,0.5553062574145964,10.568278952724356,0.5404727096285398,11.123585210138952,1.04691166819964,0.5553062574145964,1.106269928280337,0.5404727096285398,1.6615761856949334,1.4858559584498838,-9.462009024444018,9.462009024444018,-9.462009024444018,9.462009024444018,0.43894429025024384,0.43894429025024384,0.9775258762237756,0.6816963199924146,-0.4646380372925203,True,FULL,FULL_exp_d_rank_4
323,1.7,10.484649022447956,7.35,2.2212250296583855,2.2212250296583855,20.160376750419932,0.4768876849663586,22.381601780078316,1.0379375597762583,2.2212250296583855,0.9546732099960136,0.4768876849663586,3.175898239654399,2.038437386363074,-19.20570354042392,19.20570354042392,-19.20570354042392,19.20570354042392,1.0004998265868157,1.0004998265868157,2.2206132850543927,1.524459903270976,-0.6123944074632302,True,FULL,FULL_exp_d_rank_4
327,0.1,0.6167440601439975,0.08,0.0796743371481683,0.0796743371481683,0.0008090983306987,8.107090644428094,0.080483435478867,77.68977402204777,0.0796743371481683,0.8242743876092054,8.107090644428094,0.9039487247573736,15.530359566307377,0.8234652892785066,0.8234652892785066,0.8234652892785066,0.8234652892785066,-62.1594144557404,62.1594144557404,0.08149433000355481,0.056771259965522465,-75.34582486537579,True,FULL,FULL_exp_d_rank_4
329,1.2,7.400928721727968,0.024,0.0202072594216368,0.0202072594216368,0.010665146237602,0.6755908870356747,0.0308724056592388,2.9023919692701785,0.0202072594216368,0.0168726249311686,0.6755908870356747,0.0370798843528054,2.3817426919372937,0.006207478693566601,0.006207478693566601,0.006207478693566602,0.006207478693566602,-0.5206492773328848,0.5206492773328848,0.0007033022639315579,0.0004711668508820438,0.944974425429032,True,FULL,FULL_exp_d_rank_4
330,1.1,6.784184661583972,0.025,0.0202072594216368,0.0202072594216368,0.0137190748784508,0.7370082404025541,0.0339263343000876,2.9611290302817843,0.0202072594216368,0.0365204902858692,0.7370082404025541,0.056727749707506,2.081006200184291,0.0228014154074184,0.0228014154074184,0.022801415407418396,0.022801415407418396,-0.8801228300974935,0.8801228300974935,0.0025844571270672067,0.0017601085111552631,0.331126981519541,True,FULL,FULL_exp_d_rank_4
331,1.25,7.709300751799968,0.047,0.0398371685740841,0.0398371685740841,0.0200809505252075,0.6485672515542477,0.0599181190992916,2.820311710406355,0.0398371685740841,0.1302156090232949,0.6485672515542477,0.170052777597379,1.5686806219417428,0.1101346584980874,0.1101346584980874,0.1101346584980874,0.1101346584980874,-1.251631088464612,1.251631088464612,0.012300741024460514,0.008456373146101117,-3.400520136588061,True,FULL,FULL_exp_d_rank_4
332,1.2,7.400928721727968,0.05,0.0398371685740841,0.0398371685740841,0.0292663957131568,0.6755908870356747,0.0691035642872409,2.6576864448773354,0.0398371685740841,0.1675800437013692,0.6755908870356747,0.2074172122754533,1.5398733012778896,0.13831364798821238,0.13831364798821238,0.13831364798821238,0.13831364798821238,-1.1178131435994458,1.1178131435994458,0.014750332867265827,0.010232647458391714,-4.385600153626409,True,FULL,FULL_exp_d_rank_4
333,1.6,9.86790496230396,0.093,0.0796743371481683,0.0796743371481683,0.0371742575975103,0.5066931652767559,0.1168485947456786,2.2486028629786348,0.0796743371481683,0.2348459028167043,0.5066931652767559,0.3145202399648726,1.2572554429987273,0.197671645219194,0.197671645219194,0.197671645219194,0.197671645219194,-0.9913474199799075,0.9913474199799075,0.022385371215333284,0.01534173345949047,-2.7351821067042645,True,FULL,FULL_exp_d_rank_4
334,2.5,15.418601503599936,0.1,0.0796743371481683,0.0796743371481683,0.0585327914263222,0.3242836257771238,0.1382071285744905,1.275689493540873,0.0796743371481683,0.1158203777478633,0.3242836257771238,0.1954947148960316,0.9733174692354956,0.0572875863215411,0.0572875863215411,0.0572875863215411,0.0572875863215411,-0.30237202430537735,0.30237202430537735,0.006361433844685828,0.004309017134518064,0.7495733732996026,True,FULL,FULL_exp_d_rank_4
335,1.8,11.101393082591954,0.233,0.1991858428704208,0.1991858428704208,0.0944249962521731,0.4503939246904497,0.2936108391225939,1.9904398436807709,0.1991858428704208,0.3969698047971793,0.4503939246904497,0.5961556476676001,1.238081124001433,0.3025448085450062,0.3025448085450062,0.3025448085450062,0.3025448085450062,-0.7523587196793378,0.7523587196793378,0.035346842624530236,0.024002656985231616,-0.4827395089409905,True,FULL,FULL_exp_d_rank_4
336,4.0,24.669762405759897,0.251,0.1991858428704208,0.1991858428704208,0.1494580982300445,0.2026772661107024,0.3486439411004653,0.792806515114832,0.1991858428704208,0.1563171504939274,0.2026772661107024,0.3555029933643482,0.727635164288328,0.006859052263882892,0.006859052263882892,0.006859052263882892,0.006859052263882892,-0.06517135082650405,0.06517135082650405,0.0021636034026260064,0.0009752461844138949,0.9954175356646113,True,FULL,FULL_exp_d_rank_4
337,1.13,6.96920787962717,0.045,0.0153092991217785,0.0153092991217785,0.1129415099906837,0.7174416499493891,0.1282508091124622,1.6219045254507285,0.0153092991217785,0.3622478756884987,0.7174416499493891,0.3775571748102772,1.2340217291905953,0.249306365697815,0.249306365697815,0.24930636569781497,0.24930636569781497,-0.3878827962601332,0.3878827962601332,0.018775513312422828,0.013627631186786147,-2.4068480815477726,True,FULL,FULL_exp_d_rank_4
338,1.74,10.731346646505555,0.033,0.0153092991217785,0.0153092991217785,0.0614267591501006,0.4659247496797756,0.0767360582718792,1.1936384711708052,0.0153092991217785,0.0543253862952755,0.4659247496797756,0.069634685417054,1.104828371810764,-0.007101372854825101,0.007101372854825101,-0.007101372854825191,0.007101372854825191,-0.08881009936004114,0.08881009936004114,0.001684820814473823,0.0010284871622592172,0.9275449682402297,True,FULL,FULL_exp_d_rank_4
339,2.13,13.136648481067144,0.035,0.0153092991217785,0.0153092991217785,0.0696089127687665,0.3806145842454505,0.084918211890545,0.9488333573269884,0.0153092991217785,0.0373541961218999,0.3806145842454505,0.0526634952436785,0.991252977776278,-0.032254716646866605,0.032254716646866605,-0.03225471664686651,0.03225471664686651,0.0424196204492896,0.0424196204492896,0.004332247768135025,0.0029046886830452773,0.6056696099358984,True,FULL,FULL_exp_d_rank_4
341,1.13,6.96920787962717,0.055,0.0153092991217785,0.0153092991217785,0.1595143577209842,0.7174416499493891,0.1748236568427627,1.524522904222498,0.0153092991217785,0.5397721409244769,0.7174416499493891,0.5550814400462554,1.1899785362323478,0.3802577832034927,0.3802577832034927,0.3802577832034927,0.3802577832034927,-0.3345443679901501,0.3345443679901501,0.027684304743917226,0.020134584197275117,-3.2030405172553023,True,FULL,FULL_exp_d_rank_4
342,1.22,7.524277533756768,0.039,0.0153092991217785,0.0153092991217785,0.0864894320112215,0.6645156265924669,0.101798731133,1.5829859963913084,0.0153092991217785,0.2311548818056661,0.6645156265924669,0.2464641809274446,1.2047800751885769,0.1446654497944446,0.1446654497944446,0.1446654497944446,0.1446654497944446,-0.37820592120273155,0.37820592120273155,0.01117826372356243,0.008105179565675403,-0.8597554944524388,True,FULL,FULL_exp_d_rank_4
343,1.45,8.942788872087963,0.034,0.0153092991217785,0.0153092991217785,0.0654950286258003,0.5591096996157306,0.0808043277475788,1.4123161332544465,0.0153092991217785,0.1049743243946949,0.5591096996157306,0.1202836235164735,1.1508906809137482,0.0394792957688946,0.0394792957688946,0.039479295768894695,0.039479295768894695,-0.26142545234069825,0.26142545234069825,0.0028155613047285586,0.0020526547062051396,0.8168001986658759,True,FULL,FULL_exp_d_rank_4
345,0.6,3.700464360863984,0.062,0.0153092991217785,0.0153092991217785,0.1936315334445874,1.3511817740713494,0.2089408325663659,2.78103428223211,0.0153092991217785,0.7940545535982405,1.3511817740713494,0.809363852720019,2.181066146512498,0.6004230201536531,0.6004230201536531,0.6004230201536531,0.6004230201536531,-0.599968135719612,0.599968135719612,0.04346642163534323,0.03157514821272644,-6.519783751277676,True,FULL,FULL_exp_d_rank_4
346,0.7,4.317208421007981,0.05,0.0153092991217785,0.0153092991217785,0.1358772828198478,1.1581558063468709,0.1511865819416263,2.530764500816095,0.0153092991217785,0.6039643726215631,1.1581558063468709,0.6192736717433416,1.9043955891326936,0.4680870898017153,0.4680870898017153,0.4680870898017153,0.4680870898017153,-0.6263689116834013,0.6263689116834013,0.034907021833755054,0.025300921867763032,-7.701311390284625,True,FULL,FULL_exp_d_rank_4
347,0.9,5.550696541295977,0.034,0.0153092991217785,0.0153092991217785,0.0654950141480271,0.9007878493808994,0.0808043132698056,2.275398701589776,0.0153092991217785,0.2499770210934243,0.9007878493808994,0.2652863202152029,1.6166726696488782,0.18448200694539718,0.18448200694539718,0.1844820069453973,0.1844820069453973,-0.6587260319408978,0.6587260319408978,0.015024789673032867,0.010816315188996416,-4.216891870564892,True,FULL,FULL_exp_d_rank_4
348,1.8,11.101393082591954,0.027,0.0153092991217785,0.0153092991217785,0.038082793731829,0.4503939246904497,0.0533920928536075,1.2897687725693818,0.0153092991217785,0.0076914316243554,0.4503939246904497,0.0230007307461339,1.8412145934103148,-0.030391362107473598,0.030391362107473598,-0.030391362107473598,0.030391362107473598,0.551445820840933,0.551445820840933,0.004092979789709248,0.0027413739685332662,0.13772480472768267,True,FULL,FULL_exp_d_rank_4
349,1.13,6.96920787962717,0.043,0.0153092991217785,0.0153092991217785,0.1039855497101338,0.7174416499493891,0.1192948488319123,1.6477168177591195,0.0153092991217785,0.3268515607755806,0.7174416499493891,0.3421608598973591,1.247543006106908,0.2228660110654468,0.2228660110654468,0.22286601106544682,0.22286601106544682,-0.40017381165221155,0.40017381165221155,0.01694433597907316,0.01229054972604975,-2.1739347688606787,True,FULL,FULL_exp_d_rank_4
350,1.37,8.449393623972766,0.041,0.0153092991217785,0.0153092991217785,0.0951653865075495,0.591758441199131,0.110474685629328,1.3828596668882291,0.0153092991217785,0.225262838376575,0.591758441199131,0.2405721374983535,1.0765634103986526,0.1300974518690255,0.1300974518690255,0.1300974518690255,0.1300974518690255,-0.3062962564895766,0.3062962564895766,0.009767294701022172,0.007108636034316675,-0.21740165203630446,True,FULL,FULL_exp_d_rank_4
351,1.67,10.299625804404757,0.032,0.0153092991217785,0.0153092991217785,0.057405854043788,0.4854545296064728,0.0727151531655665,1.2626030593869657,0.0153092991217785,0.0524677837105729,0.4854545296064728,0.0677770828323515,1.160771464156674,-0.004938070333215097,0.004938070333215097,-0.004938070333215,0.004938070333215,-0.10183159523029173,0.10183159523029173,0.0014173896420119343,0.0008409444044543226,0.9431091805019683,True,FULL,FULL_exp_d_rank_4
353,0.9,5.550696541295977,0.037,0.0153092991217785,0.0153092991217785,0.0779670989319231,0.9007878493808994,0.0932763980537016,2.192227389199339,0.0153092991217785,0.3025888691273629,0.9007878493808994,0.3178981682491414,1.579908305651197,0.22462177019543977,0.22462177019543977,0.22462177019543983,0.22462177019543983,-0.6123190835481418,0.6123190835481418,0.0178338035803431,0.012869452576316673,-4.586370603267311,True,FULL,FULL_exp_d_rank_4
354,1.05,6.475812631511974,0.032,0.0153092991217785,0.0153092991217785,0.0574058541682785,0.7721038708979138,0.0727151532900571,2.0081400996379837,0.0153092991217785,0.166408902542184,0.7721038708979138,0.1817182016639625,1.4676075552482382,0.10900304837390548,0.10900304837390548,0.1090030483739054,0.1090030483739054,-0.5405325443897455,0.5405325443897455,0.009062485906853358,0.006516695000759583,-1.3257250392357243,True,FULL,FULL_exp_d_rank_4
355,1.15,7.09255669165597,0.028,0.0153092991217785,0.0153092991217785,0.0418356081862674,0.7049644038633127,0.0571449073080459,1.9734344433232216,0.0153092991217785,0.0853584223785742,0.7049644038633127,0.1006677215003527,1.5118288798015336,0.0435228141923068,0.0435228141923068,0.0435228141923068,0.0435228141923068,-0.461605563521688,0.461605563521688,0.003745065183608833,0.002678513913205582,0.3667246145156594,True,FULL,FULL_exp_d_rank_4
356,1.4,8.634416842015963,0.024,0.0153092991217785,0.0153092991217785,0.0272042150777216,0.5790779031734354,0.0425135141995001,1.8037445140554815,0.0153092991217785,0.0152986236173212,0.5790779031734354,0.0306079227390997,1.9368458051056336,-0.0119055914604004,0.0119055914604004,-0.011905591460400398,0.011905591460400398,0.13310129105015212,0.13310129105015212,0.001775031787482482,0.0011689648148998852,0.7506592533264408,True,FULL,FULL_exp_d_rank_4
357,0.75,4.625580451079981,0.028,0.0153092991217785,0.0153092991217785,0.0418356081843982,1.080945419257079,0.0571449073061767,3.0259328132395527,0.0153092991217785,0.2057670927177034,1.080945419257079,0.2210763918394819,1.9910946029776688,0.1639314845333052,0.1639314845333052,0.16393148453330522,0.16393148453330522,-1.0348382102618838,1.0348382102618838,0.014183631735785884,0.01013631811997557,-8.083406270985442,True,FULL,FULL_exp_d_rank_4
358,1.15,7.09255669165597,0.026,0.0153092991217785,0.0153092991217785,0.0343911653190034,0.7049644038633127,0.0497004644407819,2.0699745048837284,0.0153092991217785,0.0618948750985599,0.7049644038633127,0.0772041742203384,1.621424658409162,0.027503709779556497,0.027503709779556497,0.027503709779556504,0.027503709779556504,-0.4485498464745663,0.4485498464745663,0.002409734088117007,0.0017123574789165393,0.6571518557914142,True,FULL,FULL_exp_d_rank_4
359,1.1,6.784184661583972,0.024,0.0153092991217785,0.0153092991217785,0.0272042141314279,0.7370082404025541,0.0425135132532064,2.2956749282231264,0.0153092991217785,0.0487687092748504,0.7370082404025541,0.0640780083966289,1.7938624172933502,0.0215644951434225,0.0215644951434225,0.0215644951434225,0.0215644951434225,-0.5018125109297762,0.5018125109297762,0.0019911027645223792,0.001401157090114177,0.6862611208423816,True,FULL,FULL_exp_d_rank_4
360,1.2,7.400928721727968,0.022,0.0153092991217785,0.0153092991217785,0.0203041095024898,0.6755908870356747,0.0356134086242683,2.2704692840433656,0.0153092991217785,0.0188911557986872,0.6755908870356747,0.0342004549204657,2.125265312733169,-0.001412953703802601,0.001412953703802601,-0.001412953703802601,0.001412953703802601,-0.1452039713101967,0.1452039713101967,0.00047863340194052287,0.00026636940287299573,0.9751991353801249,True,FULL,FULL_exp_d_rank_4
